module,ID,Description,GeneRatio,BgRatio,RichFactor,FoldEnrichment,zScore,pvalue,p.adjust,qvalue,geneID,Count
1,GO:1903035,negative regulation of response to wounding,10/65,101/18986,0.09900990099009901,28.920030464584922,16.489520097239303,1.6163517645924241e-12,1.2630253760607652e-9,9.302486153463928e-10,APCS/TFPI/PROC/CPB2/PROS1/PLG/KLKB1/SERPINF2/F12/PTPRS,10
1,GO:0030193,regulation of blood coagulation,9/65,69/18986,0.13043478260869565,38.09899665551839,18.094663616841768,1.7515125720833498e-12,1.2630253760607652e-9,9.302486153463928e-10,F7/TFPI/PROC/CPB2/PROS1/PLG/KLKB1/SERPINF2/F12,9
1,GO:1900046,regulation of hemostasis,9/65,71/18986,0.1267605633802817,37.02578548212351,17.82499416687402,2.289471980774801e-12,1.2630253760607652e-9,9.302486153463928e-10,F7/TFPI/PROC/CPB2/PROS1/PLG/KLKB1/SERPINF2/F12,9
1,GO:0050818,regulation of coagulation,9/65,76/18986,0.11842105263157894,34.58987854251012,17.197265707138733,4.321776092062311e-12,1.5977399490481317e-9,1.1767739615186752e-9,F7/TFPI/PROC/CPB2/PROS1/PLG/KLKB1/SERPINF2/F12,9
1,GO:0061045,negative regulation of wound healing,9/65,78/18986,0.11538461538461539,33.70295857988165,16.962954026074197,5.502708037700825e-12,1.5977399490481317e-9,1.1767739615186752e-9,APCS/TFPI/PROC/CPB2/PROS1/PLG/KLKB1/SERPINF2/F12,9
1,GO:0030195,negative regulation of blood coagulation,8/65,50/18986,0.16,46.73476923076923,18.97917402460696,5.7924106914131665e-12,1.5977399490481317e-9,1.1767739615186752e-9,TFPI/PROC/CPB2/PROS1/PLG/KLKB1/SERPINF2/F12,8
1,GO:1900047,negative regulation of hemostasis,8/65,51/18986,0.1568627450980392,45.8184012066365,18.784460635777762,6.85171662256187e-12,1.619941572905699e-9,1.1931259923197963e-9,TFPI/PROC/CPB2/PROS1/PLG/KLKB1/SERPINF2/F12,8
1,GO:0050819,negative regulation of coagulation,8/65,54/18986,0.14814814814814814,43.272934472934466,18.232699096248606,1.110616777432729e-11,2.297588458313958e-9,1.6922292477198688e-9,TFPI/PROC/CPB2/PROS1/PLG/KLKB1/SERPINF2/F12,8
1,GO:1903034,regulation of response to wounding,11/65,181/18986,0.06077348066298342,17.751466213344667,13.272275270406894,2.4938694120001523e-11,4.585948752066946e-9,3.377661729937049e-9,APCS/F7/TFPI/PROC/CPB2/PROS1/PLG/KLKB1/SERPINF2/F12/PTPRS,11
1,GO:0061041,regulation of wound healing,10/65,140/18986,0.07142857142857142,20.863736263736264,13.82627851421087,4.353018402247397e-11,7.204245455719442e-9,5.30610032610788e-9,APCS/F7/TFPI/PROC/CPB2/PROS1/PLG/KLKB1/SERPINF2/F12,10
1,GO:0042060,wound healing,14/65,444/18986,0.03153153153153153,9.21011781011781,10.260121930096005,2.453426903751993e-10,3.69129229609959e-8,2.7187256981290028e-8,APCS/CCN1/F7/ERBB3/TFPI/PROC/F10/CPB2/PROS1/PLG/KLKB1/SERPINF2/ITGA2/F12,14
1,GO:0042730,fibrinolysis,6/65,27/18986,0.2222222222222222,64.9094017094017,19.477304634962046,3.55651735592304e-10,4.905030186710526e-8,3.612672893121825e-8,CPB2/PROS1/PLG/KLKB1/SERPINF2/F12,6
1,GO:0007596,blood coagulation,11/65,234/18986,0.04700854700854701,13.730834976988822,11.484998859105103,3.9288539738545e-10,5.001733328253229e-8,3.683897086415799e-8,F7/TFPI/PROC/F10/CPB2/PROS1/PLG/KLKB1/SERPINF2/ITGA2/F12,11
1,GO:0007599,hemostasis,11/65,241/18986,0.04564315352697095,13.332014044047238,11.292490808829008,5.372051265105414e-10,5.927163229166307e-8,4.3654985017488214e-8,F7/TFPI/PROC/F10/CPB2/PROS1/PLG/KLKB1/SERPINF2/ITGA2/F12,11
1,GO:0050817,coagulation,11/65,241/18986,0.04564315352697095,13.332014044047238,11.292490808829008,5.372051265105414e-10,5.927163229166307e-8,4.3654985017488214e-8,F7/TFPI/PROC/F10/CPB2/PROS1/PLG/KLKB1/SERPINF2/ITGA2/F12,11
1,GO:0032102,negative regulation of response to external stimulus,13/65,437/18986,0.029748283752860413,8.689244851258582,9.531342912425316,2.3592147803244686e-9,2.4403127883981223e-7,1.797349155010352e-7,LDLR/APCS/TFPI/PROC/PLA2G10/CPB2/PROS1/PLG/KLKB1/SERPINF2/F12/GHRL/PTPRS,13
1,GO:0051917,regulation of fibrinolysis,5/65,18/18986,0.2777777777777778,81.13675213675214,19.93641912101384,3.3281817529280433e-9,3.240082824174066e-7,2.386399052563885e-7,CPB2/PLG/KLKB1/SERPINF2/F12,5
1,GO:0050878,regulation of body fluid levels,12/65,381/18986,0.031496062992125984,9.199757722592368,9.476295772368118,5.549132159403671e-9,5.102118735451708e-7,3.757833357069855e-7,F7/TFPI/PROC/F10/CPB2/PROS1/PLG/KLKB1/SERPINF2/EGFR/ITGA2/F12,12
1,GO:0016485,protein processing,10/65,246/18986,0.04065040650406504,11.873671044402752,10.061179259125987,1.0646729112047977e-8,9.27386141075758e-7,6.830422333380365e-7,PLA2G7/F7/P4HB/BCHE/CPB2/PLG/PCSK9/KLKB1/SERPINF2/F12,10
1,GO:0097006,regulation of plasma lipoprotein particle levels,7/65,91/18986,0.07692307692307693,22.46863905325444,12.032107366324707,2.553128077326141e-8,2.1127134839873817e-6,1.5560643755493007e-6,LDLR/PLA2G7/APOM/APOC1/LCAT/PLA2G10/PCSK9,7
1,GO:0030194,positive regulation of blood coagulation,5/65,27/18986,0.18518518518518517,54.091168091168086,16.180293144342404,3.062373275022329e-8,2.3037398955281615e-6,1.6967599294142857e-6,F7/CPB2/PLG/SERPINF2/F12,5
1,GO:1900048,positive regulation of hemostasis,5/65,27/18986,0.18518518518518517,54.091168091168086,16.180293144342404,3.062373275022329e-8,2.3037398955281615e-6,1.6967599294142857e-6,F7/CPB2/PLG/SERPINF2/F12,5
1,GO:0050820,positive regulation of coagulation,5/65,31/18986,0.16129032258064516,47.111662531017366,15.05981613113467,6.377726188697599e-8,4.589189931432403e-6,3.380048936618682e-6,F7/CPB2/PLG/SERPINF2/F12,5
1,GO:0034368,protein-lipid complex remodeling,5/65,33/18986,0.15151515151515152,44.25641025641026,14.576672633547405,8.861736058512073e-8,5.866469270734993e-6,4.320795939266097e-6,PLA2G7/APOM/APOC1/LCAT/PLA2G10,5
1,GO:0034369,plasma lipoprotein particle remodeling,5/65,33/18986,0.15151515151515152,44.25641025641026,14.576672633547405,8.861736058512073e-8,5.866469270734993e-6,4.320795939266097e-6,PLA2G7/APOM/APOC1/LCAT/PLA2G10,5
1,GO:0034367,protein-containing complex remodeling,5/65,35/18986,0.14285714285714285,41.72747252747253,14.1349850005636,1.2057505905556e-7,7.67506625911353e-6,5.6528711897303034e-6,PLA2G7/APOM/APOC1/LCAT/PLA2G10,5
1,GO:0034638,phosphatidylcholine catabolic process,4/65,16/18986,0.25,73.02307692307693,16.89226683965756,2.207443828381794e-7,1.3530813096192109e-5,9.965769798308452e-6,LDLR/PLA2G7/APOC1/PLA2G10,4
1,GO:0006869,lipid transport,11/65,459/18986,0.023965141612200435,7.000033517680577,7.626888628923092,4.039182994548798e-7,2.3874456628493784e-5,1.7584112434915446e-5,LDLR/APOM/APOC1/LCAT/PLA2G10/SERPINA5/PCSK9/FIS1/GHRL/APOL1/TNFSF11,11
1,GO:0071827,plasma lipoprotein particle organization,5/65,50/18986,0.1,29.20923076923077,11.706364957655284,7.564580509245949e-7,4.317027842345533e-5,3.179595001708461e-5,PLA2G7/APOM/APOC1/LCAT/PLA2G10,5
1,GO:0071825,protein-lipid complex organization,5/65,53/18986,0.09433962264150944,27.555878084179973,11.346941601757585,1.016496069962921e-6,5.607669985962114e-5,4.130184031638816e-5,PLA2G7/APOM/APOC1/LCAT/PLA2G10,5
1,GO:0009395,phospholipid catabolic process,5/65,54/18986,0.09259259259259259,27.045584045584043,11.23369604239879,1.1172737357886152e-6,5.9648001055811555e-5,4.3932189678886806e-5,LDLR/PLA2G7/APOC1/PLA2G10/ANGPTL3,5
1,GO:0042157,lipoprotein metabolic process,6/65,102/18986,0.058823529411764705,17.181900452488687,9.604451136293694,1.3246229986497073e-6,6.850784571141455e-5,5.0457678698564514e-5,LDLR/APOM/APOC1/LCAT/PCSK9/APOL1,6
1,GO:0042632,cholesterol homeostasis,6/65,106/18986,0.05660377358490566,16.533526850507982,9.399655704217622,1.6603336005352013e-6,8.326824572381085e-5,6.132906888101319e-5,LDLR/APOM/LCAT/PLA2G10/PCSK9/ANGPTL3,6
1,GO:0055092,sterol homeostasis,6/65,107/18986,0.056074766355140186,16.37900790797987,9.350194651371051,1.7542859492297704e-6,8.539244841103736e-5,6.289359533151933e-5,LDLR/APOM/LCAT/PLA2G10/PCSK9/ANGPTL3,6
1,GO:0031639,plasminogen activation,4/65,27/18986,0.14814814814814814,43.272934472934466,12.883281653722765,2.0692426318789155e-6,9.784561587884586e-5,7.20656531643845e-5,CPB2/KLKB1/SERPINF2/F12,4
1,GO:0090303,positive regulation of wound healing,5/65,66/18986,0.07575757575757576,22.12820512820513,10.07775840145585,3.0590979264628535e-6,1.4063352967488951e-4,1.0357998242233873e-4,F7/CPB2/PLG/SERPINF2/F12,5
1,GO:0030301,cholesterol transport,6/65,123/18986,0.04878048780487805,14.248405253283302,8.639740806117866,3.952713780357261e-6,1.7680381909435854e-4,1.3022027191048958e-4,LDLR/APOM/APOC1/LCAT/PLA2G10/PCSK9,6
1,GO:0008343,adult feeding behavior,3/65,10/18986,0.3,87.62769230769231,16.05995579896989,4.517832255239768e-6,1.9676348374794253e-4,1.4492104574979642e-4,NPY/AGRP/GHRL,3
1,GO:0046475,glycerophospholipid catabolic process,4/65,34/18986,0.11764705882352941,34.363800904977374,11.412410687076582,5.370504740035494e-6,2.2790218832714727e-4,1.6785545179382196e-4,LDLR/PLA2G7/APOC1/PLA2G10,4
1,GO:0015918,sterol transport,6/65,132/18986,0.045454545454545456,13.276923076923078,8.29592247886284,5.945843407600205e-6,2.460092709894585e-4,1.8119175436844838e-4,LDLR/APOM/APOC1/LCAT/PLA2G10/PCSK9,6
1,GO:0046470,phosphatidylcholine metabolic process,5/65,77/18986,0.06493506493506493,18.967032967032964,9.259283522325381,6.570068450563118e-6,2.6520642160199906e-4,1.9533091824780723e-4,LDLR/PLA2G7/APOC1/LCAT/PLA2G10,5
1,GO:1903036,positive regulation of response to wounding,5/65,81/18986,0.06172839506172839,18.030389363722698,9.002615089255137,8.43074428835469e-6,3.322114713625479e-4,2.44681751526685e-4,F7/CPB2/PLG/SERPINF2/F12,5
1,GO:0051918,negative regulation of fibrinolysis,3/65,13/18986,0.23076923076923078,67.4059171597633,14.03784323809696,1.0688643821115205e-5,4.1138850055687595e-4,3.0299754087763543e-4,CPB2/PLG/SERPINF2,3
1,GO:0008203,cholesterol metabolic process,6/65,148/18986,0.04054054054054054,11.841580041580041,7.760612127457789,1.1463326513795224e-5,4.3117739500752493e-4,3.175725383486811e-4,LDLR/APOC1/LCAT/PCSK9/ANGPTL3/APOL1,6
1,GO:0044403,biological process involved in symbiotic interaction,8/65,322/18986,0.024844720496894408,7.256951743908266,6.6370992904106885,1.3670562988770701e-5,5.027729276981225e-4,3.703043728888063e-4,LDLR/APCS/P4HB/PLG/EGFR/PVR/ITGA2/APOL1,8
1,GO:0032368,regulation of lipid transport,6/65,156/18986,0.038461538461538464,11.23431952662722,7.5229131384226475,1.5472063639701128e-5,5.566579418196819e-4,4.099919838621032e-4,APOC1/PLA2G10/PCSK9/FIS1/GHRL/TNFSF11,6
1,GO:0016125,sterol metabolic process,6/65,159/18986,0.03773584905660377,11.022351233671987,7.43819493058185,1.7239337500111177e-5,5.745128765697644e-4,4.2314257342521047e-4,LDLR/APOC1/LCAT/PCSK9/ANGPTL3/APOL1,6
1,GO:0046718,symbiont entry into host cell,6/65,159/18986,0.03773584905660377,11.022351233671987,7.43819493058185,1.7239337500111177e-5,5.745128765697644e-4,4.2314257342521047e-4,LDLR/APCS/P4HB/EGFR/PVR/ITGA2,6
1,GO:1902652,secondary alcohol metabolic process,6/65,159/18986,0.03773584905660377,11.022351233671987,7.43819493058185,1.7239337500111177e-5,5.745128765697644e-4,4.2314257342521047e-4,LDLR/APOC1/LCAT/PCSK9/ANGPTL3/APOL1,6
1,GO:0050727,regulation of inflammatory response,9/65,438/18986,0.02054794520547945,6.001896733403583,6.2074491286801745,1.735688448851252e-5,5.745128765697644e-4,4.2314257342521047e-4,LDLR/PLA2G7/APCS/PROC/PLA2G10/KLKB1/F12/GHRL/TNFSF11,9
1,GO:0030198,extracellular matrix organization,8/65,339/18986,0.02359882005899705,6.893033809847969,6.416884652597602,1.979951409352624e-5,6.329647707337397e-4,4.661938015644272e-4,CCN1/SMOC1/CPB2/PLG/SERPINF2/COL4A1/ANGPTL7/ITGA2,8
1,GO:0043062,extracellular structure organization,8/65,340/18986,0.023529411764705882,6.872760180995475,6.404405491105952,2.0222286752978083e-5,6.329647707337397e-4,4.661938015644272e-4,CCN1/SMOC1/CPB2/PLG/SERPINF2/COL4A1/ANGPTL7/ITGA2,8
1,GO:0044409,symbiont entry into host,6/65,164/18986,0.036585365853658534,10.686303939962476,7.301919958684816,2.054456202726065e-5,6.329647707337397e-4,4.661938015644272e-4,LDLR/APCS/P4HB/EGFR/PVR/ITGA2,6
1,GO:0045229,external encapsulating structure organization,8/65,341/18986,0.02346041055718475,6.852605459057072,6.391976651315644,2.0652626960496643e-5,6.329647707337397e-4,4.661938015644272e-4,CCN1/SMOC1/CPB2/PLG/SERPINF2/COL4A1/ANGPTL7/ITGA2,8
1,GO:0002673,regulation of acute inflammatory response,4/65,48/18986,0.08333333333333333,24.341025641025638,9.48993929794886,2.1737316188267082e-5,6.540956053014913e-4,4.8175717025862743e-4,APCS/KLKB1/F12/TNFSF11,4
1,GO:0032369,negative regulation of lipid transport,4/65,49/18986,0.08163265306122448,23.844270015698584,9.384468295840211,2.3608845814854995e-5,6.977257111354467e-4,5.138917942406407e-4,APOC1/PLA2G10/PCSK9/FIS1,4
1,GO:0051346,negative regulation of hydrolase activity,7/65,252/18986,0.027777777777777776,8.113675213675213,6.662987239434109,2.4126736382052824e-5,7.005219072332881e-4,5.159512600261712e-4,APCS/APOC1/TFPI/SERPINA5/SERPINA4/SERPINF2/ANGPTL3,7
1,GO:0034375,high-density lipoprotein particle remodeling,3/65,17/18986,0.17647058823529413,51.545701357466065,12.22014631029956,2.516581147987366e-5,7.180934137791536e-4,5.28893097889178e-4,APOM/APOC1/LCAT,3
1,GO:0010755,regulation of plasminogen activation,3/65,18/18986,0.16666666666666666,48.682051282051276,11.862339482968432,3.0125126310662495e-5,8.450353227821429e-4,6.22388871859896e-4,CPB2/SERPINF2/F12,3
1,GO:0055088,lipid homeostasis,6/65,180/18986,0.03333333333333333,9.736410256410256,6.902572754836086,3.470378478146704e-5,9.572460635554658e-4,7.050347855603305e-4,LDLR/APOM/LCAT/PLA2G10/PCSK9/ANGPTL3,6
1,GO:0002526,acute inflammatory response,5/65,110/18986,0.045454545454545456,13.276923076923078,7.568691942785102,3.7315454853181545e-5,9.989342454775996e-4,7.357391358009607e-4,APCS/KLKB1/SERPINF2/F12/TNFSF11,5
1,GO:0034381,plasma lipoprotein particle clearance,4/65,55/18986,0.07272727272727272,21.243076923076924,8.811726898695106,3.742231010248409e-5,9.989342454775996e-4,7.357391358009607e-4,LDLR/APOM/APOC1/PCSK9,4
1,GO:1905952,regulation of lipid localization,6/65,188/18986,0.031914893617021274,9.322094926350244,6.721182740578023,4.4260071989389676e-5,0.0011627050657530143,8.563602901205221e-4,APOC1/PLA2G10/PCSK9/FIS1/GHRL/TNFSF11,6
1,GO:0031638,zymogen activation,4/65,58/18986,0.06896551724137931,20.144297082228118,8.558368742762532,4.6196184483749196e-5,0.001194604458134452,8.79854961055618e-4,CPB2/KLKB1/SERPINF2/F12,4
1,GO:0010985,negative regulation of lipoprotein particle clearance,3/65,21/18986,0.14285714285714285,41.72747252747253,10.944870300913214,4.874176177262753e-5,0.001241040242056901,9.140560345376953e-4,LDLR/APOC1/PCSK9,3
1,GO:0015850,organic hydroxy compound transport,7/65,292/18986,0.023972602739726026,7.002212855637512,6.058172502674862,6.150231933544284e-5,0.0015422172500023923,0.0011358801561474133,LDLR/APOM/APOC1/LCAT/PLA2G10/PCSK9/GHRL,7
1,GO:0051701,biological process involved in interaction with host,6/65,204/18986,0.029411764705882353,8.590950226244344,6.388961124998526,6.968239036427351e-5,0.0017212590455652635,0.0012677487516391003,LDLR/APCS/P4HB/EGFR/PVR/ITGA2,6
1,GO:0046503,glycerolipid catabolic process,4/65,66/18986,0.06060606060606061,17.702564102564104,7.96681046445187,7.68812905131261e-5,0.001871154938223878,0.0013781506875263163,LDLR/PLA2G7/APOC1/PLA2G10,4
1,GO:0070613,regulation of protein processing,4/65,67/18986,0.05970149253731343,17.438346727898967,7.900169068673489,8.155330209066877e-5,0.001956097318261693,0.0014407127966589541,CPB2/KLKB1/SERPINF2/F12,4
1,GO:1905953,negative regulation of lipid localization,4/65,68/18986,0.058823529411764705,17.181900452488687,7.834951404595469,8.642854425798644e-5,0.0020434177249566794,0.001505026379710501,APOC1/PLA2G10/PCSK9/FIS1,4
1,GO:0034377,plasma lipoprotein particle assembly,3/65,27/18986,0.1111111111111111,32.45470085470085,9.586270163103126,1.056332747709488e-4,0.0024622967569847922,0.0018135408774612118,APOM/APOC1/LCAT,3
1,GO:1903317,regulation of protein maturation,4/65,73/18986,0.0547945205479452,16.00505795574289,7.528506542852684,1.1404142499211487e-4,0.0026213688661381957,0.0019307013178489626,CPB2/KLKB1/SERPINF2/F12,4
1,GO:0065005,protein-lipid complex assembly,3/65,30/18986,0.1,29.20923076923077,9.06292648536008,1.4555104952829558e-4,0.003299821739305879,0.0024303982026498386,APOM/APOC1/LCAT,3
1,GO:0032372,negative regulation of sterol transport,3/65,31/18986,0.0967741935483871,28.26699751861042,8.905251872065136,1.607523811140039e-4,0.003547269209915686,0.0026126492256844424,APOC1/PLA2G10/PCSK9,3
1,GO:0032375,negative regulation of cholesterol transport,3/65,31/18986,0.0967741935483871,28.26699751861042,8.905251872065136,1.607523811140039e-4,0.003547269209915686,0.0026126492256844424,APOC1/PLA2G10/PCSK9,3
1,GO:0032107,regulation of response to nutrient levels,3/65,34/18986,0.08823529411764706,25.772850678733032,8.47379309811035,2.1243953140794708e-4,0.004566070447794187,0.0033630208799781645,NPY/GHR/GHRL,3
1,GO:2000191,regulation of fatty acid transport,3/65,34/18986,0.08823529411764706,25.772850678733032,8.47379309811035,2.1243953140794708e-4,0.004566070447794187,0.0033630208799781645,PLA2G10/FIS1/TNFSF11,3
1,GO:0050673,epithelial cell proliferation,8/65,482/18986,0.016597510373443983,4.848005106926268,5.015523679783796,2.3095795531980984e-4,0.004855827515317973,0.0035764339403645817,FGFBP1/CPB2/FST/IGFBP3/EGFR/GDF2/GHRL/TNFSF11,8
1,GO:0016486,peptide hormone processing,3/65,35/18986,0.08571428571428572,25.036483516483518,8.342165935846088,2.317887454441812e-4,0.004855827515317973,0.0035764339403645817,PLA2G7/P4HB/BCHE,3
1,GO:0043086,negative regulation of catalytic activity,8/65,486/18986,0.01646090534979424,4.808103830326053,4.984607743503786,2.4422644934090173e-4,0.005052434670739904,0.0037212398465363713,APCS/APOC1/HHEX/TFPI/SERPINA5/SERPINA4/SERPINF2/ANGPTL3,8
1,GO:0010984,regulation of lipoprotein particle clearance,3/65,36/18986,0.08333333333333333,24.341025641025638,8.215925927695976,2.522434997908218e-4,0.0051538641006643226,0.0037959450650782546,LDLR/APOC1/PCSK9,3
1,GO:0006644,phospholipid metabolic process,7/65,374/18986,0.01871657754010695,5.466968325791854,5.113780566058116,2.8373221801621806e-4,0.005726546595327328,0.004217739518135822,LDLR/PLA2G7/APOC1/LCAT/PLA2G10/PCSK9/ANGPTL3,7
1,GO:0033273,response to vitamin,4/65,93/18986,0.043010752688172046,12.563110008271298,6.5517241765853935,2.906456332479428e-4,0.005795403891871631,0.0042684545757909675,F7/BCHE/EGFR/ITGA2,4
1,GO:0060416,response to growth hormone,3/65,39/18986,0.07692307692307693,22.46863905325444,7.866046810218083,3.205077131050961e-4,0.0062404737081051065,0.0045962592170365486,GHR/F7/GHRL,3
1,GO:0140448,signaling receptor ligand precursor processing,3/65,39/18986,0.07692307692307693,22.46863905325444,7.866046810218083,3.205077131050961e-4,0.0062404737081051065,0.0045962592170365486,PLA2G7/P4HB/BCHE,3
1,GO:0032094,response to food,3/65,40/18986,0.075,21.90692307692308,7.758026999875897,3.456498448668362e-4,0.006651749921565279,0.004899174055762502,NPY/GHR/GHRL,3
1,GO:0051897,positive regulation of phosphatidylinositol 3-kinase/protein kinase B signal transduction,5/65,192/18986,0.026041666666666668,7.606570512820514,5.39270935137744,5.072261355579419e-4,0.009382715107962587,0.006910595703622629,ERBB3/PROS1/EGFR/THPO/TNFSF11,5
1,GO:0045743,positive regulation of fibroblast growth factor receptor signaling pathway,2/65,10/18986,0.2,58.41846153846154,10.644840348248106,5.102382838166966e-4,0.009382715107962587,0.006910595703622629,FGFBP1/FGFBP3,2
1,GO:0150172,regulation of phosphatidylcholine metabolic process,2/65,10/18986,0.2,58.41846153846154,10.644840348248106,5.102382838166966e-4,0.009382715107962587,0.006910595703622629,LDLR/APOC1,2
1,GO:2000253,positive regulation of feeding behavior,2/65,10/18986,0.2,58.41846153846154,10.644840348248106,5.102382838166966e-4,0.009382715107962587,0.006910595703622629,AGRP/GHRL,2
1,GO:0006953,acute-phase response,3/65,48/18986,0.0625,18.255769230769232,7.015810061558974,5.933990592257164e-4,0.0107920378353688,0.00794859584249138,APCS/SERPINF2/TNFSF11,3
1,GO:0050728,negative regulation of inflammatory response,5/65,203/18986,0.024630541871921183,7.19439181508147,5.200608342447684,6.529890064404295e-4,0.011746704409335989,0.008651730771830863,LDLR/APCS/PROC/PLA2G10/GHRL,5
1,GO:0031099,regeneration,5/65,204/18986,0.024509803921568627,7.159125188536953,5.183858439423677,6.676449515679698e-4,0.011881208546720324,0.008750796309176107,F7/CPB2/PLG/EGFR/PTPRS,5
1,GO:0060192,negative regulation of lipase activity,2/65,12/18986,0.16666666666666666,48.682051282051276,9.684028114081979,7.450485585052994e-4,0.0130807295058749,0.009634272391669986,APOC1/ANGPTL3,2
1,GO:0140353,lipid export from cell,3/65,52/18986,0.057692307692307696,16.851479289940826,6.70872854287686,7.508575849293749e-4,0.0130807295058749,0.009634272391669986,PLA2G10/GHRL/TNFSF11,3
1,GO:0032355,response to estradiol,4/65,120/18986,0.03333333333333333,9.736410256410256,5.626957878884424,7.631838568514965e-4,0.013156971698846111,0.009690426603443344,GHR/F7/EGFR/ITGA2,4
1,GO:0043434,response to peptide hormone,7/65,446/18986,0.01569506726457399,4.584408416695412,4.489727566210708,8.099468253827812e-4,0.013819195835139205,0.010178170632591,AGRP/GHR/F7/PCSK9/TNFSF10/SYAP1/GHRL,7
1,GO:0019058,viral life cycle,6/65,323/18986,0.018575851393188854,5.425863300785901,4.702171504678251,8.224963860767059e-4,0.013890117540377023,0.010230406176979864,LDLR/APCS/P4HB/EGFR/PVR/ITGA2,6
1,GO:0034380,high-density lipoprotein particle assembly,2/65,13/18986,0.15384615384615385,44.93727810650888,9.288097337530086,8.785685429933327e-4,0.014687181198524905,0.01081746276221456,APOM/LCAT,2
1,GO:0008202,steroid metabolic process,6/65,334/18986,0.017964071856287425,5.247167204053431,4.5898640808375415,9.781138705378038e-4,0.016187784557400654,0.011922693285081862,LDLR/APOC1/LCAT/PCSK9/ANGPTL3/APOL1,6
1,GO:0032308,positive regulation of prostaglandin secretion,2/65,14/18986,0.14285714285714285,41.72747252747253,8.93480040974615,0.0010227348924842462,0.016594374971190467,0.01222215691947118,PLA2G10/TNFSF11,2
1,GO:0051004,regulation of lipoprotein lipase activity,2/65,14/18986,0.14285714285714285,41.72747252747253,8.93480040974615,0.0010227348924842462,0.016594374971190467,0.01222215691947118,APOC1/ANGPTL3,2
1,GO:0061900,glial cell activation,3/65,58/18986,0.05172413793103448,15.108222811671087,6.307015222795654,0.001033130506113189,0.01660030085065367,0.01222652147244837,LDLR/EGFR/IFNGR2,3
1,GO:0043410,positive regulation of MAPK cascade,7/65,472/18986,0.014830508474576272,4.33187744458931,4.296351687875487,0.0011262658519085884,0.01792278831642994,0.01320056534929297,GHR/SERPINF2/IGFBP3/EGFR/THPO/GHRL/TNFSF11,7
1,GO:0010989,negative regulation of low-density lipoprotein particle clearance,2/65,15/18986,0.13333333333333333,38.945641025641024,8.616925687245887,0.0011774754049614666,0.01821235322627315,0.013413836880918626,LDLR/PCSK9,2
1,GO:0032306,regulation of prostaglandin secretion,2/65,15/18986,0.13333333333333333,38.945641025641024,8.616925687245887,0.0011774754049614666,0.01821235322627315,0.013413836880918626,PLA2G10/TNFSF11,2
1,GO:0038065,collagen-activated signaling pathway,2/65,15/18986,0.13333333333333333,38.945641025641024,8.616925687245887,0.0011774754049614666,0.01821235322627315,0.013413836880918626,COL4A1/ITGA2,2
1,GO:0044242,cellular lipid catabolic process,5/65,238/18986,0.02100840336134454,6.136393018745961,4.673682321886807,0.0013295986904770395,0.020201806169073386,0.014879116898576551,LDLR/PLA2G7/APOC1/PLA2G10/ANGPTL3,5
1,GO:0034374,low-density lipoprotein particle remodeling,2/65,16/18986,0.125,36.511538461538464,8.328863597701497,0.0013427182348024608,0.020201806169073386,0.014879116898576551,PLA2G7/PLA2G10,2
1,GO:0051969,regulation of transmission of nerve impulse,2/65,16/18986,0.125,36.511538461538464,8.328863597701497,0.0013427182348024608,0.020201806169073386,0.014879116898576551,ITGA2/GHRL,2
1,GO:0071902,positive regulation of protein serine/threonine kinase activity,4/65,142/18986,0.028169014084507043,8.22795232936078,5.067139260535504,0.0014259438697093174,0.021057942458491605,0.015509681899782659,GHR/SYAP1/EGFR/TNFSF11,4
1,GO:0046434,organophosphate catabolic process,5/65,242/18986,0.02066115702479339,6.034965034965036,4.620223027825646,0.0014311187159795479,0.021057942458491605,0.015509681899782659,LDLR/PLA2G7/APOC1/PLA2G10/ANGPTL3,5
1,GO:0040014,regulation of multicellular organism growth,3/65,65/18986,0.046153846153846156,13.481183431952664,5.9078619372747045,0.0014377930500359829,0.021057942458491605,0.015509681899782659,GHR/ATRN/GHRL,3
1,GO:0045860,positive regulation of protein kinase activity,5/65,243/18986,0.0205761316872428,6.010129787907566,4.607045451426196,0.001457368922099884,0.021157417246274634,0.015582947477300702,CCN1/GHR/SYAP1/EGFR/TNFSF11,5
1,GO:0006066,alcohol metabolic process,6/65,363/18986,0.01652892561983471,4.827972027972028,4.316057110692651,0.0014980004143146613,0.021558179875571865,0.015878118808021768,LDLR/APOC1/LCAT/PCSK9/ANGPTL3/APOL1,6
1,GO:0032095,regulation of response to food,2/65,17/18986,0.11764705882352941,34.363800904977374,8.066176105523676,0.0015183918912454724,0.0216632636207867,0.01595551551780633,NPY/GHRL,2
1,GO:0031100,animal organ regeneration,3/65,67/18986,0.04477611940298507,13.078760045924223,5.804978327947472,0.0015692098595661821,0.022008833199847724,0.016210035837445486,F7/CPB2/EGFR,3
1,GO:0050994,regulation of lipid catabolic process,3/65,67/18986,0.04477611940298507,13.078760045924223,5.804978327947472,0.0015692098595661821,0.022008833199847724,0.016210035837445486,LDLR/APOC1/ANGPTL3,3
1,GO:0001889,liver development,4/65,147/18986,0.027210884353741496,7.948090005232862,4.956614193359265,0.0016192627089495985,0.022519998179088955,0.016586521158457632,CPB2/PCSK9/EGFR/ITGA2,4
1,GO:0034384,high-density lipoprotein particle clearance,2/65,18/18986,0.1111111111111111,32.45470085470085,7.825299663945727,0.0017044252368623245,0.02350686472505956,0.01731337214286467,LDLR/APOM,2
1,GO:0061008,hepaticobiliary system development,4/65,150/18986,0.02666666666666667,7.789128205128206,4.892774888322593,0.0017436242997244016,0.023848745587139543,0.017565175633587275,CPB2/PCSK9/EGFR/ITGA2,4
1,GO:0001890,placenta development,4/65,152/18986,0.02631578947368421,7.6866396761133595,4.851190934867538,0.0018301272650482613,0.024826726423400593,0.018285482078739316,CCN1/PLG/EGFR/GHRL,4
1,GO:0033674,positive regulation of kinase activity,5/65,258/18986,0.01937984496124031,5.660703637447824,4.417795179162962,0.0018952319755183552,0.02512919188558577,0.01850825517793501,CCN1/GHR/SYAP1/EGFR/TNFSF11,5
1,GO:0032310,prostaglandin secretion,2/65,19/18986,0.10526315789473684,30.746558704453438,7.603335341212635,0.0019007474860372746,0.02512919188558577,0.01850825517793501,PLA2G10/TNFSF11,2
1,GO:0045780,positive regulation of bone resorption,2/65,19/18986,0.10526315789473684,30.746558704453438,7.603335341212635,0.0019007474860372746,0.02512919188558577,0.01850825517793501,EGFR/TNFSF11,2
1,GO:0090287,regulation of cellular response to growth factor stimulus,6/65,381/18986,0.015748031496062992,4.599878861296184,4.16030790035993,0.001913159019688101,0.02512919188558577,0.01850825517793501,FGFBP1/CCN1/HHEX/FGFBP3/FST/GDF2,6
1,GO:0046486,glycerolipid metabolic process,6/65,385/18986,0.015584415584415584,4.552087912087912,4.127013222880724,0.002016230519095184,0.026204749747115497,0.019300429452796787,LDLR/PLA2G7/APOC1/LCAT/PLA2G10/PCSK9,6
1,GO:0071900,regulation of protein serine/threonine kinase activity,5/65,262/18986,0.019083969465648856,5.57428068115091,4.369825305662748,0.0020267117629189026,0.026204749747115497,0.019300429452796787,GHR/HHEX/SYAP1/EGFR/TNFSF11,5
1,GO:0033344,cholesterol efflux,3/65,74/18986,0.04054054054054054,11.841580041580041,5.476834870913812,0.0020875787847158124,0.02622227050160091,0.01931333391054467,APOM/APOC1/PLA2G10,3
1,GO:0032305,positive regulation of icosanoid secretion,2/65,20/18986,0.1,29.20923076923077,7.397897411791348,0.002107288203451916,0.02622227050160091,0.01931333391054467,PLA2G10/TNFSF11,2
1,GO:0043691,reverse cholesterol transport,2/65,20/18986,0.1,29.20923076923077,7.397897411791348,0.002107288203451916,0.02622227050160091,0.01931333391054467,APOM/LCAT,2
1,GO:0060716,labyrinthine layer blood vessel development,2/65,20/18986,0.1,29.20923076923077,7.397897411791348,0.002107288203451916,0.02622227050160091,0.01931333391054467,CCN1/PLG,2
1,GO:0072376,protein activation cascade,2/65,20/18986,0.1,29.20923076923077,7.397897411791348,0.002107288203451916,0.02622227050160091,0.01931333391054467,KLKB1/F12,2
1,GO:2000047,regulation of cell-cell adhesion mediated by cadherin,2/65,21/18986,0.09523809523809523,27.81831501831502,7.207002088491897,0.0023239773025760515,0.02845863469347003,0.020960470011154905,PLG/SERPINF2,2
1,GO:0032371,regulation of sterol transport,3/65,77/18986,0.03896103896103896,11.380219780219779,5.349430712653549,0.0023385947542670237,0.02845863469347003,0.020960470011154905,APOC1/PLA2G10/PCSK9,3
1,GO:0032374,regulation of cholesterol transport,3/65,77/18986,0.03896103896103896,11.380219780219779,5.349430712653549,0.0023385947542670237,0.02845863469347003,0.020960470011154905,APOC1/PLA2G10/PCSK9,3
1,GO:1901343,negative regulation of vasculature development,4/65,164/18986,0.024390243902439025,7.124202626641651,4.6166667562444745,0.002412593079156482,0.029097255725086136,0.02143082978511671,HHEX/ANGPTL7/GDF2/GHRL,4
1,GO:0032890,regulation of organic acid transport,3/65,78/18986,0.038461538461538464,11.23431952662722,5.308519447690876,0.0024262364290404148,0.029097255725086136,0.02143082978511671,PLA2G10/FIS1/TNFSF11,3
1,GO:0032868,response to insulin,5/65,276/18986,0.018115942028985508,5.291527313266444,4.209392902013712,0.002539824735748072,0.029315854500641662,0.021591833049287995,AGRP/GHR/PCSK9/TNFSF10/SYAP1,5
1,GO:0006662,glycerol ether metabolic process,2/65,22/18986,0.09090909090909091,26.553846153846155,7.0289843942802515,0.002550745044164592,0.029315854500641662,0.021591833049287995,PLA2G7/PLA2G10,2
1,GO:0010988,regulation of low-density lipoprotein particle clearance,2/65,22/18986,0.09090909090909091,26.553846153846155,7.0289843942802515,0.002550745044164592,0.029315854500641662,0.021591833049287995,LDLR/PCSK9,2
1,GO:0032303,regulation of icosanoid secretion,2/65,22/18986,0.09090909090909091,26.553846153846155,7.0289843942802515,0.002550745044164592,0.029315854500641662,0.021591833049287995,PLA2G10/TNFSF11,2
1,GO:0046485,ether lipid metabolic process,2/65,22/18986,0.09090909090909091,26.553846153846155,7.0289843942802515,0.002550745044164592,0.029315854500641662,0.021591833049287995,PLA2G7/PLA2G10,2
1,GO:1905146,lysosomal protein catabolic process,2/65,22/18986,0.09090909090909091,26.553846153846155,7.0289843942802515,0.002550745044164592,0.029315854500641662,0.021591833049287995,LDLR/LAMP2,2
1,GO:0007584,response to nutrient,4/65,168/18986,0.023809523809523808,6.954578754578755,4.543692042260605,0.002632136634517647,0.030042662966391073,0.022127144992896086,F7/BCHE/EGFR/ITGA2,4
1,GO:0051896,regulation of phosphatidylinositol 3-kinase/protein kinase B signal transduction,5/65,280/18986,0.017857142857142856,5.215934065934066,4.165549475504645,0.002702347575903415,0.030632775603562683,0.0225617771657978,ERBB3/PROS1/EGFR/THPO/TNFSF11,5
1,GO:0032098,regulation of appetite,2/65,23/18986,0.08695652173913043,25.399331103678932,6.862435131244472,0.0027875220347603775,0.03117127680762449,0.02295839627491122,NPY/GHRL,2
1,GO:0038128,ERBB2 signaling pathway,2/65,23/18986,0.08695652173913043,25.399331103678932,6.862435131244472,0.0027875220347603775,0.03117127680762449,0.02295839627491122,ERBB3/EGFR,2
1,GO:0048660,regulation of smooth muscle cell proliferation,4/65,174/18986,0.022988505747126436,6.714765694076038,4.438594843582028,0.0029866305960867287,0.033173648567272056,0.024433191312387366,SERPINF2/IGFBP3/EGFR/ITGA2,4
1,GO:2000193,positive regulation of fatty acid transport,2/65,24/18986,0.08333333333333333,24.341025641025638,6.706152445123088,0.003034239225202986,0.03347777278473961,0.024657186124807422,PLA2G10/TNFSF11,2
1,GO:0150076,neuroinflammatory response,3/65,86/18986,0.03488372093023256,10.189266547406083,5.005979983713882,0.003201063992837637,0.03504284904279429,0.025809902491051546,LDLR/EGFR/IFNGR2,3
1,GO:0048659,smooth muscle cell proliferation,4/65,178/18986,0.02247191011235955,6.563872082973206,4.371251214913089,0.0032403204423333345,0.03504284904279429,0.025809902491051546,SERPINF2/IGFBP3/EGFR/ITGA2,4
1,GO:0001919,regulation of receptor recycling,2/65,25/18986,0.08,23.367384615384616,6.5591041516020825,0.003290827909143393,0.03504284904279429,0.025809902491051546,LDLR/PCSK9,2
1,GO:0010954,positive regulation of protein processing,2/65,25/18986,0.08,23.367384615384616,6.5591041516020825,0.003290827909143393,0.03504284904279429,0.025809902491051546,KLKB1/F12,2
1,GO:0001892,embryonic placenta development,3/65,87/18986,0.034482758620689655,10.072148541114059,4.970960388560742,0.003307351774951809,0.03504284904279429,0.025809902491051546,CCN1/PLG/EGFR,3
1,GO:0006650,glycerophospholipid metabolic process,5/65,294/18986,0.017006802721088437,4.96755625327054,4.018452214449872,0.0033309644218607283,0.03504284904279429,0.025809902491051546,LDLR/PLA2G7/APOC1/LCAT/PLA2G10,5
1,GO:0045859,regulation of protein kinase activity,6/65,427/18986,0.01405152224824356,4.104341560079265,3.8027352194347106,0.0033705591175443293,0.03504284904279429,0.025809902491051546,CCN1/GHR/HHEX/SYAP1/EGFR/TNFSF11,6
1,GO:0032370,positive regulation of lipid transport,3/65,88/18986,0.03409090909090909,9.957692307692307,4.936503968859494,0.0034157835542843944,0.03504284904279429,0.025809902491051546,PLA2G10/GHRL/TNFSF11,3
1,GO:0070372,regulation of ERK1 and ERK2 cascade,5/65,296/18986,0.016891891891891893,4.933991683991684,3.9982005869203134,0.0034286826962938344,0.03504284904279429,0.025809902491051546,CCN1/SERPINF2/EGFR/THPO/TNFSF11,5
1,GO:0031348,negative regulation of defense response,5/65,297/18986,0.016835016835016835,4.917378917378917,3.988142893861363,0.0034783097647094257,0.03504284904279429,0.025809902491051546,LDLR/APCS/PROC/PLA2G10/GHRL,5
1,GO:1903532,positive regulation of secretion by cell,5/65,298/18986,0.016778523489932886,4.900877645844089,3.978130117878548,0.0035284528357246614,0.03504284904279429,0.025809902491051546,PLA2G10/CPB2/EGFR/GHRL/TNFSF11,5
1,GO:0007039,protein catabolic process in the vacuole,2/65,26/18986,0.07692307692307693,22.46863905325444,6.420398107576767,0.0035572197215646166,0.03504284904279429,0.025809902491051546,LDLR/LAMP2,2
1,GO:0046716,muscle cell cellular homeostasis,2/65,26/18986,0.07692307692307693,22.46863905325444,6.420398107576767,0.0035572197215646166,0.03504284904279429,0.025809902491051546,LAMP2/PLG,2
1,GO:0048143,astrocyte activation,2/65,26/18986,0.07692307692307693,22.46863905325444,6.420398107576767,0.0035572197215646166,0.03504284904279429,0.025809902491051546,LDLR/EGFR,2
1,GO:0048520,positive regulation of behavior,2/65,26/18986,0.07692307692307693,22.46863905325444,6.420398107576767,0.0035572197215646166,0.03504284904279429,0.025809902491051546,AGRP/GHRL,2
1,GO:0050927,positive regulation of positive chemotaxis,2/65,26/18986,0.07692307692307693,22.46863905325444,6.420398107576767,0.0035572197215646166,0.03504284904279429,0.025809902491051546,F7/ITGA2,2
1,GO:0060259,regulation of feeding behavior,2/65,26/18986,0.07692307692307693,22.46863905325444,6.420398107576767,0.0035572197215646166,0.03504284904279429,0.025809902491051546,AGRP/GHRL,2
1,GO:0060396,growth hormone receptor signaling pathway,2/65,26/18986,0.07692307692307693,22.46863905325444,6.420398107576767,0.0035572197215646166,0.03504284904279429,0.025809902491051546,GHR/GHRL,2
1,GO:0061515,myeloid cell development,3/65,90/18986,0.03333333333333333,9.736410256410256,4.869218583305406,0.0036391335329617512,0.03563766862160768,0.026248001439861158,PLA2G10/THPO/TNFSF11,3
1,GO:0045861,negative regulation of proteolysis,5/65,303/18986,0.0165016501650165,4.820005077430819,3.9287272910969735,0.003787014444747799,0.035908051097467586,0.026447144646759402,TFPI/SERPINA5/CPB2/SERPINA4/SERPINF2,5
1,GO:0016540,protein autoprocessing,2/65,27/18986,0.07407407407407407,21.636467236467233,6.289258672483487,0.003833346637308105,0.035908051097467586,0.026447144646759402,PCSK9/F12,2
1,GO:0018904,ether metabolic process,2/65,27/18986,0.07407407407407407,21.636467236467233,6.289258672483487,0.003833346637308105,0.035908051097467586,0.026447144646759402,PLA2G7/PLA2G10,2
1,GO:0032967,positive regulation of collagen biosynthetic process,2/65,27/18986,0.07407407407407407,21.636467236467233,6.289258672483487,0.003833346637308105,0.035908051097467586,0.026447144646759402,SERPINF2/ITGA2,2
1,GO:0050926,regulation of positive chemotaxis,2/65,27/18986,0.07407407407407407,21.636467236467233,6.289258672483487,0.003833346637308105,0.035908051097467586,0.026447144646759402,F7/ITGA2,2
1,GO:0071378,cellular response to growth hormone stimulus,2/65,27/18986,0.07407407407407407,21.636467236467233,6.289258672483487,0.003833346637308105,0.035908051097467586,0.026447144646759402,GHR/GHRL,2
1,GO:1903319,positive regulation of protein maturation,2/65,27/18986,0.07407407407407407,21.636467236467233,6.289258672483487,0.003833346637308105,0.035908051097467586,0.026447144646759402,KLKB1/F12,2
1,GO:0051347,positive regulation of transferase activity,5/65,304/18986,0.01644736842105263,4.80414979757085,3.91897645375374,0.003840317247282032,0.035908051097467586,0.026447144646759402,CCN1/GHR/SYAP1/EGFR/TNFSF11,5
1,GO:0010714,positive regulation of collagen metabolic process,2/65,28/18986,0.07142857142857142,20.863736263736264,6.16500783325376,0.004119140969606147,0.03829875452077626,0.02820795530930762,SERPINF2/ITGA2,2
1,GO:0001942,hair follicle development,3/65,96/18986,0.03125,9.127884615384616,4.679366950975272,0.00436201734667417,0.04033038384774163,0.029704299249918787,PLA2G10/FST/EGFR,3
1,GO:0016032,viral process,6/65,452/18986,0.01327433628318584,3.8773315180394827,3.628812068463363,0.004447138028604897,0.04088896354078391,0.030115706649850707,LDLR/APCS/P4HB/EGFR/PVR/ITGA2,6
1,GO:0043491,phosphatidylinositol 3-kinase/protein kinase B signal transduction,5/65,317/18986,0.015772870662460567,4.607134190730405,3.7959574747152254,0.004583242286871797,0.04140806674383292,0.030498038663926554,ERBB3/PROS1/EGFR/THPO/TNFSF11,5
1,GO:0001934,positive regulation of protein phosphorylation,6/65,455/18986,0.013186813186813187,3.8517666948436182,3.608778271300894,0.0045916344004912416,0.04140806674383292,0.030498038663926554,CCN1/GHR/SYAP1/EGFR/THPO/TNFSF11,6
1,GO:0001503,ossification,6/65,456/18986,0.013157894736842105,3.8433198380566798,3.6021381340018372,0.004640563682050202,0.04140806674383292,0.030498038663926554,CCN1/SMOC1/IGFBP3/EGFR/GDF2/TNFSF11,6
1,GO:0070374,positive regulation of ERK1 and ERK2 cascade,4/65,197/18986,0.02030456852791878,5.930808278016399,4.077456462344177,0.004647699846270202,0.04140806674383292,0.030498038663926554,SERPINF2/EGFR/THPO/TNFSF11,4
1,GO:0070371,ERK1 and ERK2 cascade,5/65,319/18986,0.01567398119122257,4.578249336870026,3.7776229958384535,0.004706019659212985,0.04140806674383292,0.030498038663926554,CCN1/SERPINF2/EGFR/THPO/TNFSF11,5
1,GO:0010955,negative regulation of protein processing,2/65,30/18986,0.06666666666666667,19.472820512820512,5.934859254211039,0.004719462819983656,0.04140806674383292,0.030498038663926554,CPB2/SERPINF2,2
1,GO:0015732,prostaglandin transport,2/65,30/18986,0.06666666666666667,19.472820512820512,5.934859254211039,0.004719462819983656,0.04140806674383292,0.030498038663926554,PLA2G10/TNFSF11,2
1,GO:0010466,negative regulation of peptidase activity,4/65,198/18986,0.020202020202020204,5.900854700854701,4.063067921879458,0.0047315019366193645,0.04140806674383292,0.030498038663926554,TFPI/SERPINA5/SERPINA4/SERPINF2,4
1,GO:0022404,molting cycle process,3/65,99/18986,0.030303030303030304,8.851282051282052,4.590570089788244,0.004753796182071453,0.04140806674383292,0.030498038663926554,PLA2G10/FST/EGFR,3
1,GO:0022405,hair cycle process,3/65,99/18986,0.030303030303030304,8.851282051282052,4.590570089788244,0.004753796182071453,0.04140806674383292,0.030498038663926554,PLA2G10/FST/EGFR,3
1,GO:0043549,regulation of kinase activity,6/65,460/18986,0.013043478260869565,3.809899665551839,3.575763893944973,0.004840148291237057,0.04193950482721114,0.030889455614508194,CCN1/GHR/HHEX/SYAP1/EGFR/TNFSF11,6
1,GO:0051047,positive regulation of secretion,5/65,322/18986,0.015527950310559006,4.535594839942665,3.7504035453381306,0.00489456158940266,0.0421901012003198,0.031074025880089257,PLA2G10/CPB2/EGFR/GHRL/TNFSF11,5
1,GO:0048661,positive regulation of smooth muscle cell proliferation,3/65,101/18986,0.0297029702970297,8.676009139375477,4.5334372801231915,0.0050264349780911625,0.04272324484487602,0.03146669901756491,SERPINF2/EGFR/ITGA2,3
1,GO:0040018,positive regulation of multicellular organism growth,2/65,31/18986,0.06451612903225806,18.844665012406946,5.82796974253037,0.005033856643353971,0.04272324484487602,0.03146669901756491,GHR/GHRL,2
1,GO:0097421,liver regeneration,2/65,31/18986,0.06451612903225806,18.844665012406946,5.82796974253037,0.005033856643353971,0.04272324484487602,0.03146669901756491,CPB2/EGFR,2
1,GO:0051051,negative regulation of transport,6/65,467/18986,0.01284796573875803,3.7527919617855376,3.5303112942647683,0.005204590773098922,0.04394692719121794,0.032367970543762364,APOC1/ERBB3/PLA2G10/PCSK9/FIS1/GHRL,6
1,GO:0006622,protein targeting to lysosome,2/65,32/18986,0.0625,18.255769230769232,5.725966612056707,0.005357650490965816,0.04433455781274213,0.03265346983441271,LAMP2/NAGPA,2
1,GO:0045987,positive regulation of smooth muscle contraction,2/65,32/18986,0.0625,18.255769230769232,5.725966612056707,0.005357650490965816,0.04433455781274213,0.03265346983441271,ITGA2/GHRL,2
1,GO:0061036,positive regulation of cartilage development,2/65,32/18986,0.0625,18.255769230769232,5.725966612056707,0.005357650490965816,0.04433455781274213,0.03265346983441271,CCN1/GDF2,2
1,GO:1903318,negative regulation of protein maturation,2/65,32/18986,0.0625,18.255769230769232,5.725966612056707,0.005357650490965816,0.04433455781274213,0.03265346983441271,CPB2/SERPINF2,2
1,GO:0007623,circadian rhythm,4/65,206/18986,0.019417475728155338,5.671695294996265,3.951393318731612,0.0054388532622633426,0.044782597756446926,0.032983462046090345,AGRP/F7/EGFR/GHRL,4
1,GO:0006935,chemotaxis,6/65,472/18986,0.012711864406779662,3.7130378096479797,3.4983773462855745,0.005477017923354959,0.044873587441348804,0.033050478140933,PLA2G7/CCN1/F7/CCL27/ITGA2/TNFSF11,6
1,GO:0042330,taxis,6/65,474/18986,0.012658227848101266,3.6973709834469326,3.4857249705404936,0.005588874105922223,0.04542812350159216,0.03345890730789869,PLA2G7/CCN1/F7/CCL27/ITGA2/TNFSF11,6
1,GO:0015914,phospholipid transport,3/65,105/18986,0.02857142857142857,8.345494505494505,4.423775996841268,0.00559959951318719,0.04542812350159216,0.03345890730789869,LDLR/APOC1/PLA2G10,3
1,GO:0031069,hair follicle morphogenesis,2/65,33/18986,0.06060606060606061,17.702564102564104,5.6284792848208545,0.005690778346193459,0.04571960273276784,0.0336735887833011,PLA2G10/FST,2
1,GO:0060674,placenta blood vessel development,2/65,33/18986,0.06060606060606061,17.702564102564104,5.6284792848208545,0.005690778346193459,0.04571960273276784,0.0336735887833011,CCN1/PLG,2
1,GO:0051216,cartilage development,4/65,209/18986,0.019138755980861243,5.590283400809716,3.9110149450927216,0.005721401160845385,0.04574356966762856,0.03369124100818183,CCN1/GHR/GDF2/GHRL,4
1,GO:0042327,positive regulation of phosphorylation,6/65,479/18986,0.012526096033402923,3.6587762967721216,3.454390882948434,0.005875855178001289,0.04672242936337844,0.03441219475451883,CCN1/GHR/SYAP1/EGFR/THPO/TNFSF11,6
1,GO:0001938,positive regulation of endothelial cell proliferation,3/65,107/18986,0.028037383177570093,8.189503953989934,4.371105198647234,0.00590029470510338,0.04672242936337844,0.03441219475451883,FGFBP1/GDF2/GHRL,3
1,GO:0032367,intracellular cholesterol transport,2/65,34/18986,0.058823529411764705,17.181900452488687,5.535175509144122,0.006033174522117562,0.04704089746358395,0.03464675418211494,LDLR/PCSK9,2
1,GO:0034383,low-density lipoprotein particle clearance,2/65,34/18986,0.058823529411764705,17.181900452488687,5.535175509144122,0.006033174522117562,0.04704089746358395,0.03464675418211494,LDLR/PCSK9,2
1,GO:0006641,triglyceride metabolic process,3/65,108/18986,0.027777777777777776,8.113675213675213,4.345280893652788,0.006054206138817753,0.04704089746358395,0.03464675418211494,LDLR/APOC1/PCSK9,3
1,GO:0007631,feeding behavior,3/65,108/18986,0.027777777777777776,8.113675213675213,4.345280893652788,0.006054206138817753,0.04704089746358395,0.03464675418211494,NPY/AGRP/GHRL,3
1,GO:0010951,negative regulation of endopeptidase activity,3/65,109/18986,0.027522935779816515,8.03923782639379,4.319787025369723,0.006210506541388325,0.04802985199064335,0.035375143014892675,SERPINA5/SERPINA4/SERPINF2,3
1,GO:0060191,regulation of lipase activity,2/65,35/18986,0.05714285714285714,16.69098901098901,5.445756403487333,0.00638477366009776,0.04914790887191532,0.03619861884158241,APOC1/ANGPTL3,2
1,GO:0050679,positive regulation of epithelial cell proliferation,4/65,216/18986,0.018518518518518517,5.409116809116808,3.8197617899687817,0.006418487045927796,0.04917868546764122,0.03622128654573289,FGFBP1/EGFR/GDF2/GHRL,4
2,GO:0042060,wound healing,21/195,444/18986,0.0472972972972973,4.605058905058906,7.830206619010367,6.535331535542114e-9,2.288019570593294e-5,1.7459654144427245e-5,SERPIND1/HBEGF/SERPINE1/GLA/TNFRSF12A/ITGA5/CHMP6/ERBB2/TGFB1/CDKN1A/F11R/CD36/AHNAK/MYH9/FN1/KDR/BLOC1S3/F13B/SMPD1/CEACAM1/NFATC1,21
2,GO:0050900,leukocyte migration,18/195,404/18986,0.04455445544554455,4.338004569687738,6.908424914091154,2.030527867705507e-7,3.55443903241849e-4,2.7123577517034614e-4,SERPINE1/CD99L2/VEGFC/CCL22/CCL23/IL16/CCL16/TGFB1/SELE/F11R/RET/MYH9/YES1/ABL1/CXCL6/SELPLG/CXCL13/CXCL10,18
2,GO:0009410,response to xenobiotic stimulus,18/195,451/18986,0.03991130820399113,3.8859287054409006,6.318663590734467,1.0065340174336797e-6,8.877386446982738e-4,6.774246997832856e-4,CD38/FGF21/COL18A1/PTH/VEGFC/NPPC/CRHBP/TGFB1/CDKN1A/RET/SNCA/ABL1/ACAA1/CES2/BLOC1S3/BECN1/SMPD1/CES3,18
2,GO:0006898,receptor-mediated endocytosis,14/195,275/18986,0.05090909090909091,4.956717948717949,6.732875761713166,1.0153700898274628e-6,8.877386446982738e-4,6.774246997832856e-4,SERPINE1/STAB2/ACE2/DKK1/SELE/NUMB/SNCA/IGF2R/EZR/CD36/LDLRAP1/ARF6/DNAJC6/CEACAM1,14
2,GO:0018108,peptidyl-tyrosine phosphorylation,12/195,204/18986,0.058823529411764705,5.727300150829563,6.915204114772738,1.3731941237792307e-6,8.877386446982738e-4,6.774246997832856e-4,HBEGF/GFRA1/FGFR2/ITGA5/CHMP6/ERBB2/TGFB1/NRP1/CD36/YES1/KDR/ABL1,12
2,GO:0018212,peptidyl-tyrosine modification,12/195,206/18986,0.05825242718446602,5.671695294996265,6.867647331793604,1.5214029900570246e-6,8.877386446982738e-4,6.774246997832856e-4,HBEGF/GFRA1/FGFR2/ITGA5/CHMP6/ERBB2/TGFB1/NRP1/CD36/YES1/KDR/ABL1,12
2,GO:0006935,chemotaxis,18/195,472/18986,0.038135593220338986,3.7130378096479792,6.080291155510047,1.921580649468019e-6,8.925746060800005e-4,6.811149747383578e-4,SERPIND1/ST6GAL1/HBEGF/SERPINE1/SEMA3F/VEGFC/CCL22/CCL23/IL16/CCL16/TGFB1/NRP1/LSP1/LECT2/KDR/CXCL6/CXCL13/CXCL10,18
2,GO:0042330,taxis,18/195,474/18986,0.0379746835443038,3.697370983446933,6.05830092383287,2.0395877888146256e-6,8.925746060800005e-4,6.811149747383578e-4,SERPIND1/ST6GAL1/HBEGF/SERPINE1/SEMA3F/VEGFC/CCL22/CCL23/IL16/CCL16/TGFB1/NRP1/LSP1/LECT2/KDR/CXCL6/CXCL13/CXCL10,18
2,GO:0001934,positive regulation of protein phosphorylation,17/195,455/18986,0.03736263736263736,3.637779656241195,5.801528698304165,4.924054228081791e-6,0.0017947181946390807,0.0013695319466600479,FAM20A/HBEGF/GFRA1/VEGFC/ITGA5/ERBB2/TGFB1/CDKN1A/LATS1/NRP1/PSRC1/SNCA/CD36/YES1/KDR/ABL1/GH1,17
2,GO:0032535,regulation of cellular component size,15/195,361/18986,0.04155124653739612,4.045599829533348,5.951493448900152,5.126301612793718e-6,0.0017947181946390807,0.0013695319466600479,MEGF9/SEMA3F/CDHR2/GLA/CDHR5/LATS1/NRP1/RET/EZR/SNAPIN/NAA80/FN1/ABL1/ELN/ARF6,15
2,GO:1901342,regulation of vasculature development,15/195,369/18986,0.04065040650406504,3.9578903481342502,5.84504775931476,6.672548929192825e-6,0.0021236903455549164,0.0016205673858652046,SERPINE1/SMAD1/ITGA5/ERBB2/TGFB1/EGLN1/NRP1/CD36/ISM1/KDR/ABL1/DDAH1/CXCL13/CXCL10/CEACAM1,15
2,GO:0042327,positive regulation of phosphorylation,17/195,479/18986,0.03549060542797495,3.455510946951448,5.5448433216240325,9.662544584982415e-6,0.0026836570349529697,0.002047872504009572,FAM20A/HBEGF/GFRA1/VEGFC/ITGA5/ERBB2/TGFB1/CDKN1A/LATS1/NRP1/PSRC1/SNCA/CD36/YES1/KDR/ABL1/GH1,17
2,GO:0032536,regulation of cell projection size,4/195,14/18986,0.2857142857142857,27.81831501831502,10.22554838057551,9.965021837871638e-6,0.0026836570349529697,0.002047872504009572,CDHR2/GLA/CDHR5/EZR,4
2,GO:0070372,regulation of ERK1 and ERK2 cascade,13/195,296/18986,0.04391891891891892,4.276126126126127,5.78694664326101,1.2366168202651658e-5,0.0030924253483916755,0.0023597996164157827,FGF21/ACE2/FGFR2/ERBB2/TGFB1/NRP1/EZR/CD36/FN1/KDR/ABL1/PDGFC/CEACAM1,13
2,GO:0045785,positive regulation of cell adhesion,17/195,499/18986,0.03406813627254509,3.3170135142079027,5.343099714717061,1.637983391399139e-5,0.0038230532355255902,0.002917334629734045,LGALS1/ITGA5/ERBB2/TGFB1/SELE/F11R/NRP1/RET/CD36/FN1/YES1/KDR/ABL1/CXCL13/APBB1IP/VNN1/CD6,17
2,GO:0030100,regulation of endocytosis,13/195,307/18986,0.04234527687296417,4.122909880564603,5.619523459522647,1.8188388889873703e-5,0.00397984684396549,0.003036982302796017,SERPINE1/DKK1/TGFB1/SELE/NUMB/SNCA/CD36/ABL1/LDLRAP1/FCN2/ARF6/DNAJC6/SMPD1,13
2,GO:0045765,regulation of angiogenesis,14/195,360/18986,0.03888888888888889,3.7863817663817665,5.43725536828547,2.232875152835315e-5,0.004411539514071837,0.0033664027681457394,SERPINE1/SMAD1/ITGA5/ERBB2/EGLN1/NRP1/CD36/ISM1/KDR/ABL1/DDAH1/CXCL13/CXCL10/CEACAM1,14
2,GO:0003158,endothelium development,9/195,148/18986,0.060810810810810814,5.9207900207900215,6.12203706779806,2.2681437090343637e-5,0.004411539514071837,0.0033664027681457394,COL18A1/F11R/NRP1/STC1/HEG1/EZR/KDR/CXCL10/CEACAM1,9
2,GO:0007565,female pregnancy,10/195,189/18986,0.05291005291005291,5.151539818206484,5.8431024247451315,2.6595870649493417e-5,0.004755180128155951,0.003628631568502173,CD38/AMBP/ACE2/CRHBP/ITGA5/TGFB1/DSG2/STC1/YTHDF3/PARP1,10
2,GO:0070371,ERK1 and ERK2 cascade,13/195,319/18986,0.04075235109717868,3.9678160919540226,5.445562203325534,2.71646965333102e-5,0.004755180128155951,0.003628631568502173,FGF21/ACE2/FGFR2/ERBB2/TGFB1/NRP1/EZR/CD36/FN1/KDR/ABL1/PDGFC/CEACAM1,13
2,GO:0050731,positive regulation of peptidyl-tyrosine phosphorylation,8/195,118/18986,0.06779661016949153,6.600956106040853,6.2171006624579634,2.9911791559153736e-5,0.004764372444524444,0.0036356461354509354,HBEGF/GFRA1/ITGA5/TGFB1/NRP1/CD36/YES1/ABL1,8
2,GO:0044403,biological process involved in symbiotic interaction,13/195,322/18986,0.040372670807453416,3.930848861283644,5.403394250214156,2.9938929957023074e-5,0.004764372444524444,0.0036356461354509354,ACE2/LGALS1/ITGA5/CHMP6/F11R/NRP1/IGF2R/FN1/HAVCR1/CXCL6/SELPLG/BECN1/SMPD1,13
2,GO:0007178,cell surface receptor protein serine/threonine kinase signaling pathway,15/195,425/18986,0.03529411764705882,3.4363800904977375,5.174715546811781,3.4967316393989146e-5,0.005322633682406782,0.004061649840180524,SLC39A5/NOMO1/DKK1/SMAD1/HJV/TGFB1/LATS1/KDR/SMAD2/ABL1/PARP1/SOST/SMAD5/PBLD/BECN1,15
2,GO:0009791,post-embryonic development,7/195,89/18986,0.07865168539325842,7.657850763468741,6.413281280717209,3.663163811879926e-5,0.005343640210579842,0.004077679716908444,FGFR2/NPPC/HEG1/IGF2R/KDR/SMAD2/ABL1,7
2,GO:0045446,endothelial cell differentiation,8/195,125/18986,0.064,6.231302564102564,5.977645394274293,4.524457418987458e-5,0.006225748086293196,0.004750807631808095,COL18A1/F11R/NRP1/STC1/HEG1/EZR/KDR/CEACAM1,8
2,GO:0050730,regulation of peptidyl-tyrosine phosphorylation,9/195,162/18986,0.05555555555555555,5.409116809116809,5.741175394866987,4.623520429695033e-5,0.006225748086293196,0.004750807631808095,HBEGF/GFRA1/ITGA5/CHMP6/TGFB1/NRP1/CD36/YES1/ABL1,9
2,GO:0051701,biological process involved in interaction with host,10/195,204/18986,0.049019607843137254,4.772750125691302,5.518866236706297,5.090572476915593e-5,0.006600775645067218,0.005036987503474376,ACE2/LGALS1/ITGA5/CHMP6/F11R/NRP1/HAVCR1/SELPLG/BECN1/SMPD1,10
2,GO:0050777,negative regulation of immune response,10/195,207/18986,0.04830917874396135,4.703579834014617,5.457808741774167,5.755573431297348e-5,0.007103962084491486,0.005420964166761193,AMBP/LGALS1/TGFB1/YTHDF3/INPP5D/YES1/GFER/PARP1/MASP1/CEACAM1,10
2,GO:0033002,muscle cell proliferation,11/195,252/18986,0.04365079365079365,4.25002035002035,5.2907684234804675,6.16824006867464e-5,0.007103962084491486,0.005420964166761193,HBEGF/ACE2/FGFR2/NPPC/SMAD1/TGFB1/CDKN1A/NOTCH3/ABL1/ELN/LDLRAP1,11
2,GO:0060395,SMAD protein signal transduction,7/195,97/18986,0.07216494845360824,7.026275442770287,6.06147086529338,6.374081196221105e-5,0.007103962084491486,0.005420964166761193,DKK1/SMAD1/TGFB1/SMAD2/PARP1/SMAD5/BECN1,7
2,GO:0141091,transforming growth factor beta receptor superfamily signaling pathway,14/195,397/18986,0.03526448362720403,3.4334948007492088,4.991663749207511,6.464004403685231e-5,0.007103962084491486,0.005420964166761193,SLC39A5/NOMO1/DKK1/SMAD1/HJV/TGFB1/LATS1/KDR/SMAD2/ABL1/PARP1/SOST/SMAD5/PBLD,14
2,GO:0044703,multi-organism reproductive process,10/195,210/18986,0.047619047619047616,4.636385836385836,5.397911087687406,6.493195849863683e-5,0.007103962084491486,0.005420964166761193,CD38/AMBP/ACE2/CRHBP/ITGA5/TGFB1/DSG2/STC1/YTHDF3/PARP1,10
2,GO:0030509,BMP signaling pathway,9/195,172/18986,0.05232558139534884,5.0946332737030415,5.495235702908439,7.357847184519599e-5,0.007468576746807417,0.00569919805871923,SLC39A5/DKK1/SMAD1/HJV/KDR/SMAD2/ABL1/SOST/SMAD5,9
2,GO:1901136,carbohydrate derivative catabolic process,11/195,258/18986,0.04263565891472868,4.151182667461737,5.191410746921003,7.615896875492665e-5,0.007468576746807417,0.00569919805871923,STAB2/GLA/GPD1/TGFB1/NPL/ENO3/NT5C1A/CTBS/ENPP7/NT5E/SMPD1,11
2,GO:0006979,response to oxidative stress,14/195,405/18986,0.0345679012345679,3.3656726812282365,4.902248076207808,7.993943946802314e-5,0.007468576746807417,0.00569919805871923,CD38/AMBP/GPR37/SNCA/CD36/IPCEF1/ABL1/HAO1/PRKRA/PARP1/PSIP1/VNN1/MAPK9/BECN1,14
2,GO:0048660,regulation of smooth muscle cell proliferation,9/195,174/18986,0.05172413793103448,5.036074270557029,5.448336826424919,8.042499253924934e-5,0.007468576746807417,0.00569919805871923,HBEGF/ACE2/FGFR2/NPPC/TGFB1/CDKN1A/NOTCH3/ELN/LDLRAP1,9
2,GO:0050920,regulation of chemotaxis,10/195,216/18986,0.046296296296296294,4.5075973409306735,5.281437339735621,8.212050983503422e-5,0.007468576746807417,0.00569919805871923,ST6GAL1/SERPINE1/SEMA3F/VEGFC/IL16/TGFB1/NRP1/KDR/CXCL13/CXCL10,10
2,GO:0034109,homotypic cell-cell adhesion,7/195,101/18986,0.06930693069306931,6.748007108403149,5.900205648355987,8.244822879563976e-5,0.007468576746807417,0.00569919805871923,CDHR2/GLA/CDHR5/DSG2/F11R/MYH9/CEACAM1,7
2,GO:0060563,neuroepithelial cell differentiation,5/195,44/18986,0.11363636363636363,11.064102564102564,6.808260057686765,8.517008644458059e-5,0.007468576746807417,0.00569919805871923,SERPINE1/CDH2/TGFB1/SMAD2/ABL1,5
2,GO:0060348,bone development,10/195,217/18986,0.04608294930875576,4.486825002954036,5.262439444911061,8.533078259705703e-5,0.007468576746807417,0.00569919805871923,PTH/FGFR2/NPPC/SMAD1/TGFB1/STC1/KDR/GH1/SMAD5/PDGFC,10
2,GO:0044706,multi-multicellular organism process,10/195,218/18986,0.045871559633027525,4.466243236885439,5.243556413488435,8.86469496132106e-5,0.007565200585700054,0.0057729307676022594,CD38/AMBP/ACE2/CRHBP/ITGA5/TGFB1/DSG2/STC1/YTHDF3/PARP1,10
2,GO:0006959,humoral immune response,12/195,310/18986,0.03870967741935484,3.76893300248139,5.007247081007684,9.075647660651307e-5,0.007565200585700054,0.0057729307676022594,ST6GAL1/RNASE4/CCL22/CCL23/C9/CCL16/C1S/CXCL6/CXCL13/FCN2/CXCL10/MASP1,12
2,GO:0048659,smooth muscle cell proliferation,9/195,178/18986,0.05056179775280899,4.922904062229905,5.356659493549412,9.573330431496715e-5,0.007694457347658467,0.00587156534173911,HBEGF/ACE2/FGFR2/NPPC/TGFB1/CDKN1A/NOTCH3/ELN/LDLRAP1,9
2,GO:0050918,positive chemotaxis,6/195,72/18986,0.08333333333333333,8.113675213675213,6.16050407093524,9.670269160153458e-5,0.007694457347658467,0.00587156534173911,VEGFC/IL16/CCL16/NRP1/KDR/CXCL10,6
2,GO:0031623,receptor internalization,8/195,141/18986,0.05673758865248227,5.524204400800145,5.492895836480755,1.0591492709151268e-4,0.008125564601030453,0.006200539081289644,DKK1/SELE/NUMB/SNCA/EZR/CD36/LDLRAP1/CEACAM1,8
2,GO:1901888,regulation of cell junction assembly,11/195,268/18986,0.041044776119402986,3.99628779181018,5.032327077758671,1.0676263114750097e-4,0.008125564601030453,0.006200539081289644,ACE2/DKK1/AGRN/LATS1/F11R/NRP1/SNCA/KDR/ABL1/ARF6/CC2D1A,11
2,GO:2000379,positive regulation of reactive oxygen species metabolic process,6/195,74/18986,0.08108108108108109,7.894386694386695,6.053275343742515,1.1272901973863873e-4,0.008397112725637748,0.006407754806196306,ACE2/TGFB1/CDKN1A/SNCA/CD36/DCXR,6
2,GO:0071772,response to BMP,9/195,184/18986,0.04891304347826087,4.7623745819398,5.224161318550619,1.2323425854211874e-4,0.008804962023590972,0.006718980626850642,SLC39A5/DKK1/SMAD1/HJV/KDR/SMAD2/ABL1/SOST/SMAD5,9
2,GO:0071773,cellular response to BMP stimulus,9/195,184/18986,0.04891304347826087,4.7623745819398,5.224161318550619,1.2323425854211874e-4,0.008804962023590972,0.006718980626850642,SLC39A5/DKK1/SMAD1/HJV/KDR/SMAD2/ABL1/SOST/SMAD5,9
2,GO:0050921,positive regulation of chemotaxis,8/195,145/18986,0.05517241379310345,5.3718125552608305,5.383208728239705,1.2867334559997498e-4,0.009009707658910248,0.006875220023847084,SERPINE1/VEGFC/IL16/TGFB1/NRP1/KDR/CXCL13/CXCL10,8
2,GO:0009880,embryonic pattern specification,6/195,77/18986,0.07792207792207792,7.5868131868131865,5.899756509136593,1.4064998057700958e-4,0.009655207490198246,0.0073677946481826686,SEMA3F/FGFR2/SMAD1/NRP1/SMAD2/SMAD5,6
2,GO:0007229,integrin-mediated signaling pathway,7/195,111/18986,0.06306306306306306,6.14007854007854,5.532678372866207,1.4936910346401684e-4,0.010056562138990827,0.0076740644654185175,ITGA5/NRP1/FYB1/MYH9/FN1/ABL1/CEACAM1,7
2,GO:0060326,cell chemotaxis,12/195,328/18986,0.036585365853658534,3.5621013133208255,4.768132734400416,1.5405728965963716e-4,0.010135177987370313,0.007734055452410846,HBEGF/SERPINE1/VEGFC/CCL22/CCL23/IL16/CCL16/NRP1/KDR/CXCL6/CXCL13/CXCL10,12
2,GO:0043086,negative regulation of catalytic activity,15/195,486/18986,0.030864197530864196,3.005064893953783,4.561507189524463,1.5632665276149582e-4,0.010135177987370313,0.007734055452410846,SERPIND1/AMBP/SERPINE1/GLA/SORT1/CHMP6/CDKN1A/LATS1/EGLN1/SNCA/HEG1/ABL1/ITIH3/SMPD1/CEACAM1,15
2,GO:0043254,regulation of protein-containing complex assembly,14/195,433/18986,0.03233256351039261,3.148031029786226,4.606012230091251,1.6106753187767494e-4,0.01025268052915891,0.007823720495799788,MEGF9/DKK1/TGFB1/LATS1/PSRC1/SNCA/CD36/ABL1/ELN/CXCL13/ARF6/SOST/MAPK9/DNAJC6,14
2,GO:0001933,negative regulation of protein phosphorylation,10/195,236/18986,0.0423728813559322,4.125597566275532,4.921937398370998,1.6992521995410194e-4,0.010623360626059123,0.008106582861720125,DKK1/CHMP6/TGFB1/CDKN1A/LATS1/SNCA/HEG1/ABL1/SMPD1/CEACAM1,10
2,GO:0002687,positive regulation of leukocyte migration,8/195,152/18986,0.05263157894736842,5.12442645074224,5.2006991864612875,1.7817001003581767e-4,0.010943389563778907,0.008350793822177382,SERPINE1/CD99L2/VEGFC/TGFB1/SELE/ABL1/CXCL13/CXCL10,8
2,GO:0007599,hemostasis,10/195,241/18986,0.04149377593360996,4.0400042557718905,4.83824270694531,2.0133538685112567e-4,0.012087802220709083,0.009224083956812235,SERPIND1/SERPINE1/GLA/F11R/FLI1/CD36/MYH9/BLOC1S3/F13B/CEACAM1,10
2,GO:0006469,negative regulation of protein kinase activity,8/195,155/18986,0.05161290322580645,5.0252440033085195,5.125887015072039,2.0370760669004168e-4,0.012087802220709083,0.009224083956812235,CHMP6/CDKN1A/LATS1/SNCA/HEG1/ABL1/SMPD1/CEACAM1,8
2,GO:0001778,plasma membrane repair,4/195,29/18986,0.13793103448275862,13.429531388152078,6.8236479046529395,2.095772614725473e-4,0.012228833206923135,0.009331703326619737,CHMP6/AHNAK/MYH9/SMPD1,4
2,GO:0048146,positive regulation of fibroblast proliferation,5/195,54/18986,0.09259259259259259,9.015194681861347,6.008421169454531,2.2826152143502076e-4,0.013100714533508324,0.00999702746164077,TGFB1/CDKN1A/FN1/ABL1/PDGFC,5
2,GO:0032970,regulation of actin filament-based process,13/195,395/18986,0.03291139240506329,3.204388185654009,4.510066103172449,2.3279456144944665e-4,0.013145383219911495,0.01003111370048719,MEGF9/TGFB1/LATS1/DSG2/F11R/NRP1/STC1/NAA80/MYH9/ABL1/ELN/ARF6/MTSS1,13
2,GO:0046718,symbiont entry into host cell,8/195,159/18986,0.050314465408805034,4.898822770520884,5.029087071020076,2.4236160940954257e-4,0.013468380865758866,0.010277590053156541,ACE2/LGALS1/ITGA5/F11R/NRP1/HAVCR1/SELPLG/SMPD1,8
2,GO:0150117,positive regulation of cell-substrate junction organization,4/195,31/18986,0.12903225806451613,12.563110008271297,6.5635873617201295,2.732273441217507e-4,0.014779011919037953,0.011277719824566913,NRP1/KDR/ABL1/ARF6,4
2,GO:0007492,endoderm development,6/195,87/18986,0.06896551724137931,6.714765694076039,5.442347931152332,2.7521969689391735e-4,0.014779011919037953,0.011277719824566913,DKK1/ITGA5/TGFB1/MYH9/FN1/SMAD2,6
2,GO:0001886,endothelial cell morphogenesis,3/195,13/18986,0.23076923076923078,22.46863905325444,7.887799219847567,2.828317048202065e-4,0.014779011919037953,0.011277719824566913,COL18A1/STC1/HEG1,3
2,GO:0032530,regulation of microvillus organization,3/195,13/18986,0.23076923076923078,22.46863905325444,7.887799219847567,2.828317048202065e-4,0.014779011919037953,0.011277719824566913,CDHR2/CDHR5/EZR,3
2,GO:0044409,symbiont entry into host,8/195,164/18986,0.04878048780487805,4.749468417761101,4.912543391803,2.9893042139568385e-4,0.015390520666268958,0.011744356184245287,ACE2/LGALS1/ITGA5/F11R/NRP1/HAVCR1/SELPLG/SMPD1,8
2,GO:0033673,negative regulation of kinase activity,8/195,166/18986,0.04819277108433735,4.692245906703738,4.867237207215451,3.2438319885121753e-4,0.016138938500751095,0.012315466532842129,CHMP6/CDKN1A/LATS1/SNCA/HEG1/ABL1/SMPD1/CEACAM1,8
2,GO:0042326,negative regulation of phosphorylation,10/195,256/18986,0.0390625,3.8032852564102564,4.600087016734485,3.262866230801806e-4,0.016138938500751095,0.012315466532842129,DKK1/CHMP6/TGFB1/CDKN1A/LATS1/SNCA/HEG1/ABL1/SMPD1/CEACAM1,10
2,GO:0010563,negative regulation of phosphorus metabolic process,11/195,306/18986,0.03594771241830065,3.500016758840288,4.491204778941793,3.365159984446815e-4,0.016138938500751095,0.012315466532842129,DKK1/CHMP6/TGFB1/CDKN1A/LATS1/SNCA/HEG1/ABL1/PARP1/SMPD1/CEACAM1,11
2,GO:0045936,negative regulation of phosphate metabolic process,11/195,306/18986,0.03594771241830065,3.500016758840288,4.491204778941793,3.365159984446815e-4,0.016138938500751095,0.012315466532842129,DKK1/CHMP6/TGFB1/CDKN1A/LATS1/SNCA/HEG1/ABL1/PARP1/SMPD1/CEACAM1,11
2,GO:0071560,cellular response to transforming growth factor beta stimulus,11/195,306/18986,0.03594771241830065,3.500016758840288,4.491204778941793,3.365159984446815e-4,0.016138938500751095,0.012315466532842129,FGFR2/SMAD1/TGFB1/LATS1/YES1/SMAD2/ABL1/PARP1/SMAD5/PBLD/NFATC1,11
2,GO:0090497,mesenchymal cell migration,5/195,59/18986,0.0847457627118644,8.251195132551064,5.682538243690072,3.466795724486306e-4,0.016401691664089946,0.012515970908600635,SEMA3F/CDH2/NRP1/RET/FN1,5
2,GO:0048259,regulation of receptor-mediated endocytosis,7/195,128/18986,0.0546875,5.324599358974359,5.000929231651759,3.591645663107346e-4,0.01676580195538509,0.012793819919952903,SERPINE1/DKK1/SELE/NUMB/LDLRAP1/ARF6/DNAJC6,7
2,GO:0099172,presynapse organization,5/195,60/18986,0.08333333333333333,8.113675213675213,5.621961929446892,3.750764926567814e-4,0.01706654925999687,0.013023317254279847,DKK1/SNCA/DAAM1/SNAPIN/ARF6,5
2,GO:0043410,positive regulation of MAPK cascade,14/195,472/18986,0.029661016949152543,2.887918296392873,4.231084756379643,3.870813870087883e-4,0.01706654925999687,0.013023317254279847,FGF21/GPR37/DKK1/FGFR2/CDH2/ERBB2/TGFB1/NRP1/RET/CD36/KDR/ABL1/GH1/PDGFC,14
2,GO:0043603,amide metabolic process,14/195,472/18986,0.029661016949152543,2.887918296392873,4.231084756379643,3.870813870087883e-4,0.01706654925999687,0.013023317254279847,ST6GAL1/ACE2/GLA/MVK/GGT1/MME/NPL/NT5C1A/SNCA/BTD/ENPP7/VNN1/BECN1/SMPD1,14
2,GO:0034383,low-density lipoprotein particle clearance,4/195,34/18986,0.11764705882352941,11.454600301659125,6.21537058939233,3.9314178157540857e-4,0.01706654925999687,0.013023317254279847,FGF21/CD36/LDLRAP1/CES3,4
2,GO:0033273,response to vitamin,6/195,93/18986,0.06451612903225806,6.281555004135648,5.201163177107901,3.9485589547550603e-4,0.01706654925999687,0.013023317254279847,PTH/KYNU/TGFB1/STC1/CXCL10/BECN1,6
2,GO:0070098,chemokine-mediated signaling pathway,6/195,93/18986,0.06451612903225806,6.281555004135648,5.201163177107901,3.9485589547550603e-4,0.01706654925999687,0.013023317254279847,CCL22/CCL23/CCL16/CXCL6/CXCL13/CXCL10,6
2,GO:0001706,endoderm formation,5/195,61/18986,0.08196721311475409,7.9806641445985695,5.562773501306826,4.051963219743453e-4,0.01718112750212017,0.013110750793121063,DKK1/ITGA5/MYH9/FN1/SMAD2,5
2,GO:0071559,response to transforming growth factor beta,11/195,313/18986,0.03514376996805112,3.4217416236585567,4.400890740252299,4.073217888248998e-4,0.01718112750212017,0.013110750793121063,FGFR2/SMAD1/TGFB1/LATS1/YES1/SMAD2/ABL1/PARP1/SMAD5/PBLD/NFATC1,11
2,GO:0071677,positive regulation of mononuclear cell migration,6/195,94/18986,0.06382978723404255,6.214729950900163,5.163027539086574,4.182242474795619e-4,0.017430989171737455,0.013301417795778547,SERPINE1/CD99L2/TGFB1/ABL1/CXCL13/CXCL10,6
2,GO:0001704,formation of primary germ layer,7/195,132/18986,0.05303030303030303,5.1632478632478636,4.889507787903691,4.3266596184247735e-4,0.017613529446633875,0.013440712498851986,DKK1/FGFR2/SMAD1/ITGA5/MYH9/FN1/SMAD2,7
2,GO:0002065,columnar/cuboidal epithelial cell differentiation,7/195,132/18986,0.05303030303030303,5.1632478632478636,4.889507787903691,4.3266596184247735e-4,0.017613529446633875,0.013440712498851986,SERPINE1/FGFR2/CDH2/TGFB1/CDKN1A/SMAD2/ABL1,7
2,GO:2000406,positive regulation of T cell migration,4/195,35/18986,0.11428571428571428,11.127326007326007,6.108863301911441,4.4032930519815293e-4,0.017719458591939463,0.013521545996284476,CD99L2/ABL1/CXCL13/CXCL10,4
2,GO:0002064,epithelial cell development,9/195,219/18986,0.0410958904109589,4.001264488935721,4.550682754584655,4.488914753523921e-4,0.017858739263735508,0.013627829718234103,COL18A1/CDH2/TGFB1/CDKN1A/F11R/STC1/HEG1/EZR/KDR,9
2,GO:0002696,positive regulation of leukocyte activation,12/195,371/18986,0.03234501347708895,3.1492432096205683,4.258813852031577,4.7215940641874457e-4,0.018573371706427245,0.01417315876393582,CD38/IL16/LGALS1/TGFB1/CDKN1A/INPP5D/YES1/ABL1/HAVCR1/BLOC1S3/VNN1/CD6,12
2,GO:2000352,negative regulation of endothelial cell apoptotic process,4/195,36/18986,0.1111111111111111,10.818233618233618,6.006585522698662,4.914204877391372e-4,0.019116256973052435,0.014587429214993335,FGF21/SERPINE1/KDR/ABL1,4
2,GO:2000351,regulation of endothelial cell apoptotic process,5/195,64/18986,0.078125,7.606570512820513,5.3929972979843175,5.065697227215808e-4,0.019489017574156643,0.014871879193376196,FGF21/SERPINE1/TGFB1/KDR/ABL1,5
2,GO:0001822,kidney development,11/195,322/18986,0.034161490683229816,3.3261028826246224,4.2884677908213895,5.163750235954928e-4,0.019650314756606738,0.0149949634998325,GFRA1/FGFR2/SMAD1/MME/TGFB1/NOTCH3/NRP1/RET/SMAD2/SMAD5/MTSS1,11
2,GO:0007159,leukocyte cell-cell adhesion,13/195,430/18986,0.030232558139534883,2.9435658914728684,4.152780483311899,5.224157852266955e-4,0.019666426495469475,0.015007258210586905,LGALS1/ITGA5/ERBB2/TGFB1/SELE/F11R/EZR/YES1/ABL1/SELPLG/NT5E/VNN1/CD6,13
2,GO:0048638,regulation of developmental growth,11/195,325/18986,0.033846153846153845,3.2954003944773174,4.251873510233391,5.577558176084548e-4,0.020773437419651066,0.015852007447819245,SEMA3F/FGFR2/NPPC/AGRN/CDKN1A/LATS1/NRP1/EZR/FN1/ABL1/GH1,11
2,GO:0090092,regulation of transmembrane receptor protein serine/threonine kinase signaling pathway,11/195,326/18986,0.03374233128834356,3.285291804310209,4.239770049602736,5.721506478579059e-4,0.02086394654676673,0.015921074079794935,NOMO1/DKK1/HJV/TGFB1/LATS1/KDR/SMAD2/ABL1/PARP1/SOST/PBLD,11
2,GO:0035265,organ growth,8/195,181/18986,0.04419889502762431,4.3033857486896165,4.5489333065744875,5.771896390784377e-4,0.02086394654676673,0.015921074079794935,FGFR2/NPPC/SMAD1/LATS1/STC1/HEG1/SMAD2/ABL1,8
2,GO:0001657,ureteric bud development,6/195,100/18986,0.06,5.841846153846153,4.94525457502029,5.820091678291436e-4,0.02086394654676673,0.015921074079794935,FGFR2/SMAD1/TGFB1/RET/SMAD2/SMAD5,6
2,GO:0001885,endothelial cell development,5/195,66/18986,0.07575757575757576,7.3760683760683765,5.285815834498597,5.840236394124935e-4,0.02086394654676673,0.015921074079794935,COL18A1/F11R/STC1/HEG1/EZR,5
2,GO:0090287,regulation of cellular response to growth factor stimulus,12/195,381/18986,0.031496062992125984,3.0665859075307895,4.150962159409557,5.97332507199256e-4,0.020979164284282235,0.016008995611331595,VEGFC/DKK1/ITGA5/HJV/LATS1/NRP1/KDR/SMAD2/ABL1/CXCL13/SOST/PBLD,12
2,GO:0032102,negative regulation of response to external stimulus,13/195,437/18986,0.029748283752860413,2.896414950419527,4.085653186267486,6.073046166039197e-4,0.020979164284282235,0.016008995611331595,ST6GAL1/SERPINE1/SEMA3F/MVK/TGFB1/NRP1/YTHDF3/YES1/CXCL13/GFER/PARP1/NT5E/CEACAM1,13
2,GO:0072163,mesonephric epithelium development,6/195,101/18986,0.0594059405940594,5.784006092916984,4.910679343094945,6.135603850312609e-4,0.020979164284282235,0.016008995611331595,FGFR2/SMAD1/TGFB1/RET/SMAD2/SMAD5,6
2,GO:0072164,mesonephric tubule development,6/195,101/18986,0.0594059405940594,5.784006092916984,4.910679343094945,6.135603850312609e-4,0.020979164284282235,0.016008995611331595,FGFR2/SMAD1/TGFB1/RET/SMAD2/SMAD5,6
2,GO:0055074,calcium ion homeostasis,11/195,329/18986,0.03343465045592705,3.2553347361858,4.2037386934006324,6.172104887977922e-4,0.020979164284282235,0.016008995611331595,FAM20A/PTH/CCL23/NPPC/TGFB1/STC1/SNCA/KDR/ABL1/NT5E/CXCL10,11
2,GO:1990868,response to chemokine,6/195,102/18986,0.058823529411764705,5.727300150829563,4.876563997180438,6.464226860405964e-4,0.021321503308538138,0.016270231181187266,CCL22/CCL23/CCL16/CXCL6/CXCL13/CXCL10,6
2,GO:1990869,cellular response to chemokine,6/195,102/18986,0.058823529411764705,5.727300150829563,4.876563997180438,6.464226860405964e-4,0.021321503308538138,0.016270231181187266,CCL22/CCL23/CCL16/CXCL6/CXCL13/CXCL10,6
2,GO:0090399,replicative senescence,3/195,17/18986,0.17647058823529413,17.181900452488687,6.799538352289925,6.524017862082392e-4,0.021321503308538138,0.016270231181187266,SERPINE1/MME/CDKN1A,3
2,GO:0071674,mononuclear cell migration,9/195,231/18986,0.03896103896103896,3.7934065934065933,4.351402628506129,6.589751241331508e-4,0.021321503308538138,0.016270231181187266,SERPINE1/CD99L2/CCL23/TGFB1/F11R/RET/ABL1/CXCL13/CXCL10,9
2,GO:0072001,renal system development,11/195,332/18986,0.03313253012048193,3.22591906085882,4.168118756248322,6.651938782168741e-4,0.021321503308538138,0.016270231181187266,GFRA1/FGFR2/SMAD1/MME/TGFB1/NOTCH3/NRP1/RET/SMAD2/SMAD5/MTSS1,11
2,GO:0003180,aortic valve morphogenesis,4/195,39/18986,0.10256410256410256,9.986061801446416,5.7224121904813305,6.69912985986631e-4,0.021321503308538138,0.016270231181187266,TGFB1/SMAD2/ELN/NFATC1,4
2,GO:0033280,response to vitamin D,4/195,39/18986,0.10256410256410256,9.986061801446416,5.7224121904813305,6.69912985986631e-4,0.021321503308538138,0.016270231181187266,PTH/TGFB1/STC1/CXCL10,4
2,GO:0150115,cell-substrate junction organization,6/195,103/18986,0.05825242718446602,5.671695294996265,4.842897582429512,6.806330649637299e-4,0.021467534778720886,0.016381666371531024,ITGA5/NRP1/FN1/KDR/ABL1/ARF6,6
2,GO:0007596,blood coagulation,9/195,234/18986,0.038461538461538464,3.7447731755424067,4.303662960664101,7.224424055451025e-4,0.022582775551905392,0.017232695726254417,SERPIND1/SERPINE1/GLA/F11R/CD36/MYH9/BLOC1S3/F13B/CEACAM1,9
2,GO:0050867,positive regulation of cell activation,12/195,391/18986,0.030690537084398978,2.9881566004328155,4.046583783913784,7.493084478020823e-4,0.02313265465032591,0.017652303102129365,CD38/IL16/LGALS1/TGFB1/CDKN1A/INPP5D/YES1/ABL1/HAVCR1/BLOC1S3/VNN1/CD6,12
2,GO:0001823,mesonephros development,6/195,105/18986,0.05714285714285714,5.563663003663003,4.776869542055822,7.532483947835344e-4,0.02313265465032591,0.017652303102129365,FGFR2/SMAD1/TGFB1/RET/SMAD2/SMAD5,6
2,GO:0072577,endothelial cell apoptotic process,5/195,70/18986,0.07142857142857142,6.954578754578755,5.08432227600109,7.652009779970839e-4,0.023295379338850352,0.017776476724545527,FGF21/SERPINE1/TGFB1/KDR/ABL1,5
2,GO:0071895,odontoblast differentiation,3/195,18/18986,0.16666666666666666,16.227350427350427,6.584116162973537,7.769828027415731e-4,0.023450144762053857,0.01789457670923877,SERPINE1/TGFB1/SMAD2,3
2,GO:0051348,negative regulation of transferase activity,8/195,190/18986,0.042105263157894736,4.099541160593792,4.374104460061296,7.930436249299741e-4,0.02373030539213538,0.018108364553056897,CHMP6/CDKN1A/LATS1/SNCA/HEG1/ABL1/SMPD1/CEACAM1,8
2,GO:0030279,negative regulation of ossification,4/195,41/18986,0.0975609756097561,9.498936835522201,5.549538711979954,8.117351372009056e-4,0.02406464948742129,0.018363499270606966,PTH/DKK1/TGFB1/SOST,4
2,GO:0016032,viral process,13/195,452/18986,0.028761061946902654,2.8002949852507375,3.9461716296066935,8.29072604834259e-4,0.02406464948742129,0.018363499270606966,ST6GAL1/ACE2/LGALS1/ITGA5/CHMP6/F11R/NRP1/VPS37A/IGF2R/HAVCR1/SELPLG/BECN1/SMPD1,13
2,GO:0002532,production of molecular mediator involved in inflammatory response,6/195,107/18986,0.056074766355140186,5.4596693026599565,4.712514629869678,8.317116789425811e-4,0.02406464948742129,0.018363499270606966,SERPINE1/PBXIP1/CD36/IL1R2/MAPK9/CD6,6
2,GO:0032526,response to retinoic acid,6/195,107/18986,0.056074766355140186,5.4596693026599565,4.712514629869678,8.317116789425811e-4,0.02406464948742129,0.018363499270606966,CD38/DKK1/FGFR2/RET/IGF2R/YES1,6
2,GO:0051897,positive regulation of phosphatidylinositol 3-kinase/protein kinase B signal transduction,8/195,192/18986,0.041666666666666664,4.056837606837607,4.33671648511788,8.488585633868093e-4,0.02416141325542455,0.018437338758029283,HBEGF/TGFB1/RET/FN1/KDR/GH1/BECN1/PDGFC,8
2,GO:1904018,positive regulation of vasculature development,8/195,192/18986,0.041666666666666664,4.056837606837607,4.33671648511788,8.488585633868093e-4,0.02416141325542455,0.018437338758029283,SERPINE1/SMAD1/ITGA5/TGFB1/NRP1/KDR/ABL1/DDAH1,8
2,GO:0030595,leukocyte chemotaxis,9/195,240/18986,0.0375,3.6511538461538464,4.210502263675712,8.643728800023448e-4,0.02440459236200169,0.018622906362019957,SERPINE1/VEGFC/CCL22/CCL23/IL16/CCL16/CXCL6/CXCL13/CXCL10,9
2,GO:2000403,positive regulation of lymphocyte migration,4/195,42/18986,0.09523809523809523,9.272771672771672,5.467483748939411,8.900407373397244e-4,0.024537162688085944,0.018724069484617065,CD99L2/ABL1/CXCL13/CXCL10,4
2,GO:0001667,ameboidal-type cell migration,9/195,241/18986,0.03734439834024896,3.6360038301947015,4.195265938429133,8.900941620642431e-4,0.024537162688085944,0.018724069484617065,HBEGF/SEMA3F/CDH2/TGFB1/NRP1/RET/YTHDF3/FN1/ARF6,9
2,GO:0050817,coagulation,9/195,241/18986,0.03734439834024896,3.6360038301947015,4.195265938429133,8.900941620642431e-4,0.024537162688085944,0.018724069484617065,SERPIND1/SERPINE1/GLA/F11R/CD36/MYH9/BLOC1S3/F13B/CEACAM1,9
2,GO:0001503,ossification,13/195,456/18986,0.02850877192982456,2.7757309941520467,3.9099350835181306,8.985658198726597e-4,0.024577179182610796,0.01875460568122377,PTH/VEGFC/DKK1/FGFR2/SORT1/NPPC/SMAD1/TGFB1/STC1/PTPRB/GRP/SOST/SMAD5,13
2,GO:0031053,primary miRNA processing,3/195,19/18986,0.15789473684210525,15.37327935222672,6.3852955659976205,9.157177675366791e-4,0.024852154295704757,0.018964436507613966,SMAD1/TGFB1/SMAD2,3
2,GO:0097529,myeloid leukocyte migration,9/195,243/18986,0.037037037037037035,3.606077872744539,4.165034788080055,9.434052327953866e-4,0.02540662861551268,0.019387550452102765,SERPINE1/CD99L2/VEGFC/CCL22/CCL23/CCL16/CXCL6/CXCL13/CXCL10,9
2,GO:0072676,lymphocyte migration,6/195,110/18986,0.05454545454545454,5.31076923076923,4.618955654358412,9.610571460917982e-4,0.02568443563715562,0.01959954228028111,CD99L2/F11R/RET/ABL1/CXCL13/CXCL10,6
2,GO:0002040,sprouting angiogenesis,8/195,196/18986,0.04081632653061224,3.9740450026164305,4.263436919304742,9.699531691224531e-4,0.025725803371952335,0.01963110959515778,VEGFC/SMAD1/ITGA5/TGFB1/NRP1/KDR/ABL1/CEACAM1,8
2,GO:0070374,positive regulation of ERK1 and ERK2 cascade,8/195,197/18986,0.04060913705583756,3.953872185344266,4.245419783628539,0.0010022905400964837,0.026383602863742778,0.02013306997043827,FGF21/FGFR2/TGFB1/NRP1/CD36/KDR/ABL1/PDGFC,8
2,GO:0016485,protein processing,9/195,246/18986,0.036585365853658534,3.5621013133208255,4.1202798985891205,0.001028210783863261,0.026546910746121366,0.020257688622395412,SERPINE1/ACE2/GGT1/MME/HJV/MYH9/PARP1/IL1R2/MASP1,9
2,GO:0045165,cell fate commitment,10/195,297/18986,0.03367003367003367,3.2782526115859447,4.031203566436123,0.001030044688035319,0.026546910746121366,0.020257688622395412,DKK1/FGFR2/SMAD1/LGALS1/LATS1/NOTCH3/NRP1/KDR/SMAD2/SMAD5,10
2,GO:0072073,kidney epithelium development,7/195,153/18986,0.0457516339869281,4.4545667839785485,4.370460659117909,0.0010388251277402534,0.026546910746121366,0.020257688622395412,FGFR2/SMAD1/TGFB1/RET/SMAD2/SMAD5/MTSS1,7
2,GO:2000377,regulation of reactive oxygen species metabolic process,7/195,153/18986,0.0457516339869281,4.4545667839785485,4.370460659117909,0.0010388251277402534,0.026546910746121366,0.020257688622395412,ACE2/TGFB1/CDKN1A/SNCA/CD36/DCXR/BECN1,7
2,GO:0003170,heart valve development,5/195,75/18986,0.06666666666666667,6.490940170940171,4.8536421807617796,0.0010470701442354604,0.0265481296230905,0.020258618735520283,DKK1/TGFB1/SMAD2/ELN/NFATC1,5
2,GO:0022600,digestive system process,6/195,112/18986,0.05357142857142857,5.215934065934065,4.558463758433296,0.0010555229887765577,0.0265481296230905,0.020258618735520283,NPPC/F11R/EZR/CD36/ENPP7/PBLD,6
2,GO:0050892,intestinal absorption,4/195,44/18986,0.09090909090909091,8.851282051282052,5.3113101392705415,0.0010623545621047642,0.0265481296230905,0.020258618735520283,F11R/EZR/CD36/ENPP7,4
2,GO:0045953,negative regulation of natural killer cell mediated cytotoxicity,3/195,20/18986,0.15,14.604615384615386,6.200990317727211,0.001069204877708015,0.0265481296230905,0.020258618735520283,TGFB1/GFER/CEACAM1,3
2,GO:0001558,regulation of cell growth,12/195,408/18986,0.029411764705882353,2.8636500754147813,3.8765253974779927,0.001081669025061433,0.026668473639014624,0.020350452080103162,HBEGF/CD38/SEMA3F/CDHR2/ERBB2/TGFB1/CDKN1A/NRP1/PSRC1/FN1/ABL1/CEACAM1,12
2,GO:0072678,T cell migration,5/195,76/18986,0.06578947368421052,6.4055330634278,4.810023741153548,0.001111596542568434,0.02688119931480546,0.0205127809681373,CD99L2/F11R/ABL1/CXCL13/CXCL10,5
2,GO:0016054,organic acid catabolic process,9/195,249/18986,0.03614457831325301,3.5191844300278037,4.07621674525279,0.0011190975933930414,0.02688119931480546,0.0205127809681373,SCLY/KYNU/NPL/SORD/DCXR/HAO1/DDAH1/HNMT/ACAA1,9
2,GO:0046395,carboxylic acid catabolic process,9/195,249/18986,0.03614457831325301,3.5191844300278037,4.07621674525279,0.0011190975933930414,0.02688119931480546,0.0205127809681373,SCLY/KYNU/NPL/SORD/DCXR/HAO1/DDAH1/HNMT/ACAA1,9
2,GO:0032496,response to lipopolysaccharide,11/195,354/18986,0.031073446327683617,3.0254382152687236,3.918668746950834,0.0011210097400632954,0.02688119931480546,0.0205127809681373,SERPINE1/FGFR2/SELE/SNCA/CD36/ABL1/CXCL6/CXCL13/GFER/CXCL10/CD6,11
2,GO:0003176,aortic valve development,4/195,45/18986,0.08888888888888889,8.654586894586895,5.236899294490379,0.0011567283300541857,0.027145568788033526,0.02071451873420499,TGFB1/SMAD2/ELN/NFATC1,4
2,GO:0035196,miRNA processing,4/195,45/18986,0.08888888888888889,8.654586894586895,5.236899294490379,0.0011567283300541857,0.027145568788033526,0.02071451873420499,SMAD1/TGFB1/SMAD2/PRKRA,4
2,GO:0007173,epidermal growth factor receptor signaling pathway,6/195,114/18986,0.05263157894736842,5.12442645074224,4.4994008422677325,0.0011569608354643167,0.027145568788033526,0.02071451873420499,HBEGF/CHMP6/ERBB2/TGFB1/ABL1/CEACAM1,6
2,GO:0097530,granulocyte migration,7/195,156/18986,0.04487179487179487,4.368902038132807,4.304009110415366,0.001163049219710091,0.027145568788033526,0.02071451873420499,CD99L2/CCL22/CCL23/CCL16/CXCL6/CXCL13/CXCL10,7
2,GO:0034599,cellular response to oxidative stress,9/195,251/18986,0.035856573705179286,3.491143119828379,4.047215701445413,0.0011832236261704375,0.027433549107435107,0.020934273706661347,AMBP/GPR37/SNCA/CD36/ABL1/PRKRA/PARP1/MAPK9/BECN1,9
2,GO:0048738,cardiac muscle tissue development,9/195,252/18986,0.03571428571428571,3.4772893772893774,4.032825336956478,0.0012163830421638973,0.02801682256984082,0.02137936399592778,DKK1/FGFR2/SMAD1/TGFB1/DSG2/EGLN1/HEG1/ABL1/SMAD5,9
2,GO:0002716,negative regulation of natural killer cell mediated immunity,3/195,21/18986,0.14285714285714285,13.90915750915751,6.029465073671435,0.001238019657744606,0.028328802756626574,0.02161743303306371,TGFB1/GFER/CEACAM1,3
2,GO:0043536,positive regulation of blood vessel endothelial cell migration,5/195,78/18986,0.0641025641025641,6.24128862590401,4.725091692993073,0.0012494302159558276,0.028387992799466858,0.0216626003773499,VEGFC/TGFB1/NRP1/KDR/ABL1,5
2,GO:0048483,autonomic nervous system development,4/195,46/18986,0.08695652173913043,8.46644370122631,5.1647628329181865,0.001256823445849004,0.028387992799466858,0.0216626003773499,SEMA3F/NRP1/RET/FN1,4
2,GO:0045807,positive regulation of endocytosis,7/195,159/18986,0.0440251572327044,4.2864699242057736,4.239213828873643,0.001298639574821416,0.029144468919549856,0.022239859925079312,SERPINE1/SELE/SNCA/CD36/LDLRAP1/FCN2/SMPD1,7
2,GO:0014032,neural crest cell development,5/195,80/18986,0.0625,6.08525641025641,4.64307482758636,0.0013995045241365607,0.031208059484089803,0.02381456575433182,SEMA3F/CDH2/NRP1/RET/FN1,5
2,GO:0051216,cartilage development,8/195,209/18986,0.03827751196172249,3.726855600539811,4.038032785515785,0.0014620442862762247,0.03187435905254982,0.024323012455199695,PTH/NPPC/SMAD1/PBXIP1/TGFB1/STC1/SMAD5/TGFBI,8
2,GO:0045927,positive regulation of growth,9/195,259/18986,0.03474903474903475,3.383308583308583,3.934084773031069,0.001470118010818806,0.03187435905254982,0.024323012455199695,HBEGF/CD38/FGFR2/AGRN/ERBB2/NRP1/EZR/FN1/GH1,9
2,GO:0006911,"phagocytosis, engulfment",4/195,48/18986,0.08333333333333333,8.113675213675213,5.0268422383566405,0.0014749060744110455,0.03187435905254982,0.024323012455199695,CD36/MYH9/HAVCR1/BECN1,4
2,GO:0007157,heterophilic cell-cell adhesion via plasma membrane cell adhesion molecules,4/195,48/18986,0.08333333333333333,8.113675213675213,5.0268422383566405,0.0014749060744110455,0.03187435905254982,0.024323012455199695,ITGA5/CDH2/SELE/CD6,4
2,GO:0071526,semaphorin-plexin signaling pathway,4/195,48/18986,0.08333333333333333,8.113675213675213,5.0268422383566405,0.0014749060744110455,0.03187435905254982,0.024323012455199695,SEMA3F/ERBB2/NRP1/KDR,4
2,GO:0050807,regulation of synapse organization,10/195,312/18986,0.03205128205128205,3.120644312952005,3.847459988459453,0.0014888326321716055,0.03197793279283921,0.024402048566041556,SEMA3F/DKK1/AGRN/CDH2/LATS1/EGLN1/SNCA/ABL1/ARF6/CC2D1A,10
2,GO:0045859,regulation of protein kinase activity,12/195,427/18986,0.02810304449648712,2.7362277067195104,3.6965024143032443,0.001589877219589075,0.0336023557243945,0.025641629858690975,VEGFC/CHMP6/ERBB2/CDKN1A/LATS1/PSRC1/SNCA/HEG1/ABL1/GH1/SMPD1/CEACAM1,12
2,GO:0071900,regulation of protein serine/threonine kinase activity,9/195,262/18986,0.03435114503816794,3.3445684086905465,3.8927982690139475,0.001591142685743379,0.0336023557243945,0.025641629858690975,ERBB2/CDKN1A/LATS1/PSRC1/SNCA/HEG1/ABL1/GH1/SMPD1,9
2,GO:1905314,semi-lunar valve development,4/195,49/18986,0.08163265306122448,7.948090005232861,4.960843724716413,0.0015932565124962834,0.0336023557243945,0.025641629858690975,TGFB1/SMAD2/ELN/NFATC1,4
2,GO:0046479,glycosphingolipid catabolic process,3/195,23/18986,0.13043478260869565,12.699665551839464,5.719150204437152,0.0016238238780665465,0.03404196046174239,0.02597708794536965,GLA/ENPP7/SMPD1,3
2,GO:0043491,phosphatidylinositol 3-kinase/protein kinase B signal transduction,10/195,317/18986,0.031545741324921134,3.07142279382027,3.788658966249334,0.0016743255670290706,0.03489174887005224,0.026625553189973564,HBEGF/ERBB2/TGFB1/RET/FN1/KDR/GH1/BECN1/PDGFC/CEACAM1,10
2,GO:0050803,regulation of synapse structure or activity,10/195,318/18986,0.031446540880503145,3.061764231575552,3.777037746471218,0.001713582109019607,0.03517489334501802,0.026841617976715148,SEMA3F/DKK1/AGRN/CDH2/LATS1/EGLN1/SNCA/ABL1/ARF6/CC2D1A,10
2,GO:0043114,regulation of vascular permeability,4/195,50/18986,0.08,7.789128205128206,4.896689314802791,0.0017180539165947107,0.03517489334501802,0.026841617976715148,TGFB1/YES1/DDAH1/CEACAM1,4
2,GO:2000404,regulation of T cell migration,4/195,50/18986,0.08,7.789128205128206,4.896689314802791,0.0017180539165947107,0.03517489334501802,0.026841617976715148,CD99L2/ABL1/CXCL13/CXCL10,4
2,GO:0035023,regulation of Rho protein signal transduction,5/195,84/18986,0.05952380952380952,5.795482295482294,4.487099662524583,0.0017389660422428442,0.03539604717379185,0.027010378306073064,ERBB2/F11R/NRP1/HEG1/ABL1,5
2,GO:0002237,response to molecule of bacterial origin,11/195,375/18986,0.029333333333333333,2.8560136752136747,3.697937878989158,0.001771255332226265,0.035828856023392336,0.027340650517106314,SERPINE1/FGFR2/SELE/SNCA/CD36/ABL1/CXCL6/CXCL13/GFER/CXCL10/CD6,11
2,GO:0030510,regulation of BMP signaling pathway,6/195,124/18986,0.04838709677419355,4.711166253101736,4.223524743201054,0.0017806972145302104,0.035828856023392336,0.027340650517106314,DKK1/HJV/KDR/SMAD2/ABL1/SOST,6
2,GO:0032528,microvillus organization,3/195,24/18986,0.125,12.17051282051282,5.578074639704107,0.0018418553486781932,0.0368476318612706,0.02811806842072333,CDHR2/CDHR5/EZR,3
2,GO:0045216,cell-cell junction organization,8/195,218/18986,0.03669724770642202,3.572994589508351,3.8922953063762344,0.0019059420884081568,0.037562353573849225,0.0286634655874049,ACE2/CDH2/TGFB1/DSG2/F11R/NUMB/HEG1/MTSS1,8
2,GO:0019058,viral life cycle,10/195,323/18986,0.030959752321981424,3.0143685004366123,3.719607500989719,0.0019212178798828177,0.037562353573849225,0.0286634655874049,ACE2/LGALS1/ITGA5/CHMP6/F11R/NRP1/VPS37A/HAVCR1/SELPLG/SMPD1,10
2,GO:0001570,vasculogenesis,5/195,86/18986,0.05813953488372093,5.660703637447824,4.412832792105072,0.0019296646981024157,0.037562353573849225,0.0286634655874049,TGFB1/NRP1/HEG1/KDR/CEACAM1,5
2,GO:0048864,stem cell development,5/195,86/18986,0.05813953488372093,5.660703637447824,4.412832792105072,0.0019296646981024157,0.037562353573849225,0.0286634655874049,SEMA3F/CDH2/NRP1/RET/FN1,5
2,GO:0010811,positive regulation of cell-substrate adhesion,6/195,126/18986,0.047619047619047616,4.636385836385836,4.171882287707621,0.0019312264048251529,0.037562353573849225,0.0286634655874049,ITGA5/NRP1/CD36/FN1/KDR/ABL1,6
2,GO:0035987,endodermal cell differentiation,4/195,52/18986,0.07692307692307693,7.4895463510848135,4.773561083551449,0.0019877075031055676,0.03823606576028897,0.029177568784742224,DKK1/ITGA5/MYH9/FN1,4
2,GO:0050922,negative regulation of chemotaxis,4/195,52/18986,0.07692307692307693,7.4895463510848135,4.773561083551449,0.0019877075031055676,0.03823606576028897,0.029177568784742224,ST6GAL1/SEMA3F/NRP1/CXCL13,4
2,GO:0050878,regulation of body fluid levels,11/195,381/18986,0.028871391076115485,2.8110370819032235,3.6376645988310004,0.0020051866813517944,0.038361522248156456,0.029273303406792375,SERPIND1/SERPINE1/GLA/F11R/FLI1/HEG1/CD36/MYH9/BLOC1S3/F13B/CEACAM1,11
2,GO:2000272,negative regulation of signaling receptor activity,3/195,25/18986,0.12,11.683692307692306,5.445132060441151,0.002077299483074107,0.03952513853392635,0.03016124764326135,ACE2/CRHBP/CHMP6,3
2,GO:0007034,vacuolar transport,7/195,173/18986,0.04046242774566474,3.939587965021491,3.956654644302542,0.0021028998471832572,0.03962386545040107,0.030236585190131515,SORT1/CHMP6/VPS37A/IGF2R/SNAPIN/AP1G2/BECN1,7
2,GO:0110053,regulation of actin filament organization,9/195,273/18986,0.03296703296703297,3.2098055790363484,3.746375809796972,0.0021051239570907166,0.03962386545040107,0.030236585190131515,MEGF9/LATS1/F11R/NRP1/NAA80/ABL1/ELN/ARF6/MTSS1,9
2,GO:0170039,proteinogenic amino acid metabolic process,7/195,174/18986,0.040229885057471264,3.9169466548776892,3.93761532002079,0.0021724130596877775,0.04050061569087753,0.0309056247458462,GGT1/PCBD1/SCLY/KYNU/HAO1/DDAH1/HNMT,7
2,GO:0071621,granulocyte chemotaxis,6/195,129/18986,0.046511627906976744,4.528562909958259,4.096416243127918,0.002174840259892881,0.04050061569087753,0.0309056247458462,CCL22/CCL23/CCL16/CXCL6/CXCL13/CXCL10,6
2,GO:0010810,regulation of cell-substrate adhesion,8/195,223/18986,0.03587443946188341,3.4928826031965046,3.814615588791654,0.0021949136236573217,0.04065816188584277,0.031025846710344092,ST6GAL1/SERPINE1/ITGA5/NRP1/CD36/FN1/KDR/ABL1,8
2,GO:0097305,response to alcohol,9/195,275/18986,0.03272727272727273,3.1864615384615385,3.720551751988213,0.0022113976267448873,0.04074791100649395,0.031094333388800684,ST6GAL1/PTH/FGFR2/NPPC/CRHBP/TGFB1/CDKN1A/SMAD2/PARP1,9
2,GO:0003018,vascular process in circulatory system,9/195,276/18986,0.03260869565217391,3.174916387959866,3.707728054965125,0.0022661146643555273,0.04120969788172194,0.03144671844850652,CD38/ACE2/NPPC/TGFB1/CD36/YES1/ABL1/DDAH1/CEACAM1,9
2,GO:0048286,lung alveolus development,4/195,54/18986,0.07407407407407407,7.212155745489078,4.656811165624393,0.002285292969247435,0.04120969788172194,0.03144671844850652,HS6ST1/FGFR2/TGFB1/KDR,4
2,GO:0001911,negative regulation of leukocyte mediated cytotoxicity,3/195,26/18986,0.11538461538461539,11.23431952662722,5.31954074387723,0.0023306255871410864,0.04120969788172194,0.03144671844850652,TGFB1/GFER/CEACAM1,3
2,GO:0008045,motor neuron axon guidance,3/195,26/18986,0.11538461538461539,11.23431952662722,5.31954074387723,0.0023306255871410864,0.04120969788172194,0.03144671844850652,SEMA3F/ERBB2/NRP1,3
2,GO:0019377,glycolipid catabolic process,3/195,26/18986,0.11538461538461539,11.23431952662722,5.31954074387723,0.0023306255871410864,0.04120969788172194,0.03144671844850652,GLA/ENPP7/SMPD1,3
2,GO:0050927,positive regulation of positive chemotaxis,3/195,26/18986,0.11538461538461539,11.23431952662722,5.31954074387723,0.0023306255871410864,0.04120969788172194,0.03144671844850652,VEGFC/IL16/KDR,3
2,GO:0051882,mitochondrial depolarization,3/195,26/18986,0.11538461538461539,11.23431952662722,5.31954074387723,0.0023306255871410864,0.04120969788172194,0.03144671844850652,KDR/ABL1/PARP1,3
2,GO:0051894,positive regulation of focal adhesion assembly,3/195,26/18986,0.11538461538461539,11.23431952662722,5.31954074387723,0.0023306255871410864,0.04120969788172194,0.03144671844850652,NRP1/KDR/ABL1,3
2,GO:0048145,regulation of fibroblast proliferation,5/195,90/18986,0.05555555555555555,5.409116809116809,4.271059084004581,0.002356314046472304,0.04145455013416852,0.03163356281378845,TGFB1/CDKN1A/FN1/ABL1/PDGFC,5
2,GO:0010977,negative regulation of neuron projection development,6/195,132/18986,0.045454545454545456,4.425641025641026,4.02322874438883,0.0024409605052700895,0.042375984313592956,0.03233670024741771,CD38/SEMA3F/DKK1/NRP1/SNAPIN/ARF6,6
2,GO:0034381,plasma lipoprotein particle clearance,4/195,55/18986,0.07272727272727272,7.081025641025641,4.600648588431971,0.0024450010943575483,0.042375984313592956,0.03233670024741771,FGF21/CD36/LDLRAP1/CES3,4
2,GO:0071320,cellular response to cAMP,4/195,55/18986,0.07272727272727272,7.081025641025641,4.600648588431971,0.0024450010943575483,0.042375984313592956,0.03233670024741771,GPD1/CRHBP/STC1/EZR,4
2,GO:0051896,regulation of phosphatidylinositol 3-kinase/protein kinase B signal transduction,9/195,280/18986,0.03214285714285714,3.1295604395604393,3.6570102804327465,0.002495863714915812,0.042833425813334595,0.03268576939347952,HBEGF/TGFB1/RET/FN1/KDR/GH1/BECN1/PDGFC/CEACAM1,9
2,GO:0098742,cell-cell adhesion via plasma-membrane adhesion molecules,9/195,280/18986,0.03214285714285714,3.1295604395604393,3.6570102804327465,0.002495863714915812,0.042833425813334595,0.03268576939347952,CDHR2/CDHR5/ITGA5/CDH2/SELE/DSG2/RET/CD6/CEACAM1,9
2,GO:0071222,cellular response to lipopolysaccharide,8/195,228/18986,0.03508771929824561,3.4162843004948265,3.739123846567949,0.002517281781720695,0.04293604784648712,0.03276407926588923,SERPINE1/CD36/ABL1/CXCL6/CXCL13/GFER/CXCL10/CD6,8
2,GO:0051251,positive regulation of lymphocyte activation,10/195,336/18986,0.02976190476190476,2.897741147741147,3.5753194791924363,0.0025575606080598563,0.04293604784648712,0.03276407926588923,CD38/LGALS1/TGFB1/CDKN1A/INPP5D/YES1/ABL1/BLOC1S3/VNN1/CD6,10
2,GO:0045055,regulated exocytosis,8/195,229/18986,0.034934497816593885,3.401366028440264,3.724277854290025,0.002585988638833383,0.04293604784648712,0.03276407926588923,CRHBP/SNAP29/SNCA/LAT2/SNAPIN/MYH9/GRP/CEACAM1,8
2,GO:0002070,epithelial cell maturation,3/195,27/18986,0.1111111111111111,10.818233618233618,5.200620823337978,0.002602283094941184,0.04293604784648712,0.03276407926588923,TGFB1/CDKN1A/KDR,3
2,GO:0006929,substrate-dependent cell migration,3/195,27/18986,0.1111111111111111,10.818233618233618,5.200620823337978,0.002602283094941184,0.04293604784648712,0.03276407926588923,VEGFC/NRP1/FN1,3
2,GO:0048245,eosinophil chemotaxis,3/195,27/18986,0.1111111111111111,10.818233618233618,5.200620823337978,0.002602283094941184,0.04293604784648712,0.03276407926588923,CCL22/CCL23/CCL16,3
2,GO:0050926,regulation of positive chemotaxis,3/195,27/18986,0.1111111111111111,10.818233618233618,5.200620823337978,0.002602283094941184,0.04293604784648712,0.03276407926588923,VEGFC/IL16/KDR,3
2,GO:0001954,positive regulation of cell-matrix adhesion,4/195,56/18986,0.07142857142857142,6.954578754578755,4.54587416962067,0.002612218849272138,0.04293604784648712,0.03276407926588923,NRP1/CD36/KDR/ABL1,4
2,GO:0099084,postsynaptic specialization organization,4/195,56/18986,0.07142857142857142,6.954578754578755,4.54587416962067,0.002612218849272138,0.04293604784648712,0.03276407926588923,CDH2/LATS1/ABL1/ARF6,4
2,GO:0170033,L-amino acid metabolic process,7/195,181/18986,0.03867403314917127,3.7654625301034135,3.8081851676757266,0.0027100523564965538,0.044062857013400826,0.03362393634901646,GGT1/PCBD1/SCLY/KYNU/HAO1/DDAH1/HNMT,7
2,GO:0014033,neural crest cell differentiation,5/195,93/18986,0.053763440860215055,5.234629170113041,4.170172854595393,0.002718531023963033,0.044062857013400826,0.03362393634901646,SEMA3F/CDH2/NRP1/RET/FN1,5
2,GO:0045824,negative regulation of innate immune response,5/195,93/18986,0.053763440860215055,5.234629170113041,4.170172854595393,0.002718531023963033,0.044062857013400826,0.03362393634901646,TGFB1/YTHDF3/GFER/PARP1/CEACAM1,5
2,GO:0001755,neural crest cell migration,4/195,57/18986,0.07017543859649122,6.832568600989653,4.4924278189221285,0.0027871190640886903,0.04476010937327754,0.03415600282306661,SEMA3F/NRP1/RET/FN1,4
2,GO:0099024,plasma membrane invagination,4/195,57/18986,0.07017543859649122,6.832568600989653,4.4924278189221285,0.0027871190640886903,0.04476010937327754,0.03415600282306661,CD36/MYH9/HAVCR1/BECN1,4
2,GO:0038127,ERBB signaling pathway,6/195,136/18986,0.04411764705882353,4.295475113122172,3.9289768809675993,0.002833012816145847,0.0450420486003575,0.034371147896903834,HBEGF/CHMP6/ERBB2/TGFB1/ABL1/CEACAM1,6
2,GO:0061844,antimicrobial humoral immune response mediated by antimicrobial peptide,6/195,136/18986,0.04411764705882353,4.295475113122172,3.9289768809675993,0.002833012816145847,0.0450420486003575,0.034371147896903834,CCL22/CCL23/CCL16/CXCL6/CXCL13/CXCL10,6
2,GO:0060485,mesenchyme development,10/195,341/18986,0.02932551319648094,2.855252274607113,3.521653545176115,0.00284327127697201,0.0450420486003575,0.034371147896903834,SEMA3F/NOMO1/DKK1/FGFR2/CDH2/TGFB1/NRP1/RET/FN1/SMAD2,10
2,GO:0003416,endochondral bone growth,3/195,28/18986,0.10714285714285714,10.43186813186813,5.0877778066554775,0.0028927020075840007,0.04537655787401882,0.03462640866046086,FGFR2/NPPC/STC1,3
2,GO:0031400,negative regulation of protein modification process,10/195,342/18986,0.029239766081871343,2.8469035837456884,3.5110368696544088,0.002903364869732949,0.04537655787401882,0.03462640866046086,DKK1/CHMP6/TGFB1/CDKN1A/LATS1/SNCA/HEG1/ABL1/SMPD1/CEACAM1,10
2,GO:1902903,regulation of supramolecular fiber organization,11/195,400/18986,0.0275,2.6775128205128205,3.45422431852753,0.002917151481545533,0.04537655787401882,0.03462640866046086,MEGF9/LATS1/F11R/NRP1/PSRC1/SNCA/NAA80/ABL1/ELN/ARF6/MTSS1,11
2,GO:0043549,regulation of kinase activity,12/195,460/18986,0.02608695652173913,2.539933110367893,3.405944783978129,0.002933363002844554,0.04537655787401882,0.03462640866046086,VEGFC/CHMP6/ERBB2/CDKN1A/LATS1/PSRC1/SNCA/HEG1/ABL1/GH1/SMPD1/CEACAM1,12
2,GO:0048565,digestive tract development,6/195,137/18986,0.043795620437956206,4.264121280179674,3.9059805226766278,0.002937993609566048,0.04537655787401882,0.03462640866046086,FGFR2/TGFB1/CDKN1A/RET/SMAD2/PDGFC,6
2,GO:0043542,endothelial cell migration,9/195,287/18986,0.0313588850174216,3.053229697132136,3.570400665723648,0.0029421532811774558,0.04537655787401882,0.03462640866046086,VEGFC/TGFB1/NRP1/STC1/MYH9/KDR/ABL1/CXCL13/CEACAM1,9
2,GO:0010594,regulation of endothelial cell migration,8/195,235/18986,0.03404255319148936,3.3145226404800874,3.636895376259419,0.0030296314676524624,0.04652078845724241,0.03549955985642636,VEGFC/TGFB1/NRP1/STC1/KDR/ABL1/CXCL13/CEACAM1,8
2,GO:0019730,antimicrobial humoral response,7/195,185/18986,0.03783783783783784,3.684047124047124,3.7370868083776045,0.0030600602207273087,0.046782842064481696,0.03569953040774952,RNASE4/CCL22/CCL23/CCL16/CXCL6/CXCL13/CXCL10,7
2,GO:0002685,regulation of leukocyte migration,8/195,236/18986,0.03389830508474576,3.3004780530204263,3.6226061491291768,0.003109005833628841,0.04708697246781627,0.035931609351709345,SERPINE1/CD99L2/VEGFC/TGFB1/SELE/ABL1/CXCL13/CXCL10,8
2,GO:0007044,cell-substrate junction assembly,5/195,96/18986,0.052083333333333336,5.0710470085470085,4.073553410315916,0.0031194657522642544,0.04708697246781627,0.035931609351709345,ITGA5/NRP1/FN1/KDR/ABL1,5
2,GO:0061448,connective tissue development,9/195,290/18986,0.03103448275862069,3.021644562334217,3.534085982043788,0.0031517392242133837,0.04708697246781627,0.035931609351709345,PTH/NPPC/SMAD1/PBXIP1/TGFB1/STC1/PARP1/SMAD5/TGFBI,9
2,GO:0007266,Rho protein signal transduction,6/195,139/18986,0.04316546762589928,4.202767017155507,3.860639878277197,0.0031566560255839584,0.04708697246781627,0.035931609351709345,PTH/ERBB2/F11R/NRP1/HEG1/ABL1,6
2,GO:0048008,platelet-derived growth factor receptor signaling pathway,4/195,59/18986,0.06779661016949153,6.600956106040853,4.389296756189926,0.0031606508226040626,0.04708697246781627,0.035931609351709345,NRP1/SNCA/ABL1/PDGFC,4
2,GO:0060135,maternal process involved in female pregnancy,4/195,59/18986,0.06779661016949153,6.600956106040853,4.389296756189926,0.0031606508226040626,0.04708697246781627,0.035931609351709345,ACE2/DSG2/STC1/PARP1,4
2,GO:0031342,negative regulation of cell killing,3/195,29/18986,0.10344827586206896,10.072148541114059,4.980489243728176,0.003202293324443014,0.04750520732574149,0.03625076029186605,TGFB1/GFER/CEACAM1,3
2,GO:0019318,hexose metabolic process,8/195,238/18986,0.03361344537815126,3.2727429433311785,3.5942558166725744,0.0032726079372761142,0.04834346155444589,0.03689042391653021,PTH/GPD1/KHK/FUOM/ENO3/SORD/DCXR/MAN2B2,8
2,GO:0006909,phagocytosis,8/195,239/18986,0.03347280334728033,3.259049458212638,3.580193173324407,0.0033568797342696014,0.049008462841744205,0.03739787991170847,TGFB1/CD36/MYH9/YES1/ABL1/HAVCR1/FCN2/BECN1,8
2,GO:0055008,cardiac muscle tissue morphogenesis,4/195,60/18986,0.06666666666666667,6.490940170940171,4.33950885732772,0.0033596204176002883,0.049008462841744205,0.03739787991170847,FGFR2/TGFB1/EGLN1/HEG1,4
2,GO:0097479,synaptic vesicle localization,4/195,60/18986,0.06666666666666667,6.490940170940171,4.33950885732772,0.0033596204176002883,0.049008462841744205,0.03739787991170847,CDH2/SNCA/SNAPIN/BLOC1S3,4
2,GO:0021700,developmental maturation,10/195,350/18986,0.02857142857142857,2.7818315018315016,3.427456599443407,0.003421561614788374,0.04970492619657302,0.0379293443037034,PTH/NPPC/AGRN/TGFB1/CDKN1A/RET/SNAPIN/KDR/GH1/BLOC1S3,10
2,GO:0045766,positive regulation of angiogenesis,7/195,189/18986,0.037037037037037035,3.606077872744539,3.66793541772815,0.0034436699237181266,0.049819373565856036,0.03801667797475687,SERPINE1/SMAD1/ITGA5/NRP1/KDR/ABL1/DDAH1,7
3,GO:0070663,regulation of leukocyte proliferation,20/179,270/18986,0.07407407407407407,7.856817711566314,11.0705710023701,1.1701098046974287e-12,2.490376447931024e-9,1.8090798631172228e-9,LGALS9/LEP/IGFBP2/KITLG/MAD1L1/LILRB4/VSIG4/MZB1/CSF1/CD74/TNFRSF1B/HAVCR2/GAL/TNFRSF4/CD22/TNFRSF9/TNFRSF13B/CD80/KIT/IL12B,20
3,GO:0032944,regulation of mononuclear cell proliferation,19/179,245/18986,0.07755102040816327,8.225607114354121,11.105370682913405,1.9661950855924947e-12,2.490376447931024e-9,1.8090798631172228e-9,LGALS9/LEP/IGFBP2/KITLG/MAD1L1/LILRB4/VSIG4/MZB1/CSF1/CD74/TNFRSF1B/HAVCR2/GAL/TNFRSF4/CD22/TNFRSF9/TNFRSF13B/CD80/IL12B,19
3,GO:1905952,regulation of lipid localization,17/179,188/18986,0.09042553191489362,9.591168429811006,11.549079992311242,2.575363441500542e-12,2.490376447931024e-9,1.8090798631172228e-9,PLTP/APOA1/PRAP1/CES1/FURIN/ADIPOQ/LEP/LPL/OXT/APOA2/C3/TNFRSF11A/ITGAV/PON1/GAL/RETN/REN,17
3,GO:0002697,regulation of immune effector process,23/179,410/18986,0.05609756097560976,5.950102193759367,9.885577519441496,7.000577363996805e-12,5.077168733238683e-9,3.688198916505685e-9,APOA1/CFH/LGALS9/LEP/IL18R1/APOA2/C3/LILRB4/VSIG4/MZB1/CD74/TNFRSF1B/HAVCR2/IL7R/TNFRSF4/FCER2/CD22/SPON2/CD80/KLRB1/LAG3/KIT/IL12B,23
3,GO:0070661,leukocyte proliferation,21/179,341/18986,0.06158357771260997,6.531987745539737,10.056555598632544,1.0680351887130803e-11,5.312012355994361e-9,3.858795963896555e-9,LGALS9/LEP/IGFBP2/KITLG/MAD1L1/LILRB4/VSIG4/MZB1/CSF1/CD74/TNFRSF1B/HAVCR2/IL7R/GAL/TNFRSF4/CD22/TNFRSF9/TNFRSF13B/CD80/KIT/IL12B,21
3,GO:0032943,mononuclear cell proliferation,20/179,305/18986,0.06557377049180328,6.955215679091491,10.228675670593537,1.0986581915189991e-11,5.312012355994361e-9,3.858795963896555e-9,LGALS9/LEP/IGFBP2/KITLG/MAD1L1/LILRB4/VSIG4/MZB1/CSF1/CD74/TNFRSF1B/HAVCR2/IL7R/GAL/TNFRSF4/CD22/TNFRSF9/TNFRSF13B/CD80/IL12B,20
3,GO:0050670,regulation of lymphocyte proliferation,18/179,240/18986,0.075,7.955027932960894,10.57845509931202,1.3553589213430326e-11,5.616994615451625e-9,4.0803437000432354e-9,LGALS9/LEP/IGFBP2/KITLG/MAD1L1/LILRB4/VSIG4/MZB1/CD74/TNFRSF1B/HAVCR2/GAL/TNFRSF4/CD22/TNFRSF9/TNFRSF13B/CD80/IL12B,18
3,GO:0046651,lymphocyte proliferation,19/179,297/18986,0.06397306397306397,6.7854334781709085,9.803770834421831,5.6819817327194136e-11,2.0604286258273775e-8,1.4967536090663508e-8,LGALS9/LEP/IGFBP2/KITLG/MAD1L1/LILRB4/VSIG4/MZB1/CD74/TNFRSF1B/HAVCR2/IL7R/GAL/TNFRSF4/CD22/TNFRSF9/TNFRSF13B/CD80/IL12B,19
3,GO:0050863,regulation of T cell activation,21/179,393/18986,0.05343511450381679,5.667704379717685,9.122144291541478,1.5047534519455464e-10,4.8503219601044774e-8,3.523411006777759e-8,SIT1/LGALS9/LEP/PAG1/CD4/IGFBP2/KITLG/MAD1L1/LILRB4/CD5/VSIG4/THY1/CD74/CD27/TNFRSF1B/HAVCR2/IL7R/TNFRSF9/CD80/LAG3/IL12B,21
3,GO:0032368,regulation of lipid transport,14/179,156/18986,0.08974358974358974,9.518836842859189,10.422922141048979,2.6105678438441335e-10,7.573257314991831e-8,5.5014282351325843e-8,PLTP/APOA1/PRAP1/CES1/FURIN/ADIPOQ/OXT/APOA2/TNFRSF11A/ITGAV/PON1/GAL/RETN/REN,14
3,GO:0006869,lipid transport,22/179,459/18986,0.04793028322440087,5.083823225131145,8.640577714333087,4.2182196479884075e-10,1.1124595635285793e-7,8.081220799304106e-8,PLTP/APOA1/PRAP1/CES1/FURIN/ADIPOQ/LEP/SCARB2/RBP5/FABP4/APOD/OXT/APOF/APOA2/NPC2/TNFRSF11A/ITGAV/PON1/GAL/FABP1/RETN/REN,22
3,GO:1905954,positive regulation of lipid localization,12/179,113/18986,0.10619469026548672,11.263756365254363,10.675719152150783,7.361262381309546e-10,1.779585180681583e-7,1.2927409901212029e-7,PLTP/APOA1/PRAP1/CES1/ADIPOQ/LPL/OXT/C3/TNFRSF11A/PON1/GAL/RETN,12
3,GO:0019216,regulation of lipid metabolic process,18/179,344/18986,0.05232558139534884,5.550019488112252,8.308416895097912,4.639723140230175e-9,1.0353720638313644e-6,7.521235406267862e-7,APOA1/RARRES2/CES1/ADIPOQ/LEP/SCARB2/APOD/ADM/TNFRSF1A/APOA2/NPC2/C3/GDF15/GIP/CD74/GAL/FABP1/KIT,18
3,GO:1903037,regulation of leukocyte cell-cell adhesion,19/179,392/18986,0.04846938775510204,5.141004446471326,8.08228891519587,5.923310970655527e-9,1.2273946518479775e-6,8.916141776881478e-7,LGALS9/LEP/PAG1/CD4/IGFBP2/KITLG/MAD1L1/SKAP1/LILRB4/CD5/VSIG4/THY1/CD74/CD27/HAVCR2/IL7R/CD80/LAG3/IL12B,19
3,GO:0032370,positive regulation of lipid transport,10/179,88/18986,0.11363636363636363,12.053072625698324,10.13884517727712,1.0314439587481834e-8,1.9598397403005726e-6,1.4236829986326842e-6,PLTP/APOA1/PRAP1/CES1/ADIPOQ/OXT/TNFRSF11A/PON1/GAL/RETN,10
3,GO:0045785,positive regulation of cell adhesion,21/179,499/18986,0.04208416833667335,4.463743128715532,7.649530549710706,1.0809181608000401e-8,1.9598397403005726e-6,1.4236829986326842e-6,APOA1/LGALS9/LEP/CD4/IGFBP2/KITLG/SKAP1/EPHA1/LILRB4/CD5/ITGAV/CSF1/ADGRG1/THY1/CD74/CD27/HAVCR2/IL7R/DMP1/CD80/IL12B,21
3,GO:0007159,leukocyte cell-cell adhesion,19/179,430/18986,0.044186046511627906,4.686683123294791,7.543969270321042,2.6249871279141735e-8,4.479463328281775e-6,3.254008811197632e-6,LGALS9/LEP/PAG1/CD4/IGFBP2/KITLG/MAD1L1/SKAP1/LILRB4/CD5/VSIG4/THY1/CD74/CD27/HAVCR2/IL7R/CD80/LAG3/IL12B,19
3,GO:0002443,leukocyte mediated immunity,20/179,485/18986,0.041237113402061855,4.373898519841041,7.343064405854597,3.469105993751379e-8,5.591042493262639e-6,4.061491344731147e-6,CFI/LGALS9/LEP/IL18R1/C1RL/C3/PTGDS/LILRB4/CD74/CD27/TNFRSF1B/HAVCR2/IL7R/FCER2/SPON2/CD80/KLRB1/LAG3/KIT/IL12B,20
3,GO:0002706,regulation of lymphocyte mediated immunity,13/179,198/18986,0.06565656565656566,6.963997517070143,8.230037750684925,5.097191742718473e-8,7.782606971382258e-6,5.653505744555337e-6,LGALS9/LEP/IL18R1/C3/LILRB4/TNFRSF1B/HAVCR2/IL7R/FCER2/CD80/KLRB1/LAG3/IL12B,13
3,GO:0007631,feeding behavior,10/179,108/18986,0.09259259259259259,9.821022139457893,8.968604089253207,7.523515582341545e-8,1.0912859352186413e-5,7.927409576761985e-6,GCG/LEP/OXT/PYY/PPY/GDF15/LEPR/GAL/RETN/REN,10
3,GO:1903039,positive regulation of leukocyte cell-cell adhesion,15/179,284/18986,0.0528169014084507,5.602132347155559,7.623357760936082,8.397693058949391e-8,1.1600813125720087e-5,8.427158648629916e-6,LGALS9/LEP/CD4/IGFBP2/KITLG/SKAP1/LILRB4/CD5/THY1/CD74/CD27/HAVCR2/IL7R/CD80/IL12B,15
3,GO:0042098,T cell proliferation,13/179,215/18986,0.06046511627906977,6.413355852929714,7.7877886333058655,1.3373073418622396e-7,1.7634220903374353e-5,1.2809996643101454e-5,LGALS9/LEP/IGFBP2/KITLG/MAD1L1/LILRB4/VSIG4/TNFRSF1B/HAVCR2/TNFRSF4/TNFRSF9/CD80/IL12B,13
3,GO:0002449,lymphocyte mediated immunity,17/179,386/18986,0.04404145077720207,4.671346281876863,7.10942673987969,1.5498309365622025e-7,1.921652035444026e-5,1.3959423701296975e-5,CFI/LGALS9/LEP/IL18R1/C1RL/C3/LILRB4/CD74/CD27/TNFRSF1B/HAVCR2/IL7R/FCER2/CD80/KLRB1/LAG3/IL12B,17
3,GO:0042129,regulation of T cell proliferation,12/179,182/18986,0.06593406593406594,6.9934311498557316,7.926074450144803,1.6156959369197104e-7,1.921652035444026e-5,1.3959423701296975e-5,LGALS9/LEP/IGFBP2/KITLG/MAD1L1/LILRB4/VSIG4/TNFRSF1B/HAVCR2/TNFRSF9/CD80/IL12B,12
3,GO:0002703,regulation of leukocyte mediated immunity,14/179,258/18986,0.05426356589147287,5.755575765449742,7.503075417389321,1.6560255389900257e-7,1.921652035444026e-5,1.3959423701296975e-5,LGALS9/LEP/IL18R1/C3/LILRB4/TNFRSF1B/HAVCR2/IL7R/FCER2/CD80/KLRB1/LAG3/KIT/IL12B,14
3,GO:0050870,positive regulation of T cell activation,14/179,260/18986,0.05384615384615385,5.7113021057155136,7.462376763123763,1.8203144539472426e-7,2.0310508580388273e-5,1.4754127679361863e-5,LGALS9/LEP/CD4/IGFBP2/KITLG/LILRB4/CD5/THY1/CD74/CD27/HAVCR2/IL7R/CD80/IL12B,14
3,GO:0007162,negative regulation of cell adhesion,15/179,314/18986,0.04777070063694268,5.066896772586557,7.089320451264331,3.074602163755353e-7,3.303489213723807e-5,2.3997479656289345e-5,APOA1/ADIPOQ/IL1RN/LGALS9/PAG1/APOD/MAD1L1/LILRB4/TACSTD2/VSIG4/PLXNB2/CD74/HAVCR2/CD80/LAG3,15
3,GO:0046718,symbiont entry into host cell,11/179,159/18986,0.06918238993710692,7.337971258915709,7.829433148573898,3.318925050313633e-7,3.438643418199947e-5,2.4979278010255238e-5,FURIN/LGALS9/SCARB2/CD4/MRC1/ITGAV/CD74/TNFRSF4/SIGLEC1/CD80/CTSB,11
3,GO:0010720,positive regulation of cell development,18/179,460/18986,0.0391304347826087,4.150449356327423,6.673176974719981,3.78343654807519e-7,3.78474118136763e-5,2.7493430015413908e-5,ADIPOQ/SERPINF1/LGALS9/CD4/KITLG/BAIAP2/LILRB4/TNFRSF11A/CSF1/PLXNB2/CD74/CD27/TNFRSF1B/IL7R/SLITRK1/CD80/KIT/IL12B,18
3,GO:0044409,symbiont entry into host,11/179,164/18986,0.06707317073170732,7.114252622973157,7.671927179955059,4.5294259110824526e-7,4.379954856016732e-5,3.181723043504235e-5,FURIN/LGALS9/SCARB2/CD4/MRC1/ITGAV/CD74/TNFRSF4/SIGLEC1/CD80/CTSB,11
3,GO:0070665,positive regulation of leukocyte proliferation,11/179,166/18986,0.06626506024096386,7.028538735949384,7.610765559167711,5.113525714670046e-7,4.785270354276711e-5,3.476155681076208e-5,LGALS9/LEP/IGFBP2/KITLG/CSF1/CD74/HAVCR2/TNFRSF4/CD80/KIT/IL12B,11
3,GO:0051250,negative regulation of lymphocyte activation,11/179,169/18986,0.0650887573964497,6.9037717761396316,7.52089930858852,6.114467386949837e-7,5.5431468404817115e-5,4.026698588379465e-5,LGALS9/PAG1/MAD1L1/LILRB4/VSIG4/CD74/HAVCR2/GAL/TNFRSF13B/CD80/LAG3,11
3,GO:0022408,negative regulation of cell-cell adhesion,12/179,207/18986,0.057971014492753624,6.148813861225811,7.2665486796566885,6.463613684193761e-7,5.6821040296503334e-5,4.127641019379876e-5,APOA1/ADIPOQ/IL1RN/LGALS9/PAG1/MAD1L1/LILRB4/VSIG4/CD74/HAVCR2/CD80/LAG3,12
3,GO:0022409,positive regulation of cell-cell adhesion,15/179,336/18986,0.044642857142857144,4.7351356743814845,6.73920482709586,7.256015747037254e-7,6.014200480615736e-5,4.368885270847694e-5,LGALS9/LEP/CD4/IGFBP2/KITLG/SKAP1/LILRB4/CD5/THY1/CD74/CD27/HAVCR2/IL7R/CD80/IL12B,15
3,GO:0051251,positive regulation of lymphocyte activation,15/179,336/18986,0.044642857142857144,4.7351356743814845,6.73920482709586,7.256015747037254e-7,6.014200480615736e-5,4.368885270847694e-5,LGALS9/LEP/CD4/IGFBP2/KITLG/LILRB4/CD5/THY1/CD74/CD27/HAVCR2/IL7R/TNFRSF4/CD80/IL12B,15
3,GO:0031341,regulation of cell killing,9/179,112/18986,0.08035714285714286,8.523244213886674,7.790301207016235,1.1491359098976432e-6,9.202761968548114e-5,6.685146487067372e-5,CFH/LGALS9/LEP/HAVCR2/IL7R/FCER2/KLRB1/LAG3/IL12B,9
3,GO:0050866,negative regulation of cell activation,12/179,219/18986,0.0547945205479452,5.811892553761384,6.987351734619739,1.173740754347743e-6,9.202761968548114e-5,6.685146487067372e-5,LGALS9/PAG1/MAD1L1/NOS3/LILRB4/VSIG4/CD74/HAVCR2/GAL/TNFRSF13B/CD80/LAG3,12
3,GO:0032946,positive regulation of mononuclear cell proliferation,10/179,148/18986,0.06756756756756757,7.166691831496301,7.347468981514566,1.4306803958845803e-6,1.0922115338055702e-4,7.934133386595373e-5,LGALS9/LEP/IGFBP2/KITLG/CSF1/CD74/HAVCR2/TNFRSF4/CD80/IL12B,10
3,GO:0032640,tumor necrosis factor production,11/179,188/18986,0.05851063829787234,6.206050160465946,6.9984764282555965,1.7504144881059418e-6,1.2694881074988345e-4,9.221920539968673e-5,ADIPOQ/LGALS9/LEP/LPL/CLEC4A/LILRB4/HAVCR2/SPON2/TNFRSF8/IL12B/DDT,11
3,GO:0032680,regulation of tumor necrosis factor production,11/179,188/18986,0.05851063829787234,6.206050160465946,6.9984764282555965,1.7504144881059418e-6,1.2694881074988345e-4,9.221920539968673e-5,ADIPOQ/LGALS9/LEP/LPL/CLEC4A/LILRB4/HAVCR2/SPON2/TNFRSF8/IL12B/DDT,11
3,GO:0002440,production of molecular mediator of immune response,12/179,230/18986,0.05217391304347826,5.533932475103231,6.749022992833683,1.961294267113515e-6,1.38773528509666e-4,1.0080901470503868e-4,APOA1/IL18R1/APOA2/LGALS4/LILRB4/MZB1/CD74/TNFRSF1B/TNFRSF4/CD22/SPON2/KIT,12
3,GO:0034113,heterotypic cell-cell adhesion,7/179,63/18986,0.1111111111111111,11.785226567349474,8.3652053556857755,2.0873645661319823e-6,1.4259254742884908e-4,1.0358325802447643e-4,APOA1/ADIPOQ/IL1RN/SKAP1/ITGAV/THY1/DSC2,7
3,GO:0050672,negative regulation of lymphocyte proliferation,8/179,90/18986,0.08888888888888889,9.428181253879579,7.818838366933464,2.1417979911504945e-6,1.4259254742884908e-4,1.0358325802447643e-4,LGALS9/MAD1L1/LILRB4/VSIG4/HAVCR2/GAL/TNFRSF13B/CD80,8
3,GO:0030217,T cell differentiation,14/179,320/18986,0.04375,4.640432960893854,6.407291021103686,2.1840736474064735e-6,1.4259254742884908e-4,1.0358325802447643e-4,LGALS9/LEP/CD4/IL18R1/LILRB4/LEPR/CD74/CD27/IL7R/TNFRSF9/CD80/LAG3/KIT/IL12B,14
3,GO:0071706,tumor necrosis factor superfamily cytokine production,11/179,193/18986,0.05699481865284974,6.04527165889947,6.872855404448863,2.26103315468013e-6,1.4259254742884908e-4,1.0358325802447643e-4,ADIPOQ/LGALS9/LEP/LPL/CLEC4A/LILRB4/HAVCR2/SPON2/TNFRSF8/IL12B/DDT,11
3,GO:1903555,regulation of tumor necrosis factor superfamily cytokine production,11/179,193/18986,0.05699481865284974,6.04527165889947,6.872855404448863,2.26103315468013e-6,1.4259254742884908e-4,1.0358325802447643e-4,ADIPOQ/LGALS9/LEP/LPL/CLEC4A/LILRB4/HAVCR2/SPON2/TNFRSF8/IL12B/DDT,11
3,GO:0002696,positive regulation of leukocyte activation,15/179,371/18986,0.04043126684636118,4.288424761703985,6.240442677149093,2.4843774939162612e-6,1.4652665133187584e-4,1.0644110233001883e-4,LGALS9/LEP/CD4/IGFBP2/KITLG/LILRB4/CD5/THY1/CD74/CD27/HAVCR2/IL7R/TNFRSF4/CD80/IL12B,15
3,GO:1902107,positive regulation of leukocyte differentiation,11/179,195/18986,0.05641025641025641,5.983268872654347,6.823838401485327,2.499289892881464e-6,1.4652665133187584e-4,1.0644110233001883e-4,LGALS9/CD4/KITLG/LILRB4/TNFRSF11A/CSF1/CD74/CD27/IL7R/CD80/IL12B,11
3,GO:1903708,positive regulation of hemopoiesis,11/179,195/18986,0.05641025641025641,5.983268872654347,6.823838401485327,2.499289892881464e-6,1.4652665133187584e-4,1.0644110233001883e-4,LGALS9/CD4/KITLG/LILRB4/TNFRSF11A/CSF1/CD74/CD27/IL7R/CD80/IL12B,11
3,GO:0032945,negative regulation of mononuclear cell proliferation,8/179,92/18986,0.08695652173913043,9.223220791838719,7.713401949096903,2.5310474164010363e-6,1.4652665133187584e-4,1.0644110233001883e-4,LGALS9/MAD1L1/LILRB4/VSIG4/HAVCR2/GAL/TNFRSF13B/CD80,8
3,GO:0002695,negative regulation of leukocyte activation,11/179,196/18986,0.05612244897959184,5.952741990651009,6.79958494903694,2.6264687587926726e-6,1.4652665133187584e-4,1.0644110233001883e-4,LGALS9/PAG1/MAD1L1/LILRB4/VSIG4/CD74/HAVCR2/GAL/TNFRSF13B/CD80/LAG3,11
3,GO:0002700,regulation of production of molecular mediator of immune response,11/179,196/18986,0.05612244897959184,5.952741990651009,6.79958494903694,2.6264687587926726e-6,1.4652665133187584e-4,1.0644110233001883e-4,APOA1/IL18R1/APOA2/LILRB4/MZB1/CD74/TNFRSF1B/TNFRSF4/CD22/SPON2/KIT,11
3,GO:0050892,intestinal absorption,6/179,44/18986,0.13636363636363635,14.46368715083799,8.722670909585332,3.385987185091505e-6,1.8533488347076331e-4,1.3463249939529677e-4,APOA1/PRAP1/LEP/APOA2/FABP1/HEPH,6
3,GO:0002698,negative regulation of immune effector process,9/179,128/18986,0.0703125,7.457838687150838,7.15181736613885,3.504517044075518e-6,1.8804288772402637e-4,1.3659967024927912e-4,APOA1/LGALS9/APOA2/LILRB4/VSIG4/HAVCR2/IL7R/CD22/CD80,9
3,GO:1904729,regulation of intestinal lipid absorption,4/179,12/18986,0.3333333333333333,35.35567970204841,11.613998724770344,3.5651012839784387e-6,1.8804288772402637e-4,1.3659967024927912e-4,APOA1/PRAP1/LEP/APOA2,4
3,GO:0051701,biological process involved in interaction with host,11/179,204/18986,0.05392156862745098,5.719301128272538,6.611407241953816,3.865572669975912e-6,2.0025046992143075e-4,1.4546760310698827e-4,FURIN/LGALS9/SCARB2/CD4/MRC1/ITGAV/CD74/TNFRSF4/SIGLEC1/CD80/CTSB,11
3,GO:0070664,negative regulation of leukocyte proliferation,8/179,99/18986,0.08080808080808081,8.571073867163253,7.368271915272908,4.401775748187891e-6,2.240272183419837e-4,1.6273970540853477e-4,LGALS9/MAD1L1/LILRB4/VSIG4/HAVCR2/GAL/TNFRSF13B/CD80,8
3,GO:0045834,positive regulation of lipid metabolic process,9/179,132/18986,0.06818181818181818,7.231843575418995,7.009286499508812,4.516304012558113e-6,2.25893067938467e-4,1.6409511130928027e-4,APOA1/CES1/ADIPOQ/ADM/TNFRSF1A/APOA2/GDF15/CD74/FABP1,9
3,GO:0050867,positive regulation of cell activation,15/179,391/18986,0.03836317135549872,4.0690679963994345,5.982309140764808,4.70710212781402e-6,2.3144581818285547e-4,1.6812878608177818e-4,LGALS9/LEP/CD4/IGFBP2/KITLG/LILRB4/CD5/THY1/CD74/CD27/HAVCR2/IL7R/TNFRSF4/CD80/IL12B,15
3,GO:0010875,positive regulation of cholesterol efflux,5/179,27/18986,0.18518518518518517,19.642044278915787,9.456703179781963,4.805752739822596e-6,2.323581449704225e-4,1.687915260548217e-4,PLTP/APOA1/CES1/ADIPOQ/PON1,5
3,GO:0050868,negative regulation of T cell activation,9/179,134/18986,0.06716417910447761,7.12390561160677,6.940235794166985,5.10990815859031e-6,0.00023909425109791112,1.7368482399826487e-4,LGALS9/PAG1/MAD1L1/LILRB4/VSIG4/CD74/HAVCR2/CD80/LAG3,9
3,GO:0051384,response to glucocorticoid,9/179,134/18986,0.06716417910447761,7.12390561160677,6.940235794166985,5.10990815859031e-6,0.00023909425109791112,1.7368482399826487e-4,ADIPOQ/IL1RN/SERPINF1/IGFBP2/ADM/OXT/APOA2/PTGDS/AREG,9
3,GO:0062012,regulation of small molecule metabolic process,14/179,348/18986,0.040229885057471264,4.267064791626533,6.000946702711209,5.757034678860792e-6,2.650977397361136e-4,1.9257449335136686e-4,APOA1/CES1/ADIPOQ/GCG/IGFBP4/LEP/ADM/NOS3/GDF15/LEPR/GIP/CD74/FABP1/KIT,14
3,GO:0033344,cholesterol efflux,7/179,74/18986,0.0945945945945946,10.033368564094822,7.595719425088471,6.2229899872076295e-6,2.8207646801389584e-4,2.0490832161825122e-4,PLTP/APOA1/CES1/ADIPOQ/APOA2/NPC2/PON1,7
3,GO:0042269,regulation of natural killer cell mediated cytotoxicity,6/179,49/18986,0.12244897959183673,12.987800706874928,8.196982704075122,6.450855721722516e-6,2.879066530571849e-4,2.0914353287268786e-4,LGALS9/LEP/HAVCR2/KLRB1/LAG3/IL12B,6
3,GO:0001934,positive regulation of protein phosphorylation,16/179,455/18986,0.035164835164835165,3.729829946589723,5.749948011016364,6.781499506320771e-6,2.915066219417337e-4,2.1175865205368417e-4,RARRES2/ADIPOQ/GCG/LEP/CD4/KITLG/NTRK3/C3/TNFRSF10A/CHI3L1/TNFRSF11A/LEPR/CD74/CD80/AREG/KIT,16
3,GO:0032602,chemokine production,8/179,105/18986,0.0761904761904762,8.081298217611067,7.098508255603925,6.832971489844155e-6,2.915066219417337e-4,2.1175865205368417e-4,ADIPOQ/LGALS9/LPL/APOD/LILRB4/CD74/HAVCR2/HMOX1,8
3,GO:0032642,regulation of chemokine production,8/179,105/18986,0.0761904761904762,8.081298217611067,7.098508255603925,6.832971489844155e-6,2.915066219417337e-4,2.1175865205368417e-4,ADIPOQ/LGALS9/LPL/APOD/LILRB4/CD74/HAVCR2/HMOX1,8
3,GO:1904478,regulation of intestinal absorption,4/179,14/18986,0.2857142857142857,30.3048683160415,10.70087492635551,7.103714631047e-6,2.986648716618456e-4,2.1695860703823183e-4,APOA1/PRAP1/LEP/APOA2,4
3,GO:0032371,regulation of sterol transport,7/179,77/18986,0.09090909090909091,9.64245810055866,7.413450947812022,8.120775541931812e-6,3.318080260161153e-4,2.4103473142991088e-4,PLTP/APOA1/CES1/FURIN/ADIPOQ/APOA2/PON1,7
3,GO:0032374,regulation of cholesterol transport,7/179,77/18986,0.09090909090909091,9.64245810055866,7.413450947812022,8.120775541931812e-6,3.318080260161153e-4,2.4103473142991088e-4,PLTP/APOA1/CES1/FURIN/ADIPOQ/APOA2/PON1,7
3,GO:0002819,regulation of adaptive immune response,11/179,221/18986,0.049773755656108594,5.279354887636189,6.2426963430106435,8.297540542765381e-6,3.3432173770225513e-4,2.4286076266982886e-4,CD4/IL18R1/SKAP1/C3/LILRB4/TNFRSF1B/HAVCR2/IL7R/FCER2/CD80/IL12B,11
3,GO:0032760,positive regulation of tumor necrosis factor production,8/179,108/18986,0.07407407407407407,7.856817711566314,6.971537129709185,8.422630559282967e-6,3.3471303085588885e-4,2.4314500907980533e-4,LGALS9/LEP/LPL/HAVCR2/SPON2/TNFRSF8/IL12B/DDT,8
3,GO:0140353,lipid export from cell,6/179,52/18986,0.11538461538461539,12.238504512247529,7.9170076331083195,9.17433880814194e-6,3.596588767894563e-4,2.612663768691346e-4,LEP/OXT/TNFRSF11A/GAL/RETN/REN,6
3,GO:0046598,positive regulation of viral entry into host cell,4/179,15/18986,0.26666666666666666,28.284543761638734,10.313100919450706,9.615630544006967e-6,3.6610772748419334e-4,2.659510043445473e-4,FURIN/LGALS9/CD4/CD74,4
3,GO:0075294,positive regulation by symbiont of entry into host,4/179,15/18986,0.26666666666666666,28.284543761638734,10.313100919450706,9.615630544006967e-6,3.6610772748419334e-4,2.659510043445473e-4,FURIN/LGALS9/CD4/CD74,4
3,GO:0050671,positive regulation of lymphocyte proliferation,9/179,145/18986,0.06206896551724138,6.5834713927952215,6.58428128004423,9.717440543358458e-6,3.6610772748419334e-4,2.659510043445473e-4,LGALS9/LEP/IGFBP2/KITLG/CD74/HAVCR2/TNFRSF4/CD80/IL12B,9
3,GO:0002699,positive regulation of immune effector process,12/179,272/18986,0.04411764705882353,4.67942819585935,5.962845070865517,1.0913510526304071e-5,3.995689058501521e-4,2.902581503699285e-4,LGALS9/IL18R1/C3/MZB1/CD74/TNFRSF4/FCER2/SPON2/CD80/LAG3/KIT/IL12B,12
3,GO:0022600,digestive system process,8/179,112/18986,0.07142857142857142,7.576217079010375,6.80965689690783,1.101879092313415e-5,3.995689058501521e-4,2.902581503699285e-4,APOA1/PRAP1/LEP/OXT/APOA2/MUC13/FABP1/HEPH,8
3,GO:1903557,positive regulation of tumor necrosis factor superfamily cytokine production,8/179,112/18986,0.07142857142857142,7.576217079010375,6.80965689690783,1.101879092313415e-5,3.995689058501521e-4,2.902581503699285e-4,LGALS9/LEP/LPL/HAVCR2/SPON2/TNFRSF8/IL12B/DDT,8
3,GO:0002715,regulation of natural killer cell mediated immunity,6/179,55/18986,0.10909090909090909,11.57094972067039,7.659150936601428,1.276182804357884e-5,4.5492421149914046e-4,3.3046980947451125e-4,LGALS9/LEP/HAVCR2/KLRB1/LAG3/IL12B,6
3,GO:0042327,positive regulation of phosphorylation,16/179,479/18986,0.033402922755741124,3.542949114192743,5.499326032257545,1.285894013889332e-5,4.5492421149914046e-4,3.3046980947451125e-4,RARRES2/ADIPOQ/GCG/LEP/CD4/KITLG/NTRK3/C3/TNFRSF10A/CHI3L1/TNFRSF11A/LEPR/CD74/CD80/AREG/KIT,16
3,GO:0030098,lymphocyte differentiation,15/179,426/18986,0.035211267605633804,3.734754898103706,5.56937263267672,1.3088184013793607e-5,4.574556846266898e-4,3.323087431276449e-4,LGALS9/LEP/CD4/IL18R1/LILRB4/LEPR/CD74/CD27/CD79B/IL7R/TNFRSF9/CD80/LAG3/KIT/IL12B,15
3,GO:0034368,protein-lipid complex remodeling,5/179,33/18986,0.15151515151515152,16.0707635009311,8.453280833548135,1.3495713219199791e-5,4.606007535164541e-4,3.345934100908728e-4,PLTP/APOA1/FURIN/LPL/APOA2,5
3,GO:0034369,plasma lipoprotein particle remodeling,5/179,33/18986,0.15151515151515152,16.0707635009311,8.453280833548135,1.3495713219199791e-5,4.606007535164541e-4,3.345934100908728e-4,PLTP/APOA1/FURIN/LPL/APOA2,5
3,GO:0062013,positive regulation of small molecule metabolic process,9/179,153/18986,0.058823529411764705,6.239237594479132,6.347842020733121,1.4975063747880936e-5,4.993409187655471e-4,3.627353614429236e-4,APOA1/CES1/ADIPOQ/GCG/ADM/NOS3/GDF15/CD74/FABP1,9
3,GO:1903038,negative regulation of leukocyte cell-cell adhesion,9/179,153/18986,0.058823529411764705,6.239237594479132,6.347842020733121,1.4975063747880936e-5,4.993409187655471e-4,3.627353614429236e-4,LGALS9/PAG1/MAD1L1/LILRB4/VSIG4/CD74/HAVCR2/CD80/LAG3,9
3,GO:0002685,regulation of leukocyte migration,11/179,236/18986,0.046610169491525424,4.943802670201685,5.947611549258729,1.5376872353164443e-5,5.069125760969324e-4,3.6823562740472747e-4,RARRES2/LGALS9/KITLG/APOD/GDF15/PGF/CSF1/THY1/CD74/HMOX1/DDT,11
3,GO:0034375,high-density lipoprotein particle remodeling,4/179,17/18986,0.23529411764705882,24.956950377916527,9.64063919899425,1.6520077420504484e-5,5.384802763694777e-4,3.911672974080423e-4,PLTP/APOA1/LPL/APOA2,4
3,GO:0031960,response to corticosteroid,9/179,156/18986,0.057692307692307696,6.119252256123764,6.263480410555538,1.749149861963901e-5,5.602604883010549e-4,4.069890591551777e-4,ADIPOQ/IL1RN/SERPINF1/IGFBP2/ADM/OXT/APOA2/PTGDS/AREG,9
3,GO:0032102,negative regulation of response to external stimulus,15/179,437/18986,0.034324942791762014,3.6407450494100204,5.44852560425301,1.7647546519578988e-5,5.602604883010549e-4,4.069890591551777e-4,APOA1/FURIN/ADIPOQ/LGALS9/HGF/RTN4R/TNFRSF1A/PLAT/NOS3/VSIG4/TNFRSF1B/HAVCR2/SIGLEC10/IL12B/DDT,15
3,GO:0008202,steroid metabolic process,13/179,334/18986,0.038922155688622756,4.128357809520624,5.627286206229988,1.7767654230850414e-5,5.602604883010549e-4,4.069890591551777e-4,APOA1/CES1/LEP/ADM/APOF/APOA2/NPC2/HSD11B1/LEPR/SERPINA6/PON1/GAL/KIT,13
3,GO:0034367,protein-containing complex remodeling,5/179,35/18986,0.14285714285714285,15.15243415802075,8.175628584028395,1.8180134022436207e-5,5.671028903127682e-4,4.1195957343426474e-4,PLTP/APOA1/FURIN/LPL/APOA2,5
3,GO:1902105,regulation of leukocyte differentiation,13/179,337/18986,0.03857566765578635,4.091606849791954,5.5865474360082015,1.9517229756238845e-5,5.980449814175042e-4,4.3443678325000214e-4,ADIPOQ/LGALS9/CD4/KITLG/LILRB4/TNFRSF11A/CSF1/CD74/CD27/IL7R/CD80/LAG3/IL12B,13
3,GO:0001818,negative regulation of cytokine production,14/179,388/18986,0.03608247422680412,3.8271612048609107,5.489153399877601,1.9584375468687657e-5,5.980449814175042e-4,4.3443678325000214e-4,APOA1/FURIN/ADIPOQ/LGALS9/HGF/APOD/APOA2/CLEC4A/LILRB4/VSIG4/HAVCR2/SIGLEC1/LAG3/IL12B,14
3,GO:0032373,positive regulation of sterol transport,5/179,36/18986,0.1388888888888889,14.73153320918684,8.045216372426676,2.0952004864767204e-5,6.241292279512884e-4,4.5338511742175276e-4,PLTP/APOA1/CES1/ADIPOQ/PON1,5
3,GO:0032376,positive regulation of cholesterol transport,5/179,36/18986,0.1388888888888889,14.73153320918684,8.045216372426676,2.0952004864767204e-5,6.241292279512884e-4,4.5338511742175276e-4,PLTP/APOA1/CES1/ADIPOQ/PON1,5
3,GO:0006957,"complement activation, alternative pathway",4/179,18/18986,0.2222222222222222,23.570453134698948,9.34625905196233,2.108399322275983e-5,6.241292279512884e-4,4.5338511742175276e-4,CFH/CFB/C3/VSIG4,4
3,GO:0030301,cholesterol transport,8/179,123/18986,0.06504065040650407,6.89866921015579,6.402849141513703,2.185852117437633e-5,6.405209083521792e-4,4.6529249751304006e-4,PLTP/APOA1/CES1/FURIN/ADIPOQ/APOA2/NPC2/PON1,8
3,GO:0043434,response to peptide hormone,15/179,446/18986,0.033632286995515695,3.567277099982464,5.352508496173856,2.237206198996003e-5,6.490135183287404e-4,4.714617695147366e-4,RARRES2/ADIPOQ/GCG/LEP/IGFBP1/ADM/OXT/BAIAP2/GDF15/TNFRSF11A/MZB1/GIP/GAL/RETN/AREG,15
3,GO:0042742,defense response to bacterium,13/179,342/18986,0.038011695906432746,4.0317880361985035,5.519686280869671,2.2770482153681462e-5,6.540313735428705e-4,4.751068814139686e-4,RARRES2/COLEC12/CD4/ADM/TNFRSF1A/RNASE1/LGALS4/RNASE6/BPIFA2/HAVCR2/IL7R/SPON2/IL12B,13
3,GO:0097006,regulation of plasma lipoprotein particle levels,7/179,91/18986,0.07692307692307693,8.1590030081650191,6.67839107336001,2.4468119748157367e-5,6.959021116608287e-4,5.055229694098147e-4,PLTP/APOA1/FURIN/ADIPOQ/LPL/APOA2/HMOX1,7
3,GO:0002718,regulation of cytokine production involved in immune response,8/179,126/18986,0.06349206349206349,6.7344151813425555,6.300508701674768,2.6025354125002633e-5,7.330053622974042e-4,5.324758197062367e-4,APOA1/IL18R1/APOA2/LILRB4/CD74/TNFRSF1B/SPON2/KIT,8
3,GO:0002822,regulation of adaptive immune response based on somatic recombination of immune receptors built from immunoglobulin superfamily domains,10/179,206/18986,0.04854368932038835,5.148885393502196,5.841028273588764,2.669274793291224e-5,7.445736707055616e-4,5.408793660090112e-4,CD4/IL18R1/C3/LILRB4/TNFRSF1B/HAVCR2/IL7R/FCER2/CD80/IL12B,10
3,GO:0002460,adaptive immune response based on somatic recombination of immune receptors built from immunoglobulin superfamily domains,14/179,400/18986,0.035,3.7123463687150844,5.348773796800007,2.7396233694237793e-5,7.541000058164502e-4,5.477995651751785e-4,CFI/CD4/IL18R1/C1RL/C3/LILRB4/CD74/CD27/TNFRSF1B/HAVCR2/IL7R/FCER2/CD80/IL12B,14
3,GO:0002367,cytokine production involved in immune response,8/179,127/18986,0.06299212598425197,6.681388290150882,6.2671350876497245,2.7554153952617623e-5,7.541000058164502e-4,5.477995651751785e-4,APOA1/IL18R1/APOA2/LILRB4/CD74/TNFRSF1B/SPON2/KIT,8
3,GO:0050900,leukocyte migration,14/179,404/18986,0.034653465346534656,3.675590464074341,5.303177312642554,3.054997853405995e-5,8.26520583239797e-4,6.004079201894351e-4,RARRES2/LGALS9/LEP/KITLG/APOD/GDF15/TNFRSF11A/PGF/CSF1/THY1/CD74/KIT/HMOX1/DDT,14
3,GO:0002763,positive regulation of myeloid leukocyte differentiation,6/179,64/18986,0.09375,9.943784916201118,6.991975026504685,3.077015614956845e-5,8.26520583239797e-4,6.004079201894351e-4,CD4/KITLG/TNFRSF11A/CSF1/CD74/IL12B,6
3,GO:0006631,fatty acid metabolic process,14/179,405/18986,0.0345679012345679,3.66651493206428,5.2918685027547765,3.13865995171589e-5,8.353442678832841e-4,6.068176941897838e-4,CES1/ADIPOQ/LEP/ADH4/LPL/TNFRSF1A/GSTA1/C3/PTGDS/GDF15/GIP/PTGR1/CD74/FABP1,14
3,GO:0002761,regulation of myeloid leukocyte differentiation,8/179,130/18986,0.06153846153846154,6.527202406532016,6.169135568749978,3.259914646999049e-5,8.597283991767492e-4,6.245310165829757e-4,ADIPOQ/CD4/KITLG/LILRB4/TNFRSF11A/CSF1/CD74/IL12B,8
3,GO:0032757,positive regulation of interleukin-8 production,6/179,65/18986,0.09230769230769231,9.790803609798024,6.926044335458792,3.363641493881511e-5,8.712432119419878e-4,6.328957021382316e-4,ADIPOQ/LGALS9/LEP/APOA2/CHI3L1/CD74,6
3,GO:0051057,positive regulation of small GTPase mediated signal transduction,6/179,65/18986,0.09230769230769231,9.790803609798024,6.926044335458792,3.363641493881511e-5,8.712432119419878e-4,6.328957021382316e-4,APOA1/RTN4R/KITLG/ITGAV/CSF1/ADGRG1,6
3,GO:0015918,sterol transport,8/179,132/18986,0.06060606060606061,6.42830540037244,6.105504301828234,3.637427347343355e-5,9.261288041533685e-4,6.727661481213533e-4,PLTP/APOA1/CES1/FURIN/ADIPOQ/APOA2/NPC2/PON1,8
3,GO:0032623,interleukin-2 production,6/179,66/18986,0.09090909090909091,9.64245810055866,6.861526396222939,3.67131377034255e-5,9.261288041533685e-4,6.727661481213533e-4,CD4/LILRB4/VSIG4/HAVCR2/CD80/LAG3,6
3,GO:0032663,regulation of interleukin-2 production,6/179,66/18986,0.09090909090909091,9.64245810055866,6.861526396222939,3.67131377034255e-5,9.261288041533685e-4,6.727661481213533e-4,CD4/LILRB4/VSIG4/HAVCR2/CD80/LAG3,6
3,GO:0019915,lipid storage,7/179,97/18986,0.07216494845360824,7.654322409721821,6.409988891658497,3.703641405948796e-5,9.262296309187463e-4,6.728393915344364e-4,APOA1/CES1/LEP/LPL/NPC2/C3/ITGAV,7
3,GO:0001910,regulation of leukocyte mediated cytotoxicity,7/179,98/18986,0.07142857142857142,7.576217079010375,6.367489616977514,3.95716332307493e-5,9.752790637726647e-4,7.08470286352392e-4,LGALS9/LEP/HAVCR2/IL7R/KLRB1/LAG3/IL12B,7
3,GO:0006959,humoral immune response,12/179,310/18986,0.03870967741935484,4.105820868624978,5.378824470273143,3.967008946059098e-5,9.752790637726647e-4,7.08470286352392e-4,CFI/CFH/RARRES2/CFB/ADM/C1RL/C3/LGALS4/RNASE6/VSIG4/FCER2/SPON2,12
3,GO:0006956,complement activation,6/179,67/18986,0.08955223880597014,9.498540815475693,6.798368965701763,4.001161206492872e-5,9.754091310954472e-4,7.08564770933103e-4,CFI/CFH/CFB/C1RL/C3/VSIG4,6
3,GO:0043410,positive regulation of MAPK cascade,15/179,472/18986,0.03177966101694915,3.3707745478647855,5.088422679872575,4.2886391035919406e-05,0.0010367785032933516,7.5314521801676e-4,GCG/IGFBP4/LGALS9/HGF/LEP/CD4/NTRK3/CHI3L1/GDF15/TNFRSF11A/CD74/CD27/HAVCR2/KIT/DDT,15
3,GO:0044058,regulation of digestive system process,5/179,43/18986,0.11627906976744186,12.333376640249448,7.258405449832913,5.071890282243554e-5,0.0012159961742800455,8.833340013094037e-4,APOA1/PRAP1/LEP/OXT/APOA2,5
3,GO:0042102,positive regulation of T cell proliferation,7/179,104/18986,0.0673076923076923,7.139127632144392,6.12451058235288,5.795294813373506e-5,0.0013780451027538148,0.0010010509246224123,LGALS9/LEP/IGFBP2/KITLG/HAVCR2/CD80/IL12B,7
3,GO:0019058,viral life cycle,12/179,323/18986,0.03715170278637771,3.9405711123026097,5.200130870490222,5.894571253295595e-5,0.0013902561955943513,0.0010099214077105504,FURIN/LGALS9/SCARB2/CD4/MRC1/ITGAV/IL32/CD74/TNFRSF4/SIGLEC1/CD80/CTSB,12
3,GO:0032722,positive regulation of chemokine production,6/179,73/18986,0.0821917808219178,8.717838830642075,6.445386688712037,6.513864419677069e-5,0.0015239290872163852,0.0011070251755682082,ADIPOQ/LGALS9/LPL/CD74/HAVCR2/HMOX1,6
3,GO:0007586,digestion,8/179,144/18986,0.05555555555555555,5.892613283674737,5.749508102990952,6.753210657547002e-5,0.0015672851294035082,0.0011385202304344505,APOA1/PRAP1/LEP/OXT/APOA2/MUC13/FABP1/HEPH,8
3,GO:0034114,regulation of heterotypic cell-cell adhesion,4/179,24/18986,0.16666666666666666,17.677839851024206,7.975821078532865,7.004832303840179e-5,0.0015941240740556333,0.0011580167986572245,APOA1/ADIPOQ/IL1RN/SKAP1,4
3,GO:0098856,intestinal lipid absorption,4/179,24/18986,0.16666666666666666,17.677839851024206,7.975821078532865,7.004832303840179e-5,0.0015941240740556333,0.0011580167986572245,APOA1/PRAP1/LEP/APOA2,4
3,GO:0042130,negative regulation of T cell proliferation,6/179,74/18986,0.08108108108108109,8.600030197795562,6.390495040145554,7.033708427408516e-5,0.0015941240740556333,0.0011580167986572245,LGALS9/MAD1L1/LILRB4/VSIG4/HAVCR2/CD80,6
3,GO:0008203,cholesterol metabolic process,8/179,148/18986,0.05405405405405406,5.733353465197042,5.639679866350818,8.188849860088593e-5,0.0018412783456660902,0.0013375566494397621,APOA1/CES1/LEP/APOF/APOA2/NPC2/LEPR/PON1,8
3,GO:1903902,positive regulation of viral life cycle,4/179,25/18986,0.16,16.97072625698324,7.795358720216487,8.277915395931065e-5,0.0018412783456660902,0.0013375566494397621,FURIN/LGALS9/CD4/CD74,4
3,GO:0042113,B cell activation,11/179,284/18986,0.03873239436619718,4.108230387914077,5.148733339910881,8.3146316195194e-5,0.0018412783456660902,0.0013375566494397621,C3/MZB1/CD74/CD27/CD79B/IL7R/TNFRSF4/CD22/TNFRSF13B/FCRL1/KIT,11
3,GO:0097191,extrinsic apoptotic signaling pathway,10/179,236/18986,0.0423728813559322,4.494366063819714,5.269820449066497,8.395081106285072e-5,0.0018450098704040146,0.0013402673345121782,HGF/KITLG/TNFRSF1A/NOS3/KRT18/TNFRSF10A/ITGAV/CD27/TNFRSF1B/HMOX1,10
3,GO:0006909,phagocytosis,10/179,239/18986,0.04184100418410042,4.437951427035366,5.218009328925112,9.320430936939204e-5,0.002032975199102303,0.001476810663692306,APOA1/ADIPOQ/LEP/COLEC12/APOA2/C3/LEPR/ITGAV/MET/SPON2,10
3,GO:0045657,positive regulation of monocyte differentiation,3/179,10/18986,0.3,31.820111731843575,9.510512636214035,9.419107989449242e-5,0.0020391665878650932,0.0014813082635410358,CD4/CSF1/CD74,3
3,GO:0006693,prostaglandin metabolic process,5/179,49/18986,0.10204081632653061,10.823167255729109,6.71685608255655,9.598759275297961e-5,0.002062666715380695,0.0014983794205962197,TNFRSF1A/GSTA1/PTGDS/PTGR1/CD74,5
3,GO:0001776,leukocyte homeostasis,7/179,113/18986,0.061946902654867256,6.570524546398379,5.794112162368871,9.813777969611912e-5,0.0020933654330767765,0.0015206798370869235,SIT1/LGALS9/KITLG/CSF1/CD74/IL7R/TNFRSF13B,7
3,GO:0042267,natural killer cell mediated cytotoxicity,6/179,79/18986,0.0759493670886076,8.055724489074324,6.130782395790982,1.0151543223374626e-4,0.0021496078022634887,0.001561535884225586,LGALS9/LEP/HAVCR2/KLRB1/LAG3/IL12B,6
3,GO:0006692,prostanoid metabolic process,5/179,50/18986,0.1,10.606703910614526,6.635709103066119,1.0584470843431764e-4,0.0021989320026391977,0.0015973663779399751,TNFRSF1A/GSTA1/PTGDS/PTGR1/CD74,5
3,GO:0071827,plasma lipoprotein particle organization,5/179,50/18986,0.1,10.606703910614526,6.635709103066119,1.0584470843431764e-4,0.0021989320026391977,0.0015973663779399751,PLTP/APOA1/FURIN/LPL/APOA2,5
3,GO:0015850,organic hydroxy compound transport,11/179,292/18986,0.03767123287671233,3.9956761307109514,5.0327715774399016,1.0635539459707766e-4,0.0021989320026391977,0.0015973663779399751,PLTP/APOA1/CES1/FURIN/ADIPOQ/OXT/APOA2/NPC2/PON1/GAL/REN,11
3,GO:0009743,response to carbohydrate,10/179,243/18986,0.0411522633744856,4.364898728647953,5.150242000286388,1.0687673642610372e-4,0.0021989320026391977,0.0015973663779399751,ADIPOQ/GCG/SERPINF1/COL6A3/LEP/COLEC12/LPL/OXT/APOA2/GIP,10
3,GO:0010466,negative regulation of peptidase activity,9/179,198/18986,0.045454545454545456,4.82122905027933,5.273117443090799,1.1223433413052034e-4,0.0022929000233284473,0.0016656274049614654,CST3/SERPINF1/COL6A3/FETUB/SERPINA6/WFIKKN2/CSTB/FABP1/TIMP4,9
3,GO:0052547,regulation of peptidase activity,12/179,346/18986,0.03468208092485549,3.678625633739141,4.9056794848459875,1.1318077865051833e-4,0.0022960660060500258,0.001667927264323428,FURIN/CST3/SERPINF1/LGALS9/COL6A3/FETUB/SERPINA6/WFIKKN2/CSTB/FABP1/PSME2/TIMP4,12
3,GO:0008037,cell recognition,8/179,156/18986,0.05128205128205128,5.439335338776679,5.431592064456851,1.1825157597403395e-4,0.002382276540976892,0.001730553034356842,IGSF9/COLEC12/CD5/FETUB/HAVCR2/FOLR2/NCAM2/SPON2,8
3,GO:0031348,negative regulation of defense response,11/179,297/18986,0.037037037037037035,3.928408855783157,4.962367891691004,1.2350566971191463e-4,0.0024709651574776853,0.0017949789529092782,APOA1/FURIN/ADIPOQ/LGALS9/HGF/TNFRSF1A/VSIG4/TNFRSF1B/HAVCR2/SIGLEC10/IL12B,11
3,GO:0034115,negative regulation of heterotypic cell-cell adhesion,3/179,11/18986,0.2727272727272727,28.92737430167598,9.038734088337254,1.2861484966177137e-4,0.0025381746861823044,0.0018438018548003314,APOA1/ADIPOQ/IL1RN,3
3,GO:0070587,regulation of cell-cell adhesion involved in gastrulation,3/179,11/18986,0.2727272727272727,28.92737430167598,9.038734088337254,1.2861484966177137e-4,0.0025381746861823044,0.0018438018548003314,APOA1/ADIPOQ/IL1RN,3
3,GO:0016125,sterol metabolic process,8/179,159/18986,0.050314465408805034,5.336706370120516,5.35722729289592,1.34937338374724e-4,0.002625801212808363,0.0019074562412388987,APOA1/CES1/LEP/APOF/APOA2/NPC2/LEPR/PON1,8
3,GO:1902652,secondary alcohol metabolic process,8/179,159/18986,0.050314465408805034,5.336706370120516,5.35722729289592,1.34937338374724e-4,0.002625801212808363,0.0019074562412388987,APOA1/CES1/LEP/APOF/APOA2/NPC2/LEPR/PON1,8
3,GO:0033209,tumor necrosis factor-mediated signaling pathway,7/179,119/18986,0.058823529411764705,6.239237594479132,5.593223886136476,1.3577048670156995e-4,0.002625801212808363,0.0019074562412388987,APOA1/ADIPOQ/TNFRSF1A/KRT18/TNFRSF11A/TNFRSF1B/TNFRSF4,7
3,GO:0071825,protein-lipid complex organization,5/179,53/18986,0.09433962264150944,10.006324443975968,6.405423654338781,1.401248492051449e-4,0.0026920674671796385,0.0019555939219846642,PLTP/APOA1/FURIN/LPL/APOA2,5
3,GO:0002228,natural killer cell mediated immunity,6/179,84/18986,0.07142857142857142,7.576217079010375,5.892966310275654,1.4279715372395398e-4,0.0027253588352183587,0.001979777712987229,LGALS9/LEP/HAVCR2/KLRB1/LAG3/IL12B,6
3,GO:0051346,negative regulation of hydrolase activity,10/179,252/18986,0.03968253968253968,4.209009488339097,5.002971946060038,1.4395956002785206e-4,0.0027295861675869205,0.0019828485667406936,CST3/SERPINF1/COL6A3/APOA2/FETUB/SERPINA6/WFIKKN2/CSTB/FABP1/TIMP4,10
3,GO:0045861,negative regulation of proteolysis,11/179,303/18986,0.036303630363036306,3.850618581411214,4.879880342796627,1.4714925324077835e-4,0.002771947945788948,0.002013621360136967,FURIN/CST3/SERPINF1/COL6A3/PLAT/FETUB/SERPINA6/WFIKKN2/CSTB/FABP1/TIMP4,11
3,GO:0051347,positive regulation of transferase activity,11/179,304/18986,0.03618421052631579,3.8379520729197294,4.866337421976445,1.5144206941741076e-4,0.0028344093121284424,0.0020589950626394315,APOA1/ADIPOQ/GCG/LEP/CD4/APOA2/NTRK3/TNFRSF10A/CHI3L1/TNFRSF11A/CD74,11
3,GO:0010874,regulation of cholesterol efflux,5/179,54/18986,0.09259259259259259,9.821022139457893,6.332709965682172,1.532540566547399e-4,0.002849936015098721,0.002070274098669293,PLTP/APOA1/CES1/ADIPOQ/PON1,5
3,GO:0031330,negative regulation of cellular catabolic process,7/179,122/18986,0.05737704918032787,6.085813719205055,5.497883392273805,0.00015855730442598942,0.0029112325325303503,0.002114801621990878,FURIN/HGF/LEP/LEPR/MET/TIMP4/HMOX1,7
3,GO:0045582,positive regulation of T cell differentiation,7/179,122/18986,0.05737704918032787,6.085813719205055,5.497883392273805,0.00015855730442598942,0.0029112325325303503,0.002114801621990878,LGALS9/LILRB4/CD74/CD27/IL7R/CD80/IL12B,7
3,GO:0006935,chemotaxis,14/179,472/18986,0.029661016949152543,3.1460562446738,4.606107011531466,1.600548467783566e-4,0.002920245978012657,0.002121349243629725,APOA1/RARRES2/LGALS9/HGF/NTRK3/TNFRSF11A/PGF/ITGAV/CSF1/CD74/MET/AMOT/KIT/DDT,14
3,GO:0042330,taxis,14/179,474/18986,0.029535864978902954,3.132781745751126,4.587551672144207,1.6720631540525436e-4,0.002994150215455307,0.002175035371230075,APOA1/RARRES2/LGALS9/HGF/NTRK3/TNFRSF11A/PGF/ITGAV/CSF1/CD74/MET/AMOT/KIT/DDT,14
3,GO:0010883,regulation of lipid storage,5/179,55/18986,0.09090909090909091,9.64245810055866,6.261867930938807,1.673032795158556e-4,0.002994150215455307,0.002175035371230075,CES1/LEP/LPL/C3/ITGAV,5
3,GO:0031589,cell-substrate adhesion,12/179,361/18986,0.0332409972299169,3.5257741531128617,4.726852264851867,1.6808649763791112e-4,0.002994150215455307,0.002175035371230075,APOA1/APOD/SKAP1/EPHA1/TACSTD2/ITGAV/CSF1/THY1/ITGA11/SIGLEC1/DMP1/ITGBL1,12
3,GO:0034370,triglyceride-rich lipoprotein particle remodeling,3/179,12/18986,0.25,26.51675977653631,8.625986098225683,1.7029809912103607e-4,0.002994150215455307,0.002175035371230075,APOA1/LPL/APOA2,3
3,GO:0034372,very-low-density lipoprotein particle remodeling,3/179,12/18986,0.25,26.51675977653631,8.625986098225683,1.7029809912103607e-4,0.002994150215455307,0.002175035371230075,APOA1/LPL/APOA2,3
3,GO:0070586,cell-cell adhesion involved in gastrulation,3/179,12/18986,0.25,26.51675977653631,8.625986098225683,1.7029809912103607e-4,0.002994150215455307,0.002175035371230075,APOA1/ADIPOQ/IL1RN,3
3,GO:0032703,negative regulation of interleukin-2 production,4/179,30/18986,0.13333333333333333,14.142271880819367,7.027968053875215,1.7285675056951253e-4,0.00302082791206118,0.0021944148043130255,LILRB4/VSIG4/HAVCR2/LAG3,4
3,GO:0002825,regulation of T-helper 1 type immune response,4/179,31/18986,0.12903225806451613,13.686069562083256,6.896330952215185,1.9701177901298482e-4,0.003422342340818377,0.0024860862375291246,IL18R1/HAVCR2/CD80/IL12B,4
3,GO:0001906,cell killing,10/179,264/18986,0.03787878787878788,4.017690875232775,4.816955637148057,0.00020982865518580588,0.0036232912422263265,0.002632061201014933,CFH/LGALS9/LEP/C3/HAVCR2/IL7R/FCER2/KLRB1/LAG3/IL12B,10
3,GO:0052372,modulation by symbiont of entry into host,5/179,58/18986,0.08620689655172414,9.143710267771143,6.0597680541984005,2.154017447484836e-4,0.0036893819667911222,0.0026800713719464524,FURIN/LGALS9/CD4/ITGAV/CD74,5
3,GO:0043086,negative regulation of catalytic activity,14/179,486/18986,0.02880658436213992,3.055429110053567,4.478234457876353,2.161995637209551e-4,0.0036893819667911222,0.0026800713719464524,ADIPOQ/CST3/SERPINF1/COL6A3/APOA2/EPHA1/LILRB4/FETUB/SERPINA6/THY1/WFIKKN2/CSTB/FABP1/TIMP4,14
3,GO:0042100,B cell proliferation,6/179,92/18986,0.06521739130434782,6.917415593879038,5.550550828057857,2.3542249964799713e-4,0.003993922055431811,0.002901297902710312,MZB1/CD74/IL7R/TNFRSF4/CD22/TNFRSF13B,6
3,GO:1903706,regulation of hemopoiesis,13/179,433/18986,0.03002309468822171,3.184460758383114,4.485937074239757,2.44730879648327e-4,0.004127699313138352,0.0029984774850425376,ADIPOQ/LGALS9/CD4/KITLG/LILRB4/TNFRSF11A/CSF1/CD74/CD27/IL7R/CD80/LAG3/IL12B,13
3,GO:0044403,biological process involved in symbiotic interaction,11/179,322/18986,0.034161490683229816,3.623408168222354,4.631946060344249,2.4903005080316275e-4,0.004175931661155926,0.0030335148263336284,FURIN/LGALS9/SCARB2/CD4/MRC1/ITGAV/CD74/TNFRSF4/SIGLEC1/CD80/CTSB,11
3,GO:0010743,regulation of macrophage derived foam cell differentiation,4/179,33/18986,0.12121212121212122,12.85661080074488,6.650443477968736,2.5247514793262253e-4,0.004191902399062119,0.003045116421895304,ADIPOQ/LPL/ITGAV/CSF1,4
3,GO:0002707,negative regulation of lymphocyte mediated immunity,5/179,60/18986,0.08333333333333333,8.838919925512103,5.93300192734485,2.528724301399072e-4,0.004191902399062119,0.003045116421895304,LGALS9/LILRB4/HAVCR2/IL7R/CD80,5
3,GO:0071356,cellular response to tumor necrosis factor,9/179,221/18986,0.04072398190045249,4.3194721807932455,4.842425409407944,2.5587207233299797e-4,0.004217527737716063,0.0030637313924082653,APOA1/ADIPOQ/FABP4/TNFRSF1A/KRT18/CHI3L1/TNFRSF11A/TNFRSF1B/TNFRSF4,9
3,GO:0050727,regulation of inflammatory response,13/179,438/18986,0.02968036529680365,3.1481084666207493,4.43727936788022,2.7336605513712353e-4,0.004480423310467771,0.0032547061693994723,APOA1/FURIN/ADIPOQ/HGF/FABP4/LPL/TNFRSF1A/C3/TNFRSF11A/TNFRSF1B/SIGLEC10/IL12B/DDT,13
3,GO:0032635,interleukin-6 production,8/179,177/18986,0.04519774011299435,4.793990468074362,4.947343549563741,2.809099339011941e-4,0.00455262412428695,0.0033071548819182043,LGALS9/HGF/LEP/LPL/LILRB4/CD74/HAVCR2/SPON2,8
3,GO:0032675,regulation of interleukin-6 production,8/179,177/18986,0.04519774011299435,4.793990468074362,4.947343549563741,2.809099339011941e-4,0.00455262412428695,0.0033071548819182043,LGALS9/HGF/LEP/LPL/LILRB4/CD74/HAVCR2/SPON2,8
3,GO:0038061,non-canonical NF-kappaB signal transduction,7/179,134/18986,0.05223880597014925,5.540815475694155,5.146116236571342,2.8268781494912966e-4,0.004555985284263473,0.0033095965235564774,LGALS9/IL18R1/TNFRSF10A/CHI3L1/CD27/HAVCR2/IL12B,7
3,GO:0030336,negative regulation of cell migration,12/179,383/18986,0.031331592689295036,3.323249267033271,4.4810083863019665,2.8899737726234423e-4,0.004631941389160556,0.0033647731856889396,ADIPOQ/SERPINF1/APOD/EPHA1/TACSTD2/GDF15/ADGRG1/THY1/CD74/BMP10/HMOX1/DDT,12
3,GO:0006898,receptor-mediated endocytosis,10/179,275/18986,0.03636363636363636,3.8569832402234634,4.655835143762548,2.908605347448097e-4,0.004636189073047763,0.003367858823360954,ADIPOQ/ASGR1/SCARB2/ADM/C3/LILRB4/MRC1/ITGAV/FCER2/SIGLEC1,10
3,GO:0032868,response to insulin,10/179,276/18986,0.036231884057971016,3.8430086632661324,4.641601847417203,2.993734352701131e-4,0.004745805113216383,0.0034474870141545377,RARRES2/ADIPOQ/LEP/IGFBP1/ADM/BAIAP2/TNFRSF11A/MZB1/GAL/RETN,10
3,GO:0050858,negative regulation of antigen receptor-mediated signaling pathway,4/179,35/18986,0.11428571428571428,12.121947326416599,6.42496615470044,3.1834998735393954e-4,0.005019202789748797,0.0036460908162619394,CD72/LILRB4/THY1/CD22,4
3,GO:0045621,positive regulation of lymphocyte differentiation,7/179,137/18986,0.051094890510948905,5.419483749949027,5.0647699254441,3.235262692866653e-4,0.0050732416605438705,0.0036853461798685865,LGALS9/LILRB4/CD74/CD27/IL7R/CD80/IL12B,7
3,GO:0097531,mast cell migration,3/179,15/18986,0.2,21.21340782122905,7.64032987348105,3.449421326746582e-4,0.005379984553167653,0.0039081728897264615,KITLG/PGF/KIT,3
3,GO:0048872,homeostasis of number of cells,11/179,339/18986,0.032448377581120944,3.441703333827722,4.425479301202757,3.8556454882787044e-4,0.005981405113099744,0.004345061788648448,SIT1/LGALS9/KITLG/NOS3/CSF1/ADGRG1/CD74/IL7R/TNFRSF13B/KIT/HMOX1,11
3,GO:1901224,positive regulation of non-canonical NF-kappaB signal transduction,5/179,66/18986,0.07575757575757576,8.03538175046555,5.58561661817071,3.953748326438918e-4,0.006100970156914522,0.004431917216982482,LGALS9/IL18R1/CD27/HAVCR2/IL12B,5
3,GO:2000146,negative regulation of cell motility,12/179,398/18986,0.03015075376884422,3.1980011790797565,4.323397619945413,4.0841808486303833e-4,0.006268893461310446,0.004553901453053761,ADIPOQ/SERPINF1/APOD/EPHA1/TACSTD2/GDF15/ADGRG1/THY1/CD74/BMP10/HMOX1/DDT,12
3,GO:0030888,regulation of B cell proliferation,5/179,67/18986,0.07462686567164178,7.915450679563078,5.531983231541528,4.2403315688412953e-4,0.006474316779583472,0.004703126759457216,MZB1/CD74/TNFRSF4/CD22/TNFRSF13B,5
3,GO:0007565,female pregnancy,8/179,189/18986,0.042328042328042326,4.489610120895037,4.7036564425981595,4.360649826577609e-4,0.006623164998377824,0.004811254314030517,LGALS9/LEP/IGFBP2/ADM/OXT/GIP/HAVCR2/CTSB,8
3,GO:0010742,macrophage derived foam cell differentiation,4/179,38/18986,0.10526315789473684,11.164951484857394,6.1190989263576485,4.390257107239e-4,0.006633404097968926,0.004818692285467367,ADIPOQ/LPL/ITGAV/CSF1,4
3,GO:0050921,positive regulation of chemotaxis,7/179,145/18986,0.04827586206896552,5.1204777499518395,4.859053195625766,4.5595380132911937e-4,0.006853481749511789,0.004978562913885449,RARRES2/LGALS9/NTRK3/PGF/CSF1/CD74/MET,7
3,GO:0045580,regulation of T cell differentiation,8/179,191/18986,0.041884816753926704,4.442598496592471,4.665024697299982,4.676471599259401e-4,0.006993012427552331,0.005079921943416886,LGALS9/LILRB4/CD74/CD27/IL7R/CD80/LAG3/IL12B,8
3,GO:0015914,phospholipid transport,6/179,105/18986,0.05714285714285714,6.0609736632082996,5.073273604031024,4.804183718097519e-4,0.007049728603105123,0.005121122176895973,PLTP/APOA1/PRAP1/SCARB2/APOA2/NPC2,6
3,GO:0032637,interleukin-8 production,6/179,105/18986,0.05714285714285714,6.0609736632082996,5.073273604031024,4.804183718097519e-4,0.007049728603105123,0.005121122176895973,ADIPOQ/LGALS9/LEP/APOA2/CHI3L1/CD74,6
3,GO:0032677,regulation of interleukin-8 production,6/179,105/18986,0.05714285714285714,6.0609736632082996,5.073273604031024,4.804183718097519e-4,0.007049728603105123,0.005121122176895973,ADIPOQ/LGALS9/LEP/APOA2/CHI3L1/CD74,6
3,GO:0007160,cell-matrix adhesion,9/179,241/18986,0.03734439834024896,3.9610097591506523,4.513128421988976,4.8207412320599817e-4,0.007049728603105123,0.005121122176895973,APOD/SKAP1/EPHA1/ITGAV/CSF1/THY1/ITGA11/SIGLEC1/ITGBL1,9
3,GO:0090077,foam cell differentiation,4/179,39/18986,0.10256410256410256,10.878670677553359,6.024661317490894,4.856257737852432e-4,0.007049728603105123,0.005121122176895973,ADIPOQ/LPL/ITGAV/CSF1,4
3,GO:0043903,regulation of biological process involved in symbiotic interaction,5/179,69/18986,0.07246376811594203,7.686017326532265,5.427976579503971,4.860205862188985e-4,0.007049728603105123,0.005121122176895973,FURIN/LGALS9/CD4/ITGAV/CD74,5
3,GO:0042632,cholesterol homeostasis,6/179,106/18986,0.05660377358490566,6.003794666385581,5.039918011319199,5.053169648449533e-4,0.00725705205453074,0.005271727793744641,APOA1/CES1/FABP4/LPL/APOA2/NPC2,6
3,GO:0110020,regulation of actomyosin structure organization,6/179,106/18986,0.05660377358490566,6.003794666385581,5.039918011319199,5.053169648449533e-4,0.00725705205453074,0.005271727793744641,APOA1/EPHA1/TACSTD2/BMP10/MET/AMOT,6
3,GO:0050746,regulation of lipoprotein metabolic process,3/179,17/18986,0.17647058823529413,18.7177127834374,7.129875617807369,5.084116618124392e-4,0.007265528231122593,0.005277885128071057,LEP/APOD/ITGAV,3
3,GO:0034612,response to tumor necrosis factor,9/179,243/18986,0.037037037037037035,3.928408855783157,4.482159939810466,5.116979203397159e-4,0.00727664542600743,0.005285960972755991,APOA1/ADIPOQ/FABP4/TNFRSF1A/KRT18/CHI3L1/TNFRSF11A/TNFRSF1B/TNFRSF4,9
3,GO:0048662,negative regulation of smooth muscle cell proliferation,5/179,70/18986,0.07142857142857142,7.576217079010375,5.377526534117376,5.194563217488395e-4,0.007350940436065285,0.005339930968632487,ADIPOQ/APOD/NOS3/IL12B/HMOX1,5
3,GO:0045639,positive regulation of myeloid cell differentiation,6/179,107/18986,0.056074766355140186,5.947684435858612,5.00698674881508,5.312087177976328e-4,0.0074446207262363895,0.005407982980070484,CD4/KITLG/TNFRSF11A/CSF1/CD74/IL12B,6
3,GO:0055092,sterol homeostasis,6/179,107/18986,0.056074766355140186,5.947684435858612,5.00698674881508,5.312087177976328e-4,0.0074446207262363895,0.005407982980070484,APOA1/CES1/FABP4/LPL/APOA2/NPC2,6
3,GO:0045923,positive regulation of fatty acid metabolic process,4/179,40/18986,0.1,10.606703910614526,5.933592111062592,5.356428960615855e-4,0.007470673276320479,0.005426908289045011,ADIPOQ/GDF15/CD74/FABP1,4
3,GO:0032496,response to lipopolysaccharide,11/179,354/18986,0.031073446327683617,3.2958684468011237,4.253935949771467,5.53742031200478e-4,0.007661296000362953,0.005565382025336683,LGALS9/ADM/NOS3/MRC1/TNFRSF11A/TNFRSF1B/HAVCR2/SPON2/CD80/REN/IL12B,11
3,GO:0002704,negative regulation of leukocyte mediated immunity,5/179,71/18986,0.07042253521126761,7.469509796207412,5.328063968447955,5.545922647625716e-4,0.007661296000362953,0.005565382025336683,LGALS9/LILRB4/HAVCR2/IL7R/CD80,5
3,GO:0002709,regulation of T cell mediated immunity,6/179,108/18986,0.05555555555555555,5.892613283674737,4.974470170165165,5.581207816160348e-4,0.0076734994666735395,0.0055742469682978375,IL18R1/LILRB4/TNFRSF1B/IL7R/CD80/IL12B,6
3,GO:0070374,positive regulation of ERK1 and ERK2 cascade,8/179,197/18986,0.04060913705583756,4.307290928168334,4.552246109628821,5.737024978103832e-4,0.00780069317130667,0.005666644071538291,GCG/LGALS9/CD4/CHI3L1/TNFRSF11A/CD74/HAVCR2/DDT,8
3,GO:0002274,myeloid leukocyte activation,9/179,247/18986,0.03643724696356275,3.864790898604483,4.421200935422922,5.754389309409264e-4,0.00780069317130667,0.005666644071538291,LGALS9/PTGDS/LILRB4/VSIG4/CSF1/CD74/HAVCR2/FCER2/KIT,9
3,GO:0002573,myeloid leukocyte differentiation,9/179,247/18986,0.03643724696356275,3.864790898604483,4.421200935422922,5.754389309409264e-4,0.00780069317130667,0.005666644071538291,ADIPOQ/CD4/KITLG/LILRB4/TNFRSF11A/CSF1/CD74/KIT/IL12B,9
3,GO:0001909,leukocyte mediated cytotoxicity,7/179,151/18986,0.046357615894039736,4.917015057900773,4.714470867415409,5.811544806758161e-4,0.007841530922979267,0.005696309768974217,LGALS9/LEP/HAVCR2/IL7R/KLRB1/LAG3/IL12B,7
3,GO:0002478,antigen processing and presentation of exogenous peptide antigen,4/179,41/18986,0.0975609756097561,10.348003815233684,5.845687007864031,5.892160043978918e-4,0.007877030547273199,0.005722097699755418,CLEC4A/IFI30/CTSF/CD74,4
3,GO:0044060,regulation of endocrine process,4/179,41/18986,0.0975609756097561,10.348003815233684,5.845687007864031,5.892160043978918e-4,0.007877030547273199,0.005722097699755418,LEP/GAL/RETN/REN,4
3,GO:0002687,positive regulation of leukocyte migration,7/179,152/18986,0.046052631578947366,4.88466627462511,4.691117166021166,6.044458545158961e-4,0.007989317019243736,0.005803665767712026,RARRES2/LGALS9/KITLG/PGF/CSF1/THY1/CD74,7
3,GO:0040013,negative regulation of locomotion,12/179,416/18986,0.028846153846153848,3.059626128061882,4.143822650458772,6.044812445562604e-4,0.007989317019243736,0.005803665767712026,ADIPOQ/SERPINF1/APOD/EPHA1/TACSTD2/GDF15/ADGRG1/THY1/CD74/BMP10/HMOX1/DDT,12
3,GO:0030299,intestinal cholesterol absorption,3/179,18/18986,0.16666666666666666,17.677839851024206,6.906171123129833,6.058771955303764e-4,0.007989317019243736,0.005803665767712026,APOA1/LEP/APOA2,3
3,GO:0019218,regulation of steroid metabolic process,6/179,110/18986,0.05454545454545454,5.785474860335195,4.910644004881933,6.15116201521326e-4,0.00807444389417813,0.005865504336488186,APOA1/CES1/LEP/ADM/GAL/KIT,6
3,GO:0010565,regulation of cellular ketone metabolic process,7/179,153/18986,0.0457516339869281,4.852740351261547,4.667966790145834,6.28472960124865e-4,0.008212612870820871,0.00596587418762437,CES1/ADIPOQ/ADM/GDF15/GIP/CD74/FABP1,7
3,GO:0050728,negative regulation of inflammatory response,8/179,203/18986,0.03940886699507389,4.179981836695379,4.443879079800087,6.984295368364458e-4,0.009085847920908203,0.006600216817307363,APOA1/FURIN/ADIPOQ/HGF/TNFRSF1A/TNFRSF1B/SIGLEC10/IL12B,8
3,GO:0032310,prostaglandin secretion,3/179,19/18986,0.15789473684210525,16.747427227286092,6.699758407423716,7.145085139788617e-4,0.009253523210056598,0.0067220208880906076,LEP/OXT/TNFRSF11A,3
3,GO:0018108,peptidyl-tyrosine phosphorylation,8/179,204/18986,0.0392156862745098,4.159491729652754,4.426224547778655,7.211939908367027e-4,0.009298594521854553,0.006754761963298614,ADIPOQ/CD4/KITLG/EPHA1/LILRB4/CD80/AREG/KIT,8
3,GO:0034440,lipid oxidation,6/179,114/18986,0.05263157894736842,5.582475742428697,4.78757610090119,7.425839945648351e-4,0.00953201844350702,0.0069243276996683745,ADIPOQ/LEP/ADH4/APOD/GDF15/FABP1,6
3,GO:0018212,peptidyl-tyrosine modification,8/179,206/18986,0.038834951456310676,4.119108314801757,4.391251656089695,7.685170465598258e-4,0.009788264943047265,0.007110472401887052,ADIPOQ/CD4/KITLG/EPHA1/LILRB4/CD80/AREG/KIT,8
3,GO:0010828,positive regulation of D-glucose transmembrane transport,4/179,44/18986,0.09090909090909091,9.64245810055866,5.5991584635388,7.726689665487154e-4,0.009788264943047265,0.007110472401887052,ADIPOQ/C3/OCLN/GIP,4
3,GO:0046006,regulation of activated T cell proliferation,4/179,44/18986,0.09090909090909091,9.64245810055866,5.5991584635388,7.726689665487154e-4,0.009788264943047265,0.007110472401887052,LGALS9/IGFBP2/LILRB4/IL12B,4
3,GO:0002768,immune response-regulating cell surface receptor signaling pathway,11/179,369/18986,0.02981029810298103,3.1618900546547364,4.091325109784269,7.793193627961775e-4,0.009829589006398744,0.00714049136987619,SKAP1/C3/CD72/LILRB4/BPIFB1/THY1/CD79B/PIGR/FCER2/CD22/KIT,11
3,GO:0033674,positive regulation of kinase activity,9/179,258/18986,0.03488372093023256,3.700012992074835,4.259926054516893,7.849959642580082e-4,0.009858325940746674,0.007161366691476566,ADIPOQ/GCG/LEP/CD4/NTRK3/TNFRSF10A/CHI3L1/TNFRSF11A/CD74,9
3,GO:0050777,negative regulation of immune response,8/179,207/18986,0.03864734299516908,4.099209240817208,4.373930661280203,7.930984670351946e-4,0.009917149365815083,0.007204097690582847,FURIN/LGALS9/LILRB4/VSIG4/HAVCR2/IL7R/CD80/IL12B,8
3,GO:0043691,reverse cholesterol transport,3/179,20/18986,0.15,15.910055865921787,6.5084631363427095,8.347933771447465e-4,0.010261591470749619,0.007454310174147112,APOA1/CES1/APOA2,3
3,GO:0045655,regulation of monocyte differentiation,3/179,20/18986,0.15,15.910055865921787,6.5084631363427095,8.347933771447465e-4,0.010261591470749619,0.007454310174147112,CD4/CSF1/CD74,3
3,GO:0071605,monocyte chemotactic protein-1 production,3/179,20/18986,0.15,15.910055865921787,6.5084631363427095,8.347933771447465e-4,0.010261591470749619,0.007454310174147112,ADIPOQ/LGALS9/APOD,3
3,GO:0071637,regulation of monocyte chemotactic protein-1 production,3/179,20/18986,0.15,15.910055865921787,6.5084631363427095,8.347933771447465e-4,0.010261591470749619,0.007454310174147112,ADIPOQ/LGALS9/APOD,3
3,GO:0071402,cellular response to lipoprotein particle stimulus,4/179,45/18986,0.08888888888888889,9.428181253879579,5.522182122414432,8.418658352300741e-4,0.010304864084398502,0.007485744624164372,APOA1/CES1/LPL/APOA2,4
3,GO:0010827,regulation of D-glucose transmembrane transport,5/179,78/18986,0.0641025641025641,6.799169173470849,5.0068241305169074,8.528407378103655e-4,0.010395340253730548,0.0075514690716335774,ADIPOQ/LEP/C3/OCLN/GIP,5
3,GO:0044703,multi-organism reproductive process,8/179,210/18986,0.0380952380952381,4.040649108805534,4.32261412656833,8.706617900109645e-4,0.010568158380007565,0.0076770090447124024,LGALS9/LEP/IGFBP2/ADM/OXT/GIP/HAVCR2/CTSB,8
3,GO:0050729,positive regulation of inflammatory response,7/179,162/18986,0.043209876543209874,4.5831436650803505,4.46825371953355,8.806244053793295e-4,0.01057650137945361,0.0076830696353947375,FABP4/LPL/TNFRSF1A/C3/TNFRSF11A/IL12B/DDT,7
3,GO:0050730,regulation of peptidyl-tyrosine phosphorylation,7/179,162/18986,0.043209876543209874,4.5831436650803505,4.46825371953355,8.806244053793295e-4,0.01057650137945361,0.0076830696353947375,ADIPOQ/CD4/KITLG/LILRB4/CD80/AREG/KIT,7
3,GO:0002237,response to molecule of bacterial origin,11/179,375/18986,0.029333333333333333,3.1112998137802603,4.028586960022074,8.887450108467479e-4,0.01057650137945361,0.0076830696353947375,LGALS9/ADM/NOS3/MRC1/TNFRSF11A/TNFRSF1B/HAVCR2/SPON2/CD80/REN/IL12B,11
3,GO:0044282,small molecule catabolic process,11/179,375/18986,0.029333333333333333,3.1112998137802603,4.028586960022074,8.887450108467479e-4,0.01057650137945361,0.0076830696353947375,PON3/ADIPOQ/LEP/ADH4/UPB1/FTCD/NOS3/RIDA/PON1/FABP1/ADA2,11
3,GO:0050731,positive regulation of peptidyl-tyrosine phosphorylation,6/179,118/18986,0.05084745762711865,5.393239276583658,4.670194644227195,8.895781925497004e-4,0.01057650137945361,0.0076830696353947375,ADIPOQ/CD4/KITLG/CD80/AREG/KIT,6
3,GO:0032720,negative regulation of tumor necrosis factor production,5/179,79/18986,0.06329113924050633,6.71310374089527,4.964167165858759,9.036059611601353e-4,0.010699432217655317,0.007772370071933796,ADIPOQ/LGALS9/CLEC4A/LILRB4/HAVCR2,5
3,GO:0002701,negative regulation of production of molecular mediator of immune response,4/179,46/18986,0.08695652173913043,9.223220791838719,5.447571430648672,9.153203464759538e-4,0.01079408262246643,0.007841126802074709,APOA1/APOA2/LILRB4/CD22,4
3,GO:0070371,ERK1 and ERK2 cascade,10/179,319/18986,0.03134796238244514,3.324985551916779,4.085548685585764,9.215097552413243e-4,0.01082307611317847,0.007862188493471686,ADIPOQ/GCG/LGALS9/CD4/CHI3L1/TNFRSF11A/ITGAV/CD74/HAVCR2/DDT,10
3,GO:0015908,fatty acid transport,6/179,120/18986,0.05,5.303351955307263,4.613490480283732,9.710009532758298e-4,0.011358361957472508,0.008251035265102765,LEP/RBP5/FABP4/OXT/TNFRSF11A/FABP1,6
3,GO:0050798,activated T cell proliferation,4/179,47/18986,0.0851063829787234,9.02698205158683,5.375201543421492,9.93173542078139e-4,0.011571070062524825,0.008405552446588182,LGALS9/IGFBP2/LILRB4/IL12B,4
3,GO:0002260,lymphocyte homeostasis,5/179,81/18986,0.06172839506172839,6.547348092971929,4.881031843895838,0.0010118423388266,0.01169463993998393,0.00849531709931161,SIT1/LGALS9/CD74/IL7R/TNFRSF13B,5
3,GO:1903556,negative regulation of tumor necrosis factor superfamily cytokine production,5/179,81/18986,0.06172839506172839,6.547348092971929,4.881031843895838,0.0010118423388266,0.01169463993998393,0.00849531709931161,ADIPOQ/LGALS9/CLEC4A/LILRB4/HAVCR2,5
3,GO:0050920,regulation of chemotaxis,8/179,216/18986,0.037037037037037035,3.928408855783157,4.22278047419566,0.0010440533197935364,0.012019042383813688,0.008730972206460567,RARRES2/LGALS9/NTRK3/PGF/CSF1/CD74/MET/DDT,8
3,GO:0002920,regulation of humoral immune response,4/179,48/18986,0.08333333333333333,8.838919925512103,5.304956714917252,0.00107556648308387,0.012332878922633624,0.008958951941476629,CFH/C3/VSIG4/FCER2,4
3,GO:0034284,response to monosaccharide,8/179,218/18986,0.03669724770642202,3.8923684075649634,4.190298028485828,0.0011076246579134375,0.012554357521121723,0.009119840257365223,ADIPOQ/GCG/SERPINF1/COL6A3/LEP/LPL/APOA2/GIP,8
3,GO:0044706,multi-multicellular organism process,8/179,218/18986,0.03669724770642202,3.8923684075649634,4.190298028485828,0.0011076246579134375,0.012554357521121723,0.009119840257365223,LGALS9/LEP/IGFBP2/ADM/OXT/GIP/HAVCR2/CTSB,8
3,GO:0044241,lipid digestion,3/179,22/18986,0.13636363636363635,14.46368715083799,6.164281067157386,0.0011121923071107489,0.012554357521121723,0.009119840257365223,APOA1/LEP/APOA2,3
3,GO:1903054,negative regulation of extracellular matrix organization,3/179,22/18986,0.13636363636363635,14.46368715083799,6.164281067157386,0.0011121923071107489,0.012554357521121723,0.009119840257365223,CST3/TNFRSF1A/TNFRSF1B,3
3,GO:0060326,cell chemotaxis,10/179,328/18986,0.03048780487804878,3.233751192260526,3.9811746381006303,0.0011366752714708488,0.012775042805289977,0.009280152287302213,RARRES2/LGALS9/HGF/TNFRSF11A/PGF/CSF1/CD74/MET/KIT/DDT,10
3,GO:0045637,regulation of myeloid cell differentiation,8/179,219/18986,0.0365296803652968,3.874595035840922,4.174200979261598,0.0011405501849603944,0.012775042805289977,0.009280152287302213,ADIPOQ/CD4/KITLG/LILRB4/TNFRSF11A/CSF1/CD74/IL12B,8
3,GO:0042088,T-helper 1 type immune response,4/179,49/18986,0.08163265306122448,8.658533804583286,5.236729461037978,0.0011626401622243931,0.012972381194665249,0.009423504472766133,IL18R1/HAVCR2/CD80/IL12B,4
3,GO:0016032,viral process,12/179,452/18986,0.02654867256637168,2.8159390913135907,3.812044569875596,0.001238171494846332,0.0137336122669382,0.009976484246234612,FURIN/LGALS9/SCARB2/CD4/MRC1/ITGAV/IL32/CD74/TNFRSF4/SIGLEC1/CD80/CTSB,12
3,GO:0009612,response to mechanical stimulus,8/179,222/18986,0.036036036036036036,3.8222356434646936,4.126473890392385,0.001244042992232491,0.0137336122669382,0.009976484246234612,IGFBP2/TNFRSF1A/TNFRSF10A/CHI3L1/TNFRSF11A/RETN/TNFRSF8/KIT,8
3,GO:0002688,regulation of leukocyte chemotaxis,6/179,126/18986,0.047619047619047616,5.050811386006917,4.450701872689394,0.0012499846060313295,0.0137336122669382,0.009976484246234612,RARRES2/LGALS9/PGF/CSF1/CD74/DDT,6
3,GO:0010811,positive regulation of cell-substrate adhesion,6/179,126/18986,0.047619047619047616,5.050811386006917,4.450701872689394,0.0012499846060313295,0.0137336122669382,0.009976484246234612,APOA1/SKAP1/EPHA1/CSF1/THY1/DMP1,6
3,GO:0019884,antigen processing and presentation of exogenous antigen,4/179,50/18986,0.08,8.48536312849162,5.170419814501181,0.001254535419075706,0.0137336122669382,0.009976484246234612,CLEC4A/IFI30/CTSF/CD74,4
3,GO:0010888,negative regulation of lipid storage,3/179,23/18986,0.13043478260869565,13.834831187758075,6.008590549086716,0.0012702003908337959,0.013749445275406126,0.009987985791238255,CES1/LEP/ITGAV,3
3,GO:0030449,regulation of complement activation,3/179,23/18986,0.13043478260869565,13.834831187758075,6.008590549086716,0.0012702003908337959,0.013749445275406126,0.009987985791238255,CFH/C3/VSIG4,3
3,GO:2000831,regulation of steroid hormone secretion,3/179,23/18986,0.13043478260869565,13.834831187758075,6.008590549086716,0.0012702003908337959,0.013749445275406126,0.009987985791238255,GAL/RETN/REN,3
3,GO:0010810,regulation of cell-substrate adhesion,8/179,223/18986,0.03587443946188341,3.805095573314628,4.110749465740666,0.0012801569045132349,0.013754574740714422,0.009991711979865482,APOA1/APOD/SKAP1/EPHA1/TACSTD2/CSF1/THY1/DMP1,8
3,GO:0045619,regulation of lymphocyte differentiation,8/179,223/18986,0.03587443946188341,3.805095573314628,4.110749465740666,0.0012801569045132349,0.013754574740714422,0.009991711979865482,LGALS9/LILRB4/CD74/CD27/IL7R/CD80/LAG3/IL12B,8
3,GO:0046596,regulation of viral entry into host cell,4/179,51/18986,0.0784313725490196,8.318983459305509,5.105934660505106,0.0013513928578946753,0.014466386275839311,0.010508792004292639,FURIN/LGALS9/CD4/CD74,4
3,GO:0051048,negative regulation of secretion,7/179,175/18986,0.04,4.24268156424581,4.204258772424624,0.0013788152615010541,0.014705673064759405,0.010682616693208632,ADIPOQ/LGALS9/LEP/TNFRSF1A/CD74/TNFRSF1B/IL12B,7
3,GO:0008625,extrinsic apoptotic signaling pathway via death domain receptors,5/179,87/18986,0.05747126436781609,6.095806845180761,4.647562358380341,0.001394558668808763,0.014819101458660153,0.01076501428554133,HGF/TNFRSF1A/NOS3/TNFRSF10A/HMOX1,5
3,GO:0043549,regulation of kinase activity,12/179,460/18986,0.02608695652173913,2.7669662375516153,3.74272907699824,0.0014361337436366844,0.015205197044854093,0.011045485035576803,ADIPOQ/GCG/LEP/CD4/NTRK3/EPHA1/TNFRSF10A/LILRB4/CHI3L1/TNFRSF11A/THY1/CD74,12
3,GO:0003177,pulmonary valve development,3/179,24/18986,0.125,13.258379888268156,5.862308642777157,0.001441650686233135,0.015208104148226636,0.011047596837660234,TNFRSF1A/NOS3/TNFRSF1B,3
3,GO:0045776,negative regulation of blood pressure,4/179,52/18986,0.07692307692307693,8.1590030081650191,5.043187142855288,0.001453352768074718,0.015276001377481002,0.011096919304674237,ADIPOQ/OXT/PRCP/NOS3,4
3,GO:0034103,regulation of tissue remodeling,5/179,88/18986,0.056818181818181816,6.026536312849162,4.610778846729891,0.0014674501424710713,0.015303827596194673,0.011117133056688887,CST3/LEP/TNFRSF11A/LEPR/IL12B,5
3,GO:0050830,defense response to Gram-positive bacterium,6/179,130/18986,0.046153846153846156,4.895401804899012,4.3478165013054975,0.0014675047270275303,0.015303827596194673,0.011117133056688887,RARRES2/ADM/RNASE1/RNASE6/HAVCR2/IL7R,6
3,GO:1902905,positive regulation of supramolecular fiber organization,7/179,177/18986,0.03954802259887006,4.194741659565067,4.1659262654905564,0.001471826232105589,0.015303827596194673,0.011117133056688887,APOA1/BAIAP2/EPHA1/OCLN/BMP10/MET/AMOT,7
3,GO:0015718,monocarboxylic acid transport,7/179,179/18986,0.03910614525139665,4.147873037670484,4.128155185523537,0.0015696644399866204,0.016262844787147093,0.01181379025884667,CES1/LEP/RBP5/FABP4/OXT/TNFRSF11A/FABP1,7
3,GO:0003014,renal system process,6/179,132/18986,0.045454545454545456,4.82122905027933,4.29793990646708,0.0015865267679442596,0.016379053928136288,0.011898207864485512,PON3/ADIPOQ/ADM/OXT/MCAM/REN,6
3,GO:0055088,lipid homeostasis,7/179,180/18986,0.03888888888888889,4.124829298572315,4.1094754332440875,0.0016204466864163359,0.016560652159832594,0.012030125954384097,APOA1/CES1/FABP4/LPL/APOA2/NPC2/GIP,7
3,GO:0008211,glucocorticoid metabolic process,3/179,25/18986,0.12,12.728044692737429,5.7244933007754675,0.0016269513497250221,0.016560652159832594,0.012030125954384097,APOA1/SERPINA6/GAL,3
3,GO:0010878,cholesterol storage,3/179,25/18986,0.12,12.728044692737429,5.7244933007754675,0.0016269513497250221,0.016560652159832594,0.012030125954384097,CES1/LPL/NPC2,3
3,GO:0043567,regulation of insulin-like growth factor receptor signaling pathway,3/179,25/18986,0.12,12.728044692737429,5.7244933007754675,0.0016269513497250221,0.016560652159832594,0.012030125954384097,IGFBP4/IGFBP1/IGFBP2,3
3,GO:0050864,regulation of B cell activation,6/179,133/18986,0.045112781954887216,4.7849792077960265,4.273376316543854,0.001648723152359746,0.016723586940544138,0.012148486385808656,MZB1/CD74/CD27/TNFRSF4/CD22/TNFRSF13B,6
3,GO:0051235,maintenance of location,10/179,345/18986,0.028985507246376812,3.0744069306129056,3.793507552200568,0.0016549952156247733,0.016728714705670618,0.012152211339375742,APOA1/CES1/LEP/CD4/LPL/MAD1L1/NPC2/C3/ITGAV/THY1,10
3,GO:0006111,regulation of gluconeogenesis,4/179,55/18986,0.07272727272727272,7.713966480446927,4.864584925276184,0.00179124389871221,0.017980617820637097,0.013061629157610069,ADIPOQ/GCG/LEP/LEPR,4
3,GO:0034381,plasma lipoprotein particle clearance,4/179,55/18986,0.07272727272727272,7.713966480446927,4.864584925276184,0.00179124389871221,0.017980617820637097,0.013061629157610069,APOA1/ADIPOQ/APOA2/HMOX1,4
3,GO:0001911,negative regulation of leukocyte mediated cytotoxicity,3/179,26/18986,0.11538461538461539,12.238504512247529,5.594330059711383,0.0018264955493576226,0.01820846594050331,0.013227144473915575,LGALS9/HAVCR2/IL7R,3
3,GO:0035025,positive regulation of Rho protein signal transduction,3/179,26/18986,0.11538461538461539,12.238504512247529,5.594330059711383,0.0018264955493576226,0.01820846594050331,0.013227144473915575,APOA1/RTN4R/ADGRG1,3
3,GO:0002286,T cell activation involved in immune response,6/179,136/18986,0.04411764705882353,4.67942819585935,4.201130409772367,0.0018464715868108713,0.018344568744309377,0.013326013398685525,LGALS9/IL18R1/CD74/HAVCR2/CD80/IL12B,6
3,GO:0050886,endocrine process,5/179,93/18986,0.053763440860215055,5.702528984201358,4.435009423531834,0.001874691712547764,0.018418496577690267,0.013379716667042551,LEP/NOS3/GAL/RETN/REN,5
3,GO:2000106,regulation of leukocyte apoptotic process,5/179,93/18986,0.053763440860215055,5.702528984201358,4.435009423531834,0.001874691712547764,0.018418496577690267,0.013379716667042551,LGALS9/KITLG/CD74/CD27/IL7R,5
3,GO:0016042,lipid catabolic process,10/179,351/18986,0.02849002849002849,3.0218529659870446,3.7300141823780706,0.001878251417990592,0.018418496577690267,0.013379716667042551,RARRES2/CES1/ADIPOQ/LEP/SCARB2/LPL/APOA2/HSD11B1/ENPP6/FABP1,10
3,GO:0042180,cellular ketone metabolic process,8/179,237/18986,0.03375527426160337,3.580321995144143,3.8996989076707234,0.0018793088545316508,0.018418496577690267,0.013379716667042551,CES1/ADIPOQ/ADH4/ADM/GDF15/GIP/CD74/FABP1,8
3,GO:0001659,temperature homeostasis,7/179,185/18986,0.03783783783783784,4.013347425637929,4.018062152339572,0.0018938518957886154,0.01845660195994792,0.01340739749408216,ADIPOQ/LEP/FABP4/IL18R1/OXT/TNFRSF11A/LEPR,7
3,GO:0001954,positive regulation of cell-matrix adhesion,4/179,56/18986,0.07142857142857142,7.576217079010375,4.808027037011669,0.0019150076490673297,0.01845660195994792,0.01340739749408216,SKAP1/EPHA1/CSF1/THY1,4
3,GO:0002448,mast cell mediated immunity,4/179,56/18986,0.07142857142857142,7.576217079010375,4.808027037011669,0.0019150076490673297,0.01845660195994792,0.01340739749408216,LGALS9/PTGDS/SPON2/KIT,4
3,GO:0002455,humoral immune response mediated by circulating immunoglobulin,4/179,56/18986,0.07142857142857142,7.576217079010375,4.808027037011669,0.0019150076490673297,0.01845660195994792,0.01340739749408216,CFI/C1RL/C3/FCER2,4
3,GO:0046638,positive regulation of alpha-beta T cell differentiation,4/179,56/18986,0.07142857142857142,7.576217079010375,4.808027037011669,0.0019150076490673297,0.01845660195994792,0.01340739749408216,LGALS9/LILRB4/CD80/IL12B,4
3,GO:0051495,positive regulation of cytoskeleton organization,7/179,186/18986,0.03763440860215054,3.99177028894095,4.00016445413364,0.001952585075243886,0.018756454646630838,0.013625218963535237,APOA1/BAIAP2/EPHA1/OCLN/BMP10/MET/AMOT,7
3,GO:0002456,T cell mediated immunity,6/179,138/18986,0.043478260869565216,4.611610395919359,4.154127816843658,0.00198795573579304,0.019033199965464057,0.013826254587659077,IL18R1/LILRB4/TNFRSF1B/IL7R/CD80/IL12B,6
3,GO:0030595,leukocyte chemotaxis,8/179,240/18986,0.03333333333333333,3.5355679702048417,3.856546973298324,0.0020326213733305766,0.01929352318209337,0.0140153607324338,RARRES2/LGALS9/TNFRSF11A/PGF/CSF1/CD74/KIT/DDT,8
3,GO:0070372,regulation of ERK1 and ERK2 cascade,9/179,296/18986,0.030405405405405407,3.2250113241733356,3.7639642030913953,0.0020330013195635835,0.01929352318209337,0.0140153607324338,ADIPOQ/GCG/LGALS9/CD4/CHI3L1/TNFRSF11A/CD74/HAVCR2/DDT,9
3,GO:0002686,negative regulation of leukocyte migration,4/179,57/18986,0.07017543859649122,7.443300989904929,4.752849532529432,0.0020445679872775975,0.01929352318209337,0.0140153607324338,APOD/GDF15/HMOX1/DDT,4
3,GO:2000107,negative regulation of leukocyte apoptotic process,4/179,57/18986,0.07017543859649122,7.443300989904929,4.752849532529432,0.0020445679872775975,0.01929352318209337,0.0140153607324338,KITLG/CD74/CD27/IL7R,4
3,GO:0002690,positive regulation of leukocyte chemotaxis,5/179,95/18986,0.05263157894736842,5.582475742428697,4.368240662706838,0.002058741808676024,0.01929352318209337,0.0140153607324338,RARRES2/LGALS9/PGF/CSF1/CD74,5
3,GO:0051492,regulation of stress fiber assembly,5/179,95/18986,0.05263157894736842,5.582475742428697,4.368240662706838,0.002058741808676024,0.01929352318209337,0.0140153607324338,APOA1/EPHA1/TACSTD2/MET/AMOT,5
3,GO:0002821,positive regulation of adaptive immune response,6/179,139/18986,0.04316546762589928,4.578433342711306,4.130962671579618,0.002061700167683194,0.01929352318209337,0.0140153607324338,CD4/IL18R1/SKAP1/C3/FCER2/IL12B,6
3,GO:0002702,positive regulation of production of molecular mediator of immune response,6/179,140/18986,0.04285714285714286,4.545730247406225,4.108016417795202,0.0021374940861243175,0.019938489851596932,0.014483882756543862,IL18R1/MZB1/CD74/TNFRSF4/SPON2/KIT,6
3,GO:0010507,negative regulation of autophagy,5/179,96/18986,0.052083333333333336,5.524324953445066,4.335562801895561,0.0021555560777204823,0.020042526222651024,0.01455945771793659,HGF/LEP/LEPR/MET/HMOX1,5
3,GO:0031638,zymogen activation,4/179,58/18986,0.06896551724137931,7.314968214216915,4.69899362692619,0.002180061783020496,0.020141271441218026,0.014631189036563973,F9/FURIN/PLAT/C1RL,4
3,GO:0060986,endocrine hormone secretion,4/179,58/18986,0.06896551724137931,7.314968214216915,4.69899362692619,0.002180061783020496,0.020141271441218026,0.014631189036563973,LEP/GAL/RETN/REN,4
3,GO:0045860,positive regulation of protein kinase activity,8/179,243/18986,0.03292181069958848,3.491918982918363,3.8140778793345445,0.002195627113806125,0.020149307421030476,0.014637026599503986,ADIPOQ/GCG/LEP/CD4/NTRK3/TNFRSF10A/CHI3L1/TNFRSF11A,8
3,GO:0097529,myeloid leukocyte migration,8/179,243/18986,0.03292181069958848,3.491918982918363,3.8140778793345445,0.002195627113806125,0.020149307421030476,0.014637026599503986,RARRES2/KITLG/TNFRSF11A/PGF/CSF1/CD74/KIT/DDT,8
3,GO:0008217,regulation of blood pressure,7/179,190/18986,0.03684210526315789,3.9077330197000877,3.9298019562563575,0.002201768511708604,0.020149307421030476,0.014637026599503986,ADIPOQ/LEP/ADM/OXT/PRCP/NOS3/REN,7
3,GO:0045765,regulation of angiogenesis,10/179,360/18986,0.027777777777777776,2.9463066418373685,3.637263543905027,0.0022582657296593167,0.020513179572540476,0.014901353618253609,SERPINF1/LEP/ADM/NOS3/C3/EPHA1/CHI3L1/THBS2/AMOT/HMOX1,10
3,GO:0010758,regulation of macrophage chemotaxis,3/179,28/18986,0.10714285714285714,11.364325618515561,5.3542156484695616,0.0022698140788643545,0.020513179572540476,0.014901353618253609,RARRES2/CSF1/DDT,3
3,GO:0035929,steroid hormone secretion,3/179,28/18986,0.10714285714285714,11.364325618515561,5.3542156484695616,0.0022698140788643545,0.020513179572540476,0.014901353618253609,GAL/RETN/REN,3
3,GO:0051043,regulation of membrane protein ectodomain proteolysis,3/179,28/18986,0.10714285714285714,11.364325618515561,5.3542156484695616,0.0022698140788643545,0.020513179572540476,0.014901353618253609,FURIN/TNFRSF1B/TIMP4,3
3,GO:0045859,regulation of protein kinase activity,11/179,427/18986,0.02576112412177986,2.7324061596430864,3.532306860323792,0.0024823631651516268,0.022364396093493385,0.016246129639207442,ADIPOQ/GCG/LEP/CD4/NTRK3/EPHA1/TNFRSF10A/LILRB4/CHI3L1/TNFRSF11A/THY1,11
3,GO:0031342,negative regulation of cell killing,3/179,29/18986,0.10344827586206896,10.97245232132537,5.243100911603179,0.0025143024736206925,0.022582016953478726,0.01640421558477636,LGALS9/HAVCR2/IL7R,3
3,GO:0016054,organic acid catabolic process,8/179,249/18986,0.0321285140562249,3.407776356823944,3.731108210033496,0.0025524037158893556,0.022783148245523143,0.016550323041977295,PON3/ADIPOQ/LEP/FTCD/NOS3/RIDA/PON1/FABP1,8
3,GO:0046395,carboxylic acid catabolic process,8/179,249/18986,0.0321285140562249,3.407776356823944,3.731108210033496,0.0025524037158893556,0.022783148245523143,0.016550323041977295,PON3/ADIPOQ/LEP/FTCD/NOS3/RIDA/PON1/FABP1,8
3,GO:0031102,neuron projection regeneration,4/179,61/18986,0.06557377049180328,6.955215679091491,4.544818271305862,0.0026235002091522033,0.02320357959375165,0.016855736260342463,RTN4R/APOD/ADM/THY1,4
3,GO:0032147,activation of protein kinase activity,4/179,61/18986,0.06557377049180328,6.955215679091491,4.544818271305862,0.0026235002091522033,0.02320357959375165,0.016855736260342463,LEP/NTRK3/TNFRSF10A/CHI3L1,4
3,GO:0070228,regulation of lymphocyte apoptotic process,4/179,61/18986,0.06557377049180328,6.955215679091491,4.544818271305862,0.0026235002091522033,0.02320357959375165,0.016855736260342463,LGALS9/CD74/CD27/IL7R,4
3,GO:0120162,positive regulation of cold-induced thermogenesis,5/179,101/18986,0.04950495049504951,5.2508435201062005,4.178778624281806,0.002690102925299839,0.023717177509529293,0.017228828307508354,ADIPOQ/LEP/FABP4/OXT/LEPR,5
3,GO:1901342,regulation of vasculature development,10/179,369/18986,0.02710027100271003,2.874445504231579,3.547343187907704,0.0026979209162856484,0.023717177509529293,0.017228828307508354,SERPINF1/LEP/ADM/NOS3/C3/EPHA1/CHI3L1/THBS2/AMOT/HMOX1,10
3,GO:0048608,reproductive structure development,9/179,309/18986,0.02912621359223301,3.0893312361013177,3.612476506834661,0.002712866279824222,0.023776510808973014,0.01727192969377673,SERPINF1/LEP/KITLG/NOS3/C3/ADGRG1/RETN/REN/KIT,9
3,GO:0002507,tolerance induction,3/179,30/18986,0.1,10.606703910614526,5.137285912139238,0.0027744631095152693,0.02409795652905328,0.01750543695319751,LGALS9/LILRB4/HAVCR2,3
3,GO:0015732,prostaglandin transport,3/179,30/18986,0.1,10.606703910614526,5.137285912139238,0.0027744631095152693,0.02409795652905328,0.01750543695319751,LEP/OXT/TNFRSF11A,3
3,GO:0045672,positive regulation of osteoclast differentiation,3/179,30/18986,0.1,10.606703910614526,5.137285912139238,0.0027744631095152693,0.02409795652905328,0.01750543695319751,TNFRSF11A/CSF1/IL12B,3
3,GO:0002823,negative regulation of adaptive immune response based on somatic recombination of immune receptors built from immunoglobulin superfamily domains,4/179,62/18986,0.06451612903225806,6.843034781041628,4.495726682946159,0.0027840795809954003,0.02410929810288853,0.017513675793095967,LILRB4/HAVCR2/IL7R/CD80,4
3,GO:0042157,lipoprotein metabolic process,5/179,102/18986,0.049019607843137254,5.1993646620659435,4.148668494247918,0.002807561045192442,0.024168351905350962,0.017556574144854814,APOA1/LEP/APOD/APOA2/ITGAV,5
3,GO:0050764,regulation of phagocytosis,5/179,102/18986,0.049019607843137254,5.1993646620659435,4.148668494247918,0.002807561045192442,0.024168351905350962,0.017556574144854814,APOA1/ADIPOQ/APOA2/C3/ITGAV,5
3,GO:0008585,female gonad development,5/179,103/18986,0.04854368932038835,5.148885393502196,4.11895083402276,0.0029286869228198837,0.02502136087341186,0.01817622397669426,LEP/KITLG/NOS3/RETN/KIT,5
3,GO:0032755,positive regulation of interleukin-6 production,5/179,103/18986,0.04854368932038835,5.148885393502196,4.11895083402276,0.0029286869228198837,0.02502136087341186,0.01817622397669426,LGALS9/LEP/LPL/CD74/SPON2,5
3,GO:0000302,response to reactive oxygen species,7/179,200/18986,0.035,3.7123463687150844,3.7619675167791393,0.002932527644591531,0.02502136087341186,0.01817622397669426,HGF/APOD/NOS3/FABP1/MET/AREG/HMOX1,7
3,GO:0061458,reproductive system development,9/179,313/18986,0.02875399361022364,3.0498509647134413,3.567462862310393,0.0029548177477692213,0.025137613742752234,0.018260673347843745,SERPINF1/LEP/KITLG/NOS3/C3/ADGRG1/RETN/REN/KIT,9
3,GO:0019886,antigen processing and presentation of exogenous peptide antigen via MHC class II,3/179,31/18986,0.0967741935483871,10.264552171562443,5.036344597236031,0.0030506186092119436,0.025876738553578502,0.0187975945079788,IFI30/CTSF/CD74,3
3,GO:0120161,regulation of cold-induced thermogenesis,6/179,151/18986,0.039735099337748346,4.21458433534352,3.8690339393152424,0.003116952320432341,0.0263623285177091,0.019150340787189035,ADIPOQ/LEP/FABP4/IL18R1/OXT/LEPR,6
3,GO:0010906,regulation of glucose metabolic process,5/179,105/18986,0.047619047619047616,5.050811386006917,4.060656278244572,0.003182201906853573,0.026835952708669227,0.019494394790455487,ADIPOQ/GCG/IGFBP4/LEP/LEPR,5
3,GO:0048524,positive regulation of viral process,4/179,65/18986,0.06153846153846154,6.527202406532016,4.354738271712434,0.0033059688297668284,0.027630399557532673,0.020071503443161307,FURIN/LGALS9/CD4/CD74,4
3,GO:1901222,regulation of non-canonical NF-kappaB signal transduction,5/179,106/18986,0.04716981132075472,5.003162221987984,4.032061811082146,0.0033147209633886555,0.027630399557532673,0.020071503443161307,LGALS9/IL18R1/CD27/HAVCR2/IL12B,5
3,GO:0106106,cold-induced thermogenesis,6/179,153/18986,0.0392156862745098,4.159491729652754,3.8280291748521904,0.0033259910332895156,0.027630399557532673,0.020071503443161307,ADIPOQ/LEP/FABP4/IL18R1/OXT/LEPR,6
3,GO:0002710,negative regulation of T cell mediated immunity,3/179,32/18986,0.09375,9.943784916201118,4.939897657894617,0.0033430783332278413,0.027630399557532673,0.020071503443161307,LILRB4/IL7R/CD80,3
3,GO:0032682,negative regulation of chemokine production,3/179,32/18986,0.09375,9.943784916201118,4.939897657894617,0.0033430783332278413,0.027630399557532673,0.020071503443161307,LGALS9/APOD/LILRB4,3
3,GO:0045940,positive regulation of steroid metabolic process,3/179,32/18986,0.09375,9.943784916201118,4.939897657894617,0.0033430783332278413,0.027630399557532673,0.020071503443161307,APOA1/CES1/ADM,3
3,GO:1902042,negative regulation of extrinsic apoptotic signaling pathway via death domain receptors,3/179,32/18986,0.09375,9.943784916201118,4.939897657894617,0.0033430783332278413,0.027630399557532673,0.020071503443161307,HGF/NOS3/HMOX1,3
3,GO:1903531,negative regulation of secretion by cell,6/179,154/18986,0.03896103896103896,4.132482043096568,3.807788182579871,0.0034343453034218416,0.028054906012021305,0.020379876933930827,ADIPOQ/LGALS9/LEP/TNFRSF1A/TNFRSF1B/IL12B,6
3,GO:0019395,fatty acid oxidation,5/179,107/18986,0.04672897196261682,4.956403696548843,4.003824645325288,0.0034511676420940956,0.028054906012021305,0.020379876933930827,ADIPOQ/LEP/ADH4/GDF15/FABP1,5
3,GO:0032231,regulation of actin filament bundle assembly,5/179,107/18986,0.04672897196261682,4.956403696548843,4.003824645325288,0.0034511676420940956,0.028054906012021305,0.020379876933930827,APOA1/EPHA1/TACSTD2/MET/AMOT,5
3,GO:0046545,development of primary female sexual characteristics,5/179,107/18986,0.04672897196261682,4.956403696548843,4.003824645325288,0.0034511676420940956,0.028054906012021305,0.020379876933930827,LEP/KITLG/NOS3/RETN/KIT,5
3,GO:0050829,defense response to Gram-negative bacterium,5/179,107/18986,0.04672897196261682,4.956403696548843,4.003824645325288,0.0034511676420940956,0.028054906012021305,0.020379876933930827,RARRES2/CD4/ADM/RNASE6/IL12B,5
3,GO:0009749,response to glucose,7/179,206/18986,0.03398058252427184,3.6042197754515373,3.6663633473401607,0.003452465165905414,0.028054906012021305,0.020379876933930827,ADIPOQ/GCG/SERPINF1/COL6A3/LPL/APOA2/GIP,7
3,GO:0032613,interleukin-10 production,4/179,66/18986,0.06060606060606061,6.42830540037244,4.309706840118481,0.003493749087645723,0.028232217557827972,0.020508681054000107,LGALS9/HGF/LILRB4/IL12B,4
3,GO:0032653,regulation of interleukin-10 production,4/179,66/18986,0.06060606060606061,6.42830540037244,4.309706840118481,0.003493749087645723,0.028232217557827972,0.020508681054000107,LGALS9/HGF/LILRB4/IL12B,4
3,GO:0019217,regulation of fatty acid metabolic process,5/179,108/18986,0.046296296296296294,4.910511069728947,3.9759366903931546,0.0035916068100784715,0.028942364877882352,0.021024552145547076,ADIPOQ/GDF15/GIP/CD74/FABP1,5
3,GO:0002820,negative regulation of adaptive immune response,4/179,67/18986,0.05970149253731343,6.332360543650463,4.265597497381292,0.0036886516864242406,0.02956016171910697,0.02147333723821265,LILRB4/HAVCR2/IL7R/CD80,4
3,GO:0050994,regulation of lipid catabolic process,4/179,67/18986,0.05970149253731343,6.332360543650463,4.265597497381292,0.0036886516864242406,0.02956016171910697,0.02147333723821265,RARRES2/SCARB2/APOA2/FABP1,4
3,GO:0002420,natural killer cell mediated cytotoxicity directed against tumor cell target,2/179,10/18986,0.2,21.21340782122905,6.237481297192144,0.003784730374266739,0.029835605477575574,0.021673427372088137,HAVCR2/IL12B,2
3,GO:0002855,regulation of natural killer cell mediated immune response to tumor cell,2/179,10/18986,0.2,21.21340782122905,6.237481297192144,0.003784730374266739,0.029835605477575574,0.021673427372088137,HAVCR2/IL12B,2
3,GO:0018158,protein oxidation,2/179,10/18986,0.2,21.21340782122905,6.237481297192144,0.003784730374266739,0.029835605477575574,0.021673427372088137,APOA1/APOA2,2
3,GO:0033210,leptin-mediated signaling pathway,2/179,10/18986,0.2,21.21340782122905,6.237481297192144,0.003784730374266739,0.029835605477575574,0.021673427372088137,LEP/LEPR,2
3,GO:0050859,negative regulation of B cell receptor signaling pathway,2/179,10/18986,0.2,21.21340782122905,6.237481297192144,0.003784730374266739,0.029835605477575574,0.021673427372088137,CD72/CD22,2
3,GO:1905918,regulation of CoA-transferase activity,2/179,10/18986,0.2,21.21340782122905,6.237481297192144,0.003784730374266739,0.029835605477575574,0.021673427372088137,APOA1/APOA2,2
3,GO:1905953,negative regulation of lipid localization,4/179,68/18986,0.058823529411764705,6.239237594479132,4.222376866493341,0.0038908029950217417,0.030532759299117647,0.022179859618945745,CES1/LEP/APOA2/ITGAV,4
3,GO:0002705,positive regulation of leukocyte mediated immunity,6/179,158/18986,0.0379746835443038,4.027862244537162,3.7285040163266467,0.0038942161119177973,0.030532759299117647,0.022179859618945745,IL18R1/C3/FCER2/LAG3/KIT/IL12B,6
3,GO:0009746,response to hexose,7/179,211/18986,0.03317535545023697,3.5188117239005536,3.589376497657322,0.003937108030366832,0.030785850124243074,0.022363711950047944,ADIPOQ/GCG/SERPINF1/COL6A3/LPL/APOA2/GIP,7
3,GO:0007229,integrin-mediated signaling pathway,5/179,111/18986,0.04504504504504504,4.777794554330867,3.894290986330994,0.004037526695096965,0.03148619608192552,0.022872463054850384,APOA1/ITGAV/THY1/ITGA11/ITGBL1,5
3,GO:0030038,contractile actin filament bundle assembly,5/179,112/18986,0.044642857142857144,4.7351356743814845,3.8677239665826164,0.004194582736888307,0.03253605486554272,0.023635110158318016,APOA1/EPHA1/TACSTD2/MET/AMOT,5
3,GO:0043149,stress fiber assembly,5/179,112/18986,0.044642857142857144,4.7351356743814845,3.8677239665826164,0.004194582736888307,0.03253605486554272,0.023635110158318016,APOA1/EPHA1/TACSTD2/MET/AMOT,5
3,GO:0050854,regulation of antigen receptor-mediated signaling pathway,4/179,70/18986,0.05714285714285714,6.0609736632082996,4.138476548962613,0.00431735059630747,0.0330758640339292,0.024027242800459467,CD72/LILRB4/THY1/CD22,4
3,GO:0002495,antigen processing and presentation of peptide antigen via MHC class II,3/179,35/18986,0.08571428571428572,9.09146049481245,4.674303725372486,0.004321183201950764,0.0330758640339292,0.024027242800459467,IFI30/CTSF/CD74,3
3,GO:0002719,negative regulation of cytokine production involved in immune response,3/179,35/18986,0.08571428571428572,9.09146049481245,4.674303725372486,0.004321183201950764,0.0330758640339292,0.024027242800459467,APOA1/APOA2/LILRB4,3
3,GO:0010614,negative regulation of cardiac muscle hypertrophy,3/179,35/18986,0.08571428571428572,9.09146049481245,4.674303725372486,0.004321183201950764,0.0330758640339292,0.024027242800459467,TNFRSF1A/TNFRSF1B/BMP10,3
3,GO:0061081,positive regulation of myeloid leukocyte cytokine production involved in immune response,3/179,35/18986,0.08571428571428572,9.09146049481245,4.674303725372486,0.004321183201950764,0.0330758640339292,0.024027242800459467,CD74/SPON2/KIT,3
3,GO:0034764,positive regulation of transmembrane transport,7/179,216/18986,0.032407407407407406,3.4373577488102622,3.5146822787328706,0.004471763374869774,0.03413838302762425,0.024799086638474483,ADIPOQ/C3/OCLN/GIP/THY1/GAL/HEPH,7
3,GO:0033559,unsaturated fatty acid metabolic process,5/179,114/18986,0.043859649122807015,4.652063118690581,3.8155204934612375,0.004521705062458678,0.034429045633051505,0.025010232173068855,TNFRSF1A/GSTA1/PTGDS/PTGR1/CD74,5
3,GO:0002423,natural killer cell mediated immune response to tumor cell,2/179,11/18986,0.18181818181818182,19.28491620111732,5.917938922009969,0.00459720049084562,0.03464020421803414,0.0251636237393655,HAVCR2/IL12B,2
3,GO:0009176,pyrimidine deoxyribonucleoside monophosphate metabolic process,2/179,11/18986,0.18181818181818182,19.28491620111732,5.917938922009969,0.00459720049084562,0.03464020421803414,0.0251636237393655,UPB1/DUT,2
3,GO:0042756,drinking behavior,2/179,11/18986,0.18181818181818182,19.28491620111732,5.917938922009969,0.00459720049084562,0.03464020421803414,0.0251636237393655,OXT/REN,2
3,GO:0097278,complement-dependent cytotoxicity,2/179,11/18986,0.18181818181818182,19.28491620111732,5.917938922009969,0.00459720049084562,0.03464020421803414,0.0251636237393655,CFH/C3,2
3,GO:0051017,actin filament bundle assembly,6/179,164/18986,0.036585365853658534,3.880501430712631,3.6143415362248583,0.004667592332291529,0.034914151056227145,0.025362626468029812,APOA1/BAIAP2/EPHA1/TACSTD2/MET/AMOT,6
3,GO:0001782,B cell homeostasis,3/179,36/18986,0.08333333333333333,8.838919925512103,4.59277241413061,0.004681697608022186,0.034914151056227145,0.025362626468029812,CD74/IL7R/TNFRSF13B,3
3,GO:0030224,monocyte differentiation,3/179,36/18986,0.08333333333333333,8.838919925512103,4.59277241413061,0.004681697608022186,0.034914151056227145,0.025362626468029812,CD4/CSF1/CD74,3
3,GO:0071604,transforming growth factor beta production,3/179,36/18986,0.08333333333333333,8.838919925512103,4.59277241413061,0.004681697608022186,0.034914151056227145,0.025362626468029812,FURIN/LGALS9/ITGAV,3
3,GO:0048002,antigen processing and presentation of peptide antigen,4/179,72/18986,0.05555555555555555,5.892613283674737,4.0577706815016885,0.004774375797848094,0.03542318207047908,0.02573240098880572,CLEC4A/IFI30/CTSF/CD74,4
3,GO:0050918,positive chemotaxis,4/179,72/18986,0.05555555555555555,5.892613283674737,4.0577706815016885,0.004774375797848094,0.03542318207047908,0.02573240098880572,HGF/NTRK3/PGF/MET,4
3,GO:0002444,myeloid leukocyte mediated immunity,5/179,116/18986,0.04310344827586207,4.571855133885571,3.764514160249446,0.004866601234631716,0.03596359538126073,0.026124972497064164,LGALS9/C3/PTGDS/SPON2/KIT,5
3,GO:0051051,negative regulation of transport,11/179,467/18986,0.023554603854389723,2.4983670881533144,3.198452854214703,0.004872007233655797,0.03596359538126073,0.026124972497064164,ADIPOQ/LGALS9/LEP/APOD/TNFRSF1A/APOA2/NOS3/ITGAV/CD74/TNFRSF1B/IL12B,11
3,GO:0042698,ovulation cycle,4/179,73/18986,0.0547945205479452,5.811892553761384,4.0185483130833894,0.005014618732231919,0.03682888339798683,0.026753542177024126,SERPINF1/LEP/NOS3/RETN,4
3,GO:0045670,regulation of osteoclast differentiation,4/179,73/18986,0.0547945205479452,5.811892553761384,4.0185483130833894,0.005014618732231919,0.03682888339798683,0.026753542177024126,LILRB4/TNFRSF11A/CSF1/IL12B,4
3,GO:0002504,antigen processing and presentation of peptide or polysaccharide antigen via MHC class II,3/179,37/18986,0.08108108108108109,8.600030197795562,4.514348532862003,0.005059873471044161,0.036933209201695745,0.026829327390480554,IFI30/CTSF/CD74,3
3,GO:0014741,negative regulation of muscle hypertrophy,3/179,37/18986,0.08108108108108109,8.600030197795562,4.514348532862003,0.005059873471044161,0.036933209201695745,0.026829327390480554,TNFRSF1A/TNFRSF1B/BMP10,3
3,GO:0048545,response to steroid hormone,9/179,340/18986,0.026470588235294117,2.8076569175156094,3.2812149375821384,0.005067017325844504,0.036933209201695745,0.026829327390480554,ADIPOQ/IL1RN/SERPINF1/IGFBP2/ADM/OXT/APOA2/PTGDS/AREG,9
3,GO:0019882,antigen processing and presentation,5/179,118/18986,0.0423728813559322,4.494366063819714,3.7146553257874517,0.00522978075402134,0.037831902557961185,0.02748216365356349,CLEC4A/IFI30/CTSF/CD74/FCER2,5
3,GO:1904659,D-glucose transmembrane transport,5/179,118/18986,0.0423728813559322,4.494366063819714,3.7146553257874517,0.00522978075402134,0.037831902557961185,0.02748216365356349,ADIPOQ/LEP/C3/OCLN/GIP,5
3,GO:0007584,response to nutrient,6/179,168/18986,0.03571428571428571,3.7881085395051874,3.5411933444704484,0.005242476672974973,0.037831902557961185,0.02748216365356349,ADIPOQ/LEP/LPL/IGFBP2/FOLR2/FABP1,6
3,GO:0061572,actin filament bundle organization,6/179,168/18986,0.03571428571428571,3.7881085395051874,3.5411933444704484,0.005242476672974973,0.037831902557961185,0.02748216365356349,APOA1/BAIAP2/EPHA1/TACSTD2/MET/AMOT,6
3,GO:0043123,positive regulation of canonical NF-kappaB signal transduction,7/179,223/18986,0.03139013452914798,3.329458626650299,3.413723545131291,0.005310326428053344,0.03805016122397546,0.02764071291946475,ADIPOQ/LGALS9/SHISA5/CD4/TNFRSF1A/CD74/HMOX1,7
3,GO:0043372,"positive regulation of CD4-positive, alpha-beta T cell differentiation",3/179,38/18986,0.07894736842105263,8.373713613643046,4.438829159561399,0.005455946136214465,0.03805016122397546,0.02764071291946475,LGALS9/CD80/IL12B,3
3,GO:0045589,regulation of regulatory T cell differentiation,3/179,38/18986,0.07894736842105263,8.373713613643046,4.438829159561399,0.005455946136214465,0.03805016122397546,0.02764071291946475,LGALS9/LILRB4/LAG3,3
3,GO:0070229,negative regulation of lymphocyte apoptotic process,3/179,38/18986,0.07894736842105263,8.373713613643046,4.438829159561399,0.005455946136214465,0.03805016122397546,0.02764071291946475,CD74/CD27/IL7R,3
3,GO:0002551,mast cell chemotaxis,2/179,12/18986,0.16666666666666666,17.677839851024206,5.637973471681023,0.005482580969190535,0.03805016122397546,0.02764071291946475,PGF/KIT,2
3,GO:0007250,activation of NF-kappaB-inducing kinase activity,2/179,12/18986,0.16666666666666666,17.677839851024206,5.637973471681023,0.005482580969190535,0.03805016122397546,0.02764071291946475,TNFRSF10A/CHI3L1,2
3,GO:0032096,negative regulation of response to food,2/179,12/18986,0.16666666666666666,17.677839851024206,5.637973471681023,0.005482580969190535,0.03805016122397546,0.02764071291946475,LEP/GDF15,2
3,GO:0032099,negative regulation of appetite,2/179,12/18986,0.16666666666666666,17.677839851024206,5.637973471681023,0.005482580969190535,0.03805016122397546,0.02764071291946475,LEP/GDF15,2
3,GO:0032108,negative regulation of response to nutrient levels,2/179,12/18986,0.16666666666666666,17.677839851024206,5.637973471681023,0.005482580969190535,0.03805016122397546,0.02764071291946475,LEP/GDF15,2
3,GO:0032817,regulation of natural killer cell proliferation,2/179,12/18986,0.16666666666666666,17.677839851024206,5.637973471681023,0.005482580969190535,0.03805016122397546,0.02764071291946475,LEP/IL12B,2
3,GO:0042117,monocyte activation,2/179,12/18986,0.16666666666666666,17.677839851024206,5.637973471681023,0.005482580969190535,0.03805016122397546,0.02764071291946475,LILRB4/CSF1,2
3,GO:0045906,negative regulation of vasoconstriction,2/179,12/18986,0.16666666666666666,17.677839851024206,5.637973471681023,0.005482580969190535,0.03805016122397546,0.02764071291946475,LEP/ADM,2
3,GO:0048012,hepatocyte growth factor receptor signaling pathway,2/179,12/18986,0.16666666666666666,17.677839851024206,5.637973471681023,0.005482580969190535,0.03805016122397546,0.02764071291946475,HGF/MET,2
3,GO:1901299,negative regulation of hydrogen peroxide-mediated programmed cell death,2/179,12/18986,0.16666666666666666,17.677839851024206,5.637973471681023,0.005482580969190535,0.03805016122397546,0.02764071291946475,HGF/MET,2
3,GO:2000343,positive regulation of chemokine (C-X-C motif) ligand 2 production,2/179,12/18986,0.16666666666666666,17.677839851024206,5.637973471681023,0.005482580969190535,0.03805016122397546,0.02764071291946475,LPL/CD74,2
3,GO:2000833,positive regulation of steroid hormone secretion,2/179,12/18986,0.16666666666666666,17.677839851024206,5.637973471681023,0.005482580969190535,0.03805016122397546,0.02764071291946475,GAL/RETN,2
3,GO:0046635,positive regulation of alpha-beta T cell activation,4/179,75/18986,0.05333333333333334,5.656908752327747,3.9422409672592305,0.005519154699996281,0.03821257227849453,0.02775869290137559,LGALS9/LILRB4/CD80/IL12B,4
3,GO:1990845,adaptive thermogenesis,6/179,170/18986,0.03529411764705882,3.74354255668748,3.5054563498325217,0.005548633361573361,0.038325203290296005,0.02784051125280669,ADIPOQ/LEP/FABP4/IL18R1/OXT/LEPR,6
3,GO:2000242,negative regulation of reproductive process,4/179,76/18986,0.05263157894736842,5.582475742428697,3.9051098980159105,0.005783678878674662,0.03985380623998859,0.02895093165422346,SERPINF1/PLAT/PTGDS/KIT,4
3,GO:0008645,hexose transmembrane transport,5/179,121/18986,0.04132231404958678,4.382935500253937,3.641917066595307,0.005809936930978825,0.039939874494714624,0.029013454067896252,ADIPOQ/LEP/C3/OCLN/GIP,5
3,GO:0042755,eating behavior,3/179,39/18986,0.07692307692307693,8.1590030081650191,4.366029590711576,0.005870139499750238,0.04025833259757787,0.029244791037700574,LEP/OXT/GDF15,3
3,GO:0071222,cellular response to lipopolysaccharide,7/179,228/18986,0.03070175438596491,3.2564441830834063,3.3440349413804933,0.005977972659134247,0.04075640309039195,0.02960660352581312,NOS3/MRC1/TNFRSF1B/HAVCR2/SPON2/CD80/IL12B,7
3,GO:0043542,endothelial cell migration,8/179,287/18986,0.027874564459930314,2.9565725186381955,3.2583652152881792,0.005983066440378641,0.04075640309039195,0.02960660352581312,APOA1/SERPINF1/PRCP/NOS3/BMP10/MET/AMOT/HMOX1,8
3,GO:0043500,muscle adaptation,5/179,122/18986,0.040983606557377046,4.347009799432182,3.6181957511711893,0.006013009487310497,0.04075640309039195,0.02960660352581312,TNFRSF1A/NOS3/TNFRSF1B/BMP10/HMOX1,5
3,GO:0046660,female sex differentiation,5/179,122/18986,0.040983606557377046,4.347009799432182,3.6181957511711893,0.006013009487310497,0.04075640309039195,0.02960660352581312,LEP/KITLG/NOS3/RETN/KIT,5
3,GO:0071887,leukocyte apoptotic process,5/179,122/18986,0.040983606557377046,4.347009799432182,3.6181957511711893,0.006013009487310497,0.04075640309039195,0.02960660352581312,LGALS9/KITLG/CD74/CD27/IL7R,5
3,GO:0015748,organophosphate ester transport,6/179,173/18986,0.03468208092485549,3.678625633739141,3.45285307200254,0.006032127956028484,0.040790683450905904,0.02963150574891185,PLTP/APOA1/PRAP1/SCARB2/APOA2/NPC2,6
3,GO:0032729,positive regulation of type II interferon production,4/179,77/18986,0.05194805194805195,5.509976057462091,3.8686315731910366,0.006056525308448711,0.04086041841816212,0.029682163200769447,LGALS9/IL18R1/HAVCR2/IL12B,4
3,GO:0002369,T cell cytokine production,3/179,40/18986,0.075,7.955027932960894,4.295781285570699,0.006302666251400668,0.04212911243159755,0.030603778402386945,IL18R1/LILRB4/TNFRSF1B,3
3,GO:0002724,regulation of T cell cytokine production,3/179,40/18986,0.075,7.955027932960894,4.295781285570699,0.006302666251400668,0.04212911243159755,0.030603778402386945,IL18R1/LILRB4/TNFRSF1B,3
3,GO:0032094,response to food,3/179,40/18986,0.075,7.955027932960894,4.295781285570699,0.006302666251400668,0.04212911243159755,0.030603778402386945,LEP/OXT/GDF15,3
3,GO:0032814,regulation of natural killer cell activation,3/179,40/18986,0.075,7.955027932960894,4.295781285570699,0.006302666251400668,0.04212911243159755,0.030603778402386945,LEP/HAVCR2/IL12B,3
3,GO:0032890,regulation of organic acid transport,4/179,78/18986,0.05128205128205128,5.439335338776679,3.832785461635448,0.0063378055555102395,0.04216888632450712,0.03063267128273853,CES1/LEP/OXT/TNFRSF11A,4
3,GO:0006690,icosanoid metabolic process,5/179,124/18986,0.04032258064516129,4.2768967381510175,3.5715092753691327,0.006434057892074584,0.04216888632450712,0.03063267128273853,TNFRSF1A/GSTA1/PTGDS/PTGR1/CD74,5
3,GO:0015749,monosaccharide transmembrane transport,5/179,124/18986,0.04032258064516129,4.2768967381510175,3.5715092753691327,0.006434057892074584,0.04216888632450712,0.03063267128273853,ADIPOQ/LEP/C3/OCLN/GIP,5
3,GO:0032609,type II interferon production,5/179,124/18986,0.04032258064516129,4.2768967381510175,3.5715092753691327,0.006434057892074584,0.04216888632450712,0.03063267128273853,LGALS9/IL18R1/LILRB4/HAVCR2/IL12B,5
3,GO:0032649,regulation of type II interferon production,5/179,124/18986,0.04032258064516129,4.2768967381510175,3.5715092753691327,0.006434057892074584,0.04216888632450712,0.03063267128273853,LGALS9/IL18R1/LILRB4/HAVCR2/IL12B,5
3,GO:0010642,negative regulation of platelet-derived growth factor receptor signaling pathway,2/179,13/18986,0.15384615384615385,16.318006016330038,5.389865930319765,0.0064394404142559996,0.04216888632450712,0.03063267128273853,ADIPOQ/APOD,2
3,GO:0034380,high-density lipoprotein particle assembly,2/179,13/18986,0.15384615384615385,16.318006016330038,5.389865930319765,0.0064394404142559996,0.04216888632450712,0.03063267128273853,APOA1/APOA2,2
3,GO:0070278,extracellular matrix constituent secretion,2/179,13/18986,0.15384615384615385,16.318006016330038,5.389865930319765,0.0064394404142559996,0.04216888632450712,0.03063267128273853,TNFRSF1A/TNFRSF1B,2
3,GO:1902337,regulation of apoptotic process involved in morphogenesis,2/179,13/18986,0.15384615384615385,16.318006016330038,5.389865930319765,0.0064394404142559996,0.04216888632450712,0.03063267128273853,TNFRSF1A/TNFRSF1B,2
3,GO:0019731,antibacterial humoral response,4/179,79/18986,0.05063291139240506,5.370482992716215,3.7975519359265357,0.00662762953387558,0.043303498373362746,0.03145688555433597,ADM/LGALS4/RNASE6/SPON2,4
3,GO:0001952,regulation of cell-matrix adhesion,5/179,125/18986,0.04,4.24268156424581,3.548534282958971,0.006652156827749268,0.04336608305011377,0.031502348833007766,APOD/SKAP1/EPHA1/CSF1/THY1,5
3,GO:0046427,positive regulation of receptor signaling pathway via JAK-STAT,3/179,41/18986,0.07317073170731707,7.761002861425262,4.227930087358143,0.006753728113006149,0.04392951851083148,0.03191164428189358,LEP/IL7R/KIT,3
3,GO:0046637,regulation of alpha-beta T cell differentiation,4/179,80/18986,0.05,5.303351955307263,3.7629122216486044,0.006926105480027808,0.044949959726086515,0.03265292163196909,LGALS9/LILRB4/CD80/IL12B,4
3,GO:0010594,regulation of endothelial cell migration,7/179,235/18986,0.029787234042553193,3.1594437180553907,3.2496430361860926,0.0070156906184500965,0.04542972875920476,0.0330014394223146,SERPINF1/PRCP/NOS3/BMP10/MET/AMOT/HMOX1,7
3,GO:0008406,gonad development,7/179,236/18986,0.029661016949152543,3.1460562446738,3.236447148489801,0.007174196393809098,0.046157313057790535,0.03352997722806896,LEP/KITLG/NOS3/ADGRG1/RETN/REN/KIT,7
3,GO:0006958,"complement activation, classical pathway",3/179,42/18986,0.07142857142857142,7.576217079010375,4.162334678286088,0.007223516073159911,0.046157313057790535,0.03352997722806896,CFI/C1RL/C3,3
3,GO:0032733,positive regulation of interleukin-10 production,3/179,42/18986,0.07142857142857142,7.576217079010375,4.162334678286088,0.007223516073159911,0.046157313057790535,0.03352997722806896,LGALS9/HGF/IL12B,3
3,GO:0045066,regulatory T cell differentiation,3/179,42/18986,0.07142857142857142,7.576217079010375,4.162334678286088,0.007223516073159911,0.046157313057790535,0.03352997722806896,LGALS9/LILRB4/LAG3,3
3,GO:0048246,macrophage chemotaxis,3/179,42/18986,0.07142857142857142,7.576217079010375,4.162334678286088,0.007223516073159911,0.046157313057790535,0.03352997722806896,RARRES2/CSF1/DDT,3
3,GO:0070232,regulation of T cell apoptotic process,3/179,42/18986,0.07142857142857142,7.576217079010375,4.162334678286088,0.007223516073159911,0.046157313057790535,0.03352997722806896,LGALS9/CD27/IL7R,3
3,GO:0051962,positive regulation of nervous system development,8/179,297/18986,0.026936026936026935,2.8570246223877507,3.1468417881669444,0.007298424432976832,0.04653347094519954,0.0338032289527348,SERPINF1/OXT/BAIAP2/PLXNB2/TNFRSF1B/SLITRK1/THBS2/KIT,8
3,GO:0002291,T cell activation via T cell receptor contact with antigen bound to MHC molecule on antigen presenting cell,2/179,14/18986,0.14285714285714285,15.15243415802075,5.167859012202464,0.007466367677923908,0.0468829710685222,0.03405711572386344,LGALS9/HAVCR2,2
3,GO:0010745,negative regulation of macrophage derived foam cell differentiation,2/179,14/18986,0.14285714285714285,15.15243415802075,5.167859012202464,0.007466367677923908,0.0468829710685222,0.03405711572386344,ADIPOQ/ITGAV,2
3,GO:0032308,positive regulation of prostaglandin secretion,2/179,14/18986,0.14285714285714285,15.15243415802075,5.167859012202464,0.007466367677923908,0.0468829710685222,0.03405711572386344,OXT/TNFRSF11A,2
3,GO:0032725,positive regulation of granulocyte macrophage colony-stimulating factor production,2/179,14/18986,0.14285714285714285,15.15243415802075,5.167859012202464,0.007466367677923908,0.0468829710685222,0.03405711572386344,CD80/IL12B,2
3,GO:0033700,phospholipid efflux,2/179,14/18986,0.14285714285714285,15.15243415802075,5.167859012202464,0.007466367677923908,0.0468829710685222,0.03405711572386344,APOA1/APOA2,2
3,GO:0071639,positive regulation of monocyte chemotactic protein-1 production,2/179,14/18986,0.14285714285714285,15.15243415802075,5.167859012202464,0.007466367677923908,0.0468829710685222,0.03405711572386344,ADIPOQ/LGALS9,2
3,GO:1904748,regulation of apoptotic process involved in development,2/179,14/18986,0.14285714285714285,15.15243415802075,5.167859012202464,0.007466367677923908,0.0468829710685222,0.03405711572386344,TNFRSF1A/TNFRSF1B,2
3,GO:0044242,cellular lipid catabolic process,7/179,238/18986,0.029411764705882353,3.119618797239566,3.210264544906298,0.007499162829290056,0.046987195178769876,0.034132827064314405,ADIPOQ/LEP/SCARB2/LPL/APOA2/ENPP6/FABP1,7
3,GO:0014823,response to activity,4/179,82/18986,0.04878048780487805,5.174001907616842,3.6953431142658704,0.0075494376913162785,0.04720025591057871,0.03428760040384571,ADIPOQ/GCG/LEP/OXT,4
3,GO:0006066,alcohol metabolic process,9/179,363/18986,0.024793388429752067,2.629761300152362,3.0586131106797074,0.0076615976890111225,0.04779848364692745,0.03472216994544486,APOA1/CES1/LEP/ADH4/APOF/APOA2/NPC2/LEPR/PON1,9
3,GO:0051056,regulation of small GTPase mediated signal transduction,8/179,300/18986,0.02666666666666667,2.8284543761638736,3.114287031567076,0.007732654368356559,0.04813826249485489,0.03496899490727317,APOA1/RTN4R/KITLG/ITGAV/CSF1/ADGRG1/MET/AMOT,8
3,GO:0008286,insulin receptor signaling pathway,5/179,130/18986,0.038461538461538464,4.0795015040825096,3.437156967583257,0.007820829418857218,0.04837574870811256,0.035141511607119626,RARRES2/LEP/IGFBP1/BAIAP2/MZB1,5
3,GO:0032612,interleukin-1 production,5/179,130/18986,0.038461538461538464,4.0795015040825096,3.437156967583257,0.007820829418857218,0.04837574870811256,0.035141511607119626,APOA1/LGALS9/LPL/LILRB4/HAVCR2,5
3,GO:0032652,regulation of interleukin-1 production,5/179,130/18986,0.038461538461538464,4.0795015040825096,3.437156967583257,0.007820829418857218,0.04837574870811256,0.035141511607119626,APOA1/LGALS9/LPL/LILRB4/HAVCR2,5
3,GO:0002294,"CD4-positive, alpha-beta T cell differentiation involved in immune response",4/179,83/18986,0.04819277108433735,5.111664535235915,3.6623800274722726,0.007874501832409807,0.04860410599110819,0.0353073967939181,LGALS9/IL18R1/CD80/IL12B,4
3,GO:0042445,hormone metabolic process,7/179,241/18986,0.029045643153526972,3.0807853682282853,3.1715030848475085,0.008006888897566301,0.049211831974236946,0.035748866130525726,FURIN/LEP/ADH4/ADM/GAL/CTSB/REN,7
3,GO:0045137,development of primary sexual characteristics,7/179,241/18986,0.029045643153526972,3.0807853682282853,3.1715030848475085,0.008006888897566301,0.049211831974236946,0.035748866130525726,LEP/KITLG/NOS3/ADGRG1/RETN/REN/KIT,7
3,GO:0071219,cellular response to molecule of bacterial origin,7/179,242/18986,0.028925619834710745,3.0680548501777554,3.15871652418011,0.008181641657027129,0.04967951596095755,0.036088605001482976,NOS3/MRC1/TNFRSF1B/HAVCR2/SPON2/CD80/IL12B,7
3,GO:0009895,negative regulation of catabolic process,9/179,367/18986,0.02452316076294278,2.6010990516493386,3.0216566245869205,0.008200991487593186,0.04967951596095755,0.036088605001482976,FURIN/CST3/HGF/LEP/APOA2/LEPR/MET/TIMP4/HMOX1,9
3,GO:0002287,alpha-beta T cell activation involved in immune response,4/179,84/18986,0.047619047619047616,5.050811386006917,3.629943285055315,0.008208633651734222,0.04967951596095755,0.036088605001482976,LGALS9/IL18R1/CD80/IL12B,4
3,GO:0002293,alpha-beta T cell differentiation involved in immune response,4/179,84/18986,0.047619047619047616,5.050811386006917,3.629943285055315,0.008208633651734222,0.04967951596095755,0.036088605001482976,LGALS9/IL18R1/CD80/IL12B,4
3,GO:0035023,regulation of Rho protein signal transduction,4/179,84/18986,0.047619047619047616,5.050811386006917,3.629943285055315,0.008208633651734222,0.04967951596095755,0.036088605001482976,APOA1/RTN4R/ADGRG1/MET,4
3,GO:0070227,lymphocyte apoptotic process,4/179,84/18986,0.047619047619047616,5.050811386006917,3.629943285055315,0.008208633651734222,0.04967951596095755,0.036088605001482976,LGALS9/CD74/CD27/IL7R,4
3,GO:0032735,positive regulation of interleukin-12 production,3/179,44/18986,0.06818181818181818,7.231843575418995,4.037402240515535,0.00821998195837974,0.04967951596095755,0.036088605001482976,LGALS9/LEP/IL12B,3
3,GO:0070328,triglyceride homeostasis,3/179,44/18986,0.06818181818181818,7.231843575418995,4.037402240515535,0.00821998195837974,0.04967951596095755,0.036088605001482976,APOA1/LPL/GIP,3
4,GO:0097529,myeloid leukocyte migration,49/724,243/18986,0.20164609053497942,5.287918059250165,13.394622436452948,4.324886038569831e-22,2.1418266721468956e-18,1.5818460374133863e-18,IL1B/PDGFB/NBL1/IL6/APP/XG/PPBP/PF4/SCG2/CCL7/VEGFA/BSG/CCL5/LYN/PPIB/LGALS3/MIF/LBP/IRAK4/EDN1/CD99/CCL18/MDK/JAM3/CD300A/C5/STAT5B/CCL26/LGMN/CCL15/BCR/CCN3/B4GALT1/UMOD/MSTN/CXCL3/CXCL17/VAV3/TREM2/CXCL11/VEGFB/CCL3/CXCL5/AIF1/CCL13/CALCA/CCL14/ADAM8/CCL11,49
4,GO:0050900,leukocyte migration,63/724,404/18986,0.15594059405940594,4.089348230403151,12.4971716200165,8.475768389975843e-22,2.1418266721468956e-18,1.5818460374133863e-18,TNFSF14/IL1B/PDGFB/NBL1/IL6/ITGA6/JAM2/APP/XG/SELP/PPBP/PF4/TNFRSF14/SCG2/CCL7/VEGFA/BSG/GP1BA/CCL5/LYN/PPIB/CXCL16/ICAM1/LGALS3/MIF/LBP/FADD/CD69/IRAK4/EDN1/CD99/CCL18/MDK/CRKL/JAM3/CD300A/C5/STAT5B/CCL26/LGMN/CCL15/BCR/CCN3/CCL20/B4GALT1/SRC/UMOD/MSTN/CXCL3/CXCL17/VAV3/CCL28/TREM2/CXCL11/VEGFB/CCL3/CXCL5/AIF1/CCL13/CALCA/CCL14/ADAM8/CCL11,63
4,GO:0006959,humoral immune response,49/724,310/18986,0.15806451612903225,4.145045446444484,11.116453466231246,1.9576619456396207e-17,3.298007824420881e-14,2.4357435997326652e-14,CD59/FGA/IL1B/CFHR5/IL6/SERPING1/APP/PPBP/PF4/C2/CFD/CCL7/WFDC2/B2M/ANG/CCL5/FCN1/LGALS3/GPI/CCL18/C4BPB/IL7/C5/CD55/CCL17/CCL26/RGCC/CD83/CCL15/PGLYRP1/C8B/CCL20/PTPN6/MMP7/CXCL3/SH2D1A/TNFRSF21/CD46/CCL28/TREM2/CXCL11/C1R/CCL3/CXCL5/CCL13/CALCA/CCL14/PRSS2/CCL11,49
4,GO:0060326,cell chemotaxis,50/724,328/18986,0.1524390243902439,3.9975239186093514,10.90353819683414,4.2790455743348425e-17,5.4065740831720735e-14,3.9930251596293034e-14,TNFSF14/IL1B/PDGFB/NBL1/IL6/APP/PPBP/SMOC2/PF4/SCG2/CCL7/EPHA2/VEGFA/BSG/CCL5/LYN/PPIB/PLXNB3/CXCL16/LGALS3/MIF/LBP/EDN1/CCL18/MDK/CRKL/JAM3/C5/CCL17/CCL26/LGMN/CCL15/CCN3/CCL20/MSTN/CXCL3/CXCL17/VAV3/CCL28/CXCL11/VEGFB/CCL3/CXCL5/AIF1/CCL13/CALCA/CCL14/BIN2/ADAM8/CCL11,50
4,GO:0030595,leukocyte chemotaxis,42/724,240/18986,0.175,4.589157458563536,11.141514777633345,9.667639855047564e-17,9.772050365482077e-14,7.217147563368139e-14,TNFSF14/IL1B/PDGFB/NBL1/IL6/APP/PPBP/PF4/SCG2/CCL7/VEGFA/BSG/CCL5/LYN/PPIB/CXCL16/LGALS3/MIF/LBP/EDN1/CCL18/MDK/JAM3/C5/CCL26/LGMN/CCL15/CCN3/MSTN/CXCL3/CXCL17/VAV3/CXCL11/VEGFB/CCL3/CXCL5/AIF1/CCL13/CALCA/CCL14/ADAM8/CCL11,42
4,GO:0006935,chemotaxis,60/724,472/18986,0.1271186440677966,3.3335284202640696,10.221964745891276,2.0140123190223096e-16,1.6964697100564588e-13,1.252927663728616e-13,TNFSF14/IL1B/PDGFB/ANGPT1/NBL1/IL6/PDGFA/APP/SEMA4D/PPBP/SMOC2/PF4/SCG2/CCL7/EPHA2/VEGFA/BSG/CCL5/LYN/PPIB/PLXNB3/CXCL16/PLAUR/PLXNA4/LGALS3/MIF/LBP/MAP2K1/EDN1/CCL18/PPM1F/MDK/CRKL/JAM3/S100A4/C5/CCL17/CCL26/LGMN/CCL15/CCN3/CCL20/MSTN/CXCL3/TYMP/CXCL17/VAV3/CCL28/TREM2/CXCL11/VEGFB/CCL3/CXCL5/AIF1/CCL13/CALCA/CCL14/BIN2/ADAM8/CCL11,60
4,GO:0042330,taxis,60/724,474/18986,0.12658227848101267,3.3194628995034625,10.182404484211803,2.458887657660417e-16,1.775316888830821e-13,1.3111602457238855e-13,TNFSF14/IL1B/PDGFB/ANGPT1/NBL1/IL6/PDGFA/APP/SEMA4D/PPBP/SMOC2/PF4/SCG2/CCL7/EPHA2/VEGFA/BSG/CCL5/LYN/PPIB/PLXNB3/CXCL16/PLAUR/PLXNA4/LGALS3/MIF/LBP/MAP2K1/EDN1/CCL18/PPM1F/MDK/CRKL/JAM3/S100A4/C5/CCL17/CCL26/LGMN/CCL15/CCN3/CCL20/MSTN/CXCL3/TYMP/CXCL17/VAV3/CCL28/TREM2/CXCL11/VEGFB/CCL3/CXCL5/AIF1/CCL13/CALCA/CCL14/BIN2/ADAM8/CCL11,60
4,GO:0097530,granulocyte migration,33/724,156/18986,0.21153846153846154,5.547333191670209,11.355188047064717,6.271035759146153e-16,3.961726840840582e-13,2.925933263412139e-13,IL1B/XG/PPBP/PF4/SCG2/CCL7/VEGFA/BSG/CCL5/PPIB/LGALS3/LBP/IRAK4/EDN1/CD99/CCL18/MDK/JAM3/CD300A/CCL26/CCL15/UMOD/MSTN/CXCL3/CXCL17/VAV3/CXCL11/CCL3/CXCL5/CCL13/CCL14/ADAM8/CCL11,33
4,GO:0042060,wound healing,55/724,444/18986,0.12387387387387387,3.2484383554825547,9.545410204281186,1.1623917522818441e-14,6.527475462258266e-12,4.820866846305753e-12,CD59/CD40LG/GP5/FGA/TAFA5/EREG/SDC4/PDGFB/IL6/YAP1/SERPING1/PDGFA/DAG1/TREML1/SELP/SERPINE2/ACVRL1/SMOC2/PF4/HPSE/GP6/F2R/TIMP1/VEGFA/CD40/GP1BA/LYN/MPIG6B/THBD/PLAUR/LRG1/VPS4B/AP3B1/CHMP1A/CASP7/EDN1/C4BPB/PLA2G4A/F11/DGKA/SYTL4/RHOC/PTPN6/B4GALT1/PRKG1/SRC/STXBP1/GP1BB/VAV3/VEGFB/TFPI2/ANXA2/C1QTNF1/SH2B3/PPL,55
4,GO:0007599,hemostasis,39/724,241/18986,0.16182572614107885,4.243678503473098,10.090298548377133,1.799941085153716e-14,9.09690224436688e-12,6.7185169346895555e-12,CD59/CD40LG/GP5/FGA/PDGFB/IL6/SERPING1/PDGFA/TREML1/SELP/SERPINE2/PF4/HPSE/GP6/F2R/CD40/GP1BA/LYN/MPIG6B/THBD/PLAUR/GPI/AP3B1/EDN1/C4BPB/PLA2G4A/F11/DGKA/PTPN6/PRKG1/SRC/STXBP1/GP1BB/VAV3/NFE2/TFPI2/ANXA2/C1QTNF1/SH2B3,39
4,GO:0002685,regulation of leukocyte migration,38/724,236/18986,0.16101694915254236,4.222469332334488,9.91846746360563,4.621576047665278e-14,2.1234041222636648e-11,1.5682400636383805e-11,TNFSF14/NBL1/IL6/JAM2/APP/XG/SELP/TNFRSF14/CCL7/VEGFA/GP1BA/CCL5/LYN/ICAM1/LGALS3/MIF/LBP/FADD/CD69/EDN1/CD99/MDK/CRKL/JAM3/CD300A/C5/LGMN/BCR/CCN3/CCL20/MSTN/CXCL17/CCL28/TREM2/VEGFB/CCL3/AIF1/ADAM8,38
4,GO:0050817,coagulation,38/724,241/18986,0.15767634854771784,4.134866234153274,9.751809921348334,9.172367679506757e-14,3.863095521018929e-11,2.8530891045202598e-11,CD59/CD40LG/GP5/FGA/PDGFB/ANGPT1/IL6/SERPING1/PDGFA/TREML1/SELP/SERPINE2/PF4/HPSE/GP6/F2R/CD40/GP1BA/LYN/MPIG6B/THBD/PLAUR/AP3B1/EDN1/C4BPB/PLA2G4A/F11/DGKA/PTPN6/PRKG1/SRC/STXBP1/GP1BB/VAV3/TFPI2/ANXA2/C1QTNF1/SH2B3,38
4,GO:0071674,mononuclear cell migration,37/724,231/18986,0.16017316017316016,4.200342015259142,9.744156790366993,1.184501233512249e-13,4.604976333977621e-11,3.401005161161486e-11,TNFSF14/PDGFB/NBL1/IL6/JAM2/APP/XG/PF4/TNFRSF14/CCL7/CCL5/LYN/CXCL16/ICAM1/LGALS3/MIF/FADD/CD69/CD99/MDK/CRKL/JAM3/C5/CCL26/LGMN/BCR/CCN3/CCL20/B4GALT1/MSTN/CXCL17/TREM2/CXCL11/CCL3/AIF1/CALCA/ADAM8,37
4,GO:0007596,blood coagulation,37/724,234/18986,0.1581196581196581,4.146491476601974,9.64297644247491,1.7857664128730458e-13,6.446616750471696e-11,4.761148646652497e-11,CD59/CD40LG/GP5/FGA/PDGFB/IL6/SERPING1/PDGFA/TREML1/SELP/SERPINE2/PF4/HPSE/GP6/F2R/CD40/GP1BA/LYN/MPIG6B/THBD/PLAUR/AP3B1/EDN1/C4BPB/PLA2G4A/F11/DGKA/PTPN6/PRKG1/SRC/STXBP1/GP1BB/VAV3/TFPI2/ANXA2/C1QTNF1/SH2B3,37
4,GO:0071621,granulocyte chemotaxis,27/724,129/18986,0.20930232558139536,5.4886933059231655,10.185419063268359,3.6989785256671694e-13,1.2463091645814582e-10,9.204616036502306e-11,IL1B/PPBP/PF4/SCG2/CCL7/VEGFA/BSG/CCL5/PPIB/LGALS3/LBP/EDN1/CCL18/MDK/JAM3/CCL26/CCL15/MSTN/CXCL3/CXCL17/VAV3/CXCL11/CCL3/CXCL5/CCL13/CCL14/CCL11,27
4,GO:0043491,phosphatidylinositol 3-kinase/protein kinase B signal transduction,43/724,317/18986,0.13564668769716087,3.5571657632849396,9.141730185243569,4.558512060388112e-13,1.4399199970750948e-10,1.0634528793510687e-10,OSM/PIK3IP1/PDGFB/EGF/ANGPT1/PDGFA/APP/DAG1/SEMA4D/SELP/SERPINE2/HPSE/HCLS1/F2R/MYDGF/VEGFA/MTDH/CD40/CCL5/STK11/PARK7/RRAS/EDN1/BAG4/IL18/PTPN6/STAMBP/SRC/MSTN/ROR1/SPRY2/PTPN1/VAV3/CD160/TREM2/BANK1/CD2AP/VEGFB/CCL3/INPPL1/C1QTNF1/SH2B3/ADAM8,43
4,GO:0007159,leukocyte cell-cell adhesion,51/724,430/18986,0.1186046511627907,3.110259540023127,8.813092589000151,6.125826595132095e-13,1.8211722124586828e-10,1.345026693890923e-10,TNFSF14/OLR1/CD40LG/IL1B/SDC4/TGFBR2/IL6/JAM2/SEMA4D/SELP/TNFRSF14/VSIR/TNFAIP8L2/B2M/GP1BA/CLEC4G/CCL5/LYN/ICAM1/LGALS3/LRG1/AP3B1/FADD/CD69/MDK/NCK2/CASP3/IL7/CD300A/CD55/CD274/STAT5B/CD83/IL18/PTPN6/SRC/UMOD/PRKAR1A/TNIP1/TNFRSF21/CD46/IL2RA/PDE5A/CCL28/CD160/AIF1/IRAK1/CALCA/KLF4/ADAM8/TNFSF13B,51
4,GO:2001233,regulation of apoptotic signaling pathway,49/724,403/18986,0.12158808933002481,3.188496497264987,8.841803930815418,6.971367005333405e-13,1.9574049358308347e-10,1.4456413684744007e-10,TNFSF14/MMP9/CD40LG/FGA/IL1B/BID/YAP1/ITGA6/APP/BDNF/PF4/TRIAP1/SCG2/CTSS/LTBR/ERP29/ICAM1/PLAUR/LGALS3/MIF/FXN/FADD/PARK7/BCL2L1/CRADD/INHBB/HYOU1/NCK2/HSPA1A/ENO1/IL7/HTRA2/BAX/STK4/HNRNPK/CDKN2D/SRC/CASP2/PTPN1/TREM2/PPIF/COL2A1/SOD1/RRM2B/TNFSF12/CTSL/KLF4/SFRP1/ASAH2,49
4,GO:0042327,positive regulation of phosphorylation,54/724,479/18986,0.1127348643006263,2.956331676259242,8.634608394211526,9.748717465134505e-13,2.5931588457257785e-10,1.9151774033998314e-10,MMP9/TGFA/OSM/IL1B/EREG/PDGFB/EGF/ANGPT1/IL6/ITGA6/PDGFA/APP/SEMA4D/EFNA1/LILRA5/LAT/HCLS1/TNFRSF10B/MYDGF/VEGFA/ANG/ERP29/CCL5/LYN/PLAUR/MIF/STK11/DAB2/MAP2K1/PARK7/EIF4G1/EDN1/PIBF1/CRKL/ERN1/RSPO1/RGCC/BAG4/IL18/FLT4/STK4/SRC/NOS1/CTF1/SPRY2/AXIN1/PTPN1/PDE5A/TREM2/BANK1/VEGFB/ARL2BP/CALCA/MAVS,54
4,GO:0032496,response to lipopolysaccharide,45/724,354/18986,0.1271186440677966,3.3335284202640696,8.824404398609651,1.3163017886188698e-12,3.326294619839884e-10,2.4566348118118486e-10,MMP9/MMP8/IL1B/IL6/PENK/SELP/PPBP/PF4/C2/F2R/MTDH/B2M/CD40/CD14/LYN/THBD/CASP1/MIF/LBP/CASP7/IRAK4/EDN1/PLSCR3/CASP3/CD55/CD274/PRDX3/CNP/ERBIN/BCR/SRC/UMOD/NOS1/TNIP1/NFKB1/CXCL3/MAPKAPK2/ACP5/TREM2/CXCL11/CXCL5/CASP8/IRAK1/GIT1/IL18BP,45
4,GO:0045785,positive regulation of cell adhesion,55/724,499/18986,0.11022044088176353,2.8903940477640364,8.52059274438081,1.4847399956823729e-12,3.5732742562755774e-10,2.6390416163858116e-10,TNFSF14/CD40LG/FGA/IL1B/SDC4/PDGFB/TGFBR2/ANGPT1/IL6/ITGA6/DAG1/SELP/FSTL3/TNFRSF14/GP6/VWC2/VSIR/VEGFA/B2M/GP1BA/CCL5/LYN/PLAUR/NID1/AP3B1/DAB2/FADD/RRAS/PPM1F/MDK/NCK2/CRKL/IL7/CD55/CD274/STAT5B/BAG4/CD83/IL18/STK4/PTPN6/FBLN2/SRC/CD46/IL2RA/VAV3/CCL28/CD160/CCDC80/AIF1/IRAK1/PRSS2/SFRP1/ADAM8/TNFSF13B,55
4,GO:0043410,positive regulation of MAPK cascade,53/724,472/18986,0.11228813559322035,2.9446167712332616,8.518346683588229,1.865515273133854e-12,4.2855973592811353e-10,3.165127827049113e-10,TGFA/IGFBP6/OSM/FGA/IL1B/TNFRSF19/PDGFB/EGF/ANGPT1/IL6/PDGFA/APP/EFNA1/LILRA5/CCN2/F2R/EDA2R/MYDGF/LTBR/VEGFA/CD40/ERP29/LYN/ICAM1/MIF/TMEM106A/MAP2K1/EDN1/DOK2/MINK1/EIF2AK2/CRKL/ERN1/MAP2K6/DOK1/FLT4/SRC/MARCO/SPRY2/BMPER/AXIN1/CXCL17/PTPN1/PDE5A/FGF23/TREM2/BANK1/VEGFB/CCL3/EDAR/C1QTNF1/SOD1/ADAM8,53
4,GO:0050878,regulation of body fluid levels,46/724,381/18986,0.12073490813648294,3.1661228810487088,8.504154764230758,4.622087298997873e-12,1.0132403888931389e-9,7.483286649480494e-10,CD59/CD40LG/GP5/FGA/PDGFB/IL6/SERPING1/PDGFA/TREML1/SELP/SERPINE2/PF4/CELSR2/HPSE/GP6/F2R/VEGFA/CD40/SPINK1/GP1BA/LYN/MPIG6B/THBD/PLAUR/VAMP8/GPI/AP3B1/EDN1/C4BPB/PLA2G4A/F11/DGKA/STAT5B/PTPN6/PRKG1/SRC/UMOD/STXBP1/GP1BB/VAV3/NFE2/TFPI2/BTC/ANXA2/C1QTNF1/SH2B3,46
4,GO:0002697,regulation of immune effector process,48/724,410/18986,0.11707317073170732,3.0700983694919826,8.437372537854463,4.8115887086338206e-12,1.0132403888931389e-9,7.483286649480494e-10,CD59/CD40LG/IL1B/CD84/ANGPT1/IL6/SERPING1/CD226/TNFRSF14/STX7/B2M/CD40/CLEC4G/LYN/ICAM1/NECTIN2/FCN1/VAMP8/LGALS3/GPI/MIF/ULBP2/LBP/FADD/CD69/C4BPB/CD300A/CD55/CD274/STAT5B/IL18/BCR/PGLYRP1/PTPN6/BST2/STXBP1/GRN/CLC/SH2D1A/MAPKAPK2/CD46/CD160/ACP5/TREM2/TNFSF13/NCR1/MAVS/APPL2,48
4,GO:0001934,positive regulation of protein phosphorylation,51/724,455/18986,0.11208791208791209,2.939366158703175,8.33712855064956,5.310065312100803e-12,1.0734828034942983e-9,7.928206988088188e-10,MMP9/TGFA/OSM/IL1B/EREG/PDGFB/EGF/ANGPT1/IL6/PDGFA/APP/SEMA4D/EFNA1/LILRA5/LAT/HCLS1/TNFRSF10B/MYDGF/VEGFA/ERP29/LYN/PLAUR/MIF/STK11/DAB2/MAP2K1/PARK7/EIF4G1/EDN1/PIBF1/CRKL/ERN1/RSPO1/RGCC/BAG4/IL18/FLT4/STK4/SRC/NOS1/CTF1/SPRY2/AXIN1/PTPN1/PDE5A/TREM2/BANK1/VEGFB/ARL2BP/CALCA/MAVS,51
4,GO:0002237,response to molecule of bacterial origin,45/724,375/18986,0.12,3.1468508287292813,8.360515627289352,9.797239215889696e-12,1.8997682295050976e-9,1.403073780398033e-9,MMP9/MMP8/IL1B/IL6/PENK/SELP/PPBP/PF4/C2/F2R/MTDH/B2M/CD40/CD14/LYN/THBD/CASP1/MIF/LBP/CASP7/IRAK4/EDN1/PLSCR3/CASP3/CD55/CD274/PRDX3/CNP/ERBIN/BCR/SRC/UMOD/NOS1/TNIP1/NFKB1/CXCL3/MAPKAPK2/ACP5/TREM2/CXCL11/CXCL5/CASP8/IRAK1/GIT1/IL18BP,45
4,GO:1903034,regulation of response to wounding,30/724,181/18986,0.16574585635359115,4.34647904520619,9.007227728222594,1.0439057486749746e-11,1.8997682295050976e-9,1.403073780398033e-9,FGA/TAFA5/PDGFB/SERPING1/PDGFA/SCARF1/SERPINE2/SMOC2/PF4/HPSE/F2R/GP1BA/THBD/PLAUR/MAP2K1/EDN1/MDK/F11/PTPN6/PRKG1/STK24/GRN/VEGFB/ANXA2/C1QTNF1/GIT1/FKBP1B/SH2B3/KLF4/RGMA,30
4,GO:0051896,regulation of phosphatidylinositol 3-kinase/protein kinase B signal transduction,38/724,280/18986,0.1357142857142857,3.558938437253354,8.589122624172393,1.0525031742410512e-11,1.8997682295050976e-9,1.403073780398033e-9,OSM/PIK3IP1/PDGFB/EGF/ANGPT1/PDGFA/APP/DAG1/SEMA4D/SELP/SERPINE2/HPSE/HCLS1/F2R/MYDGF/VEGFA/MTDH/CCL5/STK11/PARK7/RRAS/BAG4/IL18/PTPN6/STAMBP/SRC/MSTN/ROR1/SPRY2/PTPN1/VAV3/TREM2/BANK1/VEGFB/CCL3/C1QTNF1/SH2B3/ADAM8,38
4,GO:0050867,positive regulation of cell activation,46/724,391/18986,0.11764705882352941,3.085147871303217,8.295213361198414,1.144786885736592e-11,1.9950872139699088e-9,1.4734716140914537e-9,TNFSF14/MMP8/CD40LG/GP5/IL1B/TGFBR2/IL6/APP/SELP/LILRA5/CD226/TNFRSF14/CLEC4D/VSIR/B2M/CD40/GP1BA/CCL5/LYN/NECTIN2/MIF/AP3B1/LBP/FADD/MDK/PLA2G4A/NCK2/IL7/CD55/CD274/STAT5B/CD83/IL18/PTPN6/SRC/GP1BB/CD46/IL2RA/VAV3/CD160/TREM2/CCL3/TNFSF13/AIF1/ADAM8/TNFSF13B,46
4,GO:0030168,platelet activation,26/724,141/18986,0.18439716312056736,4.83558637984405,9.10214328470547,2.130644651896765e-11,3.540712715038468e-9,2.6149932908850537e-9,CD40LG/GP5/FGA/PDGFB/IL6/PDGFA/TREML1/SELP/SERPINE2/PF4/GP6/F2R/CD40/GP1BA/LYN/THBD/PLA2G4A/DGKA/PTPN6/PRKG1/SRC/STXBP1/GP1BB/VAV3/C1QTNF1/SH2B3,26
4,GO:0002687,positive regulation of leukocyte migration,27/724,152/18986,0.17763157894736842,4.658167345158476,9.016012272860317,2.171786588171597e-11,3.540712715038468e-9,2.6149932908850537e-9,TNFSF14/IL6/JAM2/APP/XG/SELP/TNFRSF14/CCL7/VEGFA/CCL5/ICAM1/LGALS3/LBP/FADD/EDN1/CD99/MDK/JAM3/LGMN/CCL20/MSTN/CXCL17/TREM2/VEGFB/CCL3/AIF1/ADAM8,27
4,GO:0072677,eosinophil migration,13/724,31/18986,0.41935483870967744,10.997059347709856,11.091534578029687,3.544526711667521e-11,5.598136875239891e-9,4.134503855122707e-9,SCG2/CCL7/CCL5/LGALS3/CCL18/CD300A/CCL26/CCL15/CCL3/CCL13/CCL14/ADAM8/CCL11,13
4,GO:0071675,regulation of mononuclear cell migration,26/724,147/18986,0.17687074829931973,4.638215507197354,8.816954092673388,5.643397651030259e-11,8.642949008577858e-9,6.383249783270589e-9,TNFSF14/NBL1/JAM2/APP/TNFRSF14/CCL7/CCL5/LYN/LGALS3/MIF/FADD/CD69/MDK/CRKL/JAM3/C5/LGMN/BCR/CCN3/CCL20/MSTN/CXCL17/TREM2/CCL3/AIF1/ADAM8,26
4,GO:0050866,negative regulation of cell activation,32/724,219/18986,0.1461187214611872,3.8317818310250003,8.39237412288348,6.607798848723409e-11,9.822298641602385e-9,7.254258426493254e-9,SDC4/CD84/PDGFB/PDGFA/SERPINE2/TNFRSF14/VSIR/TNFAIP8L2/CLEC4G/LYN/THBD/LGALS3/ADGRF5/CD69/MDK/PIBF1/CASP3/CD300A/CD274/PGLYRP1/PTPN6/PRKG1/PRKAR1A/GRN/TNFRSF21/IL2RA/PDE5A/TREM2/BANK1/C1QTNF1/SH2B3/SFRP1,32
4,GO:0032944,regulation of mononuclear cell proliferation,34/724,245/18986,0.13877551020408163,3.639215244108693,8.278695089399083,7.052743153134444e-11,1.0184161113126138e-8,7.521511946169846e-9,CD40LG/IL1B/SDC4/BID/TGFBR2/IL6/TNFRSF14/VSIR/CD40/CLEC4G/CCL5/LYN/LGALS3/MIF/FADD/BCL2L1/NCK2/CASP3/IL7/CD300A/CD55/CD274/STAT5B/IL18/PTPN6/PRKAR1A/CLC/TNFRSF21/CD46/IL2RA/PDE5A/VAV3/AIF1/TNFSF13B,34
4,GO:0007162,negative regulation of cell adhesion,39/724,314/18986,0.12420382165605096,3.2570908259140654,8.030061193423442,8.632756209979262e-11,1.2119430523676441e-8,8.9508051229785e-9,HSPG2/SDC4/ANGPT1/SEMA4D/SERPINE2/ACVRL1/TNFRSF14/VSIR/TNFAIP8L2/VEGFA/CLEC4G/PLXNB3/SPINT2/ADAM22/PLXNA4/LGALS3/FXYD5/CD69/PPM1F/MDK/JAM3/CASP3/CD300A/CD274/RGCC/PTPN6/PRKG1/SRC/PRKAR1A/GBP1/TNFRSF21/PTPN1/IL2RA/PDE5A/CCL28/C1QTNF1/CDSN/SH2B3/KLF4,39
4,GO:0002548,monocyte chemotaxis,16/724,54/18986,0.2962962962962963,7.770002046245139,9.919455799620371,9.24900823387654e-11,1.2633645301084331e-8,9.330578434516702e-9,PDGFB/NBL1/IL6/APP/PF4/CCL7/CCL5/LYN/LGALS3/CCL26/LGMN/CCN3/CXCL17/CCL3/AIF1/CALCA,16
4,GO:0097191,extrinsic apoptotic signaling pathway,33/724,236/18986,0.13983050847457626,3.666881262290476,8.208417924699114,1.097837132858867e-10,1.460123386702293e-8,1.0783740922763275e-8,TNFSF14/CD40LG/FGA/IL1B/BID/YAP1/ITGA6/APP/PF4/SCG2/TNFRSF10B/LTBR/ICAM1/LGALS3/FADD/PARK7/BCL2L1/CRADD/DIABLO/HSPA1A/IL7/HTRA2/BAX/STK4/SRC/CASP2/BAG3/COL2A1/CASP8/CASP10/TNFSF12/KLF4/SFRP1,33
4,GO:0052547,regulation of peptidase activity,41/724,346/18986,0.11849710982658959,3.107439402165235,7.877177027206224,1.2348167630175588e-10,1.6001958769976262e-8,1.1818246266289511e-8,MMP9/ITIH4/SERPING1/APP/EFNA1/SERPINE2/SERPINA3/AIFM1/TRIAP1/F2R/TIMP3/VSIR/TIMP1/WFDC2/VEGFA/SPINK1/LYN/SPINT2/PLAUR/SERPINB6/CASP1/SERPINB1/FADD/CRADD/DIABLO/PPM1F/PEBP1/DNAJB6/SERPINH1/UBXN1/HTRA2/LGMN/CDKN2D/SRC/SPINK2/GRN/PZP/LAMP3/TFPI2/CASP8/HIP1R,41
4,GO:0032943,mononuclear cell proliferation,38/724,305/18986,0.12459016393442623,3.2672221719047188,7.947752861653584,1.3788517418399678e-10,1.742179175814799e-8,1.2866863885696121e-08,TNFSF14/CD40LG/IL1B/SDC4/BID/TGFBR2/IL6/TNFRSF14/VSIR/CD40/CLEC4G/CCL5/LYN/LGALS3/MIF/FADD/BCL2L1/NCK2/CASP3/IL7/CD300A/CD55/CD274/STAT5B/IL18/BAX/PTPN6/PRKAR1A/CLC/TNFRSF21/CD46/IL2RA/PDE5A/VAV3/AIF1/FKBP1B/AZI2/TNFSF13B,38
4,GO:0050670,regulation of lymphocyte proliferation,33/724,240/18986,0.1375,3.6057665745856355,8.088858494781178,1.7239460667733924e-10,2.1250788832860304e-8,1.569476958351335e-8,CD40LG/IL1B/SDC4/BID/TGFBR2/IL6/TNFRSF14/VSIR/CD40/CLEC4G/CCL5/LYN/LGALS3/MIF/FADD/NCK2/CASP3/IL7/CD300A/CD55/CD274/STAT5B/IL18/PTPN6/PRKAR1A/CLC/TNFRSF21/CD46/IL2RA/PDE5A/VAV3/AIF1/TNFSF13B,33
4,GO:0045088,regulation of innate immune response,49/724,470/18986,0.10425531914893617,2.7339661455272126,7.579077909751024,1.8362648447858473e-10,2.2096386965589696e-8,1.6319286064187006e-8,EREG/SERPING1/APP/CD226/CD300E/CTSS/CD14/CCL5/LYN/NECTIN2/CASP1/FCN1/PCBP2/STAT2/AP3B1/LBP/FADD/IRAK4/EIF2AK2/HSPA1A/SIRT2/CDC37/CD300A/CD274/STAT5B/MAP2K6/ERBIN/PTPN6/TARBP2/SRC/HEXIM1/TNIP1/CD300C/GRN/GIGYF2/SH2D1A/PTPN1/MAPKAPK2/CD160/TREM2/NAGK/NCR1/CASP8/IRAK1/TAX1BP1/TRIM25/MAVS/ADAM8/APPL2,49
4,GO:0070663,regulation of leukocyte proliferation,35/724,270/18986,0.12962962962962962,3.3993758952322484,7.906314210075247,2.505578503180752e-10,2.9043174658725724e-8,2.1449835948564226e-8,CD40LG/IL1B/SDC4/BID/TGFBR2/IL6/TNFRSF14/VSIR/CD40/CLEC4G/CCL5/LYN/LGALS3/MIF/FADD/BCL2L1/NCK2/CASP3/IL7/CD300A/CD55/CD274/STAT5B/IL18/PTPN6/PRKAR1A/BST2/CLC/TNFRSF21/CD46/IL2RA/PDE5A/VAV3/AIF1/TNFSF13B,35
4,GO:0070098,chemokine-mediated signaling pathway,20/724,93/18986,0.21505376344086022,5.639517614210182,8.930263108182153,2.528491660039438e-10,2.9043174658725724e-8,2.1449835948564226e-8,PPBP/PF4/CCL7/CCL5/LYN/EDN1/CCL18/CCL17/CCL26/CCL15/CCL20/CXCL3/TREM2/CXCL11/CCL3/CXCL5/CCL13/CCL14/SH2B3/CCL11,20
4,GO:0070661,leukocyte proliferation,40/724,341/18986,0.11730205278592376,3.0761005168419175,7.7027319830216765,2.834772936304977e-10,3.18376498224119e-8,2.351369551377181e-8,TNFSF14/CD40LG/IL1B/SDC4/BID/TGFBR2/IL6/TNFRSF14/VSIR/CD40/CLEC4G/CCL5/LYN/LGALS3/MIF/FADD/BCL2L1/NCK2/CASP3/IL7/CD300A/CD55/CD274/STAT5B/IL18/BAX/PTPN6/PRKAR1A/BST2/CLC/TNFRSF21/CD46/IL2RA/PDE5A/VAV3/TREM2/AIF1/FKBP1B/AZI2/TNFSF13B,40
4,GO:0030195,negative regulation of blood coagulation,15/724,50/18986,0.3,7.867127071823204,9.680914357327698,2.9492906266827195e-10,3.240372788533579e-8,2.393177245358564e-8,FGA/PDGFB/SERPING1/PDGFA/SERPINE2/PF4/GP1BA/THBD/PLAUR/EDN1/F11/PRKG1/ANXA2/C1QTNF1/SH2B3,15
4,GO:0061844,antimicrobial humoral immune response mediated by antimicrobial peptide,24/724,136/18986,0.17647058823529413,4.627721806954826,8.453725994117304,3.249850106769761e-10,3.494626050981782e-8,2.5809559862498484e-8,APP/PPBP/PF4/CCL7/B2M/ANG/CCL5/LGALS3/CCL18/CCL17/CCL26/CCL15/PGLYRP1/CCL20/MMP7/CXCL3/CCL28/CXCL11/CCL3/CXCL5/CCL13/CALCA/CCL14/CCL11,24
4,GO:0050818,regulation of coagulation,18/724,76/18986,0.23684210526315788,6.210889793544635,9.063028268212976,3.7125565308245353e-10,3.909012647247334e-8,2.887001196996448e-8,FGA/PDGFB/ANGPT1/SERPING1/PDGFA/SERPINE2/PF4/HPSE/F2R/GP1BA/THBD/PLAUR/EDN1/F11/PRKG1/ANXA2/C1QTNF1/SH2B3,18
4,GO:1900047,negative regulation of hemostasis,15/724,51/18986,0.29411764705882354,7.712869678258043,9.55786878299447,4.0322999404906923e-10,4.1590293671918283e-8,3.0716510395230926e-8,FGA/PDGFB/SERPING1/PDGFA/SERPINE2/PF4/GP1BA/THBD/PLAUR/EDN1/F11/PRKG1/ANXA2/C1QTNF1/SH2B3,15
4,GO:1903037,regulation of leukocyte cell-cell adhesion,43/724,392/18986,0.1096938775510204,2.876585578982974,7.475244625179315,5.101086399910305e-10,5.1561781330293366e-8,3.80809523664883e-8,TNFSF14/CD40LG/IL1B/SDC4/TGFBR2/IL6/SELP/TNFRSF14/VSIR/TNFAIP8L2/B2M/GP1BA/CLEC4G/CCL5/LYN/LGALS3/AP3B1/FADD/CD69/MDK/NCK2/CASP3/IL7/CD300A/CD55/CD274/STAT5B/CD83/IL18/PTPN6/SRC/PRKAR1A/TNFRSF21/CD46/IL2RA/PDE5A/CCL28/CD160/AIF1/IRAK1/KLF4/ADAM8/TNFSF13B,43
4,GO:0001906,cell killing,34/724,264/18986,0.12878787878787878,3.3773020257826887,7.744807327969718,5.393032855711447e-10,5.344389814267775e-8,3.947098969319462e-8,CD59/CFHR5/PPBP/PF4/GZMB/CD226/STX7/B2M/ICAM1/NECTIN2/LGALS3/ULBP2/FADD/CCL18/EBAG9/C5/CD55/CCL17/STAT5B/IL18/PGLYRP1/C8B/CCL20/PTPN6/GZMA/CXCL3/GBP1/SH2D1A/CCL28/CD160/CXCL11/NCR1/CCL13/CCL11,34
4,GO:0030193,regulation of blood coagulation,17/724,69/18986,0.2463768115942029,6.460925614540796,9.048260364027977,5.90044094724323e-10,5.734774720647555e-8,4.235417732575809e-8,FGA/PDGFB/SERPING1/PDGFA/SERPINE2/PF4/HPSE/F2R/GP1BA/THBD/PLAUR/EDN1/F11/PRKG1/ANXA2/C1QTNF1/SH2B3,17
4,GO:0042098,T cell proliferation,30/724,215/18986,0.13953488372093023,3.659128870615444,7.807559902490001,8.168838482853983e-10,7.789681074027175e-8,5.753068770645527e-8,TNFSF14/CD40LG/IL1B/SDC4/BID/TGFBR2/IL6/TNFRSF14/VSIR/CLEC4G/CCL5/LGALS3/FADD/NCK2/CASP3/CD55/CD274/STAT5B/IL18/BAX/PTPN6/PRKAR1A/CLC/TNFRSF21/CD46/IL2RA/PDE5A/AIF1/FKBP1B/TNFSF13B,30
4,GO:0046651,lymphocyte proliferation,36/724,297/18986,0.12121212121212122,3.1786372007366483,7.534779062495552,9.09408590021011e-10,8.511390766604055e-8,6.286087446811901e-8,TNFSF14/CD40LG/IL1B/SDC4/BID/TGFBR2/IL6/TNFRSF14/VSIR/CD40/CLEC4G/CCL5/LYN/LGALS3/MIF/FADD/NCK2/CASP3/IL7/CD300A/CD55/CD274/STAT5B/IL18/BAX/PTPN6/PRKAR1A/CLC/TNFRSF21/CD46/IL2RA/PDE5A/VAV3/AIF1/FKBP1B/TNFSF13B,36
4,GO:1900046,regulation of hemostasis,17/724,71/18986,0.23943661971830985,6.278927709905844,8.873033699008356,9.54046381964436e-10,8.722679243947134e-8,6.442134546692883e-8,FGA/PDGFB/SERPING1/PDGFA/SERPINE2/PF4/HPSE/F2R/GP1BA/THBD/PLAUR/EDN1/F11/PRKG1/ANXA2/C1QTNF1/SH2B3,17
4,GO:0010543,regulation of platelet activation,15/724,54/18986,0.2777777777777778,7.284376918354819,9.207914361613751,9.837608169865188e-10,8.722679243947134e-8,6.442134546692883e-8,GP5/PDGFB/IL6/PDGFA/SELP/SERPINE2/GP6/GP1BA/LYN/THBD/PLA2G4A/PRKG1/GP1BB/C1QTNF1/SH2B3,15
4,GO:0050819,negative regulation of coagulation,15/724,54/18986,0.2777777777777778,7.284376918354819,9.207914361613751,9.837608169865188e-10,8.722679243947134e-8,6.442134546692883e-8,FGA/PDGFB/SERPING1/PDGFA/SERPINE2/PF4/GP1BA/THBD/PLAUR/EDN1/F11/PRKG1/ANXA2/C1QTNF1/SH2B3,15
4,GO:0051897,positive regulation of phosphatidylinositol 3-kinase/protein kinase B signal transduction,28/724,192/18986,0.14583333333333334,3.8242978821362805,7.831625613211926,1.0819029935434435e-9,9.427478843738902e-8,6.962664274237842e-8,OSM/PDGFB/EGF/ANGPT1/PDGFA/APP/SEMA4D/SELP/HPSE/HCLS1/F2R/MYDGF/VEGFA/MTDH/CCL5/PARK7/BAG4/IL18/PTPN6/SRC/ROR1/SPRY2/VAV3/TREM2/VEGFB/CCL3/C1QTNF1/ADAM8,28
4,GO:1903035,negative regulation of response to wounding,20/724,101/18986,0.19801980198019803,5.192823149718287,8.412191515979467,1.1924246861936233e-9,1.0214431125461986e-7,7.543867863055466e-8,FGA/TAFA5/PDGFB/SERPING1/PDGFA/SERPINE2/PF4/GP1BA/THBD/PLAUR/EDN1/MDK/F11/PTPN6/PRKG1/ANXA2/C1QTNF1/GIT1/SH2B3/RGMA,20
4,GO:0050673,epithelial cell proliferation,48/724,482/18986,0.0995850622406639,2.6114944636757524,7.135426577556572,1.3199466903075546e-9,1.1118350954690635e-7,8.211457831281735e-8,TGFA/HSPG2/EREG/PDGFB/BID/EGF/IL6/YAP1/ACVRL1/SPARC/SCG2/MYDGF/EPHA2/VEGFA/B2M/ANG/SPINK1/CCL5/PLXNB3/LRG1/STK11/CDH3/DAB2/SERPINB1/MAP2K1/BCL2L1/MDK/VASH1/ATP5IF1/ERN1/AKT3/CCL26/RGCC/CCN3/FLT4/BAX/STK4/B4GALT1/GRN/BMPER/VEGFB/SLURP1/TRIM24/CALCA/TNFSF12/KLK8/SFRP1/CCL11,48
4,GO:1990868,response to chemokine,20/724,102/18986,0.19607843137254902,5.141913118838695,8.351307779057707,1.4310168074740985e-9,1.1665095072538861e-7,8.61525568642301e-8,PPBP/PF4/CCL7/CCL5/LYN/EDN1/CCL18/CCL17/CCL26/CCL15/CCL20/CXCL3/TREM2/CXCL11/CCL3/CXCL5/CCL13/CCL14/SH2B3/CCL11,20
4,GO:1990869,cellular response to chemokine,20/724,102/18986,0.19607843137254902,5.141913118838695,8.351307779057707,1.4310168074740985e-9,1.1665095072538861e-7,8.61525568642301e-8,PPBP/PF4/CCL7/CCL5/LYN/EDN1/CCL18/CCL17/CCL26/CCL15/CCL20/CXCL3/TREM2/CXCL11/CCL3/CXCL5/CCL13/CCL14/SH2B3/CCL11,20
4,GO:0042129,regulation of T cell proliferation,27/724,182/18986,0.14835164835164835,3.8903375629894965,7.801166630388984,1.4604236452693813e-9,1.1715843020938815e-7,8.652735582498289e-8,CD40LG/IL1B/SDC4/BID/TGFBR2/IL6/TNFRSF14/VSIR/CLEC4G/CCL5/LGALS3/FADD/NCK2/CASP3/CD55/CD274/STAT5B/IL18/PTPN6/PRKAR1A/CLC/TNFRSF21/CD46/IL2RA/PDE5A/AIF1/TNFSF13B,27
4,GO:0048245,eosinophil chemotaxis,11/724,27/18986,0.4074074074074074,10.683752813587066,10.025782495394715,1.7158913723798599e-9,1.3550179681262207e-7,1.0007484879044381e-07,SCG2/CCL7/CCL5/LGALS3/CCL18/CCL26/CCL15/CCL3/CCL13/CCL14/CCL11,11
4,GO:0050863,regulation of T cell activation,42/724,393/18986,0.10687022900763359,2.802538905992999,7.189631019785929,1.7984067253506177e-9,1.3962191284331715e-7,1.0311776038622928e-7,TNFSF14/CD40LG/IL1B/SDC4/BID/TGFBR2/IL6/LAT/TNFRSF14/VSIR/TNFAIP8L2/B2M/CLEC4G/CCL5/LYN/LGALS3/AP3B1/FADD/CD69/MDK/NCK2/CASP3/IL7/CD300A/CD55/CD274/STAT5B/CD83/IL18/PTPN6/SRC/PRKAR1A/CLC/TNFRSF21/CD46/IL2RA/PDE5A/CD160/AIF1/SOD1/ADAM8/TNFSF13B,42
4,GO:0070371,ERK1 and ERK2 cascade,37/724,319/18986,0.11598746081504702,3.041626976566965,7.32208705280521,1.823317421380873e-9,1.3962191284331715e-7,1.0311776038622928e-7,FGA/IL1B/PDGFB/EGF/ANGPT1/PDGFA/APP/CCN2/F2R/EPHA2/VEGFA/LYN/ICAM1/MIF/DAB2/MAP2K1/RRAS/EDN1/CRKL/FLT4/PTPN6/SRC/TNIP1/MARCO/SPRY2/BMPER/GBP1/CXCL17/PTPN1/FGF23/PTPRR/TREM2/CD2AP/VEGFB/CCL3/INPPL1/CCL11,37
4,GO:0019730,antimicrobial humoral response,27/724,185/18986,0.14594594594594595,3.8272510079139916,7.694141547584158,2.109923996726611e-9,1.5915755043964616e-7,1.1754580506508348e-7,FGA/APP/PPBP/PF4/CCL7/WFDC2/B2M/ANG/CCL5/LGALS3/CCL18/CCL17/CCL26/CCL15/PGLYRP1/CCL20/MMP7/CXCL3/CCL28/CXCL11/CCL3/CXCL5/CCL13/CALCA/CCL14/PRSS2/CCL11,27
4,GO:0072678,T cell migration,17/724,76/18986,0.2236842105263158,5.865840360569933,8.462901823617157,2.9454121437006978e-9,2.1891342609210775e-7,1.6167850559694542e-7,TNFSF14/APP/XG/TNFRSF14/CCL5/CXCL16/ICAM1/FADD/CD69/CD99/CRKL/CCL26/CCL20/CXCL11/CCL3/AIF1/ADAM8,17
4,GO:2001236,regulation of extrinsic apoptotic signaling pathway,25/724,164/18986,0.1524390243902439,3.9975239186093514,7.676303042195719,3.3399631780658203e-9,2.446402014774588e-7,1.8067901494159269e-7,TNFSF14/CD40LG/FGA/IL1B/BID/YAP1/ITGA6/APP/PF4/SCG2/LTBR/ICAM1/LGALS3/FADD/PARK7/BCL2L1/HSPA1A/IL7/HTRA2/STK4/SRC/COL2A1/TNFSF12/KLF4/SFRP1,25
4,GO:0002696,positive regulation of leukocyte activation,40/724,371/18986,0.1078167115902965,2.8273592351565875,7.077498427755485,3.4175762982647076e-9,2.467490087347119e-7,1.8223647449092713e-7,TNFSF14/MMP8/CD40LG/IL1B/TGFBR2/IL6/CD226/TNFRSF14/CLEC4D/VSIR/B2M/CD40/CCL5/LYN/NECTIN2/MIF/AP3B1/LBP/FADD/MDK/PLA2G4A/NCK2/IL7/CD55/CD274/STAT5B/CD83/IL18/PTPN6/SRC/CD46/IL2RA/VAV3/CD160/TREM2/CCL3/TNFSF13/AIF1/ADAM8/TNFSF13B,40
4,GO:1990266,neutrophil migration,20/724,108/18986,0.18518518518518517,4.856251278903212,8.00201989650212,4.074986006684034e-9,2.900701306729734e-7,2.1423128806080926e-7,IL1B/XG/PPBP/PF4/BSG/PPIB/LGALS3/LBP/IRAK4/EDN1/CD99/MDK/JAM3/UMOD/CXCL3/VAV3/CXCL11/CCL3/CXCL5/ADAM8,20
4,GO:2001234,negative regulation of apoptotic signaling pathway,31/724,244/18986,0.12704918032786885,3.3317068200344173,7.298965384288151,4.355244519667268e-9,3.0571396947775517e-7,2.257850448353821e-7,MMP9/FGA/IL1B/BID/YAP1/ITGA6/BDNF/PF4/TRIAP1/SCG2/ICAM1/PLAUR/LGALS3/MIF/FXN/PARK7/BCL2L1/HYOU1/HSPA1A/ENO1/IL7/HTRA2/BAX/CDKN2D/SRC/PTPN1/PPIF/COL2A1/RRM2B/KLF4/ASAH2,31
4,GO:0002703,regulation of leukocyte mediated immunity,32/724,258/18986,0.12403100775193798,3.2525589961026165,7.253385195137467,4.461770590783827e-9,3.0890121323043095e-7,2.2813898363258037e-7,IL1B/CD84/IL6/CD226/STX7/B2M/CD40/CLEC4G/LYN/ICAM1/NECTIN2/VAMP8/ULBP2/FADD/C4BPB/CD300A/CD55/CD274/STAT5B/IL18/BCR/PTPN6/BST2/STXBP1/CLC/SH2D1A/CD46/CD160/TREM2/TNFSF13/NCR1/MAVS,32
4,GO:0002443,leukocyte mediated immunity,47/724,485/18986,0.09690721649484536,2.5412712878054338,6.846250259480106,4.733147345223651e-9,3.232611713886531e-7,2.3874453038638784e-7,CD40LG/IL1B/CD84/IL6/SERPING1/C2/GZMB/CD226/LAT/ANXA3/STX7/B2M/CD40/CLEC4G/LYN/ICAM1/NECTIN2/VAMP8/ULBP2/SNAP23/FADD/IRAK4/C4BPB/BTN3A2/EBAG9/CD300A/SLA2/C5/CD55/CD274/STAT5B/IL18/BCR/C8B/PTPN6/BST2/STXBP1/CLC/SH2D1A/CD46/CD160/TREM2/C1R/CCL3/TNFSF13/NCR1/MAVS,47
4,GO:0002274,myeloid leukocyte activation,31/724,247/18986,0.12550607287449392,3.2912407452971566,7.216828907794474,5.854373152212051e-9,3.945066921503961e-7,2.9136290803851136e-7,MMP8/CD84/TGFBR2/IL6/APP/CD226/LAT/ANXA3/CLEC4D/LTBR/IFNGR1/CCL5/LYN/NECTIN2/VAMP8/MIF/TMEM106A/SNAP23/ADGRF5/LBP/PLA2G4A/CD300A/IL18/BCR/PTPN6/STXBP1/GRN/TREM2/CCL3/AIF1/CD93,31
4,GO:0022408,negative regulation of cell-cell adhesion,28/724,207/18986,0.13526570048309178,3.547174847198868,7.336824216149462,6.057762669120685e-9,4.0284121749652557e-7,2.97518371533268e-7,SDC4/SERPINE2/TNFRSF14/VSIR/TNFAIP8L2/VEGFA/CLEC4G/SPINT2/LGALS3/FXYD5/CD69/PPM1F/MDK/CASP3/CD300A/CD274/RGCC/PTPN6/PRKG1/PRKAR1A/TNFRSF21/IL2RA/PDE5A/CCL28/C1QTNF1/CDSN/SH2B3/KLF4,28
4,GO:0019058,viral life cycle,36/724,323/18986,0.11145510835913312,2.9227716675504163,6.939667487389087,8.778013499811846e-9,5.761568860785594e-7,4.2552065441329877e-7,DAG1/TNFRSF14/NECTIN4/EPHA2/BSG/CLEC4G/CCL5/PPIB/ICAM1/NECTIN2/TOP2B/FCN1/VAMP8/PCBP2/JPT2/VPS4B/CHMP1A/ATG16L1/SRPK2/EIF2AK2/HSPA1A/CD55/MPHOSPH8/TARBP2/SRC/BST2/TNIP1/CD46/LAMP3/MOG/WWP2/TRIM58/TRIM25/MAVS/CTSL/DYNLT1,36
4,GO:0051346,negative regulation of hydrolase activity,31/724,252/18986,0.12301587301587301,3.2259383495571337,7.082695302200922,9.475451922716025e-9,6.139606925308563e-7,4.5344065476317166e-7,MMP9/ITIH4/SERPING1/APP/SERPINE2/SERPINA3/TRIAP1/TIMP3/TIMP1/WFDC2/VEGFA/SPINK1/PLXNB3/SPINT2/PLAUR/SERPINB6/DFFA/SERPINB1/ATP5IF1/PEBP1/DNAJB6/SERPINH1/UBXN1/BAG4/CDKN2D/SRC/SPINK2/GZMA/PZP/LAMP3/TFPI2,31
4,GO:0002688,regulation of leukocyte chemotaxis,21/724,126/18986,0.16666666666666666,4.370626151012891,7.558322680470197,1.1970841319294554e-8,7.575675599208905e-7,5.595015032344319e-7,TNFSF14/NBL1/IL6/APP/CCL7/VEGFA/CCL5/LYN/MIF/LBP/EDN1/MDK/JAM3/C5/LGMN/CCN3/MSTN/CXCL17/VEGFB/CCL3/AIF1,21
4,GO:0007249,canonical NF-kappaB signal transduction,36/724,327/18986,0.11009174311926606,2.887019108925947,6.853405151302693,1.214146663110252e-8,7.575675599208905e-7,5.595015032344319e-7,TNFSF14/CD40LG/IL1B/TNFRSF19/ANGPT1/F2R/EDA2R/CLEC4D/TNFRSF10B/LTBR/VEGFA/MTDH/CD40/OTUD7B/CASP1/TMEM106A/FADD/IRAK4/EDN1/S100A4/RHOC/BST2/TNIP1/NFKB1/ROR1/TREM2/EDAR/CASP8/TRIM58/IRAK1/CASP10/TRIM25/AZI2/MAVS/KLF4/ADAM8,36
4,GO:0097193,intrinsic apoptotic signaling pathway,36/724,327/18986,0.11009174311926606,2.887019108925947,6.853405151302693,1.214146663110252e-8,7.575675599208905e-7,5.595015032344319e-7,MMP9/BID/APP/AIFM1/TRIAP1/EDA2R/TNFRSF10B/EPHA2/ERP29/PLAUR/MIF/STK11/PARK7/BCL2L1/DIABLO/HYOU1/PPM1F/FHIT/NCK2/HSPA1A/CASP3/ERN1/ENO1/HTRA2/ITPR1/BAX/HNRNPK/CDKN2D/SRC/STK24/CASP2/PTPN1/TREM2/PPIF/SOD1/RRM2B,36
4,GO:0032102,negative regulation of response to external stimulus,43/724,437/18986,0.09839816933638444,2.58036967268038,6.654869897672662,1.3876008330130405e-8,8.541359400094899e-7,6.30822078035876e-7,FGA/TAFA5/PDGFB/NBL1/SERPING1/PDGFA/SERPINE2/PF4/TNFAIP8L2/GP1BA/LYN/THBD/PLAUR/PCBP2/STAT2/MIF/EDN1/MDK/F11/C5/BCR/PGLYRP1/CCN3/PTPN6/PRKG1/TARBP2/SRC/NFKB1/GRN/GIGYF2/CXCL17/IL2RA/ACP5/TREM2/ANXA2/C1QTNF1/AIF1/GIT1/SOD1/SH2B3/MAVS/KLF4/RGMA,43
4,GO:0071677,positive regulation of mononuclear cell migration,18/724,94/18986,0.19148936170212766,5.0215704713765135,7.782534531760458,1.4027163241153079e-8,8.541359400094899e-7,6.30822078035876e-7,TNFSF14/JAM2/APP/TNFRSF14/CCL7/CCL5/LGALS3/FADD/MDK/JAM3/LGMN/CCL20/MSTN/CXCL17/TREM2/CCL3/AIF1/ADAM8,18
4,GO:0045765,regulation of angiogenesis,38/724,360/18986,0.10555555555555556,2.7680632289748313,6.743566705129929,1.5088528223119872e-8,9.078264480910456e-7,6.704752014935222e-7,IL1B/HSPG2/TAFA5/TGFBR2/IL6/EFNA1/ACVRL1/SMOC2/PF4/HSPB6/ANXA3/SPARC/MYDGF/EPHA2/VEGFA/MTDH/DLL1/CD40/LRG1/RRAS/MDK/VASH1/AKT3/RGCC/PTPN6/FKBPL/SPRY2/GRN/BMPER/CD160/HGS/VEGFB/PAK4/TNFSF12/KLF4/SFRP1/CCL11/ADAM12,38
4,GO:0050920,regulation of chemotaxis,28/724,216/18986,0.12962962962962962,3.3993758952322484,7.061442797463097,1.56726361798075e-8,9.318765088558483e-7,6.882373732953237e-7,TNFSF14/PDGFB/NBL1/IL6/APP/SMOC2/SCG2/CCL7/VEGFA/CCL5/LYN/PLXNA4/MIF/LBP/EDN1/PPM1F/MDK/JAM3/C5/CCL26/LGMN/CCN3/MSTN/CXCL17/TREM2/VEGFB/CCL3/AIF1,28
4,GO:0006457,protein folding,29/724,231/18986,0.12554112554112554,3.2921599579058145,6.978993467554969,1.801115158627511e-8,1.0516877937541512e-6,7.76723994887264e-7,HSPB6/B2M/GRPEL1/ERP29/TXNDC5/PPIB/TBCC/MESD/DNAJB14/PDIA4/DFFA/DNAJA2/TBCA/PDCD5/HYOU1/HSPA1A/TBCB/DNAJB6/CDC37/BAG4/NUDC/UMOD/FKBP5/GRN/FKBP4/PPIF/BAG3/ST13/FKBP1B,29
4,GO:0018108,peptidyl-tyrosine phosphorylation,27/724,204/18986,0.1323529411764706,3.47079135521612,7.064487375806029,1.810384607372599e-8,1.0516877937541512e-6,7.76723994887264e-7,TGFA/OSM/PDGFB/EGF/ANGPT1/IL6/PDGFA/APP/SEMA4D/EFNA1/LILRA5/HCLS1/VEGFA/LYN/PIBF1/IL18/FLT4/PTPN6/SRC/CTF1/PTPN1/EFEMP1/TREM2/BANK1/VEGFB/ARL2BP/SFRP1,27
4,GO:0018212,peptidyl-tyrosine modification,27/724,206/18986,0.13106796116504854,3.4370943517674197,7.002587980327063,2.2326510459885294e-8,1.2822520893665939e-6,9.47007249889393e-7,TGFA/OSM/PDGFB/EGF/ANGPT1/IL6/PDGFA/APP/SEMA4D/EFNA1/LILRA5/HCLS1/VEGFA/LYN/PIBF1/IL18/FLT4/PTPN6/SRC/CTF1/PTPN1/EFEMP1/TREM2/BANK1/VEGFB/ARL2BP/SFRP1,27
4,GO:0043122,regulation of canonical NF-kappaB signal transduction,34/724,305/18986,0.11147540983606558,2.9233040485463273,6.742147040147417,2.266397315514622e-8,1.2870080935517864e-6,9.505197966664517e-7,TNFSF14/CD40LG/IL1B/TNFRSF19/ANGPT1/F2R/EDA2R/CLEC4D/TNFRSF10B/LTBR/VEGFA/MTDH/CD40/OTUD7B/CASP1/TMEM106A/FADD/IRAK4/EDN1/S100A4/RHOC/BST2/TNIP1/ROR1/TREM2/EDAR/CASP8/TRIM58/IRAK1/CASP10/TRIM25/AZI2/MAVS/KLF4,34
4,GO:0052548,regulation of endopeptidase activity,30/724,248/18986,0.12096774193548387,3.172228657993228,6.855990019857706,2.4176624181694246e-8,1.3576517623809193e-6,1.0026936765881616e-6,MMP9/SERPING1/EFNA1/SERPINE2/SERPINA3/AIFM1/TRIAP1/F2R/TIMP3/VSIR/TIMP1/VEGFA/LYN/PLAUR/SERPINB6/CASP1/SERPINB1/FADD/CRADD/DIABLO/PPM1F/DNAJB6/SERPINH1/HTRA2/LGMN/CDKN2D/SRC/LAMP3/CASP8/HIP1R,30
4,GO:0006956,complement activation,15/724,67/18986,0.22388059701492538,5.87099035210687,7.9525424632111745,2.4778687906058107e-8,1.3761702052441503e-6,1.01637047212125e-6,CD59/IL1B/CFHR5/SERPING1/C2/CFD/FCN1/C4BPB/C5/CD55/RGCC/C8B/CD46/TREM2/C1R,15
4,GO:0031638,zymogen activation,14/724,58/18986,0.2413793103448276,6.32987235663936,8.09429178943833,2.5943047438798537e-8,1.425175671257476e-6,1.0525634578716202e-6,FGA/SERPINE2/VSIR/CTSZ/THBD/PLAUR/FADD/F11/ENO1/LGMN/C1R/CASP8/ANXA2/CTSL,14
4,GO:0051402,neuron apoptotic process,34/724,307/18986,0.11074918566775244,2.904259722497166,6.6975963955064355,2.66748742279112e-8,1.449621659654443e-6,1.0706180420166736e-6,BID/ANGPT1/APP/BDNF/AIFM1/F2R/GPI/FADD/PARK7/BCL2L1/AKT2/CASP7/DIABLO/HYOU1/MDK/SRPK2/CASP3/HTRA2/LGMN/BAX/STAMBP/CASP2/STXBP1/GRN/TNFRSF21/TREM2/AKT1S1/CD2AP/VEGFB/CCL3/CASP8/CASP10/SOD1/ADAM8,34
4,GO:1901342,regulation of vasculature development,38/724,369/18986,0.10298102981029811,2.7005494916827626,6.568225040992697,2.932284810959846e-8,1.5765710036799002e-6,1.1643764770060037e-6,IL1B/HSPG2/TAFA5/TGFBR2/IL6/EFNA1/ACVRL1/SMOC2/PF4/HSPB6/ANXA3/SPARC/MYDGF/EPHA2/VEGFA/MTDH/DLL1/CD40/LRG1/RRAS/MDK/VASH1/AKT3/RGCC/PTPN6/FKBPL/SPRY2/GRN/BMPER/CD160/HGS/VEGFB/PAK4/TNFSF12/KLF4/SFRP1/CCL11/ADAM12,38
4,GO:0043123,positive regulation of canonical NF-kappaB signal transduction,28/724,223/18986,0.12556053811659193,3.2926690285657654,6.857140862470469,3.158206739711768e-8,1.6801659855266607e-6,1.2408865483676377e-6,TNFSF14/CD40LG/IL1B/TNFRSF19/F2R/EDA2R/CLEC4D/TNFRSF10B/LTBR/VEGFA/MTDH/CD40/CASP1/TMEM106A/FADD/IRAK4/EDN1/S100A4/RHOC/BST2/ROR1/EDAR/CASP8/TRIM58/IRAK1/CASP10/TRIM25/MAVS,28
4,GO:0061045,negative regulation of wound healing,16/724,78/18986,0.20512820512820512,5.37923218586202,7.716544963845897,3.209113197694164e-8,1.6894643855360736e-6,1.2477538814718755e-6,FGA/TAFA5/PDGFB/SERPING1/PDGFA/SERPINE2/PF4/GP1BA/THBD/PLAUR/EDN1/F11/PRKG1/ANXA2/C1QTNF1/SH2B3,16
4,GO:0072676,lymphocyte migration,19/724,110/18986,0.17272727272727273,4.5295580110497236,7.392002364278794,3.256133246622709e-8,1.6965461266423885e-6,1.252984101196324e-6,TNFSF14/JAM2/APP/XG/TNFRSF14/CCL7/CCL5/CXCL16/ICAM1/FADD/CD69/CD99/CRKL/CCL26/CCL20/CXCL11/CCL3/AIF1/ADAM8,19
4,GO:0071887,leukocyte apoptotic process,20/724,122/18986,0.16393442622950818,4.298976541979893,7.2785130246590155,3.549081584842445e-8,1.8303120744687466e-6,1.3517769387595392e-6,IL6/EFNA1/HCLS1/CCL5/LYN/DFFA/LGALS3/MIF/FADD/BCL2L1/CASP7/CRKL/CASP3/CD274/BAX/CLC/TNFRSF21/IL2RA/CTSL/ADAM8,20
4,GO:0010466,negative regulation of peptidase activity,26/724,198/18986,0.13131313131313133,3.443523634131369,6.8819145829546144,3.9081920123306715e-8,1.9951517606383044e-6,1.4735192850318513e-6,MMP9/ITIH4/SERPING1/APP/SERPINE2/SERPINA3/TRIAP1/TIMP3/TIMP1/WFDC2/VEGFA/SPINK1/SPINT2/PLAUR/SERPINB6/SERPINB1/PEBP1/DNAJB6/SERPINH1/UBXN1/CDKN2D/SRC/SPINK2/PZP/LAMP3/TFPI2,26
4,GO:0043086,negative regulation of catalytic activity,45/724,486/18986,0.09259259259259259,2.428125639451606,6.350371043286167,3.989810995735483e-8,2.016450477244713e-6,1.489249451671371e-6,MMP9/IL1B/PALM/ITIH4/SERPING1/APP/SERPINE2/SERPINA3/TRIAP1/TIMP3/TIMP1/WFDC2/VEGFA/SPINK1/LYN/PLXNB3/SPINT2/PLAUR/PPP1R12A/SERPINB6/DFFA/SERPINB1/PPM1F/ATP5IF1/PEBP1/DNAJB6/SERPINH1/UBXN1/CD300A/PRDX3/BAG4/TARBP2/CDKN2D/SRC/CEP43/MSTN/NFKB1/SPINK2/GZMA/PZP/PTPN1/LAMP3/PRDX5/AKT1S1/TFPI2,45
4,GO:0001894,tissue homeostasis,31/724,270/18986,0.11481481481481481,3.010875792919992,6.626146360748009,4.801333495192728e-8,2.379013674970985e-6,1.757020492668051e-6,ANGPT1/IL6/YAP1/JAM2/CCN2/SERPINA3/F2R/VEGFA/BSG/ESAM/CYTL1/STK11/CDH3/TPP1/JAM3/IL7/AKT3/ALDH1A1/BAX/SRC/GIGYF2/PRDX5/ACP5/CD2AP/COL2A1/TFF3/CALCA/SOD1/LTBP3/ADAM8/TFF1,31
4,GO:0060249,anatomical structure homeostasis,31/724,270/18986,0.11481481481481481,3.010875792919992,6.626146360748009,4.801333495192728e-8,2.379013674970985e-6,1.757020492668051e-6,ANGPT1/IL6/YAP1/JAM2/CCN2/SERPINA3/F2R/VEGFA/BSG/ESAM/CYTL1/STK11/CDH3/TPP1/JAM3/IL7/AKT3/ALDH1A1/BAX/SRC/GIGYF2/PRDX5/ACP5/CD2AP/COL2A1/TFF3/CALCA/SOD1/LTBP3/ADAM8/TFF1,31
4,GO:0071219,cellular response to molecule of bacterial origin,29/724,242/18986,0.11983471074380166,3.1425163234555504,6.678840918279142,5.092510137828783e-8,2.4831524238104933e-6,1.8339321631291548e-6,MMP9/MMP8/IL1B/IL6/PPBP/PF4/MTDH/B2M/CD40/CD14/LYN/CASP1/MIF/LBP/CASP7/IRAK4/PLSCR3/CD55/CD274/BCR/SRC/TNIP1/NFKB1/CXCL3/TREM2/CXCL11/CXCL5/IRAK1/GIT1,29
4,GO:0071222,cellular response to lipopolysaccharide,28/724,228/18986,0.12280701754385964,3.2204613744305512,6.716109916812497,5.109771509226184e-8,2.4831524238104933e-6,1.8339321631291548e-6,MMP9/MMP8/IL1B/IL6/PPBP/PF4/MTDH/B2M/CD40/CD14/LYN/CASP1/MIF/LBP/CASP7/IRAK4/PLSCR3/CD55/CD274/BCR/SRC/TNIP1/NFKB1/CXCL3/CXCL11/CXCL5/IRAK1/GIT1,28
4,GO:0050730,regulation of peptidyl-tyrosine phosphorylation,23/724,162/18986,0.1419753086419753,3.723125980492463,6.930581874846267,5.532511523158211e-8,2.662982213146819e-6,1.9667454497362425e-6,TGFA/OSM/EGF/ANGPT1/IL6/PDGFA/APP/SEMA4D/EFNA1/LILRA5/HCLS1/VEGFA/PIBF1/IL18/PTPN6/SRC/CTF1/PTPN1/TREM2/BANK1/VEGFB/ARL2BP/SFRP1,23
4,GO:0043542,endothelial cell migration,32/724,287/18986,0.11149825783972125,2.9239032090399832,6.539061037443566,5.845268128970168e-8,2.786979728661814e-6,2.0583238118498726e-6,PDGFB/EGF/ANGPT1/EFNA1/ACVRL1/SMOC2/ANXA3/SPARC/SCG2/EPHB4/EPHA2/VEGFA/CD40/CLEC14A/BSG/LGALS8/GPI/RRAS/EDN1/VASH1/AKT3/RGCC/LGMN/CCN3/FLT4/PXN/FSTL1/GRN/BMPER/CALCA/TNFSF12/KLF4,32
4,GO:0022409,positive regulation of cell-cell adhesion,35/724,336/18986,0.10416666666666667,2.7316413443830574,6.376591290480254,7.794426057101062e-8,3.681591522671847e-6,2.7190393308883786e-6,TNFSF14/CD40LG/FGA/IL1B/TGFBR2/IL6/SELP/FSTL3/TNFRSF14/GP6/VSIR/B2M/GP1BA/CCL5/LYN/PLAUR/AP3B1/FADD/MDK/NCK2/IL7/CD55/CD274/STAT5B/CD83/IL18/PTPN6/SRC/CD46/IL2RA/CD160/AIF1/IRAK1/ADAM8/TNFSF13B,35
4,GO:0002833,positive regulation of response to biotic stimulus,40/724,416/18986,0.09615384615384616,2.521515087122822,6.247660059419845,8.367847812192816e-8,3.915842855816897e-6,2.892045647371903e-6,EREG/APP/CD226/CTSS/CD14/CCL5/LYN/NECTIN2/CASP1/FCN1/PCBP2/MIF/AP3B1/LBP/FADD/IRAK4/EIF2AK2/HSPA1A/SIRT2/CD300A/CD274/STAT5B/MAP2K6/ERBIN/TARBP2/SRC/HEXIM1/TNIP1/GRN/SH2D1A/MAPKAPK2/CD160/TREM2/NAGK/IRAK1/TAX1BP1/TRIM25/MAVS/ADAM8/APPL2,40
4,GO:0045089,positive regulation of innate immune response,38/724,387/18986,0.09819121447028424,2.5749425385812383,6.232694112994987,1.0282737597082669e-7,4.767794111528056e-6,3.521254226871574e-6,EREG/APP/CD226/CTSS/CD14/CCL5/LYN/NECTIN2/CASP1/FCN1/PCBP2/AP3B1/LBP/FADD/IRAK4/EIF2AK2/HSPA1A/SIRT2/CD300A/CD274/STAT5B/MAP2K6/ERBIN/TARBP2/SRC/HEXIM1/TNIP1/SH2D1A/MAPKAPK2/CD160/TREM2/NAGK/IRAK1/TAX1BP1/TRIM25/MAVS/ADAM8/APPL2,38
4,GO:0050731,positive regulation of peptidyl-tyrosine phosphorylation,19/724,118/18986,0.16101694915254236,4.222469332334488,6.991450343219709,1.0452570276124128e-7,4.802480925048304e-6,3.5468721721661397e-6,TGFA/OSM/EGF/ANGPT1/IL6/SEMA4D/EFNA1/LILRA5/HCLS1/VEGFA/PIBF1/IL18/SRC/CTF1/PTPN1/TREM2/BANK1/VEGFB/ARL2BP,19
4,GO:0070372,regulation of ERK1 and ERK2 cascade,32/724,296/18986,0.10810810810810811,2.835000746602957,6.33545579098845,1.2008153696572475e-7,5.467496286709666e-6,4.038019251592792e-6,FGA/IL1B/PDGFB/ANGPT1/PDGFA/APP/CCN2/F2R/EPHA2/VEGFA/LYN/ICAM1/MIF/DAB2/MAP2K1/RRAS/CRKL/FLT4/PTPN6/SRC/TNIP1/MARCO/SPRY2/BMPER/GBP1/CXCL17/PTPN1/FGF23/PTPRR/TREM2/VEGFB/CCL3,32
4,GO:0043523,regulation of neuron apoptotic process,29/724,254/18986,0.1141732283464567,2.9940509853395403,6.37032305192395,1.4651751838426543e-7,6.5995104877922e-6,4.874068312688468e-6,ANGPT1/APP/BDNF/AIFM1/F2R/GPI/PARK7/BCL2L1/CASP7/HYOU1/MDK/SRPK2/CASP3/HTRA2/LGMN/BAX/STAMBP/CASP2/STXBP1/GRN/TREM2/AKT1S1/CD2AP/VEGFB/CCL3/CASP8/CASP10/SOD1/ADAM8,29
4,GO:0050921,positive regulation of chemotaxis,21/724,145/18986,0.14482758620689656,3.7979234139836167,6.733924821631701,1.4755533935902623e-7,6.5995104877922e-6,4.874068312688468e-6,TNFSF14/PDGFB/IL6/APP/SMOC2/SCG2/CCL7/VEGFA/CCL5/LBP/EDN1/PPM1F/MDK/CCL26/LGMN/MSTN/CXCL17/TREM2/VEGFB/CCL3/AIF1,21
4,GO:0071216,cellular response to biotic stimulus,30/724,269/18986,0.11152416356877323,2.924582554581117,6.329872747094821,1.5062356082927933e-7,6.677644530098051e-6,4.9317742077619985e-6,MMP9/MMP8/IL1B/IL6/PPBP/PF4/MTDH/B2M/CD40/CD14/LYN/CASP1/MIF/LBP/CASP7/IRAK4/PLSCR3/IGFBPL1/CD55/CD274/BCR/SRC/TNIP1/NFKB1/CXCL3/TREM2/CXCL11/CXCL5/IRAK1/GIT1,30
4,GO:1903039,positive regulation of leukocyte cell-cell adhesion,31/724,284/18986,0.10915492957746478,2.8624523383394282,6.296522011643058,1.5220299677774858e-7,6.688990832302099e-6,4.940154018983035e-6,TNFSF14/CD40LG/IL1B/TGFBR2/IL6/SELP/TNFRSF14/VSIR/B2M/GP1BA/CCL5/LYN/AP3B1/FADD/MDK/NCK2/IL7/CD55/CD274/STAT5B/CD83/IL18/PTPN6/SRC/CD46/IL2RA/CD160/AIF1/IRAK1/ADAM8/TNFSF13B,31
4,GO:0008625,extrinsic apoptotic signaling pathway via death domain receptors,16/724,87/18986,0.1839080459770115,4.822759890772845,7.11570031534134,1.6052641387934903e-7,6.993969790915777e-6,5.1653962215623565e-6,FGA/BID/TNFRSF10B/ICAM1/LGALS3/FADD/PARK7/BCL2L1/CRADD/DIABLO/BAX/STK4/BAG3/CASP8/CASP10/SFRP1,16
4,GO:0001935,endothelial cell proliferation,25/724,202/18986,0.12376237623762376,3.245514468573929,6.388485556665823,2.2752400976041988e-7,9.82825936178771e-6,7.258660716243354e-6,HSPG2/PDGFB/EGF/ACVRL1/SPARC/SCG2/MYDGF/EPHA2/VEGFA/ANG/PLXNB3/LRG1/MDK/VASH1/ATP5IF1/ERN1/AKT3/CCL26/RGCC/FLT4/BMPER/VEGFB/CALCA/TNFSF12/CCL11,25
4,GO:0062197,cellular response to chemical stress,33/724,321/18986,0.102803738317757,2.6959002426808487,6.101536814758116,2.490075067237381e-7,1.066511812696417e-5,7.876722737220119e-6,IL6/PENK/AIFM1/MB/MSRA/TOP2B/SERPINB6/CASP1/FXN/LONP1/PARK7/EDN1/RWDD1/HSPA1A/CASP3/ERN1/FUT8/SIRT2/PKD2/EFHD1/PRDX3/HTRA2/PXN/SRC/LETM1/STK24/PRDX5/PPIF/AIF1/FOXO1/SOD1/IL18BP/KLF4,33
4,GO:0051051,negative regulation of transport,42/724,467/18986,0.08993576017130621,2.358453511895607,5.918271301478376,2.525916351475158e-7,1.0727715328029787e-5,7.92295389856781e-6,MMP9/OSM/IL1B/CD84/EGF/ANGPT1/SERPINE2/FABP5/F2R/SPINK1/ERP29/VAMP8/LGALS3/VPS4B/PARK7/AKT2/EDN1/INHBB/PPM1F/PPP3R1/CD300A/SYTL4/BCR/CCN3/PRKG1/COMMD1/NOS1/YWHAQ/RAB11FIP3/NFKB1/ARFIP1/GOPC/FGF23/SFRP4/PPIF/WWP2/ANXA2/FOXO1/FKBP1B/CALCA/SFRP1/APPL2,42
4,GO:0051701,biological process involved in interaction with host,25/724,204/18986,0.12254901960784313,3.2136956992741847,6.32939940006819,2.751995959408732e-7,1.159048964904311e-5,8.560155852687162e-6,DAG1/TNFRSF14/NECTIN4/EPHA2/BSG/CLEC4G/ICAM1/NECTIN2/FCN1/VAMP8/JPT2/VPS4B/CHMP1A/INHBB/HSPA1A/CD55/PGLYRP1/SRC/CD46/MOG/WWP2/TRIM58/TRIM25/CTSL/DYNLT1,25
4,GO:0016032,viral process,41/724,452/18986,0.09070796460176991,2.3787036131618837,5.906850326487202,2.8004978520790406e-7,1.1697286069758241e-5,8.63903034664835e-6,DAG1/TNFRSF14/NECTIN4/EPHA2/BSG/CLEC4G/CCL5/PPIB/ICAM1/NECTIN2/TOP2B/FCN1/VAMP8/PCBP2/JPT2/VPS4B/CHMP1A/ATG16L1/SRPK2/EIF2AK2/HSPA1A/FUT8/CD55/MPHOSPH8/CALCOCO2/TARBP2/SRC/HEXIM1/BST2/TNIP1/CD46/LAMP3/CCL3/MOG/WWP2/TRIM58/DENR/TRIM25/MAVS/CTSL/DYNLT1,41
4,GO:0002691,regulation of cellular extravasation,11/724,42/18986,0.2619047619047619,6.868126808734544,7.580340386361754,3.3388247040574586e-7,1.3719040694558045e-5,1.013219717636949e-5,XG/SELP/GP1BA/ICAM1/FADD/CD99/MDK/JAM3/BCR/CCL28/ADAM8,11
4,GO:2000403,positive regulation of lymphocyte migration,11/724,42/18986,0.2619047619047619,6.868126808734544,7.580340386361754,3.3388247040574586e-7,1.3719040694558045e-5,1.013219717636949e-5,TNFSF14/JAM2/APP/TNFRSF14/CCL7/CCL5/FADD/CCL20/CCL3/AIF1/ADAM8,11
4,GO:0050678,regulation of epithelial cell proliferation,38/724,406/18986,0.09359605911330049,2.4544403015540377,5.898430636415667,3.503289103089446e-7,1.4278728328237143e-5,1.0545554464817634e-5,TGFA/HSPG2/EREG/PDGFB/BID/EGF/YAP1/ACVRL1/SPARC/SCG2/MYDGF/VEGFA/B2M/ANG/SPINK1/CCL5/PLXNB3/LRG1/STK11/CDH3/DAB2/MDK/VASH1/ATP5IF1/AKT3/CCL26/RGCC/FLT4/BAX/STK4/B4GALT1/GRN/VEGFB/SLURP1/TRIM24/TNFSF12/SFRP1/CCL11,38
4,GO:0061041,regulation of wound healing,20/724,140/18986,0.14285714285714285,3.7462509865824782,6.493742525420986,3.651445954029614e-7,1.4694639357248441e-5,1.085272554533209e-5,FGA/TAFA5/PDGFB/SERPING1/PDGFA/SERPINE2/SMOC2/PF4/HPSE/F2R/GP1BA/THBD/PLAUR/EDN1/F11/PRKG1/VEGFB/ANXA2/C1QTNF1/SH2B3,20
4,GO:0070665,positive regulation of leukocyte proliferation,22/724,166/18986,0.13253012048192772,3.475437662251215,6.378178118206065,3.663483496266924e-7,1.4694639357248441e-5,1.085272554533209e-5,CD40LG/IL1B/TGFBR2/IL6/CD40/CCL5/LYN/MIF/FADD/BCL2L1/NCK2/IL7/CD55/CD274/STAT5B/IL18/BST2/CD46/IL2RA/VAV3/AIF1/TNFSF13B,22
4,GO:0034599,cellular response to oxidative stress,28/724,251/18986,0.11155378486055777,2.9253593361361183,6.11395477407228,3.878913446745013e-7,1.5436242960511257e-5,1.140043686875907e-5,IL6/PENK/AIFM1/MB/MSRA/TOP2B/FXN/LONP1/PARK7/EDN1/RWDD1/HSPA1A/ERN1/FUT8/SIRT2/PKD2/PRDX3/HTRA2/PXN/SRC/STK24/PRDX5/PPIF/AIF1/FOXO1/SOD1/IL18BP/KLF4,28
4,GO:0002695,negative regulation of leukocyte activation,24/724,196/18986,0.12244897959183673,3.2110722742135525,6.195380707345524,4.823581178891577e-7,1.904560881102971e-5,1.4066133931208497e-5,SDC4/CD84/TNFRSF14/VSIR/TNFAIP8L2/CLEC4G/LYN/LGALS3/ADGRF5/CD69/MDK/PIBF1/CASP3/CD300A/CD274/PGLYRP1/PTPN6/PRKAR1A/GRN/TNFRSF21/IL2RA/PDE5A/BANK1/SFRP1,24
4,GO:0070227,lymphocyte apoptotic process,15/724,84/18986,0.17857142857142858,4.682813733228098,6.735439386619844,5.812084728638154e-7,2.2770756758555994e-5,1.681734185862986e-5,EFNA1/CCL5/LYN/DFFA/LGALS3/MIF/FADD/CASP7/CRKL/CD274/BAX/CLC/TNFRSF21/IL2RA/ADAM8,15
4,GO:0001938,positive regulation of endothelial cell proliferation,17/724,107/18986,0.1588785046728972,4.166391284143129,6.539844041542502,5.92864083462808e-7,2.304873136785409e-5,1.7022639999668967e-5,HSPG2/PDGFB/EGF/ACVRL1/SCG2/MYDGF/VEGFA/ANG/PLXNB3/LRG1/MDK/AKT3/CCL26/FLT4/VEGFB/TNFSF12/CCL11,17
4,GO:0002699,positive regulation of immune effector process,29/724,272/18986,0.10661764705882353,2.7959152583685407,5.940012984994171,6.252320360308383e-7,2.4121547405342417e-5,1.7814968258460043e-5,IL1B/IL6/CD226/TNFRSF14/STX7/B2M/CD40/NECTIN2/FCN1/VAMP8/GPI/MIF/ULBP2/LBP/FADD/CD300A/CD55/STAT5B/IL18/PTPN6/STXBP1/SH2D1A/MAPKAPK2/CD46/CD160/TREM2/TNFSF13/MAVS/APPL2,29
4,GO:0045861,negative regulation of proteolysis,31/724,303/18986,0.10231023102310231,2.682958627354448,5.879926017019548,6.376944655117784e-7,2.441596839921612e-5,1.8032412876433542e-5,MMP9/ITIH4/SERPING1/APP/EFNA1/SERPINE2/SERPINA3/TRIAP1/TIMP3/TIMP1/WFDC2/VEGFA/SPINK1/CTSZ/SPINT2/PLAUR/SERPINB6/SERPINB1/PARK7/FHIT/PEBP1/DNAJB6/SERPINH1/UBXN1/CDKN2D/SRC/SPINK2/PZP/USP25/LAMP3/TFPI2,31
4,GO:0034612,response to tumor necrosis factor,27/724,243/18986,0.1111111111111111,2.9137507673419276,5.978185359843347,6.754272578141851e-7,2.5666235796939033e-5,1.8955797833075587e-5,MMP8/TNFRSF19/TNFRSF14/EDA2R/CD40/CD14/CCL5/CXCL16/CASP1/EDN1/HSPA1A/CASP3/NUB1/BAG4/ERBIN/ASAH1/UMOD/NFKB1/GBP1/TNFRSF21/MAPKAPK2/CCL3/CASP8/CALCA/IL18BP/SFRP1/TNFSF13B,27
4,GO:0030593,neutrophil chemotaxis,15/724,85/18986,0.17647058823529413,4.627721806954826,6.674234507562771,6.812214107182999e-7,2.5693231416196176e-5,1.8975735447031353e-5,IL1B/PPBP/PF4/BSG/PPIB/LGALS3/LBP/EDN1/MDK/JAM3/CXCL3/VAV3/CXCL11/CCL3/CXCL5,15
4,GO:0002429,immune response-activating cell surface receptor signaling pathway,33/724,336/18986,0.09821428571428571,2.5755475532754537,5.8017919464339816,7.076670150515224e-7,2.64763758014867e-5,1.9554126714029917e-5,BTN2A1/CD226/LAT/ERMAP/CD14/LYN/NECTIN2/FCN1/LGALS3/STK11/CACNB3/LBP/IRAK4/BTN3A2/CRKL/CD300A/SLA2/BAX/PTPN6/SRC/NFKB1/GBP1/SH2D1A/TNFRSF21/VAV3/CD160/TREM2/BANK1/CD2AP/MOG/IRAK1/TAX1BP1/APPL2,33
4,GO:0046718,symbiont entry into host cell,21/724,159/18986,0.1320754716981132,3.46351506306682,6.211030151930761,7.124628233087042e-7,2.64763758014867e-5,1.9554126714029917e-5,DAG1/TNFRSF14/NECTIN4/EPHA2/BSG/CLEC4G/ICAM1/NECTIN2/FCN1/VAMP8/JPT2/HSPA1A/CD55/SRC/CD46/MOG/WWP2/TRIM58/TRIM25/CTSL/DYNLT1,21
4,GO:0002768,immune response-regulating cell surface receptor signaling pathway,35/724,369/18986,0.0948509485094851,2.4873482160235967,5.744753589908724,7.447855123124516e-7,2.7475518096548397e-5,2.0292043232116432e-5,BTN2A1/CD226/LAT/CLEC4D/ERMAP/CD40/CD14/LYN/NECTIN2/FCN1/LGALS3/STK11/CACNB3/LBP/IRAK4/BTN3A2/CRKL/CD300A/SLA2/BAX/PTPN6/SRC/NFKB1/GBP1/SH2D1A/TNFRSF21/VAV3/CD160/TREM2/BANK1/CD2AP/MOG/IRAK1/TAX1BP1/APPL2,35
4,GO:0006898,receptor-mediated endocytosis,29/724,275/18986,0.10545454545454545,2.765414364640884,5.871714329423448,7.849734986249154e-7,2.874823233369799e-5,2.1232006301479405e-5,HSPG2/EGF/ANGPT1/APP/SCARF1/CD63/VEGFA/B2M/DLL1/CD14/CXCL16/DAB2/PPP3R1/RSPO1/MSR1/HNRNPK/PDLIM7/MARCO/DNM3/SFRP4/HGS/RABEP1/AMN/ANXA2/CALCA/HIP1R/DNM1/CTSL/WASF1,29
4,GO:0050870,positive regulation of T cell activation,28/724,260/18986,0.1076923076923077,2.8240968975775607,5.896746850707065,7.956885734312885e-7,2.8931007554832605e-5,2.1366994936670576e-5,TNFSF14/CD40LG/IL1B/TGFBR2/IL6/TNFRSF14/VSIR/B2M/CCL5/LYN/AP3B1/FADD/MDK/NCK2/IL7/CD55/CD274/STAT5B/CD83/IL18/PTPN6/SRC/CD46/IL2RA/CD160/AIF1/ADAM8/TNFSF13B,28
4,GO:0050679,positive regulation of epithelial cell proliferation,25/724,216/18986,0.11574074074074074,3.0351570493145084,5.98953466030262,8.154728711071985e-7,2.9438570646969868e-5,2.1741855646211474e-5,TGFA/HSPG2/PDGFB/EGF/YAP1/ACVRL1/SCG2/MYDGF/VEGFA/ANG/SPINK1/CCL5/PLXNB3/LRG1/CDH3/MDK/AKT3/CCL26/FLT4/B4GALT1/GRN/VEGFB/TNFSF12/SFRP1/CCL11,25
4,GO:0048872,homeostasis of number of cells,33/724,339/18986,0.09734513274336283,2.552755097051777,5.743792494960805,8.643131931285845e-7,3.0980417574977774e-5,2.2880586657961635e-5,TNFSF14/IL6/LAT/HCLS1/F2R/VEGFA/B2M/MB/LYN/MPIG6B/GPI/MIF/AP3B1/ADGRF5/FADD/ATP5IF1/HSPA1A/JAM3/CASP3/IL7/AKT3/STAT5B/BCR/CCN3/BAX/FSTL1/GIGYF2/IL2RA/PRDX5/TRIM58/SOD1/SH2B3/TNFSF13B,33
4,GO:0006979,response to oxidative stress,37/724,405/18986,0.09135802469135802,2.3957506309255847,5.653289389694788,9.001984498070161e-7,3.193679487772535e-5,2.3586919091998855e-5,IL6/APP/PENK/AIFM1/MB/MSRA/TOP2B/ATOX1/FXN/LONP1/PARK7/EDN1/RWDD1/HSPA1A/CASP3/ERN1/FUT8/SIRT2/PKD2/PRDX3/HTRA2/PXN/SRC/STK24/COMT/USP25/PRDX5/CD2AP/PPIF/AIF1/FOXO1/FKBP1B/SOD1/RRM2B/IL18BP/TRIM25/KLF4,37
4,GO:0032946,positive regulation of mononuclear cell proliferation,20/724,148/18986,0.13513513513513514,3.543750933253696,6.185694425056644,9.036330960654383e-7,3.193679487772535e-5,2.3586919091998855e-5,CD40LG/IL1B/TGFBR2/IL6/CD40/CCL5/MIF/FADD/BCL2L1/NCK2/IL7/CD55/CD274/STAT5B/IL18/CD46/IL2RA/VAV3/AIF1/TNFSF13B,20
4,GO:0045766,positive regulation of angiogenesis,23/724,189/18986,0.12169312169312169,3.191250840422111,6.028081864916936,9.287427029473635e-7,3.237148703928259e-5,2.390796097750527e-5,IL1B/TGFBR2/ACVRL1/SMOC2/HSPB6/ANXA3/MYDGF/VEGFA/MTDH/DLL1/CD40/LRG1/RRAS/MDK/AKT3/GRN/BMPER/VEGFB/PAK4/TNFSF12/KLF4/CCL11/ADAM12,23
4,GO:2001242,regulation of intrinsic apoptotic signaling pathway,23/724,189/18986,0.12169312169312169,3.191250840422111,6.028081864916936,9.287427029473635e-7,3.237148703928259e-5,2.390796097750527e-5,MMP9/BID/APP/TRIAP1/ERP29/PLAUR/MIF/PARK7/BCL2L1/HYOU1/NCK2/HSPA1A/ENO1/HTRA2/BAX/HNRNPK/CDKN2D/SRC/PTPN1/TREM2/PPIF/SOD1/RRM2B,23
4,GO:0070059,intrinsic apoptotic signaling pathway in response to endoplasmic reticulum stress,13/724,66/18986,0.19696969696969696,5.165285451197053,6.749266637055594,1.0242031777031803e-6,3.545426616514981e-5,2.6184747427076264e-5,APP/AIFM1/TNFRSF10B/ERP29/PARK7/BCL2L1/HYOU1/NCK2/HSPA1A/ERN1/ITPR1/BAX/PTPN1,13
4,GO:0031640,killing of cells of another organism,18/724,124/18986,0.14516129032258066,3.806674389591873,6.243231209585169,1.0962457093490662e-6,3.743530956114986e-5,2.7647846979742453e-5,CFHR5/PPBP/PF4/GZMB/LGALS3/CCL18/C5/CCL17/PGLYRP1/C8B/CCL20/GZMA/CXCL3/GBP1/CCL28/CXCL11/CCL13/CCL11,18
4,GO:0141061,disruption of cell in another organism,18/724,124/18986,0.14516129032258066,3.806674389591873,6.243231209585169,1.0962457093490662e-6,3.743530956114986e-5,2.7647846979742453e-5,CFHR5/PPBP/PF4/GZMB/LGALS3/CCL18/C5/CCL17/PGLYRP1/C8B/CCL20/GZMA/CXCL3/GBP1/CCL28/CXCL11/CCL13/CCL11,18
4,GO:0044409,symbiont entry into host,21/724,164/18986,0.12804878048780488,3.3579200916318555,6.0383535424949155,1.1927642802946714e-6,4.045792397724342e-5,2.9880198784351147e-5,DAG1/TNFRSF14/NECTIN4/EPHA2/BSG/CLEC4G/ICAM1/NECTIN2/FCN1/VAMP8/JPT2/HSPA1A/CD55/SRC/CD46/MOG/WWP2/TRIM58/TRIM25/CTSL/DYNLT1,21
4,GO:1904018,positive regulation of vasculature development,23/724,192/18986,0.11979166666666667,3.141387546040516,5.937952104647972,1.2255766637661215e-6,4.1293763057826526e-5,3.049750771729591e-5,IL1B/TGFBR2/ACVRL1/SMOC2/HSPB6/ANXA3/MYDGF/VEGFA/MTDH/DLL1/CD40/LRG1/RRAS/MDK/AKT3/GRN/BMPER/VEGFB/PAK4/TNFSF12/KLF4/CCL11/ADAM12,23
4,GO:0010811,positive regulation of cell-substrate adhesion,18/724,126/18986,0.14285714285714285,3.7462509865824782,6.1582181435079635,1.391393427041638e-6,4.657021443886383e-5,3.439443075838026e-5,FGA/SDC4/PDGFB/ITGA6/DAG1/VWC2/VEGFA/NID1/DAB2/RRAS/PPM1F/MDK/CRKL/STK4/FBLN2/CCL28/CCDC80/SFRP1,18
4,GO:0141060,disruption of anatomical structure in another organism,18/724,127/18986,0.14173228346456693,3.716752947318049,6.116360736435857,1.5644586276105555e-6,5.201824936805097e-5,3.8418076824840926e-5,CFHR5/PPBP/PF4/GZMB/LGALS3/CCL18/C5/CCL17/PGLYRP1/C8B/CCL20/GZMA/CXCL3/GBP1/CCL28/CXCL11/CCL13/CCL11,18
4,GO:0002698,negative regulation of immune effector process,18/724,128/18986,0.140625,3.687715814917127,6.074925138920779,1.7567901782146875e-6,5.80314873248172e-5,4.285915357378247e-5,CD59/CD84/ANGPT1/SERPING1/CLEC4G/LGALS3/CD69/C4BPB/CD300A/CD55/CD274/BCR/PGLYRP1/PTPN6/BST2/GRN/CD46/ACP5,18
4,GO:0051250,negative regulation of lymphocyte activation,21/724,169/18986,0.1242603550295858,3.258573343358724,5.872226148388219,1.9530434307141402e-6,6.409533440798224e-5,4.7337607691813677e-5,SDC4/TNFRSF14/VSIR/TNFAIP8L2/CLEC4G/LYN/LGALS3/CD69/MDK/PIBF1/CASP3/CD300A/CD274/PGLYRP1/PTPN6/PRKAR1A/TNFRSF21/IL2RA/PDE5A/BANK1/SFRP1,21
4,GO:0050851,antigen receptor-mediated signaling pathway,24/724,212/18986,0.11320754716981132,2.9687271969144167,5.739518752738341,2.0037883702199594e-6,6.533642853607533e-5,4.8254217730390326e-5,BTN2A1/CD226/LAT/ERMAP/LYN/NECTIN2/LGALS3/STK11/CACNB3/BTN3A2/CRKL/CD300A/SLA2/BAX/PTPN6/NFKB1/GBP1/SH2D1A/TNFRSF21/VAV3/CD160/BANK1/CD2AP/MOG,24
4,GO:0051251,positive regulation of lymphocyte activation,32/724,336/18986,0.09523809523809523,2.4975006577216523,5.514392274410846,2.0287506434849913e-6,6.572631892418684e-5,4.85421712671915e-5,TNFSF14/CD40LG/IL1B/TGFBR2/IL6/TNFRSF14/VSIR/B2M/CD40/CCL5/LYN/MIF/AP3B1/FADD/MDK/NCK2/IL7/CD55/CD274/STAT5B/CD83/IL18/PTPN6/SRC/CD46/IL2RA/VAV3/CD160/TNFSF13/AIF1/ADAM8/TNFSF13B,32
4,GO:2000401,regulation of lymphocyte migration,13/724,70/18986,0.18571428571428572,4.870126282557222,6.458920191094342,2.0659358853320454e-6,6.65047131494787e-5,4.9117054303636834e-5,TNFSF14/JAM2/APP/TNFRSF14/CCL7/CCL5/FADD/CD69/CRKL/CCL20/CCL3/AIF1/ADAM8,13
4,GO:0002706,regulation of lymphocyte mediated immunity,23/724,198/18986,0.11616161616161616,3.046193984039288,5.762879483389892,2.094492003577282e-6,6.699723155746573e-5,4.948080376205891e-5,IL1B/IL6/CD226/STX7/B2M/CD40/CLEC4G/NECTIN2/ULBP2/FADD/C4BPB/CD55/CD274/STAT5B/IL18/PTPN6/CLC/SH2D1A/CD46/CD160/TREM2/TNFSF13/NCR1,23
4,GO:0050727,regulation of inflammatory response,38/724,438/18986,0.0867579908675799,2.275120462171094,5.375763339878179,2.2544010651663767e-6,7.125275946559615e-5,5.262372379668089e-5,MMP9/MMP8/OSM/IL1B/IL6/APP/LILRA5/TNFAIP8L2/CCL5/LYN/CASP1/VAMP8/LBP/PARK7/MDK/CASP3/MGLL/STAT5B/IL18/BCR/PGLYRP1/CCN3/PTPN6/SRC/TNIP1/NFKB1/GRN/GBP1/CXCL17/IL2RA/ACP5/TREM2/CCL3/GIT1/SOD1/KLF4/ADAM8/AHSG,38
4,GO:0016049,cell growth,41/724,490/18986,0.0836734693877551,2.1942327207125945,5.332716700343289,2.2557264571617304e-6,7.125275946559615e-5,5.262372379668089e-5,TGFBR2/YAP1/APP/BDNF/SEMA4D/SERPINE2/ACVRL1/VEGFA/CXCL16/PLXNA4/IST1/STK11/FXN/DAB2/HDGFL2/EIF4G1/EDN1/CRKL/HSPA1A/EBAG9/ENO1/TWF2/IGFBPL1/CCN3/PRKG1/CDKN2D/CEP43/PPP1R9B/BST2/SSNA1/IMPACT/SPART/CD2AP/MAP2/PAK4/OGFR/PDLIM5/PRSS2/SFRP1/RGMA/WASF1,41
4,GO:0060759,regulation of response to cytokine stimulus,23/724,199/18986,0.11557788944723618,3.030886476581804,5.734345853254914,2.2848084368653096e-6,7.172311701811971e-5,5.2971106355831245e-5,MMP8/ANGPT1/IL6/CD40/CCL5/CASP1/STAT2/FADD/EDN1/HSPA1A/IL7/CDC37/PTPN6/GIGYF2/PTPN1/MAPKAPK2/USP25/TREM2/CASP8/IRAK1/SH2B3/MAVS/KLF4,23
4,GO:0010544,negative regulation of platelet activation,7/724,18/18986,0.3888888888888889,10.198127685696747,7.773656221904777,2.509356765029615e-6,7.828573512629428e-5,5.7817927802436745e-5,PDGFB/PDGFA/SERPINE2/THBD/PRKG1/C1QTNF1/SH2B3,7
4,GO:0050671,positive regulation of lymphocyte proliferation,19/724,145/18986,0.1310344827586207,3.436216422175653,5.863383591618019,2.6949189189147317e-6,8.3559019731258e-5,6.171251202112779e-5,CD40LG/IL1B/TGFBR2/IL6/CD40/CCL5/MIF/FADD/NCK2/IL7/CD55/CD274/STAT5B/IL18/CD46/IL2RA/VAV3/AIF1/TNFSF13B,19
4,GO:0016485,protein processing,26/724,246/18986,0.10569105691056911,2.7716165835691506,5.56868832966585,2.7794849016681608e-6,8.565558959165174e-5,6.326093364130487e-5,FGA/SERPINE2/CTSS/VSIR/CTSZ/THBD/PLAUR/CASP1/FXN/FADD/CASP7/F11/CASP3/ENO1/HTRA2/LGMN/SRC/METAP2/CASP2/C1R/MEP1A/CASP8/ANXA2/KLK6/CTSL/ADAM8,26
4,GO:0001959,regulation of cytokine-mediated signaling pathway,22/724,187/18986,0.11764705882352941,3.085147871303217,5.705460499475041,2.8134075023070676e-6,8.617552434339345e-5,6.364493143975032e-5,MMP8/ANGPT1/IL6/CD40/CCL5/CASP1/STAT2/FADD/EDN1/HSPA1A/IL7/CDC37/PTPN6/GIGYF2/PTPN1/MAPKAPK2/USP25/TREM2/CASP8/IRAK1/SH2B3/MAVS,22
4,GO:0045862,positive regulation of proteolysis,31/724,325/18986,0.09538461538461539,2.5013429664258395,5.435688393242095,2.8320623766580017e-6,8.622435693752735e-5,6.368099675097828e-5,IL1B/EGF/APP/EFNA1/AIFM1/F2R/VSIR/LYN/CASP1/IST1/DAB2/FADD/CRADD/DIABLO/PPM1F/ATP5IF1/HSPA1A/SIRT2/ENO1/HTRA2/NUB1/LGMN/SRC/GRN/AXIN1/TREM2/CASP8/ANXA2/HIP1R/ADAM8/RGMA,31
4,GO:0050918,positive chemotaxis,13/724,72/18986,0.18055555555555555,4.734844996930632,6.321898996967491,2.8771000728443087e-6,8.707104052787506e-5,6.430631489634994e-5,PDGFB/ANGPT1/APP/SCG2/VEGFA/CCL5/PLXNB3/LGALS3/MIF/S100A4/CCL15/VEGFB/CCL3,13
4,GO:0002690,positive regulation of leukocyte chemotaxis,15/724,95/18986,0.15789473684210525,4.1405931956964235,6.110073417472212,2.935893961006224e-6,8.799018454533698e-5,6.498514868843125e-5,TNFSF14/IL6/APP/CCL7/VEGFA/CCL5/LBP/EDN1/MDK/LGMN/MSTN/CXCL17/VEGFB/CCL3/AIF1,15
4,GO:0044282,small molecule catabolic process,34/724,375/18986,0.09066666666666667,2.377620626151013,5.364890107539027,2.9424464684876788e-6,8.799018454533698e-5,6.498514868843125e-5,SCARF1/PLA2G15/DPEP2/MPI/ECHS1/NUDT5/DECR1/SULT2A1/PARK7/PMM2/AKT2/DCTD/QDPR/FUT8/ENO1/GLB1/ENO2/NOS1/OXCT1/HMGCL/ACADSB/IDUA/ASRGL1/AGXT/KYAT1/FGF23/PFKFB2/NAGK/TST/SULT1A1/SHMT1/PGD/GNPDA2/RBKS,34
4,GO:0042742,defense response to bacterium,32/724,342/18986,0.0935672514619883,2.4536848567089917,5.401497592423142,2.9597014983591783e-6,8.799018454533698e-5,6.498514868843125e-5,FGA/IL1B/IL6/APP/SELP/PPBP/TNFRSF14/ANXA3/CLEC4D/WFDC2/EPHA2/B2M/ANG/CASP1/LBP/CASP7/LCN2/IL18/PGLYRP1/CCL20/MMP7/UMOD/NFKB1/GRN/GBP1/CD160/ACP5/TREM2/NAGK/CALCA/MAVS/VGF,32
4,GO:0002221,pattern recognition receptor signaling pathway,28/724,278/18986,0.10071942446043165,2.64124170277038,5.488853956017306,3.000862508095548e-6,8.869215857260176e-5,6.550359158945407e-5,APP/CTSS/CD14/LYN/CASP1/FCN1/PCBP2/AP3B1/LBP/IRAK4/EIF2AK2/HSPA1A/SIRT2/CD300A/CD274/MAP2K6/ERBIN/TARBP2/SRC/TNIP1/MAPKAPK2/TREM2/NAGK/IRAK1/TAX1BP1/TRIM25/MAVS/APPL2,28
4,GO:0031589,cell-substrate adhesion,33/724,361/18986,0.09141274238227147,2.397185534350561,5.336542290285997,3.4445339491573313e-6,1.0121322429675089e-4,7.475102438012176e-5,FGA/SDC4/PDGFB/ANGPT1/ITGA6/DAG1/EFNA1/CCN2/ACVRL1/CD63/NID2/HPSE/VWC2/VEGFA/NID1/DAB2/RRAS/PPM1F/MDK/MINK1/CRKL/JAM3/BCR/STK4/FBLN2/PXN/SRC/GBP1/PTPN1/CCL28/CCDC80/ANXA2/SFRP1,33
4,GO:1990778,protein localization to cell periphery,33/724,362/18986,0.09116022099447514,2.390563474863405,5.318743372013472,3.655783127689932e-6,1.0679958339505733e-4,7.887682975837237e-5,PALM/DAG1/STX7/VWC2/EPHA2/BSG/LZTFL1/CNPY4/VAMP8/LGALS3/STX8/CACNB3/DAB2/BCL2L1/PDZK1/AKT2/EIF4G1/RILPL2/RAB10/GORASP2/BAG4/UMOD/PPP1R9B/RAB11FIP3/STXBP1/GBP1/CNST/EHD3/TREM2/RABEP1/SLMAP/AMN/PACS2,33
4,GO:0010951,negative regulation of endopeptidase activity,16/724,109/18986,0.14678899082568808,3.8493588119012623,5.940107681190338,3.7053283995248543e-6,1.076248835126357e-4,7.948635514044242e-5,MMP9/SERPING1/SERPINE2/SERPINA3/TRIAP1/TIMP3/TIMP1/VEGFA/PLAUR/SERPINB6/SERPINB1/DNAJB6/SERPINH1/CDKN2D/SRC/LAMP3,16
4,GO:0050729,positive regulation of inflammatory response,20/724,162/18986,0.12345679012345678,3.2375008526021416,5.694625575564843,3.771733066341655e-6,1.0892765095594699e-4,8.044851400449629e-5,MMP8/OSM/IL1B/IL6/APP/LILRA5/CASP1/VAMP8/LBP/PARK7/MDK/CASP3/STAT5B/IL18/TNIP1/GRN/GBP1/TREM2/CCL3/ADAM8,20
4,GO:0002693,positive regulation of cellular extravasation,7/724,19/18986,0.3684210526315789,9.661384123291654,7.520819964207456,3.842551624899682e-6,1.1034236313774428e-4,8.149334965247772e-5,XG/ICAM1/FADD/CD99/MDK/JAM3/ADAM8,7
4,GO:0071260,cellular response to mechanical stimulus,13/724,74/18986,0.17567567567567569,4.606876213229805,6.189830870398286,3.958837962181437e-6,1.1297856298736998e-4,8.34403149882769e-5,TNFSF14/IL1B/DAG1/TNFRSF10B/LTBR/CD40/CASP1/FADD/CRADD/CASP2/NFKB1/BAG3/CASP8,13
4,GO:1903532,positive regulation of secretion by cell,29/724,298/18986,0.09731543624161074,2.5519763432088696,5.376655750831701,3.979062962356917e-6,1.1297856298736998e-4,8.34403149882769e-5,FGA/IL1B/SDC4/ANG/SPINK1/BSG/VAMP8/MIF/VPS4B/DAB2/EDN1/INHBB/PLA2G4A/SYTL4/RGCC/MAP2K6/ITPR1/RAB27B/PRKAR1A/STXBP1/CD160/HGS/TREM2/CD2AP/PFKFB2/ANXA2/C1QTNF1/RAB2B/ADAM8,29
4,GO:0050852,T cell receptor signaling pathway,19/724,149/18986,0.12751677852348994,3.343969001446105,5.719256097260315,4.056932376875858e-6,1.1454601247335523e-4,8.459795476860801e-5,BTN2A1/CD226/LAT/ERMAP/NECTIN2/LGALS3/STK11/CACNB3/BTN3A2/CRKL/CD300A/SLA2/PTPN6/GBP1/SH2D1A/TNFRSF21/CD160/CD2AP/MOG,19
4,GO:0002819,regulation of adaptive immune response,24/724,221/18986,0.1085972850678733,2.847828804279893,5.501536514323581,4.166894284542658e-6,1.169971317448811e-4,8.64082288478846e-5,IL1B/IL6/CD226/TNFRSF14/STX7/B2M/CD40/CLEC4G/NECTIN2/ULBP2/FADD/CD69/C4BPB/PLA2G4A/CD55/CD274/IL18/PTPN6/CLC/CD46/CD160/TREM2/TNFSF13/TNFSF13B,24
4,GO:0045123,cellular extravasation,13/724,75/18986,0.17333333333333334,4.545451197053407,6.12555312485479,4.623932294602352e-6,1.2840304295011145e-4,9.483206429531488e-5,JAM2/XG/SELP/GP1BA/ICAM1/FADD/CD99/MDK/CRKL/JAM3/BCR/CCL28/ADAM8,13
4,GO:0071496,cellular response to external stimulus,13/724,75/18986,0.17333333333333334,4.545451197053407,6.12555312485479,4.623932294602352e-6,1.2840304295011145e-4,9.483206429531488e-5,TNFSF14/IL1B/DAG1/TNFRSF10B/LTBR/CD40/CASP1/FADD/CRADD/CASP2/NFKB1/BAG3/CASP8,13
4,GO:1903828,negative regulation of protein localization,24/724,223/18986,0.10762331838565023,2.8222877387706564,5.45027806500276,4.873027435593276e-6,1.3458076863108424e-4,9.939462344902937e-5,IL1B/ANGPT1/APP/F2R/ERP29/LZTFL1/OTUD7B/DAB2/PARK7/BCL2L1/INHBB/PPM1F/SYTL4/BAG4/CCN3/COMMD1/RAB11FIP3/GBP1/NSFL1C/GOPC/WWP2/FOXO1/FKBP1B/SFRP1,24
4,GO:0001936,regulation of endothelial cell proliferation,21/724,179/18986,0.11731843575418995,3.07653013981913,5.5578318967831875,4.925777101889956e-6,1.352982471356078e-4,9.99245171813603e-5,HSPG2/PDGFB/EGF/ACVRL1/SPARC/SCG2/MYDGF/VEGFA/ANG/PLXNB3/LRG1/MDK/VASH1/ATP5IF1/AKT3/CCL26/RGCC/FLT4/VEGFB/TNFSF12/CCL11,21
4,GO:0042542,response to hydrogen peroxide,15/724,99/18986,0.15151515151515152,3.9732965009208105,5.905745687798337,4.973297171685564e-6,1.358651021929667e-4,1.0034316797039553e-4,IL6/AIFM1/TOP2B/FXN/PARK7/EDN1/CASP3/ERN1/PRDX3/SRC/PPIF/FKBP1B/SOD1/IL18BP/KLF4,15
4,GO:2001243,negative regulation of intrinsic apoptotic signaling pathway,16/724,112/18986,0.14285714285714285,3.7462509865824782,5.803870004835868,5.315063472817543e-6,1.4442113328827884e-4,1.0666222453090555e-4,MMP9/BID/TRIAP1/PLAUR/MIF/PARK7/BCL2L1/HYOU1/HSPA1A/ENO1/HTRA2/CDKN2D/SRC/PTPN1/PPIF/RRM2B,16
4,GO:0097192,extrinsic apoptotic signaling pathway in absence of ligand,12/724,65/18986,0.18461538461538463,4.841308967275818,6.1768106773256894,5.43166801561048e-6,1.4680026818660624e-4,1.0841933455308057e-4,IL1B/PF4/FADD/BCL2L1/HSPA1A/IL7/HTRA2/BAX/CASP2/BAG3/COL2A1/KLF4,12
4,GO:0002449,lymphocyte mediated immunity,34/724,386/18986,0.08808290155440414,2.309864597944637,5.176831141558163,5.532944925174621e-6,1.487420407012369e-4,1.09853430597252e-4,CD40LG/IL1B/IL6/SERPING1/C2/GZMB/CD226/STX7/B2M/CD40/CLEC4G/ICAM1/NECTIN2/ULBP2/FADD/C4BPB/BTN3A2/EBAG9/SLA2/C5/CD55/CD274/STAT5B/IL18/C8B/PTPN6/CLC/SH2D1A/CD46/CD160/TREM2/C1R/TNFSF13/NCR1,34
4,GO:2001235,positive regulation of apoptotic signaling pathway,19/724,153/18986,0.12418300653594772,3.2565449752645073,5.579950813389233,6.013182984748591e-6,1.6079696722179565e-4,1.1875659629027292e-4,TNFSF14/CD40LG/BID/APP/CTSS/LTBR/FADD/PARK7/CRADD/INHBB/NCK2/HTRA2/BAX/STK4/CASP2/SOD1/TNFSF12/CTSL/SFRP1,19
4,GO:0044403,biological process involved in symbiotic interaction,30/724,322/18986,0.09316770186335403,2.4432071651624856,5.200614516980883,6.5387339955683535e-6,1.739303242821182e-4,1.28456236832606e-4,CFHR5/DAG1/PF4/TNFRSF14/NECTIN4/EPHA2/BSG/CLEC4G/CCL5/PPIB/ICAM1/NECTIN2/FCN1/VAMP8/JPT2/VPS4B/CHMP1A/INHBB/HSPA1A/CD55/PGLYRP1/SRC/CD46/CCL3/MOG/WWP2/TRIM58/TRIM25/CTSL/DYNLT1,30
4,GO:1903531,negative regulation of secretion by cell,19/724,154/18986,0.12337662337662338,3.2353985793212314,5.545842388432042,6.6194443108230345e-6,1.7431254427469005e-4,1.2873852539896507e-4,OSM/IL1B/CD84/F2R/ERP29/VAMP8/VPS4B/EDN1/INHBB/CD300A/SYTL4/BCR/CCN3/PRKG1/RAB11FIP3/FGF23/FOXO1/FKBP1B/SFRP1,19
4,GO:0070374,positive regulation of ERK1 and ERK2 cascade,22/724,197/18986,0.1116751269035533,2.9285413803741203,5.417646404511549,6.62208320157113e-6,1.7431254427469005e-4,1.2873852539896507e-4,FGA/PDGFB/ANGPT1/PDGFA/APP/CCN2/F2R/VEGFA/ICAM1/MIF/MAP2K1/CRKL/FLT4/SRC/MARCO/SPRY2/BMPER/CXCL17/FGF23/TREM2/VEGFB/CCL3,22
4,GO:2001237,negative regulation of extrinsic apoptotic signaling pathway,15/724,102/18986,0.14705882352941177,3.8564348391290215,5.759407744187082,7.24680304894192e-6,1.8976861455623038e-4,1.4015360573519525e-4,FGA/IL1B/YAP1/ITGA6/PF4/SCG2/ICAM1/LGALS3/PARK7/BCL2L1/HSPA1A/IL7/SRC/COL2A1/KLF4,15
4,GO:0038034,signal transduction in absence of ligand,12/724,67/18986,0.1791044776119403,4.696792281685495,6.035507252659452,7.542198652861438e-6,1.9648593810083355e-4,1.451146848781696e-4,IL1B/PF4/FADD/BCL2L1/HSPA1A/IL7/HTRA2/BAX/CASP2/BAG3/COL2A1/KLF4,12
4,GO:0034110,regulation of homotypic cell-cell adhesion,9/724,37/18986,0.24324324324324326,6.378751679856653,6.5206309870389765,7.728398368229983e-6,2.0030423257966324e-4,1.4793468617405408e-4,IL6/SERPINE2/GP6/CCL5/LYN/PLAUR/PRKG1/C1QTNF1/SH2B3,9
4,GO:0042102,positive regulation of T cell proliferation,15/724,104/18986,0.14423076923076922,3.7822726306842323,5.664906826648196,9.236368533841533e-6,2.3816636005119954e-4,1.7589775951128936e-4,CD40LG/IL1B/TGFBR2/IL6/CCL5/FADD/NCK2/CD55/CD274/STAT5B/IL18/CD46/IL2RA/AIF1/TNFSF13B,15
4,GO:1904019,epithelial cell apoptotic process,13/724,80/18986,0.1625,4.261360497237569,5.820286832964238,9.6603249074447e-6,2.4783391919911427e-4,1.8303773508842588e-4,BID/TGFBR2/IL6/YAP1/TIA1/BCL2L1/MDK/CASP3/BAX/STK4/SFRP4/BTC/ANXA2,13
4,GO:0032602,chemokine production,15/724,105/18986,0.14285714285714285,3.7462509865824782,5.618531162619705,1.0402319436221077e-5,2.6418754990282074e-4,1.9511570865294865e-4,IL1B/IL6/APP/EPHA2/MIF/LBP/EIF2AK2/IL7/C5/IL18/ERBIN/TREM2/AIF1/MAVS/KLF4,15
4,GO:0032642,regulation of chemokine production,15/724,105/18986,0.14285714285714285,3.7462509865824782,5.618531162619705,1.0402319436221077e-5,2.6418754990282074e-4,1.9511570865294865e-4,IL1B/IL6/APP/EPHA2/MIF/LBP/EIF2AK2/IL7/C5/IL18/ERBIN/TREM2/AIF1/MAVS/KLF4,15
4,GO:0045807,positive regulation of endocytosis,19/724,159/18986,0.11949685534591195,3.1336564856318847,5.379388567498606,1.0559050841228227e-5,2.661706915040191e-4,1.9658035783501386e-4,EGF/ANGPT1/APP/CD63/C2/VEGFA/B2M/DLL1/CD14/FCN1/DAB2/BCR/HNRNPK/SFRP4/TREM2/ANXA2/SOD1/AHSG/APPL2,19
4,GO:0002758,innate immune response-activating signaling pathway,28/724,297/18986,0.09427609427609428,2.4722733783507262,5.091832004757725,1.0585735851267877e-5,2.661706915040191e-4,1.9658035783501386e-4,APP/CTSS/CD14/LYN/CASP1/FCN1/PCBP2/AP3B1/LBP/IRAK4/EIF2AK2/HSPA1A/SIRT2/CD300A/CD274/MAP2K6/ERBIN/TARBP2/SRC/TNIP1/MAPKAPK2/TREM2/NAGK/IRAK1/TAX1BP1/TRIM25/MAVS/APPL2,28
4,GO:0030099,myeloid cell differentiation,37/724,451/18986,0.082039911308204,2.151394690742488,4.927386313877168,1.0941589791095004e-5,2.7375640992175317e-4,2.0218278999073938e-4,MMP9/GP5/TGFBR2/APP/FSTL3/PF4/HCLS1/LTBR/EPHA2/VEGFA/B2M/DLL1/LBR/GP1BA/MB/LYN/MPIG6B/AP3B1/ADGRF5/FADD/ATP5IF1/HSPA1A/CASP3/PRDX3/STAT5B/PTPN6/SRC/GP1BB/TREM2/CCL3/CASP8/TRIM58/ANXA2/CASP10/CALCA/SH2B3/SFRP1,37
4,GO:0007005,mitochondrion organization,37/724,452/18986,0.08185840707964602,2.1466349679753582,4.912586773754701,1.1494664786891282e-5,2.8617751641846575e-4,2.1135639789637793e-4,MMP9/BID/AIFM1/TRIAP1/TOMM20/CHCHD10/PLAUR/NECTIN2/STAT2/FXN/AP3B1/LONP1/PARK7/BCL2L1/NDUFB7/EDN1/PLSCR3/ATP5IF1/HSPA1A/TIMM10/PRDX3/AKT3/HTRA2/CNP/BAX/GGCT/LETM1/TIMM8A/TYMP/HMGCL/CLPP/IMMT/PPIF/DDHD2/RRM2B/HIP1R/WASF1,37
4,GO:0048668,collateral sprouting,8/724,30/18986,0.26666666666666666,6.993001841620626,6.5408185749116905,1.1942381182416627e-5,2.9586663968594917e-4,2.1851229965350546e-4,APP/BDNF/SEMA4D/IST1/PRKG1/SPART/CD2AP/RGMA,8
4,GO:0051048,negative regulation of secretion,20/724,175/18986,0.11428571428571428,2.9970007892659822,5.284351935907029,1.2207342959150667e-5,3.009556649538901e-4,2.222707991432517e-4,OSM/IL1B/CD84/EGF/F2R/ERP29/VAMP8/VPS4B/EDN1/INHBB/CD300A/SYTL4/BCR/CCN3/PRKG1/RAB11FIP3/FGF23/FOXO1/FKBP1B/SFRP1,20
4,GO:0002218,activation of innate immune response,29/724,317/18986,0.0914826498422713,2.3990187705875177,5.001416923544644,1.3154978976894403e-5,3.2274399878264227e-4,2.3836257257060577e-4,APP/CTSS/CD14/LYN/CASP1/FCN1/PCBP2/AP3B1/LBP/IRAK4/EIF2AK2/HSPA1A/SIRT2/CD300A/CD274/MAP2K6/ERBIN/TARBP2/SRC/HEXIM1/TNIP1/MAPKAPK2/TREM2/NAGK/IRAK1/TAX1BP1/TRIM25/MAVS/APPL2,29
4,GO:0071356,cellular response to tumor necrosis factor,23/724,221/18986,0.10407239819004525,2.7291692707682307,5.148251753919917,1.3281053781935127e-5,3.242630232555562e-4,2.3948444805869292e-4,MMP8/TNFRSF19/TNFRSF14/EDA2R/CD40/CCL5/CASP1/EDN1/HSPA1A/BAG4/ERBIN/ASAH1/UMOD/NFKB1/GBP1/TNFRSF21/MAPKAPK2/CCL3/CASP8/CALCA/IL18BP/SFRP1/TNFSF13B,23
4,GO:0002822,regulation of adaptive immune response based on somatic recombination of immune receptors built from immunoglobulin superfamily domains,22/724,206/18986,0.10679611650485436,2.8005953977364157,5.173713393770385,1.3551760617533085e-5,3.2822865034120164e-4,2.4241326184781223e-4,IL1B/IL6/CD226/STX7/B2M/CD40/CLEC4G/NECTIN2/ULBP2/FADD/CD69/C4BPB/PLA2G4A/CD55/CD274/IL18/PTPN6/CLC/CD46/TREM2/TNFSF13/TNFSF13B,22
4,GO:0048771,tissue remodeling,21/724,191/18986,0.1099476439790576,2.8832402881027455,5.208368092460086,1.3573365239673751e-5,3.2822865034120164e-4,2.4241326184781223e-4,IL6/ACVRL1/F2R/RSPO3/TIMP1/EPHA2/MDK/TPP1/IL7/IL18/BCR/FLT4/BAX/SRC/UMOD/NFKB1/ACP5/CALCA/LTBP3/SFRP1/ADAM8,21
4,GO:0050777,negative regulation of immune response,22/724,207/18986,0.10628019323671498,2.7870659513705394,5.147423924309774,1.4630797407538348e-5,0.00035211452427475625,2.600541734693282e-4,CD59/SERPING1/TNFRSF14/CLEC4G/LYN/LGALS3/STAT2/CD69/C4BPB/CD300A/CD55/CD274/BCR/PGLYRP1/PTPN6/SRC/GRN/GIGYF2/CD46/CD160/TREM2/MAVS,22
4,GO:0002263,cell activation involved in immune response,29/724,319/18986,0.09090909090909091,2.383977900552486,4.963495674436938,1.4817189971980711e-5,3.54910322835974e-4,2.621190104297511e-4,CD40LG/CD84/IL6/APP/LAT/ANXA3/CLEC4D/DLL1/CD40/LYN/ICAM1/VAMP8/LGALS3/SNAP23/LBP/CD69/MDK/CD300A/IL18/BCR/PGLYRP1/PTPN6/STXBP1/GRN/CD46/CD160/TREM2/CCL3/TNFSF13,29
4,GO:0090199,regulation of release of cytochrome c from mitochondria,9/724,40/18986,0.225,5.900345303867404,6.177294797403022,1.5332568350998753e-5,3.6489964745872836e-4,2.6949662589062355e-4,MMP9/BID/TRIAP1/PLAUR/FXN/BCL2L1/PLSCR3/BAX/PPIF,9
4,GO:0010810,regulation of cell-substrate adhesion,23/724,223/18986,0.1031390134529148,2.7046924163218793,5.098562365635832,1.5378635716008932e-5,3.6489964745872836e-4,2.6949662589062355e-4,FGA/SDC4/PDGFB/ITGA6/DAG1/ACVRL1/VWC2/VEGFA/NID1/DAB2/RRAS/PPM1F/MDK/MINK1/CRKL/STK4/FBLN2/SRC/GBP1/PTPN1/CCL28/CCDC80/SFRP1,23
4,GO:0090025,regulation of monocyte chemotaxis,8/724,31/18986,0.25806451612903225,6.767421137052218,6.398836772168231,1.5561364750713962e-5,3.6750998808461854e-4,2.714244928973522e-4,NBL1/APP/CCL5/LYN/LGMN/CCN3/CXCL17/AIF1,8
4,GO:2000404,regulation of T cell migration,10/724,50/18986,0.2,5.24475138121547,5.984027113508082,1.574795475876456e-5,3.701868062827725e-4,2.734014569134841e-4,TNFSF14/APP/TNFRSF14/CCL5/FADD/CD69/CRKL/CCL20/AIF1/ADAM8,10
4,GO:0071706,tumor necrosis factor superfamily cytokine production,21/724,193/18986,0.10880829015544041,2.853362150402199,5.152776456204293,1.5922526822968385e-5,3.7084078600590884e-4,2.7388445362234244e-4,MMP8/ANGPT1/IL6/APP/LILRA5/PF4/VSIR/CD14/IFNGR1/MIF/TMEM106A/LBP/FADD/CD274/PTPN6/MAPKAPK2/ACP5/TREM2/CCL3/MAVS/ADAM8,21
4,GO:1903555,regulation of tumor necrosis factor superfamily cytokine production,21/724,193/18986,0.10880829015544041,2.853362150402199,5.152776456204293,1.5922526822968385e-5,3.7084078600590884e-4,2.7388445362234244e-4,MMP8/ANGPT1/IL6/APP/LILRA5/PF4/VSIR/CD14/IFNGR1/MIF/TMEM106A/LBP/FADD/CD274/PTPN6/MAPKAPK2/ACP5/TREM2/CCL3/MAVS/ADAM8,21
4,GO:0030449,regulation of complement activation,7/724,23/18986,0.30434782608695654,7.981143406197455,6.670177167819657,1.6358985854162298e-5,3.7581052048607386e-4,2.77554850903634e-4,CD59/IL1B/SERPING1/C4BPB/CD55/CD46/TREM2,7
4,GO:0036303,lymph vessel morphogenesis,7/724,23/18986,0.30434782608695654,7.981143406197455,6.670177167819657,1.6358985854162298e-5,3.7581052048607386e-4,2.77554850903634e-4,ACVRL1/EPHA2/VEGFA/CLEC14A/LGALS8/VASH1/FLT4,7
4,GO:0038128,ERBB2 signaling pathway,7/724,23/18986,0.30434782608695654,7.981143406197455,6.670177167819657,1.6358985854162298e-5,3.7581052048607386e-4,2.77554850903634e-4,TGFA/EREG/EGF/MAP2K1/SRC/PTPRR/BTC,7
4,GO:0051047,positive regulation of secretion,29/724,322/18986,0.09006211180124224,2.3617669263237366,4.907143628951093,1.767130639621256e-5,4.041211879025262e-4,2.984636936459621e-4,FGA/IL1B/SDC4/ANG/SPINK1/BSG/VAMP8/MIF/VPS4B/DAB2/EDN1/INHBB/PLA2G4A/SYTL4/RGCC/MAP2K6/ITPR1/RAB27B/PRKAR1A/STXBP1/CD160/HGS/TREM2/CD2AP/PFKFB2/ANXA2/C1QTNF1/RAB2B/ADAM8,29
4,GO:0030100,regulation of endocytosis,28/724,307/18986,0.09120521172638436,2.3917433008800186,4.894991373981611,1.951930477754504e-5,4.4437192047618306e-4,3.28190871224157e-4,EGF/ANGPT1/APP/CD63/C2/VEGFA/B2M/DLL1/CD14/FCN1/LGALS3/DAB2/PARK7/PPP3R1/RSPO1/CD300A/BCR/HNRNPK/SRC/PTPN1/SFRP4/TREM2/RABEP1/ANXA2/SOD1/HIP1R/AHSG/APPL2,28
4,GO:1905517,macrophage migration,11/724,62/18986,0.1774193548387097,4.652602031723401,5.735775519168683,1.979650323517038e-5,4.4866155762578967e-4,3.313589826382543e-4,CCL5/LGALS3/MIF/MDK/C5/BCR/B4GALT1/MSTN/CXCL17/TREM2/CCL3,11
4,GO:0002275,myeloid cell activation involved in immune response,14/724,98/18986,0.14285714285714285,3.7462509865824782,5.4270108690587415,2.0383461495422048e-5,4.5990184999045993e-4,3.3966050029495573e-4,CD84/LAT/ANXA3/LYN/VAMP8/SNAP23/LBP/CD300A/BCR/PTPN6/STXBP1/GRN/TREM2/CCL3,14
4,GO:2000116,regulation of cysteine-type endopeptidase activity,19/724,167/18986,0.11377245508982035,2.983541204883051,5.126271523228894,2.1344396025229345e-5,4.794425667178183e-4,3.5409229616591e-4,MMP9/AIFM1/TRIAP1/F2R/VEGFA/PLAUR/CASP1/FADD/CRADD/DIABLO/PPM1F/DNAJB6/HTRA2/LGMN/CDKN2D/SRC/LAMP3/CASP8/HIP1R,19
4,GO:1903038,negative regulation of leukocyte cell-cell adhesion,18/724,153/18986,0.11764705882352941,3.085147871303217,5.156122606929818,2.2185590284974693e-5,4.961326252223987e-4,3.664187384747101e-4,SDC4/TNFRSF14/VSIR/TNFAIP8L2/CLEC4G/LGALS3/CD69/MDK/CASP3/CD300A/CD274/PTPN6/PRKAR1A/TNFRSF21/IL2RA/PDE5A/CCL28/KLF4,18
4,GO:1903557,positive regulation of tumor necrosis factor superfamily cytokine production,15/724,112/18986,0.13392857142857142,3.512110299921073,5.309041922892459,2.292146460343297e-5,5.103307581751112e-4,3.7690476922686445e-4,MMP8/IL6/APP/LILRA5/PF4/CD14/IFNGR1/MIF/TMEM106A/LBP/FADD/MAPKAPK2/CCL3/MAVS/ADAM8,15
4,GO:0006958,"complement activation, classical pathway",9/724,42/18986,0.21428571428571427,5.619376479873717,5.967227231367143,2.3353091574856955e-5,5.176601965759959e-4,3.823179257822843e-4,SERPING1/C2/C4BPB/C5/CD55/C8B/CD46/TREM2/C1R,9
4,GO:1905954,positive regulation of lipid localization,15/724,113/18986,0.13274336283185842,3.481029677797878,5.266852132853134,2.5515089862705858e-5,5.631146906817266e-4,4.158883413153527e-4,IL1B/FABP3/TRIAP1/DBI/MIF/DAB2/EDN1/PLA2G4A/MAP2K6/MSR1/NFKB1/PLIN3/TREM2/ANXA2/C1QTNF1,15
4,GO:0072659,protein localization to plasma membrane,27/724,295/18986,0.09152542372881356,2.40014046259013,4.825771567331666,2.5704154141292937e-5,5.648208479569327e-4,4.171484237300904e-4,PALM/STX7/EPHA2/BSG/CNPY4/VAMP8/LGALS3/STX8/CACNB3/DAB2/BCL2L1/PDZK1/AKT2/RILPL2/RAB10/GORASP2/BAG4/PPP1R9B/RAB11FIP3/STXBP1/GBP1/CNST/EHD3/TREM2/SLMAP/AMN/PACS2,27
4,GO:0055074,calcium ion homeostasis,29/724,329/18986,0.08814589665653495,2.3115165661891885,4.778056033168077,2.637428455152954e-5,5.77037377157707e-4,4.261709410787138e-4,GP5/APP/F2R/CCL7/CD40/GP1BA/CCL5/LYN/EDN1/PKD2/CCL15/ITPR1/BAX/PTPN6/LETM1/UMOD/PLCB2/GP1BB/IMMT/FGF23/CXCL11/CCL3/TRIM24/CCL13/FKBP1B/CALCA/CCL14/PACS2/CCL11,29
4,GO:1905897,regulation of response to endoplasmic reticulum stress,13/724,88/18986,0.14772727272727273,3.87396408839779,5.380407451287132,2.7818623656867215e-5,6.060143274215815e-4,4.4757186700204694e-4,APP/ERP29/PARK7/BCL2L1/MANF/HYOU1/NCK2/HSPA1A/ERN1/UBXN1/BAX/PTPN1/USP25,13
4,GO:0010821,regulation of mitochondrion organization,15/724,114/18986,0.13157894736842105,3.4504943297470194,5.225135753472528,2.8364277356070956e-5,6.152491749252473e-4,4.543922634046876e-4,MMP9/BID/TRIAP1/CHCHD10/PLAUR/STAT2/FXN/BCL2L1/PLSCR3/ATP5IF1/HSPA1A/BAX/PPIF/DDHD2/HIP1R,15
4,GO:0061077,chaperone-mediated protein folding,12/724,76/18986,0.15789473684210525,4.1405931956964235,5.462269600638063,2.8515216774804823e-5,6.158799383754854e-4,4.5485811373575306e-4,HSPB6/PPIB/DNAJB14/PDIA4/DFFA/PDCD5/HSPA1A/DNAJB6/UMOD/FKBP5/FKBP4/ST13,12
4,GO:0034109,homotypic cell-cell adhesion,14/724,101/18986,0.13861386138613863,3.6349762048028014,5.286634728760074,2.884423898887049e-5,6.203352504244743e-4,4.581485843428209e-4,FGA/IL6/XG/SERPINE2/GP6/CCL5/LYN/PLAUR/CD99/PTPN6/PRKG1/STXBP1/C1QTNF1/SH2B3,14
4,GO:0002460,adaptive immune response based on somatic recombination of immune receptors built from immunoglobulin superfamily domains,33/724,400/18986,0.0825,2.163459944751381,4.682619614823723,2.9007980125858646e-5,6.212132693054643e-4,4.5879704516634597e-4,CD40LG/IL1B/IL6/SERPING1/C2/CD226/STX7/B2M/CD40/CLEC4G/ICAM1/NECTIN2/ULBP2/FADD/CD69/C4BPB/BTN3A2/PLA2G4A/EBAG9/SLA2/C5/CD55/CD274/IL18/C8B/PTPN6/CLC/CD46/TREM2/C1R/TNFSF13/IL18BP/TNFSF13B,33
4,GO:0002366,leukocyte activation involved in immune response,28/724,315/18986,0.08888888888888889,2.331000613873542,4.742967598768696,3.1108031377859696e-5,6.63375487694949e-4,4.899359505480367e-4,CD40LG/CD84/IL6/LAT/ANXA3/CLEC4D/DLL1/CD40/LYN/ICAM1/VAMP8/LGALS3/SNAP23/LBP/CD69/MDK/CD300A/IL18/BCR/PGLYRP1/PTPN6/STXBP1/GRN/CD46/CD160/TREM2/CCL3/TNFSF13,28
4,GO:0032757,positive regulation of interleukin-8 production,11/724,65/18986,0.16923076923076924,4.437866553336167,5.528076761012845,3.142314135145091e-5,6.672796486984576e-4,4.928193685636663e-4,IL1B/IL6/F2R/CD14/FCN1/LBP/FADD/PARK7/HSPA1A/CALCA/MAVS,11
4,GO:0001836,release of cytochrome c from mitochondria,10/724,54/18986,0.18518518518518517,4.856251278903212,5.6502071715806474,3.197178687077202e-5,6.732725451870075e-4,4.972454221217438e-4,MMP9/BID/TRIAP1/PLAUR/FXN/BCL2L1/PLSCR3/BAX/GGCT/PPIF,10
4,GO:0033138,positive regulation of peptidyl-serine phosphorylation,10/724,54/18986,0.18518518518518517,4.856251278903212,5.6502071715806474,3.197178687077202e-5,6.732725451870075e-4,4.972454221217438e-4,OSM/IL6/APP/PARK7/EIF4G1/BAG4/STK4/NOS1/SPRY2/AXIN1,10
4,GO:1902235,regulation of endoplasmic reticulum stress-induced intrinsic apoptotic signaling pathway,8/724,34/18986,0.23529411764705882,6.170295742606434,6.007969715837914,3.2364955160020864e-5,6.787239974221803e-4,5.012715920394583e-4,APP/ERP29/PARK7/BCL2L1/HYOU1/NCK2/HSPA1A/PTPN1,8
4,GO:0050672,negative regulation of lymphocyte proliferation,13/724,90/18986,0.14444444444444443,3.7878759975445053,5.2784958201575565,3.550619135120166e-5,7.39600218092777e-4,5.462317233576296e-4,SDC4/TNFRSF14/VSIR/CLEC4G/LYN/CASP3/CD300A/CD274/PTPN6/PRKAR1A/TNFRSF21/IL2RA/PDE5A,13
4,GO:0010594,regulation of endothelial cell migration,23/724,235/18986,0.09787234042553192,2.566580463147996,4.81143734771118,3.5560517015541116e-5,7.39600218092777e-4,5.462317233576296e-4,PDGFB/EGF/ANGPT1/EFNA1/ACVRL1/SMOC2/ANXA3/SPARC/EPHA2/VEGFA/CD40/BSG/GPI/RRAS/EDN1/VASH1/AKT3/RGCC/LGMN/FLT4/GRN/BMPER/KLF4,23
4,GO:0032613,interleukin-10 production,11/724,66/18986,0.16666666666666666,4.370626151012891,5.461631596096385,3.642554869248986e-5,7.514070330279337e-4,5.549516462451945e-4,CD40LG/IL6/LILRA5/VSIR/DLL1/PIBF1/CD274/CD83/TNFRSF21/CD46/TREM2,11
4,GO:0032653,regulation of interleukin-10 production,11/724,66/18986,0.16666666666666666,4.370626151012891,5.461631596096385,3.642554869248986e-5,7.514070330279337e-4,5.549516462451945e-4,CD40LG/IL6/LILRA5/VSIR/DLL1/PIBF1/CD274/CD83/TNFRSF21/CD46/TREM2,11
4,GO:0002921,negative regulation of humoral immune response,6/724,18/18986,0.3333333333333333,8.741252302025782,6.542400386173701,3.772946832772498e-5,7.696365202736408e-4,5.684150336138817e-4,CD59/SERPING1/C4BPB/CD55/PTPN6/CD46,6
4,GO:0150078,positive regulation of neuroinflammatory response,6/724,18/18986,0.3333333333333333,8.741252302025782,6.542400386173701,3.772946832772498e-5,7.696365202736408e-4,5.684150336138817e-4,MMP8/IL1B/IL6/IL18/TREM2/CCL3,6
4,GO:0033002,muscle cell proliferation,24/724,252/18986,0.09523809523809523,2.4975006577216523,4.764885278874926,3.7766097552010866e-5,7.696365202736408e-4,5.684150336138817e-4,MMP9/TAFA5/EREG/PDGFB/ANGPT1/IL6/YAP1/OGN/ANG/CCL5/IRAK4/EDN1/RBPMS2/ERN1/SUGT1/IL18/CCN3/PRKG1/SRC/PRKAR1A/MSTN/AIF1/IRAK1/KLF4,24
4,GO:0001818,negative regulation of cytokine production,32/724,388/18986,0.08247422680412371,2.1627840747280285,4.607679159913719,3.841362880434889e-5,7.796886746071457e-4,5.758390519561242e-4,CD84/ANGPT1/IL6/LILRA5/VSIR/EPHA2/DLL1/ANXA4/TIA1/OTUD7B/SERPINB1/LBP/INHBB/PIBF1/CASP3/CD274/RGCC/CD83/ERBIN/PGLYRP1/PTPN6/BST2/NFKB1/GBP1/TNFRSF21/ACP5/TREM2/BANK1/CD2AP/GIT1/KLF4/APPL2,32
4,GO:2000406,positive regulation of T cell migration,8/724,35/18986,0.22857142857142856,5.9940015785319645,5.887989763224075,4.056292504782495e-5,8.182956977866309e-4,6.043522680006234e-4,TNFSF14/APP/TNFRSF14/CCL5/FADD/CCL20/AIF1/ADAM8,8
4,GO:0061138,morphogenesis of a branching epithelium,20/724,190/18986,0.10526315789473684,2.7603954637976154,4.855732321828674,4.063953702897593e-5,8.182956977866309e-4,6.043522680006234e-4,EGF/TGFBR2/YAP1/PDGFA/DAG1/RSPO3/EPHA2/VEGFA/CTSZ/SPINT2/EDN1/PPP3R1/MDK/PKD2/STK4/SRC/FKBPL/SPRY2/SFRP1/CCL11,20
4,GO:0030574,collagen catabolic process,9/724,45/18986,0.2,5.24475138121547,5.676197234802674,4.1899789654061005e-5,8.403235591731125e-4,6.206209445000014e-4,MMP9/MMP8/CTSS/VSIR/MMP1/MMP7/KLK6/PRSS2/CTSL,9
4,GO:0070301,cellular response to hydrogen peroxide,11/724,67/18986,0.16417910447761194,4.305392924878371,5.396495515808878,4.209906387884556e-5,8.409828808050809e-4,6.211078864754996e-4,IL6/AIFM1/TOP2B/FXN/PARK7/EDN1/ERN1/SRC/PPIF/IL18BP/KLF4,11
4,GO:0043269,regulation of monoatomic ion transport,37/724,480/18986,0.07708333333333334,2.0214145948434625,4.513015379545986,4.2357049232778e-5,8.428052237104724e-4,6.224537777846282e-4,MMP9/CD84/PDGFB/EGF/LILRA5/SERPINE2/CD63/SCN4B/F2R/CTSS/B2M/SPINK1/CCL5/LYN/LGALS3/CACNB3/PARK7/PDZK1/FXYD5/EDN1/PPP3R1/PKD2/BAX/PTPN6/COMMD1/NOS1/YWHAQ/EHD3/GOPC/TREM2/CXCL11/PPIF/CCL3/SLMAP/WWP2/FKBP1B/CALCA,37
4,GO:0001558,regulation of cell growth,33/724,408/18986,0.08088235294117647,2.121039161520962,4.557763656847281,4.2957816319037014e-5,8.514070732408356e-4,6.288066735492477e-4,YAP1/BDNF/SEMA4D/SERPINE2/ACVRL1/VEGFA/CXCL16/PLXNA4/IST1/STK11/FXN/DAB2/HDGFL2/EIF4G1/EDN1/CRKL/HSPA1A/EBAG9/ENO1/TWF2/IGFBPL1/CCN3/CDKN2D/CEP43/PPP1R9B/BST2/SPART/MAP2/PAK4/OGFR/PRSS2/SFRP1/RGMA,33
4,GO:0007259,cell surface receptor signaling pathway via JAK-STAT,16/724,132/18986,0.12121212121212122,3.1786372007366483,5.001157638307741,4.3385232991727784e-5,8.551577662713267e-4,6.315767477970809e-4,OSM/EGF/IL6/F2R/IL10RB/CD40/STAT2/PIBF1/PKD2/STAT5B/IL18/STAMBP/CTF1/HGS/ARL2BP/SH2B3,16
4,GO:0006874,intracellular calcium ion homeostasis,27/724,304/18986,0.08881578947368421,2.329083672579238,4.651337418954981,4.348546615190561e-5,8.551577662713267e-4,6.315767477970809e-4,GP5/APP/F2R/CCL7/CD40/GP1BA/CCL5/LYN/EDN1/PKD2/CCL15/ITPR1/BAX/PTPN6/LETM1/UMOD/PLCB2/GP1BB/IMMT/CXCL11/CCL3/CCL13/FKBP1B/CALCA/CCL14/PACS2/CCL11,27
4,GO:0002455,humoral immune response mediated by circulating immunoglobulin,10/724,56/18986,0.17857142857142858,4.682813733228098,5.4953945045558354,4.441234776087801e-5,8.642407084022703e-4,6.382849544903361e-4,SERPING1/C2/C4BPB/C5/CD55/C8B/PTPN6/CD46/TREM2/C1R,10
4,GO:0048260,positive regulation of receptor-mediated endocytosis,10/724,56/18986,0.17857142857142858,4.682813733228098,5.4953945045558354,4.441234776087801e-5,8.642407084022703e-4,6.382849544903361e-4,EGF/ANGPT1/APP/CD63/VEGFA/B2M/DAB2/HNRNPK/SFRP4/ANXA2,10
4,GO:0009266,response to temperature stimulus,19/724,176/18986,0.10795454545454546,2.8309737569060776,4.85897282766689,4.446034510973294e-5,8.642407084022703e-4,6.382849544903361e-4,HSPB6/SCARA5/LRP11/LYN/DNAJA2/CIRBP/HSPA1A/DNAJB6/HTRA2/NOS1/COMT/MAPKAPK2/BAG3/IRAK1/FOXO1/CALCA/SOD1/VGF/APPL2,19
4,GO:0032637,interleukin-8 production,14/724,105/18986,0.13333333333333333,3.496500920810313,5.107569661189913,4.483513600941962e-5,8.644595002606386e-4,6.384465432120936e-4,IL1B/IL6/F2R/CD14/ANXA4/OTUD7B/FCN1/LBP/FADD/PARK7/HSPA1A/CALCA/MAVS/KLF4,14
4,GO:0032677,regulation of interleukin-8 production,14/724,105/18986,0.13333333333333333,3.496500920810313,5.107569661189913,4.483513600941962e-5,8.644595002606386e-4,6.384465432120936e-4,IL1B/IL6/F2R/CD14/ANXA4/OTUD7B/FCN1/LBP/FADD/PARK7/HSPA1A/CALCA/MAVS/KLF4,14
4,GO:0032945,negative regulation of mononuclear cell proliferation,13/724,92/18986,0.14130434782608695,3.705530867163103,5.1794645612529004,4.498473458024297e-5,8.644595002606386e-4,6.384465432120936e-4,SDC4/TNFRSF14/VSIR/CLEC4G/LYN/CASP3/CD300A/CD274/PTPN6/PRKAR1A/TNFRSF21/IL2RA/PDE5A,13
4,GO:0010595,positive regulation of endothelial cell migration,16/724,133/18986,0.12030075187969924,3.1547376729115606,4.965127510219247,4.760812603264301e-5,9.114070794279461e-4,6.731196766816273e-4,PDGFB/EGF/ANGPT1/SMOC2/ANXA3/SPARC/VEGFA/CD40/BSG/GPI/RRAS/EDN1/AKT3/LGMN/FLT4/GRN,16
4,GO:0010563,negative regulation of phosphorus metabolic process,27/724,306/18986,0.08823529411764706,2.313860903477413,4.613410305767662,4.87017240016984e-5,9.253327560322696e-4,6.834044848042047e-4,IL1B/PDGFB/PDGFA/SEMA4D/LYN/PARK7/EIF4G1/PPM1F/PIBF1/NCK2/ATP5IF1/CRKL/SIRT2/CD300A/PRDX3/BAG4/PTPN6/PRKG1/TARBP2/CDKN2D/CEP43/MSTN/SPRY2/PTPN1/AKT1S1/GIT1/SFRP1,27
4,GO:0045936,negative regulation of phosphate metabolic process,27/724,306/18986,0.08823529411764706,2.313860903477413,4.613410305767662,4.87017240016984e-5,9.253327560322696e-4,6.834044848042047e-4,IL1B/PDGFB/PDGFA/SEMA4D/LYN/PARK7/EIF4G1/PPM1F/PIBF1/NCK2/ATP5IF1/CRKL/SIRT2/CD300A/PRDX3/BAG4/PTPN6/PRKG1/TARBP2/CDKN2D/CEP43/MSTN/SPRY2/PTPN1/AKT1S1/GIT1/SFRP1,27
4,GO:0009408,response to heat,14/724,106/18986,0.1320754716981132,3.46351506306682,5.064161816545822,4.987787620333578e-5,9.441302858863635e-4,6.972874000277102e-4,HSPB6/SCARA5/LRP11/LYN/DNAJA2/HSPA1A/DNAJB6/HTRA2/NOS1/MAPKAPK2/BAG3/IRAK1/CALCA/SOD1,14
4,GO:1905521,regulation of macrophage migration,9/724,46/18986,0.1956521739130435,5.13073504684122,5.584916476230462,5.0347042215573415e-5,9.494550423787613e-4,7.012199988076328e-4,CCL5/MIF/MDK/C5/BCR/MSTN/CXCL17/TREM2/CCL3,9
4,GO:0034614,cellular response to reactive oxygen species,17/724,148/18986,0.11486486486486487,3.0121882932656416,4.893082001505911,5.061321152473997e-5,9.5092628641649e-4,7.023065860564582e-4,IL6/AIFM1/MB/TOP2B/FXN/PARK7/EDN1/ERN1/PKD2/PRDX3/PXN/SRC/PRDX5/PPIF/SOD1/IL18BP/KLF4,17
4,GO:0031639,plasminogen activation,7/724,27/18986,0.25925925925925924,6.798751790464497,6.003563423718013,5.1866779185223126e-5,9.626409704959343e-4,7.109584657027437e-4,FGA/SERPINE2/CTSZ/PLAUR/F11/ENO1/ANXA2,7
4,GO:0042730,fibrinolysis,7/724,27/18986,0.25925925925925924,6.798751790464497,6.003563423718013,5.1866779185223126e-5,9.626409704959343e-4,7.109584657027437e-4,FGA/SERPING1/GP1BA/THBD/PLAUR/F11/ANXA2,7
4,GO:0048659,smooth muscle cell proliferation,19/724,178/18986,0.10674157303370786,2.7991650630082563,4.801866888383416,5.193392924831845e-5,9.626409704959343e-4,7.109584657027437e-4,MMP9/TAFA5/EREG/PDGFB/IL6/OGN/ANG/CCL5/IRAK4/EDN1/RBPMS2/ERN1/IL18/CCN3/PRKG1/SRC/AIF1/IRAK1/KLF4,19
4,GO:0007006,mitochondrial membrane organization,15/724,120/18986,0.125,3.2779696132596685,4.984241181375548,5.2122750103432384e-5,9.626409704959343e-4,7.109584657027437e-4,BID/TOMM20/CHCHD10/AP3B1/BCL2L1/ATP5IF1/HSPA1A/TIMM10/CNP/BAX/LETM1/TIMM8A/IMMT/PPIF/HIP1R,15
4,GO:0050868,negative regulation of T cell activation,16/724,134/18986,0.11940298507462686,3.131194854456997,4.929436280865192,5.218908308585002e-5,9.626409704959343e-4,7.109584657027437e-4,SDC4/TNFRSF14/VSIR/TNFAIP8L2/CLEC4G/LGALS3/CD69/MDK/CASP3/CD300A/CD274/PTPN6/PRKAR1A/TNFRSF21/IL2RA/PDE5A,16
4,GO:0001946,lymphangiogenesis,6/724,19/18986,0.3157894736842105,8.281186391392847,6.322371943791808,5.336958372902883e-5,9.716394652497986e-4,7.176043037876796e-4,ACVRL1/EPHA2/VEGFA/CLEC14A/VASH1/FLT4,6
4,GO:0033003,regulation of mast cell activation,6/724,19/18986,0.3157894736842105,8.281186391392847,6.322371943791808,5.336958372902883e-5,9.716394652497986e-4,7.176043037876796e-4,CD84/CD226/LYN/NECTIN2/CD300A/PTPN6,6
4,GO:0071214,cellular response to abiotic stimulus,29/724,342/18986,0.0847953216374269,2.2236519013925236,4.546757688801363,5.344593813601979e-5,9.716394652497986e-4,7.176043037876796e-4,TNFSF14/MMP9/IL1B/PALM/YAP1/DAG1/TRIAP1/TIMP1/TNFRSF10B/LTBR/CD40/SERPINB6/CASP1/STK11/FADD/BCL2L1/AKT2/CRADD/CASP3/PKD2/EFHD1/MMP1/BAX/LETM1/CASP2/NFKB1/BAG3/CASP8/SFRP1,29
4,GO:0104004,cellular response to environmental stimulus,29/724,342/18986,0.0847953216374269,2.2236519013925236,4.546757688801363,5.344593813601979e-5,9.716394652497986e-4,7.176043037876796e-4,TNFSF14/MMP9/IL1B/PALM/YAP1/DAG1/TRIAP1/TIMP1/TNFRSF10B/LTBR/CD40/SERPINB6/CASP1/STK11/FADD/BCL2L1/AKT2/CRADD/CASP3/PKD2/EFHD1/MMP1/BAX/LETM1/CASP2/NFKB1/BAG3/CASP8/SFRP1,29
4,GO:0046888,negative regulation of hormone secretion,11/724,69/18986,0.15942028985507245,4.180598927055809,5.269965063966355,5.575704227841395e-5,0.0010100218339609468,7.459516012799693e-4,OSM/IL1B/EDN1/INHBB/SYTL4/CCN3/RAB11FIP3/FGF23/FOXO1/FKBP1B/SFRP1,11
4,GO:0034341,response to type II interferon,15/724,121/18986,0.12396694214876033,3.2508789552988446,4.945575493991237,5.744210822001741e-5,0.0010368300533713142,7.6575081108339e-4,CD40/IFNGR1/CCL5/CXCL16/CASP1/STX8/EDN1/CDC37/NUB1/CALCOCO2/BST2/STXBP1/GBP1/CCL3/AIF1,15
4,GO:2001238,positive regulation of extrinsic apoptotic signaling pathway,10/724,58/18986,0.1724137931034483,4.5213373975995435,5.3477326431141625,6.07636610164971e-5,0.0010928809351508056,8.07147188479111e-4,TNFSF14/CD40LG/BID/APP/LTBR/FADD/HTRA2/STK4/TNFSF12/SFRP1,10
4,GO:0008637,apoptotic mitochondrial changes,14/724,108/18986,0.12962962962962962,3.3993758952322484,4.978890706078891,6.146906026860212e-5,0.0010977548784364493,8.107468391759835e-4,MMP9/BID/TRIAP1/CHCHD10/PLAUR/FXN/BCL2L1/PLSCR3/ATP5IF1/HSPA1A/BAX/GGCT/PPIF/HIP1R,14
4,GO:0032760,positive regulation of tumor necrosis factor production,14/724,108/18986,0.12962962962962962,3.3993758952322484,4.978890706078891,6.146906026860212e-5,0.0010977548784364493,8.107468391759835e-4,MMP8/IL6/APP/LILRA5/PF4/CD14/IFNGR1/MIF/TMEM106A/LBP/FADD/MAPKAPK2/CCL3/MAVS,14
4,GO:0051235,maintenance of location,29/724,345/18986,0.08405797101449275,2.204315797902154,4.4948555788961215,6.249463273183969e-5,0.0011049744051895378,8.16078820486556e-4,GP5/IL1B/NBL1/IL6/TMSB10/F2R/GM2A/GP1BA/CHCHD10/LYN/PARK7/PKD2/TWF2/STAT5B/ITPR1/BAX/PTPN6/MSR1/LETM1/PLCB2/NFKB1/GP1BB/PLIN3/NFKBIE/TREM2/CXCL11/ARL2BP/CCL3/FKBP1B,29
4,GO:0002708,positive regulation of lymphocyte mediated immunity,16/724,136/18986,0.11764705882352941,3.085147871303217,4.859046448220079,6.252922039655873e-5,0.0011049744051895378,8.16078820486556e-4,IL1B/IL6/CD226/STX7/B2M/CD40/NECTIN2/ULBP2/FADD/CD55/STAT5B/IL18/SH2D1A/CD160/TREM2/TNFSF13,16
4,GO:0021782,glial cell development,16/724,136/18986,0.11764705882352941,3.085147871303217,4.859046448220079,6.252922039655873e-5,0.0011049744051895378,8.16078820486556e-4,IL1B/IL6/APP/DAG1/DLL1/IFNGR1/LYN/MAP2K1/AKT2/PPP3R1/MDK/SIRT2/ROR1/GRN/TREM2/SOD1,16
4,GO:0043525,positive regulation of neuron apoptotic process,11/724,70/18986,0.15714285714285714,4.120876085240726,5.2084836744772955,6.390552132777089e-5,0.0011253606438695264,8.311350765753735e-4,APP/AIFM1/CASP7/SRPK2/CASP3/BAX/CASP2/GRN/CCL3/CASP8/CASP10,11
4,GO:0097194,execution phase of apoptosis,13/724,96/18986,0.13541666666666666,3.551133747697974,4.989456952695239,7.072149891285366e-5,0.001241064081616536,9.165878477521165e-4,IL6/AIFM1/DFFA/FADD/BCL2L1/CASP7/CASP3/SIRT2/HTRA2/BAX/STK24/CASP2/CASP8,13
4,GO:0031295,T cell costimulation,9/724,48/18986,0.1875,4.916954419889502,5.410065149737369,7.159694176662719e-5,0.0012520793899257225,9.247232034400292e-4,TNFSF14/CD40LG/TNFRSF14/LYN/CD274/PTPN6/SRC/CD160/TNFSF13B,9
4,GO:0051345,positive regulation of hydrolase activity,28/724,331/18986,0.08459214501510574,2.218323847039776,4.4522498692839365,7.456391550921677e-5,0.001296129571301828,9.572564638402688e-4,ITGA6/SEMA4D/EFNA1/AIFM1/F2R/VSIR/EPHA2/CCL5/LYN/CASP1/RGS10/FADD/CRADD/DIABLO/PPM1F/HSPA1A/HTRA2/CCL26/EVI5/LGMN/BCR/RHOC/PSAP/GRN/CASP8/HIP1R/SFRP1/CCL11,28
4,GO:0002456,T cell mediated immunity,16/724,138/18986,0.11594202898550725,3.0404355833133154,4.78994150566041,7.462875054389235e-5,0.001296129571301828,9.572564638402688e-4,IL1B/IL6/STX7/B2M/CLEC4G/ICAM1/NECTIN2/ULBP2/FADD/BTN3A2/EBAG9/CD55/CD274/IL18/CLC/CD46,16
4,GO:0010572,positive regulation of platelet activation,5/724,13/18986,0.38461538461538464,10.086060348491287,6.524987806505366,7.929319849046628e-5,0.0013724240588041663,0.0010136037557577269,GP5/SELP/GP1BA/PLA2G4A/GP1BB,5
4,GO:0032963,collagen metabolic process,14/724,111/18986,0.12612612612612611,3.3075008710367824,4.854676525367092,8.324973608311649e-5,0.0014359869152357364,0.0010605481018528152,MMP9/MMP8/IL6/F2R/CTSS/VSIR/SERPINH1/RGCC/MMP1/MMP7/PRDX5/KLK6/PRSS2/CTSL,14
4,GO:0031294,lymphocyte costimulation,9/724,49/18986,0.1836734693877551,4.816608411320329,5.326236766073075,8.477235360103796e-5,0.0014474306591204249,0.0010689998786247532,TNFSF14/CD40LG/TNFRSF14/LYN/CD274/PTPN6/SRC/CD160/TNFSF13B,9
4,GO:0050856,regulation of T cell receptor signaling pathway,9/724,49/18986,0.1836734693877551,4.816608411320329,5.326236766073075,8.477235360103796e-5,0.0014474306591204249,0.0010689998786247532,CD226/NECTIN2/LGALS3/CD300A/SLA2/PTPN6/GBP1/SH2D1A/CD160,9
4,GO:1905710,positive regulation of membrane permeability,9/724,49/18986,0.1836734693877551,4.816608411320329,5.326236766073075,8.477235360103796e-5,0.0014474306591204249,0.0010689998786247532,BID/CHCHD10/BCL2L1/ATP5IF1/HSPA1A/JAM3/BAX/PPIF/HIP1R,9
4,GO:0090594,inflammatory response to wounding,7/724,29/18986,0.2413793103448276,6.32987235663936,5.7191490737986586,8.529586365451488e-5,0.001451465639427334,0.0010719799132337755,IL6/F2R/TIMP1/MDK/PTPN6/GRN/GIT1,7
4,GO:0008360,regulation of cell shape,16/724,140/18986,0.11428571428571428,2.9970007892659822,4.722077119649427,8.873620518146458e-5,0.0015049422180775907,0.0011114750391150597,PALM/DAG1/SEMA4D/CCL7/VEGFA/PLXNB3/PLXNA4/FGD3/COCH/PLEKHO1/DNMBP/FMNL1/CCL3/BAMBI/CCL13/CCL11,16
4,GO:0043524,negative regulation of neuron apoptotic process,18/724,170/18986,0.10588235294117647,2.7766330841728957,4.6329644559625,9.010615468398015e-5,0.001523065236698447,0.0011248597940834136,ANGPT1/BDNF/F2R/GPI/PARK7/BCL2L1/HYOU1/MDK/HTRA2/LGMN/BAX/STAMBP/STXBP1/GRN/CD2AP/VEGFB/SOD1/ADAM8,18
4,GO:0002718,regulation of cytokine production involved in immune response,15/724,126/18986,0.11904761904761904,3.121875822152065,4.75811360654573,9.181351630160608e-5,0.00153742111977617,0.001135462331186616,IL1B/ANGPT1/IL6/CD226/TNFRSF14/B2M/MIF/CD55/IL18/BST2/CLC/MAPKAPK2/CD160/ACP5/MAVS,15
4,GO:0010717,regulation of epithelial to mesenchymal transition,15/724,126/18986,0.11904761904761904,3.121875822152065,4.75811360654573,9.181351630160608e-5,0.00153742111977617,0.001135462331186616,IL1B/TGFBR2/IL6/DAG1/EFNA1/VEGFA/LRG1/DAB2/MDK/PHLDB1/RGCC/SPRY2/BAMBI/SFRP1/ADAM8,15
4,GO:0042116,macrophage activation,14/724,112/18986,0.125,3.2779696132596685,4.8142138409490505,9.186806058021436e-5,0.00153742111977617,0.001135462331186616,MMP8/IL6/APP/IFNGR1/MIF/TMEM106A/ADGRF5/LBP/PLA2G4A/GRN/TREM2/CCL3/AIF1/CD93,14
4,GO:0070231,T cell apoptotic process,10/724,61/18986,0.16393442622950818,4.298976541979893,5.138384695224056,9.474219979680904e-5,0.001575235143422254,0.0011633898774447155,EFNA1/CCL5/DFFA/LGALS3/FADD/CD274/BAX/CLC/IL2RA/ADAM8,10
4,GO:0032722,positive regulation of chemokine production,11/724,73/18986,0.1506849315068493,3.951525013244532,5.030696316764482,9.475098607051153e-5,0.001575235143422254,0.0011633898774447155,IL1B/IL6/APP/MIF/LBP/EIF2AK2/IL7/C5/IL18/AIF1/MAVS,11
4,GO:0051781,positive regulation of cell division,13/724,99/18986,0.13131313131313133,3.443523634131369,4.853478003567933,9.761904817978094e-5,0.0016123093774529835,0.0011907710521001143,TGFA/OSM/IL1B/EREG/PDGFB/PDGFA/PPBP/VEGFA/MDK/SIRT2/RAB11FIP3/VEGFB/BTC,13
4,GO:0070664,negative regulation of leukocyte proliferation,13/724,99/18986,0.13131313131313133,3.443523634131369,4.853478003567933,9.761904817978094e-5,0.0016123093774529835,0.0011907710521001143,SDC4/TNFRSF14/VSIR/CLEC4G/LYN/CASP3/CD300A/CD274/PTPN6/PRKAR1A/TNFRSF21/IL2RA/PDE5A,13
4,GO:0048678,response to axon injury,12/724,86/18986,0.13953488372093023,3.659128870615444,4.921053917542831,9.928501119227341e-5,0.0016291767745641229,0.001203228467832541,DAG1/SCARF1/LYN/MAP2K1/BAX/STK24/GRN/TREM2/FKBP1B/SOD1/KLF4/RGMA,12
4,GO:0150076,neuroinflammatory response,12/724,86/18986,0.13953488372093023,3.659128870615444,4.921053917542831,9.928501119227341e-5,0.0016291767745641229,0.001203228467832541,MMP9/MMP8/IL1B/IL6/APP/IFNGR1/LYN/IL18/GRN/TREM2/CCL3/AIF1,12
4,GO:0002367,cytokine production involved in immune response,15/724,127/18986,0.11811023622047244,3.097294122765041,4.721742342416988,1.0051534975854741e-4,0.0016440277594812255,0.0012141966623873588,IL1B/ANGPT1/IL6/CD226/TNFRSF14/B2M/MIF/CD55/IL18/BST2/CLC/MAPKAPK2/CD160/ACP5/MAVS,15
4,GO:0001776,leukocyte homeostasis,14/724,113/18986,0.12389380530973451,3.2489610326113527,4.774205370177624,1.0125130896450879e-4,0.0016507229532471853,0.0012191413975828462,TNFSF14/IL6/LAT/F2R/LYN/MIF/FADD/JAM3/CASP3/STAT5B/BAX/IL2RA/SH2B3/TNFSF13B,14
4,GO:0051223,regulation of protein transport,34/724,446/18986,0.07623318385650224,1.9991204816292147,4.251388965747465,1.0639937853369703e-4,0.0017290754312196295,0.0012770086183127084,FGA/IL1B/ANGPT1/IL6/APP/HCLS1/F2R/ANG/BSG/ERP29/CCL5/PARK7/INHBB/PPM1F/SYTL4/ITPR1/CCN3/SRC/UMOD/PRKAR1A/RAB11FIP3/CNST/PTPN1/ARFIP1/TREM2/CD2AP/PFKFB2/BAG3/WWP2/FOXO1/FKBP1B/MAVS/SFRP1/ADAM8,34
4,GO:0042130,negative regulation of T cell proliferation,11/724,74/18986,0.14864864864864866,3.8981260265790656,4.973530802034453,1.0751902601661106e-4,0.0017377498660683395,0.0012834151219624542,SDC4/TNFRSF14/VSIR/CLEC4G/CASP3/CD274/PTPN6/PRKAR1A/TNFRSF21/IL2RA/PDE5A,11
4,GO:0090330,regulation of platelet aggregation,7/724,30/18986,0.23333333333333334,6.118876611418048,5.586790077406364,1.0762083658080535e-4,0.0017377498660683395,0.0012834151219624542,IL6/SERPINE2/GP6/LYN/PRKG1/C1QTNF1/SH2B3,7
4,GO:0032640,tumor necrosis factor production,19/724,188/18986,0.10106382978723404,2.650273304337604,4.527718220234367,1.0866493621618104e-4,0.0017434685321796157,0.0012876386426819647,MMP8/ANGPT1/IL6/APP/LILRA5/PF4/VSIR/CD14/IFNGR1/MIF/TMEM106A/LBP/FADD/PTPN6/MAPKAPK2/ACP5/TREM2/CCL3/MAVS,19
4,GO:0032680,regulation of tumor necrosis factor production,19/724,188/18986,0.10106382978723404,2.650273304337604,4.527718220234367,1.0866493621618104e-4,0.0017434685321796157,0.0012876386426819647,MMP8/ANGPT1/IL6/APP/LILRA5/PF4/VSIR/CD14/IFNGR1/MIF/TMEM106A/LBP/FADD/PTPN6/MAPKAPK2/ACP5/TREM2/CCL3/MAVS,19
4,GO:0048010,vascular endothelial growth factor receptor signaling pathway,10/724,62/18986,0.16129032258064516,4.229638210657637,5.071584482397457,1.0915483375097111e-4,0.0017457864866373672,0.0012893505678912179,IL1B/VEGFA/DLL1/CLEC14A/FLT4/SRC/PTPN1/MAPKAPK2/HGS/VEGFB,10
4,GO:0050792,regulation of viral process,18/724,173/18986,0.10404624277456648,2.728483377510938,4.547363230495341,1.1288606328765148e-4,0.001799767078409434,0.001329217932651543,BSG/CLEC4G/CCL5/NECTIN2/TOP2B/FCN1/SRPK2/EIF2AK2/MPHOSPH8/TARBP2/HEXIM1/BST2/TNIP1/LAMP3/TRIM58/TRIM25/MAVS/DYNLT1,18
4,GO:0002705,positive regulation of leukocyte mediated immunity,17/724,158/18986,0.10759493670886076,2.821543464577943,4.577901055893772,1.1500060211246116e-4,0.0018277139719382978,0.0013498581101979055,IL1B/IL6/CD226/STX7/B2M/CD40/NECTIN2/ULBP2/FADD/CD55/STAT5B/IL18/SH2D1A/CD160/TREM2/TNFSF13/MAVS,17
4,GO:0048013,ephrin receptor signaling pathway,9/724,51/18986,0.17647058823529413,4.627721806954826,5.165196208766468,1.172807031794361e-4,0.001858108695513699,0.0013723061325665088,MMP9/EFNA1/EPHB4/EPHA2/EPHB6/LYN/NCK2/SRC/GIT1,9
4,GO:0032308,positive regulation of prostaglandin secretion,5/724,14/18986,0.35714285714285715,9.365627466456196,6.234568419965876,1.1947968590432338e-4,0.001875311591802641,0.0013850113312086653,IL1B/MIF/EDN1/PLA2G4A/MAP2K6,5
4,GO:0045916,negative regulation of complement activation,5/724,14/18986,0.35714285714285715,9.365627466456196,6.234568419965876,1.1947968590432338e-4,0.001875311591802641,0.0013850113312086653,CD59/SERPING1/C4BPB/CD55/CD46,5
4,GO:0072683,T cell extravasation,5/724,14/18986,0.35714285714285715,9.365627466456196,6.234568419965876,1.1947968590432338e-4,0.001875311591802641,0.0013850113312086653,XG/ICAM1/FADD/CD99/CRKL,5
4,GO:0048661,positive regulation of smooth muscle cell proliferation,13/724,101/18986,0.12871287128712872,3.3753350473168866,4.765708597556842,1.2010728220837174e-4,0.00187932570984864,0.0013879759579953925,MMP9/EREG/PDGFB/IL6/CCL5/IRAK4/EDN1/RBPMS2/ERN1/IL18/SRC/AIF1/IRAK1,13
4,GO:0048660,regulation of smooth muscle cell proliferation,18/724,174/18986,0.10344827586206896,2.712802438559726,4.519233970967363,1.2153149921920718e-4,0.0018933734045358775,0.0013983508825701836,MMP9/TAFA5/EREG/PDGFB/IL6/OGN/ANG/CCL5/IRAK4/EDN1/RBPMS2/ERN1/IL18/PRKG1/SRC/AIF1/IRAK1/KLF4,18
4,GO:0060560,developmental growth involved in morphogenesis,22/724,238/18986,0.09243697478991597,2.4240447560239566,4.401848179556598,1.2175432458926795e-4,0.0018933734045358775,0.0013983508825701836,TGFBR2/YAP1/APP/BDNF/SEMA4D/VEGFA/PLXNA4/IST1/STK11/EDN1/TWF2/PRKG1/SPRY2/SSNA1/IMPACT/SPART/CD2AP/MAP2/SFRP1/CCL11/RGMA/WASF1,22
4,GO:0043281,regulation of cysteine-type endopeptidase activity involved in apoptotic process,16/724,144/18986,0.1111111111111111,2.9137507673419276,4.58990333011483,1.241081043768321e-4,0.001915655486488445,0.001414807313662555,MMP9/AIFM1/TRIAP1/F2R/VEGFA/PLAUR/CASP1/CRADD/DIABLO/PPM1F/DNAJB6/HTRA2/CDKN2D/SRC/LAMP3/HIP1R,16
4,GO:0032370,positive regulation of lipid transport,12/724,88/18986,0.13636363636363635,3.5759668508287294,4.822520676030519,1.2441432386116135e-4,0.001915655486488445,0.001414807313662555,IL1B/FABP3/TRIAP1/DBI/MIF/DAB2/EDN1/PLA2G4A/MAP2K6/TREM2/ANXA2/C1QTNF1,12
4,GO:0071347,cellular response to interleukin-1,12/724,88/18986,0.13636363636363635,3.5759668508287294,4.822520676030519,1.2441432386116135e-4,0.001915655486488445,0.001414807313662555,IL1B/IL6/CD40/CCL5/IRAK4/EDN1/INHBB/NFKB1/GBP1/CCL3/IRAK1/SFRP1,12
4,GO:0009612,response to mechanical stimulus,21/724,222/18986,0.0945945945945946,2.480625653277587,4.418343324190502,1.2470333499301511e-4,0.001915655486488445,0.001414807313662555,TNFSF14/IL1B/DAG1/SERPINE2/TNFRSF10B/LTBR/LRP11/CD40/CASP1/GPI/FADD/CRADD/EDN1/MDK/PKD2/SRC/CASP2/NFKB1/BAG3/CASP8/PPL,21
4,GO:0006909,phagocytosis,22/724,239/18986,0.09205020920502092,2.413902309346032,4.379785880818486,1.2940160381994133e-4,0.0019818051688060105,0.0014636621599537862,C2/CD302/ANXA3/CD14/LYN/MESD/FCN1/LBP/C4BPB/CD300A/BCR/MSR1/SRC/MARCO/VAV3/TREM2/AIF1/SOD1/CD93/BIN2/AHSG/APPL2,22
4,GO:0097696,cell surface receptor signaling pathway via STAT,17/724,160/18986,0.10625,2.786274171270718,4.517825967631808,1.3425044974786618e-4,0.0020180992824805773,0.0014904671767388268,OSM/EGF/IL6/F2R/IL10RB/CD40/CCL5/STAT2/PIBF1/PKD2/STAT5B/IL18/STAMBP/CTF1/HGS/ARL2BP/SH2B3,17
4,GO:0001516,prostaglandin biosynthetic process,7/724,31/18986,0.22580645161290322,5.921493494920691,5.4602972109959405,1.344715158645821e-4,0.0020180992824805773,0.0014904671767388268,IL1B/FABP5/MIF/EDN1/PLA2G4A/PIBF1/PTGES2,7
4,GO:0001945,lymph vessel development,7/724,31/18986,0.22580645161290322,5.921493494920691,5.4602972109959405,1.344715158645821e-4,0.0020180992824805773,0.0014904671767388268,ACVRL1/EPHA2/VEGFA/CLEC14A/LGALS8/VASH1/FLT4,7
4,GO:0046457,prostanoid biosynthetic process,7/724,31/18986,0.22580645161290322,5.921493494920691,5.4602972109959405,1.344715158645821e-4,0.0020180992824805773,0.0014904671767388268,IL1B/FABP5/MIF/EDN1/PLA2G4A/PIBF1/PTGES2,7
4,GO:0150077,regulation of neuroinflammatory response,8/724,41/18986,0.1951219512195122,5.11683061581997,5.2542173814870905,1.3454528774410547e-4,0.0020180992824805773,0.0014904671767388268,MMP9/MMP8/IL1B/IL6/IL18/GRN/TREM2/CCL3,8
4,GO:0001763,morphogenesis of a branching structure,20/724,207/18986,0.0966183574879227,2.533696319427763,4.417623827029879,1.3454721476993653e-4,0.0020180992824805773,0.0014904671767388268,EGF/TGFBR2/YAP1/PDGFA/DAG1/RSPO3/EPHA2/VEGFA/CTSZ/SPINT2/EDN1/PPP3R1/MDK/PKD2/STK4/SRC/FKBPL/SPRY2/SFRP1/CCL11,20
4,GO:0070555,response to interleukin-1,14/724,116/18986,0.1206896551724138,3.16493617831968,4.656810410371536,1.3456657265452208e-4,0.0020180992824805773,0.0014904671767388268,IL1B/IL6/APP/CD40/CCL5/IRAK4/EDN1/INHBB/SRC/NFKB1/GBP1/CCL3/IRAK1/SFRP1,14
4,GO:0001837,epithelial to mesenchymal transition,19/724,192/18986,0.09895833333333333,2.595059277163904,4.4230132977968095,1.4354741957956423e-4,0.002140756711275806,0.0015810558178376702,IL1B/TGFBR2/IL6/DAG1/EFNA1/VEGFA/LRG1/DAB2/EDN1/PPP3R1/MDK/S100A4/PHLDB1/RGCC/SPRY2/TCOF1/BAMBI/SFRP1/ADAM8,19
4,GO:2000351,regulation of endothelial cell apoptotic process,10/724,64/18986,0.15625,4.097462016574585,4.942115284652624,1.4359250596013021e-4,0.002140756711275806,0.0015810558178376702,CD40LG/FGA/ANGPT1/SCG2/CD40/ICAM1/RGCC/PTPN1/CD160/PAK4,10
4,GO:1903900,regulation of viral life cycle,16/724,146/18986,0.1095890410958904,2.8738363732687504,4.525515514744602,1.4601486708546986e-4,0.002170468053676367,0.001602999129055963,BSG/CLEC4G/CCL5/NECTIN2/TOP2B/FCN1/SRPK2/EIF2AK2/MPHOSPH8/TARBP2/BST2/TNIP1/LAMP3/TRIM58/TRIM25/MAVS,16
4,GO:0008585,female gonad development,13/724,103/18986,0.1262135922330097,3.309794560961219,4.680118879884472,1.4692771071822487e-4,0.002177632404603837,0.0016082903602618471,EREG/VEGFA/ANG/BCL2L1/INHBB/CASP3/STAT5B/BAX/SRC/CASP2/SOD1/VGF/SFRP1,13
4,GO:0033674,positive regulation of kinase activity,23/724,258/18986,0.08914728682170543,2.337776778448756,4.307727476167224,1.483300201362344e-4,0.0021855974395583928,0.001614172936636757,IL1B/EREG/PDGFB/ANGPT1/PDGFA/EFNA1/LILRA5/LAT/TNFRSF10B/ERP29/MIF/STK11/MAP2K1/EDN1/PIBF1/ERN1/RGCC/SRC/AXIN1/PTPN1/PDE5A/TREM2/CALCA,23
4,GO:1901136,carbohydrate derivative catabolic process,23/724,258/18986,0.08914728682170543,2.337776778448756,4.307727476167224,1.483300201362344e-4,0.0021855974395583928,0.001614172936636757,APP/HPSE/GM2A/NUDT16/GPI/DCTD/ENO1/NT5C/GLB1/PGLYRP1/ENO2/ALDH1A1/SRC/TYMP/GPC1/PDE5A/IDUA/PFKFB2/OGA/NAGK/GIT1/GNPDA2/CTSL,23
4,GO:1902905,positive regulation of supramolecular fiber organization,18/724,177/18986,0.1016949152542373,2.666822736211256,4.436021173121514,1.5105786582391575e-4,0.0022193210868432273,0.0016390795355312278,SDC4/APP/CCN2/USP8/EDN1/PPM1F/VASP/NCK2/HSPA1A/CCL26/RGCC/BAG4/RHOC/PXN/GIT1/SFRP1/CCL11/WASF1,18
4,GO:0033135,regulation of peptidyl-serine phosphorylation,11/724,77/18986,0.14285714285714285,3.7462509865824782,4.807858995470542,1.5497871754684785e-4,0.0022703259086428087,0.001676749145449649,OSM/IL6/APP/PARK7/EIF4G1/PPM1F/BAG4/STK4/NOS1/SPRY2/AXIN1,11
4,GO:1902903,regulation of supramolecular fiber organization,31/724,400/18986,0.0775,2.0323411602209944,4.154901067155944,1.5800237271356446e-4,0.0023079306118333953,0.0017045220980903546,HSPG2/SDC4/APP/TMSB10/CCN2/HCLS1/USP8/GMFG/ESAM/PARK7/EDN1/PPM1F/VASP/NCK2/HSPA1A/TWF2/CCL26/WASHC3/RGCC/BAG4/RHOC/PXN/ARFIP1/FKBP4/TREM2/MAP2/GIT1/HIP1R/SFRP1/CCL11/WASF1,31
4,GO:0032733,positive regulation of interleukin-10 production,8/724,42/18986,0.19047619047619047,4.995001315443305,5.160670653869837,1.6070815743098724e-4,0.0023272751508773915,0.0017188090069379604,CD40LG/IL6/LILRA5/PIBF1/CD274/CD83/CD46/TREM2,8
4,GO:0048246,macrophage chemotaxis,8/724,42/18986,0.19047619047619047,4.995001315443305,5.160670653869837,1.6070815743098724e-4,0.0023272751508773915,0.0017188090069379604,CCL5/LGALS3/MIF/MDK/C5/MSTN/CXCL17/CCL3,8
4,GO:1902686,mitochondrial outer membrane permeabilization involved in programmed cell death,8/724,42/18986,0.19047619047619047,4.995001315443305,5.160670653869837,1.6070815743098724e-4,0.0023272751508773915,0.0017188090069379604,BID/CHCHD10/BCL2L1/ATP5IF1/HSPA1A/BAX/PPIF/HIP1R,8
4,GO:0045860,positive regulation of protein kinase activity,22/724,243/18986,0.09053497942386832,2.3741672919082375,4.292631478795709,1.6442104697887312e-4,0.002367525751947452,0.0017485360873941778,IL1B/EREG/PDGFB/ANGPT1/PDGFA/EFNA1/LILRA5/LAT/TNFRSF10B/ERP29/MIF/STK11/MAP2K1/EDN1/PIBF1/ERN1/RGCC/SRC/AXIN1/PTPN1/PDE5A/CALCA,22
4,GO:1905475,regulation of protein localization to membrane,19/724,194/18986,0.0979381443298969,2.568306088739534,4.371652232242084,1.6442452293897027e-4,0.002367525751947452,0.0017485360873941778,DAG1/STX7/EPHA2/MESD/LZTFL1/CNPY4/VAMP8/LGALS3/STX8/DAB2/BCL2L1/PDZK1/AKT2/CRKL/PPP1R9B/GBP1/CNST/GPC1/TREM2,19
4,GO:0010575,positive regulation of vascular endothelial growth factor production,7/724,32/18986,0.21875,5.73644682320442,5.3392177291349565,1.6650693312040524e-4,0.00238392645889668,0.001760648829118703,IL1B/IL6/HPSE/BSG/C5/FLT4/CXCL17,7
4,GO:0048679,regulation of axon regeneration,7/724,32/18986,0.21875,5.73644682320442,5.3392177291349565,1.6650693312040524e-4,0.00238392645889668,0.001760648829118703,SCARF1/MAP2K1/STK24/GRN/FKBP1B/KLF4/RGMA,7
4,GO:0002824,positive regulation of adaptive immune response based on somatic recombination of immune receptors built from immunoglobulin superfamily domains,15/724,133/18986,0.11278195488721804,2.957566568354588,4.510789291807115,1.6942023227257204e-4,0.0024119714194523354,0.0017813614340653535,IL1B/IL6/CD226/STX7/B2M/CD40/NECTIN2/ULBP2/FADD/PLA2G4A/CD55/IL18/TREM2/TNFSF13/TNFSF13B,15
4,GO:0050864,regulation of B cell activation,15/724,133/18986,0.11278195488721804,2.957566568354588,4.510789291807115,1.6942023227257204e-4,0.0024119714194523354,0.0017813614340653535,IL6/CD40/LYN/MIF/CASP3/IL7/CD300A/STAT5B/PTPN6/TNFRSF21/VAV3/BANK1/TNFSF13/SFRP1/TNFSF13B,15
4,GO:0032306,regulation of prostaglandin secretion,5/724,15/18986,0.3333333333333333,8.741252302025782,5.971894877463297,1.7360858832215898e-4,0.002457752956247035,0.0018151733869685267,IL1B/MIF/EDN1/PLA2G4A/MAP2K6,5
4,GO:0035791,platelet-derived growth factor receptor-beta signaling pathway,5/724,15/18986,0.3333333333333333,8.741252302025782,5.971894877463297,1.7360858832215898e-4,0.002457752956247035,0.0018151733869685267,PDGFB/PDGFA/SRC/PTPN1/HIP1R,5
4,GO:0035855,megakaryocyte development,6/724,23/18986,0.2608695652173913,6.84098006245496,5.5808009638779454,1.742691969678429e-4,0.0024602137471382065,0.001816990804022261,GP5/GP1BA/MPIG6B/PTPN6/GP1BB/SH2B3,6
4,GO:0046365,monosaccharide catabolic process,9/724,54/18986,0.16666666666666666,4.370626151012891,4.938665733574027,1.8514380896865606e-4,0.0026064535112189074,0.00192499617828135,MPI/NUDT5/PMM2/FUT8/ENO1/GLB1/ENO2/PFKFB2/RBKS,9
4,GO:0002700,regulation of production of molecular mediator of immune response,19/724,196/18986,0.09693877551020408,2.542098883752396,4.32093052074331,1.8792246782622514e-4,0.002638222645538172,0.0019484592716719135,CD40LG/IL1B/ANGPT1/IL6/CD226/TNFRSF14/B2M/CD40/GPI/MIF/CD55/IL18/BST2/CLC/MAPKAPK2/CD160/ACP5/TNFSF13/MAVS,19
4,GO:0046640,regulation of alpha-beta T cell proliferation,8/724,43/18986,0.18604651162790697,4.878838494153925,5.070046701299595,1.9091699117164288e-4,0.0026646210301779563,0.001967955798015336,TGFBR2/TNFRSF14/VSIR/CLEC4G/CD55/CD274/IL18/IL2RA,8
4,GO:0010720,positive regulation of cell development,34/724,460/18986,0.07391304347826087,1.9382776843622387,4.056204924283848,1.9138453382560312e-4,0.0026646210301779563,0.001967955798015336,IL1B/TGFBR2/IL6/DAG1/BDNF/SEMA4D/SERPINE2/PF4/HCLS1/VSIR/VEGFA/LYN/PLXNB3/PLXNA4/IST1/STK11/AP3B1/FADD/MAP2K1/MDK/SIRT2/TWF2/IL7/STAT5B/CD83/IL18/PPP1CC/CD46/IL2RA/PDE5A/TREM2/CASP8/CALCA/ADAM8,34
4,GO:0043549,regulation of kinase activity,34/724,460/18986,0.07391304347826087,1.9382776843622387,4.056204924283848,1.9138453382560312e-4,0.0026646210301779563,0.001967955798015336,IL1B/EREG/PDGFB/ANGPT1/PDGFA/EFNA1/LILRA5/LAT/TNFRSF10B/ERP29/LYN/MIF/STK11/MAP2K1/EDN1/PPM1F/PIBF1/ERN1/CDC37/CD300A/PRDX3/RGCC/TARBP2/CDKN2D/SRC/CEP43/MSTN/AXIN1/PTPN1/PDE5A/HGS/TREM2/AKT1S1/CALCA,34
4,GO:0009117,nucleotide metabolic process,36/724,500/18986,0.072,1.888110497237569,4.007107059163007,2.090978203391539e-4,0.0029032428131705603,0.0021441899101290914,APP/EPHA2/AK2/NUDT16/NUDT5/GPI/SULT2A1/PARK7/NDUFB7/FHIT/DCTD/ATP5IF1/HSPA1A/TALDO1/ENO1/GMPR2/NT5C/CNP/ENO2/TP53I3/SRC/MDH1/TYMP/PDE5A/PRDX5/TREM2/PFKFB2/RRM2/ABHD14B/SULT1A1/SHMT1/GIT1/PGD/RRM2B/NT5C3A/RBKS,36
4,GO:0051224,negative regulation of protein transport,14/724,121/18986,0.11570247933884298,3.0341536916122553,4.4693921121643445,2.1126559356595139e-4,0.0029253049585816937,0.002160483907094055,IL1B/ANGPT1/F2R/ERP29/PARK7/INHBB/PPM1F/SYTL4/CCN3/RAB11FIP3/WWP2/FOXO1/FKBP1B/SFRP1,14
4,GO:0046545,development of primary female sexual characteristics,13/724,107/18986,0.12149532710280374,3.186063923168276,4.515082262245398,2.1631076020875786e-4,0.002981985988884064,0.0022023456806662556,EREG/VEGFA/ANG/BCL2L1/INHBB/CASP3/STAT5B/BAX/SRC/CASP2/SOD1/VGF/SFRP1,13
4,GO:0038127,ERBB signaling pathway,15/724,136/18986,0.11029411764705882,2.892326129346766,4.409711504982925,2.1712917370584402e-4,0.002981985988884064,0.0022023456806662556,MMP9/TGFA/EREG/EGF/PLAUR/MAP2K1/NCK2/LGMN/ERBIN/SRC/SPRY2/EFEMP1/PTPRR/BTC/HIP1R,15
4,GO:1904950,negative regulation of establishment of protein localization,15/724,136/18986,0.11029411764705882,2.892326129346766,4.409711504982925,2.1712917370584402e-4,0.002981985988884064,0.0022023456806662556,IL1B/ANGPT1/F2R/ERP29/PARK7/INHBB/PPM1F/SYTL4/BAG4/CCN3/RAB11FIP3/WWP2/FOXO1/FKBP1B/SFRP1,15
4,GO:2000193,positive regulation of fatty acid transport,6/724,24/18986,0.25,6.555939226519337,5.422773323308214,2.2491293831975836e-4,0.0030654944946715353,0.0022640208856154094,IL1B/FABP3/MIF/EDN1/PLA2G4A/MAP2K6,6
4,GO:0014002,astrocyte development,8/724,44/18986,0.18181818181818182,4.767955801104972,4.982182552500263,2.2563592244119728e-4,0.0030654944946715353,0.0022640208856154094,IL1B/IL6/APP/DLL1/IFNGR1/ROR1/GRN/TREM2,8
4,GO:0035794,positive regulation of mitochondrial membrane permeability,8/724,44/18986,0.18181818181818182,4.767955801104972,4.982182552500263,2.2563592244119728e-4,0.0030654944946715353,0.0022640208856154094,BID/CHCHD10/BCL2L1/ATP5IF1/HSPA1A/BAX/PPIF/HIP1R,8
4,GO:0046006,regulation of activated T cell proliferation,8/724,44/18986,0.18181818181818182,4.767955801104972,4.982182552500263,2.2563592244119728e-4,0.0030654944946715353,0.0022640208856154094,FADD/CASP3/CD274/STAT5B/IL18/PRKAR1A/CLC/IL2RA,8
4,GO:0002262,myeloid cell homeostasis,18/724,183/18986,0.09836065573770492,2.579385925187936,4.2746508717602865,2.2947786997743193e-4,0.0031093328548684744,0.002296397705488849,IL6/HCLS1/VEGFA/B2M/MB/LYN/MPIG6B/GPI/ADGRF5/ATP5IF1/HSPA1A/JAM3/CASP3/STAT5B/BAX/TRIM58/SOD1/SH2B3,18
4,GO:0046634,regulation of alpha-beta T cell activation,14/724,122/18986,0.11475409836065574,3.0092835793859254,4.4330708377868415,2.3045521341378636e-4,0.0031142263331371024,0.002300011783746936,TGFBR2/TNFRSF14/VSIR/CLEC4G/LGALS3/AP3B1/CD69/CD300A/CD55/CD274/CD83/IL18/IL2RA/CD160,14
4,GO:0043434,response to peptide hormone,33/724,446/18986,0.07399103139013453,1.9403228204048264,4.001197189342774,2.3212671612286203e-4,0.0031284491287598528,0.002310516029113456,IL1B/EREG/DAG1/TIMP1/SPINK1/BSG/LYN/STAT2/STK11/LONP1/AKT2/EDN1/INHBB/USO1/RAB10/STAT5B/PXN/SRC/NUDC/COMT/PRKAR1A/MSTN/NFKB1/PTPN1/CD2AP/INPPL1/TRIM24/FOXO1/VGF/ECHDC3/TFF1/AHSG/APPL2,33
4,GO:0046879,hormone secretion,26/724,319/18986,0.08150470219435736,2.1373594970470564,4.079023907548836,2.4045115340190845e-4,0.003232021620460759,0.0023870094903784083,OSM/FGA/IL1B/IL6/SPINK1/CCL5/LYN/VAMP8/DAB2/SNAP23/PARK7/EDN1/INHBB/SYTL4/PTPRN2/ITPR1/CCN3/PRKAR1A/RAB11FIP3/FGF23/PFKFB2/C1QTNF1/FOXO1/FKBP1B/VGF/SFRP1,26
4,GO:0000302,response to reactive oxygen species,19/724,200/18986,0.095,2.491256906077348,4.2213437748532385,2.4389781221451193e-4,0.0032586064456460303,0.0024066437123822348,IL6/AIFM1/MB/TOP2B/FXN/PARK7/EDN1/CASP3/ERN1/PKD2/PRDX3/PXN/SRC/PRDX5/PPIF/FKBP1B/SOD1/IL18BP/KLF4,19
4,GO:0072378,"blood coagulation, fibrin clot formation",5/724,16/18986,0.3125,8.19492403314917,5.732617344576302,2.446232513914139e-4,0.0032586064456460303,0.0024066437123822348,GP5/FGA/GP1BA/THBD/GP1BB,5
4,GO:0043299,leukocyte degranulation,11/724,81/18986,0.13580246913580246,3.5612509378623556,4.599458595123486,2.4500800343203234e-4,0.0032586064456460303,0.0024066437123822348,CD84/LAT/ANXA3/LYN/VAMP8/SNAP23/CD300A/BCR/STXBP1/CD160/CCL3,11
4,GO:0045921,positive regulation of exocytosis,11/724,81/18986,0.13580246913580246,3.5612509378623556,4.599458595123486,2.4500800343203234e-4,0.0032586064456460303,0.0024066437123822348,FGA/SDC4/VAMP8/VPS4B/SYTL4/RAB27B/STXBP1/CD160/HGS/ANXA2/RAB2B,11
4,GO:0060055,angiogenesis involved in wound healing,7/724,34/18986,0.20588235294117646,5.39900877478063,5.1117214206520245,2.4905662226415323e-4,0.0032865069684674428,0.0024272496428437195,TAFA5/DAG1/SMOC2/HPSE/VEGFA/B4GALT1/VEGFB,7
4,GO:0070570,regulation of neuron projection regeneration,7/724,34/18986,0.20588235294117646,5.39900877478063,5.1117214206520245,2.4905662226415323e-4,0.0032865069684674428,0.0024272496428437195,SCARF1/MAP2K1/STK24/GRN/FKBP1B/KLF4/RGMA,7
4,GO:2000191,regulation of fatty acid transport,7/724,34/18986,0.20588235294117646,5.39900877478063,5.1117214206520245,2.4905662226415323e-4,0.0032865069684674428,0.0024272496428437195,IL1B/FABP3/MIF/AKT2/EDN1/PLA2G4A/MAP2K6,7
4,GO:2001239,regulation of extrinsic apoptotic signaling pathway in absence of ligand,8/724,45/18986,0.17777777777777778,4.662001227747084,4.8969278471216215,2.6536265385463195e-4,0.0034925595119304946,0.0025794297438830175,IL1B/PF4/BCL2L1/HSPA1A/IL7/HTRA2/COL2A1/KLF4,8
4,GO:0045576,mast cell activation,10/724,69/18986,0.14492753623188406,3.800544479141645,4.64024918062275,2.7164608734380386e-4,0.0035659722738586616,0.0026336487374466946,CD84/CD226/LAT/LYN/NECTIN2/VAMP8/SNAP23/CD300A/PTPN6/STXBP1,10
4,GO:0002821,positive regulation of adaptive immune response,15/724,139/18986,0.1079136690647482,2.8299018243968357,4.311362000268882,2.760333930166047e-4,0.0036141781562329537,0.002669251190719608,IL1B/IL6/CD226/STX7/B2M/CD40/NECTIN2/ULBP2/FADD/PLA2G4A/CD55/IL18/TREM2/TNFSF13/TNFSF13B,15
4,GO:0010975,regulation of neuron projection development,33/724,452/18986,0.07300884955752213,1.9145663227888332,3.918323221022201,2.9559724238309833e-4,0.0038603319457472325,0.002851048066069541,ITGA6/BDNF/SCARF1/SEMA4D/EFNA1/ARSB/VEGFA/B2M/LYN/PLXNB3/PLXNA4/IST1/STK11/DAB2/MAP2K1/MDK/CRKL/RTN4IP1/TWF2/STK24/ROR1/GRN/PTPN1/FKBP4/DNM3/SPART/MAP2/PDLIM5/KLK6/FKBP1B/KLF4/SFRP1/RGMA,33
4,GO:0050858,negative regulation of antigen receptor-mediated signaling pathway,7/724,35/18986,0.2,5.24475138121547,5.004614493408888,3.0118004656823496e-4,0.003923102977721287,0.0028974076102304966,LGALS3/CD300A/SLA2/PTPN6/GBP1/SH2D1A/CD160,7
4,GO:0050854,regulation of antigen receptor-mediated signaling pathway,10/724,70/18986,0.14285714285714285,3.7462509865824782,4.583265416168772,3.0626951501314304e-4,0.003968938791990833,0.0029312596497614177,CD226/LYN/NECTIN2/LGALS3/CD300A/SLA2/PTPN6/GBP1/SH2D1A/CD160,10
4,GO:0072577,endothelial cell apoptotic process,10/724,70/18986,0.14285714285714285,3.7462509865824782,4.583265416168772,3.0626951501314304e-4,0.003968938791990833,0.0029312596497614177,CD40LG/FGA/ANGPT1/SCG2/CD40/ICAM1/RGCC/PTPN1/CD160/PAK4,10
4,GO:0046633,alpha-beta T cell proliferation,8/724,46/18986,0.17391304347826086,4.560653374969974,4.814143602655471,3.1062909841022396e-4,0.00400489659021753,0.002957816280780489,TGFBR2/TNFRSF14/VSIR/CLEC4G/CD55/CD274/IL18/IL2RA,8
4,GO:1903573,negative regulation of response to endoplasmic reticulum stress,8/724,46/18986,0.17391304347826086,4.560653374969974,4.814143602655471,3.1062909841022396e-4,0.00400489659021753,0.002957816280780489,PARK7/BCL2L1/HYOU1/NCK2/HSPA1A/UBXN1/PTPN1/USP25,8
4,GO:0006839,mitochondrial transport,18/724,188/18986,0.09574468085106383,2.5107852356882567,4.145016356083172,3.199069268380487e-4,0.004098622171599104,0.0030270373066649493,BID/AIFM1/TOMM20/GRPEL1/CHCHD10/BCL2L1/ATP5IF1/HSPA1A/TIMM10/CNP/ITPR1/BAX/LETM1/MDH1/TIMM8A/PPIF/TST/HIP1R,18
4,GO:1905952,regulation of lipid localization,18/724,188/18986,0.09574468085106383,2.5107852356882567,4.145016356083172,3.199069268380487e-4,0.004098622171599104,0.0030270373066649493,IL1B/EGF/IL6/FABP3/TRIAP1/DBI/MIF/DAB2/AKT2/EDN1/PLA2G4A/MAP2K6/MSR1/NFKB1/PLIN3/TREM2/ANXA2/C1QTNF1,18
4,GO:0043409,negative regulation of MAPK cascade,17/724,172/18986,0.09883720930232558,2.5918829500192726,4.175756823400153,3.203315705939149e-4,0.004098622171599104,0.0030270373066649493,IL1B/DAG1/EFNA1/LYN/RNF149/DAB2/PEBP1/CD300A/PTPN6/TNIP1/SPRY2/GBP1/PTPN1/PTPRR/TREM2/FOXO1/SH2B3,17
4,GO:0001541,ovarian follicle development,9/724,58/18986,0.15517241379310345,4.069203657839589,4.661092856533121,3.2370329358663374e-4,0.004110543833635294,0.003035842049876232,EREG/VEGFA/ANG/BCL2L1/INHBB/BAX/SRC/SOD1/VGF,9
4,GO:0061756,leukocyte adhesion to vascular endothelial cell,9/724,58/18986,0.15517241379310345,4.069203657839589,4.661092856533121,3.2370329358663374e-4,0.004110543833635294,0.003035842049876232,IL6/JAM2/SELP/GP1BA/LRG1/MDK/CCL28/IRAK1/KLF4,9
4,GO:0061900,glial cell activation,9/724,58/18986,0.15517241379310345,4.069203657839589,4.661092856533121,3.2370329358663374e-4,0.004110543833635294,0.003035842049876232,MMP8/IL1B/IL6/APP/IFNGR1/GRN/TREM2/CCL3/AIF1,9
4,GO:0045651,positive regulation of macrophage differentiation,5/724,17/18986,0.29411764705882354,7.712869678258043,5.513290456883201,3.357206764961023e-4,0.004252461902283963,0.0031406556360775066,PF4/HCLS1/FADD/CASP8/CALCA,5
4,GO:0031341,regulation of cell killing,13/724,112/18986,0.11607142857142858,3.043828926598264,4.319385759005642,3.409530535551333e-4,0.004301669932237973,0.003176998225421418,CD59/CD226/STX7/B2M/ICAM1/NECTIN2/ULBP2/FADD/CD55/STAT5B/SH2D1A/CD160/NCR1,13
4,GO:0097553,calcium ion transmembrane import into cytosol,18/724,189/18986,0.09523809523809523,2.4975006577216523,4.119590688108601,0.00034130780427926933,0.004301669932237973,0.003176998225421418,GP5/F2R/GP1BA/LYN/CACNB3/PPP3R1/PKD2/ITPR1/BAX/PTPN6/LETM1/NOS1/PLCB2/GP1BB/CXCL11/CCL3/FKBP1B/CALCA,18
4,GO:0090287,regulation of cellular response to growth factor stimulus,29/724,381/18986,0.07611548556430446,1.9960339902263597,3.910409366627617,3.4330390262800613e-4,0.004316064487268514,0.0031876293236944484,IL1B/NBL1/ACVRL1/CD63/FSTL3/SMOC2/VWC2/VEGFA/DLL1/CHRDL1/LRG1/STK11/CDH3/RBPMS2/HSPA1A/FSTL1/SPRY2/BMPER/AXIN1/PTPN1/GPC1/SPART/SFRP4/HGS/VEGFB/BAMBI/SFRP1/RGMA/WASF1,29
4,GO:0071692,protein localization to extracellular region,29/724,382/18986,0.07591623036649214,1.9908087703566573,3.8951014432201747,3.5842188858051965e-4,0.0044226985174010925,0.0032663838840947816,FGA/IL1B/NBL1/IL6/SCG2/F2R/ANG/BSG/ERP29/CCL5/PDIA4/PARK7/INHBB/SYTL4/PTPRN2/ITPR1/CCN3/COMT/PRKAR1A/RAB11FIP3/ARFIP1/TREM2/CD2AP/PFKFB2/FOXO1/FKBP1B/VGF/SFRP1/ADAM8,29
4,GO:0048011,neurotrophin TRK receptor signaling pathway,6/724,26/18986,0.23076923076923078,6.051636209094773,5.132157662088125,3.6048431058958893e-4,0.0044226985174010925,0.0032663838840947816,CASP3/SRC/SPRY2/AKT1S1/CD2AP/WASF1,6
4,GO:0048143,astrocyte activation,6/724,26/18986,0.23076923076923078,6.051636209094773,5.132157662088125,3.6048431058958893e-4,0.0044226985174010925,0.0032663838840947816,IL1B/IL6/APP/IFNGR1/GRN/TREM2,6
4,GO:0050860,negative regulation of T cell receptor signaling pathway,6/724,26/18986,0.23076923076923078,6.051636209094773,5.132157662088125,3.6048431058958893e-4,0.0044226985174010925,0.0032663838840947816,LGALS3/SLA2/PTPN6/GBP1/SH2D1A/CD160,6
4,GO:0001569,branching involved in blood vessel morphogenesis,7/724,36/18986,0.19444444444444445,5.099063842848373,4.901530849240947,3.617075560921113e-4,0.0044226985174010925,0.0032663838840947816,TGFBR2/VEGFA/EDN1/PPP3R1/MDK/STK4/FKBPL,7
4,GO:1901099,negative regulation of signal transduction in absence of ligand,7/724,36/18986,0.19444444444444445,5.099063842848373,4.901530849240947,3.617075560921113e-4,0.0044226985174010925,0.0032663838840947816,IL1B/PF4/BCL2L1/HSPA1A/IL7/COL2A1/KLF4,7
4,GO:2001240,negative regulation of extrinsic apoptotic signaling pathway in absence of ligand,7/724,36/18986,0.19444444444444445,5.099063842848373,4.901530849240947,3.617075560921113e-4,0.0044226985174010925,0.0032663838840947816,IL1B/PF4/BCL2L1/HSPA1A/IL7/COL2A1/KLF4,7
4,GO:0043154,negative regulation of cysteine-type endopeptidase activity involved in apoptotic process,8/724,47/18986,0.1702127659574468,4.463618196779123,4.733701125879256,3.620019107145737e-4,0.0044226985174010925,0.0032663838840947816,MMP9/TRIAP1/VEGFA/PLAUR/DNAJB6/CDKN2D/SRC/LAMP3,8
4,GO:0045840,positive regulation of mitotic nuclear division,8/724,47/18986,0.1702127659574468,4.463618196779123,4.733701125879256,3.620019107145737e-4,0.0044226985174010925,0.0032663838840947816,TGFA/IL1B/EREG/PDGFB/EGF/EDN1/RGCC/BTC,8
4,GO:0048247,lymphocyte chemotaxis,8/724,47/18986,0.1702127659574468,4.463618196779123,4.733701125879256,3.620019107145737e-4,0.0044226985174010925,0.0032663838840947816,TNFSF14/CCL7/CCL5/CXCL16/CCL26/CXCL11/CCL3/ADAM8,8
4,GO:0050798,activated T cell proliferation,8/724,47/18986,0.1702127659574468,4.463618196779123,4.733701125879256,3.620019107145737e-4,0.0044226985174010925,0.0032663838840947816,FADD/CASP3/CD274/STAT5B/IL18/PRKAR1A/CLC/IL2RA,8
4,GO:0048754,branching morphogenesis of an epithelial tube,16/724,158/18986,0.10126582278481013,2.6555703196027696,4.160777528288075,3.622867404440151e-4,0.0044226985174010925,0.0032663838840947816,EGF/TGFBR2/YAP1/DAG1/EPHA2/VEGFA/CTSZ/EDN1/PPP3R1/MDK/PKD2/STK4/SRC/FKBPL/SPRY2/CCL11,16
4,GO:0051302,regulation of cell division,18/724,190/18986,0.09473684210526316,2.484355917417854,4.094327185867002,3.639406399080841e-4,0.004432183118302306,0.003273388735863199,TGFA/OSM/IL1B/EREG/PDGFB/PDGFA/PPBP/VEGFA/DLL1/BCL2L1/MDK/SIRT2/RAB11FIP3/ZFYVE19/VEGFB/CETN2/BTC/GIT1,18
4,GO:1904896,ESCRT complex disassembly,4/724,10/18986,0.4,10.48950276243094,5.97642584702917,3.6638359468714e-4,0.004440534022898814,0.0032795562962529305,VTA1/IST1/VPS4B/CHMP1A,4
4,GO:1904903,ESCRT III complex disassembly,4/724,10/18986,0.4,10.48950276243094,5.97642584702917,3.6638359468714e-4,0.004440534022898814,0.0032795562962529305,VTA1/IST1/VPS4B/CHMP1A,4
4,GO:0046902,regulation of mitochondrial membrane permeability,9/724,59/18986,0.15254237288135594,4.000234104316884,4.595583620253086,3.6924458242010814e-4,0.004464502678352217,0.0032972583461639477,BID/CHCHD10/BCL2L1/ATP5IF1/HSPA1A/CNP/BAX/PPIF/HIP1R,9
4,GO:0002720,positive regulation of cytokine production involved in immune response,11/724,85/18986,0.12941176470588237,3.3936626584335396,4.40382883928798,3.757012499806037e-4,0.00453172820382332,0.003346907756390455,IL1B/IL6/CD226/TNFRSF14/B2M/MIF/CD55/IL18/MAPKAPK2/CD160/MAVS,11
4,GO:0048259,regulation of receptor-mediated endocytosis,14/724,128/18986,0.109375,2.86822341160221,4.222662718012303,3.80070465839967e-4,0.004573514605607603,0.003377769102427376,EGF/ANGPT1/APP/CD63/VEGFA/B2M/DAB2/PPP3R1/RSPO1/HNRNPK/SFRP4/RABEP1/ANXA2/HIP1R,14
4,GO:0051651,maintenance of location in cell,20/724,224/18986,0.08928571428571429,2.341406866614049,4.021104717323735,3.841971526947512e-4,0.004612190996957892,0.003406333550332761,GP5/TMSB10/F2R/GM2A/GP1BA/CHCHD10/LYN/PARK7/PKD2/TWF2/ITPR1/BAX/PTPN6/LETM1/PLCB2/GP1BB/CXCL11/ARL2BP/CCL3/FKBP1B,20
4,GO:0014812,muscle cell migration,13/724,114/18986,0.11403508771929824,2.9904284191140835,4.244147220089461,4.0566442124804315e-4,0.004850901473594688,0.0035826331671353095,TAFA5/PDGFB/PDGFA/S100A11/CCL5/MDK/CCN3/PRKG1/SRC/PLEKHO1/MSTN/PTPN1/AIF1,13
4,GO:0009914,hormone transport,26/724,330/18986,0.07878787878787878,2.066114180478821,3.89002003399306,4.060014490167299e-4,0.004850901473594688,0.0035826331671353095,OSM/FGA/IL1B/IL6/SPINK1/CCL5/LYN/VAMP8/DAB2/SNAP23/PARK7/EDN1/INHBB/SYTL4/PTPRN2/ITPR1/CCN3/PRKAR1A/RAB11FIP3/FGF23/PFKFB2/C1QTNF1/FOXO1/FKBP1B/VGF/SFRP1,26
4,GO:0051209,release of sequestered calcium ion into cytosol,14/724,129/18986,0.10852713178294573,2.8459891215897897,4.188785356490225,4.1171923452788e-4,0.00490761559269789,0.0036245193784405724,GP5/F2R/GP1BA/LYN/PKD2/ITPR1/BAX/PTPN6/LETM1/PLCB2/GP1BB/CXCL11/CCL3/FKBP1B,14
4,GO:0010718,positive regulation of epithelial to mesenchymal transition,9/724,60/18986,0.15,3.933563535911602,4.531501422394632,4.199393355136534e-4,0.00498380046799069,0.0036807857162633006,IL1B/TGFBR2/IL6/LRG1/DAB2/MDK/RGCC/BAMBI/ADAM8,9
4,GO:0002920,regulation of humoral immune response,8/724,48/18986,0.16666666666666666,4.370626151012891,4.655481049203188,4.2008290450416184e-4,0.00498380046799069,0.0036807857162633006,CD59/IL1B/SERPING1/C4BPB/CD55/PTPN6/CD46/TREM2,8
4,GO:0051881,regulation of mitochondrial membrane potential,10/724,73/18986,0.136986301369863,3.592295466585938,4.418411227145071,4.329609853710528e-4,0.005124554613736068,0.003784739687232228,BID/PARK7/BCL2L1/ATP5IF1/PRDX3/BAX/SRC/SPART/PPIF/SOD1,10
4,GO:0051283,negative regulation of sequestering of calcium ion,14/724,130/18986,0.1076923076923077,2.8240968975775607,4.155231367075658,4.455896697700569e-4,0.005261706053780064,0.0038860328799916917,GP5/F2R/GP1BA/LYN/PKD2/ITPR1/BAX/PTPN6/LETM1/PLCB2/GP1BB/CXCL11/CCL3/FKBP1B,14
4,GO:1905523,positive regulation of macrophage migration,6/724,27/18986,0.2222222222222222,5.827501534683855,4.998008655798838,4.486607481336946e-4,0.005280699217840773,0.003900060280853807,CCL5/MDK/MSTN/CXCL17/TREM2/CCL3,6
4,GO:0010755,regulation of plasminogen activation,5/724,18/18986,0.2777777777777778,7.284376918354819,5.311144550442625,4.503326796377866e-4,0.005280699217840773,0.003900060280853807,SERPINE2/CTSZ/PLAUR/ENO1/ANXA2,5
4,GO:0035234,ectopic germ cell programmed cell death,5/724,18/18986,0.2777777777777778,7.284376918354819,5.311144550442625,4.503326796377866e-4,0.005280699217840773,0.003900060280853807,IL1B/BCL2L1/BAX/CASP2/SOD1,5
4,GO:0009615,response to virus,31/724,425/18986,0.07294117647058823,1.9127916802079947,3.789360006976995,4.5300911010263517e-4,0.005299787135321107,0.0039141576618517155,IL1B/IL6/PENK/IL10RB/CD40/IFNGR1/CCL5/LGALS8/CASP1/VAMP8/PCBP2/STAT2/FADD/BCL2L1/ATG16L1/EIF2AK2/ENO1/HNRNPUL1/IFNLR1/BAX/TARBP2/BST2/NFKB1/GBP1/CD2AP/NT5C3A/TRIM25/AZI2/RAB2B/MAVS/CCL11,31
4,GO:0001961,positive regulation of cytokine-mediated signaling pathway,9/724,61/18986,0.14754098360655737,3.8690788877819036,4.468789292306173,4.762234551569531e-4,0.00553295021232929,0.004086360246791423,MMP8/CD40/CASP1/FADD/EDN1/HSPA1A/IL7/TREM2/MAVS,9
4,GO:0043030,regulation of macrophage activation,9/724,61/18986,0.14754098360655737,3.8690788877819036,4.468789292306173,4.762234551569531e-4,0.00553295021232929,0.004086360246791423,MMP8/IL6/MIF/ADGRF5/LBP/PLA2G4A/GRN/TREM2/CCL3,9
4,GO:0070228,regulation of lymphocyte apoptotic process,9/724,61/18986,0.14754098360655737,3.8690788877819036,4.468789292306173,4.762234551569531e-4,0.00553295021232929,0.004086360246791423,EFNA1/CCL5/LYN/LGALS3/MIF/FADD/CD274/BAX/ADAM8,9
4,GO:0002444,myeloid leukocyte mediated immunity,13/724,116/18986,0.11206896551724138,2.9388693084397026,4.170537159621817,4.8051952451884817e-4,0.005570058892014355,0.004113766861284006,CD84/IL6/LAT/ANXA3/LYN/VAMP8/SNAP23/IRAK4/CD300A/BCR/STXBP1/CCL3/MAVS,13
4,GO:0001774,microglial cell activation,8/724,49/18986,0.16326530612244897,4.281429698951404,4.579372475310557,4.855093534608695e-4,0.005589440256016479,0.004128080967203557,MMP8/IL6/APP/IFNGR1/GRN/TREM2/CCL3/AIF1,8
4,GO:0006509,membrane protein ectodomain proteolysis,8/724,49/18986,0.16326530612244897,4.281429698951404,4.579372475310557,4.855093534608695e-4,0.005589440256016479,0.004128080967203557,IL1B/APP/DAG1/TIMP3/TIMP1/MMP7/ADAM8/RGMA,8
4,GO:0006693,prostaglandin metabolic process,8/724,49/18986,0.16326530612244897,4.281429698951404,4.579372475310557,4.855093534608695e-4,0.005589440256016479,0.004128080967203557,IL1B/FABP5/MIF/EDN1/PLA2G4A/PIBF1/COMT/PTGES2,8
4,GO:0045859,regulation of protein kinase activity,31/724,427/18986,0.07259953161592506,1.9038324685910955,3.761187679166935,4.903137585876999e-4,0.005631922127050534,0.0041594559520382384,IL1B/EREG/PDGFB/ANGPT1/PDGFA/EFNA1/LILRA5/LAT/TNFRSF10B/ERP29/LYN/MIF/STK11/MAP2K1/EDN1/PPM1F/PIBF1/ERN1/CDC37/CD300A/RGCC/TARBP2/CDKN2D/SRC/CEP43/AXIN1/PTPN1/PDE5A/HGS/AKT1S1/CALCA,31
4,GO:0009306,protein secretion,28/724,371/18986,0.07547169811320754,1.9791514646096109,3.792326554069798,4.936152326685026e-4,0.005656987269629506,0.004177967812489582,FGA/IL1B/IL6/SCG2/F2R/ANG/BSG/ERP29/CCL5/PDIA4/PARK7/INHBB/SYTL4/PTPRN2/ITPR1/CCN3/COMT/PRKAR1A/RAB11FIP3/ARFIP1/TREM2/CD2AP/PFKFB2/FOXO1/FKBP1B/VGF/SFRP1/ADAM8,28
4,GO:0010952,positive regulation of peptidase activity,15/724,147/18986,0.10204081632653061,2.6758935618446276,4.061407734027734,5.046262607474645e-4,0.005770093035786619,0.004261502073375826,EFNA1/AIFM1/F2R/VSIR/LYN/CASP1/FADD/CRADD/DIABLO/PPM1F/HTRA2/LGMN/GRN/CASP8/HIP1R,15
4,GO:0001666,response to hypoxia,25/724,317/18986,0.07886435331230283,2.0681196298168256,3.8184702773449515,5.131521959859938e-4,0.005854336791226214,0.004323720296937945,HSPG2/PENK/ACVRL1/AIFM1/VEGFA/ANG/MB/LONP1/EDN1/HYOU1/CASP3/SIRT2/ENO1/RGCC/ITPR1/SRC/NOS1/COMT/MSTN/PTPN1/TREM2/VEGFB/IRAK1/SFRP1/ADAM8,25
4,GO:0051282,regulation of sequestering of calcium ion,14/724,132/18986,0.10606060606060606,2.7813075506445673,4.089069928700898,5.204991567061085e-4,0.005924780941424938,0.004375746822379945,GP5/F2R/GP1BA/LYN/PKD2/ITPR1/BAX/PTPN6/LETM1/PLCB2/GP1BB/CXCL11/CCL3/FKBP1B,14
4,GO:0034765,regulation of monoatomic ion transmembrane transport,27/724,354/18986,0.07627118644067797,2.000117052158442,3.7820140682892376,5.255449484245189e-4,0.005968773414241614,0.004408237462125001,MMP9/CD63/SCN4B/F2R/CTSS/LYN/CACNB3/PARK7/PDZK1/FXYD5/EDN1/PPP3R1/PKD2/BAX/PTPN6/COMMD1/NOS1/YWHAQ/EHD3/GOPC/TREM2/CXCL11/PPIF/SLMAP/WWP2/FKBP1B/CALCA,27
4,GO:0002573,myeloid leukocyte differentiation,21/724,247/18986,0.08502024291497975,2.229550182298074,3.872772128989826,5.337182947746417e-4,0.006045937700973627,0.0044652271442427015,MMP9/TGFBR2/APP/FSTL3/PF4/HCLS1/LTBR/EPHA2/VEGFA/LBR/LYN/AP3B1/FADD/SRC/TREM2/CCL3/CASP8/ANXA2/CASP10/CALCA/SFRP1,21
4,GO:1904062,regulation of monoatomic cation transmembrane transport,25/724,318/18986,0.07861635220125786,2.061616108968345,3.8013037878386013,5.374058373933671e-4,0.006045937700973627,0.0044652271442427015,MMP9/CD63/SCN4B/F2R/CTSS/LYN/CACNB3/PARK7/PDZK1/FXYD5/EDN1/PPP3R1/PKD2/BAX/PTPN6/COMMD1/NOS1/EHD3/TREM2/CXCL11/PPIF/SLMAP/WWP2/FKBP1B/CALCA,25
4,GO:0007566,embryo implantation,9/724,62/18986,0.14516129032258066,3.806674389591873,4.407393445626231,5.385558625655168e-4,0.006045937700973627,0.0044652271442427015,MMP9/IL1B/HSPG2/TIMP1/VEGFA/BSG/FKBP4/CALCA/SOD1,9
4,GO:0002440,production of molecular mediator of immune response,20/724,230/18986,0.08695652173913043,2.280326687484987,3.8896902540797442,5.394847484236174e-4,0.006045937700973627,0.0044652271442427015,CD40LG/IL1B/ANGPT1/IL6/CD226/TNFRSF14/B2M/CD40/GPI/MIF/CD55/IL18/MMP7/BST2/CLC/MAPKAPK2/CD160/ACP5/TNFSF13/MAVS,20
4,GO:0002090,regulation of receptor internalization,10/724,75/18986,0.13333333333333333,3.496500920810313,4.313258924387929,5.395167991964989e-4,0.006045937700973627,0.0044652271442427015,EGF/ANGPT1/APP/CD63/VEGFA/PPP3R1/RSPO1/SFRP4/RABEP1/ANXA2,10
4,GO:0090559,regulation of membrane permeability,10/724,75/18986,0.13333333333333333,3.496500920810313,4.313258924387929,5.395167991964989e-4,0.006045937700973627,0.0044652271442427015,BID/CHCHD10/BCL2L1/ATP5IF1/HSPA1A/JAM3/CNP/BAX/PPIF/HIP1R,10
4,GO:0010758,regulation of macrophage chemotaxis,6/724,28/18986,0.21428571428571427,5.619376479873717,4.870421294374796,5.527789954653352e-4,0.006141205196338225,0.004535586950662393,CCL5/MIF/MDK/C5/MSTN/CXCL17,6
4,GO:0010818,T cell chemotaxis,6/724,28/18986,0.21428571428571427,5.619376479873717,4.870421294374796,5.527789954653352e-4,0.006141205196338225,0.004535586950662393,TNFSF14/CCL5/CXCL16/CCL26/CXCL11/CCL3,6
4,GO:0051043,regulation of membrane protein ectodomain proteolysis,6/724,28/18986,0.21428571428571427,5.619376479873717,4.870421294374796,5.527789954653352e-4,0.006141205196338225,0.004535586950662393,IL1B/APP/TIMP3/TIMP1/ADAM8/RGMA,6
4,GO:1902105,regulation of leukocyte differentiation,26/724,337/18986,0.0771513353115727,2.023197862189944,3.773524852912165,5.575016905101641e-4,0.006141205196338225,0.004535586950662393,TGFBR2/FSTL3/PF4/HCLS1/VSIR/CLEC4G/LYN/AP3B1/FADD/CD69/MDK/IL7/STAT5B/CD83/IL18/PGLYRP1/PTPN6/CD46/IL2RA/TREM2/CCL3/CASP8/CALCA/SOD1/SFRP1/ADAM8,26
4,GO:0001821,histamine secretion,4/724,11/18986,0.36363636363636365,9.535911602209945,5.638398590125519,5.584093841502074e-4,0.006141205196338225,0.004535586950662393,LYN/VAMP8/SNAP23/EDN1,4
4,GO:0030167,proteoglycan catabolic process,4/724,11/18986,0.36363636363636365,9.535911602209945,5.638398590125519,5.584093841502074e-4,0.006141205196338225,0.004535586950662393,HPSE/GLB1/GPC1/IDUA,4
4,GO:0090331,negative regulation of platelet aggregation,4/724,11/18986,0.36363636363636365,9.535911602209945,5.638398590125519,5.584093841502074e-4,0.006141205196338225,0.004535586950662393,SERPINE2/PRKG1/C1QTNF1/SH2B3,4
4,GO:1902510,regulation of apoptotic DNA fragmentation,4/724,11/18986,0.36363636363636365,9.535911602209945,5.638398590125519,5.584093841502074e-4,0.006141205196338225,0.004535586950662393,IL6/AIFM1/DFFA/BAX,4
4,GO:0006692,prostanoid metabolic process,8/724,50/18986,0.16,4.195801104972376,4.505272215980235,5.589541729947731e-4,0.006141205196338225,0.004535586950662393,IL1B/FABP5/MIF/EDN1/PLA2G4A/PIBF1/COMT/PTGES2,8
4,GO:0035592,establishment of protein localization to extracellular region,28/724,374/18986,0.0748663101604278,1.9632759181020472,3.7461951463400522,5.602834651857812e-4,0.006142456904661472,0.004536511399814546,FGA/IL1B/IL6/SCG2/F2R/ANG/BSG/ERP29/CCL5/PDIA4/PARK7/INHBB/SYTL4/PTPRN2/ITPR1/CCN3/COMT/PRKAR1A/RAB11FIP3/ARFIP1/TREM2/CD2AP/PFKFB2/FOXO1/FKBP1B/VGF/SFRP1/ADAM8,28
4,GO:0032310,prostaglandin secretion,5/724,19/18986,0.2631578947368421,6.900988659494039,5.12392392337616,5.921052138909118e-4,0.006463282399578117,0.004773457061400871,IL1B/MIF/EDN1/PLA2G4A/MAP2K6,5
4,GO:1904037,positive regulation of epithelial cell apoptotic process,5/724,19/18986,0.2631578947368421,6.900988659494039,5.12392392337616,5.921052138909118e-4,0.006463282399578117,0.004773457061400871,IL6/TIA1/BAX/STK4/SFRP4,5
4,GO:0050709,negative regulation of protein secretion,10/724,76/18986,0.13157894736842105,3.4504943297470194,4.262016711446425,6.004285054176191e-4,0.006540012212027256,0.004830125862547363,IL1B/F2R/ERP29/INHBB/SYTL4/CCN3/RAB11FIP3/FOXO1/FKBP1B/SFRP1,10
4,GO:0035633,maintenance of blood-brain barrier,7/724,39/18986,0.1794871794871795,4.706828162629268,4.613865652401979,6.03543481249534e-4,0.006549682999620721,0.004837268222492882,ANGPT1/IL6/JAM2/VEGFA/ESAM/JAM3/CD2AP,7
4,GO:0043270,positive regulation of monoatomic ion transport,19/724,215/18986,0.08837209302325581,2.3174482847231146,3.868205304027915,6.03908246502425e-4,0.006549682999620721,0.004837268222492882,PDGFB/LILRA5/SCN4B/F2R/CTSS/CCL5/LGALS3/CACNB3/PDZK1/FXYD5/EDN1/PPP3R1/PKD2/BAX/NOS1/EHD3/TREM2/CXCL11/CCL3,19
4,GO:0046849,bone remodeling,11/724,90/18986,0.12222222222222222,3.20512584407612,4.175131017709974,6.169769321679986e-4,0.006662823536703131,0.004920828163445171,IL6/EPHA2/MDK/TPP1/IL7/SRC/ACP5/CALCA/LTBP3/SFRP1/ADAM8,11
4,GO:0061515,myeloid cell development,11/724,90/18986,0.12222222222222222,3.20512584407612,4.175131017709974,6.169769321679986e-4,0.006662823536703131,0.004920828163445171,GP5/APP/GP1BA/MPIG6B/ADGRF5/PTPN6/SRC/GP1BB/TRIM58/ANXA2/SH2B3,11
4,GO:0070482,response to oxygen levels,27/724,358/18986,0.07541899441340782,1.9777693755980126,3.7187351092165875,6.241568993325103e-4,0.006725989273404066,0.004967479216772712,HSPG2/PENK/ACVRL1/AIFM1/VEGFA/ANG/MB/LONP1/EDN1/HYOU1/CASP3/SIRT2/ENO1/RGCC/ITPR1/SRC/NOS1/COMT/MSTN/PTPN1/TREM2/VEGFB/IRAK1/ATP6V1G1/FOXO1/SFRP1/ADAM8,27
4,GO:0051496,positive regulation of stress fiber assembly,8/724,51/18986,0.1568627450980392,4.113530495070957,4.433084113061801,6.411259813325084e-4,0.006894150446073399,0.005091674646819876,SDC4/CCN2/PPM1F/RGCC/BAG4/RHOC/PXN/SFRP1,8
4,GO:0051347,positive regulation of transferase activity,24/724,304/18986,0.07894736842105263,2.0702965978482117,3.7456713355680753,6.487065952369769e-4,0.006960855907277455,0.005140939963594412,IL1B/EREG/PDGFB/ANGPT1/PDGFA/EFNA1/LILRA5/LAT/DBI/TNFRSF10B/ERP29/MIF/STK11/MAP2K1/EDN1/PIBF1/ERN1/RGCC/SRC/AXIN1/PTPN1/PDE5A/TREM2/CALCA,24
4,GO:0070527,platelet aggregation,10/724,77/18986,0.12987012987012986,3.4056827150749798,4.211626445809516,6.669135483834068e-4,0.007119188025770475,0.005257876145915087,FGA/IL6/SERPINE2/GP6/LYN/PTPN6/PRKG1/STXBP1/C1QTNF1/SH2B3,10
4,GO:0141091,transforming growth factor beta receptor superfamily signaling pathway,29/724,397/18986,0.07304785894206549,1.9155892954061537,3.670864557274255,6.67342450049599e-4,0.007119188025770475,0.005257876145915087,TGFBR2/NBL1/RGMB/ACVRL1/FSTL3/VWC2/CHRDL1/LRG1/STK11/CDH3/DAB2/INHBB/RBPMS2/HSPA1A/FUT8/PXN/SRC/FSTL1/MSTN/SPRY2/BMPER/AXIN1/SPART/SFRP4/BAMBI/LTBP3/SFRP1/RGMA/APPL2,29
4,GO:0030041,actin filament polymerization,16/724,167/18986,0.09580838323353294,2.5124557514804646,3.9087964645610622,6.695250986398632e-4,0.007119188025770475,0.005257876145915087,TMSB10/HCLS1/ANG/ESAM/VASP/NCK2/TWF2/CCL26/WASHC3/BAG4/PSTPIP2/CD2AP/AIF1/HIP1R/CCL11/WASF1,16
4,GO:0001909,leukocyte mediated cytotoxicity,15/724,151/18986,0.09933774834437085,2.605008964179869,3.9426074509592097,6.697089945481477e-4,0.007119188025770475,0.005257876145915087,GZMB/CD226/STX7/B2M/ICAM1/NECTIN2/ULBP2/FADD/EBAG9/STAT5B/IL18/PTPN6/SH2D1A/CD160/NCR1,15
4,GO:0023061,signal release,34/724,493/18986,0.06896551724137931,1.8085349590398172,3.6217543622502846,6.708596586636382e-4,0.007119188025770475,0.005257876145915087,OSM/FGA/IL1B/IL6/F2R/SPINK1/CCL5/LYN/VAMP8/MIF/DAB2/SNAP23/PARK7/EDN1/INHBB/PLA2G4A/SYTL4/PTPRN2/MAP2K6/ITPR1/CCN3/COMT/PRKAR1A/RAB11FIP3/STXBP1/FGF23/PFKFB2/C1QTNF1/GIT1/FOXO1/FKBP1B/VGF/SFRP1/ADAM8,34
4,GO:0031334,positive regulation of protein-containing complex assembly,18/724,200/18986,0.09,2.3601381215469615,3.850182063824111,6.719480555806086e-4,0.007119188025770475,0.005257876145915087,BID/VEGFA/LGALS3/PARK7/EIF4G1/VASP/NCK2/HSPA1A/CCL26/BAG4/RHOC/MMP1/BAX/SRC/GIT1/HIP1R/MAVS/CCL11,18
4,GO:0002092,positive regulation of receptor internalization,6/724,29/18986,0.20689655172413793,5.425604877119452,4.748836808905433,6.747311168072928e-4,0.007119188025770475,0.005257876145915087,EGF/ANGPT1/APP/CD63/VEGFA/SFRP4,6
4,GO:0009226,nucleotide-sugar biosynthetic process,6/724,29/18986,0.20689655172413793,5.425604877119452,4.748836808905433,6.747311168072928e-4,0.007119188025770475,0.005257876145915087,MPI/GPI/PMM2/NAGK/GNE/GNPDA2,6
4,GO:0033619,membrane protein proteolysis,9/724,64/18986,0.140625,3.687715814917127,4.288350055182886,6.833175452800102e-4,0.007179806390530502,0.005302645837756683,IL1B/APP/DAG1/TIMP3/TIMP1/MMP7/CLPP/ADAM8/RGMA,9
4,GO:0051785,positive regulation of nuclear division,9/724,64/18986,0.140625,3.687715814917127,4.288350055182886,6.833175452800102e-4,0.007179806390530502,0.005302645837756683,TGFA/IL1B/EREG/PDGFB/EGF/EDN1/SIRT2/RGCC/BTC,9
4,GO:0062207,regulation of pattern recognition receptor signaling pathway,17/724,184/18986,0.09239130434782608,2.4228471054527985,3.86158444714551,6.980766735481263e-4,0.007319667029278486,0.005405939909154086,APP/CD14/LYN/PCBP2/LBP/EIF2AK2/HSPA1A/SIRT2/CD300A/ERBIN/TARBP2/SRC/TREM2/NAGK/TAX1BP1/MAVS/APPL2,17
4,GO:0051208,sequestering of calcium ion,14/724,136/18986,0.10294117647058823,2.699504387390315,3.9603765617457722,7.028018393114349e-4,0.007345536543817939,0.005425045838497576,GP5/F2R/GP1BA/LYN/PKD2/ITPR1/BAX/PTPN6/LETM1/PLCB2/GP1BB/CXCL11/CCL3/FKBP1B,14
4,GO:0038179,neurotrophin signaling pathway,7/724,40/18986,0.175,4.589157458563536,4.524432937072205,7.078109016302604e-4,0.007345536543817939,0.005425045838497576,BDNF/CASP3/SRC/SPRY2/AKT1S1/CD2AP/WASF1,7
4,GO:0048873,homeostasis of number of cells within a tissue,7/724,40/18986,0.175,4.589157458563536,4.524432937072205,7.078109016302604e-4,0.007345536543817939,0.005425045838497576,F2R/VEGFA/IL7/AKT3/BAX/GIGYF2/PRDX5,7
4,GO:0070269,pyroptotic inflammatory response,7/724,40/18986,0.175,4.589157458563536,4.524432937072205,7.078109016302604e-4,0.007345536543817939,0.005425045838497576,GZMB/CASP1/CASP3/GZMA/GBP1/TREM2/CASP8,7
4,GO:1902110,positive regulation of mitochondrial membrane permeability involved in apoptotic process,7/724,40/18986,0.175,4.589157458563536,4.524432937072205,7.078109016302604e-4,0.007345536543817939,0.005425045838497576,BID/CHCHD10/BCL2L1/ATP5IF1/HSPA1A/BAX/HIP1R,7
4,GO:0002269,leukocyte activation involved in inflammatory response,8/724,52/18986,0.15384615384615385,4.034424139396515,4.362718431313617,7.327690388995049e-4,0.007588964595487905,0.005604829620227879,MMP8/IL6/APP/IFNGR1/GRN/TREM2/CCL3/AIF1,8
4,GO:0042100,B cell proliferation,11/724,92/18986,0.11956521739130435,3.135449195291857,4.088100994747739,7.44234748173691e-4,0.007691947683578393,0.0056808877774704725,CD40LG/CD40/LYN/MIF/CASP3/IL7/CD300A/BAX/TNFRSF21/VAV3/TNFSF13B,11
4,GO:0010950,positive regulation of endopeptidase activity,14/724,137/18986,0.10218978102189781,2.6797999758035247,3.92892837515923,7.559994973982532e-4,0.007797594816021983,0.005758913464606242,EFNA1/AIFM1/F2R/VSIR/LYN/CASP1/FADD/CRADD/DIABLO/PPM1F/HTRA2/LGMN/CASP8/HIP1R,14
4,GO:0032305,positive regulation of icosanoid secretion,5/724,20/18986,0.25,6.555939226519337,4.949770077310601,7.64876303664276e-4,0.007825272952872976,0.005779355151914602,IL1B/MIF/EDN1/PLA2G4A/MAP2K6,5
4,GO:0072376,protein activation cascade,5/724,20/18986,0.25,6.555939226519337,4.949770077310601,7.64876303664276e-4,0.007825272952872976,0.005779355151914602,GP5/FGA/GP1BA/THBD/GP1BB,5
4,GO:1902236,negative regulation of endoplasmic reticulum stress-induced intrinsic apoptotic signaling pathway,5/724,20/18986,0.25,6.555939226519337,4.949770077310601,7.64876303664276e-4,0.007825272952872976,0.005779355151914602,PARK7/BCL2L1/HYOU1/HSPA1A/PTPN1,5
4,GO:1903978,regulation of microglial cell activation,5/724,20/18986,0.25,6.555939226519337,4.949770077310601,7.64876303664276e-4,0.007825272952872976,0.005779355151914602,MMP8/IL6/GRN/TREM2/CCL3,5
4,GO:1904375,regulation of protein localization to cell periphery,15/724,153/18986,0.09803921568627451,2.5709565594193475,3.8846379875515775,7.681664462659575e-4,0.007843057008945756,0.005792489566101192,DAG1/STX7/EPHA2/LZTFL1/CNPY4/VAMP8/LGALS3/STX8/DAB2/BCL2L1/EIF4G1/PPP1R9B/GBP1/CNST/TREM2,15
4,GO:1903829,positive regulation of protein localization,34/724,497/18986,0.06841046277665996,1.793979345687384,3.5713392164620754,7.72120886639828e-4,0.007867538227979216,0.005810570169831983,FGA/IL1B/EGF/YAP1/APP/GZMB/HCLS1/EPHA2/VEGFA/ANG/BSG/MESD/CNPY4/LGALS3/STK11/PARK7/PDZK1/AKT2/EIF4G1/EDN1/CRKL/HTRA2/SYTL4/ITPR1/SRC/PRKAR1A/PPP1R9B/CNST/TREM2/CD2AP/PFKFB2/BAG3/MAVS/ADAM8,34
4,GO:0046660,female sex differentiation,13/724,122/18986,0.10655737704918032,2.7943347522869306,3.9588304733081463,7.788615123795412e-4,0.007907742284819008,0.005840262875048049,EREG/VEGFA/ANG/BCL2L1/INHBB/CASP3/STAT5B/BAX/SRC/CASP2/SOD1/VGF/SFRP1,13
4,GO:0050708,regulation of protein secretion,22/724,272/18986,0.08088235294117647,2.121039161520962,3.707851550952743,7.791958167471044e-4,0.007907742284819008,0.005840262875048049,FGA/IL1B/IL6/F2R/ANG/BSG/ERP29/CCL5/INHBB/SYTL4/ITPR1/CCN3/PRKAR1A/RAB11FIP3/ARFIP1/TREM2/CD2AP/PFKFB2/FOXO1/FKBP1B/SFRP1/ADAM8,22
4,GO:0051495,positive regulation of cytoskeleton organization,17/724,186/18986,0.0913978494623656,2.3967949860393274,3.811629061215954,7.885788367845197e-4,0.00798692873969732,0.005898746029401766,SDC4/CCN2/VPS4B/EDN1/PPM1F/VASP/NCK2/HSPA1A/CCL26/RGCC/BAG4/RHOC/PXN/GIT1/SFRP1/CCL11/WASF1,17
4,GO:0050767,regulation of neurogenesis,28/724,383/18986,0.0731070496083551,1.9171414970500413,3.6103113158249416,8.100667986100237e-4,0.008179285954032224,0.006040811445441499,IL1B/IL6/YAP1/DAG1/BDNF/SEMA4D/SERPINE2/VEGFA/B2M/DLL1/LYN/PLXNB3/PLXNA4/IST1/STK11/MAP2K1/MDK/SIRT2/TWF2/PPP1CC/SPART/TREM2/MAP2/ANXA2/CCL11/RGMA/APPL2/DYNLT1,28
4,GO:0070099,regulation of chemokine-mediated signaling pathway,4/724,12/18986,0.3333333333333333,8.741252302025782,5.341002874201379,8.124261078203752e-4,0.008179285954032224,0.006040811445441499,CCL5/EDN1/TREM2/SH2B3,4
4,GO:0106014,regulation of inflammatory response to wounding,4/724,12/18986,0.3333333333333333,8.741252302025782,5.341002874201379,8.124261078203752e-4,0.008179285954032224,0.006040811445441499,MDK/PTPN6/GRN/GIT1,4
4,GO:2000106,regulation of leukocyte apoptotic process,11/724,93/18986,0.11827956989247312,3.101734687815601,4.0454731087342966,8.156051485718616e-4,0.008194967039527214,0.006052392710758233,EFNA1/HCLS1/CCL5/LYN/LGALS3/MIF/FADD/BCL2L1/CD274/BAX/ADAM8,11
4,GO:0042267,natural killer cell mediated cytotoxicity,10/724,79/18986,0.12658227848101267,3.3194628995034625,4.113297090827763,8.181537488550495e-4,0.008204263981574247,0.00605925896708439,GZMB/CD226/NECTIN2/ULBP2/STAT5B/IL18/PTPN6/SH2D1A/CD160/NCR1,10
4,GO:0030279,negative regulation of ossification,7/724,41/18986,0.17073170731707318,4.477226788842475,4.437905548773645,8.258361750774101e-4,0.008248569226958954,0.006091980605002073,MDK/FGF23/CCL3/CALCA/LTBP3/SFRP1/AHSG,7
4,GO:1904994,regulation of leukocyte adhesion to vascular endothelial cell,7/724,41/18986,0.17073170731707318,4.477226788842475,4.437905548773645,8.258361750774101e-4,0.008248569226958954,0.006091980605002073,IL6/SELP/GP1BA/MDK/CCL28/IRAK1/KLF4,7
4,GO:1904035,regulation of epithelial cell apoptotic process,8/724,53/18986,0.1509433962264151,3.9583029292192218,4.2940913142743,8.346630656160354e-4,0.008320290204385489,0.00614495013116259,IL6/YAP1/TIA1/MDK/BAX/STK4/SFRP4/BTC,8
4,GO:0002709,regulation of T cell mediated immunity,12/724,108/18986,0.1111111111111111,2.9137507673419276,3.971180975937814,8.457234417697221e-4,0.008413949359653889,0.006214122098042756,IL1B/IL6/STX7/B2M/CLEC4G/NECTIN2/ULBP2/FADD/CD55/CD274/IL18/CLC,12
4,GO:0042326,negative regulation of phosphorylation,21/724,256/18986,0.08203125,2.1511675587016574,3.692241086583459,8.487406987298048e-4,0.008427378175600065,0.006224039949738161,IL1B/SEMA4D/LYN/PARK7/EIF4G1/PPM1F/PIBF1/NCK2/CRKL/SIRT2/CD300A/PRDX3/PTPN6/TARBP2/CDKN2D/CEP43/MSTN/SPRY2/PTPN1/AKT1S1/SFRP1,21
4,GO:0051341,regulation of oxidoreductase activity,9/724,66/18986,0.13636363636363635,3.5759668508287294,4.173996555137178,8.583628097736397e-4,0.008506207138423481,0.0062822590783432955,IL1B/CDH3/FXN/PARK7/EDN1/NFKB1/GZMA/PRDX5/FGF23,9
4,GO:0030510,regulation of BMP signaling pathway,13/724,124/18986,0.10483870967741936,2.749264836927464,3.891105026017471,9.077367804969577e-4,0.008977889801627444,0.006630620297954912,NBL1/ACVRL1/FSTL3/VWC2/CHRDL1/RBPMS2/FSTL1/BMPER/SPART/SFRP4/BAMBI/SFRP1/RGMA,13
4,GO:0051960,regulation of nervous system development,32/724,463/18986,0.06911447084233262,1.8124410820615016,3.523928780863289,9.208117703148104e-4,0.009089419310880961,0.006712990414342759,IL1B/IL6/YAP1/JAM2/APP/DAG1/BDNF/SEMA4D/SERPINE2/VEGFA/B2M/DLL1/LYN/PLXNB3/PLXNA4/IST1/STK11/MAP2K1/MDK/SIRT2/TWF2/TYMP/TNFRSF21/PPP1CC/SPART/TREM2/MAP2/ANXA2/CCL11/RGMA/APPL2/DYNLT1,32
4,GO:0002702,positive regulation of production of molecular mediator of immune response,14/724,140/18986,0.1,2.622375690607735,3.836244416763647,9.364450359823527e-4,0.009225717761900214,0.006813653632078429,IL1B/IL6/CD226/TNFRSF14/B2M/CD40/GPI/MIF/CD55/IL18/MAPKAPK2/CD160/TNFSF13/MAVS,14
4,GO:0032368,regulation of lipid transport,15/724,156/18986,0.09615384615384616,2.521515087122822,3.7993894888489415,9.387406033319255e-4,0.009230340484901851,0.006817067744040565,IL1B/EGF/FABP3/TRIAP1/DBI/MIF/DAB2/AKT2/EDN1/PLA2G4A/MAP2K6/NFKB1/TREM2/ANXA2/C1QTNF1,15
4,GO:0007178,cell surface receptor protein serine/threonine kinase signaling pathway,30/724,425/18986,0.07058823529411765,1.8510887227819306,3.5332065776104455,9.431426544892091e-4,0.009255617428715463,0.006835736030288679,TGFBR2/NBL1/RGMB/ACVRL1/FSTL3/VWC2/CHRDL1/LRG1/STK11/CDH3/DAB2/INHBB/RBPMS2/HSPA1A/FUT8/CCN3/PXN/SRC/FSTL1/MSTN/SPRY2/BMPER/AXIN1/SPART/SFRP4/BAMBI/LTBP3/SFRP1/RGMA/APPL2,30
4,GO:0031103,axon regeneration,8/724,54/18986,0.14814814814814814,3.8850010231225696,4.227124295567406,9.476229363373201e-4,0.009263609903769471,0.0068416388725483805,DAG1/SCARF1/MAP2K1/STK24/GRN/FKBP1B/KLF4/RGMA,8
4,GO:2000117,negative regulation of cysteine-type endopeptidase activity,8/724,54/18986,0.14814814814814814,3.8850010231225696,4.227124295567406,9.476229363373201e-4,0.009263609903769471,0.0068416388725483805,MMP9/TRIAP1/VEGFA/PLAUR/DNAJB6/CDKN2D/SRC/LAMP3,8
4,GO:0036293,response to decreased oxygen levels,25/724,331/18986,0.0755287009063444,1.9806462919997996,3.583679607009566,9.568843761731202e-4,0.009301511380188547,0.00686963100704988,HSPG2/PENK/ACVRL1/AIFM1/VEGFA/ANG/MB/LONP1/EDN1/HYOU1/CASP3/SIRT2/ENO1/RGCC/ITPR1/SRC/NOS1/COMT/MSTN/PTPN1/TREM2/VEGFB/IRAK1/SFRP1/ADAM8,25
4,GO:0030888,regulation of B cell proliferation,9/724,67/18986,0.13432835820895522,3.522594211264121,4.118472042107729,9.586378511768925e-4,0.009301511380188547,0.00686963100704988,CD40/LYN/MIF/CASP3/IL7/CD300A/TNFRSF21/VAV3/TNFSF13B,9
4,GO:0034394,protein localization to cell surface,9/724,67/18986,0.13432835820895522,3.522594211264121,4.118472042107729,9.586378511768925e-4,0.009301511380188547,0.00686963100704988,EGF/ANGPT1/BDNF/MESD/FCN1/AP3B1/JAM3/COMMD1/GOPC,9
4,GO:0045454,cell redox homeostasis,7/724,42/18986,0.16666666666666666,4.370626151012891,4.354114076372531,9.588617786066943e-4,0.009301511380188547,0.00686963100704988,GLRX5/PRDX3/NOS1/TXNRD1/PRDX5/APEX1/GIT1,7
4,GO:0007160,cell-matrix adhesion,20/724,241/18986,0.08298755186721991,2.1762453863964604,3.6590146348299895,9.681658106681408e-4,0.00936340609718233,0.006915343348803145,FGA/SDC4/ITGA6/DAG1/CCN2/ACVRL1/CD63/NID2/HPSE/VEGFA/NID1/RRAS/PPM1F/MINK1/JAM3/BCR/SRC/CCL28/ANXA2/SFRP1,20
4,GO:0048670,regulation of collateral sprouting,5/724,21/18986,0.23809523809523808,6.24375164430413,4.787135857633711,9.726529879344524e-4,0.00936340609718233,0.006915343348803145,BDNF/SEMA4D/IST1/SPART/RGMA,5
4,GO:0051930,regulation of sensory perception of pain,5/724,21/18986,0.23809523809523808,6.24375164430413,4.787135857633711,9.726529879344524e-4,0.00936340609718233,0.006915343348803145,FABP5/F2R/MGLL/CCN3/CCL3,5
4,GO:0051931,regulation of sensory perception,5/724,21/18986,0.23809523809523808,6.24375164430413,4.787135857633711,9.726529879344524e-4,0.00936340609718233,0.006915343348803145,FABP5/F2R/MGLL/CCN3/CCL3,5
4,GO:0030098,lymphocyte differentiation,30/724,426/18986,0.07042253521126761,1.8467434440899542,3.5193954726950123,9.788856347914834e-4,0.009405490490943264,0.006946424776807285,CD40LG/IL1B/TGFBR2/IL6/LY6D/CLEC4D/VSIR/B2M/DLL1/CLEC4G/TOP2B/STK11/AP3B1/FADD/CD69/MDK/IL7/STAT5B/CD83/IL18/PGLYRP1/BAX/PTPN6/CD46/IL2RA/SOD1/CTSL/SFRP1/ADAM8/TNFSF13B,30
4,GO:0034976,response to endoplasmic reticulum stress,22/724,277/18986,0.07942238267148015,2.0827532560783455,3.614469047970991,9.899088753280013e-4,0.009484598096305672,0.007004849696852918,APP/AIFM1/TNFRSF10B/ERP29/PDIA4/PARK7/BCL2L1/EIF4G1/MANF/HYOU1/EIF2AK2/NCK2/HSPA1A/ERN1/UBXN1/GORASP2/ITPR1/BAX/UMOD/PTPN1/USP25/TRIM25,22
4,GO:0032611,interleukin-1 beta production,12/724,110/18986,0.10909090909090909,2.860773480662983,3.8970437446804387,9.956256949522596e-4,0.009484598096305672,0.007004849696852918,IL6/APP/LILRA5/F2R/CASP1/TMEM106A/SERPINB1/ACP5/TREM2/CCL3/CASP8/GIT1,12
4,GO:0032651,regulation of interleukin-1 beta production,12/724,110/18986,0.10909090909090909,2.860773480662983,3.8970437446804387,9.956256949522596e-4,0.009484598096305672,0.007004849696852918,IL6/APP/LILRA5/F2R/CASP1/TMEM106A/SERPINB1/ACP5/TREM2/CCL3/CASP8/GIT1,12
4,GO:0002260,lymphocyte homeostasis,10/724,81/18986,0.12345679012345678,3.2375008526021416,4.018072722185612,9.965020951995076e-4,0.009484598096305672,0.007004849696852918,TNFSF14/LAT/LYN/MIF/FADD/CASP3/STAT5B/BAX/IL2RA/TNFSF13B,10
4,GO:1903036,positive regulation of response to wounding,10/724,81/18986,0.12345679012345678,3.2375008526021416,4.018072722185612,9.965020951995076e-4,0.009484598096305672,0.007004849696852918,SCARF1/SMOC2/HPSE/F2R/THBD/MDK/STK24/GRN/VEGFB/FKBP1B,10
4,GO:0060070,canonical Wnt signaling pathway,25/724,332/18986,0.07530120481927711,1.974680489915463,3.5673501825668197,9.985637600250727e-4,0.00948635572023819,0.007006147789966181,IGFBP6/EGF/YAP1/APP/USP8/RSPO3/NID1/STK11/CDH3/VPS4B/WNT9A/DAB2/EDN1/MDK/RSPO1/STK4/SRC/NFKB1/AXIN1/TBL1X/SFRP4/BAMBI/FOXO1/KLF4/SFRP1,25
4,GO:0031623,receptor internalization,14/724,141/18986,0.09929078014184398,2.6037772814544886,3.8058875923810365,0.0010041193298127274,0.009521236571995356,0.007031909042195975,EGF/ANGPT1/APP/CD63/VEGFA/PPP3R1/RSPO1/DNM3/SFRP4/HGS/RABEP1/ANXA2/CALCA/DNM1,14
4,GO:0010959,regulation of metal ion transport,29/724,408/18986,0.07107843137254902,1.8639435055790272,3.5125002287653775,0.0010234734934144066,0.00968658246388841,0.00715402524669325,CD84/PDGFB/EGF/LILRA5/SERPINE2/CD63/SCN4B/F2R/B2M/SPINK1/CCL5/LYN/LGALS3/CACNB3/FXYD5/PPP3R1/PKD2/BAX/PTPN6/COMMD1/NOS1/EHD3/TREM2/CXCL11/CCL3/SLMAP/WWP2/FKBP1B/CALCA,29
4,GO:0032956,regulation of actin cytoskeleton organization,26/724,352/18986,0.07386363636363637,1.936982044198895,3.533051509227424,0.0010571295713138558,0.009986416548449024,0.007375467702663911,SDC4/PDGFA/TMSB10/CCN2/HCLS1/GMFG/ESAM/EDN1/PPM1F/VASP/NCK2/JAM3/TWF2/CCL26/WASHC3/RGCC/BAG4/RHOC/PXN/BST2/ARFIP1/CD2AP/HIP1R/SFRP1/CCL11/WASF1,26
4,GO:0060760,positive regulation of response to cytokine stimulus,9/724,68/18986,0.1323529411764706,3.47079135521612,4.063996577776834,0.0010682059915346027,0.010072225897790825,0.007438842195565006,MMP8/CD40/CASP1/FADD/EDN1/HSPA1A/IL7/TREM2/MAVS,9
4,GO:0034762,regulation of transmembrane transport,33/724,487/18986,0.06776180698151951,1.7769691537999026,3.4585538843443984,0.0010756729381199098,0.01010254477964307,0.007461234205030789,MMP9/IL1B/CD63/SCN4B/FABP5/F2R/CTSS/LYN/CACNB3/PARK7/PDZK1/FXYD5/AKT2/EDN1/PPP3R1/MINK1/PKD2/BAX/PTPN6/COMMD1/NOS1/YWHAQ/EHD3/GOPC/TREM2/CXCL11/PPIF/SLMAP/WWP2/ASPSCR1/FKBP1B/CALCA/APPL2,33
4,GO:0006892,post-Golgi vesicle-mediated transport,12/724,111/18986,0.10810810810810811,2.835000746602957,3.860598780429434,0.0010784843970574004,0.01010254477964307,0.007461234205030789,SCAMP3/SNAP23/VTI1A/RAB10/COMMD1/RAB11FIP3/AP3S2/CNST/EHD3/GOPC/RABEP1/AMN,12
4,GO:0007229,integrin-mediated signaling pathway,12/724,111/18986,0.10810810810810811,2.835000746602957,3.860598780429434,0.0010784843970574004,0.01010254477964307,0.007461234205030789,CD40LG/ITGA6/CCN2/CD63/LAT/TIMP1/MPIG6B/NID1/FUT8/ERBIN/SRC/VAV3,12
4,GO:0031348,negative regulation of defense response,23/724,297/18986,0.07744107744107744,2.030795989359525,3.564990093671583,0.0010794171311846574,0.01010254477964307,0.007461234205030789,SERPING1/TNFAIP8L2/LYN/PCBP2/STAT2/MDK/BCR/PGLYRP1/CCN3/PTPN6/TARBP2/SRC/NFKB1/GRN/GIGYF2/CXCL17/IL2RA/ACP5/TREM2/GIT1/SOD1/MAVS/KLF4,23
4,GO:0046883,regulation of hormone secretion,21/724,261/18986,0.08045977011494253,2.10995745221312,3.595142312629346,0.001084981866177066,0.010135856472567269,0.007485836555042079,OSM/FGA/IL1B/IL6/SPINK1/CCL5/VAMP8/DAB2/EDN1/INHBB/SYTL4/ITPR1/CCN3/PRKAR1A/RAB11FIP3/FGF23/PFKFB2/C1QTNF1/FOXO1/FKBP1B/SFRP1,21
4,GO:0006413,translational initiation,13/724,127/18986,0.10236220472440945,2.6843215730630354,3.7919967464044086,0.001134243013203023,0.010478653882884244,0.007739009574221052,CCL5/AKT2/EIF4G1/EIF4E/EIF2AK2/NCK2/MTIF3/EIF4B/GIGYF2/IMPACT/BANK1/EIF4EBP1/DENR,13
4,GO:0022612,gland morphogenesis,13/724,127/18986,0.10236220472440945,2.6843215730630354,3.7919967464044086,0.001134243013203023,0.010478653882884244,0.007739009574221052,TGFA/TGFBR2/IL6/PDGFA/DAG1/EPHA2/MDK/BAX/SRC/NFKB1/EDAR/SFRP1/CCL11,13
4,GO:0030213,hyaluronan biosynthetic process,4/724,13/18986,0.3076923076923077,8.06884827879303,5.076363908679051,0.0011382629564114465,0.010478653882884244,0.007739009574221052,IL1B/PDGFB/EGF/NFKB1,4
4,GO:0034111,negative regulation of homotypic cell-cell adhesion,4/724,13/18986,0.3076923076923077,8.06884827879303,5.076363908679051,0.0011382629564114465,0.010478653882884244,0.007739009574221052,SERPINE2/PRKG1/C1QTNF1/SH2B3,4
4,GO:0036462,TRAIL-activated apoptotic signaling pathway,4/724,13/18986,0.3076923076923077,8.06884827879303,5.076363908679051,0.0011382629564114465,0.010478653882884244,0.007739009574221052,TNFRSF10B/FADD/PARK7/CASP8,4
4,GO:0048680,positive regulation of axon regeneration,4/724,13/18986,0.3076923076923077,8.06884827879303,5.076363908679051,0.0011382629564114465,0.010478653882884244,0.007739009574221052,SCARF1/STK24/GRN/FKBP1B,4
4,GO:0070572,positive regulation of neuron projection regeneration,4/724,13/18986,0.3076923076923077,8.06884827879303,5.076363908679051,0.0011382629564114465,0.010478653882884244,0.007739009574221052,SCARF1/STK24/GRN/FKBP1B,4
4,GO:1903624,regulation of DNA catabolic process,4/724,13/18986,0.3076923076923077,8.06884827879303,5.076363908679051,0.0011382629564114465,0.010478653882884244,0.007739009574221052,IL6/AIFM1/DFFA/BAX,4
4,GO:0046330,positive regulation of JNK cascade,11/724,97/18986,0.1134020618556701,2.97382810275104,3.8805307255624997,0.0011602567973044264,0.010661705188321038,0.007874202111466978,IL1B/TNFRSF19/APP/CCN2/EDA2R/LTBR/EDN1/MINK1/FLT4/AXIN1/EDAR,11
4,GO:0140888,interferon-mediated signaling pathway,12/724,112/18986,0.10714285714285714,2.8096882399368583,3.824557677062233,0.0011669881582776745,0.010693718122290618,0.007897845263083443,IL10RB/IFNGR1/STAT2/FADD/CDC37/IFNLR1/PTPN6/GIGYF2/PTPN1/IRAK1/AZI2/MAVS,12
4,GO:0097205,renal filtration,6/724,32/18986,0.1875,4.916954419889502,4.415434874182469,0.0011679723790076022,0.010693718122290618,0.007897845263083443,PDGFB/F2R/ADGRF5/EDN1/UMOD/COMT,6
4,GO:0030225,macrophage differentiation,9/724,69/18986,0.13043478260869565,3.42049003122748,4.010533297279147,0.0011876899771632208,0.010854584348251208,0.008016653010413592,MMP9/APP/PF4/HCLS1/VEGFA/FADD/CASP8/CASP10/CALCA,9
4,GO:0042176,regulation of protein catabolic process,27/724,374/18986,0.07219251336898395,1.8931589210269741,3.4735090455226207,0.0011989303617791882,0.010937534383451294,0.00807791575692381,IL1B/APP/SERPINE2/ATRAID/USP8/TIMP3/TIMP1/DAB2/PARK7/C4BPB/FHIT/HSPA1A/SIRT2/UBXN1/NUB1/COMMD1/AXIN1/USP25/LAMP3/HGS/TREM2/ANXA2/FOXO1/RAD23B/TNFSF12/ADAM8/RGMA,27
4,GO:0002279,mast cell activation involved in immune response,8/724,56/18986,0.14285714285714285,3.7462509865824782,4.0978810423214185,0.0012101728106276447,0.011006778297204365,0.00812905584776762,CD84/LAT/LYN/VAMP8/SNAP23/CD300A/PTPN6/STXBP1,8
4,GO:0008277,regulation of G protein-coupled receptor signaling pathway,15/724,160/18986,0.09375,2.458477209944751,3.6887653184842306,0.001215097840432804,0.011006778297204365,0.00812905584776762,PALM/APP/APLP1/CCL5/RGS10/EDN1/MGLL/NOS1/PPP1R9B/TREM2/GIT1/KLK6/CALCA/SH2B3/DYNLT1,15
4,GO:0032303,regulation of icosanoid secretion,5/724,22/18986,0.22727272727272727,5.959944751381215,4.6347212661018995,0.0012195876229589323,0.011006778297204365,0.00812905584776762,IL1B/MIF/EDN1/PLA2G4A/MAP2K6,5
4,GO:0035739,"CD4-positive, alpha-beta T cell proliferation",5/724,22/18986,0.22727272727272727,5.959944751381215,4.6347212661018995,0.0012195876229589323,0.011006778297204365,0.00812905584776762,TGFBR2/VSIR/CD55/CD274/IL2RA,5
4,GO:0090026,positive regulation of monocyte chemotaxis,5/724,22/18986,0.22727272727272727,5.959944751381215,4.6347212661018995,0.0012195876229589323,0.011006778297204365,0.00812905584776762,APP/CCL5/LGMN/CXCL17/AIF1,5
4,GO:2000561,"regulation of CD4-positive, alpha-beta T cell proliferation",5/724,22/18986,0.22727272727272727,5.959944751381215,4.6347212661018995,0.0012195876229589323,0.011006778297204365,0.00812905584776762,TGFBR2/VSIR/CD55/CD274/IL2RA,5
4,GO:0007264,small GTPase-mediated signal transduction,33/724,491/18986,0.06720977596741344,1.7624928266813695,3.4083937099882475,0.0012319004875341784,0.011098083893044097,0.008196489593388116,SEMA4D/LAT/F2R/USP8/PARK7/ARHGEF1/RRAS/DOK2/USO1/CRKL/FGD3/GRAP2/DBNL/ARHGAP45/BCR/RHOC/DOK1/STAMBP/SRC/YWHAQ/DNMBP/SPRY2/VAV3/CD2AP/BRAP/FAM13A/ARHGEF12/RAB33A/AIF1/GIT1/CHM/EPS8L2/WASF1,33
4,GO:0001910,regulation of leukocyte mediated cytotoxicity,11/724,98/18986,0.11224489795918367,2.94348291802909,3.840618709471733,0.0012629536785225283,0.01134576966745578,0.008379417916147335,CD226/STX7/B2M/ICAM1/NECTIN2/ULBP2/FADD/STAT5B/SH2D1A/CD160/NCR1,11
4,GO:0043254,regulation of protein-containing complex assembly,30/724,433/18986,0.06928406466512702,1.816888469243234,3.4237343204089563,0.001263883720375466,0.01134576966745578,0.008379417916147335,BID/TMSB10/SELP/HCLS1/VEGFA/ESAM/LGALS3/PARK7/EIF4G1/VASP/EIF2AK2/NCK2/HSPA1A/JAM3/SIRT2/TWF2/CCL26/BAG4/RHOC/MMP1/BAX/SRC/STXBP1/FKBP4/TREM2/MAP2/GIT1/HIP1R/MAVS/CCL11,30
4,GO:0002228,natural killer cell mediated immunity,10/724,84/18986,0.11904761904761904,3.121875822152065,3.880664899528388,0.0013226443480646476,0.01185038012096054,0.008752097954496925,GZMB/CD226/NECTIN2/ULBP2/STAT5B/IL18/PTPN6/SH2D1A/CD160/NCR1,10
4,GO:0071453,cellular response to oxygen levels,16/724,178/18986,0.0898876404494382,2.3571916320069524,3.62226551244194,0.0013247852727231314,0.01185038012096054,0.008752097954496925,AIFM1/VEGFA/EDN1/HYOU1/SIRT2/ENO1/RGCC/SRC/MSTN/PTPN1/TREM2/IRAK1/ATP6V1G1/FOXO1/SFRP1/ADAM8,16
4,GO:1902107,positive regulation of leukocyte differentiation,17/724,195/18986,0.08717948717948718,2.2861736789913585,3.594532310126943,0.0013303046242077433,0.011857777020715934,0.0087575609346341,TGFBR2/PF4/HCLS1/VSIR/AP3B1/FADD/MDK/IL7/STAT5B/CD83/IL18/CD46/IL2RA/TREM2/CASP8/CALCA/ADAM8,17
4,GO:1903708,positive regulation of hemopoiesis,17/724,195/18986,0.08717948717948718,2.2861736789913585,3.594532310126943,0.0013303046242077433,0.011857777020715934,0.0087575609346341,TGFBR2/PF4/HCLS1/VSIR/AP3B1/FADD/MDK/IL7/STAT5B/CD83/IL18/CD46/IL2RA/TREM2/CASP8/CALCA/ADAM8,17
4,GO:0030198,extracellular matrix organization,25/724,339/18986,0.07374631268436578,1.9339053765543766,3.4546070420515926,0.0013368894292612823,0.01189549150613824,0.008785414966939414,MMP9/MMP8/COL15A1/IL6/APP/DAG1/SMOC2/NID2/APLP1/CTSS/SPINT2/NID1/DNAJB6/MIA/SERPINH1/PHLDB1/RGCC/MMP1/B4GALT1/MMP7/CCDC80/COL2A1/ANXA2/PRSS2/ADAM8,25
4,GO:0002686,negative regulation of leukocyte migration,8/724,57/18986,0.14035087719298245,3.680527285063487,4.035471078070396,0.0013615639117719352,0.01207734660476437,0.008919724045673975,NBL1/MIF/CD69/CD300A/C5/BCR/CCN3/CCL28,8
4,GO:0007173,epidermal growth factor receptor signaling pathway,12/724,114/18986,0.10526315789473684,2.7603954637976154,3.7536529533979275,0.0013621067599358311,0.01207734660476437,0.008919724045673975,MMP9/TGFA/EREG/EGF/PLAUR/NCK2/ERBIN/SRC/SPRY2/EFEMP1/BTC/HIP1R,12
4,GO:0042113,B cell activation,22/724,284/18986,0.07746478873239436,2.0314177884989495,3.4869857739684376,0.0013663694617083654,0.012093925147940592,0.008931968128339688,CD40LG/IL6/DLL1/CD40/LYN/TOP2B/MIF/CASP3/IL7/CD300A/STAT5B/BAX/PTPN6/SKAP2/BST2/TNFRSF21/VAV3/BANK1/TNFSF13/CASP8/SFRP1/TNFSF13B,22
4,GO:0051262,protein tetramerization,11/724,99/18986,0.1111111111111111,2.9137507673419276,3.8012103193375277,0.0013730034395430077,0.012131397523514616,0.00895964335042235,APP/B2M/VASP/ACOT13/PKD2/ITPR1/STK4/RRM2/SHMT1/DNM1/APPL2,11
4,GO:0006308,DNA catabolic process,6/724,33/18986,0.18181818181818182,4.767955801104972,4.313444386622555,0.0013820898783475115,0.012147969122031867,0.008971882304110345,IL6/AIFM1/DFFA/BAX/SETMAR/APEX1,6
4,GO:0050869,negative regulation of B cell activation,6/724,33/18986,0.18181818181818182,4.767955801104972,4.313444386622555,0.0013820898783475115,0.012147969122031867,0.008971882304110345,LYN/CASP3/CD300A/TNFRSF21/BANK1/SFRP1,6
4,GO:0097345,mitochondrial outer membrane permeabilization,6/724,33/18986,0.18181818181818182,4.767955801104972,4.313444386622555,0.0013820898783475115,0.012147969122031867,0.008971882304110345,BID/CHCHD10/BCL2L1/ATP5IF1/HSPA1A/HIP1R,6
4,GO:0043062,extracellular structure organization,25/724,340/18986,0.07352941176470588,1.9282174195645108,3.4387194700343233,0.0013924916524657575,0.012218147242295032,0.00902371235314981,MMP9/MMP8/COL15A1/IL6/APP/DAG1/SMOC2/NID2/APLP1/CTSS/SPINT2/NID1/DNAJB6/MIA/SERPINH1/PHLDB1/RGCC/MMP1/B4GALT1/MMP7/CCDC80/COL2A1/ANXA2/PRSS2/ADAM8,25
4,GO:0032612,interleukin-1 production,13/724,130/18986,0.1,2.622375690607735,3.6957172438300536,0.001406072429427133,0.012255108306842018,0.0090510099464857,IL6/APP/LILRA5/F2R/CASP1/TMEM106A/SERPINB1/ACP5/TREM2/CCL3/CASP8/GIT1/CALCA,13
4,GO:0032652,regulation of interleukin-1 production,13/724,130/18986,0.1,2.622375690607735,3.6957172438300536,0.001406072429427133,0.012255108306842018,0.0090510099464857,IL6/APP/LILRA5/F2R/CASP1/TMEM106A/SERPINB1/ACP5/TREM2/CCL3/CASP8/GIT1/CALCA,13
4,GO:0050830,defense response to Gram-positive bacterium,13/724,130/18986,0.1,2.622375690607735,3.6957172438300536,0.001406072429427133,0.012255108306842018,0.0090510099464857,IL1B/IL6/APP/TNFRSF14/EPHA2/B2M/ANG/LBP/IL18/PGLYRP1/MMP7/ACP5/CALCA,13
4,GO:0008154,actin polymerization or depolymerization,17/724,196/18986,0.08673469387755102,2.274509527567933,3.5711504461024246,0.0014064034068002314,0.012255108306842018,0.0090510099464857,TMSB10/HCLS1/ANG/ESAM/VASP/NCK2/TWF2/CCL26/WASHC3/BAG4/PPP1R9B/PSTPIP2/CD2AP/AIF1/HIP1R/CCL11/WASF1,17
4,GO:0045229,external encapsulating structure organization,25/724,341/18986,0.07331378299120235,1.9225628230261986,3.422885407340691,0.0014500741071051537,0.012613897654577362,0.009315993810661971,MMP9/MMP8/COL15A1/IL6/APP/DAG1/SMOC2/NID2/APLP1/CTSS/SPINT2/NID1/DNAJB6/MIA/SERPINH1/PHLDB1/RGCC/MMP1/B4GALT1/MMP7/CCDC80/COL2A1/ANXA2/PRSS2/ADAM8,25
4,GO:0001912,positive regulation of leukocyte mediated cytotoxicity,9/724,71/18986,0.1267605633802817,3.3241381993619172,3.90650482396144,0.0014590115240096678,0.012623483913647239,0.009323073742068422,CD226/STX7/B2M/NECTIN2/ULBP2/FADD/STAT5B/SH2D1A/CD160,9
4,GO:0002704,negative regulation of leukocyte mediated immunity,9/724,71/18986,0.1267605633802817,3.3241381993619172,3.90650482396144,0.0014590115240096678,0.012623483913647239,0.009323073742068422,CD84/CLEC4G/C4BPB/CD300A/CD274/BCR/PTPN6/BST2/CD46,9
4,GO:0060338,regulation of type I interferon-mediated signaling pathway,7/724,45/18986,0.15555555555555556,4.079251074278699,4.117658459440568,0.0014611670141439722,0.012623483913647239,0.009323073742068422,STAT2/FADD/CDC37/PTPN6/GIGYF2/PTPN1/MAVS,7
4,GO:1990000,amyloid fibril formation,7/724,45/18986,0.15555555555555556,4.079251074278699,4.117658459440568,0.0014611670141439722,0.012623483913647239,0.009323073742068422,HSPG2/APP/USP8/B2M/FUS/TREM2/CDSN,7
4,GO:0014909,smooth muscle cell migration,11/724,100/18986,0.11,2.8846132596685083,3.7622934312929384,0.0014907970775913117,0.012857488788645887,0.009495898036893824,TAFA5/PDGFB/PDGFA/S100A11/CCL5/MDK/CCN3/PRKG1/SRC/PTPN1/AIF1,11
4,GO:0048588,developmental cell growth,19/724,232/18986,0.08189655172413793,2.1476352638597827,3.5018806115883954,0.001496317393829332,0.012883114324384062,0.009514823775699474,TGFBR2/APP/BDNF/SEMA4D/VEGFA/PLXNA4/IST1/STK11/EDN1/TWF2/PRKG1/SSNA1/IMPACT/SPART/CD2AP/MAP2/PDLIM5/RGMA/WASF1,19
4,GO:0031663,lipopolysaccharide-mediated signaling pathway,8/724,58/18986,0.13793103448275862,3.6170699180796344,3.9744530699520793,0.0015276216106815837,0.013130271463239326,0.00969736167468116,MTDH/CD14/LYN/MIF/LBP/IRAK4/CD55/IRAK1,8
4,GO:0051608,histamine transport,4/724,14/18986,0.2857142857142857,7.4925019731649565,4.838602714592004,0.0015457762646142953,0.013241276680272286,0.009779344575062073,LYN/VAMP8/SNAP23/EDN1,4
4,GO:0072672,neutrophil extravasation,4/724,14/18986,0.2857142857142857,7.4925019731649565,4.838602714592004,0.0015457762646142953,0.013241276680272286,0.009779344575062073,XG/CD99/MDK/ADAM8,4
4,GO:0090263,positive regulation of canonical Wnt signaling pathway,12/724,116/18986,0.10344827586206896,2.712802438559726,3.684263908872097,0.001583426766952887,0.013529522931160698,0.00999222883675168,EGF/YAP1/USP8/RSPO3/CDH3/RSPO1/SRC/NFKB1/TBL1X/SFRP4/BAMBI/SFRP1,12
4,GO:0006446,regulation of translational initiation,10/724,86/18986,0.11627906976744186,3.0492740588462035,3.7924405420298313,0.0015847798922135206,0.013529522931160698,0.00999222883675168,CCL5/AKT2/EIF4G1/EIF2AK2/NCK2/EIF4B/GIGYF2/IMPACT/BANK1/EIF4EBP1,10
4,GO:0006516,glycoprotein catabolic process,6/724,34/18986,0.17647058823529413,4.627721806954826,4.215473125466134,0.0016248827189368027,0.013848494538796966,0.010227805309931486,HPSE/GLB1/GPC1/IDUA/OGA/CTSL,6
4,GO:0009225,nucleotide-sugar metabolic process,7/724,46/18986,0.15217391304347827,3.9905717030987273,4.04337072908048,0.001667673819532078,0.014165417620025416,0.010461868843981863,MPI/GPI/PMM2/FUT8/NAGK/GNE/GNPDA2,7
4,GO:0043300,regulation of leukocyte degranulation,7/724,46/18986,0.15217391304347827,3.9905717030987273,4.04337072908048,0.001667673819532078,0.014165417620025416,0.010461868843981863,CD84/LYN/VAMP8/CD300A/BCR/STXBP1/CD160,7
4,GO:1903076,regulation of protein localization to plasma membrane,12/724,117/18986,0.10256410256410256,2.68961609293101,3.650118304007116,0.0017047173397933334,0.014455774220328033,0.010676311704180784,STX7/EPHA2/CNPY4/VAMP8/LGALS3/STX8/DAB2/BCL2L1/PPP1R9B/GBP1/CNST/TREM2,12
4,GO:0070585,protein localization to mitochondrion,13/724,133/18986,0.09774436090225563,2.563224359240643,3.602112854982854,0.0017299447993943398,0.014645127330216067,0.01081615843895324,BID/GZMB/AIFM1/TOMM20/GRPEL1/AP3B1/ATP5IF1/TIMM10/HTRA2/BAG4/BAX/TIMM8A/MAVS,13
4,GO:0017157,regulation of exocytosis,16/724,183/18986,0.08743169398907104,2.292787489055943,3.498964425959537,0.0017666993564171205,0.014931268473799542,0.011027487973693203,FGA/SDC4/CD84/LYN/VAMP8/VPS4B/CD300A/SYTL4/BCR/RAB27B/STXBP1/CD160/HGS/ANXA2/GIT1/RAB2B,16
4,GO:0051898,negative regulation of phosphatidylinositol 3-kinase/protein kinase B signal transduction,9/724,73/18986,0.1232876712328767,3.233065919927344,3.8061261375256596,0.001778040482152203,0.015002031046406065,0.011079749669996858,PIK3IP1/DAG1/SERPINE2/STAMBP/MSTN/PTPN1/TREM2/BANK1/SH2B3,9
4,GO:0034101,erythrocyte homeostasis,14/724,150/18986,0.09333333333333334,2.4475506445672193,3.543932735608371,0.0018200730676973544,0.015331082140237384,0.011322770347464593,HCLS1/VEGFA/B2M/MB/LYN/MPIG6B/GPI/ADGRF5/ATP5IF1/HSPA1A/CASP3/STAT5B/TRIM58/SH2B3,14
4,GO:0042177,negative regulation of protein catabolic process,12/724,118/18986,0.1016949152542373,2.666822736211256,3.616328718550852,0.0018335429632000333,0.015418845484214589,0.011387587963056866,SERPINE2/ATRAID/USP8/TIMP3/TIMP1/PARK7/FHIT/SIRT2/UBXN1/USP25/LAMP3/ANXA2,12
4,GO:0097066,response to thyroid hormone,5/724,24/18986,0.20833333333333334,5.463282688766115,4.356305803976023,0.001848122514001197,0.015489902463950333,0.011440067093738755,C2/CTSS/STK11/INHBB/CTSL,5
4,GO:1901028,regulation of mitochondrial outer membrane permeabilization involved in apoptotic signaling pathway,5/724,24/18986,0.20833333333333334,5.463282688766115,4.356305803976023,0.001848122514001197,0.015489902463950333,0.011440067093738755,CHCHD10/BCL2L1/ATP5IF1/HSPA1A/HIP1R,5
4,GO:0071772,response to BMP,16/724,184/18986,0.08695652173913043,2.280326687484987,3.4747862962296128,0.0018684729452617794,0.015608697959261212,0.011527803503955233,NBL1/RGMB/ACVRL1/FSTL3/VWC2/SPINT2/CHRDL1/RBPMS2/FSTL1/BMPER/SPART/SFRP4/COL2A1/BAMBI/SFRP1/RGMA,16
4,GO:0071773,cellular response to BMP stimulus,16/724,184/18986,0.08695652173913043,2.280326687484987,3.4747862962296128,0.0018684729452617794,0.015608697959261212,0.011527803503955233,NBL1/RGMB/ACVRL1/FSTL3/VWC2/SPINT2/CHRDL1/RBPMS2/FSTL1/BMPER/SPART/SFRP4/COL2A1/BAMBI/SFRP1/RGMA,16
4,GO:0034103,regulation of tissue remodeling,10/724,88/18986,0.11363636363636363,2.9799723756906076,3.7067471255172917,0.00188752567750548,0.01568021863988032,0.011580625100913424,IL6/MDK/IL18/BCR/FLT4/SRC/CALCA/LTBP3/SFRP1/ADAM8,10
4,GO:0016050,vesicle organization,27/724,386/18986,0.06994818652849741,1.8343042395442704,3.297327201287817,0.0018896377228985405,0.01568021863988032,0.011580625100913424,SDC4/SERPINE2/STX7/F2R/USP8/NECTIN2/VTA1/VAMP8/IST1/STX8/VPS4B/AP3B1/SNAP23/CHMP1A/SEC31A/VTI1A/USO1/ACRBP/SPINK2/AP3S2/STXBP1/VAV3/DNM3/HGS/ANXA2/ATP6V1G1/DNM1,27
4,GO:0110053,regulation of actin filament organization,21/724,273/18986,0.07692307692307693,2.0172120696982576,3.3707111215366647,0.0018925871845443028,0.01568021863988032,0.011580625100913424,SDC4/TMSB10/CCN2/HCLS1/GMFG/ESAM/PPM1F/VASP/NCK2/TWF2/CCL26/WASHC3/RGCC/BAG4/RHOC/PXN/ARFIP1/HIP1R/SFRP1/CCL11/WASF1,21
4,GO:0032755,positive regulation of interleukin-6 production,11/724,103/18986,0.10679611650485436,2.8005953977364157,3.6483766385147267,0.0018947330400427257,0.01568021863988032,0.011580625100913424,IL1B/EREG/IL6/APP/LILRA5/F2R/BSG/TMEM106A/LBP/AIF1/MAVS,11
4,GO:0032892,positive regulation of organic acid transport,7/724,47/18986,0.14893617021276595,3.9056659221817323,3.971151918549004,0.0018961664035751478,0.01568021863988032,0.011580625100913424,IL1B/FABP3/MIF/EDN1/PLA2G4A/MAP2K6/STXBP1,7
4,GO:1902622,regulation of neutrophil migration,7/724,47/18986,0.14893617021276595,3.9056659221817323,3.971151918549004,0.0018961664035751478,0.01568021863988032,0.011580625100913424,XG/LBP/EDN1/CD99/MDK/JAM3/ADAM8,7
4,GO:1902624,positive regulation of neutrophil migration,6/724,35/18986,0.17142857142857143,4.495501183898974,4.121239223593701,0.001898752237357886,0.01568021863988032,0.011580625100913424,XG/LBP/EDN1/CD99/MDK/ADAM8,6
4,GO:0046456,icosanoid biosynthetic process,8/724,60/18986,0.13333333333333333,3.496500920810313,3.856366952743012,0.0019076952689900382,0.015728371760971704,0.011616188587342105,IL1B/FABP5/CASP1/MIF/EDN1/PLA2G4A/PIBF1/PTGES2,8
4,GO:0030514,negative regulation of BMP signaling pathway,9/724,74/18986,0.12162162162162163,3.1893758399283265,3.757230733670621,0.0019572414470089457,0.016110583506813048,0.011898471063078555,NBL1/FSTL3/VWC2/CHRDL1/RBPMS2/BMPER/SPART/BAMBI/SFRP1,9
4,GO:0051258,protein polymerization,22/724,293/18986,0.07508532423208192,1.969019289876115,3.3283358606834015,0.0020253566316342612,0.016644150270373265,0.012292536783526046,FGA/TMSB10/HCLS1/ANG/ESAM/VASP/NCK2/HSPA1A/TWF2/CCL26/WASHC3/BAG4/SSNA1/FKBP4/PSTPIP2/CD2AP/MAP2/AIF1/GIT1/HIP1R/CCL11/WASF1,22
4,GO:0097531,mast cell migration,4/724,15/18986,0.26666666666666666,6.993001841620626,4.623228335967899,0.0020447463287205274,0.01677621419700251,0.012390072593374898,VEGFA/STAT5B/VEGFB/CCL11,4
4,GO:0050728,negative regulation of inflammatory response,17/724,203/18986,0.08374384236453201,2.196078164548349,3.4113440036714704,0.002049100307940685,0.016784688746081397,0.01239633147139413,TNFAIP8L2/LYN/MDK/BCR/PGLYRP1/CCN3/PTPN6/SRC/NFKB1/GRN/CXCL17/IL2RA/ACP5/TREM2/GIT1/SOD1/KLF4,17
4,GO:0033627,cell adhesion mediated by integrin,10/724,89/18986,0.11235955056179775,2.946489540008691,3.6648065980347857,0.002055504926619864,0.01680990598565824,0.012414955663079607,ITGA6/EFNA1/EPHA2/CCL5/LYN/ICAM1/CRKL/JAM3/CCN3/PTPN6,10
4,GO:0097305,response to alcohol,21/724,275/18986,0.07636363636363637,2.0025414364640888,3.3344222388970994,0.0020675695758706467,0.016854600543149488,0.012447964827444249,TGFBR2/DAG1/PENK/AIFM1/CCL7/SPINK1/CD14/BCL2L1/EIF4G1/INHBB/GLB1/COMT/FKBP5/MSTN/PPP1R9B/PMVK/CCL3/CASP8/SOD1/KLF4/SFRP1,21
4,GO:0060562,epithelial tube morphogenesis,24/724,331/18986,0.07250755287009064,1.9014204403198078,3.294156186251442,0.002067639955827598,0.016854600543149488,0.012447964827444249,SDC4/EGF/TGFBR2/YAP1/DAG1/ACVRL1/EPHA2/VEGFA/DLL1/BSG/CTSZ/SPINT2/EDN1/PPP3R1/MDK/VASP/CASP3/PKD2/STK4/SRC/FKBPL/SPRY2/CCL11/RGMA,24
4,GO:0051928,positive regulation of calcium ion transport,12/724,120/18986,0.1,2.622375690607735,3.5497891111982534,0.0021151989570449992,0.01721451775991212,0.012713781679263613,PDGFB/LILRA5/F2R/CCL5/LGALS3/CACNB3/PPP3R1/PKD2/BAX/EHD3/CXCL11/CCL3,12
4,GO:0031102,neuron projection regeneration,8/724,61/18986,0.13114754098360656,3.4391812335839145,3.7991938893882895,0.002123766486172398,0.017228757337263725,0.012724298318775572,DAG1/SCARF1/MAP2K1/STK24/GRN/FKBP1B/KLF4/RGMA,8
4,GO:0032233,positive regulation of actin filament bundle assembly,8/724,61/18986,0.13114754098360656,3.4391812335839145,3.7991938893882895,0.002123766486172398,0.017228757337263725,0.012724298318775572,SDC4/CCN2/PPM1F/RGCC/BAG4/RHOC/PXN/SFRP1,8
4,GO:0006911,"phagocytosis, engulfment",7/724,48/18986,0.14583333333333334,3.8242978821362805,3.9008969486690077,0.002148180659514092,0.017279758861118873,0.012761965492997213,CD300A/MSR1/MARCO/TREM2/AIF1/BIN2/APPL2,7
4,GO:0006953,acute-phase response,7/724,48/18986,0.14583333333333334,3.8242978821362805,3.9008969486690077,0.002148180659514092,0.017279758861118873,0.012761965492997213,IL1B/ITIH4/IL6/SERPINA3/LBP/CD163/AHSG,7
4,GO:0007157,heterophilic cell-cell adhesion via plasma membrane cell adhesion molecules,7/724,48/18986,0.14583333333333334,3.8242978821362805,3.9008969486690077,0.002148180659514092,0.017279758861118873,0.012761965492997213,SCARF1/SELP/NECTIN4/CEACAM8/ICAM1/UMOD/CEACAM19,7
4,GO:0090279,regulation of calcium ion import,7/724,48/18986,0.14583333333333334,3.8242978821362805,3.9008969486690077,0.002148180659514092,0.017279758861118873,0.012761965492997213,PDGFB/EGF/SPINK1/LGALS3/PPP3R1/PKD2/CCL3,7
4,GO:1902108,regulation of mitochondrial membrane permeability involved in apoptotic process,7/724,48/18986,0.14583333333333334,3.8242978821362805,3.9008969486690077,0.002148180659514092,0.017279758861118873,0.012761965492997213,BID/CHCHD10/BCL2L1/ATP5IF1/HSPA1A/BAX/HIP1R,7
4,GO:0002711,positive regulation of T cell mediated immunity,9/724,75/18986,0.12,3.1468508287292813,3.709160857565642,0.0021505675353470062,0.017279758861118873,0.012761965492997213,IL1B/IL6/STX7/B2M/NECTIN2/ULBP2/FADD/CD55/IL18,9
4,GO:0031099,regeneration,17/724,204/18986,0.08333333333333333,2.1853130755064454,3.3890474971168354,0.002158394826672408,0.017315122942860875,0.012788083634720735,HSPG2/IL6/YAP1/DAG1/SCARF1/ANXA3/MAP2K1/HDGFL2/MDK/CCN3/STK24/MSTN/GRN/KLK6/FKBP1B/KLF4/RGMA,17
4,GO:0051924,regulation of calcium ion transport,20/724,258/18986,0.07751937984496124,2.0328493725641357,3.3258415698438095,0.0021923648748247266,0.01755976557426968,0.012968764444288064,CD84/PDGFB/EGF/LILRA5/F2R/SPINK1/CCL5/LYN/LGALS3/CACNB3/PPP3R1/PKD2/BAX/PTPN6/NOS1/EHD3/CXCL11/CCL3/FKBP1B/CALCA,20
4,GO:0034143,regulation of toll-like receptor 4 signaling pathway,6/724,36/18986,0.16666666666666666,4.370626151012891,4.03048810505172,0.002206161173611048,0.017642307866187087,0.013029726052006623,CD14/LYN/LBP/TREM2/TAX1BP1/APPL2,6
4,GO:0048708,astrocyte differentiation,10/724,90/18986,0.1111111111111111,2.9137507673419276,3.623448616486184,0.002235320925926346,0.017788631477766017,0.01313779335183352,IL1B/IL6/APP/SERPINE2/DLL1/IFNGR1/MAP2K1/ROR1/GRN/TREM2,10
4,GO:0010623,programmed cell death involved in cell development,5/724,25/18986,0.2,5.24475138121547,4.228555724480123,0.0022385377166322094,0.017788631477766017,0.01313779335183352,IL1B/BCL2L1/BAX/CASP2/SOD1,5
4,GO:0042531,positive regulation of tyrosine phosphorylation of STAT protein,5/724,25/18986,0.2,5.24475138121547,4.228555724480123,0.0022385377166322094,0.017788631477766017,0.01313779335183352,OSM/PIBF1/IL18/CTF1/ARL2BP,5
4,GO:0061042,vascular wound healing,5/724,25/18986,0.2,5.24475138121547,4.228555724480123,0.0022385377166322094,0.017788631477766017,0.01313779335183352,TAFA5/SMOC2/HPSE/VEGFA/VEGFB,5
4,GO:0007265,Ras protein signal transduction,12/724,121/18986,0.09917355371900827,2.600703164239076,3.5170253485105594,0.0022687520779375325,0.018000428574405477,0.013294216092483666,LAT/USP8/PARK7/RRAS/DOK2/CRKL/GRAP2/DOK1/STAMBP/SRC/SPRY2/BRAP,12
4,GO:0014037,Schwann cell differentiation,7/724,49/18986,0.14285714285714285,3.7462509865824782,3.8325081845480393,0.0024252925438562924,0.019080752527435737,0.014092089322118414,DAG1/MAP2K1/AKT2/PPP3R1/SIRT2/GPC1/SOD1,7
4,GO:0033628,regulation of cell adhesion mediated by integrin,7/724,49/18986,0.14285714285714285,3.7462509865824782,3.8325081845480393,0.0024252925438562924,0.019080752527435737,0.014092089322118414,EFNA1/EPHA2/CCL5/LYN/CRKL/JAM3/PTPN6,7
4,GO:0044273,sulfur compound catabolic process,7/724,49/18986,0.14285714285714285,3.7462509865824782,3.8325081845480393,0.0024252925438562924,0.019080752527435737,0.014092089322118414,HPSE/DPEP2/GLB1/GPC1/IDUA/AGXT/TST,7
4,GO:0046636,negative regulation of alpha-beta T cell activation,7/724,49/18986,0.14285714285714285,3.7462509865824782,3.8325081845480393,0.0024252925438562924,0.019080752527435737,0.014092089322118414,TNFRSF14/VSIR/CLEC4G/LGALS3/CD69/CD300A/CD274,7
4,GO:1902041,regulation of extrinsic apoptotic signaling pathway via death domain receptors,7/724,49/18986,0.14285714285714285,3.7462509865824782,3.8325081845480393,0.0024252925438562924,0.019080752527435737,0.014092089322118414,FGA/ICAM1/LGALS3/PARK7/BCL2L1/STK4/SFRP1,7
4,GO:2001057,reactive nitrogen species metabolic process,10/724,91/18986,0.10989010989010989,2.881731528140368,3.58265776655903,0.0024275670508787455,0.019080752527435737,0.014092089322118414,IL1B/APP/TMEM106A/EDN1/PKD2/NOS1/PRDX5/ACP5/GCHFR/KLF4,10
4,GO:0031329,regulation of cellular catabolic process,31/724,472/18986,0.06567796610169492,1.722323017136436,3.164118487778658,0.0024331221593401533,0.019094719554821636,0.014102404669859733,IL1B/APP/TIMP3/TIMP1/MTDH/STK11/PARK7/BCL2L1/AKT2/ATG16L1/EIF4G1/ATP5IF1/CASP3/ERN1/SIRT2/CDC37/HTRA2/ITPR1/CALCOCO2/SRC/PSAP/PTPN1/LAMP3/TREM2/BAG3/TRIM58/ANXA2/ATP6V1G1/FOXO1/ADAM8/RGMA,31
4,GO:1903706,regulation of hemopoiesis,29/724,433/18986,0.06697459584295612,1.7563255202684598,3.1699035286214285,0.0024943851082062838,0.019545150909883038,0.014435070736351667,TGFBR2/FSTL3/PF4/HCLS1/VSIR/B2M/DLL1/CLEC4G/LYN/AP3B1/FADD/CD69/MDK/HSPA1A/IL7/STAT5B/CD83/IL18/PGLYRP1/PTPN6/CD46/IL2RA/TREM2/CCL3/CASP8/CALCA/SOD1/SFRP1/ADAM8,29
4,GO:0042063,gliogenesis,25/724,355/18986,0.07042253521126761,1.8467434440899542,3.2066263058985744,0.0024983120092051223,0.01954561748378125,0.014435415324493018,IL1B/IL6/APP/DAG1/PENK/SERPINE2/DLL1/IFNGR1/LYN/MAP2K1/AKT2/RRAS/PPP3R1/MDK/CRKL/SIRT2/CNP/ROR1/GRN/TNFRSF21/PPP1CC/GPC1/TREM2/CCL3/SOD1,25
4,GO:0010799,regulation of peptidyl-threonine phosphorylation,6/724,37/18986,0.16216216216216217,4.2525011199044345,3.9429891636851044,0.0025496260985027365,0.019854869494349506,0.014663813389491045,EGF/APP/EIF4G1/SIRT2/SPRY2/AXIN1,6
4,GO:0051353,positive regulation of oxidoreductase activity,6/724,37/18986,0.16216216216216217,4.2525011199044345,3.9429891636851044,0.0025496260985027365,0.019854869494349506,0.014663813389491045,IL1B/CDH3/FXN/PARK7/EDN1/FGF23,6
4,GO:0071676,negative regulation of mononuclear cell migration,6/724,37/18986,0.16216216216216217,4.2525011199044345,3.9429891636851044,0.0025496260985027365,0.019854869494349506,0.014663813389491045,NBL1/MIF/CD69/C5/BCR/CCN3,6
4,GO:0030218,erythrocyte differentiation,13/724,139/18986,0.09352517985611511,2.4525815811439244,3.422372144636042,0.0025636752667836746,0.019902490132190996,0.014698983610428274,HCLS1/VEGFA/B2M/MB/LYN/MPIG6B/ADGRF5/ATP5IF1/HSPA1A/CASP3/STAT5B/TRIM58/SH2B3,13
4,GO:0090288,negative regulation of cellular response to growth factor stimulus,13/724,139/18986,0.09352517985611511,2.4525815811439244,3.422372144636042,0.0025636752667836746,0.019902490132190996,0.014698983610428274,NBL1/FSTL3/VWC2/CHRDL1/RBPMS2/SPRY2/BMPER/PTPN1/GPC1/SPART/HGS/BAMBI/SFRP1,13
4,GO:0050829,defense response to Gram-negative bacterium,11/724,107/18986,0.102803738317757,2.6959002426808487,3.5027013725968463,0.002567555117963698,0.019902490132190996,0.014698983610428274,IL6/APP/SELP/TNFRSF14/B2M/LBP/MMP7/UMOD/CD160/TREM2/CALCA,11
4,GO:0043406,positive regulation of MAP kinase activity,9/724,77/18986,0.11688311688311688,3.0651144435674818,3.615393896148491,0.002582720674477845,0.019958823071576495,0.014740588301462156,IL1B/PDGFB/PDGFA/ERP29/MIF/EDN1/ERN1/PTPN1/PDE5A,9
4,GO:1900076,regulation of cellular response to insulin stimulus,9/724,77/18986,0.11688311688311688,3.0651144435674818,3.615393896148491,0.002582720674477845,0.019958823071576495,0.014740588301462156,IL1B/LONP1/USO1/SRC/MSTN/PTPN1/ECHDC3/AHSG/APPL2,9
4,GO:0043405,regulation of MAP kinase activity,12/724,123/18986,0.0975609756097561,2.558415307909985,3.4524769955343806,0.0026031834573077336,0.020086243043104253,0.014834694318382038,IL1B/PDGFB/PDGFA/ERP29/LYN/MIF/EDN1/ERN1/CD300A/PTPN1/PDE5A/HGS,12
4,GO:0002712,regulation of B cell mediated immunity,8/724,63/18986,0.12698412698412698,3.3300008769622025,3.6883470541531236,0.0026133316016276366,0.02010316273154654,0.01484719035387583,CD226/CD40/NECTIN2/C4BPB/PTPN6/CD46/TREM2/TNFSF13,8
4,GO:0002889,regulation of immunoglobulin mediated immune response,8/724,63/18986,0.12698412698412698,3.3300008769622025,3.6883470541531236,0.0026133316016276366,0.02010316273154654,0.01484719035387583,CD226/CD40/NECTIN2/C4BPB/PTPN6/CD46/TREM2/TNFSF13,8
4,GO:0005996,monosaccharide metabolic process,20/724,262/18986,0.07633587786259542,2.0018135042807135,3.251162115656524,0.002620561991032885,0.020122794458006535,0.014861689364982646,FABP5/MPI/NUDT5/GPI/STK11/PMM2/AKT2/FUT8/ENO1/GLB1/ENO2/B4GALT1/SRC/PFKFB2/INPPL1/C1QTNF1/TFF3/PGD/FOXO1/RBKS,20
4,GO:0071456,cellular response to hypoxia,14/724,156/18986,0.08974358974358974,2.353414081314634,3.3796229022813984,0.002623846764508569,0.020122794458006535,0.014861689364982646,AIFM1/VEGFA/EDN1/HYOU1/SIRT2/ENO1/RGCC/SRC/MSTN/PTPN1/TREM2/IRAK1/SFRP1/ADAM8,14
4,GO:0046642,negative regulation of alpha-beta T cell proliferation,4/724,16/18986,0.25,6.555939226519337,4.426742162754431,0.0026447873544969067,0.02022202010533641,0.014934972464441486,TNFRSF14/VSIR/CLEC4G/CD274,4
4,GO:1900120,regulation of receptor binding,4/724,16/18986,0.25,6.555939226519337,4.426742162754431,0.0026447873544969067,0.02022202010533641,0.014934972464441486,MMP9/BDNF/B2M/ANXA2,4
4,GO:0010721,negative regulation of cell development,21/724,281/18986,0.07473309608540925,1.959782544582293,3.2273611405606064,0.0026769141519651925,0.020436743389776562,0.01509355634102174,IL1B/IL6/FSTL3/VEGFA/B2M/CLEC4G/LYN/CD69/MDK/SIRT2/PGLYRP1/SPART/TREM2/CCL3/MAP2/CALCA/SFRP1/CCL11/RGMA/APPL2/DYNLT1,21
4,GO:0001783,B cell apoptotic process,5/724,26/18986,0.19230769230769232,5.043030174245644,4.107474772124667,0.0026856932894994937,0.020442008863148255,0.015097445156254288,LYN/MIF/CRKL/BAX/TNFRSF21,5
4,GO:1904996,positive regulation of leukocyte adhesion to vascular endothelial cell,5/724,26/18986,0.19230769230769232,5.043030174245644,4.107474772124667,0.0026856932894994937,0.020442008863148255,0.015097445156254288,IL6/SELP/GP1BA/MDK/IRAK1,5
4,GO:0002347,response to tumor cell,7/724,50/18986,0.14,3.671325966850829,3.765894767216312,0.0027291150693453795,0.020679081799807417,0.01527253536794558,CD226/TNFRSF10B/NECTIN2/IGFBPL1/CD274/CD160/KLF4,7
4,GO:0019320,hexose catabolic process,7/724,50/18986,0.14,3.671325966850829,3.765894767216312,0.0027291150693453795,0.020679081799807417,0.01527253536794558,MPI/PMM2/FUT8/ENO1/GLB1/ENO2/PFKFB2,7
4,GO:0022602,ovulation cycle process,7/724,50/18986,0.14,3.671325966850829,3.765894767216312,0.0027291150693453795,0.020679081799807417,0.01527253536794558,EREG/CASP3/STAT5B/MAP2K6/SRC/MSTN/CASP2,7
4,GO:0006690,icosanoid metabolic process,12/724,124/18986,0.0967741935483871,2.537782926394582,3.4206797893039314,0.002784838458394601,0.021069720911266937,0.015561041874357478,IL1B/FABP5/DPEP2/CASP1/MIF/EDN1/PLA2G4A/PIBF1/MGLL/COMT/MAPKAPK2/PTGES2,12
4,GO:0031343,positive regulation of cell killing,9/724,78/18986,0.11538461538461539,3.0258181045473864,3.5696477895784064,0.002823159629372768,0.021232513045907692,0.015681272001497236,CD226/STX7/B2M/NECTIN2/ULBP2/FADD/STAT5B/SH2D1A/CD160,9
4,GO:0032890,regulation of organic acid transport,9/724,78/18986,0.11538461538461539,3.0258181045473864,3.5696477895784064,0.002823159629372768,0.021232513045907692,0.015681272001497236,IL1B/FABP3/MIF/AKT2/EDN1/PLA2G4A/MAP2K6/PRKG1/STXBP1,9
4,GO:0035924,cellular response to vascular endothelial growth factor stimulus,9/724,78/18986,0.11538461538461539,3.0258181045473864,3.5696477895784064,0.002823159629372768,0.021232513045907692,0.015681272001497236,CD63/SMOC2/VEGFA/DLL1/ERN1/FLT4/SPRY2/MAPKAPK2/VEGFB,9
4,GO:0050772,positive regulation of axonogenesis,9/724,78/18986,0.11538461538461539,3.0258181045473864,3.5696477895784064,0.002823159629372768,0.021232513045907692,0.015681272001497236,BDNF/SEMA4D/VEGFA/PLXNB3/PLXNA4/IST1/STK11/MAP2K1/TWF2,9
4,GO:0014910,regulation of smooth muscle cell migration,10/724,93/18986,0.10752688172043011,2.819758807105091,3.5027186643512014,0.002851796818937427,0.021416019499122967,0.01581680068812406,TAFA5/PDGFB/PDGFA/S100A11/CCL5/MDK/PRKG1/SRC/PTPN1/AIF1,10
4,GO:0010324,membrane invagination,8/724,64/18986,0.125,3.2779696132596685,3.634584825713148,0.0028890478953915812,0.021599479383593273,0.0159522949814054,CD300A/MSR1/MARCO/HGS/TREM2/AIF1/BIN2/APPL2,8
4,GO:0034142,toll-like receptor 4 signaling pathway,8/724,64/18986,0.125,3.2779696132596685,3.634584825713148,0.0028890478953915812,0.021599479383593273,0.0159522949814054,CD14/LYN/LBP/IRAK4/TREM2/IRAK1/TAX1BP1/APPL2,8
4,GO:0051289,protein homotetramerization,8/724,64/18986,0.125,3.2779696132596685,3.634584825713148,0.0028890478953915812,0.021599479383593273,0.0159522949814054,B2M/VASP/ACOT13/PKD2/ITPR1/SHMT1/DNM1/APPL2,8
4,GO:2000146,negative regulation of cell motility,27/724,398/18986,0.0678391959798995,1.778998584080624,3.1272477378738044,0.002897401789610051,0.02162993891386883,0.01597479086676085,TAFA5/NBL1/DAG1/ACVRL1/TIMP1/PLXNB3/SPINT2/MIF/SERPINB1/CD69/RRAS/VASH1/CD300A/C5/RGCC/BCR/CCN3/PRKG1/STK24/BST2/PTPN1/CCL28/PTPRR/SLURP1/AIF1/KLF4/SFRP1,27
4,GO:0071711,basement membrane organization,6/724,38/18986,0.15789473684210525,4.1405931956964235,3.858532923826636,0.002931709642969014,0.021801747129386866,0.01610167982021657,DAG1/NID2/CTSS/SPINT2/NID1/PHLDB1,6
4,GO:1902229,regulation of intrinsic apoptotic signaling pathway in response to DNA damage,6/724,38/18986,0.15789473684210525,4.1405931956964235,3.858532923826636,0.002931709642969014,0.021801747129386866,0.01610167982021657,BID/TRIAP1/MIF/BCL2L1/HNRNPK/CDKN2D,6
4,GO:0050680,negative regulation of epithelial cell proliferation,15/724,175/18986,0.08571428571428572,2.247750591949487,3.3017279169533724,0.002933357350214299,0.021801747129386866,0.01610167982021657,EREG/ACVRL1/SPARC/SCG2/B2M/STK11/DAB2/VASH1/ATP5IF1/RGCC/STK4/B4GALT1/SLURP1/TRIM24/SFRP1,15
4,GO:0048568,embryonic organ development,30/724,458/18986,0.06550218340611354,1.717713334459215,3.095778627801351,0.0029479520032991667,0.021878046144895726,0.01615803045629314,PDGFB/TGFBR2/YAP1/PDGFA/EFNA1/SPARC/RSPO3/MFAP5/EPHA2/VEGFA/DLL1/LRIG1/SPINT2/PLXNA4/MAP2K1/EDN1/RBPMS2/VASH1/DNAJB6/PKD2/BCR/STK4/SPRY2/EFEMP1/COL2A1/CASP8/TBC1D23/SOD1/RAD23B/SH2B3,30
4,GO:0072655,establishment of protein localization to mitochondrion,12/724,125/18986,0.096,2.5174806629834254,3.38919244179283,0.0029766520994588116,0.022058650602147848,0.016291415873870882,BID/GZMB/AIFM1/TOMM20/GRPEL1/AP3B1/ATP5IF1/TIMM10/HTRA2/BAG4/BAX/TIMM8A,12
4,GO:0006636,unsaturated fatty acid biosynthetic process,7/724,51/18986,0.13725490196078433,3.599339183187087,3.7009720173571337,0.0030612951515292413,0.02258654846106392,0.01668129482492922,IL1B/FABP5/MIF/EDN1/PLA2G4A/PIBF1/PTGES2,7
4,GO:0038084,vascular endothelial growth factor signaling pathway,7/724,51/18986,0.13725490196078433,3.599339183187087,3.7009720173571337,0.0030612951515292413,0.02258654846106392,0.01668129482492922,CD63/SMOC2/VEGFA/DLL1/FLT4/SPRY2/VEGFB,7
4,GO:0046850,regulation of bone remodeling,7/724,51/18986,0.13725490196078433,3.599339183187087,3.7009720173571337,0.0030612951515292413,0.02258654846106392,0.01668129482492922,IL6/MDK/SRC/CALCA/LTBP3/SFRP1/ADAM8,7
4,GO:0002752,cell surface pattern recognition receptor signaling pathway,9/724,79/18986,0.11392405063291139,2.987516609553116,3.5246290379539174,0.0030809460997250444,0.022698398816341652,0.01676390190214057,CD14/LYN/FCN1/LBP/IRAK4/TREM2/IRAK1/TAX1BP1/APPL2,9
4,GO:0018105,peptidyl-serine phosphorylation,14/724,159/18986,0.0880503144654088,2.3090100420445463,3.3002846064182183,0.0031238110040483985,0.022980699875488512,0.016972395342611846,OSM/IL6/APP/PARK7/EIF4G1/PPM1F/SRPK2/ERN1/BAG4/STK4/NOS1/SPRY2/AXIN1/MAPKAPK2,14
4,GO:0022617,extracellular matrix disassembly,8/724,65/18986,0.12307692307692308,3.227539311517212,3.5818750120743115,0.0031869098606089404,0.023227382458677795,0.017154582758517792,MMP9/MMP8/IL6/CTSS/MMP1/MMP7/PRSS2/ADAM8,8
4,GO:0002526,acute inflammatory response,11/724,110/18986,0.1,2.622375690607735,3.3977639418806733,0.0031892313905156284,0.023227382458677795,0.017154582758517792,OSM/IL1B/ITIH4/IL6/SERPINA3/LBP/PARK7/B4GALT1/CD163/ADAM8/AHSG,11
4,GO:0016540,protein autoprocessing,5/724,27/18986,0.18518518518518517,4.856251278903212,3.992453887879663,0.0031941097761735396,0.023227382458677795,0.017154582758517792,CASP1/FXN/HTRA2/KLK6/CTSL,5
4,GO:0042026,protein refolding,5/724,27/18986,0.18518518518518517,4.856251278903212,3.992453887879663,0.0031941097761735396,0.023227382458677795,0.017154582758517792,HSPB6/B2M/DNAJA2/HSPA1A/FKBP1B,5
4,GO:0045649,regulation of macrophage differentiation,5/724,27/18986,0.18518518518518517,4.856251278903212,3.992453887879663,0.0031941097761735396,0.023227382458677795,0.017154582758517792,PF4/HCLS1/FADD/CASP8/CALCA,5
4,GO:0071108,protein K48-linked deubiquitination,5/724,27/18986,0.18518518518518517,4.856251278903212,3.992453887879663,0.0031941097761735396,0.023227382458677795,0.017154582758517792,USP8/OTUD7B/PARK7/UBXN1/USP25,5
4,GO:1902993,positive regulation of amyloid precursor protein catabolic process,5/724,27/18986,0.18518518518518517,4.856251278903212,3.992453887879663,0.0031941097761735396,0.023227382458677795,0.017154582758517792,APP/EFNA1/IFNGR1/LYN/CASP3,5
4,GO:2000353,positive regulation of endothelial cell apoptotic process,5/724,27/18986,0.18518518518518517,4.856251278903212,3.992453887879663,0.0031941097761735396,0.023227382458677795,0.017154582758517792,CD40LG/CD40/RGCC/PTPN1/CD160,5
4,GO:0010001,glial cell differentiation,20/724,267/18986,0.0749063670411985,1.964326360005794,3.159648427518968,0.0032526570141986843,0.023619150215172628,0.017443922825693486,IL1B/IL6/APP/DAG1/SERPINE2/DLL1/IFNGR1/LYN/MAP2K1/AKT2/PPP3R1/MDK/SIRT2/CNP/ROR1/GRN/TNFRSF21/GPC1/TREM2/SOD1,20
4,GO:0007254,JNK cascade,15/724,177/18986,0.0847457627118644,2.2223522801760467,3.253123729401218,0.003268210671152115,0.0236302385293316,0.017452112099850012,IL1B/TNFRSF19/APP/CCN2/EDA2R/LTBR/IRAK4/EDN1/MINK1/CRKL/FLT4/NFKB1/AXIN1/EDAR/IRAK1,15
4,GO:0032635,interleukin-6 production,15/724,177/18986,0.0847457627118644,2.2223522801760467,3.253123729401218,0.003268210671152115,0.0236302385293316,0.017452112099850012,IL1B/EREG/IL6/APP/LILRA5/F2R/BSG/TMEM106A/LBP/PTPN6/MAPKAPK2/TREM2/BANK1/AIF1/MAVS,15
4,GO:0032675,regulation of interleukin-6 production,15/724,177/18986,0.0847457627118644,2.2223522801760467,3.253123729401218,0.003268210671152115,0.0236302385293316,0.017452112099850012,IL1B/EREG/IL6/APP/LILRA5/F2R/BSG/TMEM106A/LBP/PTPN6/MAPKAPK2/TREM2/BANK1/AIF1/MAVS,15
4,GO:0016054,organic acid catabolic process,19/724,249/18986,0.07630522088353414,2.001009563114336,3.165835073932577,0.003323535520768325,0.023961695466423846,0.017696909612800484,PLA2G15/DPEP2/ECHS1/DECR1/SULT2A1/AKT2/QDPR/NOS1/HMGCL/ACADSB/IDUA/ASRGL1/AGXT/KYAT1/NAGK/TST/SHMT1/PGD/GNPDA2,19
4,GO:0046395,carboxylic acid catabolic process,19/724,249/18986,0.07630522088353414,2.001009563114336,3.165835073932577,0.003323535520768325,0.023961695466423846,0.017696909612800484,PLA2G15/DPEP2/ECHS1/DECR1/SULT2A1/AKT2/QDPR/NOS1/HMGCL/ACADSB/IDUA/ASRGL1/AGXT/KYAT1/NAGK/TST/SHMT1/PGD/GNPDA2,19
4,GO:0031346,positive regulation of cell projection organization,25/724,363/18986,0.06887052341597796,1.8060438640549137,3.087362194360137,0.003346301385861975,0.024053236304159207,0.01776451709631736,PALM/ITGA6/BDNF/SCARF1/SEMA4D/ARSB/VEGFA/LYN/PLXNB3/PLXNA4/IST1/STK11/MAP2K1/MDK/TWF2/SRC/STK24/MSTN/RAB11FIP3/ROR1/GRN/DNM3/FKBP1B/EPS8L2/RGMA,25
4,GO:0033280,response to vitamin D,6/724,39/18986,0.15384615384615385,4.034424139396515,3.7769286023904765,0.003355012581463469,0.024053236304159207,0.01776451709631736,PENK/CDKN2D/FGF23/TRIM24/TRIM25/SFRP1,6
4,GO:0034349,glial cell apoptotic process,4/724,17/18986,0.23529411764705882,6.170295742606434,4.246372049989342,0.0033552694092663714,0.024053236304159207,0.01776451709631736,DLL1/CASP3/TNFRSF21/TREM2,4
4,GO:0051044,positive regulation of membrane protein ectodomain proteolysis,4/724,17/18986,0.23529411764705882,6.170295742606434,4.246372049989342,0.0033552694092663714,0.024053236304159207,0.01776451709631736,IL1B/APP/ADAM8/RGMA,4
4,GO:0030336,negative regulation of cell migration,26/724,383/18986,0.06788511749347259,1.7802028186893242,3.0712546253905817,0.0034000510869853363,0.02433974248388653,0.017976116228492628,TAFA5/NBL1/DAG1/ACVRL1/TIMP1/PLXNB3/MIF/SERPINB1/CD69/RRAS/VASH1/CD300A/C5/RGCC/BCR/CCN3/PRKG1/STK24/BST2/PTPN1/CCL28/PTPRR/SLURP1/AIF1/KLF4/SFRP1,26
4,GO:0036230,granulocyte activation,7/724,52/18986,0.1346153846153846,3.5301211219719506,3.63766090210388,0.003423510324604983,0.024403979098100964,0.01802355817838211,ANXA3/CCL5/CD300A/IL18/BCR/GRN/CCL3,7
4,GO:0071622,regulation of granulocyte chemotaxis,7/724,52/18986,0.1346153846153846,3.5301211219719506,3.63766090210388,0.003423510324604983,0.024403979098100964,0.01802355817838211,CCL5/LBP/EDN1/MDK/JAM3/MSTN/CXCL17,7
4,GO:0140353,lipid export from cell,7/724,52/18986,0.1346153846153846,3.5301211219719506,3.63766090210388,0.003423510324604983,0.024403979098100964,0.01802355817838211,IL1B/MIF/DAB2/EDN1/PLA2G4A/MAP2K6/C1QTNF1,7
4,GO:0002753,cytoplasmic pattern recognition receptor signaling pathway,15/724,178/18986,0.08426966292134831,2.209867155006518,3.229065053794781,0.003447053499228402,0.024537194908592033,0.01812194471202952,PCBP2/IRAK4/EIF2AK2/HSPA1A/SIRT2/MAP2K6/ERBIN/TARBP2/SRC/TREM2/NAGK/IRAK1/TAX1BP1/TRIM25/MAVS,15
4,GO:1904064,positive regulation of cation transmembrane transport,13/724,144/18986,0.09027777777777778,2.367422498465316,3.279600032817915,0.003487327430722195,0.02478896319953583,0.018307888177275747,F2R/CTSS/CACNB3/PDZK1/FXYD5/EDN1/PPP3R1/PKD2/BAX/NOS1/EHD3/TREM2/CXCL11,13
4,GO:0045453,bone resorption,8/724,66/18986,0.12121212121212122,3.1786372007366483,3.5301790346575737,0.0035080887641724323,0.0248665927266865,0.018365221462693506,IL6/TPP1/IL7/SRC/ACP5/CALCA/LTBP3/ADAM8,8
4,GO:1901224,positive regulation of non-canonical NF-kappaB signal transduction,8/724,66/18986,0.12121212121212122,3.1786372007366483,3.5301790346575737,0.0035080887641724323,0.0248665927266865,0.018365221462693506,TNFSF14/IL1B/APP/EDN1/EIF2AK2/IL18/TREM2/EDAR,8
4,GO:0046631,alpha-beta T cell activation,16/724,196/18986,0.08163265306122448,2.140714849475702,3.196260408781982,0.003522807047584326,0.02492334039625913,0.01840713245269716,TGFBR2/IL6/TNFRSF14/VSIR/CLEC4G/LGALS3/AP3B1/CD69/CD300A/CD55/CD274/CD83/IL18/IL2RA/CD160/CTSL,16
4,GO:0045926,negative regulation of growth,18/724,232/18986,0.07758620689655173,2.0346018289197945,3.156971730916403,0.0035259573374209095,0.02492334039625913,0.01840713245269716,SERPINE2/ACVRL1/STK11/FXN/DAB2/HSPA1A/ENO1/LGMN/CCN3/STK4/CDKN2D/MSTN/PPP1R9B/BST2/SPART/MAP2/SFRP1/RGMA,18
4,GO:0009636,response to toxic substance,20/724,270/18986,0.07407407407407407,1.9425005115612848,3.1056847750981036,0.0036897033910434835,0.02604435885242146,0.01923506060664539,PENK/AIFM1/MB/CCL5/LYN/PARK7/PDZK1/INHBB/PRDX3/HTRA2/CNP/ALDH1A1/BAX/PON2/COMT/TXNRD1/PRDX5/CCL3/HBQ1/SOD1,20
4,GO:0022898,regulation of transmembrane transporter activity,16/724,197/18986,0.08121827411167512,2.1298482766357236,3.173962724290446,0.003702843145932889,0.02610065447635261,0.019276637738351355,MMP9/SCN4B/CTSS/CACNB3/PARK7/PDZK1/EDN1/MINK1/PKD2/EHD3/GOPC/TREM2/PPIF/SLMAP/WWP2/FKBP1B,16
4,GO:0002675,positive regulation of acute inflammatory response,5/724,28/18986,0.17857142857142858,4.682813733228098,3.882960072139524,0.003768312119805752,0.026414770393201486,0.019508628041216433,OSM/IL1B/IL6/PARK7/ADAM8,5
4,GO:0002726,positive regulation of T cell cytokine production,5/724,28/18986,0.17857142857142858,4.682813733228098,3.882960072139524,0.003768312119805752,0.026414770393201486,0.019508628041216433,IL1B/IL6/B2M/CD55/IL18,5
4,GO:0035902,response to immobilization stress,5/724,28/18986,0.17857142857142858,4.682813733228098,3.882960072139524,0.003768312119805752,0.026414770393201486,0.019508628041216433,PENK/LRP11/GPI/PPP1R9B/TFF1,5
4,GO:0043304,regulation of mast cell degranulation,5/724,28/18986,0.17857142857142858,4.682813733228098,3.882960072139524,0.003768312119805752,0.026414770393201486,0.019508628041216433,CD84/LYN/VAMP8/CD300A/STXBP1,5
4,GO:0043303,mast cell degranulation,7/724,53/18986,0.1320754716981132,3.46351506306682,3.5758875571580173,0.003817465342277209,0.026644449723635687,0.01967825770520737,CD84/LAT/LYN/VAMP8/SNAP23/CD300A/STXBP1,7
4,GO:0002369,T cell cytokine production,6/724,40/18986,0.15,3.933563535911602,3.6980020069067963,0.0038221658190810987,0.026644449723635687,0.01967825770520737,IL1B/IL6/B2M/CD55/IL18/CLC,6
4,GO:0002724,regulation of T cell cytokine production,6/724,40/18986,0.15,3.933563535911602,3.6980020069067963,0.0038221658190810987,0.026644449723635687,0.01967825770520737,IL1B/IL6/B2M/CD55/IL18/CLC,6
4,GO:0045745,positive regulation of G protein-coupled receptor signaling pathway,6/724,40/18986,0.15,3.933563535911602,3.6980020069067963,0.0038221658190810987,0.026644449723635687,0.01967825770520737,APP/CCL5/EDN1/NOS1/TREM2/KLK6,6
4,GO:0016052,carbohydrate catabolic process,15/724,180/18986,0.08333333333333333,2.1853130755064454,3.181423806233285,0.003828848417194123,0.026654269835398207,0.01968551034851437,APP/GM2A/MPI/NUDT5/GPI/PMM2/FUT8/ENO1/GLB1/ENO2/SRC/PFKFB2/GIT1/PGD/RBKS,15
4,GO:0002820,negative regulation of adaptive immune response,8/724,67/18986,0.11940298507462686,3.131194854456997,3.479460305257155,0.003853777023561663,0.026790906570949992,0.019786423406283442,TNFRSF14/CLEC4G/CD69/C4BPB/CD274/PTPN6/CD46/CD160,8
4,GO:0036294,cellular response to decreased oxygen levels,14/724,163/18986,0.08588957055214724,2.252347218926889,3.1972349473427224,0.003909164888782897,0.02713862547789665,0.020043231196680382,AIFM1/VEGFA/EDN1/HYOU1/SIRT2/ENO1/RGCC/SRC/MSTN/PTPN1/TREM2/IRAK1/SFRP1/ADAM8,14
4,GO:0050770,regulation of axonogenesis,13/724,146/18986,0.08904109589041095,2.33499205328086,3.224148775938395,0.003925229468051451,0.027212770550798397,0.020097991038496056,BDNF/SEMA4D/EFNA1/VEGFA/PLXNB3/PLXNA4/IST1/STK11/MAP2K1/TWF2/SPART/MAP2/RGMA,13
4,GO:0002224,toll-like receptor signaling pathway,9/724,82/18986,0.10975609756097561,2.8782172213987334,3.393722320280804,0.0039669919125772165,0.027464626200226373,0.02028399902234868,APP/CTSS/AP3B1/IRAK4/CD300A/CD274/TNIP1/MAPKAPK2/IRAK1,9
4,GO:0051656,establishment of organelle localization,31/724,488/18986,0.06352459016393443,1.6658534100172087,2.9670616230069364,0.003991117492471837,0.027593854729073417,0.0203794407492334,SDC4/CD84/LAT/LYN/NECTIN2/VAMP8/STK11/CDH3/VPS4B/AP3B1/SNAP23/CHMP1A/PIBF1/LMNB2/SIRT2/CD300A/TACC3/NUDC/AP3S2/STXBP1/SPRY2/KIFBP/ABRAXAS2/NSFL1C/DNM3/HGS/MAP2/TRIM58/TBC1D23/DNM1/DYNLT1,31
4,GO:0019079,viral genome replication,12/724,130/18986,0.09230769230769231,2.420654483637909,3.236203120584449,0.0041027430131458376,0.028326862279288337,0.020920803457887747,CCL5/PPIB/TOP2B/PCBP2/ATG16L1/SRPK2/EIF2AK2/MPHOSPH8/TARBP2/BST2/TNIP1/MAVS,12
4,GO:0034763,negative regulation of transmembrane transport,13/724,147/18986,0.08843537414965986,2.319107753598677,3.196762941546706,0.004160283904037668,0.028507089261477003,0.021053910091266417,MMP9/IL1B/FABP5/AKT2/PPP3R1/COMMD1/NOS1/YWHAQ/GOPC/PPIF/FKBP1B/CALCA/APPL2,13
4,GO:0071346,cellular response to type II interferon,10/724,98/18986,0.10204081632653061,2.6758935618446276,3.31182132294273,0.004174186012072687,0.028507089261477003,0.021053910091266417,IFNGR1/CCL5/CASP1/STX8/EDN1/CDC37/STXBP1/GBP1/CCL3/AIF1,10
4,GO:0002923,regulation of humoral immune response mediated by circulating immunoglobulin,4/724,18/18986,0.2222222222222222,5.827501534683855,4.079888714711549,0.0041852513320174,0.028507089261477003,0.021053910091266417,C4BPB/PTPN6/CD46/TREM2,4
4,GO:0006044,N-acetylglucosamine metabolic process,4/724,18/18986,0.2222222222222222,5.827501534683855,4.079888714711549,0.0041852513320174,0.028507089261477003,0.021053910091266417,OGA/NAGK/GNE/GNPDA2,4
4,GO:0006957,"complement activation, alternative pathway",4/724,18/18986,0.2222222222222222,5.827501534683855,4.079888714711549,0.0041852513320174,0.028507089261477003,0.021053910091266417,CFHR5/CFD/C5/C8B,4
4,GO:0030889,negative regulation of B cell proliferation,4/724,18/18986,0.2222222222222222,5.827501534683855,4.079888714711549,0.0041852513320174,0.028507089261477003,0.021053910091266417,LYN/CASP3/CD300A/TNFRSF21,4
4,GO:0034112,positive regulation of homotypic cell-cell adhesion,4/724,18/18986,0.2222222222222222,5.827501534683855,4.079888714711549,0.0041852513320174,0.028507089261477003,0.021053910091266417,IL6/GP6/CCL5/PLAUR,4
4,GO:0070230,positive regulation of lymphocyte apoptotic process,4/724,18/18986,0.2222222222222222,5.827501534683855,4.079888714711549,0.0041852513320174,0.028507089261477003,0.021053910091266417,CCL5/CD274/BAX/ADAM8,4
4,GO:0071071,regulation of phospholipid biosynthetic process,4/724,18/18986,0.2222222222222222,5.827501534683855,4.079888714711549,0.0041852513320174,0.028507089261477003,0.021053910091266417,PDGFB/PDGFA/FABP3/ADGRF5,4
4,GO:1905906,regulation of amyloid fibril formation,4/724,18/18986,0.2222222222222222,5.827501534683855,4.079888714711549,0.0041852513320174,0.028507089261477003,0.021053910091266417,HSPG2/APP/USP8/TREM2,4
4,GO:2001056,positive regulation of cysteine-type endopeptidase activity,11/724,114/18986,0.09649122807017543,2.530362508481147,3.2631586867063938,0.0042002161357013535,0.02857051460273841,0.02110075287553588,AIFM1/F2R/CASP1/FADD/CRADD/DIABLO/PPM1F/HTRA2/LGMN/CASP8/HIP1R,11
4,GO:0001933,negative regulation of protein phosphorylation,18/724,236/18986,0.07627118644067797,2.000117052158442,3.0782693079795727,0.004218152688648219,0.028653956570467876,0.021162378938803884,IL1B/SEMA4D/LYN/PARK7/EIF4G1/PPM1F/PIBF1/NCK2/CRKL/SIRT2/CD300A/PTPN6/TARBP2/CEP43/SPRY2/PTPN1/AKT1S1/SFRP1,18
4,GO:0080164,regulation of nitric oxide metabolic process,8/724,68/18986,0.11764705882352941,3.085147871303217,3.429684095035092,0.004225186494498604,0.028663211467377107,0.02116921414269453,IL1B/APP/TMEM106A/EDN1/PKD2/ACP5/GCHFR/KLF4,8
4,GO:0006091,generation of precursor metabolites and energy,31/724,490/18986,0.06326530612244897,1.659054008343669,2.9429342001493226,0.004235225456666384,0.028692800882026682,0.021191067404175246,BID/APP/GYS1/IL10RB/CHCHD10/THTPA/PPP1R2/GPI/FXN/ADGRF5/PARK7/AKT2/NDUFB7/ATP5IF1/TALDO1/ENO1/IFNLR1/COX5B/ENO2/SRC/COMT/MDH1/OXCT1/PPP1CC/HMGCL/PFKFB2/PPIF/GIT1/PGD/VGF/RBKS,31
4,GO:0048732,gland development,29/724,450/18986,0.06444444444444444,1.6899754450583178,2.949390631343043,0.004310230146668074,0.02916185162149993,0.021537484816578585,TGFA/EGF/TGFBR2/IL6/PDGFA/DAG1/SERPINE2/EPHA2/VEGFA/STK11/FADD/MAP2K1/AKT2/EDN1/INHBB/MDK/CRKL/PKD2/STAT5B/BAX/SRC/PSAP/NFKB1/FKBP4/CD2AP/EDAR/SOD1/SFRP1/CCL11,29
4,GO:0009394,2'-deoxyribonucleotide metabolic process,6/724,41/18986,0.14634146341463414,3.837622961864978,3.6215937160601994,0.004335822329481721,0.029295783493583714,0.021636400197498143,NUDT16/NT5C/TYMP/RRM2/SHMT1/RRM2B,6
4,GO:0048762,mesenchymal cell differentiation,20/724,274/18986,0.072992700729927,1.9141428398596605,3.034797052341073,0.004347512390077574,0.02933555089379447,0.021665770409971297,IL1B/TGFBR2/IL6/DAG1/SEMA4D/EFNA1/VEGFA/LRG1/DAB2/EDN1/PPP3R1/MDK/S100A4/PHLDB1/RGCC/SPRY2/TCOF1/BAMBI/SFRP1/ADAM8,20
4,GO:0001778,plasma membrane repair,5/724,29/18986,0.1724137931034483,4.5213373975995435,3.778524544012207,0.004412808162097107,0.029578690253632335,0.02184534097835592,VPS4B/CHMP1A/CASP7/SYTL4/ANXA2,5
4,GO:0003094,glomerular filtration,5/724,29/18986,0.1724137931034483,4.5213373975995435,3.778524544012207,0.004412808162097107,0.029578690253632335,0.02184534097835592,PDGFB/F2R/ADGRF5/EDN1/UMOD,5
4,GO:0022011,myelination in peripheral nervous system,5/724,29/18986,0.1724137931034483,4.5213373975995435,3.778524544012207,0.004412808162097107,0.029578690253632335,0.02184534097835592,DAG1/AKT2/PPP3R1/SIRT2/SOD1,5
4,GO:0032292,peripheral nervous system axon ensheathment,5/724,29/18986,0.1724137931034483,4.5213373975995435,3.778524544012207,0.004412808162097107,0.029578690253632335,0.02184534097835592,DAG1/AKT2/PPP3R1/SIRT2/SOD1,5
4,GO:0045954,positive regulation of natural killer cell mediated cytotoxicity,5/724,29/18986,0.1724137931034483,4.5213373975995435,3.778524544012207,0.004412808162097107,0.029578690253632335,0.02184534097835592,CD226/NECTIN2/STAT5B/SH2D1A/CD160,5
4,GO:0048525,negative regulation of viral process,10/724,99/18986,0.10101010101010101,2.648864333947207,3.2750764772223255,0.004488925626963659,0.030009299098775574,0.022163367130622575,CCL5/FCN1/SRPK2/EIF2AK2/MPHOSPH8/HEXIM1/BST2/TNIP1/TRIM25/MAVS,10
4,GO:0050848,regulation of calcium-mediated signaling,10/724,99/18986,0.10101010101010101,2.648864333947207,3.2750764772223255,0.004488925626963659,0.030009299098775574,0.022163367130622575,APP/JPT2/EDN1/PPP3R1/SLA2/ITPR1/GBP1/TREM2/CCL3/FKBP1B,10
4,GO:0071559,response to transforming growth factor beta,22/724,313/18986,0.07028753993610223,1.8432033608105485,2.9950071508969502,0.004498000752620383,0.030030245447481393,0.022178837055957558,TGFBR2/PENK/ACVRL1/LRG1/STK11/CDH3/DAB2/PDCD5/EDN1/CRKL/HSPA1A/FUT8/PXN/SRC/MSTN/SPRY2/AXIN1/CD2AP/BAMBI/LTBP3/SFRP1/APPL2,22
4,GO:0030307,positive regulation of cell growth,14/724,166/18986,0.08433734939759036,2.211642148705318,3.1219002432646086,0.004597834496714667,0.030656273807910195,0.022641190286557714,YAP1/BDNF/SEMA4D/VEGFA/CXCL16/IST1/FXN/HDGFL2/EIF4G1/EDN1/TWF2/CEP43/PRSS2/SFRP1,14
4,GO:0034605,cellular response to heat,8/724,69/18986,0.11594202898550725,3.0404355833133154,3.380817413935543,0.004623546693493399,0.03078709484705618,0.022737808161885573,SCARA5/LYN/HSPA1A/DNAJB6/HTRA2/MAPKAPK2/BAG3/IRAK1,8
4,GO:0003014,renal system process,12/724,132/18986,0.09090909090909091,2.383977900552486,3.176982219094055,0.0046392722756457335,0.03085116063304413,0.02278512394659248,PDGFB/F2R/ADGRF5/EDN1/LGMN/BCR/UMOD/COMT/CD2AP/AMN/BTC/RRM2B,12
4,GO:2000514,"regulation of CD4-positive, alpha-beta T cell activation",9/724,84/18986,0.10714285714285714,2.8096882399368583,3.309710002110097,0.004660475292583919,0.0309514351231526,0.02285918166886033,TGFBR2/VSIR/CD69/CD55/CD274/CD83/IL18/IL2RA/CD160,9
4,GO:0002790,peptide secretion,19/724,257/18986,0.07392996108949416,1.9387213276866524,3.016798938422344,0.0046797502021900545,0.031038658165181806,0.022923600244461852,FGA/IL1B/IL6/SPINK1/CCL5/PARK7/EDN1/INHBB/SYTL4/PTPRN2/ITPR1/CCN3/MMP7/PRKAR1A/PFKFB2/FOXO1/FKBP1B/VGF/SFRP1,19
4,GO:0045071,negative regulation of viral genome replication,7/724,55/18986,0.12727272727272726,3.3375690607734803,3.456682031362289,0.004707528949510171,0.03112467782539551,0.02298713006245235,CCL5/SRPK2/EIF2AK2/MPHOSPH8/BST2/TNIP1/MAVS,7
4,GO:0060425,lung morphogenesis,7/724,55/18986,0.12727272727272726,3.3375690607734803,3.456682031362289,0.004707528949510171,0.03112467782539551,0.02298713006245235,TGFBR2/YAP1/DAG1/CTSZ/AP3B1/MAP2K1/SPRY2,7
4,GO:0060828,regulation of canonical Wnt signaling pathway,20/724,276/18986,0.07246376811594203,1.9002722395708225,2.9997973733668344,0.004711194803408699,0.03112467782539551,0.02298713006245235,IGFBP6/EGF/YAP1/APP/USP8/RSPO3/STK11/CDH3/DAB2/MDK/RSPO1/STK4/SRC/NFKB1/AXIN1/TBL1X/SFRP4/BAMBI/FOXO1/SFRP1,20
4,GO:0002062,chondrocyte differentiation,11/724,116/18986,0.09482758620689655,2.4867355686797485,3.197990658122378,0.004793459178592611,0.031585583687884035,0.023327532076153706,TGFBR2/CCN2/ACVRL1/CYTL1/WNT9A/MDK/SERPINH1/CCN3/EFEMP1/COL2A1/LTBP3,11
4,GO:0043393,regulation of protein binding,11/724,116/18986,0.09482758620689655,2.4867355686797485,3.197990658122378,0.004793459178592611,0.031585583687884035,0.023327532076153706,MMP9/CFHR5/BDNF/B2M/DAB2/MITD1/BAX/MAP2/BAMBI/ANXA2/HIP1R,11
4,GO:0002220,innate immune response activating cell surface receptor signaling pathway,10/724,100/18986,0.1,2.622375690607735,3.2387830089534946,0.004822051021338378,0.03173261179927626,0.023436119684300837,CD14/LYN/FCN1/LBP/IRAK4/SRC/TREM2/IRAK1/TAX1BP1/APPL2,10
4,GO:0009262,deoxyribonucleotide metabolic process,6/724,42/18986,0.14285714285714285,3.7462509865824782,3.547557498875225,0.004898649087960892,0.03202816622322684,0.02365440139703047,NUDT16/NT5C/TYMP/RRM2/SHMT1/RRM2B,6
4,GO:0014044,Schwann cell development,6/724,42/18986,0.14285714285714285,3.7462509865824782,3.547557498875225,0.004898649087960892,0.03202816622322684,0.02365440139703047,DAG1/MAP2K1/AKT2/PPP3R1/SIRT2/SOD1,6
4,GO:0019692,deoxyribose phosphate metabolic process,6/724,42/18986,0.14285714285714285,3.7462509865824782,3.547557498875225,0.004898649087960892,0.03202816622322684,0.02365440139703047,NUDT16/NT5C/TYMP/RRM2/SHMT1/RRM2B,6
4,GO:0046676,negative regulation of insulin secretion,6/724,42/18986,0.14285714285714285,3.7462509865824782,3.547557498875225,0.004898649087960892,0.03202816622322684,0.02365440139703047,INHBB/SYTL4/CCN3/FOXO1/FKBP1B/SFRP1,6
4,GO:0070232,regulation of T cell apoptotic process,6/724,42/18986,0.14285714285714285,3.7462509865824782,3.547557498875225,0.004898649087960892,0.03202816622322684,0.02365440139703047,EFNA1/CCL5/LGALS3/FADD/CD274/ADAM8,6
4,GO:0045069,regulation of viral genome replication,9/724,85/18986,0.10588235294117647,2.7766330841728957,3.268626005150584,0.005040793013412505,0.03287247469649909,0.024277965399742942,CCL5/TOP2B/SRPK2/EIF2AK2/MPHOSPH8/TARBP2/BST2/TNIP1/MAVS,9
4,GO:0060337,type I interferon-mediated signaling pathway,9/724,85/18986,0.10588235294117647,2.7766330841728957,3.268626005150584,0.005040793013412505,0.03287247469649909,0.024277965399742942,STAT2/FADD/CDC37/PTPN6/GIGYF2/PTPN1/IRAK1/AZI2/MAVS,9
4,GO:0045927,positive regulation of growth,19/724,259/18986,0.07335907335907337,1.9237505066234348,2.9803747887004213,0.005082062588551583,0.03290488990753455,0.02430190565307677,YAP1/BDNF/SEMA4D/VEGFA/DLL1/PPIB/CXCL16/IST1/FXN/HDGFL2/EIF4G1/EDN1/PPM1F/TWF2/IL7/STAT5B/CEP43/PRSS2/SFRP1,19
4,GO:0032970,regulation of actin filament-based process,26/724,395/18986,0.06582278481012659,1.7261207077418004,2.9037311884072663,0.005084615087526106,0.03290488990753455,0.02430190565307677,SDC4/PDGFA/TMSB10/CCN2/HCLS1/GMFG/ESAM/EDN1/PPM1F/VASP/NCK2/JAM3/TWF2/CCL26/WASHC3/RGCC/BAG4/RHOC/PXN/BST2/ARFIP1/CD2AP/HIP1R/SFRP1/CCL11/WASF1,26
4,GO:0015732,prostaglandin transport,5/724,30/18986,0.16666666666666666,4.370626151012891,3.6787330823957105,0.005132068057143749,0.03290488990753455,0.02430190565307677,IL1B/MIF/EDN1/PLA2G4A/MAP2K6,5
4,GO:0042509,regulation of tyrosine phosphorylation of STAT protein,5/724,30/18986,0.16666666666666666,4.370626151012891,3.6787330823957105,0.005132068057143749,0.03290488990753455,0.02430190565307677,OSM/PIBF1/IL18/CTF1/ARL2BP,5
4,GO:0043032,positive regulation of macrophage activation,5/724,30/18986,0.16666666666666666,4.370626151012891,3.6787330823957105,0.005132068057143749,0.03290488990753455,0.02430190565307677,MMP8/LBP/PLA2G4A/TREM2/CCL3,5
4,GO:1900746,regulation of vascular endothelial growth factor signaling pathway,5/724,30/18986,0.16666666666666666,4.370626151012891,3.6787330823957105,0.005132068057143749,0.03290488990753455,0.02430190565307677,CD63/SMOC2/VEGFA/DLL1/SPRY2,5
4,GO:1902230,negative regulation of intrinsic apoptotic signaling pathway in response to DNA damage,5/724,30/18986,0.16666666666666666,4.370626151012891,3.6787330823957105,0.005132068057143749,0.03290488990753455,0.02430190565307677,BID/TRIAP1/MIF/BCL2L1/CDKN2D,5
4,GO:2000108,positive regulation of leukocyte apoptotic process,5/724,30/18986,0.16666666666666666,4.370626151012891,3.6787330823957105,0.005132068057143749,0.03290488990753455,0.02430190565307677,CCL5/LYN/CD274/BAX/ADAM8,5
4,GO:0010744,positive regulation of macrophage derived foam cell differentiation,4/724,19/18986,0.21052631578947367,5.520790927595231,3.925475902960512,0.005143423630184466,0.03290488990753455,0.02430190565307677,PF4/IL18/MSR1/NFKB1,4
4,GO:0010759,positive regulation of macrophage chemotaxis,4/724,19/18986,0.21052631578947367,5.520790927595231,3.925475902960512,0.005143423630184466,0.03290488990753455,0.02430190565307677,CCL5/MDK/MSTN/CXCL17,4
4,GO:0030903,notochord development,4/724,19/18986,0.21052631578947367,5.520790927595231,3.925475902960512,0.005143423630184466,0.03290488990753455,0.02430190565307677,YAP1/EFNA1/EPHA2/COL2A1,4
4,GO:0032695,negative regulation of interleukin-12 production,4/724,19/18986,0.21052631578947367,5.520790927595231,3.925475902960512,0.005143423630184466,0.03290488990753455,0.02430190565307677,LILRA5/PIBF1/NFKB1/ACP5,4
4,GO:0061098,positive regulation of protein tyrosine kinase activity,4/724,19/18986,0.21052631578947367,5.520790927595231,3.925475902960512,0.005143423630184466,0.03290488990753455,0.02430190565307677,EFNA1/LILRA5/SRC/PTPN1,4
4,GO:0090201,negative regulation of release of cytochrome c from mitochondria,4/724,19/18986,0.21052631578947367,5.520790927595231,3.925475902960512,0.005143423630184466,0.03290488990753455,0.02430190565307677,TRIAP1/FXN/BCL2L1/PPIF,4
4,GO:0140131,positive regulation of lymphocyte chemotaxis,4/724,19/18986,0.21052631578947367,5.520790927595231,3.925475902960512,0.005143423630184466,0.03290488990753455,0.02430190565307677,TNFSF14/CCL7/CCL5/CCL3,4
4,GO:0001954,positive regulation of cell-matrix adhesion,7/724,56/18986,0.125,3.2779696132596685,3.39912431120421,0.005207151255064816,0.033228462680678764,0.024540880316932263,SDC4/DAG1/VEGFA/RRAS/PPM1F/CCL28/SFRP1,7
4,GO:0002448,mast cell mediated immunity,7/724,56/18986,0.125,3.2779696132596685,3.39912431120421,0.005207151255064816,0.033228462680678764,0.024540880316932263,CD84/LAT/LYN/VAMP8/SNAP23/CD300A/STXBP1,7
4,GO:0040013,negative regulation of locomotion,27/724,416/18986,0.06490384615384616,1.702022683807905,2.8826523769325725,0.005244290884794756,0.03342326120019255,0.024684748758853393,TAFA5/NBL1/DAG1/ACVRL1/TIMP1/PLXNB3/SPINT2/MIF/SERPINB1/CD69/RRAS/VASH1/CD300A/C5/RGCC/BCR/CCN3/PRKG1/STK24/BST2/PTPN1/CCL28/PTPRR/SLURP1/AIF1/KLF4/SFRP1,27
4,GO:0045619,regulation of lymphocyte differentiation,17/724,223/18986,0.07623318385650224,1.9991204816292147,2.988268169434269,0.005358114174894833,0.033903774557724725,0.025039631887549603,TGFBR2/VSIR/CLEC4G/AP3B1/CD69/MDK/IL7/STAT5B/CD83/IL18/PGLYRP1/PTPN6/CD46/IL2RA/SOD1/SFRP1/ADAM8,17
4,GO:0002855,regulation of natural killer cell mediated immune response to tumor cell,3/724,10/18986,0.3,7.867127071823204,4.324871044809564,0.0054203106138982155,0.033903774557724725,0.025039631887549603,CD226/NECTIN2/CD160,3
4,GO:0007021,tubulin complex assembly,3/724,10/18986,0.3,7.867127071823204,4.324871044809564,0.0054203106138982155,0.033903774557724725,0.025039631887549603,TBCC/TBCA/TBCB,3
4,GO:0033004,negative regulation of mast cell activation,3/724,10/18986,0.3,7.867127071823204,4.324871044809564,0.0054203106138982155,0.033903774557724725,0.025039631887549603,CD84/CD300A/PTPN6,3
4,GO:0035694,mitochondrial protein catabolic process,3/724,10/18986,0.3,7.867127071823204,4.324871044809564,0.0054203106138982155,0.033903774557724725,0.025039631887549603,LONP1/HTRA2/CLPP,3
4,GO:0035747,natural killer cell chemotaxis,3/724,10/18986,0.3,7.867127071823204,4.324871044809564,0.0054203106138982155,0.033903774557724725,0.025039631887549603,CCL7/CCL5/CCL3,3
4,GO:0044650,adhesion of symbiont to host cell,3/724,10/18986,0.3,7.867127071823204,4.324871044809564,0.0054203106138982155,0.033903774557724725,0.025039631887549603,ICAM1/NECTIN2/INHBB,3
4,GO:0045136,development of secondary sexual characteristics,3/724,10/18986,0.3,7.867127071823204,4.324871044809564,0.0054203106138982155,0.033903774557724725,0.025039631887549603,STAT5B/BAX/B4GALT1,3
4,GO:0048672,positive regulation of collateral sprouting,3/724,10/18986,0.3,7.867127071823204,4.324871044809564,0.0054203106138982155,0.033903774557724725,0.025039631887549603,BDNF/SEMA4D/IST1,3
4,GO:0060368,regulation of Fc receptor mediated stimulatory signaling pathway,3/724,10/18986,0.3,7.867127071823204,4.324871044809564,0.0054203106138982155,0.033903774557724725,0.025039631887549603,CD226/LYN/APPL2,3
4,GO:0070432,regulation of nucleotide-binding oligomerization domain containing 2 signaling pathway,3/724,10/18986,0.3,7.867127071823204,4.324871044809564,0.0054203106138982155,0.033903774557724725,0.025039631887549603,HSPA1A/ERBIN/NAGK,3
4,GO:0097017,renal protein absorption,3/724,10/18986,0.3,7.867127071823204,4.324871044809564,0.0054203106138982155,0.033903774557724725,0.025039631887549603,COMT/CD2AP/AMN,3
4,GO:1902513,regulation of organelle transport along microtubule,3/724,10/18986,0.3,7.867127071823204,4.324871044809564,0.0054203106138982155,0.033903774557724725,0.025039631887549603,STK11/MAP2/TRIM58,3
4,GO:1903980,positive regulation of microglial cell activation,3/724,10/18986,0.3,7.867127071823204,4.324871044809564,0.0054203106138982155,0.033903774557724725,0.025039631887549603,MMP8/TREM2/CCL3,3
4,GO:2000048,negative regulation of cell-cell adhesion mediated by cadherin,3/724,10/18986,0.3,7.867127071823204,4.324871044809564,0.0054203106138982155,0.033903774557724725,0.025039631887549603,VEGFA/PPM1F/RGCC,3
4,GO:0071357,cellular response to type I interferon,9/724,86/18986,0.10465116279069768,2.7443466529615828,3.2281338542733313,0.005444742599007203,0.0340144982637607,0.025121406877990426,STAT2/FADD/CDC37/PTPN6/GIGYF2/PTPN1/IRAK1/AZI2/MAVS,9
4,GO:0001890,placenta development,13/724,152/18986,0.08552631578947369,2.2428213143355626,3.0630890185633093,0.005511784025378579,0.03431565817038521,0.02534382851981462,PDGFB/RSPO3/ANG/BSG/SPINT2/MAP2K1/VASH1/DNAJB6/PKD2/PRDX3/STK4/CASP8/SOD1,13
4,GO:0030177,positive regulation of Wnt signaling pathway,13/724,152/18986,0.08552631578947369,2.2428213143355626,3.0630890185633093,0.005511784025378579,0.03431565817038521,0.02534382851981462,EGF/YAP1/USP8/RSPO3/CDH3/DAB2/RSPO1/SRC/NFKB1/TBL1X/SFRP4/BAMBI/SFRP1,13
4,GO:1904407,positive regulation of nitric oxide metabolic process,6/724,43/18986,0.13953488372093023,3.659128870615444,3.4757589363707453,0.005513319041225324,0.03431565817038521,0.02534382851981462,IL1B/APP/TMEM106A/EDN1/PKD2/KLF4,6
4,GO:0002009,morphogenesis of an epithelium,31/724,500/18986,0.062,1.6258729281767956,2.823905174454195,0.005653528065600766,0.03514505638812579,0.025956380553661316,SDC4/EGF/TGFBR2/YAP1/PDGFA/DAG1/ACVRL1/RSPO3/EPHA2/VEGFA/DLL1/BSG/CTSZ/SPINT2/LRG1/EDN1/PPP3R1/MDK/VASP/CASP3/RAB10/PKD2/RHOC/STK4/SRC/FKBPL/SPRY2/KLF4/SFRP1/CCL11/RGMA,31
4,GO:0032412,regulation of monoatomic ion transmembrane transporter activity,15/724,188/18986,0.0797872340425532,2.092321029740214,2.9969107636295877,0.005717071632635546,0.035496412814914065,0.026215874834250155,MMP9/SCN4B/CTSS/CACNB3/PDZK1/EDN1/MINK1/PKD2/EHD3/GOPC/TREM2/PPIF/SLMAP/WWP2/FKBP1B,15
4,GO:0002886,regulation of myeloid leukocyte mediated immunity,7/724,57/18986,0.12280701754385964,3.2204613744305512,3.3428526194892667,0.005745533483125818,0.03558569390161505,0.026281813378694726,CD84/LYN/VAMP8/CD300A/BCR/STXBP1/MAVS,7
4,GO:0099024,plasma membrane invagination,7/724,57/18986,0.12280701754385964,3.2204613744305512,3.3428526194892667,0.005745533483125818,0.03558569390161505,0.026281813378694726,CD300A/MSR1/MARCO/TREM2/AIF1/BIN2/APPL2,7
4,GO:0001892,embryonic placenta development,9/724,87/18986,0.10344827586206896,2.712802438559726,3.188217204432595,0.005873273867768149,0.036330232787890764,0.026831692555320568,PDGFB/RSPO3/SPINT2/MAP2K1/VASH1/DNAJB6/PKD2/STK4/CASP8,9
4,GO:0045931,positive regulation of mitotic cell cycle,12/724,136/18986,0.08823529411764706,2.313860903477413,3.061706675271465,0.0058801207796784025,0.036330232787890764,0.026831692555320568,APP/SMOC2/VPS4B/EIF4G1/EIF4E/STAT5B/RGCC/LGMN/RRM2/EIF4EBP1/AIF1/RRM2B,12
4,GO:0006163,purine nucleotide metabolic process,28/724,440/18986,0.06363636363636363,1.6687845303867401,2.82610207574726,0.005891366695884221,0.03635527140537101,0.026850184825660883,APP/EPHA2/AK2/NUDT16/NUDT5/GPI/SULT2A1/NDUFB7/FHIT/ATP5IF1/HSPA1A/TALDO1/ENO1/GMPR2/NT5C/ENO2/TP53I3/SRC/MDH1/PDE5A/PRDX5/TREM2/PFKFB2/ABHD14B/SULT1A1/GIT1/PGD/RBKS,28
4,GO:0002431,Fc receptor mediated stimulatory signaling pathway,5/724,31/18986,0.16129032258064516,4.229638210657637,3.5832180886513583,0.005930504681997596,0.036463224650627554,0.026929913692359427,CD226/LYN/SRC/VAV3/APPL2,5
4,GO:0034315,regulation of Arp2/3 complex-mediated actin nucleation,5/724,31/18986,0.16129032258064516,4.229638210657637,3.5832180886513583,0.005930504681997596,0.036463224650627554,0.026929913692359427,GMFG/WASHC3/ARFIP1/HIP1R/WASF1,5
4,GO:0070723,response to cholesterol,5/724,31/18986,0.16129032258064516,4.229638210657637,3.5832180886513583,0.005930504681997596,0.036463224650627554,0.026929913692359427,TGFBR2/DAG1/INHBB/PMVK/CCL3,5
4,GO:0006887,exocytosis,24/724,360/18986,0.06666666666666667,1.7482504604051565,2.85390070286801,0.005951495511541429,0.0365478229833905,0.026992393788995213,FGA/SDC4/CD84/LAT/ANXA3/CCL5/LYN/VAMP8/VPS4B/SNAP23/RAB10/CD300A/SYTL4/WASHC3/BCR/RAB27B/STXBP1/CD160/HGS/CCL3/TNFAIP2/ANXA2/GIT1/RAB2B,24
4,GO:0018209,peptidyl-serine modification,14/724,171/18986,0.08187134502923976,2.1469742496203676,2.999853362690286,0.00596123622411279,0.03656321344255587,0.02700376041224317,OSM/IL6/APP/PARK7/EIF4G1/PPM1F/SRPK2/ERN1/BAG4/STK4/NOS1/SPRY2/AXIN1/MAPKAPK2,14
4,GO:0140895,cell surface toll-like receptor signaling pathway,8/724,72/18986,0.1111111111111111,2.9137507673419276,3.239368452090384,0.00599285279832672,0.036712579445749384,0.027114074670324145,CD14/LYN/LBP/IRAK4/TREM2/IRAK1/TAX1BP1/APPL2,8
4,GO:0060485,mesenchyme development,23/724,341/18986,0.06744868035190615,1.7687577971841026,2.852239197249893,0.006106154721263389,0.0373613873623065,0.027593251741557256,IL1B/TGFBR2/IL6/YAP1/DAG1/SEMA4D/EFNA1/ACVRL1/VEGFA/LRG1/DAB2/EDN1/PPP3R1/MDK/S100A4/PKD2/PHLDB1/RGCC/SPRY2/TCOF1/BAMBI/SFRP1/ADAM8,23
4,GO:0042119,neutrophil activation,6/724,44/18986,0.13636363636363635,3.5759668508287294,3.4060742156939114,0.00618250315259616,0.037782794356978226,0.027904481867378584,ANXA3/CCL5/CD300A/IL18/BCR/GRN,6
4,GO:0051091,positive regulation of DNA-binding transcription factor activity,16/724,208/18986,0.07692307692307693,2.0172120696982576,2.93710125854402,0.006230407591461023,0.037847728180084736,0.02795243874087861,CD40LG/IL1B/IL6/ANXA3/MTDH/EDN1/RWDD1/EIF2AK2/HSPA1A/PRDX3/RGCC/IL18/ROR1/IRAK1/TRIM25/MAVS,16
4,GO:0002523,leukocyte migration involved in inflammatory response,4/724,20/18986,0.2,5.24475138121547,3.781636644273694,0.006238060461814521,0.037847728180084736,0.02795243874087861,LBP/MDK/JAM3/ADAM8,4
4,GO:0002755,MyD88-dependent toll-like receptor signaling pathway,4/724,20/18986,0.2,5.24475138121547,3.781636644273694,0.006238060461814521,0.037847728180084736,0.02795243874087861,IRAK4/CD300A/TNIP1/IRAK1,4
4,GO:0006309,apoptotic DNA fragmentation,4/724,20/18986,0.2,5.24475138121547,3.781636644273694,0.006238060461814521,0.037847728180084736,0.02795243874087861,IL6/AIFM1/DFFA/BAX,4
4,GO:0046835,carbohydrate phosphorylation,4/724,20/18986,0.2,5.24475138121547,3.781636644273694,0.006238060461814521,0.037847728180084736,0.02795243874087861,PFKFB2/NAGK/GNE/RBKS,4
4,GO:0098761,cellular response to interleukin-7,4/724,20/18986,0.2,5.24475138121547,3.781636644273694,0.006238060461814521,0.037847728180084736,0.02795243874087861,CRKL/IL7/STIP1/RAD23B,4
4,GO:0030509,BMP signaling pathway,14/724,172/18986,0.08139534883720931,2.1344918411923426,2.975948732218893,0.006269304367378201,0.037991683780251105,0.028058757145933488,NBL1/RGMB/ACVRL1/FSTL3/VWC2/CHRDL1/RBPMS2/FSTL1/BMPER/SPART/SFRP4/BAMBI/SFRP1/RGMA,14
4,GO:0042698,ovulation cycle,8/724,73/18986,0.1095890410958904,2.8738363732687504,3.1938410479062482,0.006511598929548209,0.039365575346814174,0.029073444729511396,EREG/MDK/CASP3/STAT5B/MAP2K6/SRC/MSTN/CASP2,8
4,GO:1903317,regulation of protein maturation,8/724,73/18986,0.1095890410958904,2.8738363732687504,3.1938410479062482,0.006511598929548209,0.039365575346814174,0.029073444729511396,FGA/SERPINE2/CTSZ/PLAUR/ENO1/SRC/ANXA2/ADAM8,8
4,GO:0001701,in utero embryonic development,26/724,403/18986,0.06451612903225806,1.6918552842630545,2.795183259190662,0.006556719279348776,0.03959099072619918,0.02923992525255708,PDGFB/TGFBR2/ANGPT1/YAP1/ACVRL1/RSPO3/VEGFA/SPINT2/OTUD7B/GPI/MAP2K1/BCL2L1/EDN1/VASH1/DNAJB6/FUT8/PKD2/CMIP/STK4/AXIN1/KIFBP/PPP1CC/PTPRR/RRM2/CASP8/KLF4,26
4,GO:0030308,negative regulation of cell growth,14/724,173/18986,0.08092485549132948,2.122153738064063,2.9522069542743568,0.006589984101557286,0.039744367123234516,0.02935320138691388,SERPINE2/ACVRL1/STK11/DAB2/HSPA1A/ENO1/CCN3/CDKN2D/PPP1R9B/BST2/SPART/MAP2/SFRP1/RGMA,14
4,GO:0043588,skin development,22/724,324/18986,0.06790123456790123,1.7806254689311778,2.821867019533298,0.0066953066316006275,0.040331441854719395,0.029786785415790506,TNFRSF19/EREG/YAP1/ITGA6/PDGFA/HPSE/EPHA2/DLL1/CDH3/AP3B1/MAP2K1/CASP3/IL18/BCR/STK4/ASAH1/KAZN/EDAR/CDSN/KLF4/TNFSF13B/PPL,22
4,GO:1905477,positive regulation of protein localization to membrane,10/724,105/18986,0.09523809523809523,2.4975006577216523,3.063723655470744,0.00678902806481768,0.04079401435810877,0.030128418327089266,EPHA2/MESD/CNPY4/LGALS3/PDZK1/AKT2/CRKL/PPP1R9B/CNST/TREM2,10
4,GO:0046209,nitric oxide metabolic process,9/724,89/18986,0.10112359550561797,2.6518405860078214,3.1100481939790354,0.00680792861738155,0.04079401435810877,0.030128418327089266,IL1B/APP/TMEM106A/EDN1/PKD2/NOS1/ACP5/GCHFR/KLF4,9
4,GO:0098586,cellular response to virus,9/724,89/18986,0.10112359550561797,2.6518405860078214,3.1100481939790354,0.00680792861738155,0.04079401435810877,0.030128418327089266,IL6/PENK/IL10RB/IFNGR1/CCL5/LGALS8/IFNLR1/BAX/NFKB1,9
4,GO:0036258,multivesicular body assembly,5/724,32/18986,0.15625,4.097462016574585,3.4916520192299814,0.006812455108477207,0.04079401435810877,0.030128418327089266,VTA1/IST1/VPS4B/CHMP1A/HGS,5
4,GO:1902547,regulation of cellular response to vascular endothelial growth factor stimulus,5/724,32/18986,0.15625,4.097462016574585,3.4916520192299814,0.006812455108477207,0.04079401435810877,0.030128418327089266,CD63/SMOC2/VEGFA/DLL1/SPRY2,5
4,GO:1900077,negative regulation of cellular response to insulin stimulus,6/724,45/18986,0.13333333333333333,3.496500920810313,3.338389071759515,0.0069088625585118895,0.0412735122585332,0.030482551489962872,IL1B/LONP1/MSTN/PTPN1/AHSG/APPL2,6
4,GO:2001259,positive regulation of cation channel activity,6/724,45/18986,0.13333333333333333,3.496500920810313,3.338389071759515,0.0069088625585118895,0.0412735122585332,0.030482551489962872,CTSS/CACNB3/EDN1/PKD2/EHD3/TREM2,6
4,GO:0048638,regulation of developmental growth,22/724,325/18986,0.06769230769230769,1.7751466213344664,2.8064576761426574,0.0069325394787881755,0.04136606201392614,0.03055090410959159,YAP1/APP/BDNF/SEMA4D/VEGFA/DLL1/PPIB/PLXNA4/IST1/FXN/EDN1/TWF2/IL7/HTRA2/STAT5B/LGMN/STK4/MSTN/SPART/MAP2/SOD1/RGMA,22
4,GO:0048008,platelet-derived growth factor receptor signaling pathway,7/724,59/18986,0.11864406779661017,3.1112931922464653,3.233955776277289,0.006945730703412183,0.04139589973472308,0.030572940757571502,PDGFB/PDGFA/VEGFA/SRC/PTPN1/HGS/HIP1R,7
4,GO:0039531,regulation of cytoplasmic pattern recognition receptor signaling pathway,11/724,122/18986,0.09016393442622951,2.3644370980889415,3.010349744350755,0.00697922569240941,0.04149765488169078,0.030648092018927264,PCBP2/EIF2AK2/HSPA1A/SIRT2/ERBIN/TARBP2/SRC/TREM2/NAGK/TAX1BP1/MAVS,11
4,GO:0045582,positive regulation of T cell differentiation,11/724,122/18986,0.09016393442622951,2.3644370980889415,3.010349744350755,0.00697922569240941,0.04149765488169078,0.030648092018927264,TGFBR2/VSIR/AP3B1/MDK/IL7/STAT5B/CD83/IL18/CD46/IL2RA/ADAM8,11
4,GO:0022604,regulation of cell morphogenesis,18/724,248/18986,0.07258064516129033,1.9033371947959365,2.8511136566114246,0.006994411481185378,0.04153907829131716,0.030678685277114665,PALM/DAG1/SEMA4D/SPARC/CCL7/VEGFA/PLXNB3/PLXNA4/FGD3/COCH/SRC/PLEKHO1/DNMBP/FMNL1/CCL3/BAMBI/CCL13/CCL11,18
4,GO:0045787,positive regulation of cell cycle,24/724,365/18986,0.06575342465753424,1.7243018239612502,2.7820499655659012,0.007019320737701822,0.04163808334312795,0.030751805455758167,TGFA/IL1B/EREG/PDGFB/EGF/APP/SMOC2/NUDT16/VPS4B/EIF4G1/EDN1/EIF4E/SRPK2/SIRT2/STAT5B/RGCC/LGMN/RAB11FIP3/NSFL1C/RRM2/EIF4EBP1/BTC/AIF1/RRM2B,24
4,GO:0032732,positive regulation of interleukin-1 production,8/724,74/18986,0.10810810810810811,2.835000746602957,3.149080699488705,0.007063642260765091,0.04185187337152025,0.03090970007610664,IL6/APP/LILRA5/CASP1/TMEM106A/CCL3/CASP8/CALCA,8
4,GO:0071560,cellular response to transforming growth factor beta stimulus,21/724,306/18986,0.06862745098039216,1.7996695915935434,2.8079105826974575,0.007076746262603638,0.04188041640655595,0.030930780533948606,TGFBR2/PENK/ACVRL1/LRG1/STK11/CDH3/DAB2/PDCD5/EDN1/CRKL/HSPA1A/FUT8/PXN/SRC/MSTN/SPRY2/AXIN1/BAMBI/LTBP3/SFRP1/APPL2,21
4,GO:0090092,regulation of transmembrane receptor protein serine/threonine kinase signaling pathway,22/724,326/18986,0.06748466257668712,1.7697013862996982,2.79110171569995,0.007176619277276925,0.04200805482435754,0.031025047884358784,TGFBR2/NBL1/ACVRL1/FSTL3/VWC2/CHRDL1/LRG1/STK11/CDH3/DAB2/RBPMS2/HSPA1A/CCN3/FSTL1/SPRY2/BMPER/AXIN1/SPART/SFRP4/BAMBI/SFRP1/RGMA,22
4,GO:0034767,positive regulation of monoatomic ion transmembrane transport,13/724,157/18986,0.08280254777070063,2.1713938839427103,2.9345368351181293,0.007193519038469018,0.04200805482435754,0.031025047884358784,F2R/CTSS/CACNB3/PDZK1/FXYD5/EDN1/PPP3R1/PKD2/BAX/NOS1/EHD3/TREM2/CXCL11,13
4,GO:0043087,regulation of GTPase activity,15/724,193/18986,0.07772020725388601,2.038115821715856,2.8862026581204385,0.007237141954593417,0.04200805482435754,0.031025047884358784,ITGA6/SEMA4D/F2R/EPHA2/PLXNB3/RGS10/FGD3/CCL26/EVI5/BCR/PRKG1/VAV3/SOD1/SFRP1/CCL11,15
4,GO:0002423,natural killer cell mediated immune response to tumor cell,3/724,11/18986,0.2727272727272727,7.151933701657459,4.063661378708586,0.007243523575053718,0.04200805482435754,0.031025047884358784,CD226/NECTIN2/CD160,3
4,GO:0002887,negative regulation of myeloid leukocyte mediated immunity,3/724,11/18986,0.2727272727272727,7.151933701657459,4.063661378708586,0.007243523575053718,0.04200805482435754,0.031025047884358784,CD84/CD300A/BCR,3
4,GO:0002924,negative regulation of humoral immune response mediated by circulating immunoglobulin,3/724,11/18986,0.2727272727272727,7.151933701657459,4.063661378708586,0.007243523575053718,0.04200805482435754,0.031025047884358784,C4BPB/PTPN6/CD46,3
4,GO:0009176,pyrimidine deoxyribonucleoside monophosphate metabolic process,3/724,11/18986,0.2727272727272727,7.151933701657459,4.063661378708586,0.007243523575053718,0.04200805482435754,0.031025047884358784,NT5C/TYMP/SHMT1,3
4,GO:0016185,synaptic vesicle budding from presynaptic endocytic zone membrane,3/724,11/18986,0.2727272727272727,7.151933701657459,4.063661378708586,0.007243523575053718,0.04200805482435754,0.031025047884358784,AP3S2/DNM3/DNM1,3
4,GO:0019673,GDP-mannose metabolic process,3/724,11/18986,0.2727272727272727,7.151933701657459,4.063661378708586,0.007243523575053718,0.04200805482435754,0.031025047884358784,MPI/GPI/PMM2,3
4,GO:0038196,type III interferon-mediated signaling pathway,3/724,11/18986,0.2727272727272727,7.151933701657459,4.063661378708586,0.007243523575053718,0.04200805482435754,0.031025047884358784,IL10RB/IFNGR1/IFNLR1,3
4,GO:0060397,growth hormone receptor signaling pathway via JAK-STAT,3/724,11/18986,0.2727272727272727,7.151933701657459,4.063661378708586,0.007243523575053718,0.04200805482435754,0.031025047884358784,LYN/STAT5B/PTPN1,3
4,GO:0070391,response to lipoteichoic acid,3/724,11/18986,0.2727272727272727,7.151933701657459,4.063661378708586,0.007243523575053718,0.04200805482435754,0.031025047884358784,CD14/LBP/TREM2,3
4,GO:0071223,cellular response to lipoteichoic acid,3/724,11/18986,0.2727272727272727,7.151933701657459,4.063661378708586,0.007243523575053718,0.04200805482435754,0.031025047884358784,CD14/LBP/TREM2,3
4,GO:0071358,cellular response to type III interferon,3/724,11/18986,0.2727272727272727,7.151933701657459,4.063661378708586,0.007243523575053718,0.04200805482435754,0.031025047884358784,IL10RB/IFNGR1/IFNLR1,3
4,GO:0071492,cellular response to UV-A,3/724,11/18986,0.2727272727272727,7.151933701657459,4.063661378708586,0.007243523575053718,0.04200805482435754,0.031025047884358784,MMP9/TIMP1/MMP1,3
4,GO:0090085,regulation of protein deubiquitination,3/724,11/18986,0.2727272727272727,7.151933701657459,4.063661378708586,0.007243523575053718,0.04200805482435754,0.031025047884358784,PARK7/UBXN1/TNIP1,3
4,GO:0110011,regulation of basement membrane organization,3/724,11/18986,0.2727272727272727,7.151933701657459,4.063661378708586,0.007243523575053718,0.04200805482435754,0.031025047884358784,DAG1/NID1/PHLDB1,3
4,GO:0008630,intrinsic apoptotic signaling pathway in response to DNA damage,10/724,106/18986,0.09433962264150944,2.4739393307620143,3.0299255688162345,0.007247927148167742,0.04200805482435754,0.031025047884358784,BID/TRIAP1/EPHA2/MIF/BCL2L1/HTRA2/BAX/HNRNPK/CDKN2D/CASP2,10
4,GO:0019724,B cell mediated immunity,16/724,212/18986,0.07547169811320754,1.9791514646096109,2.854564208645094,0.007438388113713678,0.04299050767919015,0.03175063841676385,CD40LG/SERPING1/C2/CD226/CD40/NECTIN2/C4BPB/SLA2/C5/CD55/C8B/PTPN6/CD46/TREM2/C1R/TNFSF13,16
4,GO:0030502,negative regulation of bone mineralization,4/724,21/18986,0.19047619047619047,4.995001315443305,3.6471243006380805,0.007476979867433349,0.04299050767919015,0.03175063841676385,FGF23/CCL3/LTBP3/AHSG,4
4,GO:0070242,thymocyte apoptotic process,4/724,21/18986,0.19047619047619047,4.995001315443305,3.6471243006380805,0.007476979867433349,0.04299050767919015,0.03175063841676385,EFNA1/DFFA/BAX/ADAM8,4
4,GO:0090200,positive regulation of release of cytochrome c from mitochondria,4/724,21/18986,0.19047619047619047,4.995001315443305,3.6471243006380805,0.007476979867433349,0.04299050767919015,0.03175063841676385,MMP9/BID/PLAUR/BAX,4
4,GO:0090713,immunological memory process,4/724,21/18986,0.19047619047619047,4.995001315443305,3.6471243006380805,0.007476979867433349,0.04299050767919015,0.03175063841676385,TNFRSF14/EBAG9/CD46/CD160,4
4,GO:0098760,response to interleukin-7,4/724,21/18986,0.19047619047619047,4.995001315443305,3.6471243006380805,0.007476979867433349,0.04299050767919015,0.03175063841676385,CRKL/IL7/STIP1/RAD23B,4
4,GO:1903975,regulation of glial cell migration,4/724,21/18986,0.19047619047619047,4.995001315443305,3.6471243006380805,0.007476979867433349,0.04299050767919015,0.03175063841676385,RRAS/CRKL/TREM2/CCL3,4
4,GO:0030072,peptide hormone secretion,18/724,250/18986,0.072,1.888110497237569,2.814485291807544,0.007575888361947436,0.04350970429691175,0.03213409106634642,FGA/IL1B/IL6/SPINK1/CCL5/PARK7/EDN1/INHBB/SYTL4/PTPRN2/ITPR1/CCN3/PRKAR1A/PFKFB2/FOXO1/FKBP1B/VGF/SFRP1,18
4,GO:0043616,keratinocyte proliferation,7/724,60/18986,0.11666666666666667,3.059438305709024,3.1812324830913923,0.007611131609845293,0.04366249620449275,0.03224693552603072,EREG/YAP1/LRG1/CDH3/MDK/SLURP1/KLK8,7
4,GO:0006739,NADP metabolic process,6/724,46/18986,0.13043478260869565,3.42049003122748,3.272597855505488,0.007695040869358847,0.044043869256783254,0.03252859858466528,TALDO1/TP53I3/MDH1/PRDX5/PGD/RBKS,6
4,GO:0060443,mammary gland morphogenesis,6/724,46/18986,0.13043478260869565,3.42049003122748,3.272597855505488,0.007695040869358847,0.044043869256783254,0.03252859858466528,TGFBR2/EPHA2/BAX/SRC/NFKB1/CCL11,6
4,GO:0051099,positive regulation of binding,10/724,107/18986,0.09345794392523364,2.450818402437135,2.9965109277725706,0.007730439728601139,0.04419642804112009,0.03264127087118318,MMP9/EGF/BDNF/B2M/PLAUR/EIF4G1/SIRT2/BAMBI/ANXA2/HIP1R,10
4,GO:0036257,multivesicular body organization,5/724,33/18986,0.15151515151515152,3.9732965009208105,3.4037419170098313,0.007782163185286079,0.04444186750105745,0.0328225401784412,VTA1/IST1/VPS4B/CHMP1A/HGS,5
4,GO:0015833,peptide transport,19/724,270/18986,0.07037037037037037,1.845375485983221,2.785642812766294,0.007834418716895443,0.04462941337243546,0.032961052177255354,FGA/IL1B/IL6/SPINK1/CCL5/PARK7/EDN1/INHBB/SYTL4/PTPRN2/ITPR1/CCN3/MMP7/PRKAR1A/PFKFB2/FOXO1/FKBP1B/VGF/SFRP1,19
4,GO:0097581,lamellipodium organization,9/724,91/18986,0.0989010989010989,2.593558375326331,3.0340004429166334,0.00785253103853217,0.04462941337243546,0.032961052177255354,EPHA2/PLXNB3/NCK2/TWF2/SRC/PLEKHO1/MSTN/VAV3/WASF1,9
4,GO:1903510,mucopolysaccharide metabolic process,9/724,91/18986,0.0989010989010989,2.593558375326331,3.0340004429166334,0.00785253103853217,0.04462941337243546,0.032961052177255354,IL1B/PDGFB/EGF/ANGPT1/ITIH4/HPSE/GLB1/NFKB1/IDUA,9
4,GO:0032609,type II interferon production,11/724,124/18986,0.08870967741935484,2.3263010158617003,2.950254552590392,0.007859156688062438,0.04462941337243546,0.032961052177255354,IL1B/APP/CD226/VSIR/CD14/FADD/BTN3A2/CD274/IL18/PGLYRP1/CD160,11
4,GO:0032649,regulation of type II interferon production,11/724,124/18986,0.08870967741935484,2.3263010158617003,2.950254552590392,0.007859156688062438,0.04462941337243546,0.032961052177255354,IL1B/APP/CD226/VSIR/CD14/FADD/BTN3A2/CD274/IL18/PGLYRP1/CD160,11
4,GO:0071902,positive regulation of protein serine/threonine kinase activity,12/724,142/18986,0.08450704225352113,2.216092132907945,2.896173116970169,0.008219339649320298,0.046622382253271366,0.03443295929646143,IL1B/PDGFB/PDGFA/ERP29/MIF/MAP2K1/EDN1/ERN1/RGCC/SRC/PTPN1/PDE5A,12
4,GO:0034340,response to type I interferon,9/724,92/18986,0.09782608695652174,2.56536752342061,2.9967374282425774,0.008418520388465285,0.04769865699921923,0.035227841984302455,STAT2/FADD/CDC37/PTPN6/GIGYF2/PTPN1/IRAK1/AZI2/MAVS,9
4,GO:0060711,labyrinthine layer development,6/724,47/18986,0.1276595744680851,3.347713647584342,3.2086027112187514,0.0085436566448394,0.04829937436579232,0.03567150178099672,RSPO3/SPINT2/MAP2K1/VASH1/DNAJB6/CASP8,6
4,GO:0090278,negative regulation of peptide hormone secretion,6/724,47/18986,0.1276595744680851,3.347713647584342,3.2086027112187514,0.0085436566448394,0.04829937436579232,0.03567150178099672,INHBB/SYTL4/CCN3/FOXO1/FKBP1B/SFRP1,6
4,GO:0009166,nucleotide catabolic process,13/724,161/18986,0.08074534161490683,2.1174462098074875,2.83512679782143,0.008811732318189146,0.049575667042431236,0.03661410770675883,APP/NUDT16/GPI/FHIT/ENO1/NT5C/CNP/ENO2/SRC/TYMP/PDE5A/PFKFB2/GIT1,13
4,GO:0009185,ribonucleoside diphosphate metabolic process,11/724,126/18986,0.0873015873015873,2.289375602911514,2.891307557262752,0.008823002961578997,0.049575667042431236,0.03661410770675883,APP/AK2/NUDT5/GPI/ENO1/ENO2/SRC/PFKFB2/RRM2/GIT1/RRM2B,11
4,GO:0030212,hyaluronan metabolic process,5/724,34/18986,0.14705882352941177,3.8564348391290215,3.3192248302802434,0.008843763265691135,0.049575667042431236,0.03661410770675883,IL1B/PDGFB/EGF/ITIH4/NFKB1,5
4,GO:0090151,establishment of protein localization to mitochondrial membrane,5/724,34/18986,0.14705882352941177,3.8564348391290215,3.3192248302802434,0.008843763265691135,0.049575667042431236,0.03661410770675883,TOMM20/AP3B1/TIMM10/BAX/TIMM8A,5
4,GO:0002433,immune response-regulating cell surface receptor signaling pathway involved in phagocytosis,4/724,22/18986,0.18181818181818182,4.767955801104972,3.520891009169029,0.008867511477316549,0.049575667042431236,0.03661410770675883,LYN/SRC/VAV3/APPL2,4
4,GO:0034104,negative regulation of tissue remodeling,4/724,22/18986,0.18181818181818182,4.767955801104972,3.520891009169029,0.008867511477316549,0.049575667042431236,0.03661410770675883,IL6/BCR/CALCA/SFRP1,4
4,GO:0038096,Fc-gamma receptor signaling pathway involved in phagocytosis,4/724,22/18986,0.18181818181818182,4.767955801104972,3.520891009169029,0.008867511477316549,0.049575667042431236,0.03661410770675883,LYN/SRC/VAV3/APPL2,4
4,GO:0043555,regulation of translation in response to stress,4/724,22/18986,0.18181818181818182,4.767955801104972,3.520891009169029,0.008867511477316549,0.049575667042431236,0.03661410770675883,ANG/EIF4G1/NCK2/IMPACT,4
4,GO:0071498,cellular response to fluid shear stress,4/724,22/18986,0.18181818181818182,4.767955801104972,3.520891009169029,0.008867511477316549,0.049575667042431236,0.03661410770675883,PKD2/SRC/TFPI2/KLF4,4
4,GO:0141156,cAMP/PKA signal transduction,4/724,22/18986,0.18181818181818182,4.767955801104972,3.520891009169029,0.008867511477316549,0.049575667042431236,0.03661410770675883,APP/MIF/EDN1/PRKAR1A,4
4,GO:0031331,positive regulation of cellular catabolic process,17/724,235/18986,0.07234042553191489,1.897037733631127,2.7550712877052264,0.008882290347070925,0.049603420347067904,0.036634604909233495,IL1B/APP/MTDH/STK11/PARK7/AKT2/ATG16L1/ATP5IF1/CDC37/CALCOCO2/SRC/PTPN1/BAG3/TRIM58/FOXO1/ADAM8/RGMA,17
4,GO:0032729,positive regulation of type II interferon production,8/724,77/18986,0.1038961038961039,2.724546172059984,3.0191613464874654,0.008932525420438911,0.04982890008266916,0.036801132962561156,IL1B/APP/CD226/CD14/FADD/BTN3A2/IL18/CD160,8
