module_protein,ID,Description,GeneRatio,BgRatio,RichFactor,FoldEnrichment,zScore,pvalue,p.adjust,qvalue,geneID,Count
1,GO:0042060,wound healing,59/737,444/18986,0.13288288288288289,3.4232217291918783,10.383071877425515,1.0335288440627225e-16,5.308204143106142e-13,3.753341591596203e-13,ANXA2/AP3B1/BLOC1S3/CASP7/CD36/CD40/CD40LG/CDKN1A/CHMP1A/CHMP6/DAG1/DGKA/DGKZ/EPPK1/EREG/F11R/F2R/FGF2/GNAS/GP1BA/GP1BB/GP5/GP6/HBEGF/HPSE/HSPB1/ITGB5/LYN/MPIG6B/MYH9/NFATC1/PAFAH2/PDGFA/PDGFB/PDIA3/PEAR1/PF4/PLA2G4A/PRKG1/PTEN/PTPN6/RHOC/SCRIB/SDC4/SELP/SERPINE1/SERPINE2/SH2B3/SMAD3/SRC/STXBP1/STXBP3/SYTL4/TGFB1/TREML1/VAV3/VEGFA/VPS4B/WAS,59
1,GO:0007599,hemostasis,42/737,241/18986,0.17427385892116182,4.489502693998885,10.95591983740541,2.122526785687517e-16,5.450648785645544e-13,3.854061795064176e-13,ANXA2/AP3B1/BLOC1S3/CD36/CD40/CD40LG/DGKA/DGKZ/F11R/F2R/FLI1/GNAS/GP1BA/GP1BB/GP5/GP6/GPI/HPSE/HSPB1/LYN/MPIG6B/MYH9/NFE2/PAFAH2/PDGFA/PDGFB/PDIA3/PEAR1/PF4/PLA2G4A/PRKG1/PTPN6/SELP/SERPINE1/SERPINE2/SH2B3/SRC/STXBP1/STXBP3/TREML1/VAV3/WAS,42
1,GO:0042327,positive regulation of phosphorylation,60/737,479/18986,0.12526096033402923,3.2268719035303652,9.920064344106615,9.13182353544872e-16,1.563368189268821e-12,1.1054312700806347e-12,ABL1/ANGPT1/APP/ARAF/ARL2BP/AXIN1/BAG4/BANK1/BMP6/CCL5/CD36/CDKN1A/CRKL/CSNK1D/CTF1/DAB2/EGF/EIF4G1/EREG/ERP29/FGF2/HBEGF/HCLS1/IL1B/ITGA6/ITGB1BP1/LAT/LATS1/LYN/MAGED1/MAP2K1/MAP3K5/MAVS/MIF/MYDGF/PDE5A/PDGFA/PDGFB/PECAM1/PIBF1/PSRC1/PTPN1/RAPGEF2/RGCC/SEMA4D/SNX9/SPRY2/SRC/STK11/STK4/SYAP1/TAB2/TGFB1/THPO/TIGAR/TP53/TRAF2/VEGFA/VEGFC/YES1,60
1,GO:0030168,platelet activation,31/737,141/18986,0.2198581560283688,5.663808616492009,11.17047690436103,2.503368069916809e-15,3.2143246017731826e-12,2.2727946950560505e-12,BLOC1S3/CD40/CD40LG/DGKA/DGKZ/F11R/F2R/GNAS/GP1BA/GP1BB/GP5/GP6/HSPB1/LYN/MYH9/PDGFA/PDGFB/PDIA3/PEAR1/PF4/PLA2G4A/PRKG1/PTPN6/SELP/SERPINE2/SH2B3/SRC/STXBP1/STXBP3/TREML1/VAV3,31
1,GO:0001934,positive regulation of protein phosphorylation,57/737,455/18986,0.12527472527472527,3.227226504838445,9.663627156944012,4.9265768883702925e-15,5.0605797797339644e-12,3.5782505820794757e-12,ABL1/ANGPT1/APP/ARAF/ARL2BP/AXIN1/BAG4/BANK1/BMP6/CD36/CDKN1A/CRKL/CSNK1D/CTF1/DAB2/EGF/EIF4G1/EREG/ERP29/FGF2/HBEGF/HCLS1/IL1B/ITGB1BP1/LAT/LATS1/LYN/MAGED1/MAP2K1/MAP3K5/MAVS/MIF/MYDGF/PDE5A/PDGFA/PDGFB/PECAM1/PIBF1/PSRC1/PTPN1/RAPGEF2/RGCC/SEMA4D/SNX9/SPRY2/SRC/STK11/STK4/SYAP1/TAB2/TGFB1/THPO/TP53/TRAF2/VEGFA/VEGFC/YES1,57
1,GO:0050817,coagulation,40/737,241/18986,0.16597510373443983,4.275716851427509,10.28470082456091,6.188117178097234e-15,5.2970283044512325e-12,3.745439344637799e-12,ANGPT1/ANXA2/AP3B1/BLOC1S3/CD36/CD40/CD40LG/DGKA/DGKZ/F11R/F2R/GNAS/GP1BA/GP1BB/GP5/GP6/HPSE/HSPB1/LYN/MPIG6B/MYH9/PAFAH2/PDGFA/PDGFB/PDIA3/PEAR1/PF4/PLA2G4A/PRKG1/PTPN6/SELP/SERPINE1/SERPINE2/SH2B3/SRC/STXBP1/STXBP3/TREML1/VAV3/WAS,40
1,GO:0007596,blood coagulation,39/737,234/18986,0.16666666666666666,4.293532338308458,10.18745193278509,1.1792355587393925e-14,8.6522197566936e-12,6.11783861300888e-12,ANXA2/AP3B1/BLOC1S3/CD36/CD40/CD40LG/DGKA/DGKZ/F11R/F2R/GNAS/GP1BA/GP1BB/GP5/GP6/HPSE/HSPB1/LYN/MPIG6B/MYH9/PAFAH2/PDGFA/PDGFB/PDIA3/PEAR1/PF4/PLA2G4A/PRKG1/PTPN6/SELP/SERPINE1/SERPINE2/SH2B3/SRC/STXBP1/STXBP3/TREML1/VAV3/WAS,39
1,GO:2001233,regulation of apoptotic signaling pathway,52/737,403/18986,0.12903225806451613,3.324025036109773,9.476651741490482,2.4556406814158155e-14,1.5765213174689537e-11,1.1147316251163901e-11,APP/BAX/BCL2L1/BCL2L11/BDNF/BECN1/BID/CASP2/CD40LG/CDKN2D/COL2A1/CRADD/CSNK2A1/DAPK2/CXCL12/EIF2AK3/ENO1/ERP29/FADD/FGF2/FIS1/FXN/GSTP1/HNRNPK/HSPA1A/HSPB1/HTRA2/IL1B/IL7/ITGA6/MAGED1/MAPK9/MIF/NCK2/P4HB/PDIA3/PF4/PPIF/PRKRA/PTPN1/RRM2B/SERPINE1/SOD2/SRC/STK4/STX4/TNFSF12/TNFSF14/TP53/TRAF2/TRIAP1/USP47,52
1,GO:0097193,intrinsic apoptotic signaling pathway,46/737,327/18986,0.14067278287461774,3.6238988543520927,9.618255133403961,3.343704575441182e-14,1.908140744385101e-11,1.3492141269324067e-11,ABL1/AIFM1/APP/BAG6/BAX/BCL2L1/BCL2L11/BECN1/BID/BRSK2/CASP2/CASP3/CASP9/CDKN1A/CDKN2D/DAPK2/CXCL12/DIABLO/EIF2AK3/ENO1/ERP29/FGF2/FHIT/FIS1/HNRNPK/HSPA1A/HSPB1/HTRA2/ITPR1/MAP3K5/MIF/NCK2/P4HB/PPIF/PPM1F/PRKRA/PTPN1/RRM2B/SOD2/SRC/STK11/STK24/TP53/TRAF2/TRIAP1/USP47,46
1,GO:0010563,negative regulation of phosphorus metabolic process,44/737,306/18986,0.1437908496732026,3.704223978148473,9.583727258102993,5.555556458418099e-14,2.5939398154941234e-11,1.8341310795734393e-11,ABL1/AKT1S1/ATP5IF1/BAG4/CDK5RAP3/CDKN1A/CDKN2D/CEP43/CEP85/CHMP6/CRKL/DKK1/DMD/DUSP3/EIF4G1/FIS1/GIT1/GSTP1/HHEX/HSPB1/IL1B/ITGB1BP1/LATS1/LYN/NCK2/PARD3/PDGFA/PDGFB/PIBF1/PPM1F/PPP2R5A/PRDX3/PRKG1/PTEN/PTPN1/PTPN6/SEMA4D/SIRT2/SPRED2/SPRY2/TARBP2/TGFB1/TIGAR/TP53,44
1,GO:0045936,negative regulation of phosphate metabolic process,44/737,306/18986,0.1437908496732026,3.704223978148473,9.583727258102993,5.555556458418099e-14,2.5939398154941234e-11,1.8341310795734393e-11,ABL1/AKT1S1/ATP5IF1/BAG4/CDK5RAP3/CDKN1A/CDKN2D/CEP43/CEP85/CHMP6/CRKL/DKK1/DMD/DUSP3/EIF4G1/FIS1/GIT1/GSTP1/HHEX/HSPB1/IL1B/ITGB1BP1/LATS1/LYN/NCK2/PARD3/PDGFA/PDGFB/PIBF1/PPM1F/PPP2R5A/PRDX3/PRKG1/PTEN/PTPN1/PTPN6/SEMA4D/SIRT2/SPRED2/SPRY2/TARBP2/TGFB1/TIGAR/TP53,44
1,GO:0006935,chemotaxis,56/737,472/18986,0.11864406779661017,3.056412850999241,9.091817046906995,8.895931402310761e-14,3.807458640189006e-11,2.692189766488783e-11,AIF1/ANGPT1/APP/BIN2/CCL13/CCL17/CCL28/CCL4/CCL5/CCL26/CCL8/CORO1A/CRKL/CXCL1/CXCL11/CXCL3/CXCL5/CXCL6/DAPK2/CXCL12/DUSP3/FES/FGF2/HBEGF/HSPB1/IL1B/JAM3/LGMN/LYN/MAP2K1/MDK/MIF/MYCBP2/PDGFA/PDGFB/PF4/PIKFYVE/PLXNA4/PLXNB3/PPBP/PPIB/PPM1F/PRKD2/C1QBP/S100A4/SCRIB/SEMA4D/SERPINE1/SMAD3/STX4/TGFB1/TNFSF14/TYMP/VAV3/VEGFA/VEGFC,56
1,GO:0042330,taxis,56/737,474/18986,0.11814345991561181,3.04351659424397,9.054410450125578,1.0635926883244801e-13,4.202009267103485e-11,2.9711698580724344e-11,AIF1/ANGPT1/APP/BIN2/CCL13/CCL17/CCL28/CCL4/CCL5/CCL26/CCL8/CORO1A/CRKL/CXCL1/CXCL11/CXCL3/CXCL5/CXCL6/DAPK2/CXCL12/DUSP3/FES/FGF2/HBEGF/HSPB1/IL1B/JAM3/LGMN/LYN/MAP2K1/MDK/MIF/MYCBP2/PDGFA/PDGFB/PF4/PIKFYVE/PLXNA4/PLXNB3/PPBP/PPIB/PPM1F/PRKD2/C1QBP/S100A4/SCRIB/SEMA4D/SERPINE1/SMAD3/STX4/TGFB1/TNFSF14/TYMP/VAV3/VEGFA/VEGFC,56
1,GO:0050900,leukocyte migration,49/737,404/18986,0.12128712871287128,3.1245012560957584,8.674030720895004,1.4717501781597564e-12,5.399220653591791e-10,3.817697830564782e-10,ABL1/AIF1/APP/BCR/CCL13/CCL28/CCL4/CCL5/CCL26/CCL8/CD69/CORO1A/CRKL/CXCL1/CXCL11/CXCL3/CXCL5/CXCL6/DAPK2/CXCL12/F11R/FADD/GP1BA/IL1B/IRAK4/ITGA6/JAM3/LGMN/LYN/MDK/MIF/MYH9/PDGFB/PECAM1/PF4/PIKFYVE/PPBP/PPIB/C1QBP/SELP/SERPINE1/SRC/STAT5B/TGFB1/TNFSF14/VAV3/VEGFA/VEGFC/YES1,49
1,GO:0050878,regulation of body fluid levels,47/737,381/18986,0.12335958005249344,3.1778900771731893,8.629847393870921,2.3203653464273503e-12,7.706128988993468e-10,5.448873793250424e-10,AKR1B1/ANXA2/AP3B1/BLOC1S3/BTC/CD36/CD40/CD40LG/DGKA/DGKZ/F11R/F2R/FLI1/GNAS/GP1BA/GP1BB/GP5/GP6/GPI/HPSE/HSPB1/LYN/MPIG6B/MYH9/NFE2/PAFAH2/PDGFA/PDGFB/PDIA3/PEAR1/PF4/PLA2G4A/PRKG1/PTPN6/SELP/SERPINE1/SERPINE2/SH2B3/SRC/STAT5B/STXBP1/STXBP3/TREML1/VAMP8/VAV3/VEGFA/WAS,47
1,GO:0007249,canonical NF-kappaB signal transduction,43/737,327/18986,0.13149847094801223,3.3875576247204346,8.751914481069248,2.4006632364465635e-12,7.706128988993468e-10,5.448873793250424e-10,ABL1/ANGPT1/AZI2/BIRC2/CASP10/CASP8/CC2D1A/CD36/CD40/CD40LG/EDAR/F2R/FADD/GAPDH/GSTP1/HSPB1/IKBKG/IL1B/IRAK1/IRAK4/LAMTOR5/MAVS/MTDH/NFAT5/NFKB1/OTUD7B/PPM1A/PRDX1/RHOC/S100A4/TAB2/TANK/TGFB1/TMEM106A/TNFSF14/TNIP1/TRAF2/TRIM21/TRIM25/TRIM5/TRIM58/VEGFA/XIAP,43
1,GO:0043122,regulation of canonical NF-kappaB signal transduction,41/737,305/18986,0.13442622950819672,3.4629801810619036,8.714255430354774,3.83184588106985e-12,1.1576682614808676e-9,8.18567695956098e-10,ABL1/ANGPT1/AZI2/BIRC2/CASP10/CASP8/CC2D1A/CD36/CD40/CD40LG/EDAR/F2R/FADD/GAPDH/GSTP1/HSPB1/IKBKG/IL1B/IRAK1/IRAK4/LAMTOR5/MAVS/MTDH/NFAT5/OTUD7B/PPM1A/RHOC/S100A4/TAB2/TANK/TGFB1/TMEM106A/TNFSF14/TNIP1/TRAF2/TRIM21/TRIM25/TRIM5/TRIM58/VEGFA/XIAP,41
1,GO:0016197,endosomal transport,40/737,294/18986,0.1360544217687075,3.504924357802823,8.69881117948491,4.793241355396214e-12,1.3676715334063863e-9,9.670574664395872e-10,ARF6/ARFIP1/ARHGAP1/BECN1/CHMP1A/CHMP6/CORO1A/CRACR2A/DAB2/DCTN1/EHD3/EVI5/HGS/MAP2K1/MICALL2/PIKFYVE/RAB10/RAB11FIP3/REPS1/SCRIB/SNAP25/SNX2/SNX5/SNX9/SORT1/SRC/STAM/STX16/STX6/STX8/TBC1D23/TBC1D5/VPS28/VPS37A/VPS4B/VPS53/VTA1/VTI1A/WAS/WASHC3,40
1,GO:0043123,positive regulation of canonical NF-kappaB signal transduction,34/737,223/18986,0.15246636771300448,3.9277156816812795,8.837912555884927,8.086396753318042e-12,2.1858807223706035e-9,1.5455993794430608e-9,ABL1/BIRC2/CASP10/CASP8/CC2D1A/CD36/CD40/CD40LG/EDAR/F2R/FADD/GAPDH/IKBKG/IL1B/IRAK1/IRAK4/LAMTOR5/MAVS/MTDH/NFAT5/PPM1A/RHOC/S100A4/TAB2/TGFB1/TMEM106A/TNFSF14/TRAF2/TRIM21/TRIM25/TRIM5/TRIM58/VEGFA/XIAP,34
1,GO:0060326,cell chemotaxis,41/737,328/18986,0.125,3.220149253731343,8.150909257763754,3.983964052083239e-11,1.0230819685749759e-8,7.234039989309039e-9,AIF1/APP/BIN2/CCL13/CCL17/CCL28/CCL4/CCL5/CCL26/CCL8/CORO1A/CRKL/CXCL1/CXCL11/CXCL3/CXCL5/CXCL6/DAPK2/CXCL12/FGF2/HBEGF/HSPB1/IL1B/JAM3/LGMN/LYN/MDK/MIF/PDGFB/PF4/PIKFYVE/PLXNB3/PPBP/PPIB/PRKD2/C1QBP/SERPINE1/TNFSF14/VAV3/VEGFA/VEGFC,41
1,GO:0016050,vesicle organization,45/737,386/18986,0.11658031088082901,3.0032480086613567,7.990821123820439,4.731096496433256e-11,1.1541957235102916e-8,8.16112322944439e-9,ACRBP/ANXA2/AP3B1/AP3S2/ATP6V1F/ATP6V1G1/BLOC1S3/CC2D1A/CHMP1A/CHMP6/CORO1A/CSNK1D/DLG4/DNM1/DNM3/F2R/HGS/IRAG2/IST1/PIKFYVE/SDC4/SEC31A/SERPINE2/SNAP23/SNAP25/SNAP29/SNAPIN/SORT1/STAM/STX16/STX4/STX6/STX7/STX8/STXBP1/USO1/USP8/VAMP8/VAV3/VPS28/VPS37A/VPS4B/VTA1/VTI1A/TYRP1,45
1,GO:2001242,regulation of intrinsic apoptotic signaling pathway,30/737,189/18986,0.15873015873015872,4.0890784174366255,8.576993355292815,4.9601925136119926e-11,1.1541957235102916e-8,8.16112322944439e-9,APP/BAX/BCL2L1/BCL2L11/BECN1/BID/CDKN2D/DAPK2/CXCL12/EIF2AK3/ENO1/ERP29/FGF2/FIS1/HNRNPK/HSPA1A/HSPB1/HTRA2/MIF/NCK2/P4HB/PPIF/PRKRA/PTPN1/RRM2B/SOD2/SRC/TP53/TRIAP1/USP47,30
1,GO:0043491,phosphatidylinositol 3-kinase/protein kinase B signal transduction,40/737,317/18986,0.12618296529968454,3.250623852347097,8.120663776831256,5.168711378648113e-11,1.1541957235102916e-8,8.16112322944439e-9,ANGPT1/APP/BAG4/BANK1/BECN1/CCL5/CD40/DAG1/EGF/F2R/FGF2/HBEGF/HCLS1/HPSE/INPPL1/ITGB1BP1/MTDH/MYDGF/PDGFA/PDGFB/PEAR1/PTEN/PTPN1/PTPN6/RNF41/RRAS/C1QBP/SELP/SEMA4D/SERPINE2/SH2B3/PDGFC/SPRY2/SRC/STAMBP/STK11/TGFB1/THPO/VAV3/VEGFA,40
1,GO:0051896,regulation of phosphatidylinositol 3-kinase/protein kinase B signal transduction,37/737,280/18986,0.13214285714285715,3.4041577825159917,8.144623748883395,7.239423505510718e-11,1.5492366301792937e-8,1.0954390830707006e-8,ANGPT1/APP/BAG4/BANK1/BECN1/CCL5/DAG1/EGF/F2R/FGF2/HBEGF/HCLS1/HPSE/ITGB1BP1/MTDH/MYDGF/PDGFA/PDGFB/PTEN/PTPN1/PTPN6/RNF41/RRAS/C1QBP/SELP/SEMA4D/SERPINE2/SH2B3/PDGFC/SPRY2/SRC/STAMBP/STK11/TGFB1/THPO/VAV3/VEGFA,37
1,GO:0097529,myeloid leukocyte migration,34/737,243/18986,0.13991769547325103,3.6044469012959897,8.21142632947076,9.037060046014949e-11,1.811993146509618e-8,1.2812297826402243e-8,AIF1/APP/BCR/CCL13/CCL4/CCL5/CCL26/CCL8/CXCL1/CXCL11/CXCL3/CXCL5/CXCL6/DAPK2/CXCL12/IL1B/IRAK4/JAM3/LGMN/LYN/MDK/MIF/PDGFB/PECAM1/PF4/PIKFYVE/PPBP/PPIB/C1QBP/SERPINE1/STAT5B/VAV3/VEGFA/VEGFC,34
1,GO:0042326,negative regulation of phosphorylation,35/737,256/18986,0.13671875,3.522038246268657,8.164362350763621,9.172862501801026e-11,1.811993146509618e-8,1.2812297826402243e-8,ABL1/AKT1S1/CDK5RAP3/CDKN1A/CDKN2D/CEP43/CEP85/CHMP6/CRKL/DKK1/DMD/DUSP3/EIF4G1/GSTP1/HHEX/HSPB1/IL1B/ITGB1BP1/LATS1/LYN/NCK2/PARD3/PIBF1/PPM1F/PPP2R5A/PRDX3/PTEN/PTPN1/PTPN6/SEMA4D/SIRT2/SPRED2/SPRY2/TARBP2/TGFB1,35
1,GO:0052548,regulation of endopeptidase activity,34/737,248/18986,0.13709677419354838,3.531776600866634,8.065088064368629,1.5817448120402632e-10,2.9363247188444997e-8,2.0762256681450907e-8,AIFM1/BCL2L11/BIRC2/CASP8/CASP9/CDKN2D/CRADD/CSNK2A1/DIABLO/DNAJB6/EIF2AK3/F2R/FADD/GAPDH/HTRA2/LAMTOR5/LGMN/LYN/MAP3K5/PPM1F/SERPINB1/SERPINB6/SERPINB9/SERPINE1/SERPINE2/SERPINH1/SMAD3/SRC/TIMP3/TRIAP1/USP47/VEGFA/VSIR/XIAP,34
1,GO:0043549,regulation of kinase activity,49/737,460/18986,0.10652173913043478,2.744127190136275,7.610019115169999,1.6008000803669392e-10,2.9363247188444997e-8,2.0762256681450907e-8,ABL1/AKT1S1/ANGPT1/AXIN1/CDC37/CDK5RAP3/CDKN1A/CDKN2D/CEP43/CEP85/CHMP6/DUSP3/EREG/ERP29/FGF2/GSTP1/HGS/HHEX/HSPB1/IL1B/ITGB1BP1/LAT/LATS1/LYN/MAGED1/MAP2K1/MAP3K5/MIF/PDE5A/PDGFA/PDGFB/PIBF1/PPM1F/PPP2R5A/PRDX3/PSRC1/PTEN/PTPN1/RAPGEF2/RGCC/SNX9/SRC/STK11/SYAP1/TAB2/TARBP2/TIGAR/TRAF2/VEGFC,49
1,GO:0097191,extrinsic apoptotic signaling pathway,33/737,236/18986,0.13983050847457626,3.602200860106248,8.083802428023196,1.7405121133500894e-10,3.0825069704020896e-8,2.179588671890312e-8,APP/BAX/BCL2L1/BCL2L11/BID/CASP10/CASP2/CASP8/CD40LG/COL2A1/CRADD/DIABLO/FADD/FOXO3/GSTP1/HSPA1A/HTRA2/IL1B/IL7/ITGA6/PDIA3/PF4/RNF41/SERPINE1/SMAD3/SORT1/SRC/STK4/STX4/TGFB1/TNFSF12/TNFSF14/TRAF2,33
1,GO:0045785,positive regulation of cell adhesion,51/737,499/18986,0.10220440881763528,2.632907606257291,7.428449466172342,2.9485990297766215e-10,5.048001538977576e-8,3.569356720255911e-8,ABL1/AIF1/ANGPT1/AP3B1/BAG4/CCL28/CCL5/CD36/CD40LG/CORO1A/CRKL/DAB2/DAG1/CXCL12/F11R/FADD/FOXO3/GP1BA/GP6/IL1B/IL7/IRAK1/ITGA6/ITGB1BP1/LYN/MDK/NCK2/NFAT5/NID1/P4HB/PDGFB/PPM1F/PRKD2/PTPN6/RRAS/C1QBP/SDC4/SELP/SMAD3/SMARCA2/SRC/STAT5B/STK4/STX4/TGFB1/TNFSF14/VAV3/VEGFA/VSIR/YES1/ZBTB16,51
1,GO:0043086,negative regulation of catalytic activity,50/737,486/18986,0.102880658436214,2.65032860389411,7.40665654743437,3.5225872053783973e-10,5.836131576394661e-8,4.1266301726843704e-8,ABL1/AKT1S1/APP/ATP5IF1/BAG4/CDK5RAP3/CDKN1A/CDKN2D/CEP43/CEP85/CHMP6/CSNK2A1/DFFA/DNAJB6/DUSP3/GAPDH/GSTP1/HHEX/HSPB1/IL1B/LAMTOR5/ITGB1BP1/LATS1/LYN/NFKB1/PLXNB3/PPM1F/PPP1R12A/PPP2R5A/PRDX3/PRDX5/PTEN/PTPN1/SERPINB1/SERPINB6/SERPINB9/SERPINE1/SERPINE2/SERPINH1/SLC27A4/SORT1/SPINT2/SRC/TARBP2/TIMP3/TP53/TRIAP1/USP47/VEGFA/XIAP,50
1,GO:0045862,positive regulation of proteolysis,39/737,325/18986,0.12,3.091343283582089,7.642211611781738,4.0567006571214263e-10,6.356620408539691e-8,4.494659044405217e-8,AIFM1/ANXA2/APP/ATP5IF1/AXIN1/BAG6/BCL2L11/CASP8/CASP9/CRADD/CSNK1D/DAB2/DIABLO/EGF/EIF2AK3/ELOB/ENO1/F2R/FADD/FMR1/HSPA1A/HTRA2/IKBKG/IL1B/IST1/LGMN/LYN/MAP3K5/MAPK9/MYH9/NUB1/PPM1F/PTEN/SIRT2/SMAD3/SNX9/SRC/TANK/VSIR,39
1,GO:0045859,regulation of protein kinase activity,46/737,427/18986,0.10772833723653395,2.775210598063546,7.45600246093411,4.084277131655175e-10,6.356620408539691e-8,4.494659044405217e-8,ABL1/AKT1S1/ANGPT1/AXIN1/CDC37/CDK5RAP3/CDKN1A/CDKN2D/CEP43/CEP85/CHMP6/DUSP3/EREG/ERP29/FGF2/GSTP1/HGS/HHEX/HSPB1/IL1B/ITGB1BP1/LAT/LATS1/LYN/MAGED1/MAP2K1/MAP3K5/MIF/PDE5A/PDGFA/PDGFB/PIBF1/PPM1F/PSRC1/PTEN/PTPN1/RAPGEF2/RGCC/SNX9/SRC/STK11/SYAP1/TAB2/TARBP2/TRAF2/VEGFC,46
1,GO:0032496,response to lipopolysaccharide,41/737,354/18986,0.11581920903954802,2.98364111645164,7.571021927251993,4.2659976246906896e-10,6.444165823650406e-8,4.556560930397177e-8,ABL1/BCR/BMP6/CASP3/CASP7/CASP8/CASP9/CD36/CD40/CNP/CXCL1/CXCL11/CXCL3/CXCL5/CXCL6/ERBIN/F2R/GBP2/GFER/GIT1/GSTP1/IL1B/IRAK1/IRAK4/LYN/MAPKAPK2/MIF/MTDH/NFKB1/PF4/PLSCR3/PPBP/PRDX3/SELP/SERPINE1/SOD2/SRC/TAB2/TNIP1/TRIM5/XIAP,41
1,GO:1902903,regulation of supramolecular fiber organization,44/737,400/18986,0.11,2.8337313432835822,7.448901760101552,5.110980957614602e-10,7.499999485231027e-8,5.3031230988783085e-8,ABL1/APP/ARF6/ARFIP1/ARHGEF10/BAG4/BRK1/CAMSAP1/CCL26/CCN2/CORO1A/DCTN1/CXCL12/F11R/FES/FKBP4/GIT1/GMFG/HCLS1/HSPA1A/ITGB1BP1/LATS1/MAP2/MTSS1/NAA80/NCK2/PFDN2/PPM1F/PSRC1/RGCC/RHOC/SDC4/SH3BP1/SMAD3/SNX9/MTPN/TMSB10/TWF2/USP8/VASP/WAS/WASF1/WASF3/WASHC3,44
1,GO:0043254,regulation of protein-containing complex assembly,46/737,433/18986,0.10623556581986143,2.7367550239564302,7.346744707969554,6.453607908036302e-10,9.20714728213179e-8,6.510218503720831e-8,ABL1/ARF6/BAG4/BAX/BCL2L11/BID/BIRC2/BRK1/CAMSAP1/CCL26/CD36/CORO1A/DCTN1/DKK1/DNAJC6/EIF2AK2/EIF4G1/FES/FKBP4/GBP2/GIT1/HCLS1/HSPA1A/JAM3/LATS1/MAP2/MAPK9/MAVS/MMP1/NCK2/NEK7/PSRC1/RHOC/SELP/SIRT2/SNX9/SRC/MTPN/STXBP1/TGFB1/TMSB10/TP53/TRAF2/TWF2/VASP/VEGFA,46
1,GO:0001933,negative regulation of protein phosphorylation,32/737,236/18986,0.13559322033898305,3.493043258284847,7.744701592200321,7.285925435975134e-10,1.0113652172748187e-7,7.151192817671185e-8,ABL1/AKT1S1/CDK5RAP3/CDKN1A/CEP43/CEP85/CHMP6/CRKL/DKK1/DMD/DUSP3/EIF4G1/GSTP1/HHEX/HSPB1/IL1B/ITGB1BP1/LATS1/LYN/NCK2/PARD3/PIBF1/PPM1F/PTEN/PTPN1/PTPN6/SEMA4D/SIRT2/SPRED2/SPRY2/TARBP2/TGFB1,32
1,GO:0062197,cellular response to chemical stress,38/737,321/18986,0.11838006230529595,3.0496117543125494,7.442684873921564,1.0071280130265712e-9,1.3157410944532787e-7,9.303383292063888e-8,ABL1/AIF1/AIFM1/AKR1B1/BECN1/CASP3/CD36/CRYGD/EIF2AK3/FOXO1/FOXO3/FUT8/FXN/HSPA1A/HTRA2/LETM1/LONP1/MAP3K5/MAPK9/MSRA/NFAT5/NUDT2/PKD2/PPIF/PRDX1/PRDX3/PRDX5/PRKRA/RWDD1/SERPINB6/SIRT2/SOD2/SRC/STK24/STX4/TOP2B/TP53/TRIM21,38
1,GO:0051402,neuron apoptotic process,37/737,307/18986,0.12052117263843648,3.104769313043901,7.471647750925327,1.0155438367629481e-9,1.3157410944532787e-7,9.303383292063888e-8,ABL1/AIFM1/AKT1S1/AKT2/ANGPT1/APP/BAX/BCL2L1/BCL2L11/BDNF/BID/CASP10/CASP2/CASP3/CASP7/CASP8/CASP9/CORO1A/DIABLO/DKK1/F2R/FADD/FGF2/FOXO3/GAPDH/GPI/HTRA2/LGMN/MAP3K5/MDK/SOD2/SRPK2/STAMBP/STXBP1/TGFB1/TP53/XIAP,37
1,GO:0045088,regulation of innate immune response,48/737,470/18986,0.10212765957446808,2.6309304541124163,7.19499165071778,1.0247204785461672e-9,1.3157410944532787e-7,9.303383292063888e-8,AP3B1/APP/APPL2/BECN1/BIRC2/CASP8/CCL5/CD226/CD36/CDC37/EIF2AK2/ERBIN/EREG/FADD/GBP2/GFER/GIGYF2/HEXIM1/HSPA1A/IRAK1/IRAK4/LYN/MAP2K6/MAPKAPK2/MAVS/NAGK/NEK7/NMI/PCBP2/PTPN1/PTPN6/C1QBP/SERPINB9/SIRT2/SRC/STAT2/STAT5B/TARBP2/TAX1BP1/TGFB1/TNIP1/TRIM21/TRIM25/TRIM5/UFD1/XIAP/YTHDF3/ZNRF4,48
1,GO:0030595,leukocyte chemotaxis,32/737,240/18986,0.13333333333333333,3.4348258706467663,7.62849263338514,1.1190746176545553e-9,1.4018456673838527e-7,9.912214200021094e-8,AIF1/APP/CCL13/CCL4/CCL5/CCL26/CCL8/CORO1A/CXCL1/CXCL11/CXCL3/CXCL5/CXCL6/DAPK2/CXCL12/IL1B/JAM3/LGMN/LYN/MDK/MIF/PDGFB/PF4/PIKFYVE/PPBP/PPIB/C1QBP/SERPINE1/TNFSF14/VAV3/VEGFA/VEGFC,32
1,GO:0006457,protein folding,31/737,231/18986,0.1341991341991342,3.457129934741875,7.5508368680584415,1.7368297514746232e-9,2.1238946675175392e-7,1.5017700858615163e-7,AHSA1/BAG4/CCT5/CDC37/CSNK2A1/DFFA/DNAJA2/DNAJB14/DNAJB6/DNAJB8/DNAJC21/ERP29/ERP44/FKBP1B/FKBP4/FKBP5/HSPA1A/HSPB1/MESD/NUDC/P4HB/PDIA3/PDIA4/PFDN2/PPIB/PPIF/RP2/TBCA/TBCB/TBCC/TXNDC5,31
1,GO:0016236,macroautophagy,41/737,372/18986,0.11021505376344086,2.8392713850104316,7.199742075168976,1.897553921439004e-9,2.2237581181477736e-7,1.5723818469441339e-07,ATG16L1/ATP5IF1/ATP6V1G1/BECN1/BNIP3L/CALCOCO2/CASP3/CDC37/CDK5RAP3/CHMP1A/CHMP6/CSNK2A1/GAPDH/HGS/HTRA2/IFT20/IKBKG/LARP1/LGALS8/PACS2/PIKFYVE/RAB2B/RAB33A/RNF41/RNF5/SNAP29/SNAPIN/SNX5/SPART/SPTLC1/SRC/STAM/TBC1D5/TIGAR/TP53/VAMP8/VPS28/VPS37A/VPS4B/VTA1/VTI1A,41
1,GO:0007162,negative regulation of cell adhesion,37/737,314/18986,0.1178343949044586,3.035554710523814,7.3092310988838785,1.905088730500429e-9,2.2237581181477736e-7,1.5723818469441339e-07,ABL1/ANGPT1/ARG2/BMP6/CASP3/CCL28/CD164/CD69/CXCL12/DUSP3/FXYD5/JAM3/ITGB1BP1/MDK/PAG1/PDE5A/PLXNA4/PLXNB3/PPM1F/PRKAR1A/PRKG1/PTEN/PTPN1/PTPN6/RGCC/SCRIB/SDC4/SEMA4D/SERPINE1/SERPINE2/SH2B3/SPINT2/SRC/TGFB1/TNFAIP8L2/VEGFA/VSIR,37
1,GO:0002237,response to molecule of bacterial origin,41/737,375/18986,0.10933333333333334,2.8165572139303485,7.140019029369694,2.4073575791188994e-9,2.7475974503010374e-7,1.9427798006924454e-7,ABL1/BCR/BMP6/CASP3/CASP7/CASP8/CASP9/CD36/CD40/CNP/CXCL1/CXCL11/CXCL3/CXCL5/CXCL6/ERBIN/F2R/GBP2/GFER/GIT1/GSTP1/IL1B/IRAK1/IRAK4/LYN/MAPKAPK2/MIF/MTDH/NFKB1/PF4/PLSCR3/PPBP/PRDX3/SELP/SERPINE1/SOD2/SRC/TAB2/TNIP1/TRIM5/XIAP,41
1,GO:0006898,receptor-mediated endocytosis,34/737,275/18986,0.12363636363636364,3.185020352781547,7.334877131364174,2.507479243119345e-9,2.7996550853610774e-7,1.979588876146851e-7,ANGPT1/ANXA2/AP2B1/APP/ARF6/CD36/CD63/CLTA/DAB2/DKK1/DLG4/DNAJC6/DNM1/DNM3/EGF/FMR1/HGS/HNRNPK/LDLRAP1/LRPAP1/NUMB/OPHN1/PDLIM7/PIKFYVE/PPP3R1/RABEP1/RABEPK/SCARF1/SCRIB/SERPINE1/SNX9/TBC1D5/VEGFA/WASF1,34
1,GO:0070059,intrinsic apoptotic signaling pathway in response to endoplasmic reticulum stress,16/737,66/18986,0.24242424242424243,6.245137946630484,8.57803522689938,3.154867417492215e-9,3.4475317140936205e-7,2.437691509596448e-7,AIFM1/APP/BAG6/BAX/BCL2L1/BCL2L11/BRSK2/EIF2AK3/ERP29/HSPA1A/ITPR1/MAP3K5/NCK2/PTPN1/TP53/TRAF2,16
1,GO:0048259,regulation of receptor-mediated endocytosis,22/737,128/18986,0.171875,4.427705223880597,7.819520896267432,4.1153077094312904e-9,4.4033792490914807e-7,3.113555174898674e-7,ANGPT1/ANXA2/APP/ARF6/CD63/DAB2/DKK1/DLG4/DNAJC6/EGF/FMR1/HNRNPK/LDLRAP1/LRPAP1/NUMB/OPHN1/PPP3R1/RABEP1/SCRIB/SERPINE1/TBC1D5/VEGFA,22
1,GO:1902905,positive regulation of supramolecular fiber organization,26/737,177/18986,0.14689265536723164,3.7841301964752514,7.478471272305803,5.262084543276698e-9,5.51552371719778e-7,3.8999337646196804e-7,ABL1/APP/ARF6/ARHGEF10/BAG4/BRK1/CCL26/CCN2/DCTN1/FES/GIT1/HSPA1A/ITGB1BP1/MTSS1/NCK2/PPM1F/PSRC1/RGCC/RHOC/SDC4/SMAD3/SNX9/USP8/VASP/WASF1/WASF3,26
1,GO:0051897,positive regulation of phosphatidylinositol 3-kinase/protein kinase B signal transduction,27/737,192/18986,0.140625,3.622667910447761,7.340131063848141,7.030740930898914e-9,7.221977084219364e-7,5.10653814981079e-7,ANGPT1/APP/BAG4/BECN1/CCL5/EGF/F2R/FGF2/HBEGF/HCLS1/HPSE/ITGB1BP1/MTDH/MYDGF/PDGFA/PDGFB/PTPN6/C1QBP/SELP/SEMA4D/PDGFC/SPRY2/SRC/TGFB1/THPO/VAV3/VEGFA,27
1,GO:0110053,regulation of actin filament organization,33/737,273/18986,0.12087912087912088,3.1139904871248154,7.070207379399626,7.602035446348194e-9,7.655696873028299e-7,5.413214094922863e-7,ABL1/ARF6/ARFIP1/ARHGEF10/BAG4/BRK1/CCL26/CCN2/CORO1A/CXCL12/F11R/GMFG/HCLS1/ITGB1BP1/LATS1/MTSS1/NAA80/NCK2/PPM1F/RGCC/RHOC/SDC4/SH3BP1/SMAD3/SNX9/MTPN/TMSB10/TWF2/VASP/WAS/WASF1/WASF3/WASHC3,33
1,GO:0051656,establishment of organelle localization,47/737,488/18986,0.09631147540983606,2.4810986053339854,6.66117748590824,1.0046618893395366e-8,9.92296819932281e-7,7.016363397209314e-7,ABRAXAS2/AP3B1/AP3S2/BECN1/BLOC1S3/CD84/CHMP1A/CHMP6/CSNK1D/DCTN1/DCTN2/DNM1/DNM3/DYNLT1/FES/HGS/HSBP1/IKBKG/IRAG2/KIF22/KIFBP/LAT/LAT2/LYN/MAP2/MYH9/NUDC/PARD3/PIBF1/PSRC1/SCRIB/SDC4/SIRT2/SNAP23/SNAP25/SNAP29/SNAPIN/SPRY2/STAM/STK11/STXBP1/STXBP3/TACC3/TBC1D23/TRIM58/VAMP8/VPS4B,47
1,GO:0010543,regulation of platelet activation,14/737,54/18986,0.25925925925925924,6.678828081813156,8.398019183247863,1.1975328253047491e-8,1.158010430191261e-6,8.188096376782773e-7,F11R/GP1BA/GP1BB/GP5/GP6/LYN/PDGFA/PDGFB/PEAR1/PLA2G4A/PRKG1/SELP/SERPINE2/SH2B3,14
1,GO:0007264,small GTPase-mediated signal transduction,47/737,491/18986,0.09572301425661914,2.465939143386935,6.613769100864526,1.2175343308085687e-8,1.158010430191261e-6,8.188096376782773e-7,ABL1/AIF1/ARF6/ARHGAP1/ARHGAP25/ARHGAP45/ARHGEF1/ARHGEF10/ARHGEF12/BCR/BRAP/BRK1/CDKN1A/CHM/CRKL/DBNL/DNMBP/DOK1/DOK2/F11R/F2R/FAM13A/FGD3/FGF2/FNTA/GIT1/GRAP2/LAT/MYO9B/NUCB2/OPHN1/RAB33A/RAPGEF2/RHOC/RRAS/SEMA4D/SH3BP1/SPRY2/SRC/STAMBP/TP53/USO1/USP8/VAV3/WAS/WASF1/YWHAQ,47
1,GO:0034599,cellular response to oxidative stress,31/737,251/18986,0.12350597609561753,3.1816614140453114,6.9922487770181,1.3014355443977822e-8,1.2153041738230927e-6,8.593210771621721e-7,ABL1/AIF1/AIFM1/BECN1/CD36/CRYGD/FOXO1/FOXO3/FUT8/FXN/HSPA1A/HTRA2/LONP1/MAP3K5/MAPK9/MSRA/NUDT2/PKD2/PPIF/PRDX1/PRDX3/PRDX5/PRKRA/RWDD1/SIRT2/SOD2/SRC/STK24/STX4/TOP2B/TP53,31
1,GO:0051495,positive regulation of cytoskeleton organization,26/737,186/18986,0.13978494623655913,3.6010271224522543,7.163775005907333,1.5148706755724276e-8,1.3893528195964264e-6,9.823879381061796e-7,ABL1/ARF6/ARHGEF10/BAG4/BRK1/CCL26/CCN2/DCTN1/FES/GIT1/HSPA1A/ITGB1BP1/MTSS1/NCK2/PFDN2/PPM1F/PSRC1/RGCC/RHOC/SDC4/SMAD3/SNX9/VASP/VPS4B/WASF1/WASF3,26
1,GO:0031334,positive regulation of protein-containing complex assembly,27/737,200/18986,0.135,3.477761194029851,7.079079584356102,1.7102396170819275e-8,1.541015907602242e-6,1.0896263488333612e-6,ARF6/BAG4/BAX/BCL2L11/BID/BRK1/CCL26/CD36/DCTN1/EIF4G1/FES/GBP2/GIT1/HSPA1A/MAPK9/MAVS/MMP1/NCK2/NEK7/PSRC1/RHOC/SNX9/SRC/TGFB1/TP53/VASP/VEGFA,27
1,GO:0006413,translational initiation,21/737,127/18986,0.16535433070866143,4.259724997061935,7.407011213955335,1.8819294368095127e-8,1.6454746561791446e-6,1.163487367563955e-6,AKT2/BANK1/CCL5/CSDE1/DENR/EIF2AK2/EIF2AK3/EIF2S2/EIF4B/EIF4E/EIF4G1/EIF4G3/EIF5/FMR1/GIGYF2/HSPB1/LARP1/MTIF3/NCK2/SCRIB/YTHDF3,21
1,GO:0071216,cellular response to biotic stimulus,32/737,269/18986,0.11895910780669144,3.0645286578261106,6.853279506892207,1.890245418897382e-8,1.6454746561791446e-6,1.163487367563955e-6,ABL1/BCR/BMP6/CASP7/CD36/CD40/CXCL1/CXCL11/CXCL3/CXCL5/CXCL6/EIF2AK3/GBP2/GFER/GIT1/GSTP1/IL1B/IRAK1/IRAK4/LYN/MIF/MTDH/NFKB1/PF4/PLSCR3/PPBP/SERPINE1/SRC/TIGAR/TNIP1/TP53/TRIM5,32
1,GO:0031400,negative regulation of protein modification process,37/737,342/18986,0.10818713450292397,2.7870297634633845,6.701851505358524,1.934265950459433e-8,1.6557316535932744e-6,1.170739917383341e-6,ABL1/AKT1S1/CAMLG/CDK5RAP3/CDKN1A/CEP43/CEP85/CHMP6/CRKL/DBI/DKK1/DMD/DUSP3/EIF4G1/GSTP1/HHEX/HSPA1A/HSPB1/IL1B/ITGB1BP1/LATS1/LYN/NCK2/PARD3/PIBF1/PPM1F/PTEN/PTPN1/PTPN6/SEMA4D/SIRT2/SPRED2/SPRY2/TARBP2/TGFB1/TRIM21/VPS28,37
1,GO:0071222,cellular response to lipopolysaccharide,29/737,228/18986,0.12719298245614036,3.276643100288034,6.950061062244728,1.9788379671000045e-8,1.6661166883648565e-6,1.1780830002579837e-6,ABL1/BCR/BMP6/CASP7/CD36/CD40/CXCL1/CXCL11/CXCL3/CXCL5/CXCL6/GBP2/GFER/GIT1/GSTP1/IL1B/IRAK1/IRAK4/LYN/MIF/MTDH/NFKB1/PF4/PLSCR3/PPBP/SERPINE1/SRC/TNIP1/TRIM5,29
1,GO:0006979,response to oxidative stress,41/737,405/18986,0.10123456790123457,2.607923346231804,6.573214733264327,2.2290358210302308e-8,1.8381443740606978e-6,1.2997208744280635e-6,ABL1/AIF1/AIFM1/APP/ATOX1/BECN1/CASP3/CD36/COMT/CRYGD/FKBP1B/FOXO1/FOXO3/FUT8/FXN/GSTP1/HSPA1A/HTRA2/IPCEF1/LONP1/MAP3K5/MAPK9/MSRA/NUDT2/PKD2/PPIF/PRDX1/PRDX3/PRDX5/PRKRA/RRM2B/RWDD1/SIRT2/SOD2/SRC/STK24/STX4/TOP2B/TP53/TRIM25/USP25,41
1,GO:0002090,regulation of receptor internalization,16/737,75/18986,0.21333333333333335,5.495721393034826,7.839570733378356,2.2757420123426314e-8,1.8381443740606978e-6,1.2997208744280635e-6,ANGPT1/ANXA2/APP/CD63/DKK1/DLG4/EGF/FMR1/LRPAP1/NUMB/OPHN1/PPP3R1/RABEP1/SCRIB/TBC1D5/VEGFA,16
1,GO:0050920,regulation of chemotaxis,28/737,216/18986,0.12962962962962962,3.339414040906578,6.948984460633465,2.2905225844993118e-8,1.8381443740606978e-6,1.2997208744280635e-6,AIF1/APP/CCL4/CCL5/CCL26/DAPK2/CXCL12/DUSP3/FGF2/HSPB1/JAM3/LGMN/LYN/MDK/MIF/MYCBP2/PDGFB/PLXNA4/PPM1F/PRKD2/C1QBP/SERPINE1/SMAD3/STX4/TGFB1/TNFSF14/VEGFA/VEGFC,28
1,GO:0006887,exocytosis,38/737,360/18986,0.10555555555555556,2.7192371475953565,6.618304529113903,2.4176781800161537e-8,1.910337712701995e-6,1.3507675661628712e-6,ANXA2/ANXA3/BCR/BRSK2/CCL5/CCL8/CD84/CORO1A/FES/FMR1/GIT1/HGS/LAT/LAT2/LYN/MYH9/RAB10/RAB27B/RAB2B/RABEPK/SCRN1/SCRIB/SDC4/SNAP23/SNAP25/SNAP29/SNAPIN/STAM/STX4/STXBP1/STXBP3/SV2A/SYTL4/TNFAIP2/TXLNA/VAMP8/VPS4B/WASHC3,38
1,GO:0071621,granulocyte chemotaxis,21/737,129/18986,0.16279069767441862,4.193682749045471,7.3142506018362035,2.4995505841386452e-8,1.9451048182024363e-6,1.3753507998849003e-6,CCL13/CCL4/CCL5/CCL26/CCL8/CXCL1/CXCL11/CXCL3/CXCL5/CXCL6/DAPK2/IL1B/JAM3/MDK/PF4/PIKFYVE/PPBP/PPIB/C1QBP/VAV3/VEGFA,21
1,GO:0031623,receptor internalization,22/737,141/18986,0.15602836879432624,4.019477082671748,7.232071851310705,2.5887941882895238e-8,1.984484619560447e-6,1.4031955930241722e-6,ANGPT1/ANXA2/AP2B1/APP/CD36/CD63/DKK1/DLG4/DNM1/DNM3/EGF/FMR1/HGS/LDLRAP1/LRPAP1/NUMB/OPHN1/PPP3R1/RABEP1/SCRIB/TBC1D5/VEGFA,22
1,GO:0052547,regulation of peptidase activity,37/737,346/18986,0.1069364161849711,2.754809766197912,6.620101486087376,2.6300541484856645e-8,1.9864644274444668e-6,1.4045954817764e-6,AIFM1/APP/BCL2L11/BIRC2/CASP8/CASP9/CDKN2D/CRADD/CSNK2A1/DIABLO/DNAJB6/EIF2AK3/F2R/FADD/GAPDH/HTRA2/LAMTOR5/LGMN/LYN/MAP3K5/PPM1F/SERPINB1/SERPINB6/SERPINB9/SERPINE1/SERPINE2/SERPINH1/SMAD3/SPINT2/SRC/TANK/TIMP3/TRIAP1/USP47/VEGFA/VSIR/XIAP,37
1,GO:0006446,regulation of translational initiation,17/737,86/18986,0.19767441860465115,5.092329052412357,7.643783529609489,2.7847037868894345e-8,2.072788210067266e-6,1.4656335720470707e-6,AKT2/BANK1/CCL5/CSDE1/EIF2AK2/EIF2AK3/EIF4B/EIF4G1/EIF4G3/EIF5/FMR1/GIGYF2/HSPB1/LARP1/NCK2/SCRIB/YTHDF3,17
1,GO:2000116,regulation of cysteine-type endopeptidase activity,24/737,167/18986,0.1437125748502994,3.702207525248011,7.048523834049033,3.140851985571125e-8,2.304487971127614e-6,1.6294645639429147e-6,AIFM1/BCL2L11/BIRC2/CASP8/CASP9/CDKN2D/CRADD/CSNK2A1/DIABLO/DNAJB6/EIF2AK3/F2R/FADD/HTRA2/LAMTOR5/LGMN/MAP3K5/PPM1F/SMAD3/SRC/TRIAP1/USP47/VEGFA/XIAP,24
1,GO:0097530,granulocyte migration,23/737,156/18986,0.14743589743589744,3.7981247608113278,7.05218542580817,3.733808823468965e-8,2.700963678498113e-6,1.9098058474377954e-6,CCL13/CCL4/CCL5/CCL26/CCL8/CXCL1/CXCL11/CXCL3/CXCL5/CXCL6/DAPK2/IL1B/IRAK4/JAM3/MDK/PECAM1/PF4/PIKFYVE/PPBP/PPIB/C1QBP/VAV3/VEGFA,23
1,GO:0032956,regulation of actin cytoskeleton organization,37/737,352/18986,0.10511363636363637,2.707852781546811,6.499623894902554,4.127245698893537e-8,2.9388158738680326e-6,2.0779871218324136e-6,ABL1/ARF6/ARFIP1/ARHGEF10/BAG4/BRK1/CCL26/CCN2/CORO1A/CXCL12/F11R/GMFG/HCLS1/IQGAP2/JAM3/ITGB1BP1/LATS1/MTSS1/NAA80/NCK2/PDGFA/PPM1F/RGCC/RHOC/SDC4/SH3BP1/SMAD3/SNX9/MTPN/TGFB1/TMSB10/TWF2/VASP/WAS/WASF1/WASF3/WASHC3,37
1,GO:0007159,leukocyte cell-cell adhesion,42/737,430/18986,0.09767441860465116,2.516209649427282,6.391029338022095,4.17705527243704e-8,2.9388158738680326e-6,2.0779871218324136e-6,ABL1/AIF1/AP3B1/ARG2/CASP3/CCL28/CCL5/CD40LG/CD69/CORO1A/CXCL12/DUSP3/F11R/FADD/FOXO3/GP1BA/IL1B/IL7/IRAK1/LYN/MDK/NCK2/NFAT5/PAG1/PDE5A/PECAM1/PRKAR1A/PTPN6/SCRIB/SDC4/SELP/SEMA4D/SMARCA2/SRC/STAT5B/TGFB1/TNFAIP8L2/TNFSF14/TNIP1/VSIR/YES1/ZBTB16,42
1,GO:0050921,positive regulation of chemotaxis,22/737,145/18986,0.15172413793103448,3.908594956253217,7.06536791978948,4.3520659327085316e-8,3.0205690041068944e-6,2.135793380916705e-6,AIF1/APP/CCL4/CCL5/CCL26/DAPK2/CXCL12/FGF2/HSPB1/LGMN/MDK/PDGFB/PPM1F/PRKD2/C1QBP/SERPINE1/SMAD3/STX4/TGFB1/TNFSF14/VEGFA/VEGFC,22
1,GO:0019058,viral life cycle,35/737,323/18986,0.10835913312693499,2.7914606533894,6.52585344309698,4.502431588498802e-8,3.0529841578285243e-6,2.1587135892171685e-6,ATG16L1/CCL5/CCL8/CHMP1A/CHMP6/DAG1/DYNLT1/EIF2AK2/F11R/FMR1/HSPA1A/ITGB5/JPT2/LAMTOR5/LARP1/MAVS/MPHOSPH8/P4HB/PCBP2/PIKFYVE/PPIB/SRC/SRPK2/TARBP2/TNIP1/TOP2B/TRIM21/TRIM25/TRIM5/TRIM58/VAMP8/VPS28/VPS37A/VPS4B/WWP2,35
1,GO:0008154,actin polymerization or depolymerization,26/737,196/18986,0.1326530612244898,3.4173012488577523,6.836202694195455,4.517655685260277e-8,3.0529841578285243e-6,2.1587135892171685e-6,ABL1/AIF1/ARF6/BAG4/BRK1/CCL26/CORO1A/CXCL12/ENAH/HCLS1/LATS1/MICALL2/NAA80/NCK2/PPP1R9B/PSTPIP2/SH3BP1/SNX9/MTPN/TMSB10/TWF2/VASP/WAS/WASF1/WASF3/WASHC3,26
1,GO:0007015,actin filament organization,44/737,465/18986,0.09462365591397849,2.437618359813834,6.307501756916862,5.028185964984879e-8,3.3538653397613424e-6,2.37146159660941e-6,ABL1/AIF1/ARF6/ARFIP1/ARHGAP25/ARHGEF10/BAG4/BRK1/CCL26/CCN2/CORO1A/DBN1/CXCL12/ENAH/F11R/GMFG/HCLS1/INPPL1/IQGAP2/ITGB5/ITGB1BP1/LATS1/MICALL2/MTSS1/NAA80/NCK2/PPM1F/PPP1R9B/PSTPIP2/RGCC/RHOC/SDC4/SH3BP1/SMAD3/SNX9/SRC/MTPN/TMSB10/TWF2/VASP/WAS/WASF1/WASF3/WASHC3,44
1,GO:0016032,viral process,43/737,452/18986,0.09513274336283185,2.450733060361907,6.273236422611134,6.138011188903434e-8,4.041644290539491e-6,2.857778488760708e-6,ATG16L1/BECN1/CALCOCO2/CCL4/CCL5/CCL8/CHMP1A/CHMP6/CSDE1/DAG1/DENR/DYNLT1/EIF2AK2/F11R/FMR1/FUT8/HEXIM1/HSPA1A/ITGB5/JPT2/LAMTOR5/LARP1/MAVS/MPHOSPH8/P4HB/PCBP2/PIKFYVE/PPIB/SRC/SRPK2/TARBP2/TNIP1/TOP2B/TP53/TRIM21/TRIM25/TRIM5/TRIM58/VAMP8/VPS28/VPS37A/VPS4B/WWP2,43
1,GO:0071219,cellular response to molecule of bacterial origin,29/737,242/18986,0.11983471074380166,3.0870852349821147,6.566534645255131,7.452379684388891e-8,4.844990134053335e-6,3.4258107809649133e-6,ABL1/BCR/BMP6/CASP7/CD36/CD40/CXCL1/CXCL11/CXCL3/CXCL5/CXCL6/GBP2/GFER/GIT1/GSTP1/IL1B/IRAK1/IRAK4/LYN/MIF/MTDH/NFKB1/PF4/PLSCR3/PPBP/SERPINE1/SRC/TNIP1/TRIM5,29
1,GO:0050730,regulation of peptidyl-tyrosine phosphorylation,23/737,162/18986,0.1419753086419753,3.6574534733738715,6.826321350214276,7.631545062019171e-8,4.899451929816308e-6,3.4643197978902818e-6,ABL1/ANGPT1/APP/ARL2BP/BANK1/BMP6/CD36/CHMP6/CTF1/EGF/HBEGF/HCLS1/PDGFA/PECAM1/PIBF1/PTPN1/PTPN6/SEMA4D/SRC/TGFB1/TP53/VEGFA/YES1,23
1,GO:0043410,positive regulation of MAPK cascade,44/737,472/18986,0.09322033898305085,2.4014672400708323,6.196170062721706,7.745093543538854e-8,4.910963017236488e-6,3.472459093594418e-6,ABL1/ANGPT1/APP/AXIN1/BANK1/CCN2/CD36/CD40/CRACR2A/CRKL/DKK1/DOK1/DOK2/EDAR/EGF/EIF2AK2/ERP29/F2R/FGF2/IL1B/LYN/MAGED1/MAP2K1/MAP2K6/MAP3K5/MIF/MINK1/MYDGF/PDE5A/PDGFA/PDGFB/PRKD2/PTPN1/RAPGEF2/PDGFC/SPRY2/SRC/TGFB1/THPO/TMEM106A/TRAF2/TRIM5/VEGFA/XIAP,44
1,GO:0031589,cell-substrate adhesion,37/737,361/18986,0.10249307479224377,2.6403439864389964,6.323534613723678,7.934294896945493e-8,4.969577876916104e-6,3.5139046719463353e-6,ABL1/ANGPT1/ANXA2/BCL2L11/BCR/CCL28/CCN2/CD36/CD63/CORO1A/CRKL/DAB2/DAG1/DUSP3/HPSE/ITGA6/ITGB5/JAM3/ITGB1BP1/MDK/MICALL2/MINK1/NID1/NID2/P4HB/PDGFB/PPM1F/PTEN/PTPN1/RRAS/C1QBP/SDC4/SERPINE1/SMAD3/SRC/STK4/VEGFA,37
1,GO:0045860,positive regulation of protein kinase activity,29/737,243/18986,0.11934156378600823,3.0743811805171672,6.540209452756078,8.157081676298889e-8,5.047562830056759e-6,3.56904651657973e-6,ABL1/ANGPT1/AXIN1/CDKN1A/EREG/ERP29/FGF2/IL1B/ITGB1BP1/LAT/MAGED1/MAP2K1/MAP3K5/MIF/PDE5A/PDGFA/PDGFB/PIBF1/PSRC1/PTPN1/RAPGEF2/RGCC/SNX9/SRC/STK11/SYAP1/TAB2/TRAF2/VEGFC,29
1,GO:0051345,positive regulation of hydrolase activity,35/737,331/18986,0.10574018126888217,2.7239933264192633,6.358745738918987,8.285562425021353e-8,5.066029597013056e-6,3.5821040559302844e-6,AIFM1/ARHGEF10/BCL2L11/BCR/CASP8/CASP9/CCL5/CCL26/CRADD/DIABLO/EIF2AK3/EVI5/F2R/FADD/FNTA/HSPA1A/HTRA2/ITGA6/LGMN/LYN/MAP3K5/MMUT/MTSS2/PPM1F/RAPGEF2/RGS10/RHOC/SCRIB/SEMA4D/SH3BP1/SLC27A4/SMAD3/SNX9/TANK/VSIR,35
1,GO:1990778,protein localization to cell periphery,37/737,362/18986,0.10220994475138122,2.6330502185206566,6.304299729856241,8.518269461853639e-8,5.147039053656505e-6,3.639384475962236e-6,AKT2/ARF6/ARL13B/BAG4/BCL2L1/CACNB3/CNPY4/CNST/DAB2/DAG1/DLG4/EHD3/EIF4G1/F11R/FYB1/GORASP2/IFT20/ITGB1BP1/LDLRAP1/LZTFL1/NUMB/PACS2/PPP1R9B/PPP2R5A/RAB10/RAB11FIP3/RABEP1/RAPGEF2/RILPL2/SCRIB/SLMAP/STX4/STX7/STX8/STXBP1/TGFB1/VAMP8,37
1,GO:0033674,positive regulation of kinase activity,30/737,258/18986,0.11627906976744186,2.9954876778896216,6.485339444023274,8.76376562962709e-8,5.233802357414504e-6,3.700733344212174e-6,ABL1/ANGPT1/AXIN1/CDKN1A/EREG/ERP29/FGF2/IL1B/ITGB1BP1/LAT/MAGED1/MAP2K1/MAP3K5/MIF/PDE5A/PDGFA/PDGFB/PIBF1/PSRC1/PTPN1/RAPGEF2/RGCC/SNX9/SRC/STK11/SYAP1/TAB2/TIGAR/TRAF2/VEGFC,30
1,GO:0070098,chemokine-mediated signaling pathway,17/737,93/18986,0.1827956989247312,4.709035467822179,7.205622525352809,9.36045869085666e-8,5.525898371981587e-6,3.9072695079800945e-6,CCL13/CCL17/CCL4/CCL5/CCL26/CCL8/CXCL1/CXCL11/CXCL3/CXCL5/CXCL6/CXCL12/LYN/PF4/PPBP/SH2B3/THPO,17
1,GO:0018108,peptidyl-tyrosine phosphorylation,26/737,204/18986,0.12745098039215685,3.2832894351770556,6.589077896887945,1.023547065708564e-7,5.9737928744081645e-6,4.223968153940845e-6,ABL1/ANGPT1/APP/ARL2BP/BANK1/BMP6/CD36/CHMP6/CTF1/EGF/FES/HBEGF/HCLS1/LYN/PDGFA/PDGFB/PECAM1/PIBF1/PTPN1/PTPN6/SEMA4D/SRC/TGFB1/TP53/VEGFA/YES1,26
1,GO:0051347,positive regulation of transferase activity,33/737,304/18986,0.10855263157894737,2.796445404556167,6.345394680599593,1.0468610153363671e-7,6.041211432323125e-6,4.271638678782338e-6,ABL1/ANGPT1/AXIN1/CDKN1A/DBI/EREG/ERP29/FGF2/IL1B/ITGB1BP1/LAT/MAGED1/MAP2K1/MAP3K5/MIF/PDE5A/PDGFA/PDGFB/PIBF1/PSRC1/PTEN/PTPN1/RAPGEF2/RFC4/RGCC/SNX9/SRC/STK11/SYAP1/TAB2/TIGAR/TRAF2/VEGFC,33
1,GO:0006906,vesicle fusion,20/737,128/18986,0.15625,4.025186567164179,6.901267183724393,1.0824630862278049e-7,6.177256012073341e-6,4.367833505831493e-6,ANXA2/CHMP1A/CHMP6/CORO1A/IRAG2/PIKFYVE/SNAP23/SNAP25/SNAP29/SNAPIN/STX16/STX4/STX6/STX7/STX8/STXBP1/USO1/VAMP8/VAV3/VTI1A,20
1,GO:0018212,peptidyl-tyrosine modification,26/737,206/18986,0.1262135922330097,3.2514128387190264,6.529207391845563,1.246670576247732e-7,7.036153933635551e-6,4.975145735170244e-6,ABL1/ANGPT1/APP/ARL2BP/BANK1/BMP6/CD36/CHMP6/CTF1/EGF/FES/HBEGF/HCLS1/LYN/PDGFA/PDGFB/PECAM1/PIBF1/PTPN1/PTPN6/SEMA4D/SRC/TGFB1/TP53/VEGFA/YES1,26
1,GO:0008630,intrinsic apoptotic signaling pathway in response to DNA damage,18/737,106/18986,0.16981132075471697,4.374542382427485,7.001423271438666,1.2771234992769475e-7,7.1296807524852205e-6,5.041276970830056e-6,ABL1/BAG6/BAX/BCL2L1/BCL2L11/BID/CASP2/CASP9/CDKN1A/CDKN2D/CXCL12/HNRNPK/HTRA2/MIF/SOD2/TP53/TRIAP1/USP47,18
1,GO:0022408,negative regulation of cell-cell adhesion,26/737,207/18986,0.12560386473429952,3.2357055303194175,6.4995464512344165,1.3744170614006358e-7,7.527162191505549e-6,5.322329390206211e-6,ABL1/ARG2/BMP6/CASP3/CCL28/CD69/CXCL12/DUSP3/FXYD5/MDK/PAG1/PDE5A/PPM1F/PRKAR1A/PRKG1/PTPN6/RGCC/SCRIB/SDC4/SERPINE2/SH2B3/SPINT2/TGFB1/TNFAIP8L2/VEGFA/VSIR,26
1,GO:0050731,positive regulation of peptidyl-tyrosine phosphorylation,19/737,118/18986,0.16101694915254236,4.147988869213256,6.893356941059913,1.377634824769318e-7,7.527162191505549e-6,5.322329390206211e-6,ABL1/ANGPT1/ARL2BP/BANK1/BMP6/CD36/CTF1/EGF/HBEGF/HCLS1/PECAM1/PIBF1/PTPN1/SEMA4D/SRC/TGFB1/TP53/VEGFA/YES1,19
1,GO:0090174,organelle membrane fusion,20/737,130/18986,0.15384615384615385,3.963260619977038,6.812966445564367,1.4075439746314234e-7,7.609627214428411e-6,5.380639016596577e-6,ANXA2/CHMP1A/CHMP6/CORO1A/IRAG2/PIKFYVE/SNAP23/SNAP25/SNAP29/SNAPIN/STX16/STX4/STX6/STX7/STX8/STXBP1/USO1/VAMP8/VAV3/VTI1A,20
1,GO:0048872,homeostasis of number of cells,35/737,339/18986,0.10324483775811209,2.659710298067186,6.196510093426109,1.4904013645107893e-7,7.914163058962392e-6,5.5959711742540295e-6,ABL1/ADGRF5/AKT3/AP3B1/ATP5IF1/BAX/BCL2L11/BCR/CAMLG/CASP3/CDK5RAP3/CORO1A/CXCL6/F2R/FADD/FOXO3/GIGYF2/GPI/HCLS1/HSPA1A/IL7/JAM3/LAT/LYN/MIF/MPIG6B/PRDX1/PRDX5/SH2B3/STAT5B/TGFB1/TNFSF14/TRIM58/VEGFA/XIAP,35
1,GO:1903034,regulation of response to wounding,24/737,181/18986,0.13259668508287292,3.4158489321349053,6.562841280030686,1.4946920107464021e-7,7.914163058962392e-6,5.5959711742540295e-6,ANXA2/CD36/EPPK1/F2R/FGF2/FKBP1B/GIT1/GP1BA/HBEGF/HPSE/MAP2K1/MDK/PDGFA/PDGFB/PF4/PRKG1/PTEN/PTPN6/SCARF1/SERPINE1/SERPINE2/SH2B3/SMAD3/STK24,24
1,GO:0099504,synaptic vesicle cycle,27/737,222/18986,0.12162162162162163,3.1331181928196856,6.4246312211108485,1.5440332697454394e-7,8.091994768788343e-6,5.721712975963229e-6,AP2B1/AP3S2/ARF6/ATP6V1F/ATP6V1G1/BRSK2/CASP3/CLTA/DNAJC6/DNM1/DNM3/FMR1/GIT1/OPHN1/PPP3R1/PTEN/RAB27B/SCRN1/SCRIB/SNAP23/SNAP25/SNAP29/SNAPIN/SNX9/STXBP1/STXBP3/SV2A,27
1,GO:1903828,negative regulation of protein localization,27/737,223/18986,0.1210762331838565,3.119068335452781,6.396844053491362,1.6934488085677375e-7,8.785407152327171e-6,6.212013173374476e-6,ANGPT1/APP/ARF6/BAG4/BCL2L1/CD36/COMMD1/DAB2/ERP29/F2R/FKBP1B/FOXO1/GOPC/IL1B/ITGB1BP1/LATS1/LZTFL1/MAGED1/NUMB/OTUD7B/PPM1F/PPP2R5A/RAB11FIP3/SYTL4/TGFB1/TRIM40/WWP2,27
1,GO:0051648,vesicle localization,27/737,225/18986,0.12,3.091343283582089,6.34173517525186,2.0333215165238102e-7,1.0443139308866288e-5,7.3841676126391e-6,AP3B1/AP3S2/BLOC1S3/BRSK2/CSNK1D/DCTN1/DCTN2/DNM1/DNM3/HGS/IKBKG/IRAG2/MAP2/PTEN/SCRIB/SDC4/SNAP23/SNAP25/SNAP29/SNAPIN/STAM/STK11/STXBP1/STXBP3/TBC1D23/USO1/VPS4B,27
1,GO:0031329,regulation of cellular catabolic process,43/737,472/18986,0.09110169491525423,2.3468884391601312,5.954866147372932,2.0705081350811392e-7,1.0528841368095774e-5,7.4447660927878386e-6,ABL1/AKT2/ANXA2/APP/ATG16L1/ATP5IF1/ATP6V1G1/BCL2L1/BECN1/BNIP3L/CALCOCO2/CASP3/CDC37/CDK5RAP3/CSNK2A1/DAPK2/EIF4G1/FOXO1/FOXO3/GAPDH/HSPB1/HTRA2/IKBKG/IL1B/ITPR1/LARP1/MTDH/PTPN1/RNF41/RNF5/SIRT2/SNX5/SNX9/SPTLC1/SRC/STK11/TAB2/TIGAR/TIMP3/TP53/TRIM21/TRIM5/TRIM58,43
1,GO:0043523,regulation of neuron apoptotic process,29/737,254/18986,0.1141732283464567,2.9412386884475263,6.259263446036146,2.1268312433673824e-7,1.070922084895576e-5,7.572309380410185e-6,ABL1/AIFM1/AKT1S1/ANGPT1/APP/BAX/BCL2L1/BCL2L11/BDNF/CASP10/CASP2/CASP3/CASP7/CASP8/CASP9/CORO1A/DKK1/F2R/FGF2/FOXO3/GPI/HTRA2/LGMN/MDK/SOD2/SRPK2/STAMBP/STXBP1/TP53,29
1,GO:1903037,regulation of leukocyte cell-cell adhesion,38/737,392/18986,0.09693877551020408,2.497258604934511,6.0196736484235736,2.2466039934413214e-7,1.120248360224721e-5,7.921087151121676e-6,ABL1/AIF1/AP3B1/ARG2/CASP3/CCL28/CCL5/CD40LG/CD69/CORO1A/CXCL12/DUSP3/FADD/FOXO3/GP1BA/IL1B/IL7/IRAK1/LYN/MDK/NCK2/NFAT5/PAG1/PDE5A/PRKAR1A/PTPN6/SCRIB/SDC4/SELP/SMARCA2/SRC/STAT5B/TGFB1/TNFAIP8L2/TNFSF14/VSIR/YES1/ZBTB16,38
1,GO:0009615,response to virus,40/737,425/18986,0.09411764705882353,2.4245829675153643,5.9689925424741865,2.3641015947224303e-7,1.167502479855231e-5,8.255213058494317e-6,ATG16L1/AZI2/BAX/BCL2L1/BECN1/BNIP3L/CCL4/CCL5/CCL8/CCT5/CD40/CXCL12/EIF2AK2/ENO1/FADD/FMR1/GBP2/HSPB1/IFIT3/IKBKG/IL1B/LAMTOR5/LGALS8/MAVS/NFKB1/NMI/NT5C3A/PCBP2/PRKRA/RAB2B/C1QBP/SMAD3/STAT2/TANK/TARBP2/TGFB1/TRIM21/TRIM25/TRIM5/VAMP8,40
1,GO:0032970,regulation of actin filament-based process,38/737,395/18986,0.09620253164556962,2.4782920838843756,5.966600123328229,2.727200930538401e-7,1.333990855166212e-5,9.432424271035072e-6,ABL1/ARF6/ARFIP1/ARHGEF10/BAG4/BRK1/CCL26/CCN2/CORO1A/CXCL12/F11R/GMFG/HCLS1/IQGAP2/JAM3/ITGB1BP1/LATS1/MTSS1/MYH9/NAA80/NCK2/PDGFA/PPM1F/RGCC/RHOC/SDC4/SH3BP1/SMAD3/SNX9/MTPN/TGFB1/TMSB10/TWF2/VASP/WAS/WASF1/WASF3/WASHC3,38
1,GO:0099003,vesicle-mediated transport in synapse,29/737,258/18986,0.1124031007751938,2.8956380886266344,6.160828054205213,2.967375496082788e-7,1.4377774101774716e-5,1.0166281491048282e-5,AP2B1/AP3S2/ARF6/ATP6V1F/ATP6V1G1/BRSK2/CASP3/CLTA/DNAJC6/DNM1/DNM3/FMR1/GIT1/NUMB/OPHN1/PPP3R1/PTEN/RAB27B/RABEP1/SCRN1/SCRIB/SNAP23/SNAP25/SNAP29/SNAPIN/SNX9/STXBP1/STXBP3/SV2A,29
1,GO:2001234,negative regulation of apoptotic signaling pathway,28/737,244/18986,0.11475409836065574,2.9562025935894303,6.180452682866239,3.094423036754514e-7,1.4853230576421666e-5,1.0502468742550982e-5,BAX/BCL2L1/BDNF/BID/CDKN2D/COL2A1/CSNK2A1/CXCL12/ENO1/FGF2/FXN/GSTP1/HSPA1A/HSPB1/HTRA2/IL1B/IL7/ITGA6/MIF/PF4/PPIF/PTPN1/RRM2B/SERPINE1/SOD2/SRC/TRIAP1/USP47,28
1,GO:0070371,ERK1 and ERK2 cascade,33/737,319/18986,0.10344827586206896,2.664951106536284,6.026693030805414,3.2266154005994365e-7,1.5344348793961765e-5,1.084973014821448e-5,ABL1/ANGPT1/APP/CCN2/CD36/CRKL/DAB2/DUSP3/EGF/F2R/FGF2/GSTP1/IL1B/INPPL1/ITGB1BP1/LYN/MAP2K1/MIF/PDGFA/PDGFB/PRKD2/PTPN1/PTPN6/RAPGEF2/RRAS/PDGFC/SPRED2/SPRY2/SRC/TGFB1/THPO/TNIP1/VEGFA,33
1,GO:0071674,mononuclear cell migration,27/737,231/18986,0.11688311688311688,3.011048652839697,6.1800151862609844,3.4698569429722826e-7,1.634971124688591e-5,1.1560604976585586e-5,ABL1/AIF1/APP/BCR/CCL4/CCL5/CCL26/CCL8/CD69/CORO1A/CRKL/CXCL11/CXCL12/F11R/FADD/JAM3/LGMN/LYN/MDK/MIF/PDGFB/PECAM1/PF4/C1QBP/SERPINE1/TGFB1/TNFSF14,27
1,GO:0002833,positive regulation of response to biotic stimulus,39/737,416/18986,0.09375,2.4151119402985075,5.8647704454764735,3.6991804409042836e-7,1.7230507524039406e-5,1.2183401163702236e-5,AP3B1/APP/APPL2/BECN1/BIRC2/BMP6/CCL5/CD226/CD36/EIF2AK2/ERBIN/EREG/FADD/GBP2/HEXIM1/HSPA1A/IRAK1/IRAK4/LYN/MAP2K6/MAPKAPK2/MAVS/MIF/NAGK/NEK7/NMI/PCBP2/C1QBP/SIRT2/SRC/STAT5B/TARBP2/TAX1BP1/TNIP1/TRIM25/TRIM5/UFD1/XIAP/ZNRF4,39
1,GO:1990868,response to chemokine,17/737,102/18986,0.16666666666666666,4.293532338308458,6.7024646342998695,3.757431547298313e-7,1.7230507524039406e-5,1.2183401163702236e-5,CCL13/CCL17/CCL4/CCL5/CCL26/CCL8/CXCL1/CXCL11/CXCL3/CXCL5/CXCL6/CXCL12/LYN/PF4/PPBP/SH2B3/THPO,17
1,GO:1990869,cellular response to chemokine,17/737,102/18986,0.16666666666666666,4.293532338308458,6.7024646342998695,3.757431547298313e-7,1.7230507524039406e-5,1.2183401163702236e-5,CCL13/CCL17/CCL4/CCL5/CCL26/CCL8/CXCL1/CXCL11/CXCL3/CXCL5/CXCL6/CXCL12/LYN/PF4/PPBP/SH2B3/THPO,17
1,GO:0010811,positive regulation of cell-substrate adhesion,19/737,126/18986,0.15079365079365079,3.884624496564795,6.528647563840119,3.9675913910948305e-7,1.80332295439496e-5,1.2750992360761217e-5,ABL1/CCL28/CD36/CRKL/DAB2/DAG1/ITGA6/ITGB1BP1/MDK/NID1/P4HB/PDGFB/PPM1F/RRAS/C1QBP/SDC4/SMAD3/STK4/VEGFA,19
1,GO:0043525,positive regulation of neuron apoptotic process,14/737,70/18986,0.2,5.15223880597015,6.994170246755231,4.009756483757641e-7,1.8065008158402848e-5,1.2773462482884454e-5,ABL1/AIFM1/APP/BAX/BCL2L11/CASP10/CASP2/CASP3/CASP7/CASP8/CASP9/FOXO3/SRPK2/TP53,14
1,GO:0034976,response to endoplasmic reticulum stress,30/737,277/18986,0.10830324909747292,2.790021014063258,6.031040370438212,4.1649093378524516e-7,1.8600847268878427e-5,1.3152345277428795e-5,ABL1/AIFM1/APP/BAG6/BAX/BCL2L1/BCL2L11/BRSK2/CDK5RAP3/EIF2AK2/EIF2AK3/EIF4G1/ERP29/ERP44/GORASP2/HSPA1A/ITPR1/MANF/MAP3K5/NCK2/P4HB/PDIA3/PDIA4/PTPN1/RNF5/TP53/TRAF2/TRIM25/UFD1/USP25,30
1,GO:0002753,cytoplasmic pattern recognition receptor signaling pathway,23/737,178/18986,0.12921348314606743,3.3286936105986924,6.272931624953728,4.327465791903339e-7,1.9160227851047887e-5,1.3547873849425152e-5,BECN1/BIRC2/CD36/EIF2AK2/ERBIN/GBP2/HSPA1A/IRAK1/IRAK4/MAP2K6/MAVS/NAGK/NEK7/PCBP2/C1QBP/SIRT2/SRC/TARBP2/TAX1BP1/TRIM25/UFD1/XIAP/ZNRF4,23
1,GO:0002221,pattern recognition receptor signaling pathway,30/737,278/18986,0.1079136690647482,2.7799849672500803,6.008202489816693,4.5003609195923864e-7,1.9755430498313246e-5,1.3968731599274615e-5,AP3B1/APP/APPL2/BECN1/BIRC2/CD36/EIF2AK2/ERBIN/GBP2/HSPA1A/IRAK1/IRAK4/LYN/MAP2K6/MAPKAPK2/MAVS/NAGK/NEK7/NMI/PCBP2/C1QBP/SIRT2/SRC/TARBP2/TAX1BP1/TNIP1/TRIM25/UFD1/XIAP/ZNRF4,30
1,GO:0045089,positive regulation of innate immune response,37/737,387/18986,0.09560723514211886,2.462956535153689,5.843346200228345,4.56189632053926e-7,1.9855847035838675e-5,1.4039734438769357e-5,AP3B1/APP/APPL2/BECN1/BIRC2/CCL5/CD226/CD36/EIF2AK2/ERBIN/EREG/FADD/GBP2/HEXIM1/HSPA1A/IRAK1/IRAK4/LYN/MAP2K6/MAPKAPK2/MAVS/NAGK/NEK7/NMI/PCBP2/C1QBP/SIRT2/SRC/STAT5B/TARBP2/TAX1BP1/TNIP1/TRIM25/TRIM5/UFD1/XIAP/ZNRF4,37
1,GO:0032102,negative regulation of response to external stimulus,40/737,437/18986,0.09153318077803203,2.3580040301922875,5.771663936983537,4.885049150718633e-7,2.1083707931168827e-5,1.4907934161856956e-5,AIF1/ANXA2/ARG2/BCR/DUSP3/EPPK1/FGF2/GFER/GIGYF2/GIT1/GNAS/GP1BA/GSTP1/LYN/MAVS/MDK/MIF/NFKB1/NMI/PCBP2/PDGFA/PDGFB/PF4/PRKG1/PTEN/PTPN6/C1QBP/SERPINB9/SERPINE1/SERPINE2/SH2B3/SMAD3/SRC/STAT2/TARBP2/TGFB1/TNFAIP8L2/TRIM21/YES1/YTHDF3,40
1,GO:2001235,positive regulation of apoptotic signaling pathway,21/737,153/18986,0.13725490196078433,3.5358501609599062,6.3289120355700295,4.972760927667283e-7,2.128341677041597e-5,1.5049144912677303e-5,APP/BAX/BCL2L11/BECN1/BID/CASP2/CD40LG/CRADD/FADD/FIS1/HTRA2/MAGED1/MAPK9/NCK2/PDIA3/PRKRA/STK4/TNFSF12/TNFSF14/TP53/TRAF2,21
1,GO:0070661,leukocyte proliferation,34/737,341/18986,0.09970674486803519,2.5685648006302797,5.873783970269817,5.085545593854741e-7,2.158624972730409e-5,1.526327298721084e-5,ABL1/AIF1/ARG2/AZI2/BAX/BCL2L1/BID/CASP3/CCL5/CCL8/CD40/CD40LG/CDKN1A/CORO1A/FADD/FKBP1B/GSTP1/HHEX/IL1B/IL7/LYN/MIF/NCK2/PDE5A/PRKAR1A/PTPN6/SCRIB/SDC4/STAT5B/TGFB1/TNFSF14/TP53/VAV3/VSIR,34
1,GO:0072659,protein localization to plasma membrane,31/737,295/18986,0.10508474576271186,2.7071085251707565,5.9384811122104635,5.205570107138833e-7,2.191459677890578e-5,1.5495441647652267e-5,AKT2/ARF6/BAG4/BCL2L1/CACNB3/CNPY4/CNST/DAB2/EHD3/F11R/FYB1/GORASP2/IFT20/ITGB1BP1/LDLRAP1/NUMB/PACS2/PPP1R9B/PPP2R5A/RAB10/RAB11FIP3/RAPGEF2/RILPL2/SCRIB/SLMAP/STX4/STX7/STX8/STXBP1/TGFB1/VAMP8,31
1,GO:0002685,regulation of leukocyte migration,27/737,236/18986,0.11440677966101695,2.9472552491778394,6.049197413085944,5.332292089767254e-7,2.2265570872394e-5,1.5743609507656848e-5,ABL1/AIF1/APP/BCR/CCL28/CCL4/CCL5/CCL8/CD69/CORO1A/CRKL/DAPK2/CXCL12/FADD/GP1BA/JAM3/LGMN/LYN/MDK/MIF/C1QBP/SELP/SERPINE1/TGFB1/TNFSF14/VEGFA/VEGFC,27
1,GO:0071214,cellular response to abiotic stimulus,34/737,342/18986,0.09941520467836257,2.5610543772366237,5.854381858617623,5.44304525487153e-7,2.2364384343216143e-5,1.5813478845732023e-5,AKR1B1/AKT2/BAX/BCL2L1/BMP6/CASP2/CASP3/CASP8/CASP9/CD40/CDKN1A/CRADD/DAG1/EEF1D/F11R/FADD/FGF2/IL1B/LETM1/MMP1/NFAT5/NFKB1/NMT1/PKD2/PTEN/SERPINB6/MTPN/STK11/TANK/TGFB1/TNFSF14/TP53/TRIAP1/USP47,34
1,GO:0104004,cellular response to environmental stimulus,34/737,342/18986,0.09941520467836257,2.5610543772366237,5.854381858617623,5.44304525487153e-7,2.2364384343216143e-5,1.5813478845732023e-5,AKR1B1/AKT2/BAX/BCL2L1/BMP6/CASP2/CASP3/CASP8/CASP9/CD40/CDKN1A/CRADD/DAG1/EEF1D/F11R/FADD/FGF2/IL1B/LETM1/MMP1/NFAT5/NFKB1/NMT1/PKD2/PTEN/SERPINB6/MTPN/STK11/TANK/TGFB1/TNFSF14/TP53/TRIAP1/USP47,34
1,GO:0070372,regulation of ERK1 and ERK2 cascade,31/737,296/18986,0.10472972972972973,2.6979628882613955,5.916827496394899,5.6047685718656e-7,2.2846104273890257e-5,1.6154094881316896e-5,ABL1/ANGPT1/APP/CCN2/CD36/CRKL/DAB2/DUSP3/F2R/FGF2/GSTP1/IL1B/ITGB1BP1/LYN/MAP2K1/MIF/PDGFA/PDGFB/PRKD2/PTPN1/PTPN6/RAPGEF2/RRAS/PDGFC/SPRED2/SPRY2/SRC/TGFB1/THPO/TNIP1/VEGFA,31
1,GO:0050918,positive chemotaxis,14/737,72/18986,0.19444444444444445,5.009121061359867,6.84925342479777,5.770279565196446e-7,2.333555578492043e-5,1.6500177786927258e-5,ANGPT1/APP/CCL5/CORO1A/CXCL12/FGF2/MIF/PDGFB/PLXNB3/S100A4/SCRIB/SMAD3/VEGFA/VEGFC,14
1,GO:0043281,regulation of cysteine-type endopeptidase activity involved in apoptotic process,20/737,144/18986,0.1388888888888889,3.577943615257048,6.240374731408326,7.649265325020173e-7,3.0692677116643446e-5,2.1702274154045724e-5,AIFM1/BCL2L11/CASP9/CDKN2D/CRADD/CSNK2A1/DIABLO/DNAJB6/EIF2AK3/F2R/HTRA2/LAMTOR5/MAP3K5/PPM1F/SMAD3/SRC/TRIAP1/USP47/VEGFA/XIAP,20
1,GO:0071260,cellular response to mechanical stimulus,14/737,74/18986,0.1891891891891892,4.873739411052845,6.709606356323129,8.195008751276583e-7,3.262756972601281e-5,2.307040407336125e-5,BMP6/CASP2/CASP8/CD40/CRADD/DAG1/F11R/FADD/FGF2/IL1B/NFKB1/MTPN/TGFB1/TNFSF14,14
1,GO:0002218,activation of innate immune response,32/737,317/18986,0.10094637223974763,2.6004990818776776,5.774894327855587,8.370010230643659e-7,3.306797888045064e-5,2.338180995604909e-5,AP3B1/APP/APPL2/BECN1/BIRC2/CD36/EIF2AK2/ERBIN/GBP2/HEXIM1/HSPA1A/IRAK1/IRAK4/LYN/MAP2K6/MAPKAPK2/MAVS/NAGK/NEK7/NMI/PCBP2/C1QBP/SIRT2/SRC/TARBP2/TAX1BP1/TNIP1/TRIM25/TRIM5/UFD1/XIAP/ZNRF4,32
1,GO:0030593,neutrophil chemotaxis,15/737,85/18986,0.17647058823529413,4.546093064091308,6.5847108672216415,8.517378741072939e-7,3.3393326117672225e-5,2.361185749835407e-5,CXCL1/CXCL11/CXCL3/CXCL5/CXCL6/DAPK2/IL1B/JAM3/MDK/PF4/PIKFYVE/PPBP/PPIB/C1QBP/VAV3,15
1,GO:1990266,neutrophil migration,17/737,108/18986,0.1574074074074074,4.0550027639579875,6.398305955716587,8.679585542298386e-7,3.37714782918519e-5,2.387924252067738e-5,CXCL1/CXCL11/CXCL3/CXCL5/CXCL6/DAPK2/IL1B/IRAK4/JAM3/MDK/PECAM1/PF4/PIKFYVE/PPBP/PPIB/C1QBP/VAV3,17
1,GO:0071496,cellular response to external stimulus,14/737,75/18986,0.18666666666666668,4.808756218905472,6.641651288837517,9.720428465534208e-7,3.753693278119075e-5,2.654173186077801e-5,BMP6/CASP2/CASP8/CD40/CRADD/DAG1/F11R/FADD/FGF2/IL1B/NFKB1/MTPN/TGFB1/TNFSF14,14
1,GO:0010951,negative regulation of endopeptidase activity,17/737,109/18986,0.1559633027522936,4.01780090373819,6.349753328407497,9.917727862213318e-7,3.801302261218477e-5,2.6878366947867988e-5,CDKN2D/CSNK2A1/DNAJB6/GAPDH/LAMTOR5/SERPINB1/SERPINB6/SERPINB9/SERPINE1/SERPINE2/SERPINH1/SRC/TIMP3/TRIAP1/USP47/VEGFA/XIAP,17
1,GO:0071675,regulation of mononuclear cell migration,20/737,147/18986,0.1360544217687075,3.504924357802823,6.126943411849217,1.0669361842012951e-6,4.0449373197226484e-5,2.8601069341373863e-5,ABL1/AIF1/APP/BCR/CCL4/CCL5/CD69/CORO1A/CRKL/CXCL12/FADD/JAM3/LGMN/LYN/MDK/MIF/C1QBP/SERPINE1/TGFB1/TNFSF14,20
1,GO:0032943,mononuclear cell proliferation,31/737,305/18986,0.10163934426229508,2.6183508686077808,5.7258775175788825,1.071089321421885e-6,4.0449373197226484e-5,2.8601069341373863e-5,ABL1/AIF1/ARG2/AZI2/BAX/BCL2L1/BID/CASP3/CCL5/CD40/CD40LG/CDKN1A/CORO1A/FADD/FKBP1B/IL1B/IL7/LYN/MIF/NCK2/PDE5A/PRKAR1A/PTPN6/SCRIB/SDC4/STAT5B/TGFB1/TNFSF14/TP53/VAV3/VSIR,31
1,GO:0039531,regulation of cytoplasmic pattern recognition receptor signaling pathway,18/737,122/18986,0.14754098360655737,3.8008319060435523,6.236911414780958,1.1083897827564045e-6,4.125137626258619e-5,2.9168152177800122e-5,BIRC2/CD36/EIF2AK2/ERBIN/GBP2/HSPA1A/MAVS/NAGK/NEK7/PCBP2/C1QBP/SIRT2/SRC/TARBP2/TAX1BP1/UFD1/XIAP/ZNRF4,18
1,GO:0071887,leukocyte apoptotic process,18/737,122/18986,0.14754098360655737,3.8008319060435523,6.236911414780958,1.1083897827564045e-6,4.125137626258619e-5,2.9168152177800122e-5,ARG2/BAX/BCL2L1/BCL2L11/CASP3/CASP7/CASP9/CCL5/CRKL/DFFA/CXCL12/FADD/HCLS1/LYN/MIF/PRKD2/RAPGEF2/TP53,18
1,GO:0030100,regulation of endocytosis,31/737,307/18986,0.10097719869706841,2.601293208225971,5.684375348722138,1.231795752231704e-6,4.5514409952964253e-5,3.2182471375989244e-05,ABL1/ANGPT1/ANXA2/APP/APPL2/ARF6/BCR/CD36/CD63/DAB2/DKK1/DLG4/DNAJC6/EGF/FMR1/HNRNPK/LDLRAP1/LRPAP1/NUMB/OPHN1/PPP3R1/PTPN1/RABEP1/SCRIB/SERPINE1/SNX9/SRC/TBC1D5/TGFB1/VEGFA/VPS28,31
1,GO:0048260,positive regulation of receptor-mediated endocytosis,12/737,56/18986,0.21428571428571427,5.520255863539445,6.807712927314941,1.2426682160913865e-6,4.5588171127466863e-05,3.223462665800965e-5,ANGPT1/ANXA2/APP/CD63/DAB2/EGF/FMR1/HNRNPK/LDLRAP1/SERPINE1/TBC1D5/VEGFA,12
1,GO:0051781,positive regulation of cell division,16/737,99/18986,0.16161616161616163,4.1634252977536566,6.34180960692078,1.2631403733550422e-6,4.601055998263473e-5,3.253329069111531e-5,ARF6/BTC/EREG/FGF2/IL1B/ITGB1BP1/MDK/PDGFA/PDGFB/PPBP/RAB11FIP3/SIRT2/PDGFC/TGFB1/VEGFA/VEGFC,16
1,GO:0071900,regulation of protein serine/threonine kinase activity,28/737,262/18986,0.10687022900763359,2.7531047054802325,5.742205012411301,1.315747606092095e-6,4.758929369640141e-5,3.364958666432712e-5,ABL1/CDC37/CDK5RAP3/CDKN1A/CDKN2D/ERP29/FGF2/GSTP1/HGS/HHEX/IL1B/LATS1/LYN/MAGED1/MAP2K1/MAP3K5/MIF/PDE5A/PDGFA/PDGFB/PSRC1/PTEN/PTPN1/RAPGEF2/RGCC/SRC/SYAP1/TRAF2,28
1,GO:0070527,platelet aggregation,14/737,77/18986,0.18181818181818182,4.683853459972863,6.509279752143127,1.3554220596391078e-6,4.868145243570949e-5,3.442183368240649e-5,F11R/GNAS/GP6/HSPB1/LYN/MYH9/PDIA3/PEAR1/PRKG1/PTPN6/SERPINE2/SH2B3/STXBP1/STXBP3,14
1,GO:0051258,protein polymerization,30/737,293/18986,0.10238907849829351,2.6376649177321583,5.677261018689196,1.3680537865497887e-6,4.879391838694246e-5,3.450135645904073e-5,ABL1/AIF1/ARF6/BAG4/CAMSAP1/CCL26/CORO1A/CSNK1D/DCTN1/FES/FKBP4/GIT1/HCLS1/HSPA1A/LATS1/MAP2/MICALL2/MZT1/NCK2/PSRC1/PSTPIP2/SNX9/MTPN/TMSB10/TWF2/VASP/WAS/WASF1/WASF3/WASHC3,30
1,GO:0051302,regulation of cell division,23/737,190/18986,0.12105263157894737,3.118460329929301,5.897716972808909,1.3801838731543158e-6,4.888706463807288e-5,3.456721860168704e-5,ARF6/ATXN10/BCL2L1/BECN1/BTC/CETN2/EREG/FGF2/GIT1/IL1B/ITGB1BP1/MDK/PDGFA/PDGFB/PPBP/RAB11FIP3/SIRT2/PDGFC/TADA3/TGFB1/VEGFA/VEGFC/ZFYVE19,23
1,GO:0010506,regulation of autophagy,35/737,373/18986,0.0938337801608579,2.4172702172782197,5.555439177777808,1.4365544054741443e-6,5.053522894873428e-5,3.5732607778556584e-5,ABL1/ATG16L1/ATP5IF1/ATP6V1G1/BCL2L1/BECN1/BNIP3L/CALCOCO2/CASP3/CDC37/CDK5RAP3/CSNK2A1/DAPK2/EIF4G1/FOXO1/FOXO3/GAPDH/HSPB1/HTRA2/IKBKG/ITPR1/LARP1/MTDH/RNF41/RNF5/SIRT2/SNX5/SPTLC1/STK11/TAB2/TIGAR/TP53/TRIM21/TRIM5/TRIM58,35
1,GO:0035855,megakaryocyte development,8/737,23/18986,0.34782608695652173,8.960415314730694,7.676542013011465,1.449325719206383e-6,5.0637665944516894e-5,3.580503924999658e-5,FLI1/GP1BA/GP1BB/GP5/MPIG6B/PTPN6/SH2B3/THPO,8
1,GO:2001243,negative regulation of intrinsic apoptotic signaling pathway,17/737,112/18986,0.15178571428571427,3.9101812366737736,6.207497900486587,1.465028912001895e-6,5.084046278406576e-5,3.5948433473730714e-5,BCL2L1/BID/CDKN2D/CXCL12/ENO1/FGF2/HSPA1A/HSPB1/HTRA2/MIF/PPIF/PTPN1/RRM2B/SOD2/SRC/TRIAP1/USP47,17
1,GO:0051650,establishment of vesicle localization,24/737,205/18986,0.11707317073170732,3.015944666909356,5.831975499343994,1.497850488826641e-6,5.163060476921898e-5,3.650712954045858e-5,AP3B1/AP3S2/BLOC1S3/CSNK1D/DCTN1/DCTN2/DNM1/DNM3/HGS/IKBKG/IRAG2/MAP2/SCRIB/SDC4/SNAP23/SNAP25/SNAP29/SNAPIN/STAM/STK11/STXBP1/STXBP3/TBC1D23/VPS4B,24
1,GO:0042176,regulation of protein catabolic process,35/737,374/18986,0.09358288770053476,2.410806927927209,5.537661075991041,1.5276461007951333e-6,5.2306602491225364e-5,3.698511612451376e-5,ANXA2/APP/ARAF/AXIN1/BAG6/CAMLG/CDK5RAP3/CHMP6/COMMD1/CSNK1D/CSNK2A1/DAB2/ELOB/FHIT/FMR1/FOXO1/HGS/HSPA1A/IL1B/MAPK9/MYCBP2/NUB1/OPHN1/RAD23B/RNF41/SERPINE2/SIRT2/SMAD3/SNX9/TIMP3/TNFSF12/TRIM40/USP25/USP8/VPS28,35
1,GO:2001236,regulation of extrinsic apoptotic signaling pathway,21/737,164/18986,0.12804878048780488,3.2986894794321078,5.941400886975228,1.582830363335155e-6,5.3837196993969246e-5,3.806737367379774e-5,APP/BCL2L1/BID/CD40LG/COL2A1/FADD/GSTP1/HSPA1A/HTRA2/IL1B/IL7/ITGA6/PDIA3/PF4/SERPINE1/SRC/STK4/STX4/TNFSF12/TNFSF14/TRAF2,21
1,GO:1903035,negative regulation of response to wounding,16/737,101/18986,0.15841584158415842,4.080981232451603,6.23893921288151,1.6623092823199666e-6,5.583017430956313e-5,3.947657430890162e-5,ANXA2/EPPK1/FGF2/GIT1/GP1BA/MDK/PDGFA/PDGFB/PF4/PRKG1/PTEN/PTPN6/SERPINE1/SERPINE2/SH2B3/SMAD3,16
1,GO:0001776,leukocyte homeostasis,17/737,113/18986,0.1504424778761062,3.8755778628979,6.1611728430002835,1.6631652393619857e-6,5.583017430956313e-5,3.947657430890162e-5,ABL1/BAX/BCL2L11/CAMLG/CASP3/CORO1A/CXCL6/F2R/FADD/JAM3/LAT/LYN/MIF/SH2B3/STAT5B/TGFB1/TNFSF14,17
1,GO:0002758,innate immune response-activating signaling pathway,30/737,297/18986,0.10101010101010101,2.602140811096035,5.592492173661895,1.81260389993456e-6,6.027974982400241e-5,4.262279408362198e-5,AP3B1/APP/APPL2/BECN1/BIRC2/CD36/EIF2AK2/ERBIN/GBP2/HSPA1A/IRAK1/IRAK4/LYN/MAP2K6/MAPKAPK2/MAVS/NAGK/NEK7/NMI/PCBP2/C1QBP/SIRT2/SRC/TARBP2/TAX1BP1/TNIP1/TRIM25/UFD1/XIAP/ZNRF4,30
1,GO:0002687,positive regulation of leukocyte migration,20/737,152/18986,0.13157894736842105,3.389630793401414,5.944301458601122,1.8191902692212567e-6,6.027974982400241e-5,4.262279408362198e-5,ABL1/AIF1/APP/CCL4/CCL5/CCL8/CORO1A/DAPK2/CXCL12/FADD/JAM3/LGMN/MDK/C1QBP/SELP/SERPINE1/TGFB1/TNFSF14/VEGFA/VEGFC,20
1,GO:0033673,negative regulation of kinase activity,21/737,166/18986,0.12650602409638553,3.2589462326919616,5.8744828132535085,1.9303857078213743e-6,6.35542371498114e-5,4.493812882580123e-5,ABL1/AKT1S1/CDK5RAP3/CDKN1A/CEP43/CEP85/CHMP6/DUSP3/GSTP1/HHEX/HSPB1/IL1B/ITGB1BP1/LATS1/LYN/PPM1F/PPP2R5A/PRDX3/PTEN/PTPN1/TARBP2,21
1,GO:0010810,regulation of cell-substrate adhesion,25/737,223/18986,0.11210762331838565,2.888026236530353,5.699395909950344,2.0285713525672603e-6,6.636141698589458e-5,4.6923038326228955e-5,ABL1/CCL28/CD36/CRKL/DAB2/DAG1/DUSP3/ITGA6/ITGB1BP1/MDK/MINK1/NID1/P4HB/PDGFB/PPM1F/PTEN/PTPN1/RRAS/C1QBP/SDC4/SERPINE1/SMAD3/SRC/STK4/VEGFA,25
1,GO:0071985,multivesicular body sorting pathway,11/737,49/18986,0.22448979591836735,5.7831251903746574,6.737111072230605,2.1171615990446776e-6,6.882115172590801e-5,4.866227526118679e-5,CHMP1A/CHMP6/HGS/RAB27B/SORT1/STAM/SYTL4/VPS28/VPS37A/VPS4B/VTA1,11
1,GO:0140056,organelle localization by membrane tethering,14/737,80/18986,0.175,4.50820895522388,6.319025800942578,2.1852174345065335e-6,7.058664618632426e-5,4.9910626607398484e-5,ESYT2/PACS2/RABEPK/SNAP25/SNAP29/STX16/STX4/STX6/STX7/STX8/STXBP1/STXBP3/USO1/VAMP8,14
1,GO:0070663,regulation of leukocyte proliferation,28/737,270/18986,0.1037037037037037,2.6715312327252625,5.559162495384926,2.384870154964739e-6,7.636054670735893e-5,5.399325425077642e-5,AIF1/ARG2/BCL2L1/BID/CASP3/CCL5/CCL8/CD40/CD40LG/CDKN1A/CORO1A/FADD/GSTP1/HHEX/IL1B/IL7/LYN/MIF/NCK2/PDE5A/PRKAR1A/PTPN6/SCRIB/SDC4/STAT5B/TGFB1/VAV3/VSIR,28
1,GO:0036258,multivesicular body assembly,9/737,32/18986,0.28125,7.245335820895522,7.105585279036982,2.3937009384510877e-6,7.636054670735893e-5,5.399325425077642e-5,CHMP1A/CHMP6/HGS/IST1/STAM/VPS28/VPS37A/VPS4B/VTA1,9
1,GO:0051209,release of sequestered calcium ion into cytosol,18/737,129/18986,0.13953488372093023,3.5945852134675462,5.942182724565332,2.530523735318995e-6,8.022697471974295e-5,5.672714026543557e-5,ABL1/BAX/CORO1A/CXCL11/DMD/F2R/FGF2/FKBP1B/GP1BA/GP1BB/GP5/ITPR1/LETM1/LYN/PKD2/PLCB2/PTPN6/TGFB1,18
1,GO:0051051,negative regulation of transport,40/737,467/18986,0.08565310492505353,2.206526255233469,5.305251301167435,2.6041007004102013e-6,8.205313617979628e-5,5.801838822354016e-5,AKT2/ANGPT1/ANXA2/APPL2/ARF6/ARFIP1/ARHGAP1/BCR/CD36/CD84/COMMD1/CORO1A/DLG4/EGF/ERP29/F2R/FABP5/FIS1/FKBP1B/FMR1/FOXO1/GOPC/IL1B/LRPAP1/NFKB1/PPIF/PPM1F/PPP3R1/PRKG1/PTEN/RAB11FIP3/SERPINE2/SESTD1/STXBP3/SYTL4/TGFB1/VAMP8/VPS4B/WWP2/YWHAQ,40
1,GO:0007160,cell-matrix adhesion,26/737,241/18986,0.1078838174273859,2.7792159534278813,5.586167734649393,2.6212306211057843e-6,8.208927115853236e-5,5.804393865734888e-5,ABL1/ANXA2/BCL2L11/BCR/CCL28/CCN2/CD36/CD63/DAG1/DUSP3/HPSE/ITGA6/ITGB5/JAM3/ITGB1BP1/MINK1/NID1/NID2/PPM1F/PTEN/RRAS/SDC4/SERPINE1/SMAD3/SRC/VEGFA,26
1,GO:0051283,negative regulation of sequestering of calcium ion,18/737,130/18986,0.13846153846153847,3.5669345579793346,5.901755280508644,2.8326497645693564e-6,8.817266176259524e-5,6.23454015168375e-5,ABL1/BAX/CORO1A/CXCL11/DMD/F2R/FGF2/FKBP1B/GP1BA/GP1BB/GP5/ITPR1/LETM1/LYN/PKD2/PLCB2/PTPN6/TGFB1,18
1,GO:0036257,multivesicular body organization,9/737,33/18986,0.2727272727272727,7.025780189959295,6.962268743377316,3.178581419207208e-6,9.791159203253508e-5,6.923163479919783e-5,CHMP1A/CHMP6/HGS/IST1/STAM/VPS28/VPS37A/VPS4B/VTA1,9
1,GO:0071677,positive regulation of mononuclear cell migration,15/737,94/18986,0.1595744680851064,4.110828834550651,6.076039426062845,3.1836518437370246e-6,9.791159203253508e-5,6.923163479919783e-5,ABL1/AIF1/APP/CCL4/CCL5/CORO1A/CXCL12/FADD/JAM3/LGMN/MDK/C1QBP/SERPINE1/TGFB1/TNFSF14,15
1,GO:0048284,organelle fusion,21/737,172/18986,0.12209302325581395,3.1452620617841025,5.67967538923478,3.4309810442157627e-6,1.048899919231676e-4,7.416594362496481e-5,ANXA2/BAX/CHMP1A/CHMP6/CORO1A/IRAG2/PIKFYVE/SNAP23/SNAP25/SNAP29/SNAPIN/STX16/STX4/STX6/STX7/STX8/STXBP1/USO1/VAMP8/VAV3/VTI1A,21
1,GO:0051282,regulation of sequestering of calcium ion,18/737,132/18986,0.13636363636363635,3.5128900949796473,5.82208065820733,3.536505378952635e-6,1.0747628181243036e-4,7.599466557076669e-5,ABL1/BAX/CORO1A/CXCL11/DMD/F2R/FGF2/FKBP1B/GP1BA/GP1BB/GP5/ITPR1/LETM1/LYN/PKD2/PLCB2/PTPN6/TGFB1,18
1,GO:0001959,regulation of cytokine-mediated signaling pathway,22/737,187/18986,0.11764705882352941,3.0307287093942055,5.60821748501146,3.7461688189285277e-6,1.1317837090598186e-4,8.002651656534627e-5,ANGPT1/CASP8/CCL5/CD40/CDC37/FADD/GIGYF2/GSTP1/HSPA1A/IL7/IRAK1/MAPKAPK2/MAVS/PTPN1/PTPN6/SH2B3/STAT2/TANK/TRAF2/USP25/XIAP/YTHDF3,22
1,GO:0010595,positive regulation of endothelial cell migration,18/737,133/18986,0.13533834586466165,3.486477387498597,5.7828191405861835,3.9444869048647326e-6,1.1847301019523549e-4,8.377026667764438e-5,ABL1/AKT3/ANGPT1/ANXA3/CD40/EGF/FGF2/GPI/HSPB1/ITGB1BP1/LGMN/PDGFB/PRKD2/RRAS/SPARC/TGFB1/VEGFA/VEGFC,18
1,GO:0097194,execution phase of apoptosis,15/737,96/18986,0.15625,4.025186567164179,5.9716082581231404,4.169660942888022e-6,1.2381924694489796e-4,8.755050048366497e-5,AIFM1/BAX/BCL2L1/CASP2/CASP3/CASP7/CASP8/CDK5RAP3/DFFA/FADD/HTRA2/SIRT2/STK24/TP53/XRCC4,15
1,GO:0050867,positive regulation of cell activation,35/737,391/18986,0.08951406649616368,2.3059892354086347,5.243839537377275,4.170702827388503e-6,1.2381924694489796e-4,8.755050048366497e-5,ABL1/AIF1/AP3B1/APP/BLOC1S3/CCL5/CD226/CD40/CD40LG/CDKN1A/CORO1A/FADD/FOXO3/GP1BA/GP1BB/GP5/IL1B/IL7/LYN/MDK/MIF/NCK2/PEAR1/PLA2G4A/PTPN6/SELP/SMARCA2/SRC/STAT5B/TGFB1/TNFSF14/VAV3/VSIR/YES1/ZBTB16,35
1,GO:0010572,positive regulation of platelet activation,6/737,13/18986,0.46153846153846156,11.889781859931114,7.893004712298104,4.55365265444924e-6,1.344112645589155e-4,9.503993743405854e-5,GP1BA/GP1BB/GP5/PEAR1/PLA2G4A/SELP,6
1,GO:0050866,negative regulation of cell activation,24/737,219/18986,0.1095890410958904,2.82314455121652,5.45337349883467,4.8105211281615905e-6,1.4118192293850244e-4,9.982735574230067e-5,ADGRF5/ARG2/BANK1/CASP3/CD69/CD84/DUSP3/LYN/MDK/PAG1/PDE5A/PDGFA/PDGFB/PIBF1/PRKAR1A/PRKG1/PTPN6/SCRIB/SDC4/SERPINE2/SH2B3/TGFB1/TNFAIP8L2/VSIR,24
1,GO:0046651,lymphocyte proliferation,29/737,297/18986,0.09764309764309764,2.5154027840595004,5.28972119747732,5.250993179474876e-6,1.532335282374032e-4,1.0834884251906892e-4,ABL1/AIF1/ARG2/BAX/BID/CASP3/CCL5/CD40/CD40LG/CDKN1A/CORO1A/FADD/FKBP1B/IL1B/IL7/LYN/MIF/NCK2/PDE5A/PRKAR1A/PTPN6/SCRIB/SDC4/STAT5B/TGFB1/TNFSF14/TP53/VAV3/VSIR,29
1,GO:0051208,sequestering of calcium ion,18/737,136/18986,0.1323529411764706,3.4095697980684814,5.667255557531499,5.4355063160086155e-6,1.5772181038994492e-4,1.1152243110454787e-4,ABL1/BAX/CORO1A/CXCL11/DMD/F2R/FGF2/FKBP1B/GP1BA/GP1BB/GP5/ITPR1/LETM1/LYN/PKD2/PLCB2/PTPN6/TGFB1,18
1,GO:0001836,release of cytochrome c from mitochondria,11/737,54/18986,0.2037037037037037,5.247650635710337,6.281551582213236,5.828377292837014e-6,1.672320993073235e-4,1.1824699594406175e-4,BAX/BCL2L1/BCL2L11/BID/FXN/GGCT/PLSCR3/PPIF/SOD2/TP53/TRIAP1,11
1,GO:0002548,monocyte chemotaxis,11/737,54/18986,0.2037037037037037,5.247650635710337,6.281551582213236,5.828377292837014e-6,1.672320993073235e-4,1.1824699594406175e-4,AIF1/APP/CCL5/CCL26/CCL8/CXCL12/LGMN/LYN/PDGFB/PF4/SERPINE1,11
1,GO:0007229,integrin-mediated signaling pathway,16/737,111/18986,0.14414414414414414,3.7133252655640714,5.761550557507723,5.910788819980045e-6,1.6865450766343062e-4,1.1925275689433425e-4,ABL1/CCN2/CD40LG/CD63/ERBIN/FUT8/FYB1/ITGA6/ITGB5/ITGB1BP1/LAT/MPIG6B/MYH9/NID1/SRC/VAV3,16
1,GO:0007032,endosome organization,15/737,99/18986,0.15151515151515152,3.9032112166440527,5.82015096032376,6.161893003227353e-6,1.7484796941754524e-4,1.2363204920694604e-4,ATP6V1F/CC2D1A/CHMP1A/CHMP6/DNM1/HGS/IST1/STAM/STX6/USP8/VPS28/VPS37A/VPS4B/VTA1/VTI1A,15
1,GO:0097192,extrinsic apoptotic signaling pathway in absence of ligand,12/737,65/18986,0.18461538461538463,4.755912743972446,6.0956446123571135,6.508477565135024e-6,1.8121933861120853e-4,1.281371368684763e-4,BAX/BCL2L1/BCL2L11/CASP2/COL2A1/FADD/FOXO3/HSPA1A/HTRA2/IL1B/IL7/PF4,12
1,GO:0050818,regulation of coagulation,13/737,76/18986,0.17105263157894737,4.406520031421839,5.9798664911414185,6.5275657404738275e-6,1.8121933861120853e-4,1.281371368684763e-4,ANGPT1/ANXA2/CD36/F2R/GP1BA/HPSE/PDGFA/PDGFB/PF4/PRKG1/SERPINE1/SERPINE2/SH2B3,13
1,GO:0061077,chaperone-mediated protein folding,13/737,76/18986,0.17105263157894737,4.406520031421839,5.9798664911414185,6.5275657404738275e-6,1.8121933861120853e-4,1.281371368684763e-4,CCT5/CSNK2A1/DFFA/DNAJB14/DNAJB6/DNAJB8/FKBP4/FKBP5/HSPA1A/HSPB1/PDIA4/PFDN2/PPIB,13
1,GO:0072678,T cell migration,13/737,76/18986,0.17105263157894737,4.406520031421839,5.9798664911414185,6.5275657404738275e-6,1.8121933861120853e-4,1.281371368684763e-4,ABL1/AIF1/APP/CCL5/CCL26/CD69/CORO1A/CRKL/CXCL11/CXCL12/F11R/FADD/TNFSF14,13
1,GO:1905475,regulation of protein localization to membrane,22/737,194/18986,0.1134020618556701,2.921372518849054,5.405619180510828,6.836531329443387e-6,1.8877647800011416e-4,1.3348066262920026e-4,AKT2/ARF6/BCL2L1/CNPY4/CNST/CRKL/DAB2/DAG1/FNTA/GPC5/ITGB1BP1/LDLRAP1/LZTFL1/MESD/NUMB/PPP1R9B/PPP2R5A/STX4/STX7/STX8/TGFB1/VAMP8,22
1,GO:0009895,negative regulation of catabolic process,33/737,367/18986,0.08991825613079019,2.3164016430111025,5.11755808781709,7.110918289642669e-6,1.947887936290953e-4,1.3773186957295847e-4,ANXA2/BAG6/BCL2L1/BECN1/CAMLG/CDK5RAP3/CIRBP/CSDE1/CSNK2A1/DFFA/EIF4G1/FHIT/GIT1/HTRA2/IL1B/LARP1/MAPKAPK2/MYCBP2/OPHN1/RNF41/RNF5/SERPINE2/SIRT2/SMAD3/TAB2/TIGAR/TIMP3/TP53/TRAF2/TRDMT1/TRIM40/USP25/USP8,33
1,GO:0010975,regulation of neuron projection development,38/737,452/18986,0.084070796460177,2.1657640998547087,5.040978255197876,7.130119392965327e-6,1.947887936290953e-4,1.3773186957295847e-4,ABL1/ARF6/ARSB/BDNF/BRSK2/CRKL/DAB2/DBN1/CXCL12/DKK1/DMD/DNM3/FES/FKBP1B/FKBP4/IST1/ITGA6/LYN/MAP2/MAP2K1/MDK/MYCBP2/PDLIM5/PLXNA4/PLXNB3/PTEN/PTPN1/RAPGEF2/RTN4IP1/SCARF1/SEMA4D/SNAP25/SNAPIN/SPART/STK11/STK24/TWF2/VEGFA,38
1,GO:0030041,actin filament polymerization,20/737,167/18986,0.11976047904191617,3.085172937706676,5.43903124101862,7.827096361913806e-6,2.1269823764438788e-4,1.5039533527486847e-4,ABL1/AIF1/ARF6/BAG4/CCL26/CORO1A/HCLS1/LATS1/MICALL2/NCK2/PSTPIP2/SNX9/MTPN/TMSB10/TWF2/VASP/WAS/WASF1/WASF3/WASHC3,20
1,GO:0034109,homotypic cell-cell adhesion,15/737,101/18986,0.1485148514851485,3.825919905423378,5.722443981386787,7.923161261844434e-6,2.14175559162279e-4,1.5143992439536455e-4,CCL5/F11R/GNAS/GP6/HSPB1/LYN/MYH9/PDIA3/PEAR1/PRKG1/PTPN6/SERPINE2/SH2B3/STXBP1/STXBP3,15
1,GO:0061045,negative regulation of wound healing,13/737,78/18986,0.16666666666666666,4.293532338308458,5.857414333514887,8.775052477002954e-6,2.3596162053344068e-4,1.6684448082480128e-4,ANXA2/EPPK1/FGF2/GP1BA/PDGFA/PDGFB/PF4/PRKG1/PTEN/SERPINE1/SERPINE2/SH2B3/SMAD3,13
1,GO:0007163,establishment or maintenance of cell polarity,24/737,227/18986,0.10572687224669604,2.723650470116379,5.250211490466159,8.912660563917654e-6,2.3841367008479723e-4,1.6857828369252144e-4,ABL1/AMOTL2/ARF6/BRSK2/CCL4/CDC42BPB/CRKL/DCTN1/DLG4/DYNLT1/ERBIN/FRMD4B/IFT20/JAM3/MYH9/OPHN1/PARD3/RAB10/SCRIB/SDCCAG8/SH3BP1/SPINT2/SPRY2/STK11,24
1,GO:0038034,signal transduction in absence of ligand,12/737,67/18986,0.1791044776119403,4.613945199376253,5.955104468925675,9.025885195268264e-6,2.4019143193211297e-4,1.6983530910103908e-4,BAX/BCL2L1/BCL2L11/CASP2/COL2A1/FADD/FOXO3/HSPA1A/HTRA2/IL1B/IL7/PF4,12
1,GO:0022406,membrane docking,14/737,90/18986,0.15555555555555556,4.0072968490878935,5.7468799225108445,9.151310670209848e-6,2.4103144411383477e-4,1.7042926754236965e-4,ESYT2/PACS2/RABEPK/SNAP25/SNAP29/STX16/STX4/STX6/STX7/STX8/STXBP1/STXBP3/USO1/VAMP8,14
1,GO:0048145,regulation of fibroblast proliferation,14/737,90/18986,0.15555555555555556,4.0072968490878935,5.7468799225108445,9.151310670209848e-6,2.4103144411383477e-4,1.7042926754236965e-4,ABL1/BAX/BRK1/BTC/CDKN1A/EREG/GSTP1/MIF/PDGFA/PDGFB/SOD2/PDGFC/TGFB1/TP53,14
1,GO:0006469,negative regulation of protein kinase activity,19/737,155/18986,0.12258064516129032,3.1578237843042847,5.42081570092223,9.364344679731727e-6,2.4538405242399057e-4,1.735069234429348e-4,ABL1/AKT1S1/CDK5RAP3/CDKN1A/CEP43/CEP85/CHMP6/DUSP3/GSTP1/HHEX/HSPB1/IL1B/ITGB1BP1/LATS1/LYN/PPM1F/PTEN/PTPN1/TARBP2,19
1,GO:0062207,regulation of pattern recognition receptor signaling pathway,21/737,184/18986,0.11413043478260869,2.940136275146009,5.314453754515713,9.96043268560516e-6,2.5967909783384825e-4,1.8361470887169547e-4,APP/APPL2/BIRC2/CD36/EIF2AK2/ERBIN/GBP2/HSPA1A/LYN/MAVS/NAGK/NEK7/PCBP2/C1QBP/SIRT2/SRC/TARBP2/TAX1BP1/UFD1/XIAP/ZNRF4,21
1,GO:0060759,regulation of response to cytokine stimulus,22/737,199/18986,0.11055276381909548,2.847971199279982,5.266384065388742,1.030073001831801e-5,2.671946938084914e-4,1.8892885998509907e-4,ANGPT1/CASP8/CCL5/CD40/CDC37/FADD/GIGYF2/GSTP1/HSPA1A/IL7/IRAK1/MAPKAPK2/MAVS/PTPN1/PTPN6/SH2B3/STAT2/TANK/TRAF2/USP25/XIAP/YTHDF3,22
1,GO:0002444,myeloid leukocyte mediated immunity,16/737,116/18986,0.13793103448275862,3.553268142048379,5.54317998297371,1.0515722989580605e-5,2.714007702235477e-4,1.9190290565486957e-4,ANXA3/BCR/CD84/CXCL6/FES/IRAK4/LAT/LAT2/LYN/MAVS/SERPINB9/SNAP23/STX4/STXBP1/STXBP3/VAMP8,16
1,GO:0001558,regulation of cell growth,35/737,408/18986,0.0857843137254902,2.2099063505999417,4.9648012504575,1.0591815519958334e-5,2.7199782255253e-4,1.9232507128345397e-4,ABL1/BDNF/CDKN1A/CDKN2D/CEP43/CRKL/CSNK2A1/DAB2/CXCL12/EBAG9/EIF4G1/ENO1/FXN/HBEGF/HSPA1A/ING1/IST1/MAP2/PAK4/PLXNA4/PPP1R9B/PSRC1/SEMA4D/SERPINE2/SMAD3/SMARCA2/SPART/MTPN/STK11/TGFB1/TP53/TRIM40/TWF2/USP47/VEGFA,35
1,GO:0032944,regulation of mononuclear cell proliferation,25/737,245/18986,0.10204081632653061,2.628693268352117,5.1563866139259495,1.085840539626158e-5,2.774565677373108e-4,1.9618485790574733e-4,AIF1/ARG2/BCL2L1/BID/CASP3/CCL5/CD40/CD40LG/CDKN1A/CORO1A/FADD/IL1B/IL7/LYN/MIF/NCK2/PDE5A/PRKAR1A/PTPN6/SCRIB/SDC4/STAT5B/TGFB1/VAV3/VSIR,25
1,GO:0044282,small molecule catabolic process,33/737,375/18986,0.088,2.2669850746268656,4.979913362150818,1.115648605059948e-5,2.836619423558363e-4,2.0057257360379474e-4,ACADSB/ACOX1/AKT2/ALDH5A1/ARG2/ASRGL1/BLMH/CRYM/DCTD/DECR1/ECHS1/ECI2/ENO1/ENO2/FUT8/GLB1/GNPDA2/HMGCL/KYAT1/MPI/NAGK/NUDT5/OXCT1/PFKFB2/PGD/PMM2/SCARF1/SHMT1/SLC27A4/SULT1A1/TIGAR/TP53/TST,33
1,GO:0042098,T cell proliferation,23/737,215/18986,0.10697674418604651,2.755848663658452,5.20333893148161,1.124783543701093e-5,2.841965369736096e-4,2.0095057643854588e-4,ABL1/AIF1/ARG2/BAX/BID/CASP3/CCL5/CD40LG/CORO1A/FADD/FKBP1B/IL1B/NCK2/PDE5A/PRKAR1A/PTPN6/SCRIB/SDC4/STAT5B/TGFB1/TNFSF14/TP53/VSIR,23
1,GO:0045324,late endosome to vacuole transport,9/737,38/18986,0.23684210526315788,6.101335428122545,6.325771496332961,1.1288180206895707e-5,2.841965369736096e-4,2.0095057643854588e-4,BECN1/CHMP1A/CHMP6/HGS/STAM/VPS28/VPS37A/VPS4B/VTA1,9
1,GO:0050863,regulation of T cell activation,34/737,393/18986,0.08651399491094147,2.2287038091982834,4.946388847304964,1.1821065243434118e-5,2.961609321476958e-4,2.0941039840743371e-4,ABL1/AIF1/AP3B1/ARG2/BID/CASP3/CCL5/CD40LG/CD69/CORO1A/DUSP3/FADD/FOXO3/IL1B/IL7/LAT/LYN/MDK/NCK2/PAG1/PDE5A/PRKAR1A/PTPN6/SCRIB/SDC4/SMARCA2/SRC/STAT5B/TGFB1/TNFAIP8L2/TNFSF14/VSIR/YES1/ZBTB16,34
1,GO:0030193,regulation of blood coagulation,12/737,69/18986,0.17391304347826086,4.480207657365347,5.820001288073657,1.2357990579459846e-5,3.0810990104905713e-4,2.1785931271914394e-4,ANXA2/CD36/F2R/GP1BA/HPSE/PDGFA/PDGFB/PF4/PRKG1/SERPINE1/SERPINE2/SH2B3,12
1,GO:0070424,"regulation of nucleotide-binding domain, leucine rich repeat containing receptor signaling pathway",6/737,15/18986,0.4,10.3044776119403,7.244560136638897,1.2423388583060814e-5,3.0824407614782773e-4,2.1795418566773354e-4,BIRC2/ERBIN/HSPA1A/NAGK/XIAP/ZNRF4,6
1,GO:0032535,regulation of cellular component size,32/737,361/18986,0.0886426592797784,2.283540745028321,4.948056259182144,1.3048369911478806e-5,3.2219436473728436e-4,2.2781819936539414e-4,ABL1/AKT1S1/AKT3/ARF6/BAG4/BDNF/BRK1/CCL26/CORO1A/CXCL12/DNM1/HCLS1/IST1/LAMTOR5/LATS1/MAP2/NAA80/NCK2/PLXNA4/PTEN/SEMA4D/SH3BP1/SNAPIN/SNX9/SPART/MTPN/TMSB10/TWF2/VASP/VAV3/VEGFA/WAS,32
1,GO:0009117,nucleotide metabolic process,40/737,500/18986,0.08,2.06089552238806,4.831207083104216,1.333653820512496e-5,3.2673894075764786e-4,2.3103159239504123e-4,ABHD14B/AK2/APP/APRT/ATP5IF1/CNP/DCTD/DUT/ENO1/ENO2/FHIT/FIS1/GAPDH/GIT1/GMPR2/GPI/HSPA1A/ITPA/NDUFA5/NDUFB7/NDUFS6/NT5C/NT5C3A/NUDT16/NUDT2/NUDT5/PDE5A/PFKFB2/PGD/PRDX5/RRM2B/SDHB/SHMT1/SRC/SULT1A1/TGFB1/TIGAR/TP53/TYMP/UNG,40
1,GO:0002260,lymphocyte homeostasis,13/737,81/18986,0.16049382716049382,4.134512622074811,5.681247384974864,1.342327034654667e-5,3.2673894075764786e-4,2.3103159239504123e-4,ABL1/BAX/BCL2L11/CAMLG/CASP3/CORO1A/FADD/LAT/LYN/MIF/STAT5B/TGFB1/TNFSF14,13
1,GO:0043299,leukocyte degranulation,13/737,81/18986,0.16049382716049382,4.134512622074811,5.681247384974864,1.342327034654667e-5,3.2673894075764786e-4,2.3103159239504123e-4,ANXA3/BCR/CD84/CORO1A/FES/LAT/LAT2/LYN/SNAP23/STX4/STXBP1/STXBP3/VAMP8,13
1,GO:0006693,prostaglandin metabolic process,10/737,49/18986,0.20408163265306123,5.257386536704234,5.9965994686726845,1.5213788592814106e-5,3.6513092622753854e-4,2.581779175858764e-4,ACOX1/AKR1B1/COMT/FABP5/GSTP1/IL1B/MIF/PIBF1/PLA2G4A/PTGES2,10
1,GO:0032506,cytokinetic process,10/737,49/18986,0.20408163265306123,5.257386536704234,5.9965994686726845,1.5213788592814106e-5,3.6513092622753854e-4,2.581779175858764e-4,ANXA11/ARF6/CHMP1A/CHMP6/IQGAP2/MITD1/MYH9/RAB11FIP3/SNX9/VPS4B,10
1,GO:1905710,positive regulation of membrane permeability,10/737,49/18986,0.20408163265306123,5.257386536704234,5.9965994686726845,1.5213788592814106e-5,3.6513092622753854e-4,2.581779175858764e-4,ATP5IF1/BAX/BCL2L1/BCL2L11/BID/BNIP3L/HSPA1A/JAM3/PPIF/TP53,10
1,GO:0031331,positive regulation of cellular catabolic process,24/737,235/18986,0.10212765957446808,2.6309304541124163,5.055646103542025,1.597607003595079e-5,3.8164230560299193e-4,2.698528353685691e-4,AKT2/APP/ATG16L1/ATP5IF1/BECN1/BNIP3L/CALCOCO2/CDC37/CDK5RAP3/CSNK2A1/FOXO1/FOXO3/IKBKG/IL1B/LARP1/MTDH/PTPN1/SNX9/SPTLC1/SRC/STK11/TRIM21/TRIM5/TRIM58,24
1,GO:0051348,negative regulation of transferase activity,21/737,190/18986,0.11052631578947368,2.8472898664571873,5.1427882057466,1.633235190437062e-5,3.883470341705903e-4,2.745936358190967e-4,ABL1/AKT1S1/CDK5RAP3/CDKN1A/CEP43/CEP85/CHMP6/DUSP3/GSTP1/HHEX/HSPB1/IL1B/ITGB1BP1/LATS1/LYN/PPM1F/PPP2R5A/PRDX3/PTEN/PTPN1/TARBP2,21
1,GO:1900046,regulation of hemostasis,12/737,71/18986,0.16901408450704225,4.3540046247635065,5.689959402348339,1.6718687678973087e-5,3.95701289950257e-4,2.797937060027026e-4,ANXA2/CD36/F2R/GP1BA/HPSE/PDGFA/PDGFB/PF4/PRKG1/SERPINE1/SERPINE2/SH2B3,12
1,GO:0051346,negative regulation of hydrolase activity,25/737,252/18986,0.0992063492063492,2.5556740108978917,4.996007917585992,1.7634719109522744e-05,4.0946575643501453e-4,2.8952632802525005e-4,APP/ATP5IF1/BAG4/CDKN2D/CSNK2A1/DFFA/DNAJB6/GAPDH/LAMTOR5/PLXNB3/SERPINB1/SERPINB6/SERPINB9/SERPINE1/SERPINE2/SERPINH1/SLC27A4/SORT1/SPINT2/SRC/TIMP3/TRIAP1/USP47/VEGFA/XIAP,25
1,GO:0038179,neurotrophin signaling pathway,9/737,40/18986,0.225,5.7962686567164186,6.1023096288533445,1.7662883488593737e-5,4.0946575643501453e-4,2.8952632802525005e-4,AKT1S1/BDNF/CASP3/CORO1A/RAPGEF2/SORT1/SPRY2/SRC/WASF1,9
1,GO:0048873,homeostasis of number of cells within a tissue,9/737,40/18986,0.225,5.7962686567164186,6.1023096288533445,1.7662883488593737e-5,4.0946575643501453e-4,2.8952632802525005e-4,AKT3/BAX/CORO1A/F2R/GIGYF2/IL7/PRDX5/VEGFA/XIAP,9
1,GO:0090199,regulation of release of cytochrome c from mitochondria,9/737,40/18986,0.225,5.7962686567164186,6.1023096288533445,1.7662883488593737e-5,4.0946575643501453e-4,2.8952632802525005e-4,BAX/BCL2L1/BCL2L11/BID/FXN/PLSCR3/PPIF/TP53/TRIAP1,9
1,GO:0150117,positive regulation of cell-substrate junction organization,8/737,31/18986,0.25806451612903225,6.648050072219546,6.324657322153132,1.769887031319572e-5,4.0946575643501453e-4,2.8952632802525005e-4,ABL1/ARF6/DUSP3/ITGB1BP1/PPM1F/SDC4/SMAD3/VEGFA,8
1,GO:0034341,response to type II interferon,16/737,121/18986,0.1322314049586777,3.406438879980264,5.336525944578745,1.808164043733382e-5,4.164453151845134e-4,2.944614562605696e-4,AIF1/CALCOCO2/CCL5/CD40/CDC37/GAPDH/GBP2/GBP4/NUB1/STX4/STX8/STXBP1/STXBP3/TP53/TRIM21/WAS,16
1,GO:0006692,prostanoid metabolic process,10/737,50/18986,0.2,5.15223880597015,5.908030269595128,1.836224898195364e-5,4.191489367613951e-4,2.963731414631114e-4,ACOX1/AKR1B1/COMT/FABP5/GSTP1/IL1B/MIF/PIBF1/PLA2G4A/PTGES2,10
1,GO:2000404,regulation of T cell migration,10/737,50/18986,0.2,5.15223880597015,5.908030269595128,1.836224898195364e-5,4.191489367613951e-4,2.963731414631114e-4,ABL1/AIF1/APP/CCL5/CD69/CORO1A/CRKL/CXCL12/FADD/TNFSF14,10
1,GO:0007254,JNK cascade,20/737,177/18986,0.11299435028248588,2.910869381904039,5.132799391274852,1.8673461035148354e-5,4.2436679591381394e-4,3.000626016360588e-4,APP/AXIN1/BECN1/CCN2/CRACR2A/CRKL/DKK1/DUSP3/EDAR/GSTP1/IL1B/IRAK1/IRAK4/MAP3K5/MAPK9/MINK1/NFKB1/SMAD3/TRAF2/XIAP,20
1,GO:0000910,cytokinesis,21/737,192/18986,0.109375,2.8176305970149254,5.087051530467047,1.9158263951854333e-5,4.29826458771653e-4,3.03923037129489e-4,ANXA11/ARF6/ATXN10/BCL2L1/BECN1/CETN2/CHMP1A/CHMP6/GIT1/IQGAP2/IST1/MITD1/MYH9/RAB11FIP3/RHOC/SEPTIN9/SNX9/STAMBP/USP8/VPS4B/ZFYVE19,21
1,GO:0061025,membrane fusion,21/737,192/18986,0.109375,2.8176305970149254,5.087051530467047,1.9158263951854333e-5,4.29826458771653e-4,3.03923037129489e-4,ANXA2/CHMP1A/CHMP6/CORO1A/IRAG2/PIKFYVE/RABEP1/SNAP23/SNAP25/SNAP29/SNAPIN/STX16/STX4/STX6/STX7/STX8/STXBP1/USO1/VAMP8/VAV3/VTI1A,21
1,GO:0016049,cell growth,39/737,490/18986,0.07959183673469387,2.0503807493146513,4.733968833775158,1.9164770065947923e-5,4.29826458771653e-4,3.03923037129489e-4,ABL1/APP/BDNF/CDKN1A/CDKN2D/CEP43/CRKL/CSNK2A1/DAB2/CXCL12/EBAG9/EIF4G1/ENO1/FXN/HBEGF/HSPA1A/ING1/IST1/MAP2/PAK4/PDLIM5/PLXNA4/PPP1R9B/PRKG1/PSRC1/SEMA4D/SERPINE2/SMAD3/SMARCA2/SPART/MTPN/STK11/TGFB1/TP53/TRIM40/TWF2/USP47/VEGFA/WASF1,39
1,GO:0032233,positive regulation of actin filament bundle assembly,11/737,61/18986,0.18032786885245902,4.645461218497676,5.730848991976326,1.9882559377689057e-5,4.439861954948304e-4,3.1393514806877463e-4,ABL1/ARHGEF10/BAG4/CCN2/ITGB1BP1/MTSS1/PPM1F/RGCC/RHOC/SDC4/SMAD3,11
1,GO:0048144,fibroblast proliferation,15/737,109/18986,0.13761467889908258,3.5451184444748733,5.355182409143344,2.0288438377868114e-5,4.5108839614169105e-4,3.1895699432055136e-4,ABL1/BAX/BRK1/BTC/CDKN1A/EREG/GSTP1/MIF/PDGFA/PDGFB/PRDX1/SOD2/PDGFC/TGFB1/TP53,15
1,GO:0030010,establishment of cell polarity,19/737,164/18986,0.11585365853658537,2.98452857662905,5.12939218233359,2.108801602081019e-5,4.658269646592025e-4,3.2937838745578134e-4,ABL1/AMOTL2/ARF6/BRSK2/CRKL/DCTN1/DYNLT1/FRMD4B/IFT20/JAM3/MYH9/OPHN1/PARD3/RAB10/SCRIB/SDCCAG8/SH3BP1/SPRY2/STK11,19
1,GO:0061844,antimicrobial humoral immune response mediated by antimicrobial peptide,17/737,136/18986,0.125,3.220149253731343,5.221742572821198,2.1132726395170204e-5,4.658269646592025e-4,3.2937838745578134e-4,APP/CCL13/CCL17/CCL28/CCL4/CCL5/CCL26/CCL8/CXCL1/CXCL11/CXCL3/CXCL5/CXCL6/CXCL12/GAPDH/PF4/PPBP,17
1,GO:0051496,positive regulation of stress fiber assembly,10/737,51/18986,0.19607843137254902,5.0512145156570085,5.821798669268821,2.2054423600040894e-5,4.8200646642472354e-4,3.408186401798033e-4,ABL1/ARHGEF10/BAG4/CCN2/ITGB1BP1/PPM1F/RGCC/RHOC/SDC4/SMAD3,10
1,GO:1990090,cellular response to nerve growth factor stimulus,10/737,51/18986,0.19607843137254902,5.0512145156570085,5.821798669268821,2.2054423600040894e-5,4.8200646642472354e-4,3.408186401798033e-4,ARF6/BDNF/CORO1A/CSNK1D/FOXO3/PTPN1/RAPGEF2/SORT1/USP8/WASF1,10
1,GO:0050670,regulation of lymphocyte proliferation,24/737,240/18986,0.1,2.576119402985075,4.938100666645714,2.2649241539864457e-5,4.92908917579423e-4,3.4852757944929704e-4,AIF1/ARG2/BID/CASP3/CCL5/CD40/CD40LG/CDKN1A/CORO1A/FADD/IL1B/IL7/LYN/MIF/NCK2/PDE5A/PRKAR1A/PTPN6/SCRIB/SDC4/STAT5B/TGFB1/VAV3/VSIR,24
1,GO:0034504,protein localization to nucleus,29/737,321/18986,0.09034267912772585,2.327335286185893,4.819907105007575,2.3132871397749278e-5,5.013098206702121e-4,3.544677162879637e-4,ANGPT1/APP/APPL2/ARL2BP/CCT5/CD36/CDK5RAP3/CDKN1A/DNAJB6/EIF2AK3/GBP2/HCLS1/HHEX/ING1/LAMTOR5/LATS1/MAGED1/MAVS/OTUD7B/PIKFYVE/PPP3R1/SMAD3/SRC/STK11/STK4/TGFB1/TP53/TRIM40/ZBTB16,29
1,GO:0002275,myeloid cell activation involved in immune response,14/737,98/18986,0.14285714285714285,3.6801705756929635,5.3456681483318755,2.4810168606067077e-5,5.345062987710222e-4,3.7794038587473907e-4,ANXA3/BCR/CD84/FES/LAT/LAT2/LYN/NMI/PTPN6/SNAP23/STX4/STXBP1/STXBP3/VAMP8,14
1,GO:0010720,positive regulation of cell development,37/737,460/18986,0.08043478260869565,2.072096041531473,4.67779610081942,2.4872859308075215e-5,5.345062987710222e-4,3.7794038587473907e-4,AP3B1/BDNF/CASP8/DAG1/DBN1/CXCL12/F11R/FADD/FES/FGF2/FMR1/FOXO3/HCLS1/IL1B/IL7/IST1/LYN/MAP2K1/MDK/NUMB/PDE5A/PF4/PLXNA4/PLXNB3/PPP1CC/SEMA4D/SERPINE2/SIRT2/SMARCA2/STAT5B/STK11/TGFB1/TWF2/VEGFA/VEGFC/VSIR/ZBTB16,37
1,GO:0036120,cellular response to platelet-derived growth factor stimulus,7/737,24/18986,0.2916666666666667,7.513681592039802,6.4166682156698895,2.505150003319574e-5,5.361021007103888e-4,3.7906875050230395e-4,MARS1/MTSS2/PDGFB/PTPN1/SRC/SYAP1/YES1,7
1,GO:0030177,positive regulation of Wnt signaling pathway,18/737,152/18986,0.11842105263157894,3.0506677140612726,5.1011173430894905,2.5662209739856243e-5,5.468925693937828e-4,3.86698508855663e-4,ABL1/CSNK1D/CSNK2A1/DAB2/DKK1/EGF/FGF2/GPC5/HHEX/NFKB1/PPM1A/SMAD3/SRC/TBL1X/TGFB1/USP47/USP8/XIAP,18
1,GO:0072593,reactive oxygen species metabolic process,24/737,242/18986,0.09917355371900827,2.554829159985198,4.891913073489417,2.5958591452353335e-5,5.50922833468127e-4,3.8954824058555466e-4,ACOX1/APP/ARG2/ATP5IF1/BCR/BECN1/BIRC2/CCN2/CD36/CDKN1A/FOXO1/FOXO3/GSTP1/PDGFB/PIKFYVE/PRDX1/PRDX3/PRDX5/RNF41/SIRT2/SOD2/TGFB1/TIGAR/TP53,24
1,GO:1903829,positive regulation of protein localization,39/737,497/18986,0.07847082494969819,2.0215021472116277,4.6374610615077065,2.634509901536708e-5,5.568248088186228e-4,3.9372142778001484e-4,AKT2/AMOTL2/APP/ARF6/BMP6/CCT5/CDK5RAP3/CNPY4/CNST/CRKL/EGF/EIF2AK3/EIF4G1/FNTA/HCLS1/HTRA2/IL1B/ITPR1/LAMTOR5/ITGB1BP1/MAVS/MESD/MICALL2/NMT1/PECAM1/PFKFB2/PPM1A/PPP1R9B/PRKAR1A/SMAD3/SNAP25/SRC/STK11/STX4/SYTL4/TGFB1/VEGFA/VEGFC/VPS28,39
1,GO:0032509,endosome transport via multivesicular body sorting pathway,9/737,42/18986,0.21428571428571427,5.520255863539445,5.893473430796495,2.6868931801812532e-5,5.632605458535068e-4,3.982720288560827e-4,CHMP1A/CHMP6/HGS/SORT1/STAM/VPS28/VPS37A/VPS4B/VTA1,9
1,GO:2000403,positive regulation of lymphocyte migration,9/737,42/18986,0.21428571428571427,5.520255863539445,5.893473430796495,2.6868931801812532e-5,5.632605458535068e-4,3.982720288560827e-4,ABL1/AIF1/APP/CCL4/CCL5/CORO1A/CXCL12/FADD/TNFSF14,9
1,GO:2000377,regulation of reactive oxygen species metabolic process,18/737,153/18986,0.11764705882352941,3.0307287093942055,5.068242425253368,2.8051211499941543e-5,5.8565456204756e-4,4.141064598836043e-4,APP/ARG2/BCR/BECN1/BIRC2/CD36/CDKN1A/FOXO1/FOXO3/GSTP1/PDGFB/PIKFYVE/RNF41/SIRT2/SOD2/TGFB1/TIGAR/TP53,18
1,GO:0051960,regulation of nervous system development,37/737,463/18986,0.07991360691144708,2.05866993327101,4.634628418568151,2.861480373053976e-5,5.950025585427215e-4,4.207162704895043e-4,ANXA2/APP/APPL2/BDNF/DAG1/DBN1/CXCL12/DKK1/DYNLT1/EIF2AK3/FGF2/FMR1/IL1B/IST1/LYN/MAP2/MAP2K1/MDK/NUMB/PARD3/PLXNA4/PLXNB3/PPP1CC/PTEN/RAPGEF2/SEMA4D/SERPINE2/SIRT2/SPART/STK11/TGFB1/TP53/TWF2/TYMP/VEGFA/VEGFC/WASF3,37
1,GO:0090559,regulation of membrane permeability,12/737,75/18986,0.16,4.12179104477612,5.4437318442966784,2.960321149473162e-5,6.130729606328291e-4,4.334935469304928e-4,ATP5IF1/BAX/BCL2L1/BCL2L11/BID/BNIP3L/CNP/F11R/HSPA1A/JAM3/PPIF/TP53,12
1,GO:0002688,regulation of leukocyte chemotaxis,16/737,126/18986,0.12698412698412698,3.271262733949301,5.140452052770632,3.013912592122518e-5,6.216648623751507e-4,4.395687356932017e-4,AIF1/APP/CCL4/CCL5/DAPK2/CXCL12/JAM3/LGMN/LYN/MDK/MIF/C1QBP/SERPINE1/TNFSF14/VEGFA/VEGFC,16
1,GO:0061041,regulation of wound healing,17/737,140/18986,0.12142857142857143,3.128144989339019,5.078964138738189,3.088887638967797e-5,6.345810765495442e-4,4.4870157281848e-4,ANXA2/CD36/EPPK1/F2R/FGF2/GP1BA/HBEGF/HPSE/PDGFA/PDGFB/PF4/PRKG1/PTEN/SERPINE1/SERPINE2/SH2B3/SMAD3,17
1,GO:1990089,response to nerve growth factor,10/737,53/18986,0.18867924528301888,4.860602647141651,5.655914433747398,3.1379026176989e-5,6.395344382738711e-4,4.522040113225232e-4,ARF6/BDNF/CORO1A/CSNK1D/FOXO3/PTPN1/RAPGEF2/SORT1/USP8/WASF1,10
1,GO:2000573,positive regulation of DNA biosynthetic process,10/737,53/18986,0.18867924528301888,4.860602647141651,5.655914433747398,3.1379026176989e-5,6.395344382738711e-4,4.522040113225232e-4,CCT5/FGF2/GFER/NEK7/NFATC1/PDGFB/PRKD2/RFC4/RGCC/VEGFA,10
1,GO:0051235,maintenance of location,30/737,345/18986,0.08695652173913043,2.2401038286826735,4.671458571843419,3.466651015576832e-5,7.037438583400241e-4,4.976054089344736e-4,ABL1/ARL2BP/BAX/CD36/CORO1A/CXCL11/DBN1/DMD/F2R/FGF2/FKBP1B/GP1BA/GP1BB/GP5/IL1B/ITPR1/LATS1/LETM1/LYN/NFKB1/NFKBIE/NUCB2/PKD2/PLCB2/PLIN3/PTPN6/STAT5B/TGFB1/TMSB10/TWF2,30
1,GO:0002274,myeloid leukocyte activation,24/737,247/18986,0.09716599190283401,2.5031119705118137,4.778439739878216,3.622068288981381e-5,7.32399320165684e-4,5.178672025273836e-4,ADGRF5/AIF1/ANXA3/APP/BCR/CCL5/CD226/CD84/CXCL6/FES/LAT/LAT2/LYN/MIF/NMI/PLA2G4A/PTPN6/SNAP23/STX4/STXBP1/STXBP3/TGFB1/TMEM106A/VAMP8,24
1,GO:0031346,positive regulation of cell projection organization,31/737,363/18986,0.08539944903581267,2.1999917766539205,4.639020266964775,3.646865692251201e-5,7.345216547216537e-4,5.193678694846911e-4,ABL1/ARF6/ARSB/BDNF/BRK1/DBN1/CXCL12/DLG4/DMD/DNM3/FES/FKBP1B/FMR1/IFT20/IST1/ITGA6/LYN/MAP2K1/MDK/PLXNA4/PLXNB3/RAB11FIP3/RAPGEF2/SCARF1/SEMA4D/SEPTIN9/SRC/STK11/STK24/TWF2/VEGFA,31
1,GO:1902235,regulation of endoplasmic reticulum stress-induced intrinsic apoptotic signaling pathway,8/737,34/18986,0.23529411764705882,6.061457418788411,5.936179588756256,3.67426553910213e-5,7.371495237823649e-4,5.212259913611164e-4,APP/BCL2L1/BCL2L11/EIF2AK3/ERP29/HSPA1A/NCK2/PTPN1,8
1,GO:0071902,positive regulation of protein serine/threonine kinase activity,17/737,142/18986,0.11971830985915492,3.0840866092074837,5.009482878835349,3.7124356496978346e-5,7.374025252957838e-4,5.214048844627099e-4,ERP29/FGF2/IL1B/MAGED1/MAP2K1/MAP3K5/MIF/PDE5A/PDGFA/PDGFB/PSRC1/PTPN1/RAPGEF2/RGCC/SRC/SYAP1/TRAF2,17
1,GO:0046365,monosaccharide catabolic process,10/737,54/18986,0.18518518518518517,4.770591487009397,5.576062381868361,3.71859918324782e-5,7.374025252957838e-4,5.214048844627099e-4,ENO1/ENO2/FUT8/GLB1/MPI/NUDT5/PFKFB2/PMM2/TIGAR/TP53,10
1,GO:0048146,positive regulation of fibroblast proliferation,10/737,54/18986,0.18518518518518517,4.770591487009397,5.576062381868361,3.71859918324782e-5,7.374025252957838e-4,5.214048844627099e-4,ABL1/BRK1/BTC/CDKN1A/EREG/MIF/PDGFA/PDGFB/PDGFC/TGFB1,10
1,GO:2000058,regulation of ubiquitin-dependent protein catabolic process,19/737,171/18986,0.1111111111111111,2.8623548922056385,4.916181374142827,3.7918069033350005e-5,7.49027702135714e-4,5.296248508706782e-4,ARAF/AXIN1/BAG6/CAMLG/COMMD1/CSNK1D/CSNK2A1/DAB2/EGF/ELOB/FHIT/HSPA1A/IKBKG/LATS1/MAPK9/NUB1/PTEN/RAD23B/SIRT2,19
1,GO:0033135,regulation of peptidyl-serine phosphorylation,12/737,77/18986,0.15584415584415584,4.014731537119596,5.326957536705185,3.879483125482648e-5,7.634109322788843e-4,5.397949902365451e-4,APP/ARAF/AXIN1/BAG4/DKK1/DMD/EIF4G1/LATS1/PPM1F/PTEN/SPRY2/STK4,12
1,GO:0035794,positive regulation of mitochondrial membrane permeability,9/737,44/18986,0.20454545454545456,5.269335142469472,5.6976160458065195,3.985363933576348e-5,7.812530214827528e-4,5.524108304876819e-4,ATP5IF1/BAX/BCL2L1/BCL2L11/BID/BNIP3L/HSPA1A/PPIF/TP53,9
1,GO:0061515,myeloid cell development,13/737,90/18986,0.14444444444444443,3.72106135986733,5.199890028044443,4.264879915350138e-5,8.324438768938819e-4,5.886070206763185e-4,ADGRF5/ANXA2/APP/FLI1/GP1BA/GP1BB/GP5/MPIG6B/PTPN6/SH2B3/SRC/THPO/TRIM58,13
1,GO:0043393,regulation of protein binding,15/737,116/18986,0.12931034482758622,3.3311888831703556,5.061042881048058,4.278917124220889e-5,8.324438768938819e-4,5.886070206763185e-4,ABL1/ANXA2/BAX/BDNF/CDKN1A/DAB2/DKK1/ITGB1BP1/LDLRAP1/LRPAP1/MAP2/MITD1/RAPGEF2/SNAPIN/TRIM21,15
1,GO:0030522,intracellular receptor signaling pathway,32/737,384/18986,0.08333333333333333,2.146766169154229,4.562261489204873,4.4186796267191127e-5,8.56390134446391e-4,6.055390153795805e-4,BECN1/BIRC2/CALCOCO1/CD36/CRKL/DAB2/EIF2AK2/ERBIN/FABP5/FKBP4/GBP2/HSPA1A/IRAK1/IRAK4/LATS1/MAP2K6/MAVS/NAGK/NEK7/PCBP2/C1QBP/RWDD1/SIRT2/SRC/TADA3/TARBP2/TAX1BP1/TRIM24/TRIM25/UFD1/XIAP/ZNRF4,32
1,GO:0036119,response to platelet-derived growth factor,7/737,26/18986,0.2692307692307692,6.935706084959817,6.086384776475186,4.449059595932795e-5,8.567992764875513e-4,6.058283128139965e-4,MARS1/MTSS2/PDGFB/PTPN1/SRC/SYAP1/YES1,7
1,GO:0007034,vacuolar transport,19/737,173/18986,0.10982658959537572,2.829264084203261,4.857244222932393,4.454155117254209e-5,8.567992764875513e-4,6.058283128139965e-4,AP1G2/AP3B1/AP3S2/ARSB/BECN1/CHMP1A/CHMP6/EHD3/HGS/HSPA1A/SNAPIN/SORT1/STAM/VPS28/VPS37A/VPS4B/VPS53/VTA1/VTI1A,19
1,GO:2000406,positive regulation of T cell migration,8/737,35/18986,0.22857142857142856,5.888272921108741,5.816917586494231,4.602119940217939e-5,8.819585079462438e-4,6.236179809014883e-4,ABL1/AIF1/APP/CCL5/CORO1A/CXCL12/FADD/TNFSF14,8
1,GO:0018105,peptidyl-serine phosphorylation,18/737,159/18986,0.11320754716981132,2.9163615882849903,4.876463379541493,4.701362057421514e-5,8.976280865024868e-4,6.346976755274594e-4,APP/ARAF/AXIN1/BAG4/CSNK2A1/DKK1/DMD/EIF2AK3/EIF4G1/LATS1/MAPKAPK2/PIKFYVE/PPM1F/PRKD2/PTEN/SPRY2/SRPK2/STK4,18
1,GO:0097581,lamellipodium organization,13/737,91/18986,0.14285714285714285,3.6801705756929635,5.150260451191737,4.8017804593086436e-5,9.12686539339279e-4,6.453452534678866e-4,BRK1/MTSS2/MYO9B/NCK2/PLEKHO1/PLXNB3/SNX2/SRC/TWF2/VAV3/WAS/WASF1/WASF3,13
1,GO:0097553,calcium ion transmembrane import into cytosol,20/737,189/18986,0.10582010582010581,2.726052278291084,4.792477535767954,4.8284937914822014e-5,9.12686539339279e-4,6.453452534678866e-4,ABL1/BAX/CACNB3/CORO1A/CXCL11/DMD/F2R/FGF2/FKBP1B/GP1BA/GP1BB/GP5/ITPR1/LETM1/LYN/PKD2/PLCB2/PPP3R1/PTPN6/TGFB1,20
1,GO:1903039,positive regulation of leukocyte cell-cell adhesion,26/737,284/18986,0.09154929577464789,2.3584191717468994,4.635199756352259,4.8335424201768666e-5,9.12686539339279e-4,6.453452534678866e-4,ABL1/AIF1/AP3B1/CCL5/CD40LG/CORO1A/FADD/FOXO3/GP1BA/IL1B/IL7/IRAK1/LYN/MDK/NCK2/NFAT5/PTPN6/SELP/SMARCA2/SRC/STAT5B/TGFB1/TNFSF14/VSIR/YES1/ZBTB16,26
1,GO:1901888,regulation of cell junction assembly,25/737,268/18986,0.09328358208955224,2.403096458008465,4.648841216730375,4.942784249733459e-5,9.298952346751299e-4,6.575132316013277e-4,ABL1/APP/ARF6/BDNF/CC2D1A/DKK1/DUSP3/EIF4G1/F11R/IL1B/ITGB1BP1/LATS1/MYCBP2/PDLIM5/PPM1F/PPP1R9B/PTEN/PTPN1/RAPGEF2/SDC4/SEMA4D/SMAD3/SNAP25/SRC/VEGFA,25
1,GO:0002768,immune response-regulating cell surface receptor signaling pathway,31/737,369/18986,0.08401084010840108,2.1642195526432877,4.538504094705687,4.973752636856599e-5,9.323063336823173e-4,6.592180790301678e-4,ABL1/APPL2/BAG6/BANK1/BAX/BTN3A2/CACNB3/CD226/CD40/CRKL/DGKZ/DUSP3/ERMAP/FYB1/IKBKG/IRAK1/IRAK4/LAT/LAT2/LYN/MAPK9/NFKB1/NMI/PRKD2/PTPN6/SLA2/SRC/STK11/TAX1BP1/VAV3/YES1,31
1,GO:0001954,positive regulation of cell-matrix adhesion,10/737,56/18986,0.17857142857142858,4.600213219616205,5.422086451778904,5.159087764092625e-5,9.635299911410807e-4,6.812958004256288e-4,ABL1/CCL28/CD36/DAG1/ITGB1BP1/PPM1F/RRAS/SDC4/SMAD3/VEGFA,10
1,GO:0042177,negative regulation of protein catabolic process,15/737,118/18986,0.1271186440677966,3.274728054642044,4.98112066972121,5.234019653270603e-5,9.739827876520948e-4,6.886867964829741e-4,ANXA2/BAG6/CAMLG/CDK5RAP3/CSNK2A1/FHIT/MYCBP2/OPHN1/SERPINE2/SIRT2/SMAD3/TIMP3/TRIM40/USP25/USP8,15
1,GO:1900180,regulation of protein localization to nucleus,17/737,146/18986,0.11643835616438356,2.9995910856675523,4.874125190340128,5.30265653850593e-5,9.83192923529475e-4,6.951991281719727e-4,ANGPT1/APP/CCT5/CD36/CDK5RAP3/EIF2AK3/HCLS1/LAMTOR5/LATS1/MAGED1/MAVS/OTUD7B/SMAD3/SRC/STK11/TGFB1/TRIM40,17
1,GO:0002429,immune response-activating cell surface receptor signaling pathway,29/737,336/18986,0.08630952380952381,2.2234363894811655,4.547064592725694,5.331983836542655e-5,9.850744239022688e-4,6.96529505341619e-4,ABL1/APPL2/BAG6/BANK1/BAX/BTN3A2/CACNB3/CD226/CRKL/DGKZ/DUSP3/ERMAP/FYB1/IKBKG/IRAK1/IRAK4/LAT/LAT2/LYN/NFKB1/NMI/PRKD2/PTPN6/SLA2/SRC/STK11/TAX1BP1/VAV3/YES1,29
1,GO:0009166,nucleotide catabolic process,18/737,161/18986,0.11180124223602485,2.8801334940205807,4.814527159498708,5.54849819877351e-5,0.0010214009587419623,7.222153852393364e-4,APP/CNP/DUT/ENO1/ENO2/FHIT/GAPDH/GIT1/GPI/ITPA/NT5C/NUDT16/PDE5A/PFKFB2/SRC/TIGAR/TYMP/UNG,18
1,GO:1903050,regulation of proteolysis involved in protein catabolic process,23/737,238/18986,0.09663865546218488,2.4895271541452404,4.647067063785074,5.6912417592462684e-5,0.0010439363455531725,7.381497770450988e-4,ARAF/ATP5IF1/AXIN1/BAG6/CAMLG/COMMD1/CSNK1D/CSNK2A1/DAB2/EGF/ELOB/FHIT/FMR1/HSPA1A/IKBKG/LATS1/MAPK9/NUB1/OPHN1/PTEN/RAD23B/SIRT2/USP25,23
1,GO:1904019,epithelial cell apoptotic process,12/737,80/18986,0.15,3.864179104477612,5.158991921722531,5.7190454377172355e-5,0.0010453031091856128,7.391161925500829e-4,ABL1/ANXA2/ARF6/BAX/BCL2L1/BID/BTC/CASP3/CASP9/MDK/STK4/TIA1,12
1,GO:0010952,positive regulation of peptidase activity,17/737,147/18986,0.11564625850340136,2.9791857041323992,4.841007982131928,5.7838957985297864e-5,0.0010534074050088291,7.448466033940934e-4,AIFM1/BCL2L11/CASP8/CASP9/CRADD/DIABLO/EIF2AK3/F2R/FADD/HTRA2/LGMN/LYN/MAP3K5/PPM1F/SMAD3/TANK/VSIR,17
1,GO:0032271,regulation of protein polymerization,21/737,207/18986,0.10144927536231885,2.613454466796453,4.690565063994341,5.871011271952508e-5,0.0010654951905564693,7.53393672614326e-4,ABL1/ARF6/BAG4/CAMSAP1/CCL26/CORO1A/DCTN1/FES/FKBP4/GIT1/HCLS1/HSPA1A/LATS1/MAP2/NCK2/PSRC1/SNX9/MTPN/TMSB10/TWF2/VASP,21
1,GO:2000106,regulation of leukocyte apoptotic process,13/737,93/18986,0.13978494623655913,3.6010271224522543,5.053071016762276,6.054300397479532e-5,0.0010948903817413688,7.741785163567229e-4,ARG2/BAX/BCL2L1/BCL2L11/CCL5/CXCL12/FADD/HCLS1/LYN/MIF/PRKD2/RAPGEF2/TP53,13
1,GO:0072594,establishment of protein localization to organelle,36/737,462/18986,0.07792207792207792,2.007365768559798,4.405145927069702,6.169016745203354e-5,0.0011117217545040148,7.860796960646933e-4,AIFM1/ANGPT1/AP3B1/APPL2/ATP5IF1/BAG4/BAG6/BAX/BECN1/BID/BNIP3L/CD36/CDKN1A/FIS1/HCLS1/HGS/HTRA2/ING1/MAVS/MICALL2/NMT1/PPP3R1/RAB10/SCRIB/SMAD3/SORT1/STAM/STK4/TGFB1/TIMM10/TIMM8A/TOMM20/TP53/VPS28/VPS37A/VPS53,36
1,GO:0001822,kidney development,28/737,322/18986,0.08695652173913043,2.2401038286826735,4.51027612084648,6.265068417081536e-5,0.0011240838100471694,7.948206969713754e-4,AKR1B1/ANGPT1/AP2B1/ARG2/BAG6/BAX/BCL2L11/BMP6/CASP9/COMT/FADD/FGF2/IFT20/MAGED1/MTSS1/NID1/PDGFA/PDGFB/PECAM1/PKD2/RRM2B/SDC4/SMAD1/SMAD2/SMAD3/TGFB1/VEGFA/ZBTB16,28
1,GO:0051091,positive regulation of DNA-binding transcription factor activity,21/737,208/18986,0.10096153846153846,2.600889781859931,4.665389867586114,6.297506749778938e-5,0.0011240838100471694,7.948206969713754e-4,ANXA3/CD40LG/EIF2AK2/HSPA1A/IKBKG/IL1B/IRAK1/LAMTOR5/MAVS/MTDH/PRDX3/PRKD2/PTEN/RGCC/RWDD1/SMAD3/MTPN/TRAF2/TRIM21/TRIM25/TRIM5,21
1,GO:0034614,cellular response to reactive oxygen species,17/737,148/18986,0.11486486486486487,2.95905607099637,4.808170248034946,6.303273701199081e-5,0.0011240838100471694,7.948206969713754e-4,ABL1/AIFM1/BECN1/CD36/CRYGD/FOXO3/FXN/MAP3K5/MAPK9/PKD2/PPIF/PRDX1/PRDX3/PRDX5/SOD2/SRC/TOP2B,17
1,GO:0007006,mitochondrial membrane organization,15/737,120/18986,0.125,3.220149253731343,4.902892699435954,6.371228526414694e-5,0.0011322709242790956,8.006096673149043e-4,AP3B1/ATP5IF1/BAX/BCL2L1/BCL2L11/BID/BNIP3L/CNP/HSPA1A/LETM1/PPIF/TIMM10/TIMM8A/TOMM20/TP53,15
1,GO:0051651,maintenance of location in cell,22/737,224/18986,0.09821428571428571,2.5301172707889124,4.629442236484009,6.43935533279465e-5,0.0011404320341114938,8.063802503862629e-4,ABL1/ARL2BP/BAX/CORO1A/CXCL11/DBN1/DMD/F2R/FGF2/FKBP1B/GP1BA/GP1BB/GP5/ITPR1/LETM1/LYN/PKD2/PLCB2/PTPN6/TGFB1/TMSB10/TWF2,22
1,GO:0043087,regulation of GTPase activity,20/737,193/18986,0.10362694300518134,2.669553785476761,4.684902115291673,6.493329073103301e-5,0.0011460391106343146,8.103449195950946e-4,ARHGEF10/BCR/CCL26/EVI5/F2R/FGD3/ITGA6/ITGB1BP1/MMUT/MTSS2/PLXNB3/PRKG1/RAPGEF2/RGS10/SCRIB/SEMA4D/SH3BP1/SLC27A4/SNX9/VAV3,20
1,GO:0043154,negative regulation of cysteine-type endopeptidase activity involved in apoptotic process,9/737,47/18986,0.19148936170212766,4.932994601460781,5.425168935319882,6.903333674824135e-5,0.001214230197051259,8.585616863065345e-4,CDKN2D/CSNK2A1/DNAJB6/LAMTOR5/SRC/TRIAP1/USP47/VEGFA/XIAP,9
1,GO:0007265,Ras protein signal transduction,15/737,121/18986,0.12396694214876033,3.1935364499814973,4.864392889048328,7.016945198492292e-5,0.001227365069608147,8.678491330849539e-4,BRAP/CDKN1A/CRKL/DOK1/DOK2/FGF2/GRAP2/LAT/RAPGEF2/RRAS/SPRY2/SRC/STAMBP/TP53/USP8,15
1,GO:0010799,regulation of peptidyl-threonine phosphorylation,8/737,37/18986,0.21621621621621623,5.569987898346108,5.591679530697459,7.048454889486016e-5,0.001227365069608147,8.678491330849539e-4,APP/AXIN1/EGF/EIF4G1/PARD3/SIRT2/SPRED2/SPRY2,8
1,GO:2001238,positive regulation of extrinsic apoptotic signaling pathway,10/737,58/18986,0.1724137931034483,4.441585177560474,5.275208927959376,7.049702015856763e-5,0.001227365069608147,8.678491330849539e-4,APP/BID/CD40LG/FADD/HTRA2/PDIA3/STK4/TNFSF12/TNFSF14/TRAF2,10
1,GO:1901136,carbohydrate derivative catabolic process,24/737,258/18986,0.09302325581395349,2.3963901423116973,4.538271105114912,7.26163791394666e-5,0.0012599923083118259,8.909193030980077e-4,APP/DCTD/DUT/ENO1/ENO2/FGF2/GAPDH/GIT1/GLB1/GNPDA2/GPI/HPSE/ITPA/NAGK/NT5C/NUDT16/OGA/PDE5A/PFKFB2/SRC/TGFB1/TIGAR/TYMP/UNG,24
1,GO:0008637,apoptotic mitochondrial changes,14/737,108/18986,0.12962962962962962,3.339414040906578,4.899598444692408,7.434155863374056e-5,0.0012855833169794328,9.090142735651424e-4,ATP5IF1/BAX/BCL2L1/BCL2L11/BID/BNIP3L/FXN/GGCT/HSPA1A/PLSCR3/PPIF/SOD2/TP53/TRIAP1,14
1,GO:0072577,endothelial cell apoptotic process,11/737,70/18986,0.15714285714285714,4.04818763326226,5.134469438616246,7.49444534859373e-5,0.0012873401776045952,9.10256520072113e-4,ABL1/ANGPT1/CD40/CD40LG/FOXO3/MAP3K5/PAK4/PTPN1/RGCC/SERPINE1/TGFB1,11
1,GO:2000401,regulation of lymphocyte migration,11/737,70/18986,0.15714285714285714,4.04818763326226,5.134469438616246,7.49444534859373e-5,0.0012873401776045952,9.10256520072113e-4,ABL1/AIF1/APP/CCL4/CCL5/CD69/CORO1A/CRKL/CXCL12/FADD/TNFSF14,11
1,GO:0002690,positive regulation of leukocyte chemotaxis,13/737,95/18986,0.1368421052631579,3.5252160251374707,4.95852348395117,7.581213771727306e-5,0.001297903797719715,9.177258776301476e-4,AIF1/APP/CCL4/CCL5/DAPK2/CXCL12/LGMN/MDK/C1QBP/SERPINE1/TNFSF14/VEGFA/VEGFC,13
1,GO:0038127,ERBB signaling pathway,16/737,136/18986,0.11764705882352941,3.0307287093942055,4.776229588110898,7.705089792312186e-5,0.0013147289426350627,9.296226537323674e-4,ABL1/BTC/CAMLG/CHMP6/DUSP3/EGF/ERBIN/EREG/HBEGF/LGMN/MAP2K1/NCK2/SNX5/SPRY2/SRC/TGFB1,16
1,GO:0060828,regulation of canonical Wnt signaling pathway,25/737,276/18986,0.09057971014492754,2.3334414882111183,4.484469966965397,7.972194186010655e-5,0.0013558009715016796,9.586639923923583e-4,APP/AXIN1/CSNK1D/DAB2/DKK1/EGF/FGF2/FOXO1/FOXO3/GPC5/HHEX/IFT20/LATS1/MDK/NFKB1/PPM1A/SMAD3/SRC/STK11/STK4/TBL1X/TGFB1/USP47/USP8/XIAP,25
1,GO:0022411,cellular component disassembly,35/737,450/18986,0.07777777777777778,2.0036484245439468,4.330114324039361,8.067866625317152e-5,0.001367543332925046,9.669668180421809e-4,ADAMTS4/AIFM1/ARF6/BAX/BECN1/CALCOCO2/CDK5RAP3/CHMP1A/CHMP6/DCTN1/DENR/DFFA/DKK1/DNAJC6/DUSP3/ELAC1/GIGYF2/IST1/MMP1/MRPL58/MTIF3/NFE2/PLIN3/PPP1R9B/SH3BP1/SNAP29/SNAPIN/MTPN/TGFB1/TRIM21/TRIM58/TWF2/VAMP8/VPS4B/VTA1,35
1,GO:0046902,regulation of mitochondrial membrane permeability,10/737,59/18986,0.1694915254237288,4.3663040728560585,5.204247788964648,8.196938202770994e-5,0.0013848511384681522,9.792048753310225e-4,ATP5IF1/BAX/BCL2L1/BCL2L11/BID/BNIP3L/CNP/HSPA1A/PPIF/TP53,10
1,GO:0010508,positive regulation of autophagy,18/737,166/18986,0.10843373493975904,2.7933824851645386,4.663765092865566,8.284455149312227e-5,0.0013918793116864156,9.841743780370006e-4,ATG16L1/ATP5IF1/BECN1/BNIP3L/CALCOCO2/CDC37/CDK5RAP3/CSNK2A1/FOXO1/FOXO3/IKBKG/LARP1/MTDH/SPTLC1/STK11/TRIM21/TRIM5/TRIM58,18
1,GO:0050851,antigen receptor-mediated signaling pathway,21/737,212/18986,0.09905660377358491,2.5518163897493666,4.566141515781937,8.292738889720466e-5,0.0013918793116864156,9.841743780370006e-4,ABL1/BANK1/BAX/BTN3A2/CACNB3/CD226/CRKL/DGKZ/DUSP3/ERMAP/FYB1/IKBKG/LAT/LAT2/LYN/NFKB1/PRKD2/PTPN6/SLA2/STK11/VAV3,21
1,GO:0010950,positive regulation of endopeptidase activity,16/737,137/18986,0.11678832116788321,3.0086066020263647,4.741661217635422,8.416221541707555e-5,0.0014059582813743456,9.941293799683336e-4,AIFM1/BCL2L11/CASP8/CASP9/CRADD/DIABLO/EIF2AK3/F2R/FADD/HTRA2/LGMN/LYN/MAP3K5/PPM1F/SMAD3/VSIR,16
1,GO:0030099,myeloid cell differentiation,35/737,451/18986,0.07760532150776053,1.9992057451103684,4.315850647486555,8.431369755905344e-5,0.0014059582813743456,9.941293799683336e-4,ADGRF5/ANXA2/AP3B1/APP/ATP5IF1/CASP10/CASP3/CASP8/CASP9/CDK5RAP3/CLEC1B/FADD/FES/FLI1/FOXO3/GP1BA/GP1BB/GP5/HCLS1/HSPA1A/LYN/MPIG6B/MYH9/PF4/PRDX3/PTPN6/RNF41/SH2B3/SRC/STAT5B/TGFB1/THPO/TRIM58/VEGFA/ZBTB16,35
1,GO:0043405,regulation of MAP kinase activity,15/737,123/18986,0.12195121951219512,3.141609028030579,4.788581368014371,8.4821294982601e-5,0.0014098452136913876,9.968777642308754e-4,CDK5RAP3/ERP29/FGF2/GSTP1/HGS/IL1B/LYN/MAGED1/MAP3K5/MIF/PDE5A/PDGFA/PDGFB/PTPN1/TRAF2,15
1,GO:1902229,regulation of intrinsic apoptotic signaling pathway in response to DNA damage,8/737,38/18986,0.21052631578947367,5.423409269442262,5.485127701855698,8.62702472116506e-5,0.001423905253363306,0.0010068193810672664,BCL2L1/BID/CDKN2D/CXCL12/HNRNPK/MIF/TRIAP1/USP47,8
1,GO:0030213,hyaluronan biosynthetic process,5/737,13/18986,0.38461538461538464,9.908151549942595,6.456702536923668,8.628840556935033e-5,0.001423905253363306,0.0010068193810672664,EGF/IL1B/NFKB1/PDGFB/TGFB1,5
1,GO:0070374,positive regulation of ERK1 and ERK2 cascade,20/737,197/18986,0.10152284263959391,2.615349647700583,4.580019533491594,8.649891726038776e-5,0.001423905253363306,0.0010068193810672664,ABL1/ANGPT1/APP/CCN2/CD36/CRKL/F2R/FGF2/MAP2K1/MIF/PDGFA/PDGFB/PRKD2/RAPGEF2/PDGFC/SPRY2/SRC/TGFB1/THPO/VEGFA,20
1,GO:0007005,mitochondrion organization,35/737,452/18986,0.07743362831858407,1.9947827235503894,4.301623354749921,8.80962108401413e-5,0.0014455659388976543,0.0010221352863577855,AIFM1/AKT3/AP3B1/ATP5IF1/BAX/BCL2L1/BCL2L11/BID/BNIP3L/CLPP/CNP/DDHD2/FIS1/FXN/GGCT/HMGCL/HSPA1A/HTRA2/LETM1/LONP1/NDUFA5/NDUFB7/PLSCR3/PPIF/PRDX3/RRM2B/SOD2/STAT2/TIMM10/TIMM8A/TOMM20/TP53/TRIAP1/TYMP/WASF1,35
1,GO:0045055,regulated exocytosis,22/737,229/18986,0.09606986899563319,2.474874535618849,4.51243166817073,8.93908076245227e-5,0.001462137541272448,0.0010338527868072522,ANXA3/BCR/CD84/CORO1A/FES/FMR1/GIT1/LAT/LAT2/LYN/MYH9/RAB10/SCRIB/SNAP23/SNAP25/SNAP29/SNAPIN/STX4/STXBP1/STXBP3/SV2A/VAMP8,22
1,GO:0072676,lymphocyte migration,14/737,110/18986,0.12727272727272726,3.2786974219810037,4.816677046960951,9.100528995498984e-5,0.0014838195847899295,0.0010491837939673016,ABL1/AIF1/APP/CCL4/CCL5/CCL26/CD69/CORO1A/CRKL/CXCL11/CXCL12/F11R/FADD/TNFSF14,14
1,GO:0070227,lymphocyte apoptotic process,12/737,84/18986,0.14285714285714285,3.6801705756929635,4.947293862881319,9.310768914627949e-5,0.0015132945932129478,0.001070025075132126,ARG2/BAX/BCL2L11/CASP7/CCL5/CRKL/DFFA/FADD/LYN/MIF/PRKD2/TP53,12
1,GO:0001778,plasma membrane repair,7/737,29/18986,0.2413793103448276,6.2182192485846635,5.651399715769156,9.536781178886546e-5,0.0015259251700876762,0.0010789559429419747,ANXA2/CASP7/CHMP1A/CHMP6/MYH9/SYTL4/VPS4B,7
1,GO:0002092,positive regulation of receptor internalization,7/737,29/18986,0.2413793103448276,6.2182192485846635,5.651399715769156,9.536781178886546e-5,0.0015259251700876762,0.0010789559429419747,ANGPT1/APP/CD63/EGF/FMR1/TBC1D5/VEGFA,7
1,GO:0035872,"nucleotide-binding domain, leucine rich repeat containing receptor signaling pathway",7/737,29/18986,0.2413793103448276,6.2182192485846635,5.651399715769156,9.536781178886546e-5,0.0015259251700876762,0.0010789559429419747,BIRC2/ERBIN/HSPA1A/MAP2K6/NAGK/XIAP/ZNRF4,7
1,GO:0072331,signal transduction by p53 class mediator,19/737,183/18986,0.10382513661202186,2.6746594894380555,4.574651297968081,9.562690680268365e-5,0.0015259251700876762,0.0010789559429419747,BAG6/BAX/CASP2/CDK5RAP3/CDKN1A/CRADD/FHIT/FOXO3/HEXIM1/HNRNPK/MAP2K6/MIF/RRM2B/SPRED2/STK11/TP53/TRIAP1/TRIM24/YJU2,19
1,GO:0008064,regulation of actin polymerization or depolymerization,17/737,153/18986,0.1111111111111111,2.8623548922056385,4.648019221814481,9.566742694085508e-5,0.0015259251700876762,0.0010789559429419747,ARF6/BAG4/BRK1/CCL26/CORO1A/CXCL12/HCLS1/LATS1/NAA80/NCK2/SH3BP1/SNX9/MTPN/TMSB10/TWF2/VASP/WAS,17
1,GO:1904375,regulation of protein localization to cell periphery,17/737,153/18986,0.1111111111111111,2.8623548922056385,4.648019221814481,9.566742694085508e-5,0.0015259251700876762,0.0010789559429419747,ARF6/BCL2L1/CNPY4/CNST/DAB2/DAG1/EIF4G1/LDLRAP1/LZTFL1/NUMB/PPP1R9B/PPP2R5A/STX4/STX7/STX8/TGFB1/VAMP8,17
1,GO:0050767,regulation of neurogenesis,31/737,383/18986,0.08093994778067885,2.0851096995440552,4.3112285696822115,9.916939498973661e-5,0.0015768854881340162,0.0011149891240495073,ANXA2/APPL2/BDNF/DAG1/DBN1/CXCL12/DYNLT1/FGF2/FMR1/IL1B/IST1/LYN/MAP2/MAP2K1/MDK/NUMB/PLXNA4/PLXNB3/PPP1CC/PTEN/RAPGEF2/SEMA4D/SERPINE2/SIRT2/SPART/STK11/TGFB1/TP53/TWF2/VEGFA/VEGFC,31
1,GO:0006892,post-Golgi vesicle-mediated transport,14/737,111/18986,0.12612612612612611,3.2491596073685627,4.775928250925798,1.0049120453255938e-4,0.0015929716866642746,0.0011263634036300517,AP1G2/AP3S2/CNST/COMMD1/EHD3/GOPC/RAB10/RAB11FIP3/RABEP1/RP2/SCAMP3/SNAP23/SORT1/VTI1A,14
1,GO:0001952,regulation of cell-matrix adhesion,15/737,125/18986,0.12,3.091343283582089,4.7143029100793195,1.0207712061742423e-4,0.0016131325892033564,0.0011406188376683842,ABL1/CCL28/CD36/DAG1/DUSP3/ITGB1BP1/MINK1/PPM1F/PTEN/RRAS/SDC4/SERPINE1/SMAD3/SRC/VEGFA,15
1,GO:1901292,nucleoside phosphate catabolic process,19/737,184/18986,0.10326086956521739,2.660123296560675,4.547437517347546,1.0285239870347586e-4,0.001620398526813043,0.0011457564595640673,APP/CNP/DUT/ENO1/ENO2/FHIT/GAPDH/GIT1/GPI/ITPA/NT5C/NUDT16/NUDT5/PDE5A/PFKFB2/SRC/TIGAR/TYMP/UNG,19
1,GO:0001906,cell killing,24/737,264/18986,0.09090909090909091,2.3419267299864317,4.412392683632709,1.039854647726279e-4,0.001633239593493018,0.0011548361611639023,CCL13/CCL17/CCL28/CCL8/CD226/CORO1A/CXCL1/CXCL11/CXCL3/CXCL6/CXCL12/EBAG9/FADD/GAPDH/GBP2/GFER/PF4/PPBP/PRDX1/PTPN6/SERPINB9/STAT5B/STX7/TGFB1,24
1,GO:0060070,canonical Wnt signaling pathway,28/737,332/18986,0.08433734939759036,2.172630821794641,4.331754845259456,1.0624153968942393e-4,0.0016585305405619492,0.0011727189631371383,APP/AXIN1/CSNK1D/DAB2/DKK1/EGF/FGF2/FOXO1/FOXO3/GPC5/HHEX/IFT20/LATS1/MDK/NFKB1/NID1/PPM1A/PTEN/SMAD3/SRC/STK11/STK4/TBL1X/TGFB1/USP47/USP8/VPS4B/XIAP,28
1,GO:0072001,renal system development,28/737,332/18986,0.08433734939759036,2.172630821794641,4.331754845259456,1.0624153968942393e-4,0.0016585305405619492,0.0011727189631371383,AKR1B1/ANGPT1/AP2B1/ARG2/BAG6/BAX/BCL2L11/BMP6/CASP9/COMT/FADD/FGF2/IFT20/MAGED1/MTSS1/NID1/PDGFA/PDGFB/PECAM1/PKD2/RRM2B/SDC4/SMAD1/SMAD2/SMAD3/TGFB1/VEGFA/ZBTB16,28
1,GO:0000302,response to reactive oxygen species,20/737,200/18986,0.1,2.576119402985075,4.503046829154897,1.0661678342799776e-4,0.001659344847533929,0.0011732947458583487,ABL1/AIFM1/BECN1/CASP3/CD36/CRYGD/FKBP1B/FOXO3/FXN/GSTP1/MAP3K5/MAPK9/PKD2/PPIF/PRDX1/PRDX3/PRDX5/SOD2/SRC/TOP2B,20
1,GO:1903532,positive regulation of secretion by cell,26/737,298/18986,0.087248322147651,2.2476209556245617,4.362434197432945,1.0725878496043443e-4,0.0016642934125582817,0.0011767937926967682,ANXA2/ARF6/BMP6/DAB2/CXCL12/HGS/IL1B/ITPR1/MAP2K6/MIF/PFKFB2/PLA2G4A/PRKAR1A/RAB27B/RAB2B/RGCC/SDC4/SNAP25/STAM/STX4/STXBP1/SYTL4/TGFB1/VAMP8/VEGFC/VPS4B,26
1,GO:0045926,negative regulation of growth,22/737,232/18986,0.09482758620689655,2.4428718476582603,4.443695641687138,1.0823267092603126e-4,0.001674346379144869,0.0011839020757603293,CDKN1A/CDKN2D/DAB2/ENO1/FXN/GNAS/HSPA1A/ING1/LGMN/MAP2/PPP1R9B/PSRC1/PTEN/SERPINE2/SMAD3/SMARCA2/SPART/STK11/STK4/TGFB1/TP53/TRIM40,22
1,GO:0048278,vesicle docking,10/737,61/18986,0.16393442622950818,4.223146562270614,5.066949041633944,1.0971310737968015e-4,0.0016870853877306504,0.0011929096138036449,RABEPK/SNAP25/STX16/STX4/STX6/STX7/STX8/STXBP1/STXBP3/USO1,10
1,GO:0097300,programmed necrotic cell death,10/737,61/18986,0.16393442622950818,4.223146562270614,5.066949041633944,1.0971310737968015e-4,0.0016870853877306504,0.0011929096138036449,AIFM1/ASAH1/BAX/BIRC2/CASP8/FADD/MAP3K5/PPIF/TP53/TRAF2,10
1,GO:0030038,contractile actin filament bundle assembly,14/737,112/18986,0.125,3.220149253731343,4.735640398484593,1.108239001274962e-4,0.0016902964210004842,0.0011951800812534167,ABL1/ARHGEF10/BAG4/CCN2/F11R/ITGB5/ITGB1BP1/PPM1F/RGCC/RHOC/SDC4/SMAD3/SRC/WAS,14
1,GO:0043149,stress fiber assembly,14/737,112/18986,0.125,3.220149253731343,4.735640398484593,1.108239001274962e-4,0.0016902964210004842,0.0011951800812534167,ABL1/ARHGEF10/BAG4/CCN2/F11R/ITGB5/ITGB1BP1/PPM1F/RGCC/RHOC/SDC4/SMAD3/SRC/WAS,14
1,GO:0051881,regulation of mitochondrial membrane potential,11/737,73/18986,0.1506849315068493,3.881823757922715,4.957561897055458,1.1090924725022647e-4,0.0016902964210004842,0.0011951800812534167,ABL1/ATP5IF1/BAX/BCL2L1/BID/BNIP3L/PPIF/PRDX3/SOD2/SPART/SRC,11
1,GO:0140014,mitotic nuclear division,25/737,282/18986,0.08865248226950355,2.2837937969725837,4.364877796411088,1.1239264296624233e-4,0.0017077907242523543,0.0012075500079256074,ABRAXAS2/ARHGEF10/BECN1/BTC/CEP85/CHMP1A/CHMP6/DCTN2/EGF/EREG/HSPA1A/IL1B/KIF22/MZT1/NUDC/PDGFB/PIBF1/PPP1CC/PPP1R9B/PSRC1/REEP4/RGCC/SIRT2/TGFB1/VPS4B,25
1,GO:0016055,Wnt signaling pathway,36/737,476/18986,0.07563025210084033,1.9483255988962749,4.210922514696216,1.1272216813114255e-4,0.0017077907242523543,0.0012075500079256074,ABL1/AMOTL2/APP/AXIN1/CALCOCO1/CSNK1D/CSNK2A1/DAAM1/DAB2/DKK1/EGF/FGF2/FOXO1/FOXO3/GPC5/GRK5/HHEX/IFT20/LATS1/MDK/MESD/NFKB1/NID1/PKD2/PPM1A/PTEN/SMAD3/SRC/STK11/STK4/TBL1X/TGFB1/USP47/USP8/VPS4B/XIAP,36
1,GO:0019320,hexose catabolic process,9/737,50/18986,0.18,4.637014925373134,5.1749418263657105,1.1439936239967295e-4,0.0017230355580197076,0.0012183293726774863,ENO1/ENO2/FUT8/GLB1/MPI/PFKFB2/PMM2/TIGAR/TP53,9
1,GO:0030195,negative regulation of blood coagulation,9/737,50/18986,0.18,4.637014925373134,5.1749418263657105,1.1439936239967295e-4,0.0017230355580197076,0.0012183293726774863,ANXA2/GP1BA/PDGFA/PDGFB/PF4/PRKG1/SERPINE1/SERPINE2/SH2B3,9
1,GO:1902230,negative regulation of intrinsic apoptotic signaling pathway in response to DNA damage,7/737,30/18986,0.23333333333333334,6.01094527363184,5.519839450941225,1.202563552440956e-4,0.0018059550892797515,0.0012769603742447825,BCL2L1/BID/CDKN2D/CXCL12/MIF/TRIAP1/USP47,7
1,GO:0018209,peptidyl-serine modification,18/737,171/18986,0.10526315789473684,2.711704634721131,4.518499926339925,1.2147810707361692e-4,0.0018168063813016686,0.0012846331397546233,APP/ARAF/AXIN1/BAG4/CSNK2A1/DKK1/DMD/EIF2AK3/EIF4G1/LATS1/MAPKAPK2/PIKFYVE/PPM1F/PRKD2/PTEN/SPRY2/SRPK2/STK4,18
1,GO:0030832,regulation of actin filament length,17/737,156/18986,0.10897435897435898,2.8073096058170686,4.555008640276152,1.2168640871646691e-4,0.0018168063813016686,0.0012846331397546233,ARF6/BAG4/BRK1/CCL26/CORO1A/CXCL12/HCLS1/LATS1/NAA80/NCK2/SH3BP1/SNX9/MTPN/TMSB10/TWF2/VASP/WAS,17
1,GO:1905954,positive regulation of lipid localization,14/737,113/18986,0.12389380530973451,3.1916523576806237,4.695803637127541,1.220656280281494e-4,0.0018171856972538415,0.0012849013476647305,ANXA2/BMP6/CD36/DAB2/DBI/IL1B/LDLRAP1/MAP2K6/MIF/NFKB1/PLA2G4A/PLIN3/TRIAP1/XRCC4,14
1,GO:0048010,vascular endothelial growth factor receptor signaling pathway,10/737,62/18986,0.16129032258064516,4.155031295137217,5.0004899130475255,1.263245931284884e-4,0.0018751534979997582,0.0013258894015615605,HGS/HHEX/HSPB1/IL1B/MAPKAPK2/PRKD2/PTPN1/SRC/VEGFA/VEGFC,10
1,GO:0022409,positive regulation of cell-cell adhesion,28/737,336/18986,0.08333333333333333,2.146766169154229,4.262109488265431,1.3021503356961344e-4,0.0019273326006153735,0.0013627843646751598,ABL1/AIF1/AP3B1/CCL5/CD40LG/CORO1A/F11R/FADD/FOXO3/GP1BA/GP6/IL1B/IL7/IRAK1/LYN/MDK/NCK2/NFAT5/PTPN6/SELP/SMARCA2/SRC/STAT5B/TGFB1/TNFSF14/VSIR/YES1/ZBTB16,28
1,GO:0008625,extrinsic apoptotic signaling pathway via death domain receptors,12/737,87/18986,0.13793103448275862,3.553268142048379,4.796850124233784,1.3144894902201464e-4,0.0019372721026097697,0.0013698124188399135,BAX/BCL2L1/BID/CASP10/CASP8/CRADD/DIABLO/FADD/SERPINE1/SORT1/STK4/STX4,12
1,GO:0051098,regulation of binding,21/737,219/18986,0.0958904109589041,2.470251482314455,4.397802941585748,1.316409586859053e-4,0.0019372721026097697,0.0013698124188399135,ABL1/ANXA2/BAX/BDNF/CDKN1A/DAB2/DKK1/EDF1/EGF/EIF4G1/LAMTOR5/ITGB1BP1/LDLRAP1/LRPAP1/MAP2/MITD1/RAPGEF2/SIRT2/SMAD2/SNAPIN/TRIM21,21
1,GO:1900047,negative regulation of hemostasis,9/737,51/18986,0.17647058823529413,4.546093064091308,5.095913781371834,1.3418756357102277e-4,0.001959298487944159,0.0013853869042890943,ANXA2/GP1BA/PDGFA/PDGFB/PF4/PRKG1/SERPINE1/SERPINE2/SH2B3,9
1,GO:0007173,epidermal growth factor receptor signaling pathway,14/737,114/18986,0.12280701754385964,3.1636554071746525,4.656408412587759,1.3428213936065886e-4,0.001959298487944159,0.0013853869042890943,ABL1/BTC/CAMLG/CHMP6/DUSP3/EGF/ERBIN/EREG/HBEGF/NCK2/SNX5/SPRY2/SRC/TGFB1,14
1,GO:2001056,positive regulation of cysteine-type endopeptidase activity,14/737,114/18986,0.12280701754385964,3.1636554071746525,4.656408412587759,1.3428213936065886e-4,0.001959298487944159,0.0013853869042890943,AIFM1/BCL2L11/CASP8/CASP9/CRADD/DIABLO/EIF2AK3/F2R/FADD/HTRA2/LGMN/MAP3K5/PPM1F/SMAD3,14
1,GO:0033002,muscle cell proliferation,23/737,252/18986,0.09126984126984126,2.35122009002606,4.339409298401234,1.3560369721079236e-4,0.0019729761724493755,0.0013950581642380607,ABL1/AIF1/ANGPT1/CCL5/CDKN1A/EREG/FES/FGF2/HBEGF/IRAK1/IRAK4/LDLRAP1/MAP3K5/PDGFB/PRKAR1A/PRKG1/PTEN/RBPMS2/SMAD1/SOD2/SRC/SUGT1/TGFB1,23
1,GO:0045123,cellular extravasation,11/737,75/18986,0.14666666666666667,3.7783084577114425,4.844772122026259,1.4230557122065342e-4,0.002064636762116599,0.0014598698207292724,BCR/CCL28/CRKL/CXCL12/F11R/FADD/GP1BA/JAM3/MDK/PECAM1/SELP,11
1,GO:0048661,positive regulation of smooth muscle cell proliferation,13/737,101/18986,0.12871287128712872,3.315797251366928,4.6894535183973405,1.4326538097649406e-4,0.0020727070329444324,0.0014655761730731046,AIF1/CCL5/EREG/FGF2/HBEGF/IRAK1/IRAK4/LDLRAP1/MAP3K5/PDGFB/RBPMS2/SRC/TGFB1,13
1,GO:0002433,immune response-regulating cell surface receptor signaling pathway involved in phagocytosis,6/737,22/18986,0.2727272727272727,7.025780189959295,5.683019699523665,1.4670992434601062e-4,0.0021019159438854245,0.0014862293011978838,ABL1/APPL2/LYN/SRC/VAV3/YES1,6
1,GO:0038096,Fc-gamma receptor signaling pathway involved in phagocytosis,6/737,22/18986,0.2727272727272727,7.025780189959295,5.683019699523665,1.4670992434601062e-4,0.0021019159438854245,0.0014862293011978838,ABL1/APPL2/LYN/SRC/VAV3/YES1,6
1,GO:0090026,positive regulation of monocyte chemotaxis,6/737,22/18986,0.2727272727272727,7.025780189959295,5.683019699523665,1.4670992434601062e-4,0.0021019159438854245,0.0014862293011978838,AIF1/APP/CCL5/CXCL12/LGMN/SERPINE1,6
1,GO:1905897,regulation of response to endoplasmic reticulum stress,12/737,88/18986,0.13636363636363635,3.5128900949796473,4.748171722931154,1.4692130526769225e-4,0.0021019159438854245,0.0014862293011978838,APP/BAG6/BAX/BCL2L1/BCL2L11/EIF2AK3/ERP29/HSPA1A/MANF/NCK2/PTPN1/USP25,12
1,GO:0006874,intracellular calcium ion homeostasis,26/737,304/18986,0.08552631578947369,2.2032600157109195,4.2501484786043955,1.480343815992624e-4,0.0021119571774828104,0.001493329288062735,ABL1/APP/BAX/CCL13/CCL5/CCL8/CD40/CORO1A/CXCL11/CXCL12/DMD/F2R/FGF2/FKBP1B/GP1BA/GP1BB/GP5/ITPR1/LETM1/LYN/PACS2/PKD2/PLCB2/PTPN6/SV2A/TGFB1,26
1,GO:0051223,regulation of protein transport,34/737,446/18986,0.07623318385650224,1.9638578408406397,4.13947303759073,1.491290740451254e-4,0.0021216812307361887,0.001500205002057684,ANGPT1/APP/ARF6/ARFIP1/BRSK2/BMP6/CCL5/CD36/CNST/ENSA/ERP29/F2R/FKBP1B/FOXO1/GNAS/HCLS1/IL1B/ITPR1/MAVS/PFKFB2/PPM1A/PPM1F/PRKAR1A/PTPN1/RAB11FIP3/SMAD3/SNAP25/SRC/STX4/SYTL4/TGFB1/VEGFC/VPS28/WWP2,34
1,GO:0002431,Fc receptor mediated stimulatory signaling pathway,7/737,31/18986,0.22580645161290322,5.817043813192104,5.394100801989778,1.5016895501560764e-4,0.0021247045536092585,0.0015023427426528822,ABL1/APPL2/CD226/LYN/SRC/VAV3/YES1,7
1,GO:0090025,regulation of monocyte chemotaxis,7/737,31/18986,0.22580645161290322,5.817043813192104,5.394100801989778,1.5016895501560764e-4,0.0021247045536092585,0.0015023427426528822,AIF1/APP/CCL5/CXCL12/LGMN/LYN/SERPINE1,7
1,GO:0044403,biological process involved in symbiotic interaction,27/737,322/18986,0.08385093167701864,2.1601001205154353,4.219301441001185,1.5420408180301734e-4,0.00217580264873708,0.0015384733436102078,BECN1/CCL4/CCL5/CCL8/CHMP1A/CHMP6/CXCL6/DAG1/DYNLT1/F11R/FMR1/GAPDH/HSPA1A/ITGB5/JPT2/P4HB/PF4/PIKFYVE/PPIB/SRC/TRIM21/TRIM25/TRIM5/TRIM58/VAMP8/VPS4B/WWP2,27
1,GO:0019079,viral genome replication,15/737,130/18986,0.11538461538461539,2.9724454649827785,4.534938532925061,1.5920352016094295e-4,0.0022355805718462353,0.0015807413044903907,ATG16L1/CCL5/CCL8/EIF2AK2/FMR1/LAMTOR5/LARP1/MAVS/MPHOSPH8/PCBP2/PPIB/SRPK2/TARBP2/TNIP1/TOP2B,15
1,GO:0009612,response to mechanical stimulus,21/737,222/18986,0.0945945945945946,2.4368697055264223,4.327635478365514,1.5931123233950978e-4,0.0022355805718462353,0.0015807413044903907,BMP6/CASP2/CASP8/CD40/CRADD/DAG1/CXCL12/DMD/F11R/FADD/FGF2/GPI/IL1B/MDK/NFKB1/PKD2/SERPINE2/SRC/MTPN/TGFB1/TNFSF14,21
1,GO:0090263,positive regulation of canonical Wnt signaling pathway,14/737,116/18986,0.1206896551724138,3.1091096242923317,4.578905779122407,1.6192075917010397e-4,0.002264571808710703,0.001601240518948173,CSNK1D/EGF/FGF2/GPC5/HHEX/NFKB1/PPM1A/SMAD3/SRC/TBL1X/TGFB1/USP47/USP8/XIAP,14
1,GO:0070482,response to oxygen levels,29/737,358/18986,0.08100558659217877,2.0868006337029934,4.1718414111282724,1.6225903925341486e-4,0.002264571808710703,0.001601240518948173,AIFM1/ATP6V1G1/BECN1/BIRC2/BNIP2/BNIP3L/CASP3/CASP9/CDKN1A/COMT/CXCL12/ENO1/FOXO1/FOXO3/IRAK1/ITPR1/LONP1/P4HB/PTPN1/RGCC/SIRT2/SMAD3/SOD2/SRC/TGFB1/TIGAR/TP53/VEGFA/VEGFC,29
1,GO:0032386,regulation of intracellular transport,24/737,272/18986,0.08823529411764706,2.273046532045654,4.249765109817403,1.643735670093081e-4,0.00228786623349541,0.0016177116136987962,ANGPT1/ANXA2/ARFIP1/ARHGAP1/BRSK2/CD36/DAB2/HCLS1/IL1B/LDLRAP1/MAP2/MAP2K1/MAVS/PPM1A/PPP1CC/PPP1R12A/PTPN1/RAB11FIP3/SMAD3/SNAPIN/SRC/STK11/TGFB1/TRIM58,24
1,GO:0010324,membrane invagination,10/737,64/18986,0.15625,4.025186567164179,4.8716731204713986,1.659729087039694e-4,0.0022929545727342683,0.0016213094925260749,AIF1/APPL2/ARHGAP25/BECN1/BIN2/CD36/HGS/MYH9/SH3BP1/SNX9,10
1,GO:2000351,regulation of endothelial cell apoptotic process,10/737,64/18986,0.15625,4.025186567164179,4.8716731204713986,1.659729087039694e-4,0.0022929545727342683,0.0016213094925260749,ABL1/ANGPT1/CD40/CD40LG/FOXO3/PAK4/PTPN1/RGCC/SERPINE1/TGFB1,10
1,GO:0006909,phagocytosis,22/737,239/18986,0.09205020920502092,2.3713232998188976,4.287384414981997,1.6652493294974337e-4,0.0022929545727342683,0.0016213094925260749,ABL1/AIF1/ANXA11/ANXA3/APPL2/ARHGAP25/BCR/BECN1/BIN2/CD36/CORO1A/LYN/MESD/MYH9/PEAR1/PECAM1/PIKFYVE/SH3BP1/SRC/TGFB1/VAV3/YES1,22
1,GO:0016358,dendrite development,22/737,239/18986,0.09205020920502092,2.3713232998188976,4.287384414981997,1.6652493294974337e-4,0.0022929545727342683,0.0016213094925260749,ABL1/APP/ARF6/CC2D1A/CRKL/DBN1/DLG4/DNM3/FMR1/MAP2/MINK1/NCK2/PAK4/PDLIM5/PPP1R9B/PRKG1/PTEN/RAPGEF2/RTN4IP1/SCARF1/SEMA4D/STK11,22
1,GO:0032434,regulation of proteasomal ubiquitin-dependent protein catabolic process,15/737,131/18986,0.11450381679389313,2.9497550415859632,4.500097677594871,1.7347654879679196e-4,0.002382287579198726,0.0016844753542047067,ARAF/AXIN1/BAG6/CAMLG/COMMD1/CSNK1D/CSNK2A1/DAB2/ELOB/FHIT/HSPA1A/MAPK9/NUB1/RAD23B/SIRT2,15
1,GO:0042147,"retrograde transport, endosome to Golgi",13/737,103/18986,0.1262135922330097,3.2514128387190264,4.6042379821637685,1.750358111648901e-4,0.002390914697188499,0.001690575443781833,ARFIP1/DCTN1/EHD3/EVI5/PIKFYVE/SNX2/SNX5/STX16/STX6/TBC1D23/TBC1D5/VPS53/VTI1A,13
1,GO:2000177,regulation of neural precursor cell proliferation,13/737,103/18986,0.1262135922330097,3.2514128387190264,4.6042379821637685,1.750358111648901e-4,0.002390914697188499,0.001690575443781833,APPL2/EGF/FGF2/FOXO1/FOXO3/LYN/MDK/SIRT2/SPINT2/TGFB1/TP53/VEGFA/VEGFC,13
1,GO:1903076,regulation of protein localization to plasma membrane,14/737,117/18986,0.11965811965811966,3.0825360377599185,4.540780651286278,1.7749298454751246e-4,0.00241804766216452,0.0017097607055393494,ARF6/BCL2L1/CNPY4/CNST/DAB2/LDLRAP1/NUMB/PPP1R9B/PPP2R5A/STX4/STX7/STX8/TGFB1/VAMP8,14
1,GO:1904018,positive regulation of vasculature development,19/737,192/18986,0.09895833333333333,2.5492848258706466,4.336025019340016,1.8025383081403886e-4,0.002447411667398802,0.0017305234982222225,ABL1/AKT3/ANXA3/CD40/CXCL12/FGF2/HSPB1/IL1B/MDK/MTDH/MYDGF/PAK4/PRKD2/RRAS/SERPINE1/SMAD1/TGFB1/TNFSF12/VEGFA,19
1,GO:0043406,positive regulation of MAP kinase activity,11/737,77/18986,0.14285714285714285,3.6801705756929635,4.735796428986215,1.8095461009526295e-4,0.002447411667398802,0.0017305234982222225,ERP29/FGF2/IL1B/MAGED1/MAP3K5/MIF/PDE5A/PDGFA/PDGFB/PTPN1/TRAF2,11
1,GO:0002691,regulation of cellular extravasation,8/737,42/18986,0.19047619047619047,4.906894100923951,5.093777271869235,1.815544870091401e-4,0.002447411667398802,0.0017305234982222225,BCR/CCL28/CXCL12/FADD/GP1BA/JAM3/MDK/SELP,8
1,GO:1902686,mitochondrial outer membrane permeabilization involved in programmed cell death,8/737,42/18986,0.19047619047619047,4.906894100923951,5.093777271869235,1.815544870091401e-4,0.002447411667398802,0.0017305234982222225,ATP5IF1/BAX/BCL2L1/BCL2L11/BID/BNIP3L/HSPA1A/PPIF,8
1,GO:0036465,synaptic vesicle recycling,12/737,90/18986,0.13333333333333333,3.4348258706467663,4.652900133578043,1.825835947209436e-4,0.0024548412106983413,0.0017357768029409078,AP2B1/AP3S2/ARF6/CLTA/DNAJC6/DNM1/DNM3/GIT1/OPHN1/RAB27B/SCRIB/SNX9,12
1,GO:0009141,nucleoside triphosphate metabolic process,24/737,274/18986,0.08759124087591241,2.2564549515197734,4.209995273468481,1.836524492450988e-4,0.0024627649590674345,0.0017413795517262358,AK2/APP/ATP5IF1/DUT/ENO1/ENO2/FIS1/GAPDH/GIT1/GPI/HSPA1A/ITPA/NDUFA5/NDUFB7/NDUFS6/NUDT16/NUDT2/NUDT5/PFKFB2/RRM2B/SDHB/SRC/TGFB1/TIGAR,24
1,GO:0035791,platelet-derived growth factor receptor-beta signaling pathway,5/737,15/18986,0.3333333333333333,8.587064676616915,5.90736509912005,1.8870535809351695e-4,0.002510856785410111,0.0017753844707462053,ABL1/PDGFA/PDGFB/PTPN1/SRC,5
1,GO:1901203,positive regulation of extracellular matrix assembly,5/737,15/18986,0.3333333333333333,8.587064676616915,5.90736509912005,1.8870535809351695e-4,0.002510856785410111,0.0017753844707462053,DAG1/PHLDB1/RGCC/SMAD3/TGFB1,5
1,GO:2001028,positive regulation of endothelial cell chemotaxis,5/737,15/18986,0.3333333333333333,8.587064676616915,5.90736509912005,1.8870535809351695e-4,0.002510856785410111,0.0017753844707462053,FGF2/HSPB1/LGMN/PRKD2/VEGFA,5
1,GO:0038128,ERBB2 signaling pathway,6/737,23/18986,0.2608695652173913,6.72031148604802,5.516321663381109,1.9201082368905975e-4,0.0025419307011498005,0.001797356312298494,BTC/EGF/EREG/HBEGF/MAP2K1/SRC,6
1,GO:0051924,regulation of calcium ion transport,23/737,258/18986,0.08914728682170543,2.29654055304871,4.213759715296852,1.920305903516594e-4,0.0025419307011498005,0.001797356312298494,ABL1/BAX/CACNB3/CCL4/CCL5/CD84/CORO1A/CRACR2A/CXCL11/CXCL12/DMD/EGF/EHD3/F2R/FKBP1B/FMR1/LYN/PDGFB/PKD2/PPP3R1/PTPN6/SESTD1/TGFB1,23
1,GO:0043536,positive regulation of blood vessel endothelial cell migration,11/737,78/18986,0.14102564102564102,3.632988901645618,4.682664491585223,2.0339816247868324e-4,0.0026785973397192744,0.0018939909866436094,ABL1/AKT3/ANGPT1/CD40/FGF2/HSPB1/PDGFB/PRKD2/TGFB1/VEGFA/VEGFC,11
1,GO:0048488,synaptic vesicle endocytosis,11/737,78/18986,0.14102564102564102,3.632988901645618,4.682664491585223,2.0339816247868324e-4,0.0026785973397192744,0.0018939909866436094,AP2B1/AP3S2/ARF6/CLTA/DNAJC6/DNM1/DNM3/OPHN1/RAB27B/SCRIB/SNX9,11
1,GO:0070585,protein localization to mitochondrion,15/737,133/18986,0.11278195488721804,2.9053978229154978,4.4313980316835675,2.0537955046338866e-4,0.0026915698310785263,0.0019031636164168137,AIFM1/AP3B1/ATP5IF1/BAG4/BAX/BID/BNIP3L/FIS1/HTRA2/MAVS/MICALL2/NMT1/TIMM10/TIMM8A/TOMM20,15
1,GO:0051090,regulation of DNA-binding transcription factor activity,29/737,363/18986,0.07988980716253444,2.0580568233214094,4.090317235902161,2.0543134224742648e-4,0.0026915698310785263,0.0019031636164168137,ANXA3/ANXA4/CD40LG/CDK5RAP3/COMMD1/EIF2AK2/ERBIN/HSPA1A/IKBKG/IL1B/IRAK1/LAMTOR5/MAVS/MTDH/NFKBIE/PRDX3/PRKD2/PTEN/RGCC/RWDD1/SMAD3/MTPN/TAX1BP1/TRAF2/TRIM21/TRIM25/TRIM40/TRIM5/WWP2,29
1,GO:0090287,regulation of cellular response to growth factor stimulus,30/737,381/18986,0.07874015748031496,2.0284404747913976,4.075175530736457,2.067084966507731e-4,0.002701411803558195,0.0019101227091071844,ABL1/AXIN1/CD63/DKK1/DMD/FGF2/FGFBP3/HGS/HHEX/HSPA1A/IL1B/ING1/LATS1/PBLD/PPM1A/PRKD2/PTPN1/RBPMS2/SMAD2/SMAD3/SPART/SPRED2/SPRY2/STK11/TP53/TSC22D1/VEGFA/VEGFC/WASF1/XIAP,30
1,GO:0034612,response to tumor necrosis factor,22/737,243/18986,0.09053497942386832,2.3322891714268166,4.200505825355523,2.1104178606693155e-4,0.0027423493161393467,0.0019390689335712305,ASAH1/BAG4/BIRC2/CASP3/CASP8/CCL5/CD40/ERBIN/FOXO3/GBP2/GFER/GSTP1/HSPA1A/MAP3K5/MAPKAPK2/NFATC1/NFKB1/NUB1/TANK/TP53/TRAF2/XIAP,22
1,GO:0050819,negative regulation of coagulation,9/737,54/18986,0.16666666666666666,4.293532338308458,4.870573181523485,2.11442821104202e-4,0.0027423493161393467,0.0019390689335712305,ANXA2/GP1BA/PDGFA/PDGFB/PF4/PRKG1/SERPINE1/SERPINE2/SH2B3,9
1,GO:2000117,negative regulation of cysteine-type endopeptidase activity,9/737,54/18986,0.16666666666666666,4.293532338308458,4.870573181523485,2.11442821104202e-4,0.0027423493161393467,0.0019390689335712305,CDKN2D/CSNK2A1/DNAJB6/LAMTOR5/SRC/TRIAP1/USP47/VEGFA/XIAP,9
1,GO:0071364,cellular response to epidermal growth factor stimulus,8/737,43/18986,0.18604651162790697,4.792780284623395,5.003651363936979,2.1555059449105982e-4,0.002788584013365449,0.0019717607079256434,BAG4/BECN1/DAB2/DUSP3/MARS1/PPP1R9B/STAT5B/SYAP1,8
1,GO:0055074,calcium ion homeostasis,27/737,329/18986,0.08206686930091185,2.114140543483192,4.096722345593377,2.1875958970663155e-4,0.00282298807219412,0.0019960872374712476,ABL1/APP/BAX/CCL13/CCL5/CCL8/CD40/CORO1A/CXCL11/CXCL12/DMD/F2R/FGF2/FKBP1B/GP1BA/GP1BB/GP5/ITPR1/LETM1/LYN/PACS2/PKD2/PLCB2/PTPN6/SV2A/TGFB1/TRIM24,27
1,GO:0031571,mitotic G1 DNA damage checkpoint signaling,7/737,33/18986,0.21212121212121213,5.464495703301673,5.158339320414132,2.2803468136546305e-4,0.002922188758932361,0.002066230369387737,CASP2/CDKN1A/CRADD/DGKZ/GIGYF2/TP53/TRIAP1,7
1,GO:0044819,mitotic G1/S transition checkpoint signaling,7/737,33/18986,0.21212121212121213,5.464495703301673,5.158339320414132,2.2803468136546305e-4,0.002922188758932361,0.002066230369387737,CASP2/CDKN1A/CRADD/DGKZ/GIGYF2/TP53/TRIAP1,7
1,GO:0018107,peptidyl-threonine phosphorylation,11/737,79/18986,0.13924050632911392,3.5870017003589645,4.6303994386194915,2.2815375629514734e-4,0.002922188758932361,0.002066230369387737,APP/AXIN1/CSNK2A1/EGF/EIF4G1/PARD3/PRKD2/SIRT2/SPRED2/SPRY2/STK11,11
1,GO:0046777,protein autophosphorylation,18/737,180/18986,0.1,2.576119402985075,4.26969311588238,2.3197368382961393e-4,0.0029637234829574554,0.0020955988719878714,ABL1/DAPK2/EIF2AK2/EIF2AK3/FES/GRK5/IRAK1/LYN/MINK1/PDGFA/PDGFB/PIKFYVE/PRKD2/SRC/STK11/STK24/STK4/VEGFA,18
1,GO:0002695,negative regulation of leukocyte activation,19/737,196/18986,0.09693877551020408,2.497258604934511,4.234293642051129,2.353686533297602e-4,0.002999636236976795,0.0021209921744486685,ADGRF5/ARG2/BANK1/CASP3/CD69/CD84/DUSP3/LYN/MDK/PAG1/PDE5A/PIBF1/PRKAR1A/PTPN6/SCRIB/SDC4/TGFB1/TNFAIP8L2/VSIR,19
1,GO:0034394,protein localization to cell surface,10/737,67/18986,0.14925373134328357,3.844954332813544,4.687951622551303,2.447555857648445e-4,0.003111546258634261,0.002200121862659493,ANGPT1/AP3B1/ARF6/BDNF/COMMD1/EGF/GOPC/JAM3/MESD/STX4,10
1,GO:0045947,negative regulation of translational initiation,6/737,24/18986,0.25,6.440298507462686,5.359271868501069,2.476639315743493e-4,0.0031407455618910076,0.00222076819735284,BANK1/EIF2AK3/FMR1/GIGYF2/LARP1/SCRIB,6
1,GO:0031348,negative regulation of defense response,25/737,297/18986,0.08417508417508418,2.1684506759133626,4.07863729273902,2.516634952066384e-4,0.0031836052004465386,0.002251073524663994,ARG2/BCR/GFER/GIGYF2/GIT1/GNAS/GSTP1/LYN/MAVS/MDK/NFKB1/NMI/PCBP2/PTPN6/C1QBP/SERPINB9/SMAD3/SRC/STAT2/TARBP2/TGFB1/TNFAIP8L2/TRIM21/YES1/YTHDF3,25
1,GO:0001938,positive regulation of endothelial cell proliferation,13/737,107/18986,0.12149532710280374,3.129864695215511,4.43990747115614,2.5704320661134775e-4,0.003235720365578142,0.002287923278661377,AKT3/BMP6/CCL26/CXCL12/EGF/FGF2/MDK/MYDGF/PDGFB/PLXNB3/PRKD2/TNFSF12/VEGFA,13
1,GO:0032231,regulation of actin filament bundle assembly,13/737,107/18986,0.12149532710280374,3.129864695215511,4.43990747115614,2.5704320661134775e-4,0.003235720365578142,0.002287923278661377,ABL1/ARHGEF10/BAG4/CCN2/F11R/ITGB1BP1/MTSS1/PPM1F/RGCC/RHOC/SDC4/SMAD3/WAS,13
1,GO:0050769,positive regulation of neurogenesis,22/737,247/18986,0.08906882591093117,2.2945193063024956,4.115317167735117,2.657351942663207e-4,0.0033321244001451042,0.002356088945011602,BDNF/DAG1/DBN1/CXCL12/FGF2/FMR1/IL1B/IST1/LYN/MAP2K1/MDK/NUMB/PLXNA4/PLXNB3/PPP1CC/SEMA4D/SERPINE2/STK11/TGFB1/TWF2/VEGFA/VEGFC,22
1,GO:0042129,regulation of T cell proliferation,18/737,182/18986,0.0989010989010989,2.5478103985566674,4.216458613065385,2.6599902727015044e-4,0.0033321244001451042,0.002356088945011602,AIF1/ARG2/BID/CASP3/CCL5/CD40LG/CORO1A/FADD/IL1B/NCK2/PDE5A/PRKAR1A/PTPN6/SCRIB/SDC4/STAT5B/TGFB1/VSIR,18
1,GO:0010466,negative regulation of peptidase activity,19/737,198/18986,0.09595959595959595,2.4720337705412327,4.184365396020682,2.6807946545348506e-4,0.003350014925958879,0.0023687390339724,APP/CDKN2D/CSNK2A1/DNAJB6/GAPDH/LAMTOR5/SERPINB1/SERPINB6/SERPINB9/SERPINE1/SERPINE2/SERPINH1/SPINT2/SRC/TIMP3/TRIAP1/USP47/VEGFA/XIAP,19
1,GO:0031647,regulation of protein stability,30/737,387/18986,0.07751937984496124,1.9969917852597479,3.9821881375610406,2.702317205815158e-4,0.0033644196076586777,0.002378924341372036,AKT2/BAG4/BAG6/CAMLG/CASP3/CCT5/CDC37/CSNK2A1/GAPDH/HSPA1A/PER3/PFDN2/PPIB/PRKRA/PTEN/RNF5/SMAD3/SPAG1/SRC/STK4/STXBP1/SUGT1/TADA3/TBL1X/TP53/TRIM21/TRIM24/USP25/USP47/USP8,30
1,GO:1901342,regulation of vasculature development,29/737,369/18986,0.07859078590785908,2.0245924847308174,3.994192656185588,2.705423087934256e-4,0.0033644196076586777,0.002378924341372036,ABL1/AKT3/ANXA3/CD36/CD40/CXCL12/FGF2/FKBPL/HGS/HHEX/HSPB1/IL1B/MDK/MTDH/MYDGF/PAK4/PF4/PRKD2/PTPN6/RGCC/RRAS/SERPINE1/SMAD1/SPARC/SPRY2/TGFB1/TNFSF12/VASH1/VEGFA,29
1,GO:0051092,positive regulation of NF-kappaB transcription factor activity,14/737,122/18986,0.11475409836065574,2.9562025935894303,4.356085154291409,2.7624964655130333e-4,0.003419429456625331,0.0024178208774711823,CD40LG/EIF2AK2/HSPA1A/IKBKG/IL1B/IRAK1/LAMTOR5/MTDH/PRDX3/PRKD2/MTPN/TRAF2/TRIM25/TRIM5,14
1,GO:2000278,regulation of DNA biosynthetic process,12/737,94/18986,0.1276595744680851,3.2886630676405204,4.4701935630497065,2.764372805469006e-4,0.003419429456625331,0.0024178208774711823,CCT5/CDKN1A/FGF2/GFER/NEK7/NFATC1/PDGFB/PRKD2/RFC4/RGCC/TP53/VEGFA,12
1,GO:0150116,regulation of cell-substrate junction organization,10/737,68/18986,0.14705882352941177,3.788410886742757,4.629063352952605,2.7713261289115214e-4,0.003419429456625331,0.0024178208774711823,ABL1/ARF6/DUSP3/ITGB1BP1/PPM1F/PTEN/SDC4/SMAD3/SRC/VEGFA,10
1,GO:1902410,mitotic cytokinetic process,7/737,34/18986,0.20588235294117646,5.303775241439859,5.047554613023967,2.776289103217997e-4,0.003419429456625331,0.0024178208774711823,ARF6/CHMP1A/CHMP6/IQGAP2/MITD1/RAB11FIP3/VPS4B,7
1,GO:0002279,mast cell activation involved in immune response,9/737,56/18986,0.16071428571428573,4.140191897654585,4.729273214010886,2.8111301473260835e-4,0.00344581490135245,0.002436477580272576,CD84/FES/LAT/LAT2/LYN/PTPN6/SNAP23/STXBP1/VAMP8,9
1,GO:0002448,mast cell mediated immunity,9/737,56/18986,0.16071428571428573,4.140191897654585,4.729273214010886,2.8111301473260835e-4,0.00344581490135245,0.002436477580272576,CD84/FES/LAT/LAT2/LYN/SERPINB9/SNAP23/STXBP1/VAMP8,9
1,GO:0002262,myeloid cell homeostasis,18/737,183/18986,0.09836065573770492,2.5338879373623686,4.190106996585286,2.845850767756921e-4,0.0034718027418526236,0.0024548531438333236,ADGRF5/ATP5IF1/BAX/BCL2L11/CASP3/CDK5RAP3/FOXO3/GPI/HCLS1/HSPA1A/JAM3/LYN/MPIG6B/PRDX1/SH2B3/STAT5B/TRIM58/VEGFA,18
1,GO:0017157,regulation of exocytosis,18/737,183/18986,0.09836065573770492,2.5338879373623686,4.190106996585286,2.845850767756921e-4,0.0034718027418526236,0.0024548531438333236,ANXA2/BCR/CD84/FES/FMR1/GIT1/HGS/LYN/RAB27B/RAB2B/SDC4/STAM/STX4/STXBP1/STXBP3/SYTL4/VAMP8/VPS4B,18
1,GO:0045921,positive regulation of exocytosis,11/737,81/18986,0.13580246913580246,3.4984337571402246,4.528365956902838,2.8536124695200527e-4,0.003473022190392178,0.002455715395321572,ANXA2/HGS/RAB27B/RAB2B/SDC4/STAM/STX4/STXBP1/SYTL4/VAMP8/VPS4B,11
1,GO:0051056,regulation of small GTPase mediated signal transduction,25/737,300/18986,0.08333333333333333,2.146766169154229,4.023433582052383,2.931900542936868e-4,0.0035598678932680272,0.0025171225265975352,ABL1/ARF6/ARHGAP1/ARHGAP25/ARHGAP45/ARHGEF1/ARHGEF10/ARHGEF12/BCR/CRKL/DNMBP/F11R/F2R/FAM13A/FGD3/FNTA/GIT1/MYO9B/OPHN1/SEMA4D/SH3BP1/SPRY2/SRC/STAMBP/VAV3,25
1,GO:0002696,positive regulation of leukocyte activation,29/737,371/18986,0.07816711590296496,2.0136782395301123,3.9625528469289018,2.9600031997897586e-4,0.0035855133099340093,0.0025352559680423704,ABL1/AIF1/AP3B1/BLOC1S3/CCL5/CD226/CD40/CD40LG/CDKN1A/CORO1A/FADD/FOXO3/IL1B/IL7/LYN/MDK/MIF/NCK2/PLA2G4A/PTPN6/SMARCA2/SRC/STAT5B/TGFB1/TNFSF14/VAV3/VSIR/YES1/ZBTB16,29
1,GO:0060338,regulation of type I interferon-mediated signaling pathway,8/737,45/18986,0.17777777777777778,4.579767827529022,4.831468746078599,2.9923787193483905e-4,0.0036077129348763694,0.002550952948295515,CDC37/FADD/GIGYF2/MAVS/PTPN1/PTPN6/STAT2/YTHDF3,8
1,GO:0090148,membrane fission,8/737,45/18986,0.17777777777777778,4.579767827529022,4.831468746078599,2.9923787193483905e-4,0.0036077129348763694,0.002550952948295515,CHMP1A/CHMP6/DNM1/HGS/STAM/VPS28/VPS37A/VPS4B,8
1,GO:0050673,epithelial cell proliferation,35/737,482/18986,0.07261410788381743,1.8706261224995357,3.8908269199311927,3.02797889471421e-4,0.003642084216218309,0.0025752563014332613,AKT3/ATP5IF1/BAX/BCL2L1/BID/BMP6/CCL5/CCL26/CDKN1A/DAB2/CXCL12/EGF/EPPK1/EREG/FGF2/ITGB1BP1/MAGED1/MAP2K1/MDK/MTSS1/MYDGF/PDGFB/PLXNB3/PRKD2/RGCC/SERPINB1/SMAD3/SPARC/STK11/STK4/TGFB1/TNFSF12/TRIM24/VASH1/VEGFA,35
1,GO:0051492,regulation of stress fiber assembly,12/737,95/18986,0.12631578947368421,3.254045561665358,4.426052163519408,3.0544332529335234e-4,0.0036602936924862977,0.0025881319148790224,ABL1/ARHGEF10/BAG4/CCN2/F11R/ITGB1BP1/PPM1F/RGCC/RHOC/SDC4/SMAD3/WAS,12
1,GO:0051251,positive regulation of lymphocyte activation,27/737,336/18986,0.08035714285714286,2.0700959488272925,3.977154383805169,3.0628571828830053e-4,0.0036602936924862977,0.0025881319148790224,ABL1/AIF1/AP3B1/BLOC1S3/CCL5/CD40/CD40LG/CDKN1A/CORO1A/FADD/FOXO3/IL1B/IL7/LYN/MDK/MIF/NCK2/PTPN6/SMARCA2/SRC/STAT5B/TGFB1/TNFSF14/VAV3/VSIR/YES1/ZBTB16,27
1,GO:1903038,negative regulation of leukocyte cell-cell adhesion,16/737,153/18986,0.10457516339869281,2.6939810750170716,4.227796018375594,3.064498223849509e-4,0.0036602936924862977,0.0025881319148790224,ARG2/CASP3/CCL28/CD69/CXCL12/DUSP3/MDK/PAG1/PDE5A/PRKAR1A/PTPN6/SCRIB/SDC4/TGFB1/TNFAIP8L2/VSIR,16
1,GO:0045576,mast cell activation,10/737,69/18986,0.14492753623188406,3.7335063811377895,4.571282011149655,3.1301449565630145e-4,0.003730028885593421,0.002637440493379509,CD226/CD84/FES/LAT/LAT2/LYN/PTPN6/SNAP23/STXBP1/VAMP8,10
1,GO:0030220,platelet formation,6/737,25/18986,0.24,6.182686567164178,5.210913201386541,3.152525254839433e-4,0.003748002247420215,0.002650149154287535,CASP3/CASP9/CLEC1B/MPIG6B/MYH9/PTPN6,6
1,GO:0140238,presynaptic endocytosis,11/737,82/18986,0.13414634146341464,3.455769930833637,4.478548259345213,3.182201182892382e-4,0.0037745462529642664,0.0026689179727674046,AP2B1/AP3S2/ARF6/CLTA/DNAJC6/DNM1/DNM3/OPHN1/RAB27B/SCRIB/SNX9,11
1,GO:0051250,negative regulation of lymphocyte activation,17/737,169/18986,0.10059171597633136,2.5913627130619092,4.175964969582438,3.195593761964377e-4,0.003781698055633419,0.0026739748917722775,ARG2/BANK1/CASP3/CD69/DUSP3/LYN/MDK/PAG1/PDE5A/PIBF1/PRKAR1A/PTPN6/SCRIB/SDC4/TGFB1/TNFAIP8L2/VSIR,17
1,GO:0002886,regulation of myeloid leukocyte mediated immunity,9/737,57/18986,0.15789473684210525,4.067556952081697,4.661071187405384,3.22493382594561e-4,0.0037989128738662044,0.002686147199302838,BCR/CD84/CXCL6/FES/LYN/MAVS/STX4/STXBP1/VAMP8,9
1,GO:0099024,plasma membrane invagination,9/737,57/18986,0.15789473684210525,4.067556952081697,4.661071187405384,3.22493382594561e-4,0.0037989128738662044,0.002686147199302838,AIF1/APPL2/ARHGAP25/BECN1/BIN2/CD36/MYH9/SH3BP1/SNX9,9
1,GO:0034063,stress granule assembly,7/737,35/18986,0.2,5.15223880597015,4.941056140599697,3.3553083805170443e-4,0.003943447103509277,0.0027883449145571005,ATXN2L/BECN1/CIRBP/CSDE1/FMR1/TIA1/YTHDF3,7
1,GO:0090398,cellular senescence,13/737,110/18986,0.11818181818181818,3.0445047489823613,4.321644024271025,3.383203777536011e-4,0.0039671540185901724,0.002805107674236779,ABL1/AKT3/ARG2/CDKN1A/MAP2K1/MAP2K6/MAP3K5/MAPK9/MIF/PTEN/TOP2B/TP53/VASH1,13
1,GO:0002443,leukocyte mediated immunity,35/737,485/18986,0.07216494845360824,1.8590552392675794,3.8513578020763446,3.3976211778988913e-4,0.00397498459446212,0.002810644542321346,ANXA3/BCR/BTN3A2/CD226/CD40/CD40LG/CD84/CORO1A/CXCL6/EBAG9/FADD/FES/GFER/IL1B/IRAK4/LAT/LAT2/LYN/MAVS/PRDX1/PTPN6/C1QBP/SERPINB9/SLA2/SNAP23/STAT5B/STX4/STX7/STXBP1/STXBP3/TGFB1/TRAF2/UNG/VAMP8/WAS,35
1,GO:0045861,negative regulation of proteolysis,25/737,303/18986,0.08250825082508251,2.1255110585685437,3.968873737978601,3.4065118756633717e-4,0.003976328407592517,0.0028115947299135486,APP/BAG6/CAMLG/CDKN2D/CSNK2A1/DNAJB6/FHIT/GAPDH/LAMTOR5/OPHN1/SERPINB1/SERPINB6/SERPINB9/SERPINE1/SERPINE2/SERPINH1/SPINT2/SRC/TIMP3/TP53/TRIAP1/USP25/USP47/VEGFA/XIAP,25
1,GO:0010594,regulation of endothelial cell migration,21/737,235/18986,0.08936170212765958,2.3020641473483647,4.036208605035829,3.474959220729507e-4,0.0040470273373393985,0.002861584750332211,ABL1/AKT3/ANGPT1/ANXA3/CD40/EGF/FGF2/GPI/HSPB1/ITGB1BP1/LGMN/PDGFB/PRKD2/RGCC/RRAS/SH3BP1/SPARC/TGFB1/VASH1/VEGFA/VEGFC,21
1,GO:0051279,regulation of release of sequestered calcium ion into cytosol,11/737,83/18986,0.13253012048192772,3.4141341485344365,4.429498790064434,3.5420552274493546e-4,0.0041158361194977115,0.002910238279280846,ABL1/BAX/CORO1A/CXCL11/DMD/F2R/FKBP1B/LYN/PKD2/PTPN6/TGFB1,11
1,GO:0072655,establishment of protein localization to mitochondrion,14/737,125/18986,0.112,2.885253731343284,4.249736148857686,3.556793257620961e-4,0.00412363209280841,0.002915750680478155,AIFM1/AP3B1/ATP5IF1/BAG4/BAX/BID/BNIP3L/FIS1/HTRA2/MICALL2/NMT1/TIMM10/TIMM8A/TOMM20,14
1,GO:0008360,regulation of cell shape,15/737,140/18986,0.10714285714285714,2.7601279317697225,4.200666162236625,3.6026335512173116e-4,0.004158005824506092,0.002940055766221106,CCL13/COCH/CORO1A/DAG1/DNMBP/F11R/FES/FGD3/MYH9/PLEKHO1/PLXNA4/PLXNB3/SEMA4D/VEGFA/WASF3,15
1,GO:0043547,positive regulation of GTPase activity,15/737,140/18986,0.10714285714285714,2.7601279317697225,4.200666162236625,3.6026335512173116e-4,0.004158005824506092,0.002940055766221106,ARHGEF10/BCR/CCL26/EVI5/F2R/ITGA6/MMUT/MTSS2/RAPGEF2/RGS10/SCRIB/SEMA4D/SH3BP1/SLC27A4/SNX9,15
1,GO:0010801,negative regulation of peptidyl-threonine phosphorylation,5/737,17/18986,0.29411764705882354,7.576821773485514,5.451773753587866,3.644934750622969e-4,0.00417096302451215,0.0029492175837364564,EIF4G1/PARD3/SIRT2/SPRED2/SPRY2,5
1,GO:0043117,positive regulation of vascular permeability,5/737,17/18986,0.29411764705882354,7.576821773485514,5.451773753587866,3.644934750622969e-4,0.00417096302451215,0.0029492175837364564,ANGPT1/BMP6/FGFBP3/TGFB1/VEGFA,5
1,GO:0045651,positive regulation of macrophage differentiation,5/737,17/18986,0.29411764705882354,7.576821773485514,5.451773753587866,3.644934750622969e-4,0.00417096302451215,0.0029492175837364564,CASP8/FADD/HCLS1/PF4/TGFB1,5
1,GO:0051047,positive regulation of secretion,26/737,322/18986,0.08074534161490683,2.080096412348197,3.9283267611558896,3.6508541533302255e-4,0.00417096302451215,0.0029492175837364564,ANXA2/ARF6/BMP6/DAB2/CXCL12/HGS/IL1B/ITPR1/MAP2K6/MIF/PFKFB2/PLA2G4A/PRKAR1A/RAB27B/RAB2B/RGCC/SDC4/SNAP25/STAM/STX4/STXBP1/SYTL4/TGFB1/VAMP8/VEGFC/VPS4B,26
1,GO:0043542,endothelial cell migration,24/737,287/18986,0.08362369337979095,2.15424619064954,3.959585421288747,3.654465266803869e-4,0.00417096302451215,0.0029492175837364564,ABL1/AKT3/ANGPT1/ANXA3/CD40/EGF/FGF2/GPI/HSPB1/ITGB1BP1/LGALS8/LGMN/MYH9/PDGFB/PRKD2/RGCC/RRAS/SH3BP1/SPARC/TGFB1/TNFSF12/VASH1/VEGFA/VEGFC,24
1,GO:0061351,neural precursor cell proliferation,17/737,171/18986,0.09941520467836257,2.5610543772366237,4.120818478537022,3.6694928375814056e-4,0.004178828207055011,0.0029547789216141556,APPL2/DBN1/EGF/FGF2/FOXO1/FOXO3/IFT20/LYN/MDK/NUMB/RAB10/SIRT2/SPINT2/TGFB1/TP53/VEGFA/VEGFC,17
1,GO:0007051,spindle organization,19/737,204/18986,0.09313725490196079,2.3993268949370794,4.038153802098143,3.911819907535586e-4,0.004387982955826119,0.00310266871569112,ABRAXAS2/ARHGEF10/CHMP1A/CHMP6/CSNK1D/DCTN1/DCTN2/DCTN6/HSPA1A/MYH9/MZT1/NEK7/NUDC/PIBF1/PSRC1/PTEN/SUGT1/TACC3/VPS4B,19
1,GO:0051701,biological process involved in interaction with host,19/737,204/18986,0.09313725490196079,2.3993268949370794,4.038153802098143,3.911819907535586e-4,0.004387982955826119,0.00310266871569112,BECN1/CHMP1A/CHMP6/DAG1/DYNLT1/F11R/HSPA1A/ITGB5/JPT2/P4HB/PIKFYVE/SRC/TRIM21/TRIM25/TRIM5/TRIM58/VAMP8/VPS4B/WWP2,19
1,GO:0032025,response to cobalt ion,4/737,10/18986,0.4,10.3044776119403,5.914379235837973,3.92150345935395e-4,0.004387982955826119,0.00310266871569112,CASP3/CASP8/CASP9/TIGAR,4
1,GO:0035694,mitochondrial protein catabolic process,4/737,10/18986,0.4,10.3044776119403,5.914379235837973,3.92150345935395e-4,0.004387982955826119,0.00310266871569112,BNIP3L/CLPP/HTRA2/LONP1,4
1,GO:0070432,regulation of nucleotide-binding oligomerization domain containing 2 signaling pathway,4/737,10/18986,0.4,10.3044776119403,5.914379235837973,3.92150345935395e-4,0.004387982955826119,0.00310266871569112,ERBIN/HSPA1A/NAGK/ZNRF4,4
1,GO:1904896,ESCRT complex disassembly,4/737,10/18986,0.4,10.3044776119403,5.914379235837973,3.92150345935395e-4,0.004387982955826119,0.00310266871569112,CHMP1A/IST1/VPS4B/VTA1,4
1,GO:1904903,ESCRT III complex disassembly,4/737,10/18986,0.4,10.3044776119403,5.914379235837973,3.92150345935395e-4,0.004387982955826119,0.00310266871569112,CHMP1A/IST1/VPS4B/VTA1,4
1,GO:2000048,negative regulation of cell-cell adhesion mediated by cadherin,4/737,10/18986,0.4,10.3044776119403,5.914379235837973,3.92150345935395e-4,0.004387982955826119,0.00310266871569112,BMP6/PPM1F/RGCC/VEGFA,4
1,GO:0071560,cellular response to transforming growth factor beta stimulus,25/737,306/18986,0.08169934640522876,2.104672714857087,3.914942731891285,3.9475415967630975e-4,0.004407516008907667,0.0031164802079708667,ABL1/APPL2/AXIN1/CRKL/DAB2/FNTA/FUT8/HSPA1A/ING1/ITGB5/LATS1/NFATC1/PBLD/PPM1A/SMAD1/SMAD2/SMAD3/SPRED2/SPRY2/SRC/STK11/TGFB1/TP53/TSC22D1/YES1,25
1,GO:0048011,neurotrophin TRK receptor signaling pathway,6/737,26/18986,0.23076923076923078,5.944890929965557,5.070417646475557,3.9648110434132634e-4,0.004407634095015264,0.003116563704665245,AKT1S1/CASP3/SORT1/SPRY2/SRC/WASF1,6
1,GO:0051894,positive regulation of focal adhesion assembly,6/737,26/18986,0.23076923076923078,5.944890929965557,5.070417646475557,3.9648110434132634e-4,0.004407634095015264,0.003116563704665245,ABL1/ITGB1BP1/PPM1F/SDC4/SMAD3/VEGFA,6
1,GO:0001782,B cell homeostasis,7/737,36/18986,0.19444444444444445,5.009121061359867,4.838550998868659,4.0272060673069576e-4,0.004457700508984598,0.0031519648212815343,ABL1/BAX/BCL2L11/CAMLG/CASP3/LYN/MIF,7
1,GO:1905332,positive regulation of morphogenesis of an epithelium,7/737,36/18986,0.19444444444444445,5.009121061359867,4.838550998868659,4.0272060673069576e-4,0.004457700508984598,0.0031519648212815343,ABL1/EGF/FGF2/MAGED1/MDK/TGFB1/VEGFA,7
1,GO:0006520,amino acid metabolic process,24/737,289/18986,0.08304498269896193,2.1393379125135565,3.9222476873174643,4.0429473174169017e-4,0.004459495731460045,0.003153234192805615,ACADSB/ALDH5A1/ARG2/ASRGL1/BCAT1/BLMH/CRYM/DARS1/ECHS1/FARSA/HARS1/HMGCL/KYAT1/MARS1/MMUT/MSRA/NARS1/NIT2/P4HB/SHMT1/SMS/TARS1/ENOPH1/YARS1,24
1,GO:0071356,cellular response to tumor necrosis factor,20/737,221/18986,0.09049773755656108,2.331329776457081,4.000617285404843,4.0461935569711466e-4,0.004459495731460045,0.003153234192805615,ASAH1/BAG4/BIRC2/CASP8/CCL5/CD40/ERBIN/FOXO3/GBP2/GFER/GSTP1/HSPA1A/MAP3K5/MAPKAPK2/NFATC1/NFKB1/TANK/TP53/TRAF2/XIAP,20
1,GO:0071346,cellular response to type II interferon,12/737,98/18986,0.12244897959183673,3.1544319220225403,4.297069077526009,4.0840865519867073e-4,0.004491620670450477,0.003175949195166041,AIF1/CCL5/CDC37/GAPDH/GBP2/GBP4/STX4/STX8/STXBP1/STXBP3/TP53/WAS,12
1,GO:0098876,vesicle-mediated transport to the plasma membrane,16/737,157/18986,0.10191082802547771,2.6253446145070827,4.1096152485021005,4.1002974769230956e-4,0.004493908789236731,0.003177567085355534,ARF6/ARHGAP1/CNST/COMMD1/EHD3/GOPC/HGS/MICALL2/RAB10/RAB11FIP3/RABEP1/SCRIB/STX16/STX6/VPS53/VTI1A,16
1,GO:0006091,generation of precursor metabolites and energy,35/737,490/18986,0.07142857142857142,1.8400852878464817,3.78618664991065,4.10366670979756e-4,0.004493908789236731,0.003177567085355534,ACOX1/ADGRF5/AKT2/APP/ATP5IF1/BID/COMT/COX5B/COX6B1/ENO1/ENO2/ENOX2/FDX2/FXN/GAPDH/GIT1/GPI/GYS1/HMGCL/NDUFA5/NDUFB7/NDUFS6/OXCT1/PFKFB2/PGD/PPIF/PPP1CC/PPP1R2/SDHB/SOD2/SRC/THTPA/TIGAR/TP53/TYRP1,35
1,GO:0002832,negative regulation of response to biotic stimulus,14/737,127/18986,0.11023622047244094,2.839816664707956,4.180580472093982,4.1885357951201705e-4,0.0045293189655712,0.0032026050236146587,ARG2/GFER/GIGYF2/MAVS/NMI/PCBP2/PTPN6/C1QBP/SERPINB9/STAT2/TARBP2/TGFB1/TRIM21/YTHDF3,14
1,GO:0141060,disruption of anatomical structure in another organism,14/737,127/18986,0.11023622047244094,2.839816664707956,4.180580472093982,4.1885357951201705e-4,0.0045293189655712,0.0032026050236146587,CCL13/CCL17/CCL28/CCL8/CSNK2A1/CXCL1/CXCL11/CXCL3/CXCL6/CXCL12/GAPDH/GBP2/PF4/PPBP,14
1,GO:0016482,cytosolic transport,15/737,142/18986,0.1056338028169014,2.7212528904771913,4.137345754680637,4.1972841756280065e-4,0.0045293189655712,0.0032026050236146587,ARFIP1/DCTN1/EHD3/EVI5/MAP2/PIKFYVE/SNX2/SNX5/SORT1/STX16/STX6/TBC1D23/TBC1D5/VPS53/VTI1A,15
1,GO:0035148,tube formation,15/737,142/18986,0.1056338028169014,2.7212528904771913,4.137345754680637,4.1972841756280065e-4,0.0045293189655712,0.0032026050236146587,ABL1/BCL2L11/CASP3/EDAR/EGF/FGF2/ITGB1BP1/SCRIB/SDC4/SDCCAG8/SPINT2/STK4/TGFB1/VASP/VEGFA,15
1,GO:0030308,negative regulation of cell growth,17/737,173/18986,0.09826589595375723,2.5314468121818656,4.066450134474976,4.2029717283164773e-4,0.0045293189655712,0.0032026050236146587,CDKN1A/CDKN2D/DAB2/ENO1/HSPA1A/ING1/MAP2/PPP1R9B/PSRC1/SERPINE2/SMAD3/SMARCA2/SPART/STK11/TGFB1/TP53/TRIM40,17
1,GO:0050792,regulation of viral process,17/737,173/18986,0.09826589595375723,2.5314468121818656,4.066450134474976,4.2029717283164773e-4,0.0045293189655712,0.0032026050236146587,CCL5/DYNLT1/EIF2AK2/FMR1/HEXIM1/LARP1/MAVS/MPHOSPH8/P4HB/SRPK2/TARBP2/TNIP1/TOP2B/TRIM21/TRIM25/TRIM5/TRIM58,17
1,GO:0048008,platelet-derived growth factor receptor signaling pathway,9/737,59/18986,0.15254237288135594,3.929673665570453,4.529224742165747,4.204040571674167e-4,0.0045293189655712,0.0032026050236146587,ABL1/HGS/IFT20/PDGFA/PDGFB/PTPN1/PDGFC/SRC/VEGFA,9
1,GO:0048638,regulation of developmental growth,26/737,325/18986,0.08,2.06089552238806,3.876737092245546,4.206552076669515e-4,0.0045293189655712,0.0032026050236146587,ABL1/APP/BCL2L11/BDNF/CDKN1A/CXCL12/EPPK1/FGF2/FXN/GNAS/HTRA2/IL7/IST1/LATS1/LGMN/MAP2/MYCBP2/PLXNA4/PPIB/PTEN/SEMA4D/SPART/STAT5B/STK4/TWF2/VEGFA,26
1,GO:0016311,dephosphorylation,20/737,222/18986,0.09009009009009009,2.3208282909775444,3.9781361879079586,4.289072887028206e-4,0.0046085101145976705,0.0032585997490084373,BAG4/CDK5RAP3/DAPP1/DNAJC6/DUSP3/ILKAP/INPPL1/NT5C/PDP1/PPM1A/PPM1F/PPP1CC/PPP1R12A/PPP2R5A/PTEN/PTPN1/PTPN6/SRC/STK11/THTPA,20
1,GO:0032418,lysosome localization,11/737,85/18986,0.12941176470588237,3.3338015803336267,4.333616842596823,4.3649389425727927e-4,0.0046704846685528875,0.003302420910499152,CD84/FES/LAT/LAT2/LYN/MYH9/SNAP23/SNAPIN/STXBP1/SYTL4/VAMP8,11
1,GO:0060337,type I interferon-mediated signaling pathway,11/737,85/18986,0.12941176470588237,3.3338015803336267,4.333616842596823,4.3649389425727927e-4,0.0046704846685528875,0.003302420910499152,AZI2/CDC37/FADD/GIGYF2/IRAK1/MAVS/PTPN1/PTPN6/STAT2/TANK/YTHDF3,11
1,GO:0042542,response to hydrogen peroxide,12/737,99/18986,0.12121212121212122,3.122568973315242,4.255175020532701,4.4865970268514284e-4,0.004768763723000666,0.003371912371772483,ABL1/AIFM1/BECN1/CASP3/FKBP1B/FXN/MAP3K5/PPIF/PRDX3/SOD2/SRC/TOP2B,12
1,GO:0051262,protein tetramerization,12/737,99/18986,0.12121212121212122,3.122568973315242,4.255175020532701,4.4865970268514284e-4,0.004768763723000666,0.003371912371772483,ACOT13/APP/APPL2/DNM1/FARSA/ITPR1/PKD2/SHMT1/SOD2/STK4/TP53/VASP,12
1,GO:0070664,negative regulation of leukocyte proliferation,12/737,99/18986,0.12121212121212122,3.122568973315242,4.255175020532701,4.4865970268514284e-4,0.004768763723000666,0.003371912371772483,ARG2/CASP3/CCL8/GSTP1/LYN/PDE5A/PRKAR1A/PTPN6/SCRIB/SDC4/TGFB1/VSIR,12
1,GO:0048660,regulation of smooth muscle cell proliferation,17/737,174/18986,0.09770114942528736,2.5168982672842684,4.039551073381685,4.493928430553587e-4,0.004768763723000666,0.003371912371772483,AIF1/CCL5/CDKN1A/EREG/FGF2/HBEGF/IRAK1/IRAK4/LDLRAP1/MAP3K5/PDGFB/PRKG1/PTEN/RBPMS2/SOD2/SRC/TGFB1,17
1,GO:0045807,positive regulation of endocytosis,16/737,159/18986,0.10062893081761007,2.5923214118088804,4.0518955820309746,4.722509836307869e-4,0.004976540618031281,0.003518827908716167,ANGPT1/ANXA2/APP/APPL2/BCR/CD36/CD63/DAB2/EGF/FMR1/HNRNPK/LDLRAP1/SERPINE1/TBC1D5/VEGFA/VPS28,16
1,GO:0006911,"phagocytosis, engulfment",8/737,48/18986,0.16666666666666666,4.293532338308458,4.591292946026226,4.728488749219753e-4,0.004976540618031281,0.003518827908716167,AIF1/APPL2/ARHGAP25/BECN1/BIN2/CD36/MYH9/SH3BP1,8
1,GO:0070849,response to epidermal growth factor,8/737,48/18986,0.16666666666666666,4.293532338308458,4.591292946026226,4.728488749219753e-4,0.004976540618031281,0.003518827908716167,BAG4/BECN1/DAB2/DUSP3/MARS1/PPP1R9B/STAT5B/SYAP1,8
1,GO:1902108,regulation of mitochondrial membrane permeability involved in apoptotic process,8/737,48/18986,0.16666666666666666,4.293532338308458,4.591292946026226,4.728488749219753e-4,0.004976540618031281,0.003518827908716167,ATP5IF1/BAX/BCL2L1/BCL2L11/BID/BNIP3L/HSPA1A/TP53,8
1,GO:0097479,synaptic vesicle localization,9/737,60/18986,0.15,3.864179104477612,4.465456760732913,4.7783063407312235e-4,0.004992965036192942,0.003530441337691763,AP3B1/AP3S2/BLOC1S3/BRSK2/DNM1/DNM3/MAP2/PTEN/SNAPIN,9
1,GO:0016241,regulation of macroautophagy,18/737,191/18986,0.09424083769633508,2.4277565054309602,3.985374845490425,4.785511649013196e-4,0.004992965036192942,0.003530441337691763,ATP5IF1/ATP6V1G1/BECN1/BNIP3L/CALCOCO2/CASP3/CDC37/CDK5RAP3/CSNK2A1/GAPDH/HTRA2/IKBKG/LARP1/RNF41/SNX5/SPTLC1/TIGAR/TP53,18
1,GO:0010821,regulation of mitochondrion organization,13/737,114/18986,0.11403508771929824,2.937680020947892,4.170086197888106,4.7993870787171877e-4,0.004992965036192942,0.003530441337691763,ATP5IF1/BAX/BCL2L1/BCL2L11/BID/DDHD2/FXN/HSPA1A/PLSCR3/PPIF/STAT2/TP53/TRIAP1,13
1,GO:0043473,pigmentation,13/737,114/18986,0.11403508771929824,2.937680020947892,4.170086197888106,4.7993870787171877e-4,0.004992965036192942,0.003530441337691763,AP3B1/AP3S2/BAX/BCL2L11/BLOC1S3/CD63/DCTN1/DCTN2/EDAR/PIKFYVE/SNAPIN/SOD2/TYRP1,13
1,GO:0034110,regulation of homotypic cell-cell adhesion,7/737,37/18986,0.1891891891891892,4.873739411052845,4.739773901781949,4.8024235355905635e-4,0.004992965036192942,0.003530441337691763,CCL5/F11R/GP6/LYN/PRKG1/SERPINE2/SH2B3,7
1,GO:0043162,ubiquitin-dependent protein catabolic process via the multivesicular body sorting pathway,7/737,37/18986,0.1891891891891892,4.873739411052845,4.739773901781949,4.8024235355905635e-4,0.004992965036192942,0.003530441337691763,CHMP1A/CHMP6/HGS/STAM/VPS28/VPS37A/VPS4B,7
1,GO:0071357,cellular response to type I interferon,11/737,86/18986,0.12790697674418605,3.295036445678584,4.2867427224578405,4.832952587053147e-4,0.005004444453045356,0.0035385582396717657,AZI2/CDC37/FADD/GIGYF2/IRAK1/MAVS/PTPN1/PTPN6/STAT2/TANK/YTHDF3,11
1,GO:1990849,vacuolar localization,11/737,86/18986,0.12790697674418605,3.295036445678584,4.2867427224578405,4.832952587053147e-4,0.005004444453045356,0.0035385582396717657,CD84/FES/LAT/LAT2/LYN/MYH9/SNAP23/SNAPIN/STXBP1/SYTL4/VAMP8,11
1,GO:0001667,ameboidal-type cell migration,21/737,241/18986,0.08713692946058091,2.2447513469994425,3.9081202025381376,4.862513706703939e-4,0.00500579741627527,0.003539514897144958,AMOTL2/APPL2/ARF6/ARSB/BAG4/CORO1A/EPPK1/FGF2/FUT8/HBEGF/ITGB1BP1/PKN3/PPM1F/PTEN/C1QBP/SDC4/SEMA4D/SRC/TGFB1/VEGFA/YTHDF3,21
1,GO:0010544,negative regulation of platelet activation,5/737,18/18986,0.2777777777777778,7.155887230514096,5.250922960685924,4.886470302392264e-4,0.00500579741627527,0.003539514897144958,PDGFA/PDGFB/PRKG1/SERPINE2/SH2B3,5
1,GO:0072673,lamellipodium morphogenesis,5/737,18/18986,0.2777777777777778,7.155887230514096,5.250922960685924,4.886470302392264e-4,0.00500579741627527,0.003539514897144958,MYO9B/PLEKHO1/SNX2/SRC/WASF1,5
1,GO:1902170,cellular response to reactive nitrogen species,5/737,18/18986,0.2777777777777778,7.155887230514096,5.250922960685924,4.886470302392264e-4,0.00500579741627527,0.003539514897144958,AIFM1/FOXO1/MAP3K5/PTPN1/TRAF2,5
1,GO:1903729,regulation of plasma membrane organization,5/737,18/18986,0.2777777777777778,7.155887230514096,5.250922960685924,4.886470302392264e-4,0.00500579741627527,0.003539514897144958,ANXA2/CASP7/MYH9/SYTL4/XRCC4,5
1,GO:0031365,N-terminal protein amino acid modification,6/737,27/18986,0.2222222222222222,5.724709784411277,4.937064657983883,4.931724090021975e-4,0.00500579741627527,0.003539514897144958,METAP1D/METAP2/NAA10/NAA80/NMT1/PPM1A,6
1,GO:0036344,platelet morphogenesis,6/737,27/18986,0.2222222222222222,5.724709784411277,4.937064657983883,4.931724090021975e-4,0.00500579741627527,0.003539514897144958,CASP3/CASP9/CLEC1B/MPIG6B/MYH9/PTPN6,6
1,GO:0044346,fibroblast apoptotic process,6/737,27/18986,0.2222222222222222,5.724709784411277,4.937064657983883,4.931724090021975e-4,0.00500579741627527,0.003539514897144958,BCL2L11/BID/CASP3/CASP7/CASP9/TP53,6
1,GO:0048245,eosinophil chemotaxis,6/737,27/18986,0.2222222222222222,5.724709784411277,4.937064657983883,4.931724090021975e-4,0.00500579741627527,0.003539514897144958,CCL13/CCL4/CCL5/CCL26/CCL8/DAPK2,6
1,GO:2000353,positive regulation of endothelial cell apoptotic process,6/737,27/18986,0.2222222222222222,5.724709784411277,4.937064657983883,4.931724090021975e-4,0.00500579741627527,0.003539514897144958,CD40/CD40LG/FOXO3/PTPN1/RGCC/TGFB1,6
1,GO:0097696,cell surface receptor signaling pathway via STAT,16/737,160/18986,0.1,2.576119402985075,4.023366437200334,5.062891635957248e-4,0.005128799101040716,0.0036264873132051297,ARL2BP/CCL5/CD40/CTF1/EGF/F2R/HGS/NMI/PIBF1/PKD2/SH2B3/STAMBP/STAT2/STAT5B/TGFB1/THPO,16
1,GO:0009144,purine nucleoside triphosphate metabolic process,22/737,259/18986,0.08494208494208494,2.1882095314931136,3.869263599629773,5.114172018699137e-4,0.005170548718117868,0.0036560077630567807,AK2/APP/ATP5IF1/ENO1/ENO2/FIS1/GAPDH/GIT1/GPI/HSPA1A/ITPA/NDUFA5/NDUFB7/NDUFS6/NUDT16/NUDT2/NUDT5/PFKFB2/SDHB/SRC/TGFB1/TIGAR,22
1,GO:0009266,response to temperature stimulus,17/737,176/18986,0.09659090909090909,2.4882971506105833,3.986310242369379,5.128270323948903e-4,0.005174616185422704,0.003658883800563275,APPL2/CDKN1A/CIRBP/COMT/CXCL12/DNAJA2/DNAJB6/EEF1D/EIF2AK3/FOXO1/HSBP1/HSPA1A/HSPB1/HTRA2/IRAK1/LYN/MAPKAPK2,17
1,GO:0006163,purine nucleotide metabolic process,32/737,440/18986,0.07272727272727272,1.873541383989145,3.7256684499547847,5.265816922570006e-4,0.005302987394964617,0.003749652917000314,ABHD14B/AK2/APP/APRT/ATP5IF1/ENO1/ENO2/FHIT/FIS1/GAPDH/GIT1/GMPR2/GPI/HSPA1A/ITPA/NDUFA5/NDUFB7/NDUFS6/NT5C/NUDT16/NUDT2/NUDT5/PDE5A/PFKFB2/PGD/PRDX5/SDHB/SRC/SULT1A1/TGFB1/TIGAR/TP53,32
1,GO:0009150,purine ribonucleotide metabolic process,27/737,348/18986,0.07758620689655173,1.9987133299022133,3.778768825657111,5.297978047639003e-4,0.00532493449171701,0.003765171338830891,ABHD14B/AK2/APP/APRT/ATP5IF1/ENO1/ENO2/FIS1/GAPDH/GIT1/GMPR2/GPI/HSPA1A/ITPA/NDUFA5/NDUFB7/NDUFS6/NT5C/NUDT2/NUDT5/PDE5A/PFKFB2/SDHB/SRC/SULT1A1/TGFB1/TIGAR,27
1,GO:0050870,positive regulation of T cell activation,22/737,260/18986,0.08461538461538462,2.179793340987371,3.8493696170978673,5.388178907715061e-4,0.00540501696680167,0.0038217963058423026,ABL1/AIF1/AP3B1/CCL5/CD40LG/CORO1A/FADD/FOXO3/IL1B/IL7/LYN/MDK/NCK2/PTPN6/SMARCA2/SRC/STAT5B/TGFB1/TNFSF14/VSIR/YES1/ZBTB16,22
1,GO:0070228,regulation of lymphocyte apoptotic process,9/737,61/18986,0.14754098360655737,3.8008319060435523,4.403049091291563,5.415432829239098e-4,0.0054217666688054595,0.003833639737534603,ARG2/BAX/BCL2L11/CCL5/FADD/LYN/MIF/PRKD2/TP53,9
1,GO:0043029,T cell homeostasis,8/737,49/18986,0.16326530612244897,4.205909229363386,4.515576261556844,5.461632540317302e-4,0.0054573822426205575,0.003858822908886892,BAX/BCL2L11/CASP3/CORO1A/FADD/STAT5B/TGFB1/TNFSF14,8
1,GO:0071559,response to transforming growth factor beta,25/737,313/18986,0.07987220447284345,2.0576033570168324,3.791468480363967,5.51293527358899e-4,0.005497948653427777,0.003887506733547678,ABL1/APPL2/AXIN1/CRKL/DAB2/FNTA/FUT8/HSPA1A/ING1/ITGB5/LATS1/NFATC1/PBLD/PPM1A/SMAD1/SMAD2/SMAD3/SPRED2/SPRY2/SRC/STK11/TGFB1/TP53/TSC22D1/YES1,25
1,GO:0030111,regulation of Wnt signaling pathway,27/737,349/18986,0.07736389684813753,1.9929863576102296,3.7625952407210206,5.536743596539392e-4,0.005508734387259269,0.0038951331439671423,ABL1/APP/AXIN1/CSNK1D/CSNK2A1/DAB2/DKK1/EGF/FGF2/FOXO1/FOXO3/GPC5/HHEX/IFT20/LATS1/MDK/NFKB1/PPM1A/SMAD3/SRC/STK11/STK4/TBL1X/TGFB1/USP47/USP8/XIAP,27
1,GO:0036293,response to decreased oxygen levels,26/737,331/18986,0.07854984894259819,2.0235378996257385,3.775198638027936,5.545201865679599e-4,0.005508734387259269,0.0038951331439671423,AIFM1/BECN1/BIRC2/BNIP2/BNIP3L/CASP3/CASP9/COMT/CXCL12/ENO1/FOXO3/IRAK1/ITPR1/LONP1/P4HB/PTPN1/RGCC/SIRT2/SMAD3/SOD2/SRC/TGFB1/TIGAR/TP53/VEGFA/VEGFC,26
1,GO:2000379,positive regulation of reactive oxygen species metabolic process,10/737,74/18986,0.13513513513513514,3.4812424364663173,4.297697458892384,5.557749252376139e-4,0.005510540571467925,0.0038964102663478317,APP/CD36/CDKN1A/FOXO3/GSTP1/PDGFB/RNF41/SOD2/TGFB1/TP53,10
1,GO:1903900,regulation of viral life cycle,15/737,146/18986,0.10273972602739725,2.6466980167654874,4.013926818302596,5.642122952118564e-4,0.005583418782674555,0.003947941219918679,CCL5/EIF2AK2/FMR1/LARP1/MAVS/MPHOSPH8/P4HB/SRPK2/TARBP2/TNIP1/TOP2B/TRIM21/TRIM25/TRIM5/TRIM58,15
1,GO:1900181,negative regulation of protein localization to nucleus,7/737,38/18986,0.18421052631578946,4.745483110761979,4.644483907378436,5.692037969278266e-4,0.005621982117348687,0.0039752087032408935,ANGPT1/APP/CD36/LATS1/MAGED1/OTUD7B/TRIM40,7
1,GO:0048659,smooth muscle cell proliferation,17/737,178/18986,0.09550561797752809,2.460338755659903,3.933795808015055,5.838179534165161e-4,0.005744231817523423,0.004061649403684172,AIF1/CCL5/CDKN1A/EREG/FGF2/HBEGF/IRAK1/IRAK4/LDLRAP1/MAP3K5/PDGFB/PRKG1/PTEN/RBPMS2/SOD2/SRC/TGFB1,17
1,GO:0071453,cellular response to oxygen levels,17/737,178/18986,0.09550561797752809,2.460338755659903,3.933795808015055,5.838179534165161e-4,0.005744231817523423,0.004061649403684172,AIFM1/ATP6V1G1/BECN1/BNIP3L/ENO1/FOXO1/FOXO3/IRAK1/P4HB/PTPN1/RGCC/SIRT2/SRC/TGFB1/TIGAR/TP53/VEGFA,17
1,GO:0032370,positive regulation of lipid transport,11/737,88/18986,0.125,3.220149253731343,4.195030227670681,5.895488220763479e-4,0.005789527247005971,0.004093677037664085,ANXA2/BMP6/DAB2/DBI/IL1B/LDLRAP1/MAP2K6/MIF/PLA2G4A/TRIAP1/XRCC4,11
1,GO:0002009,morphogenesis of an epithelium,35/737,500/18986,0.07,1.8032835820895525,3.6580692911180206,5.917656442327761e-4,0.005800206772480034,0.004101228349945918,ABL1/ARL13B/BRSK2/CASP3/DAG1/EGF/FGF2/FKBPL/GRSF1/HBEGF/IFT20/ITGB5/MAGED1/MDK/MTSS1/OPHN1/PDGFA/PKD2/PPP3R1/PRKD2/PTEN/RAB10/RHOC/SCRIB/SDC4/SH3BP1/SMAD3/SPINT2/SPRY2/SRC/STK4/TGFB1/VASP/VEGFA/VEGFC,35
1,GO:0009176,pyrimidine deoxyribonucleoside monophosphate metabolic process,4/737,11/18986,0.36363636363636365,9.367706919945727,5.578679608006982,5.973486220934327e-4,0.00584377623442261,0.004132035581398181,DUT/NT5C/SHMT1/TYMP,4
1,GO:0050678,regulation of epithelial cell proliferation,30/737,406/18986,0.07389162561576355,1.9035365046687744,3.698327566473258,6.006897317489456e-4,0.005865289852210237,0.004147247497566264,AKT3/ATP5IF1/BAX/BID/BMP6/CCL5/CCL26/DAB2/CXCL12/EGF/EPPK1/EREG/FGF2/MAGED1/MDK/MTSS1/MYDGF/PDGFB/PLXNB3/PRKD2/RGCC/SMAD3/SPARC/STK11/STK4/TGFB1/TNFSF12/TRIM24/VASH1/VEGFA,30
1,GO:0046034,ATP metabolic process,20/737,228/18986,0.08771929824561403,2.259753862267609,3.8457350935027184,6.030062465430682e-4,0.0058767363989472455,0.004155341157642236,AK2/APP/ATP5IF1/ENO1/ENO2/FIS1/GAPDH/GIT1/GPI/HSPA1A/NDUFA5/NDUFB7/NDUFS6/NUDT2/NUDT5/PFKFB2/SDHB/SRC/TGFB1/TIGAR,20
1,GO:0032511,late endosome to vacuole transport via multivesicular body sorting pathway,6/737,28/18986,0.21428571428571427,5.520255863539445,4.810223807851722,6.072635955738803e-4,0.005907018611491381,0.004176753199222263,CHMP6/HGS/STAM/VPS28/VPS37A/VTA1,6
1,GO:0001936,regulation of endothelial cell proliferation,17/737,179/18986,0.09497206703910614,2.4465938464104062,3.907804922576242,6.223707041806223e-4,0.006031124408814483,0.004264506314643787,AKT3/ATP5IF1/BMP6/CCL26/CXCL12/EGF/FGF2/MDK/MYDGF/PDGFB/PLXNB3/PRKD2/RGCC/SPARC/TNFSF12/VASH1/VEGFA,17
1,GO:1903169,regulation of calcium ion transmembrane transport,17/737,179/18986,0.09497206703910614,2.4465938464104062,3.907804922576242,6.223707041806223e-4,0.006031124408814483,0.004264506314643787,ABL1/BAX/CACNB3/CORO1A/CRACR2A/CXCL11/DMD/EHD3/F2R/FKBP1B/FMR1/LYN/PKD2/PPP3R1/PTPN6/SESTD1/TGFB1,17
1,GO:0043114,regulation of vascular permeability,8/737,50/18986,0.16,4.12179104477612,4.441853383136294,6.284039952949782e-4,0.006078122259576286,0.004297737701987659,ANGPT1/BCR/BMP6/FGFBP3/SRC/TGFB1/VEGFA/YES1,8
1,GO:0048490,anterograde synaptic vesicle transport,5/737,19/18986,0.2631578947368421,6.779261586802828,5.064882094242671,6.421128530525234e-4,0.006164283389304225,0.004358660783140592,AP3B1/AP3S2/BLOC1S3/MAP2/SNAPIN,5
1,GO:0070431,nucleotide-binding oligomerization domain containing 2 signaling pathway,5/737,19/18986,0.2631578947368421,6.779261586802828,5.064882094242671,6.421128530525234e-4,0.006164283389304225,0.004358660783140592,ERBIN/HSPA1A/NAGK/XIAP/ZNRF4,5
1,GO:0099514,synaptic vesicle cytoskeletal transport,5/737,19/18986,0.2631578947368421,6.779261586802828,5.064882094242671,6.421128530525234e-4,0.006164283389304225,0.004358660783140592,AP3B1/AP3S2/BLOC1S3/MAP2/SNAPIN,5
1,GO:0099517,synaptic vesicle transport along microtubule,5/737,19/18986,0.2631578947368421,6.779261586802828,5.064882094242671,6.421128530525234e-4,0.006164283389304225,0.004358660783140592,AP3B1/AP3S2/BLOC1S3/MAP2/SNAPIN,5
1,GO:0150115,cell-substrate junction organization,12/737,103/18986,0.11650485436893204,3.0013041588175624,4.092754764218562,6.447466491410497e-4,0.006178020130575431,0.004368373801132407,ABL1/ARF6/BCR/DUSP3/ITGA6/ITGB1BP1/PPM1F/PTEN/SDC4/SMAD3/SRC/VEGFA,12
1,GO:0009791,post-embryonic development,11/737,89/18986,0.12359550561797752,3.183967801442227,4.150154952506183,6.495726067055155e-4,0.006201124364385739,0.004384710415053862,ABL1/ALDH5A1/BAX/BCL2L11/GIGYF2/INPPL1/ITPR1/MMUT/SMAD2/SOD2/VEGFA,11
1,GO:0018210,peptidyl-threonine modification,11/737,89/18986,0.12359550561797752,3.183967801442227,4.150154952506183,6.495726067055155e-4,0.006201124364385739,0.004384710415053862,APP/AXIN1/CSNK2A1/EGF/EIF4G1/PARD3/PRKD2/SIRT2/SPRED2/SPRY2/STK11,11
1,GO:0001666,response to hypoxia,25/737,317/18986,0.07886435331230283,2.031639907716936,3.722346060001876,6.632001519537669e-4,0.006295059204609659,0.004451130155743426,AIFM1/BECN1/BIRC2/BNIP3L/CASP3/CASP9/COMT/CXCL12/ENO1/FOXO3/IRAK1/ITPR1/LONP1/P4HB/PTPN1/RGCC/SIRT2/SMAD3/SOD2/SRC/TGFB1/TIGAR/TP53/VEGFA/VEGFC,25
1,GO:0006605,protein targeting,26/737,335/18986,0.07761194029850746,1.999376253063043,3.708684397265916,6.63282563208425e-4,0.006295059204609659,0.004451130155743426,AIFM1/AKT2/AP3B1/ATP5IF1/BAG4/BAG6/BECN1/BID/BNIP3L/CDC37/CHM/ERBIN/FIS1/HGS/HTRA2/ITGB1BP1/MICALL2/PARD3/PIKFYVE/SORT1/TIMM10/TIMM8A/TOMM20/VPS37A/VPS53/YWHAQ,26
1,GO:0010976,positive regulation of neuron projection development,16/737,164/18986,0.0975609756097561,2.513287222424463,3.9113791253711336,6.643150484615334e-4,0.006295059204609659,0.004451130155743426,ABL1/ARF6/ARSB/BDNF/DBN1/DMD/FES/FKBP1B/ITGA6/LYN/MDK/PLXNB3/RAPGEF2/SCARF1/STK24/TWF2,16
1,GO:0051017,actin filament bundle assembly,16/737,164/18986,0.0975609756097561,2.513287222424463,3.9113791253711336,6.643150484615334e-4,0.006295059204609659,0.004451130155743426,ABL1/AIF1/ARHGEF10/BAG4/CCN2/F11R/ITGB5/ITGB1BP1/MTSS1/PPM1F/RGCC/RHOC/SDC4/SMAD3/SRC/WAS,16
1,GO:1905476,negative regulation of protein localization to membrane,7/737,39/18986,0.1794871794871795,4.6238040566398775,4.552461606767484,6.70775506113994e-4,0.006344572742912474,0.004486140343303828,BCL2L1/DAB2/ITGB1BP1/LZTFL1/NUMB/PPP2R5A/TGFB1,7
1,GO:0007080,mitotic metaphase chromosome alignment,9/737,63/18986,0.14285714285714285,3.6801705756929635,4.2821041305286025,6.898924082496534e-4,0.006477673507806617,0.004580253648535176,BECN1/CHMP1A/CHMP6/DCTN2/KIF22/NUDC/PIBF1/PSRC1/VPS4B,9
1,GO:0033059,cellular pigmentation,9/737,63/18986,0.14285714285714285,3.6801705756929635,4.2821041305286025,6.898924082496534e-4,0.006477673507806617,0.004580253648535176,AP3B1/AP3S2/BLOC1S3/CD63/DCTN1/DCTN2/PIKFYVE/SNAPIN/TYRP1,9
1,GO:0051893,regulation of focal adhesion assembly,9/737,63/18986,0.14285714285714285,3.6801705756929635,4.2821041305286025,6.898924082496534e-4,0.006477673507806617,0.004580253648535176,ABL1/DUSP3/ITGB1BP1/PPM1F/PTEN/SDC4/SMAD3/SRC/VEGFA,9
1,GO:0090109,regulation of cell-substrate junction assembly,9/737,63/18986,0.14285714285714285,3.6801705756929635,4.2821041305286025,6.898924082496534e-4,0.006477673507806617,0.004580253648535176,ABL1/DUSP3/ITGB1BP1/PPM1F/PTEN/SDC4/SMAD3/SRC/VEGFA,9
1,GO:0050852,T cell receptor signaling pathway,15/737,149/18986,0.10067114093959731,2.5934087949514173,3.9240450472827746,6.986569364926566e-4,0.00654799639749322,0.00462997777737162,ABL1/BTN3A2/CACNB3/CD226/CRKL/DGKZ/DUSP3/ERMAP/FYB1/IKBKG/LAT/PRKD2/PTPN6/SLA2/STK11,15
1,GO:0002697,regulation of immune effector process,30/737,410/18986,0.07317073170731707,1.8849654168183474,3.640505031836223,7.042229926391732e-4,0.006588140783597074,0.004658363195484896,ANGPT1/APPL2/BCR/CD226/CD36/CD40/CD40LG/CD69/CD84/CXCL6/FADD/FES/GFER/GPI/IL1B/LYN/MAPKAPK2/MAVS/MIF/PTPN6/C1QBP/SERPINB9/STAT5B/STX4/STX7/STXBP1/TGFB1/TRAF2/VAMP8/WAS,30
1,GO:0032456,endocytic recycling,11/737,90/18986,0.12222222222222222,3.148590381426202,4.105910239111641,7.14596393184379e-4,0.006660967598147143,0.004709857807347033,ARF6/ARHGAP1/EHD3/HGS/MICALL2/RAB11FIP3/SCRIB/STX16/STX6/VPS53/VTI1A,11
1,GO:0044772,mitotic cell cycle phase transition,33/737,467/18986,0.07066381156316917,1.8203841605676119,3.6073347897980685,7.146014693495085e-4,0.006660967598147143,0.004709857807347033,AIF1/APP/APPL2/BCAT1/BID/BRSK2/CASP2/CDC27/CDK5RAP3/CDKN1A/CDKN2D/CRADD/DGKZ/EIF4E/EIF4G1/ENSA/GIGYF2/LATS1/PKD2/PPP1R9B/PTEN/PTPN6/RGCC/RRM2B/SIRT2/SMARCA2/TACC3/TGFB1/TP53/TRIAP1/USP47/VPS4B/ZFYVE19,33
1,GO:0016601,Rac protein signal transduction,8/737,51/18986,0.1568627450980392,4.040971612525607,4.3700288934748475,7.203512384064135e-4,0.006682200881159492,0.004724871503525219,AIF1/ARF6/BRK1/CRKL/DBNL/FNTA/SH3BP1/WASF1,8
1,GO:0007052,mitotic spindle organization,14/737,134/18986,0.1044776119402985,2.691468032969481,3.9487258897326805,7.207825716827022e-4,0.006682200881159492,0.004724871503525219,ABRAXAS2/ARHGEF10/CHMP1A/CHMP6/DCTN1/DCTN2/DCTN6/HSPA1A/MZT1/NUDC/PIBF1/PSRC1/TACC3/VPS4B,14
1,GO:0050868,negative regulation of T cell activation,14/737,134/18986,0.1044776119402985,2.691468032969481,3.9487258897326805,7.207825716827022e-4,0.006682200881159492,0.004724871503525219,ARG2/CASP3/CD69/DUSP3/MDK/PAG1/PDE5A/PRKAR1A/PTPN6/SCRIB/SDC4/TGFB1/TNFAIP8L2/VSIR,14
1,GO:0002263,cell activation involved in immune response,25/737,319/18986,0.07836990595611286,2.0189023534365793,3.6881633871532813,7.262392624052862e-4,0.006720657390474865,0.004752063452438573,ABL1/ANXA3/APP/BCR/CD40/CD40LG/CD69/CD84/CORO1A/CRACR2A/FES/LAT/LAT2/LYN/MDK/NMI/PTPN6/SNAP23/STX4/STXBP1/STXBP3/TGFB1/TP53/UNG/VAMP8,25
1,GO:0009226,nucleotide-sugar biosynthetic process,6/737,29/18986,0.20689655172413793,5.329902213072568,4.689340744527656,7.408016261264945e-4,0.0068063634200101536,0.004812664739923559,GNE/GNPDA2/GPI/MPI/NAGK/PMM2,6
1,GO:0022011,myelination in peripheral nervous system,6/737,29/18986,0.20689655172413793,5.329902213072568,4.689340744527656,7.408016261264945e-4,0.0068063634200101536,0.004812664739923559,AKT2/ARHGEF10/DAG1/PARD3/PPP3R1/SIRT2,6
1,GO:0032292,peripheral nervous system axon ensheathment,6/737,29/18986,0.20689655172413793,5.329902213072568,4.689340744527656,7.408016261264945e-4,0.0068063634200101536,0.004812664739923559,AKT2/ARHGEF10/DAG1/PARD3/PPP3R1/SIRT2,6
1,GO:0090594,inflammatory response to wounding,6/737,29/18986,0.20689655172413793,5.329902213072568,4.689340744527656,7.408016261264945e-4,0.0068063634200101536,0.004812664739923559,F2R/GIT1/MAPK9/MDK/PTPN6/TGFB1,6
1,GO:0034101,erythrocyte homeostasis,15/737,150/18986,0.1,2.576119402985075,3.894573578716126,7.49129661428864e-4,0.006870589180533295,0.0048580776915969565,ADGRF5/ATP5IF1/CASP3/CDK5RAP3/FOXO3/GPI/HCLS1/HSPA1A/LYN/MPIG6B/PRDX1/SH2B3/STAT5B/TRIM58/VEGFA,15
1,GO:0032602,chemokine production,12/737,105/18986,0.11428571428571428,2.9441364605543705,4.014471764126265,7.670140366678104e-4,0.007009580235455292,0.004956355921528275,AIF1/APP/ARG2/CXCL6/EIF2AK2/ERBIN/GSTP1/IL1B/IL7/MAVS/MIF/TGFB1,12
1,GO:0032642,regulation of chemokine production,12/737,105/18986,0.11428571428571428,2.9441364605543705,4.014471764126265,7.670140366678104e-4,0.007009580235455292,0.004956355921528275,AIF1/APP/ARG2/CXCL6/EIF2AK2/ERBIN/GSTP1/IL1B/IL7/MAVS/MIF/TGFB1,12
1,GO:0061136,regulation of proteasomal protein catabolic process,18/737,199/18986,0.09045226130653267,2.330158253956349,3.790710718765751,7.775537292902821e-4,0.007093278780879022,0.005015537750867483,ARAF/AXIN1/BAG6/CAMLG/COMMD1/CSNK1D/CSNK2A1/DAB2/ELOB/FHIT/FMR1/HSPA1A/MAPK9/NUB1/OPHN1/RAD23B/SIRT2/USP25,18
1,GO:0007179,transforming growth factor beta receptor signaling pathway,21/737,250/18986,0.084,2.163940298507463,3.7229035014883713,7.841362246356958e-4,0.007121465836894048,0.005035468342614459,APPL2/AXIN1/DAB2/FNTA/FUT8/HSPA1A/ING1/ITGB5/LATS1/PBLD/PPM1A/SMAD1/SMAD2/SMAD3/SPRED2/SPRY2/SRC/STK11/TGFB1/TP53/TSC22D1,21
1,GO:0051928,positive regulation of calcium ion transport,13/737,120/18986,0.10833333333333334,2.7907960199004975,3.9547254390184237,7.846627349189573e-4,0.007121465836894048,0.005035468342614459,ABL1/BAX/CACNB3/CCL4/CCL5/CRACR2A/CXCL11/CXCL12/EHD3/F2R/PDGFB/PKD2/PPP3R1,13
1,GO:0051125,regulation of actin nucleation,7/737,40/18986,0.175,4.50820895522388,4.46350670067521,7.861898616664574e-4,0.007121465836894048,0.005035468342614459,ARFIP1/BRK1/CORO1A/GMFG/WASF1/WASF3/WASHC3,7
1,GO:1902110,positive regulation of mitochondrial membrane permeability involved in apoptotic process,7/737,40/18986,0.175,4.50820895522388,4.46350670067521,7.861898616664574e-4,0.007121465836894048,0.005035468342614459,ATP5IF1/BAX/BCL2L1/BCL2L11/BID/BNIP3L/HSPA1A,7
1,GO:0000280,nuclear division,32/737,451/18986,0.07095343680709534,1.8278452526723366,3.5756964841809746,7.988044706540388e-4,0.007222992537463281,0.005107256159667225,ABRAXAS2/ARHGEF10/BAG6/BCL2L11/BECN1/BRDT/BTC/CEP85/CHMP1A/CHMP6/DCTN2/EGF/EREG/FOXJ3/HSPA1A/IL1B/KIF22/MZT1/NUDC/PDGFB/PIBF1/PPP1CC/PPP1R9B/PSRC1/PTEN/REEP4/RGCC/SIRT2/TDRKH/TGFB1/TOP2B/VPS4B,32
1,GO:1902850,microtubule cytoskeleton organization involved in mitosis,16/737,167/18986,0.09580838323353294,2.468138350165341,3.829538647988208,8.088859722714766e-4,0.007301297633719339,0.005162624372096188,ABRAXAS2/ARHGEF10/CHMP1A/CHMP6/DCTN1/DCTN2/DCTN6/DYNLT1/HSPA1A/MZT1/NUDC/PIBF1/PSRC1/SPRY2/TACC3/VPS4B,16
1,GO:0006896,Golgi to vacuole transport,5/737,20/18986,0.25,6.440298507462686,4.891807558479305,8.290007330581781e-4,0.00745665107703468,0.005272472170800469,AP1G2/AP3S2/EHD3/SORT1/VTI1A,5
1,GO:0098761,cellular response to interleukin-7,5/737,20/18986,0.25,6.440298507462686,4.891807558479305,8.290007330581781e-4,0.00745665107703468,0.005272472170800469,CRKL/IL7/P4HB/PDIA3/RAD23B,5
1,GO:0110020,regulation of actomyosin structure organization,12/737,106/18986,0.11320754716981132,2.9163615882849903,3.976023146302272,8.350634110354553e-4,0.007485031988788308,0.005292539834669549,ABL1/ARHGEF10/BAG4/CCN2/F11R/ITGB1BP1/PPM1F/RGCC/RHOC/SDC4/SMAD3/WAS,12
1,GO:0021782,glial cell development,14/737,136/18986,0.10294117647058823,2.6518876207199296,3.885203618690295,8.350707417398171e-4,0.007485031988788308,0.005292539834669549,AKT2/APP/ARHGEF10/DAG1/IL1B/LYN/MAP2K1/MDK/PARD3/PPP3R1/PTEN/SIRT2/TGFB1/WASF3,14
1,GO:0050772,positive regulation of axonogenesis,10/737,78/18986,0.1282051282051282,3.302717183314198,4.09528957062039,8.47247911972111e-4,0.007580949957994358,0.005360361812403783,BDNF/CXCL12/IST1/MAP2K1/PLXNA4/PLXNB3/SEMA4D/STK11/TWF2/VEGFA,10
1,GO:0032273,positive regulation of protein polymerization,11/737,92/18986,0.11956521739130435,3.0801427644386763,4.019246199155657,8.609265313390799e-4,0.007662901372709358,0.00541830827509577,ARF6/BAG4/CCL26/DCTN1/FES/GIT1/HSPA1A/NCK2/PSRC1/SNX9/VASP,11
1,GO:0034340,response to type I interferon,11/737,92/18986,0.11956521739130435,3.0801427644386763,4.019246199155657,8.609265313390799e-4,0.007662901372709358,0.00541830827509577,AZI2/CDC37/FADD/GIGYF2/IRAK1/MAVS/PTPN1/PTPN6/STAT2/TANK/YTHDF3,11
1,GO:0140029,exocytic process,11/737,92/18986,0.11956521739130435,3.0801427644386763,4.019246199155657,8.609265313390799e-4,0.007662901372709358,0.00541830827509577,LYN/RABEPK/SCRIB/SNAP23/SNAP25/SNAP29/SNAPIN/STXBP1/STXBP3/SV2A/VAMP8,11
1,GO:0061572,actin filament bundle organization,16/737,168/18986,0.09523809523809523,2.4534470504619756,3.8026524379138213,8.626717257297869e-4,0.007662901372709358,0.00541830827509577,ABL1/AIF1/ARHGEF10/BAG4/CCN2/F11R/ITGB5/ITGB1BP1/MTSS1/PPM1F/RGCC/RHOC/SDC4/SMAD3/SRC/WAS,16
1,GO:0009205,purine ribonucleoside triphosphate metabolic process,21/737,252/18986,0.08333333333333333,2.146766169154229,3.6828106792164763,8.684631588430674e-4,0.007662901372709358,0.00541830827509577,AK2/APP/ATP5IF1/ENO1/ENO2/FIS1/GAPDH/GIT1/GPI/HSPA1A/ITPA/NDUFA5/NDUFB7/NDUFS6/NUDT2/NUDT5/PFKFB2/SDHB/SRC/TGFB1/TIGAR,21
1,GO:0097048,dendritic cell apoptotic process,4/737,12/18986,0.3333333333333333,8.587064676616915,5.283290248866411,8.685969520698797e-4,0.007662901372709358,0.00541830827509577,BCL2L1/CXCL12/LYN/RAPGEF2,4
1,GO:2000668,regulation of dendritic cell apoptotic process,4/737,12/18986,0.3333333333333333,8.587064676616915,5.283290248866411,8.685969520698797e-4,0.007662901372709358,0.00541830827509577,BCL2L1/CXCL12/LYN/RAPGEF2,4
1,GO:0031113,regulation of microtubule polymerization,9/737,65/18986,0.13846153846153847,3.5669345579793346,4.165996889499307,8.698347936700847e-4,0.007662901372709358,0.00541830827509577,ABL1/CAMSAP1/DCTN1/FES/FKBP4/GIT1/HSPA1A/MAP2/PSRC1,9
1,GO:1905330,regulation of morphogenesis of an epithelium,9/737,65/18986,0.13846153846153847,3.5669345579793346,4.165996889499307,8.698347936700847e-4,0.007662901372709358,0.00541830827509577,ABL1/EGF/FGF2/FKBPL/MAGED1/MDK/PDGFA/TGFB1/VEGFA,9
1,GO:0045765,regulation of angiogenesis,27/737,360/18986,0.075,1.932089552238806,3.588133558974119,8.855076639816383e-4,0.007787615346249477,0.005506491421659431,ABL1/AKT3/ANXA3/CD36/CD40/FGF2/FKBPL/HGS/HHEX/HSPB1/IL1B/MDK/MTDH/MYDGF/PAK4/PF4/PRKD2/PTPN6/RGCC/RRAS/SERPINE1/SMAD1/SPARC/SPRY2/TNFSF12/VASH1/VEGFA,27
1,GO:0048668,collateral sprouting,6/737,30/18986,0.2,5.15223880597015,4.573925740424491,8.959379438470938e-4,0.007839075433728575,0.0055428779813009475,APP/BDNF/IST1/PRKG1/SEMA4D/SPART,6
1,GO:0090330,regulation of platelet aggregation,6/737,30/18986,0.2,5.15223880597015,4.573925740424491,8.959379438470938e-4,0.007839075433728575,0.0055428779813009475,F11R/GP6/LYN/PRKG1/SERPINE2/SH2B3,6
1,GO:2000108,positive regulation of leukocyte apoptotic process,6/737,30/18986,0.2,5.15223880597015,4.573925740424491,8.959379438470938e-4,0.007839075433728575,0.0055428779813009475,BAX/BCL2L11/CCL5/LYN/RAPGEF2/TP53,6
1,GO:1903052,positive regulation of proteolysis involved in protein catabolic process,14/737,137/18986,0.10218978102189781,2.632530776773069,3.8538695745656457,8.977183872804289e-4,0.007841295301143338,0.005544447612097171,ATP5IF1/AXIN1/BAG6/CSNK1D/DAB2/EGF/ELOB/FMR1/HSPA1A/IKBKG/MAPK9/NUB1/PTEN/SIRT2,14
1,GO:0019730,antimicrobial humoral response,17/737,185/18986,0.0918918918918919,2.367244856797096,3.7554431925063874,9.026589451904911e-4,0.00787106339982744,0.005565496132440701,APP/CCL13/CCL17/CCL28/CCL4/CCL5/CCL26/CCL8/CXCL1/CXCL11/CXCL3/CXCL5/CXCL6/CXCL12/GAPDH/PF4/PPBP,17
1,GO:0023061,signal release,34/737,493/18986,0.06896551724137931,1.7766340710241895,3.511201254940465,9.114797990212782e-4,0.00793450889453099,0.005610357371317412,BRSK2/BMP6/CCL5/COMT/DAB2/CXCL12/ENSA/F2R/FKBP1B/FMR1/FOXO1/GIT1/GNAS/IL1B/ITPR1/LYN/MAP2K6/MIF/PFKFB2/PLA2G4A/PRKAR1A/RAB11FIP3/SCRIB/SMAD2/SNAP23/SNAP25/SNAP29/SNAPIN/STX4/STXBP1/STXBP3/SV2A/SYTL4/VAMP8,34
1,GO:0006418,tRNA aminoacylation for protein translation,7/737,41/18986,0.17073170731707318,4.398252639242811,4.377435901882356,9.167397154765842e-4,0.007939924415999557,0.005614186595179225,DARS1/FARSA/HARS1/MARS1/NARS1/TARS1/YARS1,7
1,GO:0009394,2'-deoxyribonucleotide metabolic process,7/737,41/18986,0.17073170731707318,4.398252639242811,4.377435901882356,9.167397154765842e-4,0.007939924415999557,0.005614186595179225,DUT/NT5C/NUDT16/RRM2B/SHMT1/TYMP/UNG,7
1,GO:1904994,regulation of leukocyte adhesion to vascular endothelial cell,7/737,41/18986,0.17073170731707318,4.398252639242811,4.377435901882356,9.167397154765842e-4,0.007939924415999557,0.005614186595179225,CCL28/CXCL12/GP1BA/IRAK1/MDK/NFAT5/SELP,7
1,GO:0001935,endothelial cell proliferation,18/737,202/18986,0.0891089108910891,2.295551943254027,3.7201117333332627,9.251161864271089e-4,0.007998984399814195,0.005655946913297051,AKT3/ATP5IF1/BMP6/CCL26/CXCL12/EGF/FGF2/ITGB1BP1/MDK/MYDGF/PDGFB/PLXNB3/PRKD2/RGCC/SPARC/TNFSF12/VASH1/VEGFA,18
1,GO:0050821,protein stabilization,20/737,236/18986,0.0847457627118644,2.1831520364280292,3.6754915623258144,9.280409363525498e-4,0.008010786973288565,0.005664292313872264,AKT2/BAG4/BAG6/CAMLG/CCT5/CDC37/CSNK2A1/GAPDH/HSPA1A/PER3/PFDN2/PPIB/PRKRA/PTEN/SMAD3/SPAG1/STK4/STXBP1/TBL1X/TP53,20
1,GO:0043303,mast cell degranulation,8/737,53/18986,0.1509433962264151,3.8884821177133198,4.231724731705234,9.366763190608697e-4,0.008060781683098877,0.005699642729687475,CD84/FES/LAT/LAT2/LYN/SNAP23/STXBP1/VAMP8,8
1,GO:0070373,negative regulation of ERK1 and ERK2 cascade,10/737,79/18986,0.12658227848101267,3.2609106366899683,4.0467384855005815,9.369717026499279e-4,0.008060781683098877,0.005699642729687475,ABL1/DAB2/DUSP3/GSTP1/ITGB1BP1/LYN/PTPN1/SPRED2/SPRY2/TNIP1,10
1,GO:0061640,cytoskeleton-dependent cytokinesis,13/737,123/18986,0.10569105691056911,2.7227278242931683,3.8519740314862045,9.896776974460109e-4,0.008499974337930956,0.0060101884460284066,ARF6/CHMP1A/CHMP6/IQGAP2/IST1/MITD1/RAB11FIP3/RHOC/SEPTIN9/SNX9/STAMBP/USP8/VPS4B,13
1,GO:0000281,mitotic cytokinesis,11/737,94/18986,0.11702127659574468,3.0146078120038107,3.9349116087119933,0.0010312336956295068,0.008842097263360845,0.006252097794432472,ARF6/CHMP1A/CHMP6/IQGAP2/MITD1/RAB11FIP3/RHOC/SNX9/STAMBP/USP8/VPS4B,11
1,GO:0006977,"DNA damage response, signal transduction by p53 class mediator resulting in cell cycle arrest",5/737,21/18986,0.23809523809523808,6.133617626154939,4.730164565078058,0.001053594321850172,0.009003761126493317,0.006366407584522451,CASP2/CDKN1A/CRADD/TP53/TRIAP1,5
1,GO:0098760,response to interleukin-7,5/737,21/18986,0.23809523809523808,6.133617626154939,4.730164565078058,0.001053594321850172,0.009003761126493317,0.006366407584522451,CRKL/IL7/P4HB/PDIA3/RAD23B,5
1,GO:0033138,positive regulation of peptidyl-serine phosphorylation,8/737,54/18986,0.14814814814814814,3.8164731896075175,4.16508398117861,0.001062803883922899,0.009006202228371786,0.006368133646475378,APP/ARAF/AXIN1/BAG4/EIF4G1/LATS1/SPRY2/STK4,8
1,GO:0009262,deoxyribonucleotide metabolic process,7/737,42/18986,0.16666666666666666,4.293532338308458,4.294081112941974,0.001063776761170073,0.009006202228371786,0.006368133646475378,DUT/NT5C/NUDT16/RRM2B/SHMT1/TYMP/UNG,7
1,GO:0014044,Schwann cell development,7/737,42/18986,0.16666666666666666,4.293532338308458,4.294081112941974,0.001063776761170073,0.009006202228371786,0.006368133646475378,AKT2/ARHGEF10/DAG1/MAP2K1/PARD3/PPP3R1/SIRT2,7
1,GO:0019692,deoxyribose phosphate metabolic process,7/737,42/18986,0.16666666666666666,4.293532338308458,4.294081112941974,0.001063776761170073,0.009006202228371786,0.006368133646475378,DUT/NT5C/NUDT16/RRM2B/SHMT1/TYMP/UNG,7
1,GO:0045454,cell redox homeostasis,7/737,42/18986,0.16666666666666666,4.293532338308458,4.294081112941974,0.001063776761170073,0.009006202228371786,0.006368133646475378,ERP44/GIT1/GLRX5/PRDX1/PRDX3/PRDX5/TXNRD1,7
1,GO:0031640,killing of cells of another organism,13/737,124/18986,0.10483870967741936,2.700770341839191,3.818406453700317,0.0010672562888206162,0.009006202228371786,0.006368133646475378,CCL13/CCL17/CCL28/CCL8/CXCL1/CXCL11/CXCL3/CXCL6/CXCL12/GAPDH/GBP2/PF4/PPBP,13
1,GO:0141061,disruption of cell in another organism,13/737,124/18986,0.10483870967741936,2.700770341839191,3.818406453700317,0.0010672562888206162,0.009006202228371786,0.006368133646475378,CCL13/CCL17/CCL28/CCL8/CXCL1/CXCL11/CXCL3/CXCL6/CXCL12/GAPDH/GBP2/PF4/PPBP,13
1,GO:0001516,prostaglandin biosynthetic process,6/737,31/18986,0.1935483870967742,4.98603755416466,4.463544281826424,0.0010749225011666482,0.009006202228371786,0.006368133646475378,FABP5/IL1B/MIF/PIBF1/PLA2G4A/PTGES2,6
1,GO:0034315,regulation of Arp2/3 complex-mediated actin nucleation,6/737,31/18986,0.1935483870967742,4.98603755416466,4.463544281826424,0.0010749225011666482,0.009006202228371786,0.006368133646475378,ARFIP1/BRK1/GMFG/WASF1/WASF3/WASHC3,6
1,GO:0046457,prostanoid biosynthetic process,6/737,31/18986,0.1935483870967742,4.98603755416466,4.463544281826424,0.0010749225011666482,0.009006202228371786,0.006368133646475378,FABP5/IL1B/MIF/PIBF1/PLA2G4A/PTGES2,6
1,GO:0072677,eosinophil migration,6/737,31/18986,0.1935483870967742,4.98603755416466,4.463544281826424,0.0010749225011666482,0.009006202228371786,0.006368133646475378,CCL13/CCL4/CCL5/CCL26/CCL8/DAPK2,6
1,GO:1903055,positive regulation of extracellular matrix organization,6/737,31/18986,0.1935483870967742,4.98603755416466,4.463544281826424,0.0010749225011666482,0.009006202228371786,0.006368133646475378,ABL1/DAG1/PHLDB1/RGCC/SMAD3/TGFB1,6
1,GO:0006839,mitochondrial transport,17/737,188/18986,0.09042553191489362,2.3294696729120354,3.68146813666295,0.0010791282873973082,0.009012037209874105,0.006372259463450086,AIFM1/ATP5IF1/BAX/BCL2L1/BCL2L11/BID/BNIP3L/CNP/HSPA1A/ITPR1/LETM1/PPIF/TIMM10/TIMM8A/TOMM20/TP53/TST,17
1,GO:1905952,regulation of lipid localization,17/737,188/18986,0.09042553191489362,2.3294696729120354,3.68146813666295,0.0010791282873973082,0.009012037209874105,0.006372259463450086,AKT2/ANXA2/BMP6/CD36/DAB2/DBI/EGF/FIS1/IL1B/LDLRAP1/MAP2K6/MIF/NFKB1/PLA2G4A/PLIN3/TRIAP1/XRCC4,17
1,GO:0030219,megakaryocyte differentiation,9/737,67/18986,0.13432835820895522,3.4604588995321897,4.0543751993641175,0.0010861580256035746,0.009043490258406518,0.006394499383403526,FLI1/GP1BA/GP1BB/GP5/MPIG6B/PF4/PTPN6/SH2B3/THPO,9
1,GO:0045787,positive regulation of cell cycle,27/737,365/18986,0.07397260273972603,1.9056225720711513,3.510845189883535,0.0010864161778498483,0.009043490258406518,0.006394499383403526,ABL1/AIF1/APP/ARF6/BCL2L11/BECN1/BTC/DUSP3/DYNLT3/EGF/EIF4E/EIF4G1/EREG/IL1B/LGMN/NUDT16/PDGFB/PSRC1/RAB11FIP3/RGCC/RRM2B/SIRT2/SRPK2/STAT5B/TGFB1/TRIM21/VPS4B,27
1,GO:0043409,negative regulation of MAPK cascade,16/737,172/18986,0.09302325581395349,2.3963901423116973,3.697004140585959,0.001109274143603045,0.009218822008972878,0.00651847350609863,ABL1/CDK5RAP3/DAB2/DAG1/DUSP3/FOXO1/GSTP1/IL1B/ITGB1BP1/LYN/PTPN1/PTPN6/SH2B3/SPRED2/SPRY2/TNIP1,16
1,GO:0001701,in utero embryonic development,29/737,403/18986,0.07196029776674938,1.853783193215066,3.481462488192699,0.0011111227442551321,0.009219267228585393,0.006518788313375063,ANGPT1/AXIN1/BCL2L1/BCL2L11/BRK1/CASP8/CDKN1A/CMIP/DBN1/DNAJB6/EIF2S2/FUT8/GPI/KIFBP/LATS1/MAP2K1/MYH9/NMT1/OTUD7B/PDGFB/PKD2/PPP1CC/SMAD2/SMAD3/SPINT2/STK4/TP53/VASH1/VEGFA,29
1,GO:0032368,regulation of lipid transport,15/737,156/18986,0.09615384615384616,2.4770378874856487,3.722616378432146,0.0011215801898788187,0.009276064179094384,0.006558948478823501,AKT2/ANXA2/BMP6/DAB2/DBI/EGF/FIS1/IL1B/LDLRAP1/MAP2K6/MIF/NFKB1/PLA2G4A/TRIAP1/XRCC4,15
1,GO:0043535,regulation of blood vessel endothelial cell migration,15/737,156/18986,0.09615384615384616,2.4770378874856487,3.722616378432146,0.0011215801898788187,0.009276064179094384,0.006558948478823501,ABL1/AKT3/ANGPT1/CD40/FGF2/HSPB1/ITGB1BP1/PDGFB/PRKD2/RGCC/SH3BP1/TGFB1/VASH1/VEGFA/VEGFC,15
1,GO:0045766,positive regulation of angiogenesis,17/737,189/18986,0.08994708994708994,2.3171444365474216,3.657122789910496,0.001144111810040769,0.009447199769082619,0.0066799555671698315,ABL1/AKT3/ANXA3/CD40/FGF2/HSPB1/IL1B/MDK/MTDH/MYDGF/PAK4/PRKD2/RRAS/SERPINE1/SMAD1/TNFSF12/VEGFA,17
1,GO:1901796,regulation of signal transduction by p53 class mediator,12/737,110/18986,0.10909090909090909,2.8103120759837177,3.826611001581101,0.0011597197466257346,0.009560707253081498,0.006760214794050494,CDK5RAP3/HEXIM1/HNRNPK/MAP2K6/MIF/RRM2B/SPRED2/STK11/TP53/TRIAP1/TRIM24/YJU2,12
1,GO:0002703,regulation of leukocyte mediated immunity,21/737,258/18986,0.08139534883720931,2.0968413745227354,3.5647369356607315,0.0011699749489650435,0.00961438614061514,0.006798170229775832,BCR/CD226/CD40/CD84/CXCL6/FADD/FES/GFER/IL1B/LYN/MAVS/PTPN6/SERPINB9/STAT5B/STX4/STX7/STXBP1/TGFB1/TRAF2/VAMP8/WAS,21
1,GO:0009199,ribonucleoside triphosphate metabolic process,21/737,258/18986,0.08139534883720931,2.0968413745227354,3.5647369356607315,0.0011699749489650435,0.00961438614061514,0.006798170229775832,AK2/APP/ATP5IF1/ENO1/ENO2/FIS1/GAPDH/GIT1/GPI/HSPA1A/ITPA/NDUFA5/NDUFB7/NDUFS6/NUDT2/NUDT5/PFKFB2/SDHB/SRC/TGFB1/TIGAR,21
1,GO:0007009,plasma membrane organization,16/737,173/18986,0.09248554913294797,2.3825381761711673,3.671053090246267,0.0011794883571848425,0.00967708019568906,0.006842500138368433,AKT2/ANXA2/BIN2/CASP7/CHMP1A/CHMP6/MTSS1/MTSS2/MYH9/PLSCR3/PTEN/SNX9/STX4/SYTL4/VPS4B/XRCC4,16
1,GO:0009259,ribonucleotide metabolic process,27/737,368/18986,0.07336956521739131,1.890087605451006,3.4650512218396408,0.0012250483474356417,0.010032834091933654,0.00709404771625904,ABHD14B/AK2/APP/APRT/ATP5IF1/ENO1/ENO2/FIS1/GAPDH/GIT1/GMPR2/GPI/HSPA1A/ITPA/NDUFA5/NDUFB7/NDUFS6/NT5C/NUDT2/NUDT5/PDE5A/PFKFB2/SDHB/SRC/SULT1A1/TGFB1/TIGAR,27
1,GO:0007044,cell-substrate junction assembly,11/737,96/18986,0.11458333333333333,2.9518034825870645,3.8527890879061517,0.001228420937387044,0.010032834091933654,0.00709404771625904,ABL1/BCR/DUSP3/ITGA6/ITGB1BP1/PPM1F/PTEN/SDC4/SMAD3/SRC/VEGFA,11
1,GO:1904407,positive regulation of nitric oxide metabolic process,7/737,43/18986,0.16279069767441862,4.193682749045471,4.2132878374287674,0.0012287096269132144,0.010032834091933654,0.00709404771625904,APP/CD36/IL1B/PKD2/SMAD3/SOD2/TMEM106A,7
1,GO:0010717,regulation of epithelial to mesenchymal transition,13/737,126/18986,0.10317460317460317,2.657900971333807,3.7522565417011458,0.0012377076801118791,0.0100902645159597,0.007134655800143664,DAB2/DAG1/IL1B/MDK/PHLDB1/PTEN/RGCC/SMAD2/SMAD3/SPRED2/SPRY2/TGFB1/VEGFA,13
1,GO:0140694,non-membrane-bounded organelle assembly,30/737,425/18986,0.07058823529411765,1.8184372256365233,3.4292461777976313,0.001244988679381732,0.010133537016330546,0.007165253055078781,ABRAXAS2/ARHGEF10/ATXN2L/BECN1/BIN2/CEP85/CETN2/CHMP1A/CHMP6/CIRBP/CSDE1/CSNK1D/DBNL/EIF5/FMR1/HSPA1A/MAPK9/MDM1/MZT1/NEK7/NGRN/PIBF1/PRKAR1A/PTEN/C1QBP/SRC/SUGT1/TIA1/VPS4B/YTHDF3,30
1,GO:0046434,organophosphate catabolic process,20/737,242/18986,0.08264462809917356,2.129024299987665,3.552215816076845,0.001261607135596115,0.01025255419054058,0.0072494080909503615,APP/CNP/DUT/ENO1/ENO2/FHIT/GAPDH/GIT1/GPI/ITPA/NT5C/NUDT16/NUDT5/PDE5A/PFKFB2/PLA2G4A/SRC/TIGAR/TYMP/UNG,20
1,GO:1904376,negative regulation of protein localization to cell periphery,6/737,32/18986,0.1875,4.830223880597015,4.357809283902292,0.0012800972099918856,0.010386381154057385,0.007344034878975648,BCL2L1/DAB2/LZTFL1/NUMB/PPP2R5A/TGFB1,6
1,GO:2000045,regulation of G1/S transition of mitotic cell cycle,17/737,191/18986,0.08900523560209424,2.2928811440181294,3.608889870211761,0.0012840825433740773,0.010392542246949714,0.007348391283812206,AIF1/APPL2/BID/CASP2/CDKN1A/CDKN2D/CRADD/DGKZ/EIF4G1/GIGYF2/PKD2/PTEN/PTPN6/RGCC/SMARCA2/TP53/TRIAP1,17
1,GO:0006816,calcium ion transport,31/737,445/18986,0.0696629213483146,1.7946000335401644,3.408642987035384,0.0012849034904231051,0.010392542246949714,0.007348391283812206,ABL1/BAX/CACNB3/CCL4/CCL5/CCL8/CD84/CORO1A/CRACR2A/CXCL11/CXCL12/DMD/EGF/EHD3/F2R/FGF2/FKBP1B/FMR1/GP1BA/GP1BB/GP5/ITPR1/LETM1/LYN/PDGFB/PKD2/PLCB2/PPP3R1/PTPN6/SESTD1/TGFB1,31
1,GO:0039702,viral budding via host ESCRT complex,5/737,22/18986,0.22727272727272727,5.854816824966079,4.578663473293329,0.0013203250269984508,0.010662247387836547,0.007539095238571094,CHMP1A/CHMP6/VPS28/VPS37A/VPS4B,5
1,GO:0071897,DNA biosynthetic process,16/737,175/18986,0.09142857142857143,2.3553091684434966,3.6196865827788574,0.0013312297309610616,0.010733431551359517,0.007589428359606152,CCN2/CCT5/CDKN1A/CDKN2D/FGF2/GFER/NEK7/NFATC1/PDGFB/PRKD2/RFC4/RGCC/RRM2B/SRC/TP53/VEGFA,16
1,GO:0010959,regulation of metal ion transport,29/737,408/18986,0.07107843137254902,1.8310652619256658,3.4102423295607873,0.0013413355124450757,0.010786015772831304,0.007626609775427939,ABL1/BAX/CACNB3/CCL4/CCL5/CD63/CD84/COMMD1/CORO1A/CRACR2A/CXCL11/CXCL12/DMD/EGF/EHD3/F2R/FKBP1B/FMR1/FXYD5/LYN/PDGFB/PKD2/PPP3R1/PTPN6/SERPINE2/SESTD1/SLMAP/TGFB1/WWP2,29
1,GO:0034605,cellular response to heat,9/737,69/18986,0.13043478260869565,3.36015574302401,3.946922372687654,0.0013440518096986048,0.010786015772831304,0.007626609775427939,CDKN1A/DNAJB6/EEF1D/HSBP1/HSPA1A/HTRA2/IRAK1/LYN/MAPKAPK2,9
1,GO:0098930,axonal transport,9/737,69/18986,0.13043478260869565,3.36015574302401,3.946922372687654,0.0013440518096986048,0.010786015772831304,0.007626609775427939,AP3B1/AP3S2/ATG16L1/BLOC1S3/HSBP1/HSPB1/MAP2/RAB27B/SNAPIN,9
1,GO:0002366,leukocyte activation involved in immune response,24/737,315/18986,0.0761904761904762,1.9627576403695808,3.4626450125930446,0.001351876608060312,0.010831884959434887,0.007659043103387925,ABL1/ANXA3/BCR/CD40/CD40LG/CD69/CD84/CORO1A/CRACR2A/FES/LAT/LAT2/LYN/MDK/NMI/PTPN6/SNAP23/STX4/STXBP1/STXBP3/TGFB1/TP53/UNG/VAMP8,24
1,GO:0140888,interferon-mediated signaling pathway,12/737,112/18986,0.10714285714285714,2.7601279317697225,3.7544020638165967,0.0013576480964664543,0.010861184771731635,0.007679760506327705,AZI2/CDC37/FADD/GIGYF2/IRAK1/MAVS/PTPN1/PTPN6/STAT2/TANK/TP53/YTHDF3,12
1,GO:0046718,symbiont entry into host cell,15/737,159/18986,0.09433962264150944,2.4303013235708253,3.639611683275715,0.0013598365988660842,0.010861774139620854,0.007680177238418582,DAG1/DYNLT1/F11R/HSPA1A/ITGB5/JPT2/P4HB/PIKFYVE/SRC/TRIM21/TRIM25/TRIM5/TRIM58/VAMP8/WWP2,15
1,GO:0008088,axo-dendritic transport,10/737,83/18986,0.12048192771084337,3.103758316849488,3.860015370202146,0.0013771908788465543,0.01098331110831662,0.007766113978458013,AP3B1/AP3S2/APP/ATG16L1/BLOC1S3/HSBP1/HSPB1/MAP2/RAB27B/SNAPIN,10
1,GO:0043039,tRNA aminoacylation,7/737,44/18986,0.1590909090909091,4.098371777476255,4.134913790115744,0.001413001704001568,0.011234019739554263,0.007943385821745821,DARS1/FARSA/HARS1/MARS1/NARS1/TARS1/YARS1,7
1,GO:0060236,regulation of mitotic spindle organization,7/737,44/18986,0.1590909090909091,4.098371777476255,4.134913790115744,0.001413001704001568,0.011234019739554263,0.007943385821745821,CHMP1A/CHMP6/DCTN1/HSPA1A/PSRC1/TACC3/VPS4B,7
1,GO:0034762,regulation of transmembrane transport,33/737,487/18986,0.06776180698151951,1.745625057464219,3.3498885466853965,0.0014405674128392914,0.01143547794797929,0.008085833521997161,ABL1/AKT2/APPL2/ASPSCR1/BAX/CACNB3/CD63/COMMD1/CORO1A/CRACR2A/CXCL11/DMD/EHD3/F2R/FABP5/FKBP1B/FMR1/FXYD5/GOPC/IL1B/LYN/MINK1/PKD2/PPIF/PPP3R1/PTPN6/SESTD1/SLMAP/STXBP3/TGFB1/WWP2/YES1/YWHAQ,33
1,GO:0042770,signal transduction in response to DNA damage,17/737,194/18986,0.08762886597938144,2.257424219110632,3.537656758479578,0.0015210753473465998,0.012055930530821199,0.008524545075285526,ABL1/BID/CASP2/CASP9/CDK5RAP3/CDKN1A/CRADD/DGKZ/FOXO3/GIGYF2/LYN/MAP2K6/MIF/SPRED2/TP53/TRIAP1/YJU2,17
1,GO:0043280,positive regulation of cysteine-type endopeptidase activity involved in apoptotic process,11/737,99/18986,0.1111111111111111,2.8623548922056385,3.733516373935681,0.0015814688831334723,0.012515291500421438,0.008849351466726916,AIFM1/BCL2L11/CASP9/CRADD/DIABLO/EIF2AK3/F2R/HTRA2/MAP3K5/PPM1F/SMAD3,11
1,GO:0035196,miRNA processing,7/737,45/18986,0.15555555555555556,4.0072968490878935,4.0588276772625465,0.0016181687256980686,0.01270782045135364,0.008985485439656103,PRKRA/SMAD1/SMAD2/SMAD3/TARBP2/TGFB1/TP53,7
1,GO:0043038,amino acid activation,7/737,45/18986,0.15555555555555556,4.0072968490878935,4.0588276772625465,0.0016181687256980686,0.01270782045135364,0.008985485439656103,DARS1/FARSA/HARS1/MARS1/NARS1/TARS1/YARS1,7
1,GO:0048489,synaptic vesicle transport,7/737,45/18986,0.15555555555555556,4.0072968490878935,4.0588276772625465,0.0016181687256980686,0.01270782045135364,0.008985485439656103,AP3B1/AP3S2/BLOC1S3/DNM1/DNM3/MAP2/SNAPIN,7
1,GO:1901524,regulation of mitophagy,7/737,45/18986,0.15555555555555556,4.0072968490878935,4.0588276772625465,0.0016181687256980686,0.01270782045135364,0.008985485439656103,ATP5IF1/BNIP3L/CDC37/HTRA2/RNF41/TIGAR/TP53,7
1,GO:2001239,regulation of extrinsic apoptotic signaling pathway in absence of ligand,7/737,45/18986,0.15555555555555556,4.0072968490878935,4.0588276772625465,0.0016181687256980686,0.01270782045135364,0.008985485439656103,BCL2L1/COL2A1/HSPA1A/HTRA2/IL1B/IL7/PF4,7
1,GO:0009219,pyrimidine deoxyribonucleotide metabolic process,5/737,23/18986,0.21739130434782608,5.600259571706684,4.436211488565931,0.0016337456390288368,0.012791032929957478,0.0090443235793477,DUT/NT5C/SHMT1/TYMP/UNG,5
1,GO:0036303,lymph vessel morphogenesis,5/737,23/18986,0.21739130434782608,5.600259571706684,4.436211488565931,0.0016337456390288368,0.012791032929957478,0.0090443235793477,FGF2/LGALS8/VASH1/VEGFA/VEGFC,5
1,GO:0030902,hindbrain development,15/737,162/18986,0.09259259259259259,2.3852957435046984,3.558472050402921,0.0016391958476849066,0.012814170279618996,0.009060683608928827,ABL1/ARL13B/COMT/CRKL/EGF/FGF2/MAP2K1/MDK/OPHN1/PRKG1/SCRIB/SERPINE2/SMAD1/MTPN/TP53,15
1,GO:0021681,cerebellar granular layer development,4/737,14/18986,0.2857142857142857,7.360341151385927,4.784178550164048,0.0016508276145288144,0.012826539287936898,0.009069429526025229,MDK/OPHN1/SERPINE2/MTPN,4
1,GO:0032308,positive regulation of prostaglandin secretion,4/737,14/18986,0.2857142857142857,7.360341151385927,4.784178550164048,0.0016508276145288144,0.012826539287936898,0.009069429526025229,IL1B/MAP2K6/MIF/PLA2G4A,4
1,GO:0038180,nerve growth factor signaling pathway,4/737,14/18986,0.2857142857142857,7.360341151385927,4.784178550164048,0.0016508276145288144,0.012826539287936898,0.009069429526025229,BDNF/CORO1A/RAPGEF2/SORT1,4
1,GO:0051547,regulation of keratinocyte migration,4/737,14/18986,0.2857142857142857,7.360341151385927,4.784178550164048,0.0016508276145288144,0.012826539287936898,0.009069429526025229,ARF6/EPPK1/HBEGF/PTEN,4
1,GO:0048041,focal adhesion assembly,10/737,85/18986,0.11764705882352941,3.0307287093942055,3.770843336440618,0.0016532649938890626,0.012826539287936898,0.009069429526025229,ABL1/BCR/DUSP3/ITGB1BP1/PPM1F/PTEN/SDC4/SMAD3/SRC/VEGFA,10
1,GO:0050770,regulation of axonogenesis,14/737,146/18986,0.0958904109589041,2.470251482314455,3.58382763228383,0.0016618061942996623,0.012873358392040823,0.009102534524623061,BDNF/BRSK2/CXCL12/IST1/MAP2/MAP2K1/PLXNA4/PLXNB3/PTEN/SEMA4D/SPART/STK11/TWF2/VEGFA,14
1,GO:0051607,defense response to virus,24/737,320/18986,0.075,1.932089552238806,3.379298126154847,0.0016697953699323256,0.012913434661893371,0.00913087177888427,ATG16L1/AZI2/BCL2L1/BECN1/BNIP3L/CD40/EIF2AK2/FADD/GBP2/IFIT3/IL1B/MAVS/NT5C3A/PCBP2/PRKRA/RAB2B/C1QBP/STAT2/TANK/TARBP2/TRIM21/TRIM25/TRIM5/VAMP8,24
1,GO:0019693,ribose phosphate metabolic process,27/737,376/18986,0.07180851063829788,1.8498729755477932,3.3449856935749334,0.0016720081873362717,0.012913434661893371,0.00913087177888427,ABHD14B/AK2/APP/APRT/ATP5IF1/ENO1/ENO2/FIS1/GAPDH/GIT1/GMPR2/GPI/HSPA1A/ITPA/NDUFA5/NDUFB7/NDUFS6/NT5C/NUDT2/NUDT5/PDE5A/PFKFB2/SDHB/SRC/SULT1A1/TGFB1/TIGAR,27
1,GO:0008361,regulation of cell size,16/737,179/18986,0.0893854748603352,2.3026765613274414,3.5190291259097717,0.001684438086306713,0.012989900917824742,0.00918493977834386,ABL1/AKT1S1/AKT3/BDNF/CXCL12/IST1/LAMTOR5/MAP2/PLXNA4/PTEN/SEMA4D/SPART/MTPN/TWF2/VAV3/VEGFA,16
1,GO:0045732,positive regulation of protein catabolic process,18/737,213/18986,0.08450704225352113,2.1770023123817532,3.471520920471673,0.001688200040871229,0.012999393418162867,0.009191651765179106,APP/AXIN1/BAG6/CSNK1D/CSNK2A1/DAB2/ELOB/FMR1/FOXO1/HSPA1A/IL1B/MAPK9/NUB1/RNF41/SIRT2/SNX9/TNFSF12/VPS28,18
1,GO:0022604,regulation of cell morphogenesis,20/737,248/18986,0.08064516129032258,2.0775156475686085,3.4324744866515156,0.0016926497587331302,0.013014145450379277,0.009202082678268672,CAMSAP1/CCL13/COCH/CORO1A/DAG1/DBN1/DLG4/DNMBP/F11R/FES/FGD3/MYH9/PLEKHO1/PLXNA4/PLXNB3/SEMA4D/SPARC/SRC/VEGFA/WASF3,20
1,GO:0042113,B cell activation,22/737,284/18986,0.07746478873239436,1.9955854530166068,3.397138044890792,0.001708133840811842,0.013043787964641828,0.009223042399986536,ABL1/BANK1/BAX/CASP3/CASP8/CD40/CD40LG/CDKN1A/HHEX/IL7/LAT2/LYN/MIF/PTPN6/SKAP2/STAT5B/TGFB1/TOP2B/TP53/TXLNA/UNG/VAV3,22
1,GO:0031638,zymogen activation,8/737,58/18986,0.13793103448275862,3.553268142048379,3.9136102125925625,0.001709203524183012,0.013043787964641828,0.009223042399986536,ANXA2/CASP8/ENO1/FADD/LGMN/SERPINE1/SERPINE2/VSIR,8
1,GO:0031663,lipopolysaccharide-mediated signaling pathway,8/737,58/18986,0.13793103448275862,3.553268142048379,3.9136102125925625,0.001709203524183012,0.013043787964641828,0.009223042399986536,BMP6/CD36/IRAK1/IRAK4/LYN/MIF/MTDH/TRIM5,8
1,GO:0039532,negative regulation of cytoplasmic pattern recognition receptor signaling pathway,8/737,58/18986,0.13793103448275862,3.553268142048379,3.9136102125925625,0.001709203524183012,0.013043787964641828,0.009223042399986536,ERBIN/PCBP2/C1QBP/SIRT2/TARBP2/TAX1BP1/UFD1/ZNRF4,8
1,GO:0045010,actin nucleation,8/737,58/18986,0.13793103448275862,3.553268142048379,3.9136102125925625,0.001709203524183012,0.013043787964641828,0.009223042399986536,ARFIP1/BRK1/CORO1A/GMFG/IQGAP2/WASF1/WASF3/WASHC3,8
1,GO:0036294,cellular response to decreased oxygen levels,15/737,163/18986,0.09202453987730061,2.3706620272868784,3.53182577303414,0.0017423594706044059,0.013277089378374227,0.009388005893464314,AIFM1/BECN1/BNIP3L/ENO1/FOXO3/IRAK1/P4HB/PTPN1/RGCC/SIRT2/SRC/TGFB1/TIGAR/TP53/VEGFA,15
1,GO:0034763,negative regulation of transmembrane transport,14/737,147/18986,0.09523809523809523,2.4534470504619756,3.5550725524146385,0.0017729086005449078,0.013376172338841443,0.009458065783120794,AKT2/APPL2/COMMD1/FABP5/FKBP1B/FMR1/GOPC/IL1B/PPIF/PPP3R1/SESTD1/STXBP3/TGFB1/YWHAQ,14
1,GO:0000096,sulfur amino acid metabolic process,6/737,34/18986,0.17647058823529413,4.546093064091308,4.158929637291677,0.0017788017343124427,0.013376172338841443,0.009458065783120794,BLMH/MMUT/MSRA/SMS/ENOPH1/TST,6
1,GO:0030212,hyaluronan metabolic process,6/737,34/18986,0.17647058823529413,4.546093064091308,4.158929637291677,0.0017788017343124427,0.013376172338841443,0.009458065783120794,EGF/FGF2/IL1B/NFKB1/PDGFB/TGFB1,6
1,GO:0060966,regulation of gene silencing by regulatory ncRNA,6/737,34/18986,0.17647058823529413,4.546093064091308,4.158929637291677,0.0017788017343124427,0.013376172338841443,0.009458065783120794,ELOB/FMR1/PRKRA/TARBP2/TGFB1/TP53,6
1,GO:0090162,establishment of epithelial cell polarity,6/737,34/18986,0.17647058823529413,4.546093064091308,4.158929637291677,0.0017788017343124427,0.013376172338841443,0.009458065783120794,ARF6/FRMD4B/IFT20/OPHN1/PARD3/SH3BP1,6
1,GO:0098884,postsynaptic neurotransmitter receptor internalization,6/737,34/18986,0.17647058823529413,4.546093064091308,4.158929637291677,0.0017788017343124427,0.013376172338841443,0.009458065783120794,AP2B1/NUMB/OPHN1/PPP3R1/RABEP1/SCRIB,6
1,GO:0140239,postsynaptic endocytosis,6/737,34/18986,0.17647058823529413,4.546093064091308,4.158929637291677,0.0017788017343124427,0.013376172338841443,0.009458065783120794,AP2B1/NUMB/OPHN1/PPP3R1/RABEP1/SCRIB,6
1,GO:1901889,negative regulation of cell junction assembly,6/737,34/18986,0.17647058823529413,4.546093064091308,4.158929637291677,0.0017788017343124427,0.013376172338841443,0.009458065783120794,APP/DKK1/IL1B/ITGB1BP1/PTEN/SRC,6
1,GO:2000191,regulation of fatty acid transport,6/737,34/18986,0.17647058823529413,4.546093064091308,4.158929637291677,0.0017788017343124427,0.013376172338841443,0.009458065783120794,AKT2/FIS1/IL1B/MAP2K6/MIF/PLA2G4A,6
1,GO:0016052,carbohydrate catabolic process,16/737,180/18986,0.08888888888888889,2.289883913764511,3.4942837810746163,0.0017840820988403543,0.013396265584274942,0.009472273377961252,APP/ENO1/ENO2/FUT8/GAPDH/GIT1/GLB1/GPI/MPI/NUDT5/PFKFB2/PGD/PMM2/SRC/TIGAR/TP53,16
1,GO:0072332,intrinsic apoptotic signaling pathway by p53 class mediator,10/737,86/18986,0.11627906976744186,2.9954876778896216,3.7272359212658994,0.0018072083800974503,0.013550105460117525,0.00958105095864188,BAG6/BAX/CDKN1A/FHIT/HNRNPK/MIF/RRM2B/STK11/TP53/TRIAP1,10
1,GO:0009225,nucleotide-sugar metabolic process,7/737,46/18986,0.15217391304347827,3.920181700194679,3.9849081229144727,0.001845776111717511,0.01377893329910049,0.009742851262890779,FUT8/GNE/GNPDA2/GPI/MPI/NAGK/PMM2,7
1,GO:0034314,Arp2/3 complex-mediated actin nucleation,7/737,46/18986,0.15217391304347827,3.920181700194679,3.9849081229144727,0.001845776111717511,0.01377893329910049,0.009742851262890779,ARFIP1/BRK1/GMFG/IQGAP2/WASF1/WASF3/WASHC3,7
1,GO:0043300,regulation of leukocyte degranulation,7/737,46/18986,0.15217391304347827,3.920181700194679,3.9849081229144727,0.001845776111717511,0.01377893329910049,0.009742851262890779,BCR/CD84/FES/LYN/STX4/STXBP1/VAMP8,7
1,GO:0044409,symbiont entry into host,15/737,164/18986,0.09146341463414634,2.356206771022934,3.505374773050315,0.0018508874325650964,0.01379703607206725,0.0097556514282325,DAG1/DYNLT1/F11R/HSPA1A/ITGB5/JPT2/P4HB/PIKFYVE/SRC/TRIM21/TRIM25/TRIM5/TRIM58/VAMP8/WWP2,15
1,GO:0046785,microtubule polymerization,11/737,101/18986,0.10891089108910891,2.8056745973104773,3.656463055407894,0.0018599337901864528,0.013844376733909595,0.009789125211507647,ABL1/CAMSAP1/CSNK1D/DCTN1/FES/FKBP4/GIT1/HSPA1A/MAP2/MZT1/PSRC1,11
1,GO:0032946,positive regulation of mononuclear cell proliferation,14/737,148/18986,0.0945945945945946,2.4368697055264223,3.5265525426748643,0.0018901120698310856,0.014029866456244053,0.009920281864658546,AIF1/BCL2L1/CCL5/CD40/CD40LG/CDKN1A/CORO1A/FADD/IL1B/IL7/MIF/NCK2/STAT5B/VAV3,14
1,GO:0007259,cell surface receptor signaling pathway via JAK-STAT,13/737,132/18986,0.09848484848484848,2.537087290818634,3.561256500525128,0.001890316897920733,0.014029866456244053,0.009920281864658546,ARL2BP/CD40/CTF1/EGF/F2R/HGS/NMI/PIBF1/PKD2/SH2B3/STAMBP/STAT2/STAT5B,13
1,GO:0031032,actomyosin structure organization,18/737,216/18986,0.08333333333333333,2.146766169154229,3.406348833550124,0.00197099284839303,0.01460753141319856,0.010328739009578421,ABL1/ARHGEF10/BAG4/CCN2/CDC42BPB/F11R/IQGAP2/ITGB5/ITGB1BP1/MYH9/PPM1F/PRKAR1A/RGCC/RHOC/SDC4/SMAD3/SRC/WAS,18
1,GO:0043534,blood vessel endothelial cell migration,16/737,182/18986,0.08791208791208792,2.264720354272593,3.445280530396014,0.0019982279670675055,0.014768800657813072,0.010442769771572205,ABL1/AKT3/ANGPT1/CD40/FGF2/HSPB1/ITGB1BP1/MYH9/PDGFB/PRKD2/RGCC/SH3BP1/TGFB1/VASH1/VEGFA/VEGFC,16
1,GO:2001026,regulation of endothelial cell chemotaxis,5/737,24/18986,0.20833333333333334,5.366915422885572,4.301875521332248,0.001998503983095811,0.014768800657813072,0.010442769771572205,FGF2/HSPB1/LGMN/PRKD2/VEGFA,5
1,GO:0001894,tissue homeostasis,21/737,270/18986,0.07777777777777778,2.0036484245439468,3.337924276281788,0.002048615872255187,0.015095683098856014,0.010673902830597895,AKT3/ANGPT1/BAX/CCN2/COL2A1/CORO1A/DMD/F11R/F2R/GIGYF2/IL7/JAM3/PBLD/PECAM1/PRDX5/SCRIB/SRC/STK11/TPP1/VEGFA/XIAP,21
1,GO:0060249,anatomical structure homeostasis,21/737,270/18986,0.07777777777777778,2.0036484245439468,3.337924276281788,0.002048615872255187,0.015095683098856014,0.010673902830597895,AKT3/ANGPT1/BAX/CCN2/COL2A1/CORO1A/DMD/F11R/F2R/GIGYF2/IL7/JAM3/PBLD/PECAM1/PRDX5/SCRIB/SRC/STK11/TPP1/VEGFA/XIAP,21
1,GO:0038094,Fc-gamma receptor signaling pathway,6/737,35/18986,0.17142857142857143,4.416204690831557,4.065194694705163,0.0020774095059525946,0.015285924387639723,0.010808419236218446,ABL1/APPL2/LYN/SRC/VAV3/YES1,6
1,GO:0007409,axonogenesis,31/737,459/18986,0.06753812636165578,1.739862777615192,3.2245898280365997,0.0020823190743173648,0.015297171838227054,0.010816372118766055,ABL1/APP/BDNF/BRSK2/CNP/DAG1/CXCL12/ENAH/IST1/KIFBP/MAP2/MAP2K1/MYCBP2/NEXN/NUMB/OPHN1/PARD3/PLXNA4/PLXNB3/PRKG1/PTEN/RAB10/SEMA4D/SNAP25/SPART/STK11/STXBP1/TOP2B/TWF2/VASP/VEGFA,31
1,GO:0070665,positive regulation of leukocyte proliferation,15/737,166/18986,0.09036144578313253,2.3278187376371156,3.453047372477623,0.0020848949156462107,0.015297171838227054,0.010816372118766055,AIF1/BCL2L1/CCL5/CD40/CD40LG/CDKN1A/CORO1A/FADD/IL1B/IL7/LYN/MIF/NCK2/STAT5B/VAV3,15
1,GO:0000819,sister chromatid segregation,19/737,235/18986,0.08085106382978724,2.082819942838997,3.3565836060316987,0.0021203111139426025,0.015534832926118696,0.010984418264287076,ABRAXAS2/ARHGEF10/BECN1/CDC27/CHMP1A/CHMP6/DCTN2/HSPA1A/KIF22/LATS1/MZT1/NUDC/PIBF1/PPP1CC/PSRC1/SMARCA2/TACC3/TOP2B/VPS4B,19
1,GO:0038061,non-canonical NF-kappaB signal transduction,13/737,134/18986,0.09701492537313433,2.499220316328804,3.4999243036877306,0.002162518776488338,0.01582150489464972,0.011187119176615332,APP/BIRC2/EDAR/EIF2AK2/IL1B/NFKB1/NMI/PPM1A/PRDX1/TAB2/TNFSF14/TRAF2/TRIM40,13
1,GO:0051310,metaphase chromosome alignment,11/737,103/18986,0.10679611650485436,2.751195478916099,3.5812715462733564,0.0021770875395418898,0.01583243407121553,0.011194847012972119,ABRAXAS2/BECN1/CHMP1A/CHMP6/DCTN2/KIF22/NUDC/PIBF1/PSRC1/SIRT2/VPS4B,11
1,GO:0043269,regulation of monoatomic ion transport,32/737,480/18986,0.06666666666666667,1.7174129353233831,3.199285898780578,0.0021810494993761242,0.01583243407121553,0.011194847012972119,ABL1/BAX/CACNB3/CCL4/CCL5/CD63/CD84/COMMD1/CORO1A/CRACR2A/CXCL11/CXCL12/DMD/EGF/EHD3/F2R/FKBP1B/FMR1/FXYD5/GOPC/LYN/PDGFB/PKD2/PPIF/PPP3R1/PTPN6/SERPINE2/SESTD1/SLMAP/TGFB1/WWP2/YWHAQ,32
1,GO:0032306,regulation of prostaglandin secretion,4/737,15/18986,0.26666666666666666,6.8696517412935325,4.570170061601204,0.0021825084350507386,0.01583243407121553,0.011194847012972119,IL1B/MAP2K6/MIF/PLA2G4A,4
1,GO:1900119,positive regulation of execution phase of apoptosis,4/737,15/18986,0.26666666666666666,6.8696517412935325,4.570170061601204,0.0021825084350507386,0.01583243407121553,0.011194847012972119,FADD/HTRA2/SIRT2/TP53,4
1,GO:1903543,positive regulation of exosomal secretion,4/737,15/18986,0.26666666666666666,6.8696517412935325,4.570170061601204,0.0021825084350507386,0.01583243407121553,0.011194847012972119,HGS/SDC4/STAM/VPS4B,4
1,GO:2000052,positive regulation of non-canonical Wnt signaling pathway,4/737,15/18986,0.26666666666666666,6.8696517412935325,4.570170061601204,0.0021825084350507386,0.01583243407121553,0.011194847012972119,ABL1/CSNK1D/DAB2/DKK1,4
1,GO:0042130,negative regulation of T cell proliferation,9/737,74/18986,0.12162162162162163,3.1331181928196856,3.6947202345346977,0.002208254304605482,0.015974076209089798,0.011294999778930932,ARG2/CASP3/PDE5A/PRKAR1A/PTPN6/SCRIB/SDC4/TGFB1/VSIR,9
1,GO:0043112,receptor metabolic process,9/737,74/18986,0.12162162162162163,3.1331181928196856,3.6947202345346977,0.002208254304605482,0.015974076209089798,0.011294999778930932,ANXA2/BECN1/CAMLG/EHD3/FUT8/LGMN/PTPN1/SCRIB/TGFB1,9
1,GO:1904951,positive regulation of establishment of protein localization,24/737,327/18986,0.07339449541284404,1.8907298370532657,3.2650903496160577,0.0022210966789022514,0.016044377697386727,0.011344708775205815,AKT2/APP/ARF6/BMP6/CNST/HCLS1/HTRA2/IL1B/ITPR1/ITGB1BP1/MAVS/MICALL2/NMT1/PFKFB2/PPM1A/PRKAR1A/SMAD3/SNAP25/SRC/STX4/SYTL4/TGFB1/VEGFC/VPS28,24
1,GO:0006417,regulation of translation,31/737,461/18986,0.06724511930585683,1.73231456599864,3.198810669660494,0.0022253850450323774,0.016052777515851532,0.011350648145123748,AKT2/APP/BANK1/CASC3/CCL5/CIRBP/CSDE1/CSNK2A1/EIF2AK2/EIF2AK3/EIF4B/EIF4E/EIF4G1/EIF4G3/EIF5/FMR1/FOXO3/GAPDH/GIGYF2/HSPB1/LARP1/NCK2/NGRN/OTUD6B/C1QBP/SCRIB/SHMT1/MTPN/TARBP2/TIA1/YTHDF3,31
1,GO:0050708,regulation of protein secretion,21/737,272/18986,0.07720588235294118,1.9889157155399473,3.3012615003935015,0.0022392199160766704,0.016129920741893098,0.011405194818726675,ARF6/ARFIP1/BRSK2/BMP6/CCL5/ENSA/ERP29/F2R/FKBP1B/FOXO1/GNAS/IL1B/ITPR1/PFKFB2/PRKAR1A/RAB11FIP3/SNAP25/STX4/SYTL4/TGFB1/VEGFC,21
1,GO:0006959,humoral immune response,23/737,310/18986,0.07419354838709677,1.9113143957631198,3.2510724969822964,0.002368518848165605,0.017011152932586468,0.012028299232952804,APP/CCL13/CCL17/CCL28/CCL4/CCL5/CCL26/CCL8/CXCL1/CXCL11/CXCL3/CXCL5/CXCL6/CXCL12/GAPDH/GPI/IL1B/IL7/PF4/PPBP/PTPN6/RGCC/C1QBP,23
1,GO:0070231,T cell apoptotic process,8/737,61/18986,0.13114754098360656,3.378517249816491,3.739149140949182,0.002371968091770484,0.017011152932586468,0.012028299232952804,ARG2/BAX/BCL2L11/CCL5/DFFA/FADD/PRKD2/TP53,8
1,GO:0034331,cell junction maintenance,7/737,48/18986,0.14583333333333334,3.756840796019901,3.8431271959468014,0.002374804644210377,0.017011152932586468,0.012028299232952804,ARF6/DCTN1/F2R/MTSS1/OPHN1/PLXNA4/SORT1,7
1,GO:0090224,regulation of spindle organization,7/737,48/18986,0.14583333333333334,3.756840796019901,3.8431271959468014,0.002374804644210377,0.017011152932586468,0.012028299232952804,CHMP1A/CHMP6/DCTN1/HSPA1A/PSRC1/TACC3/VPS4B,7
1,GO:0001569,branching involved in blood vessel morphogenesis,6/737,36/18986,0.16666666666666666,4.293532338308458,3.974917180456321,0.0024123472857969746,0.01713877424655687,0.01211853811088318,ABL1/FKBPL/MDK/PPP3R1/STK4/VEGFA,6
1,GO:0030947,regulation of vascular endothelial growth factor receptor signaling pathway,6/737,36/18986,0.16666666666666666,4.293532338308458,3.974917180456321,0.0024123472857969746,0.01713877424655687,0.01211853811088318,HGS/HHEX/IL1B/PRKD2/PTPN1/VEGFC,6
1,GO:0070306,lens fiber cell differentiation,6/737,36/18986,0.16666666666666666,4.293532338308458,3.974917180456321,0.0024123472857969746,0.01713877424655687,0.01211853811088318,CRYGD/FGF2/SMAD3/SPRED2/SPRY2/TGFB1,6
1,GO:1901099,negative regulation of signal transduction in absence of ligand,6/737,36/18986,0.16666666666666666,4.293532338308458,3.974917180456321,0.0024123472857969746,0.01713877424655687,0.01211853811088318,BCL2L1/COL2A1/HSPA1A/IL1B/IL7/PF4,6
1,GO:2001240,negative regulation of extrinsic apoptotic signaling pathway in absence of ligand,6/737,36/18986,0.16666666666666666,4.293532338308458,3.974917180456321,0.0024123472857969746,0.01713877424655687,0.01211853811088318,BCL2L1/COL2A1/HSPA1A/IL1B/IL7/PF4,6
1,GO:0010623,programmed cell death involved in cell development,5/737,25/18986,0.2,5.15223880597015,4.17485327907423,0.0024193168474987794,0.01713877424655687,0.01211853811088318,BAX/BCL2L1/CASP2/FGF2/IL1B,5
1,GO:0030859,polarized epithelial cell differentiation,5/737,25/18986,0.2,5.15223880597015,4.17485327907423,0.0024193168474987794,0.01713877424655687,0.01211853811088318,IFT20/OPHN1/RAB10/SCRIB/SH3BP1,5
1,GO:0046755,viral budding,5/737,25/18986,0.2,5.15223880597015,4.17485327907423,0.0024193168474987794,0.01713877424655687,0.01211853811088318,CHMP1A/CHMP6/VPS28/VPS37A/VPS4B,5
1,GO:0000082,G1/S transition of mitotic cell cycle,20/737,256/18986,0.078125,2.0125932835820897,3.2779750637584395,0.002456800191579836,0.017380338545391238,0.012289344151008316,AIF1/APPL2/BCAT1/BID/CASP2/CDKN1A/CDKN2D/CRADD/DGKZ/EIF4E/EIF4G1/GIGYF2/LATS1/PKD2/PTEN/PTPN6/RGCC/SMARCA2/TP53/TRIAP1,20
1,GO:0045931,positive regulation of mitotic cell cycle,13/737,136/18986,0.09558823529411764,2.462467076382792,3.4396906339799944,0.002466159303121727,0.01739861838026537,0.012302269513837416,ABL1/AIF1/APP/DUSP3/DYNLT3/EIF4E/EIF4G1/LGMN/RGCC/RRM2B/STAT5B/TGFB1/VPS4B,13
1,GO:1904950,negative regulation of establishment of protein localization,13/737,136/18986,0.09558823529411764,2.462467076382792,3.4396906339799944,0.002466159303121727,0.01739861838026537,0.012302269513837416,ANGPT1/BAG4/CD36/ERP29/F2R/FKBP1B/FOXO1/IL1B/ITGB1BP1/PPM1F/RAB11FIP3/SYTL4/WWP2,13
1,GO:1901990,regulation of mitotic cell cycle phase transition,26/737,368/18986,0.07065217391304347,1.820084360804672,3.192533295616401,0.002521107312821117,0.01776187538909363,0.012559122416046285,AIF1/APP/APPL2/BID/CASP2/CDK5RAP3/CDKN1A/CDKN2D/CRADD/DGKZ/EIF4G1/GIGYF2/PKD2/PPP1R9B/PTEN/PTPN6/RGCC/RRM2B/SIRT2/SMARCA2/TGFB1/TP53/TRIAP1/USP47/VPS4B/ZFYVE19,26
1,GO:0001823,mesonephros development,11/737,105/18986,0.10476190476190476,2.6987917555081737,3.5078564051380416,0.002536766429829644,0.017823300114370794,0.012602554802955248,ARG2/FGF2/MAGED1/PKD2/SDC4/SMAD1/SMAD2/SMAD3/TGFB1/VEGFA/ZBTB16,11
1,GO:2000060,positive regulation of ubiquitin-dependent protein catabolic process,11/737,105/18986,0.10476190476190476,2.6987917555081737,3.5078564051380416,0.002536766429829644,0.017823300114370794,0.012602554802955248,AXIN1/CSNK1D/DAB2/EGF/ELOB/HSPA1A/IKBKG/MAPK9/NUB1/PTEN/SIRT2,11
1,GO:0050672,negative regulation of lymphocyte proliferation,10/737,90/18986,0.1111111111111111,2.8623548922056385,3.55892034464524,0.0025428872808887586,0.01784189764295719,0.012615704801648284,ARG2/CASP3/LYN/PDE5A/PRKAR1A/PTPN6/SCRIB/SDC4/TGFB1/VSIR,10
1,GO:0043434,response to peptide hormone,30/737,446/18986,0.06726457399103139,1.7328157419182117,3.147218268771676,0.0025884018603838017,0.0181364692427438,0.012823991409957804,AKT2/APPL2/COMT/DAG1/CXCL12/EREG/FOXO1/GNAS/IL1B/INPPL1/LONP1/LYN/NFKB1/NUDC/PRKAR1A/PTPN1/RAB10/SLC27A4/SMAD3/SNX5/SORT1/SRC/STAT2/STAT5B/STK11/STXBP3/SYAP1/TGFB1/TRIM24/USO1,30
1,GO:0045599,negative regulation of fat cell differentiation,8/737,62/18986,0.12903225806451613,3.324025036109773,3.6834068076118434,0.0026326963843231323,0.01842170113063162,0.01302567406555974,AXIN1/FOXO1/SIRT2/SMAD3/SOD2/SORT1/TGFB1/VEGFA,8
1,GO:0030330,"DNA damage response, signal transduction by p53 class mediator",9/737,76/18986,0.11842105263157894,3.0506677140612726,3.5997789634785367,0.002658115827339789,0.018549025664697225,0.013115703095426591,CASP2/CDKN1A/CRADD/FOXO3/MIF/SPRED2/TP53/TRIAP1/YJU2,9
1,GO:1902893,regulation of miRNA transcription,9/737,76/18986,0.11842105263157894,3.0506677140612726,3.5997789634785367,0.002658115827339789,0.018549025664697225,0.013115703095426591,APP/FGF2/FOXO3/PDGFB/SMAD1/SMAD3/TGFB1/TP53/VEGFA,9
1,GO:0014037,Schwann cell differentiation,7/737,49/18986,0.14285714285714285,3.6801705756929635,3.7750646579989233,0.0026795782092401466,0.01857262305351875,0.013132388410936155,AKT2/ARHGEF10/DAG1/MAP2K1/PARD3/PPP3R1/SIRT2,7
1,GO:0033628,regulation of cell adhesion mediated by integrin,7/737,49/18986,0.14285714285714285,3.6801705756929635,3.7750646579989233,0.0026795782092401466,0.01857262305351875,0.013132388410936155,CCL5/CRKL/JAM3/ITGB1BP1/LYN/PTPN6/SERPINE1,7
1,GO:0045197,establishment or maintenance of epithelial cell apical/basal polarity,7/737,49/18986,0.14285714285714285,3.6801705756929635,3.7750646579989233,0.0026795782092401466,0.01857262305351875,0.013132388410936155,DLG4/ERBIN/IFT20/OPHN1/PARD3/SCRIB/SH3BP1,7
1,GO:0050856,regulation of T cell receptor signaling pathway,7/737,49/18986,0.14285714285714285,3.6801705756929635,3.7750646579989233,0.0026795782092401466,0.01857262305351875,0.013132388410936155,CD226/DGKZ/DUSP3/IKBKG/PRKD2/PTPN6/SLA2,7
1,GO:0098927,vesicle-mediated transport between endosomal compartments,7/737,49/18986,0.14285714285714285,3.6801705756929635,3.7750646579989233,0.0026795782092401466,0.01857262305351875,0.013132388410936155,BECN1/CORO1A/DAB2/MAP2K1/RAB11FIP3/SRC/STX8,7
1,GO:0006626,protein targeting to mitochondrion,11/737,106/18986,0.10377358490566038,2.673331455927908,3.471789792112873,0.0027338057267426597,0.01888800021886804,0.013355386283631485,AIFM1/ATP5IF1/BAG4/BID/BNIP3L/FIS1/HTRA2/MICALL2/TIMM10/TIMM8A/TOMM20,11
1,GO:0009408,response to heat,11/737,106/18986,0.10377358490566038,2.673331455927908,3.471789792112873,0.0027338057267426597,0.01888800021886804,0.013355386283631485,CDKN1A/DNAJA2/DNAJB6/EEF1D/HSBP1/HSPA1A/HSPB1/HTRA2/IRAK1/LYN/MAPKAPK2,11
1,GO:1903531,negative regulation of secretion by cell,14/737,154/18986,0.09090909090909091,2.3419267299864317,3.3601638135633105,0.002736112181237894,0.01888800021886804,0.013355386283631485,BCR/CD84/ERP29/F2R/FKBP1B/FMR1/FOXO1/IL1B/PRKG1/RAB11FIP3/STXBP3/SYTL4/VAMP8/VPS4B,14
1,GO:0010661,positive regulation of muscle cell apoptotic process,6/737,37/18986,0.16216216216216217,4.1774909237595805,3.8878682728664393,0.0027863030791333413,0.019182912351781288,0.013563913677169505,FOXO1/MAP3K5/PTPN1/SOD2/TIGAR/TP53,6
1,GO:1900117,regulation of execution phase of apoptosis,6/737,37/18986,0.16216216216216217,4.1774909237595805,3.8878682728664393,0.0027863030791333413,0.019182912351781288,0.013563913677169505,BCL2L1/DFFA/FADD/HTRA2/SIRT2/TP53,6
1,GO:0006195,purine nucleotide catabolic process,13/737,138/18986,0.09420289855072464,2.426779147739563,3.3805173502201717,0.0028038892421646338,0.019278146114802622,0.013631251864254191,APP/ENO1/ENO2/GAPDH/GIT1/GPI/ITPA/NT5C/NUDT16/PDE5A/PFKFB2/SRC/TIGAR,13
1,GO:0031330,negative regulation of cellular catabolic process,12/737,122/18986,0.09836065573770492,2.5338879373623686,3.4156720240466347,0.0028111917043988,0.019293572377495925,0.013642159514338613,ANXA2/BCL2L1/BECN1/EIF4G1/HTRA2/RNF41/RNF5/SIRT2/TAB2/TIGAR/TIMP3/TP53,12
1,GO:0009306,protein secretion,26/737,371/18986,0.07008086253369272,1.8053666975097558,3.1482456420474536,0.002813645971718156,0.019293572377495925,0.013642159514338613,ARF6/ARFIP1/BLOC1S3/BRSK2/BMP6/CCL5/COMT/ENSA/ERP29/F2R/FKBP1B/FOXO1/GNAS/IL1B/ITPR1/PDIA4/PFKFB2/PRKAR1A/RAB11FIP3/SMAD2/SNAP25/STX4/STXBP3/SYTL4/TGFB1/VEGFC,26
1,GO:0043328,protein transport to vacuole involved in ubiquitin-dependent protein catabolic process via the multivesicular body sorting pathway,4/737,16/18986,0.25,6.440298507462686,4.374904375955785,0.002821430658752632,0.01929542991125635,0.013643472945121004,HGS/STAM/VPS28/VPS37A,4
1,GO:0071732,cellular response to nitric oxide,4/737,16/18986,0.25,6.440298507462686,4.374904375955785,0.002821430658752632,0.01929542991125635,0.013643472945121004,AIFM1/FOXO1/PTPN1/TRAF2,4
1,GO:0016082,synaptic vesicle priming,5/737,26/18986,0.19230769230769232,4.954075774971297,4.054450516475927,0.002900944405393415,0.01962373416924834,0.013875611346923016,SNAP23/SNAP25/SNAP29/STXBP1/SV2A,5
1,GO:0016188,synaptic vesicle maturation,5/737,26/18986,0.19230769230769232,4.954075774971297,4.054450516475927,0.002900944405393415,0.01962373416924834,0.013875611346923016,ATP6V1F/ATP6V1G1/DLG4/SNAPIN/STXBP1,5
1,GO:0031468,nuclear membrane reassembly,5/737,26/18986,0.19230769230769232,4.954075774971297,4.054450516475927,0.002900944405393415,0.01962373416924834,0.013875611346923016,CHMP1A/CHMP6/REEP4/SIRT2/VPS4B,5
1,GO:0032252,secretory granule localization,5/737,26/18986,0.19230769230769232,4.954075774971297,4.054450516475927,0.002900944405393415,0.01962373416924834,0.013875611346923016,MAP2/SNAP25/STXBP1/STXBP3/USO1,5
1,GO:0033622,integrin activation,5/737,26/18986,0.19230769230769232,4.954075774971297,4.054450516475927,0.002900944405393415,0.01962373416924834,0.013875611346923016,CXCL12/JAM3/ITGB1BP1/SELP/SRC,5
1,GO:0099149,regulation of postsynaptic neurotransmitter receptor internalization,5/737,26/18986,0.19230769230769232,4.954075774971297,4.054450516475927,0.002900944405393415,0.01962373416924834,0.013875611346923016,NUMB/OPHN1/PPP3R1/RABEP1/SCRIB,5
1,GO:1904996,positive regulation of leukocyte adhesion to vascular endothelial cell,5/737,26/18986,0.19230769230769232,4.954075774971297,4.054450516475927,0.002900944405393415,0.01962373416924834,0.013875611346923016,GP1BA/IRAK1/MDK/NFAT5/SELP,5
1,GO:2000178,negative regulation of neural precursor cell proliferation,5/737,26/18986,0.19230769230769232,4.954075774971297,4.054450516475927,0.002900944405393415,0.01962373416924834,0.013875611346923016,APPL2/SIRT2/SPINT2/TGFB1/TP53,5
1,GO:0061614,miRNA transcription,9/737,77/18986,0.11688311688311688,3.011048652839697,3.5534742135482733,0.00290871457433122,0.01962373416924834,0.013875611346923016,APP/FGF2/FOXO3/PDGFB/SMAD1/SMAD3/TGFB1/TP53/VEGFA,9
1,GO:0006919,activation of cysteine-type endopeptidase activity involved in apoptotic process,8/737,63/18986,0.12698412698412698,3.271262733949301,3.628792742807187,0.002915286053570188,0.01962373416924834,0.013875611346923016,AIFM1/BCL2L11/CASP9/CRADD/DIABLO/EIF2AK3/F2R/SMAD3,8
1,GO:0071709,membrane assembly,8/737,63/18986,0.12698412698412698,3.271262733949301,3.628792742807187,0.002915286053570188,0.01962373416924834,0.013875611346923016,ANXA2/CHMP1A/CHMP6/PTEN/REEP4/SIRT2/STX4/VPS4B,8
1,GO:0097352,autophagosome maturation,8/737,63/18986,0.12698412698412698,3.271262733949301,3.628792742807187,0.002915286053570188,0.01962373416924834,0.013875611346923016,BECN1/CALCOCO2/CHMP1A/CHMP6/SNAP29/SNAPIN/VAMP8/VPS4B,8
1,GO:0048732,gland development,30/737,450/18986,0.06666666666666667,1.7174129353233831,3.095187469562834,0.002951491677408948,0.01984144143347167,0.014029548480381472,ABL1/AKT2/ARF6/BAX/BCL2L11/CDK5RAP3/CRKL/DAG1/EDAR/EGF/FADD/FGF2/FKBP4/GFER/LATS1/MAP2K1/MDK/NFKB1/PDGFA/PKD2/SCRIB/SERPINE2/SMAD2/SMAD3/SOD2/SRC/STAT5B/STK11/TGFB1/VEGFA,30
1,GO:0051962,positive regulation of nervous system development,22/737,297/18986,0.07407407407407407,1.9082365948037587,3.170324364185296,0.002969863155063585,0.01993884596654454,0.014098421582345193,BDNF/DAG1/DBN1/CXCL12/FGF2/FMR1/IL1B/IST1/LYN/MAP2K1/MDK/NUMB/PLXNA4/PLXNB3/PPP1CC/SEMA4D/SERPINE2/STK11/TGFB1/TWF2/VEGFA/VEGFC,22
1,GO:0030218,erythrocyte differentiation,13/737,139/18986,0.09352517985611511,2.4093203049500698,3.3513169497977064,0.0029863995539363346,0.019953709806925755,0.014108931553101708,ADGRF5/ATP5IF1/CASP3/CDK5RAP3/FOXO3/HCLS1/HSPA1A/LYN/MPIG6B/SH2B3/STAT5B/TRIM58/VEGFA,13
1,GO:0045727,positive regulation of translation,13/737,139/18986,0.09352517985611511,2.4093203049500698,3.3513169497977064,0.0029863995539363346,0.019953709806925755,0.014108931553101708,AKT2/CCL5/CIRBP/CSDE1/EIF4G1/EIF4G3/FMR1/LARP1/NCK2/NGRN/OTUD6B/C1QBP/YTHDF3,13
1,GO:0032945,negative regulation of mononuclear cell proliferation,10/737,92/18986,0.10869565217391304,2.800129785853342,3.4782058825324578,0.0029915024437953334,0.019953709806925755,0.014108931553101708,ARG2/CASP3/LYN/PDE5A/PRKAR1A/PTPN6/SCRIB/SDC4/TGFB1/VSIR,10
1,GO:0042100,B cell proliferation,10/737,92/18986,0.10869565217391304,2.800129785853342,3.4782058825324578,0.0029915024437953334,0.019953709806925755,0.014108931553101708,ABL1/BAX/CASP3/CD40/CD40LG/CDKN1A/IL7/LYN/MIF/VAV3,10
1,GO:2000628,regulation of miRNA metabolic process,10/737,92/18986,0.10869565217391304,2.800129785853342,3.4782058825324578,0.0029915024437953334,0.019953709806925755,0.014108931553101708,APP/FGF2/FOXO3/NFKB1/PDGFB/SMAD1/SMAD3/TGFB1/TP53/VEGFA,10
1,GO:0022602,ovulation cycle process,7/737,50/18986,0.14,3.606567164179105,3.7087649399068767,0.003013490290580058,0.02007430107966171,0.014194199607483377,CASP2/CASP3/EREG/FOXO3/MAP2K6/SRC/STAT5B,7
1,GO:0050777,negative regulation of immune response,17/737,207/18986,0.0821256038647343,2.1156536159780805,3.2433799542022808,0.003018112509767026,0.020079049028709127,0.014197556802149226,ARG2/BCR/CD69/GFER/GIGYF2/GNAS/LYN/MAVS/NMI/PTPN6/SERPINB9/SRC/STAT2/TGFB1/TRIM21/YES1/YTHDF3,17
1,GO:0034765,regulation of monoatomic ion transmembrane transport,25/737,354/18986,0.07062146892655367,1.8192933636900244,3.127021299319009,0.0030370344641690657,0.020178795611865873,0.014268085928213084,ABL1/BAX/CACNB3/CD63/COMMD1/CORO1A/CRACR2A/CXCL11/DMD/EHD3/F2R/FKBP1B/FMR1/FXYD5/GOPC/LYN/PKD2/PPIF/PPP3R1/PTPN6/SESTD1/SLMAP/TGFB1/WWP2/YWHAQ,25
1,GO:0031960,response to corticosteroid,14/737,156/18986,0.08974358974358974,2.3119020283199387,3.3064202475101427,0.003079165197530611,0.02039486614837544,0.01442086575911938,AIFM1/ANXA3/BCL2L11/BMP6/CASP3/CASP9/CDKN1A/COMT/EIF4E/FOXO3/GLB1/SRC/TGFB1/USP8,14
1,GO:0071456,cellular response to hypoxia,14/737,156/18986,0.08974358974358974,2.3119020283199387,3.3064202475101427,0.003079165197530611,0.02039486614837544,0.01442086575911938,AIFM1/BNIP3L/ENO1/FOXO3/IRAK1/P4HB/PTPN1/RGCC/SIRT2/SRC/TGFB1/TIGAR/TP53/VEGFA,14
1,GO:0061138,morphogenesis of a branching epithelium,16/737,190/18986,0.08421052631578947,2.169363707776905,3.2554662880908265,0.0030814673152529874,0.02039486614837544,0.01442086575911938,ABL1/DAG1/EGF/FGF2/FKBPL/MAGED1/MDK/PDGFA/PKD2/PPP3R1/SPINT2/SPRY2/SRC/STK4/TGFB1/VEGFA,16
1,GO:0035592,establishment of protein localization to extracellular region,26/737,374/18986,0.06951871657754011,1.7908851464602125,3.104360918872778,0.003134519181896888,0.020719292816245065,0.014650262382367085,ARF6/ARFIP1/BLOC1S3/BRSK2/BMP6/CCL5/COMT/ENSA/ERP29/F2R/FKBP1B/FOXO1/GNAS/IL1B/ITPR1/PDIA4/PFKFB2/PRKAR1A/RAB11FIP3/SMAD2/SNAP25/STX4/STXBP3/SYTL4/TGFB1/VEGFC,26
1,GO:0032890,regulation of organic acid transport,9/737,78/18986,0.11538461538461539,2.9724454649827785,3.5079146496555578,0.0031776015302911083,0.02095594419459495,0.014817594579306561,AKT2/FIS1/IL1B/MAP2K6/MIF/PLA2G4A/PRKG1/STXBP1/SV2A,9
1,GO:0046328,regulation of JNK cascade,13/737,140/18986,0.09285714285714286,2.3921108742004265,3.3223681857350607,0.0031784814111350205,0.02095594419459495,0.014817594579306561,APP/AXIN1/CCN2/CRACR2A/DKK1/DUSP3/EDAR/GSTP1/IL1B/MAP3K5/MINK1/TRAF2/XIAP,13
1,GO:0005996,monosaccharide metabolic process,20/737,262/18986,0.07633587786259542,1.9665033610573088,3.1657324442896644,0.003204626179298708,0.02107364239513835,0.014900816991151686,AKR1B1/AKT2/ENO1/ENO2/FABP5/FOXO1/FUT8/GAPDH/GLB1/GPI/INPPL1/MPI/NUDT5/PFKFB2/PGD/PMM2/SRC/STK11/TIGAR/TP53,20
1,GO:0006690,icosanoid metabolic process,12/737,124/18986,0.0967741935483871,2.49301877708233,3.3519825655837745,0.003216060978521694,0.02107364239513835,0.014900816991151686,ACOX1/AKR1B1/COMT/FABP5/GSTP1/IL1B/MAPKAPK2/MGLL/MIF/PIBF1/PLA2G4A/PTGES2,12
1,GO:0031644,regulation of nervous system process,12/737,124/18986,0.0967741935483871,2.49301877708233,3.3519825655837745,0.003216060978521694,0.02107364239513835,0.014900816991151686,APP/DAG1/DLG4/EIF2AK3/F2R/FABP5/FMR1/MGLL/PARD3/PTEN/TYMP/WASF3,12
1,GO:0032091,negative regulation of protein binding,8/737,64/18986,0.125,3.220149253731343,3.5752642697261576,0.0032209519626525706,0.02107364239513835,0.014900816991151686,BAX/CDKN1A/DAB2/DKK1/ITGB1BP1/LRPAP1/MAP2/MITD1,8
1,GO:0033619,membrane protein proteolysis,8/737,64/18986,0.125,3.220149253731343,3.5752642697261576,0.0032209519626525706,0.02107364239513835,0.014900816991151686,APP/CLPP/DAG1/IL1B/MYH9/SNX9/TGFB1/TIMP3,8
1,GO:0051289,protein homotetramerization,8/737,64/18986,0.125,3.220149253731343,3.5752642697261576,0.0032209519626525706,0.02107364239513835,0.014900816991151686,ACOT13/APPL2/DNM1/ITPR1/PKD2/SHMT1/SOD2/VASP,8
1,GO:0045824,negative regulation of innate immune response,10/737,93/18986,0.10752688172043011,2.7700208634248114,3.4386573853193774,0.003238321237557827,0.021160328086637405,0.01496211098108277,GFER/GIGYF2/MAVS/NMI/PTPN6/SERPINB9/STAT2/TGFB1/TRIM21/YTHDF3,10
1,GO:1904062,regulation of monoatomic cation transmembrane transport,23/737,318/18986,0.07232704402515723,1.8632310147376325,3.119688331433376,0.003257454505151032,0.021258305385585388,0.015031389076133302,ABL1/BAX/CACNB3/CD63/COMMD1/CORO1A/CRACR2A/CXCL11/DMD/EHD3/F2R/FKBP1B/FMR1/FXYD5/LYN/PKD2/PPIF/PPP3R1/PTPN6/SESTD1/SLMAP/TGFB1/WWP2,23
1,GO:0008089,anterograde axonal transport,7/737,51/18986,0.13725490196078433,3.5358501609599062,3.644144005577861,0.0033783078670622394,0.021991114328557236,0.015549545916035924,AP3B1/AP3S2/BLOC1S3/HSPB1/MAP2/RAB27B/SNAPIN,7
1,GO:1903146,regulation of autophagy of mitochondrion,7/737,51/18986,0.13725490196078433,3.5358501609599062,3.644144005577861,0.0033783078670622394,0.021991114328557236,0.015549545916035924,ATP5IF1/BNIP3L/CDC37/HTRA2/RNF41/TIGAR/TP53,7
1,GO:0006007,glucose catabolic process,5/737,27/18986,0.18518518518518517,4.770591487009397,3.9400629498195934,0.0034481653136641424,0.022387735653017927,0.015829990162918483,ENO1/ENO2/PFKFB2/TIGAR/TP53,5
1,GO:0045649,regulation of macrophage differentiation,5/737,27/18986,0.18518518518518517,4.770591487009397,3.9400629498195934,0.0034481653136641424,0.022387735653017927,0.015829990162918483,CASP8/FADD/HCLS1/PF4/TGFB1,5
1,GO:0042552,myelination,14/737,158/18986,0.08860759493670886,2.2826374456829774,3.253492968143013,0.0034566733591984457,0.022387735653017927,0.015829990162918483,AKT2/ARHGEF10/DAG1/EIF2AK3/JAM3/MAP2K1/PARD3/PIKFYVE/PPP3R1/PTEN/SIRT2/TGFB1/TYMP/WASF3,14
1,GO:0048754,branching morphogenesis of an epithelial tube,14/737,158/18986,0.08860759493670886,2.2826374456829774,3.253492968143013,0.0034566733591984457,0.022387735653017927,0.015829990162918483,ABL1/DAG1/EGF/FGF2/FKBPL/MAGED1/MDK/PKD2/PPP3R1/SPRY2/SRC/STK4/TGFB1/VEGFA,14
1,GO:0051048,negative regulation of secretion,15/737,175/18986,0.08571428571428572,2.2081023454157784,3.226534544400133,0.003463497482031448,0.02240368144548302,0.01584126516373922,BCR/CD84/EGF/ERP29/F2R/FKBP1B/FMR1/FOXO1/IL1B/PRKG1/RAB11FIP3/STXBP3/SYTL4/VAMP8/VPS4B,15
1,GO:1900182,positive regulation of protein localization to nucleus,10/737,94/18986,0.10638297872340426,2.7405525563671005,3.3996296543742806,0.0035010697544540594,0.02261823177217113,0.01599297007992917,CCT5/CDK5RAP3/EIF2AK3/HCLS1/LAMTOR5/MAVS/SMAD3/SRC/STK11/TGFB1,10
1,GO:0016485,protein processing,19/737,246/18986,0.07723577235772358,1.9896857177527,3.139782556293211,0.0035281698493705186,0.022736110848641133,0.016076320386090328,ANXA2/CASP2/CASP3/CASP7/CASP8/CASP9/ENO1/FADD/FXN/HTRA2/LGMN/METAP2/MYH9/P4HB/SERPINE1/SERPINE2/SRC/VSIR/XIAP,19
1,GO:0099173,postsynapse organization,19/737,246/18986,0.07723577235772358,1.9896857177527,3.139782556293211,0.0035281698493705186,0.022736110848641133,0.016076320386090328,ABL1/APP/ARF6/CC2D1A/CRKL/DBN1/DBNL/DLG4/DNM3/ENAH/FNTA/LATS1/LGMN/MESD/OPHN1/PDLIM5/PPP1R9B/PTEN/PTPN1,19
1,GO:0032757,positive regulation of interleukin-8 production,8/737,65/18986,0.12307692307692308,3.1706084959816305,3.5227809818800386,0.0035509333197027405,0.022768531248431055,0.016099244303797167,F2R/FADD/HSPA1A/IL1B/LAMTOR5/MAVS/PRKD2/SERPINE1,8
1,GO:0048524,positive regulation of viral process,8/737,65/18986,0.12307692307692308,3.1706084959816305,3.5227809818800386,0.0035509333197027405,0.022768531248431055,0.016099244303797167,CCL5/FMR1/LARP1/P4HB/SRPK2/TARBP2/TOP2B/TRIM21,8
1,GO:0072666,establishment of protein localization to vacuole,8/737,65/18986,0.12307692307692308,3.1706084959816305,3.5227809818800386,0.0035509333197027405,0.022768531248431055,0.016099244303797167,AP3B1/BECN1/HGS/SORT1/STAM/VPS28/VPS37A/VPS53,8
1,GO:2001244,positive regulation of intrinsic apoptotic signaling pathway,8/737,65/18986,0.12307692307692308,3.1706084959816305,3.5227809818800386,0.0035509333197027405,0.022768531248431055,0.016099244303797167,BAX/BCL2L11/BECN1/BID/FIS1/NCK2/PRKRA/TP53,8
1,GO:0141091,transforming growth factor beta receptor superfamily signaling pathway,27/737,397/18986,0.06801007556675064,1.7520207526598746,3.043102453806249,0.0035626508965187994,0.02279601066284885,0.0161186745341098,ABL1/APPL2/AXIN1/BMP6/DAB2/DKK1/FNTA/FUT8/HSPA1A/ING1/ITGB5/LATS1/PBLD/PPM1A/RBPMS2/SMAD1/SMAD2/SMAD3/SPART/SPRED2/SPRY2/SRC/STK11/TGFB1/TP53/TSC22D1/XIAP,27
1,GO:0034349,glial cell apoptotic process,4/737,17/18986,0.23529411764705882,6.061457418788411,4.1956315164108995,0.0035774113306573548,0.02279601066284885,0.0161186745341098,CASP3/CASP9/TP53/TRAF2,4
1,GO:0070920,regulation of regulatory ncRNA processing,4/737,17/18986,0.23529411764705882,6.061457418788411,4.1956315164108995,0.0035774113306573548,0.02279601066284885,0.0161186745341098,PRKRA/TARBP2/TGFB1/TP53,4
1,GO:0141161,regulation of cAMP/PKA signal transduction,4/737,17/18986,0.23529411764705882,6.061457418788411,4.1956315164108995,0.0035774113306573548,0.02279601066284885,0.0161186745341098,APP/MIF/PRKAR1A/PRKAR2A,4
1,GO:1903541,regulation of exosomal secretion,4/737,17/18986,0.23529411764705882,6.061457418788411,4.1956315164108995,0.0035774113306573548,0.02279601066284885,0.0161186745341098,HGS/SDC4/STAM/VPS4B,4
1,GO:0010586,miRNA metabolic process,11/737,110/18986,0.1,2.576119402985075,3.3315779788911755,0.0036489458830975753,0.02316407791118484,0.01637892867551806,APP/ELOB/FGF2/FOXO3/NFKB1/PDGFB/SMAD1/SMAD3/TGFB1/TP53/VEGFA,11
1,GO:0032611,interleukin-1 beta production,11/737,110/18986,0.1,2.576119402985075,3.3315779788911755,0.0036489458830975753,0.02316407791118484,0.01637892867551806,APP/ARG2/CASP8/CD36/F2R/GIT1/GSTP1/HSPB1/SERPINB1/SMAD3/TMEM106A,11
1,GO:0032651,regulation of interleukin-1 beta production,11/737,110/18986,0.1,2.576119402985075,3.3315779788911755,0.0036489458830975753,0.02316407791118484,0.01637892867551806,APP/ARG2/CASP8/CD36/F2R/GIT1/GSTP1/HSPB1/SERPINB1/SMAD3/TMEM106A,11
1,GO:0050905,neuromuscular process,15/737,176/18986,0.08522727272727272,2.195556309362279,3.202222324611026,0.003654531098293587,0.02316407791118484,0.01637892867551806,ABL1/APP/BCR/COMT/DCTN1/DLG4/DMD/FXN/GIGYF2/ITPR1/MYCBP2/PTEN/SPART/TPP1/VTI1A,15
1,GO:0032438,melanosome organization,6/737,39/18986,0.15384615384615385,3.963260619977038,3.7226433859119896,0.003662233501534675,0.02316407791118484,0.01637892867551806,AP3B1/AP3S2/BLOC1S3/PIKFYVE/SNAPIN/TYRP1,6
1,GO:0035633,maintenance of blood-brain barrier,6/737,39/18986,0.15384615384615385,3.963260619977038,3.7226433859119896,0.003662233501534675,0.02316407791118484,0.01637892867551806,ANGPT1/DMD/F11R/JAM3/PECAM1/VEGFA,6
1,GO:0009185,ribonucleoside diphosphate metabolic process,12/737,126/18986,0.09523809523809523,2.4534470504619756,3.289524704677983,0.0036668262328653557,0.023164599670352358,0.016379297602622488,AK2/APP/ENO1/ENO2/GAPDH/GIT1/GPI/NUDT5/PFKFB2/RRM2B/SRC/TIGAR,12
1,GO:2000146,negative regulation of cell motility,27/737,398/18986,0.0678391959798995,1.7476186904672615,3.0291784840542535,0.003685764652097137,0.02325563544615589,0.016443667463772307,AIF1/BCR/CCL28/CD69/DAG1/CXCL12/DUSP3/EPPK1/FGF2/FOXO3/ING1/ITGB1BP1/MIF/PLXNB3/PRKG1/PTEN/PTPN1/RGCC/RNF41/RRAS/SERPINB1/SERPINE1/SPINT2/STK24/TGFB1/VASH1/WAS,27
1,GO:0007528,neuromuscular junction development,7/737,52/18986,0.1346153846153846,3.4678530424799083,3.5811234211022085,0.003775827689815811,0.023765503694723047,0.016804186700031667,APP/CRKL/DCTN1/F2R/FNTA/MESD/MYCBP2,7
1,GO:0060688,regulation of morphogenesis of a branching structure,7/737,52/18986,0.1346153846153846,3.4678530424799083,3.5811234211022085,0.003775827689815811,0.023765503694723047,0.016804186700031667,ABL1/FKBPL/MAGED1/MDK/PDGFA/TGFB1/VEGFA,7
1,GO:0016239,positive regulation of macroautophagy,10/737,95/18986,0.10526315789473684,2.711704634721131,3.361109522655883,0.003780457058190139,0.02376551707572161,0.01680419616150999,ATP5IF1/BECN1/BNIP3L/CALCOCO2/CDC37/CDK5RAP3/CSNK2A1/IKBKG/LARP1/SPTLC1,10
1,GO:0007098,centrosome cycle,13/737,143/18986,0.09090909090909091,2.3419267299864317,3.236989625403104,0.003815844197211666,0.02395865011843413,0.016940757277545036,ARHGEF10/CEP85/CETN2/CETN3/CHMP1A/DCTN1/FES/ITGB1BP2/MDM1/PKD2/PPP1R12A/SDCCAG8/VPS4B,13
1,GO:0007272,ensheathment of neurons,14/737,160/18986,0.0875,2.25410447761194,3.2013576220242244,0.003871139490762558,0.02421701878752314,0.017123445404360314,AKT2/ARHGEF10/DAG1/EIF2AK3/JAM3/MAP2K1/PARD3/PIKFYVE/PPP3R1/PTEN/SIRT2/TGFB1/TYMP/WASF3,14
1,GO:0008366,axon ensheathment,14/737,160/18986,0.0875,2.25410447761194,3.2013576220242244,0.003871139490762558,0.02421701878752314,0.017123445404360314,AKT2/ARHGEF10/DAG1/EIF2AK3/JAM3/MAP2K1/PARD3/PIKFYVE/PPP3R1/PTEN/SIRT2/TGFB1/TYMP/WASF3,14
1,GO:0035966,response to topologically incorrect protein,14/737,160/18986,0.0875,2.25410447761194,3.2013576220242244,0.003871139490762558,0.02421701878752314,0.017123445404360314,BAX/BCL2L11/CDK5RAP3/DNAJB14/EIF2AK2/EIF2AK3/ERP44/HSPA1A/HSPB1/MANF/NCK2/PTPN1/SERPINH1/UFD1,14
1,GO:0002931,response to ischemia,8/737,66/18986,0.12121212121212122,3.122568973315242,3.4713045891039735,0.0039064918717628475,0.024378787671171305,0.017237829452685073,ABRAXAS2/AIFM1/CASP9/MAP2K6/MAP3K5/PPIF/TIGAR/TP53,8
1,GO:0008631,intrinsic apoptotic signaling pathway in response to oxidative stress,8/737,66/18986,0.12121212121212122,3.122568973315242,3.4713045891039735,0.0039064918717628475,0.024378787671171305,0.017237829452685073,DIABLO/FGF2/HSPB1/HTRA2/MAP3K5/P4HB/SOD2/STK24,8
1,GO:0016054,organic acid catabolic process,19/737,249/18986,0.07630522088353414,1.9657136006713423,3.082602328199697,0.004024934812079184,0.025008030632287185,0.017682756534143054,ACADSB/ACOX1/AKT2/ALDH5A1/ARG2/ASRGL1/BLMH/CRYM/DECR1/ECHS1/ECI2/GNPDA2/HMGCL/KYAT1/NAGK/PGD/SHMT1/SLC27A4/TST,19
1,GO:0046395,carboxylic acid catabolic process,19/737,249/18986,0.07630522088353414,1.9657136006713423,3.082602328199697,0.004024934812079184,0.025008030632287185,0.017682756534143054,ACADSB/ACOX1/AKT2/ALDH5A1/ARG2/ASRGL1/BLMH/CRYM/DECR1/ECHS1/ECI2/GNPDA2/HMGCL/KYAT1/NAGK/PGD/SHMT1/SLC27A4/TST,19
1,GO:0009264,deoxyribonucleotide catabolic process,5/737,28/18986,0.17857142857142858,4.600213219616205,3.831161745074355,0.004065752643683761,0.025008030632287185,0.017682756534143054,DUT/NT5C/NUDT16/TYMP/UNG,5
1,GO:0010714,positive regulation of collagen metabolic process,5/737,28/18986,0.17857142857142858,4.600213219616205,3.831161745074355,0.004065752643683761,0.025008030632287185,0.017682756534143054,F2R/PRDX5/RGCC/TGFB1/VSIR,5
1,GO:0010818,T cell chemotaxis,5/737,28/18986,0.17857142857142858,4.600213219616205,3.831161745074355,0.004065752643683761,0.025008030632287185,0.017682756534143054,CCL5/CCL26/CXCL11/CXCL12/TNFSF14,5
1,GO:0035902,response to immobilization stress,5/737,28/18986,0.17857142857142858,4.600213219616205,3.831161745074355,0.004065752643683761,0.025008030632287185,0.017682756534143054,FOXO3/GPI/PPP1R9B/SOD2/TGFB1,5
1,GO:0043304,regulation of mast cell degranulation,5/737,28/18986,0.17857142857142858,4.600213219616205,3.831161745074355,0.004065752643683761,0.025008030632287185,0.017682756534143054,CD84/FES/LYN/STXBP1/VAMP8,5
1,GO:0046386,deoxyribose phosphate catabolic process,5/737,28/18986,0.17857142857142858,4.600213219616205,3.831161745074355,0.004065752643683761,0.025008030632287185,0.017682756534143054,DUT/NT5C/NUDT16/TYMP/UNG,5
1,GO:0072529,pyrimidine-containing compound catabolic process,5/737,28/18986,0.17857142857142858,4.600213219616205,3.831161745074355,0.004065752643683761,0.025008030632287185,0.017682756534143054,DCTD/DUT/NT5C/TYMP/UNG,5
1,GO:0099558,maintenance of synapse structure,5/737,28/18986,0.17857142857142858,4.600213219616205,3.831161745074355,0.004065752643683761,0.025008030632287185,0.017682756534143054,ARF6/DCTN1/OPHN1/PLXNA4/SORT1,5
1,GO:1900543,negative regulation of purine nucleotide metabolic process,5/737,28/18986,0.17857142857142858,4.600213219616205,3.831161745074355,0.004065752643683761,0.025008030632287185,0.017682756534143054,ATP5IF1/FIS1/GIT1/TIGAR/TP53,5
1,GO:1902894,negative regulation of miRNA transcription,5/737,28/18986,0.17857142857142858,4.600213219616205,3.831161745074355,0.004065752643683761,0.025008030632287185,0.017682756534143054,APP/PDGFB/SMAD3/TGFB1/VEGFA,5
1,GO:0010507,negative regulation of autophagy,10/737,96/18986,0.10416666666666667,2.683457711442786,3.323084295351905,0.00407720544433003,0.02504847746660171,0.017711355808283306,BCL2L1/BECN1/EIF4G1/HTRA2/RNF41/RNF5/SIRT2/TAB2/TIGAR/TP53,10
1,GO:1903036,positive regulation of response to wounding,9/737,81/18986,0.1111111111111111,2.8623548922056385,3.375484528830812,0.004103137832809985,0.02517767731100607,0.01780271083845117,CD36/F2R/FKBP1B/HBEGF/HPSE/MDK/SCARF1/SERPINE1/STK24,9
1,GO:0071692,protein localization to extracellular region,26/737,382/18986,0.06806282722513089,1.7533796983668049,2.989247935845084,0.0041451973725817525,0.02540541014985666,0.01796373688658089,ARF6/ARFIP1/BLOC1S3/BRSK2/BMP6/CCL5/COMT/ENSA/ERP29/F2R/FKBP1B/FOXO1/GNAS/IL1B/ITPR1/PDIA4/PFKFB2/PRKAR1A/RAB11FIP3/SMAD2/SNAP25/STX4/STXBP3/SYTL4/TGFB1/VEGFC,26
1,GO:0048753,pigment granule organization,6/737,40/18986,0.15,3.864179104477612,3.6441052365861424,0.00416977061445261,0.025464853597893706,0.01800576834578072,AP3B1/AP3S2/BLOC1S3/PIKFYVE/SNAPIN/TYRP1,6
1,GO:0099590,neurotransmitter receptor internalization,6/737,40/18986,0.15,3.864179104477612,3.6441052365861424,0.00416977061445261,0.025464853597893706,0.01800576834578072,AP2B1/NUMB/OPHN1/PPP3R1/RABEP1/SCRIB,6
1,GO:1905898,positive regulation of response to endoplasmic reticulum stress,6/737,40/18986,0.15,3.864179104477612,3.6441052365861424,0.00416977061445261,0.025464853597893706,0.01800576834578072,APP/BAG6/BAX/BCL2L11/NCK2/PTPN1,6
1,GO:0035088,establishment or maintenance of apical/basal cell polarity,7/737,53/18986,0.1320754716981132,3.4024218529991552,3.519629880684153,0.004207872463626347,0.0256062002051954,0.018105712147057744,DLG4/ERBIN/IFT20/OPHN1/PARD3/SCRIB/SH3BP1,7
1,GO:0051403,stress-activated MAPK cascade,7/737,53/18986,0.1320754716981132,3.4024218529991552,3.519629880684153,0.004207872463626347,0.0256062002051954,0.018105712147057744,EIF2AK2/FOXO1/GSTP1/MAP2K1/MAP2K6/MAP3K5/PRDX1,7
1,GO:0061245,establishment or maintenance of bipolar cell polarity,7/737,53/18986,0.1320754716981132,3.4024218529991552,3.519629880684153,0.004207872463626347,0.0256062002051954,0.018105712147057744,DLG4/ERBIN/IFT20/OPHN1/PARD3/SCRIB/SH3BP1,7
1,GO:0070301,cellular response to hydrogen peroxide,8/737,67/18986,0.11940298507462686,3.0759634662508355,3.4207987761769316,0.004288910020394609,0.026037638137998476,0.01841077463028667,ABL1/AIFM1/BECN1/FXN/MAP3K5/PPIF/SRC/TOP2B,8
1,GO:2000630,positive regulation of miRNA metabolic process,8/737,67/18986,0.11940298507462686,3.0759634662508355,3.4207987761769316,0.004288910020394609,0.026037638137998476,0.01841077463028667,FGF2/FOXO3/NFKB1/PDGFB/SMAD1/SMAD3/TGFB1/TP53,8
1,GO:0050671,positive regulation of lymphocyte proliferation,13/737,145/18986,0.0896551724137931,2.309624292331446,3.1812533546902206,0.004295495755497294,0.026046831405235064,0.01841727503444437,AIF1/CCL5/CD40/CD40LG/CDKN1A/CORO1A/FADD/IL1B/IL7/MIF/NCK2/STAT5B/VAV3,13
1,GO:0007416,synapse assembly,20/737,269/18986,0.07434944237918216,1.9153304111413196,3.038473273272615,0.004308666702033034,0.026095887006652906,0.018451961422559542,ABL1/APP/ARF6/BDNF/CC2D1A/CRKL/DBNL/DKK1/DNM3/EIF4G1/LATS1/MYCBP2/PDLIM5/PLXNA4/PLXNB3/PPP1R9B/PTEN/PTPN1/SEMA4D/SNAP25,20
1,GO:0046330,positive regulation of JNK cascade,10/737,97/18986,0.10309278350515463,2.655793198953685,3.285541728149538,0.004392049842932987,0.02656957360813171,0.018786897226605672,APP/AXIN1/CCN2/CRACR2A/DKK1/EDAR/IL1B/MAP3K5/MINK1/XIAP,10
1,GO:0009154,purine ribonucleotide catabolic process,12/737,129/18986,0.09302325581395349,2.3963901423116973,3.198046970023589,0.004437054008109357,0.026635029743137556,0.018833180155317382,APP/ENO1/ENO2/GAPDH/GIT1/GPI/ITPA/NT5C/PDE5A/PFKFB2/SRC/TIGAR,12
1,GO:0006044,N-acetylglucosamine metabolic process,4/737,18/18986,0.2222222222222222,5.724709784411277,4.030139955548005,0.004459915416491101,0.026635029743137556,0.018833180155317382,GNE/GNPDA2/NAGK/OGA,4
1,GO:0009223,pyrimidine deoxyribonucleotide catabolic process,4/737,18/18986,0.2222222222222222,5.724709784411277,4.030139955548005,0.004459915416491101,0.026635029743137556,0.018833180155317382,DUT/NT5C/TYMP/UNG,4
1,GO:0010663,positive regulation of striated muscle cell apoptotic process,4/737,18/18986,0.2222222222222222,5.724709784411277,4.030139955548005,0.004459915416491101,0.026635029743137556,0.018833180155317382,MAP3K5/PTPN1/TIGAR/TP53,4
1,GO:0010666,positive regulation of cardiac muscle cell apoptotic process,4/737,18/18986,0.2222222222222222,5.724709784411277,4.030139955548005,0.004459915416491101,0.026635029743137556,0.018833180155317382,MAP3K5/PTPN1/TIGAR/TP53,4
1,GO:0010755,regulation of plasminogen activation,4/737,18/18986,0.2222222222222222,5.724709784411277,4.030139955548005,0.004459915416491101,0.026635029743137556,0.018833180155317382,ANXA2/ENO1/SERPINE1/SERPINE2,4
1,GO:0035234,ectopic germ cell programmed cell death,4/737,18/18986,0.2222222222222222,5.724709784411277,4.030139955548005,0.004459915416491101,0.026635029743137556,0.018833180155317382,BAX/BCL2L1/CASP2/IL1B,4
1,GO:0070230,positive regulation of lymphocyte apoptotic process,4/737,18/18986,0.2222222222222222,5.724709784411277,4.030139955548005,0.004459915416491101,0.026635029743137556,0.018833180155317382,BAX/BCL2L11/CCL5/TP53,4
1,GO:0097396,response to interleukin-17,4/737,18/18986,0.2222222222222222,5.724709784411277,4.030139955548005,0.004459915416491101,0.026635029743137556,0.018833180155317382,IL1B/NFKB1/TRAF2/USP25,4
1,GO:0097398,cellular response to interleukin-17,4/737,18/18986,0.2222222222222222,5.724709784411277,4.030139955548005,0.004459915416491101,0.026635029743137556,0.018833180155317382,IL1B/NFKB1/TRAF2/USP25,4
1,GO:1903236,regulation of leukocyte tethering or rolling,4/737,18/18986,0.2222222222222222,5.724709784411277,4.030139955548005,0.004459915416491101,0.026635029743137556,0.018833180155317382,CCL28/CXCL12/GP1BA/SELP,4
1,GO:0010970,transport along microtubule,15/737,180/18986,0.08333333333333333,2.146766169154229,3.106579113670734,0.004506915591669776,0.026884458163549323,0.019009546783129442,AP3B1/AP3S2/APP/ATG16L1/BLOC1S3/HSBP1/HSPB1/IFT20/KIFBP/MAP2/RAB27B/SNAPIN/STK11/TRIM58/RPGR,15
1,GO:0006470,protein dephosphorylation,13/737,146/18986,0.08904109589041095,2.2938049478634226,3.1537284462650645,0.004552924058471509,0.027127399030521658,0.01918132617136,DAPP1/DUSP3/ILKAP/PDP1/PPM1A/PPM1F/PPP1CC/PPP1R12A/PPP2R5A/PTEN/PTPN1/PTPN6/STK11,13
1,GO:1902115,regulation of organelle assembly,18/737,234/18986,0.07692307692307693,1.981630309988519,3.0363483857301596,0.00463425722053169,0.027580005891831703,0.019501356846782135,ABL1/BECN1/CHMP1A/CHMP6/HSPA1A/IFT20/LATS1/MAPK9/MDM1/PIKFYVE/RAB11FIP3/RNF5/SDC4/SDCCAG8/SEPTIN9/SRC/STAM/VPS4B,18
1,GO:0006631,fatty acid metabolic process,27/737,405/18986,0.06666666666666667,1.7174129353233831,2.9327948296499424,0.004652212951563147,0.027654821434292043,0.01955425765459656,ACADSB/ACOX1/AKR1B1/AKT2/APPL2/ASAH1/CD36/COMT/DBI/DECR1/ECHS1/ECI2/FABP5/GSTP1/IL1B/MECR/MGLL/MIF/MMUT/PECR/PIBF1/PLA2G4A/PRKAB1/PTGES2/SIRT2/SLC27A4/TYRP1,27
1,GO:2000772,regulation of cellular senescence,7/737,54/18986,0.12962962962962962,3.339414040906578,3.459594780833734,0.00467628693294388,0.027765791546358113,0.01963272274859311,ABL1/AKT3/ARG2/MIF/PTEN/TP53/VASH1,7
1,GO:0007178,cell surface receptor protein serine/threonine kinase signaling pathway,28/737,425/18986,0.06588235294117648,1.6972080772607552,2.9212969048623205,0.004694574285763813,0.027842186526192775,0.019686740349927255,ABL1/APPL2/AXIN1/BECN1/BMP6/DAB2/DKK1/FNTA/FUT8/HSPA1A/ING1/ITGB5/LATS1/PBLD/PPM1A/RBPMS2/SMAD1/SMAD2/SMAD3/SPART/SPRED2/SPRY2/SRC/STK11/TGFB1/TP53/TSC22D1/XIAP,28
1,GO:1902807,negative regulation of cell cycle G1/S phase transition,10/737,98/18986,0.10204081632653061,2.628693268352117,3.248470006720143,0.004725737189127991,0.027898862062495533,0.01972681466543892,CASP2/CDKN1A/CDKN2D/CRADD/DGKZ/GIGYF2/PKD2/PTEN/TP53/TRIAP1,10
1,GO:0010762,regulation of fibroblast migration,6/737,41/18986,0.14634146341463414,3.769930833636695,3.5680674641052863,0.004727433054277057,0.027898862062495533,0.01972681466543892,APPL2/BAG4/FGF2/ITGB1BP1/SDC4/TGFB1,6
1,GO:0032790,ribosome disassembly,6/737,41/18986,0.14634146341463414,3.769930833636695,3.5680674641052863,0.004727433054277057,0.027898862062495533,0.01972681466543892,CDK5RAP3/DENR/ELAC1/GIGYF2/MRPL58/MTIF3,6
1,GO:0062098,regulation of programmed necrotic cell death,6/737,41/18986,0.14634146341463414,3.769930833636695,3.5680674641052863,0.004727433054277057,0.027898862062495533,0.01972681466543892,AIFM1/ASAH1/BIRC2/CASP8/FADD/TP53,6
1,GO:0035265,organ growth,15/737,181/18986,0.08287292817679558,2.1349055825843157,3.083059171145931,0.004743508826226082,0.027898862062495533,0.01972681466543892,ABL1/BCL2L11/FES/FGF2/FXN/IL7/LATS1/PDLIM5/PRKAR1A/PRKG1/PTEN/SMAD1/SMAD2/SPRY2/STK4,15
1,GO:0016226,iron-sulfur cluster assembly,5/737,29/18986,0.1724137931034483,4.441585177560474,3.727281773286157,0.0047584507723415275,0.027898862062495533,0.01972681466543892,CIAPIN1/FDX2/FXN/GLRX5/NFU1,5
1,GO:0031163,metallo-sulfur cluster assembly,5/737,29/18986,0.1724137931034483,4.441585177560474,3.727281773286157,0.0047584507723415275,0.027898862062495533,0.01972681466543892,CIAPIN1/FDX2/FXN/GLRX5/NFU1,5
1,GO:0032801,receptor catabolic process,5/737,29/18986,0.1724137931034483,4.441585177560474,3.727281773286157,0.0047584507723415275,0.027898862062495533,0.01972681466543892,ANXA2/BECN1/LGMN/PTPN1/TGFB1,5
1,GO:0045980,negative regulation of nucleotide metabolic process,5/737,29/18986,0.1724137931034483,4.441585177560474,3.727281773286157,0.0047584507723415275,0.027898862062495533,0.01972681466543892,ATP5IF1/FIS1/GIT1/TIGAR/TP53,5
1,GO:1901201,regulation of extracellular matrix assembly,5/737,29/18986,0.1724137931034483,4.441585177560474,3.727281773286157,0.0047584507723415275,0.027898862062495533,0.01972681466543892,DAG1/PHLDB1/RGCC/SMAD3/TGFB1,5
1,GO:0014812,muscle cell migration,11/737,114/18986,0.09649122807017543,2.48572924849437,3.1974417684887992,0.004794067831112673,0.028043658747829946,0.019829197958684482,AIF1/CCL5/ITGB1BP1/MDK/PDGFA/PDGFB/PLEKHO1/PRKG1/PTPN1/SERPINE1/SRC,11
1,GO:0033559,unsaturated fatty acid metabolic process,11/737,114/18986,0.09649122807017543,2.48572924849437,3.1974417684887992,0.004794067831112673,0.028043658747829946,0.019829197958684482,ACOX1/AKR1B1/COMT/FABP5/GSTP1/IL1B/MGLL/MIF/PIBF1/PLA2G4A/PTGES2,11
1,GO:0071901,negative regulation of protein serine/threonine kinase activity,9/737,83/18986,0.10843373493975904,2.7933824851645386,3.2905319503398585,0.004828665082979148,0.02821390655993277,0.019949577314266286,ABL1/CDK5RAP3/GSTP1/HHEX/IL1B/LATS1/LYN/PTEN/PTPN1,9
1,GO:0070588,calcium ion transmembrane transport,24/737,348/18986,0.06896551724137931,1.7766340710241895,2.9385014985398508,0.0048850900025054315,0.028511161650986244,0.020159761373975765,ABL1/BAX/CACNB3/CORO1A/CRACR2A/CXCL11/DMD/EHD3/F2R/FGF2/FKBP1B/FMR1/GP1BA/GP1BB/GP5/ITPR1/LETM1/LYN/PKD2/PLCB2/PPP3R1/PTPN6/SESTD1/TGFB1,24
1,GO:0016579,protein deubiquitination,10/737,99/18986,0.10101010101010101,2.602140811096035,3.211857727338661,0.005079025762835227,0.02954232878586832,0.02088888225759258,ABRAXAS2/OTUD6B/OTUD7B/STAMBP/TANK/TNIP1/TRIM21/USP25/USP47/USP8,10
1,GO:0048525,negative regulation of viral process,10/737,99/18986,0.10101010101010101,2.602140811096035,3.211857727338661,0.005079025762835227,0.02954232878586832,0.02088888225759258,CCL5/EIF2AK2/HEXIM1/MAVS/MPHOSPH8/SRPK2/TNIP1/TRIM21/TRIM25/TRIM5,10
1,GO:0061387,regulation of extent of cell growth,10/737,99/18986,0.10101010101010101,2.602140811096035,3.211857727338661,0.005079025762835227,0.02954232878586832,0.02088888225759258,ABL1/BDNF/CXCL12/IST1/MAP2/PLXNA4/SEMA4D/SPART/TWF2/VEGFA,10
1,GO:0051303,establishment of chromosome localization,11/737,115/18986,0.09565217391304348,2.464114211550941,3.164797509160134,0.005120665682401197,0.029750835910421432,0.02103631412751147,ABRAXAS2/BECN1/CHMP1A/CHMP6/DCTN2/KIF22/NUDC/PIBF1/PSRC1/SIRT2/VPS4B,11
1,GO:0030225,macrophage differentiation,8/737,69/18986,0.11594202898550725,2.9868051049102315,3.322562734225653,0.0051395461843425,0.029793125511041848,0.021066216390616163,APP/CASP10/CASP8/FADD/HCLS1/PF4/TGFB1/VEGFA,8
1,GO:0070918,regulatory ncRNA processing,8/737,69/18986,0.11594202898550725,2.9868051049102315,3.322562734225653,0.0051395461843425,0.029793125511041848,0.021066216390616163,PRKRA/SMAD1/SMAD2/SMAD3/TARBP2/TDRKH/TGFB1/TP53,8
1,GO:0060562,epithelial tube morphogenesis,23/737,331/18986,0.06948640483383686,1.7900527573612304,2.9140162710642525,0.005293342356837081,0.030650063522790587,0.021672142800792653,ABL1/ARL13B/CASP3/DAG1/EGF/FGF2/FKBPL/MAGED1/MDK/MTSS1/PKD2/PPP3R1/PRKD2/SCRIB/SDC4/SMAD3/SPINT2/SPRY2/SRC/STK4/TGFB1/VASP/VEGFA,23
1,GO:0001704,formation of primary germ layer,12/737,132/18986,0.09090909090909091,2.3419267299864317,3.109091668988688,0.00533167765973791,0.03073563447720464,0.021732648578938356,AXIN1/DKK1/GPI/HSBP1/ITGB5/MAP2K1/MYH9/PRKAR1A/SMAD1/SMAD2/SMAD3/TXNRD1,12
1,GO:0045429,positive regulation of nitric oxide biosynthetic process,6/737,42/18986,0.14285714285714285,3.6801705756929635,3.494384954014714,0.005338042436461554,0.03073563447720464,0.021732648578938356,APP/CD36/IL1B/PKD2/SMAD3/SOD2,6
1,GO:0070232,regulation of T cell apoptotic process,6/737,42/18986,0.14285714285714285,3.6801705756929635,3.494384954014714,0.005338042436461554,0.03073563447720464,0.021732648578938356,ARG2/BCL2L11/CCL5/FADD/PRKD2/TP53,6
1,GO:0141085,regulation of inflammasome-mediated signaling pathway,6/737,42/18986,0.14285714285714285,3.6801705756929635,3.494384954014714,0.005338042436461554,0.03073563447720464,0.021732648578938356,CD36/EIF2AK2/GBP2/MAVS/NEK7/SIRT2,6
1,GO:2000008,regulation of protein localization to cell surface,6/737,42/18986,0.14285714285714285,3.6801705756929635,3.494384954014714,0.005338042436461554,0.03073563447720464,0.021732648578938356,ARF6/BDNF/COMMD1/EGF/GOPC/STX4,6
1,GO:0070507,regulation of microtubule cytoskeleton organization,14/737,166/18986,0.08433734939759036,2.172630821794641,3.049474799014976,0.005362696880364556,0.030843013636676773,0.021808574570940906,ABL1/CAMSAP1/CHMP1A/CHMP6/DCTN1/FES/FKBP4/GIT1/HSPA1A/MAP2/PHLDB1/PSRC1/TACC3/VPS4B,14
1,GO:0001657,ureteric bud development,10/737,100/18986,0.1,2.576119402985075,3.1756938785641253,0.005452684498916989,0.031226401742490306,0.022079661832183874,ARG2/FGF2/MAGED1/PKD2/SDC4/SMAD1/SMAD2/SMAD3/TGFB1/VEGFA,10
1,GO:0007096,regulation of exit from mitosis,4/737,19/18986,0.21052631578947367,5.423409269442262,3.876627847312829,0.005477996100074721,0.031226401742490306,0.022079661832183874,PPP1R9B/RGCC/SIRT2/TGFB1,4
1,GO:0010744,positive regulation of macrophage derived foam cell differentiation,4/737,19/18986,0.21052631578947367,5.423409269442262,3.876627847312829,0.005477996100074721,0.031226401742490306,0.022079661832183874,CD36/MAPK9/NFKB1/PF4,4
1,GO:0031053,primary miRNA processing,4/737,19/18986,0.21052631578947367,5.423409269442262,3.876627847312829,0.005477996100074721,0.031226401742490306,0.022079661832183874,SMAD1/SMAD2/SMAD3/TGFB1,4
1,GO:0032310,prostaglandin secretion,4/737,19/18986,0.21052631578947367,5.423409269442262,3.876627847312829,0.005477996100074721,0.031226401742490306,0.022079661832183874,IL1B/MAP2K6/MIF/PLA2G4A,4
1,GO:0033003,regulation of mast cell activation,4/737,19/18986,0.21052631578947367,5.423409269442262,3.876627847312829,0.005477996100074721,0.031226401742490306,0.022079661832183874,CD226/CD84/LYN/PTPN6,4
1,GO:0048268,clathrin coat assembly,4/737,19/18986,0.21052631578947367,5.423409269442262,3.876627847312829,0.005477996100074721,0.031226401742490306,0.022079661832183874,CLTA/DAB2/DNAJC6/DNM1,4
1,GO:0090201,negative regulation of release of cytochrome c from mitochondria,4/737,19/18986,0.21052631578947367,5.423409269442262,3.876627847312829,0.005477996100074721,0.031226401742490306,0.022079661832183874,BCL2L1/FXN/PPIF/TRIAP1,4
1,GO:0019318,hexose metabolic process,18/737,238/18986,0.07563025210084033,1.9483255988962749,2.958611827995869,0.005515054457574382,0.03138892413721053,0.022194578675474738,AKR1B1/AKT2/ENO1/ENO2/FABP5/FOXO1/FUT8/GAPDH/GLB1/GPI/INPPL1/MPI/PFKFB2/PMM2/SRC/STK11/TIGAR/TP53,18
1,GO:0000002,mitochondrial genome maintenance,5/737,30/18986,0.16666666666666666,4.293532338308458,3.6280120299077554,0.005530953338040407,0.03138892413721053,0.022194578675474738,AKT3/LONP1/RRM2B/TP53/TYMP,5
1,GO:1903077,negative regulation of protein localization to plasma membrane,5/737,30/18986,0.16666666666666666,4.293532338308458,3.6280120299077554,0.005530953338040407,0.03138892413721053,0.022194578675474738,BCL2L1/DAB2/NUMB/PPP2R5A/TGFB1,5
1,GO:2000629,negative regulation of miRNA metabolic process,5/737,30/18986,0.16666666666666666,4.293532338308458,3.6280120299077554,0.005530953338040407,0.03138892413721053,0.022194578675474738,APP/PDGFB/SMAD3/TGFB1/VEGFA,5
1,GO:1902806,regulation of cell cycle G1/S phase transition,17/737,220/18986,0.07727272727272727,1.9906377204884667,2.970023284126468,0.005574856878109856,0.03160316216994726,0.022346062773880567,AIF1/APPL2/BID/CASP2/CDKN1A/CDKN2D/CRADD/DGKZ/EIF4G1/GIGYF2/PKD2/PTEN/PTPN6/RGCC/SMARCA2/TP53/TRIAP1,17
1,GO:0044091,membrane biogenesis,8/737,70/18986,0.11428571428571428,2.9441364605543705,3.274768630477262,0.0056104143516405676,0.03173467853527088,0.022439055776906976,ANXA2/CHMP1A/CHMP6/PTEN/REEP4/SIRT2/STX4/VPS4B,8
1,GO:0050854,regulation of antigen receptor-mediated signaling pathway,8/737,70/18986,0.11428571428571428,2.9441364605543705,3.274768630477262,0.0056104143516405676,0.03173467853527088,0.022439055776906976,CD226/DGKZ/DUSP3/IKBKG/LYN/PRKD2/PTPN6/SLA2,8
1,GO:0051222,positive regulation of protein transport,19/737,257/18986,0.07392996108949416,1.9045240722457752,2.933924307193255,0.0056391811066365235,0.03177021896885169,0.02246418581786734,APP/ARF6/BMP6/CNST/HCLS1/IL1B/ITPR1/MAVS/PFKFB2/PPM1A/PRKAR1A/SMAD3/SNAP25/SRC/STX4/SYTL4/TGFB1/VEGFC/VPS28,19
1,GO:0045069,regulation of viral genome replication,9/737,85/18986,0.10588235294117647,2.7276558384547847,3.2080698302844137,0.005650083596532928,0.03177021896885169,0.02246418581786734,CCL5/EIF2AK2/LARP1/MAVS/MPHOSPH8/SRPK2/TARBP2/TNIP1/TOP2B,9
1,GO:1904427,positive regulation of calcium ion transmembrane transport,9/737,85/18986,0.10588235294117647,2.7276558384547847,3.2080698302844137,0.005650083596532928,0.03177021896885169,0.02246418581786734,ABL1/BAX/CACNB3/CRACR2A/CXCL11/EHD3/F2R/PKD2/PPP3R1,9
1,GO:0009132,nucleoside diphosphate metabolic process,12/737,133/18986,0.09022556390977443,2.324318258332398,3.079976922780952,0.005659845806537897,0.03177021896885169,0.02246418581786734,AK2/APP/ENO1/ENO2/GAPDH/GIT1/GPI/NUDT5/PFKFB2/RRM2B/SRC/TIGAR,12
1,GO:0007021,tubulin complex assembly,3/737,10/18986,0.3,7.728358208955224,4.276872248180556,0.0056971128641574,0.03177021896885169,0.02246418581786734,TBCA/TBCB/TBCC,3
1,GO:0021683,cerebellar granular layer morphogenesis,3/737,10/18986,0.3,7.728358208955224,4.276872248180556,0.0056971128641574,0.03177021896885169,0.02246418581786734,OPHN1/SERPINE2/MTPN,3
1,GO:0036490,regulation of translation in response to endoplasmic reticulum stress,3/737,10/18986,0.3,7.728358208955224,4.276872248180556,0.0056971128641574,0.03177021896885169,0.02246418581786734,EIF2AK3/EIF4G1/NCK2,3
1,GO:0045136,development of secondary sexual characteristics,3/737,10/18986,0.3,7.728358208955224,4.276872248180556,0.0056971128641574,0.03177021896885169,0.02246418581786734,BAX/STAT5B/TGFB1,3
1,GO:0048672,positive regulation of collateral sprouting,3/737,10/18986,0.3,7.728358208955224,4.276872248180556,0.0056971128641574,0.03177021896885169,0.02246418581786734,BDNF/IST1/SEMA4D,3
1,GO:0060368,regulation of Fc receptor mediated stimulatory signaling pathway,3/737,10/18986,0.3,7.728358208955224,4.276872248180556,0.0056971128641574,0.03177021896885169,0.02246418581786734,APPL2/CD226/LYN,3
1,GO:1902224,ketone body metabolic process,3/737,10/18986,0.3,7.728358208955224,4.276872248180556,0.0056971128641574,0.03177021896885169,0.02246418581786734,HMGCL/OXCT1/TYRP1,3
1,GO:1902513,regulation of organelle transport along microtubule,3/737,10/18986,0.3,7.728358208955224,4.276872248180556,0.0056971128641574,0.03177021896885169,0.02246418581786734,MAP2/STK11/TRIM58,3
1,GO:1903911,positive regulation of receptor clustering,3/737,10/18986,0.3,7.728358208955224,4.276872248180556,0.0056971128641574,0.03177021896885169,0.02246418581786734,CRKL/FNTA/MESD,3
1,GO:0010761,fibroblast migration,7/737,56/18986,0.125,3.220149253731343,3.34364673847485,0.0057296901225502225,0.03188265272959691,0.022543685833150792,APPL2/BAG4/FGF2/FUT8/ITGB1BP1/SDC4/TGFB1,7
1,GO:1902895,positive regulation of miRNA transcription,7/737,56/18986,0.125,3.220149253731343,3.34364673847485,0.0057296901225502225,0.03188265272959691,0.022543685833150792,FGF2/FOXO3/PDGFB/SMAD1/SMAD3/TGFB1/TP53,7
1,GO:0051054,positive regulation of DNA metabolic process,21/737,295/18986,0.0711864406779661,1.8338477105995448,2.9006878044616538,0.005737981072307008,0.03189423245386233,0.022551873660810184,ANXA3/BAX/CCT5/CD40/CDKN1A/EREG/FGF2/GFER/MGMT/NEK7/NFATC1/PDGFB/PRKD2/RFC4/RGCC/SMARCA2/TGFB1/TIGAR/TOP2B/VEGFA/WAS,21
1,GO:0072163,mesonephric epithelium development,10/737,101/18986,0.09900990099009901,2.5506132702822524,3.1399678239131705,0.005847492269107156,0.03243274329820124,0.022932645593292816,ARG2/FGF2/MAGED1/PKD2/SDC4/SMAD1/SMAD2/SMAD3/TGFB1/VEGFA,10
1,GO:0072164,mesonephric tubule development,10/737,101/18986,0.09900990099009901,2.5506132702822524,3.1399678239131705,0.005847492269107156,0.03243274329820124,0.022932645593292816,ARG2/FGF2/MAGED1/PKD2/SDC4/SMAD1/SMAD2/SMAD3/TGFB1/VEGFA,10
1,GO:0051384,response to glucocorticoid,12/737,134/18986,0.08955223880597014,2.3069725996881263,3.0511227176427806,0.006003845186542776,0.03323136300514628,0.023497336114066788,ANXA3/BCL2L11/BMP6/CASP3/CASP9/CDKN1A/COMT/EIF4E/FOXO3/GLB1/TGFB1/USP8,12
1,GO:1900026,positive regulation of substrate adhesion-dependent cell spreading,6/737,43/18986,0.13953488372093023,3.5945852134675462,3.4229243109205565,0.00600442072990182,0.03323136300514628,0.023497336114066788,ABL1/CRKL/DAB2/MDK/P4HB/C1QBP,6
1,GO:0048678,response to axon injury,9/737,86/18986,0.10465116279069768,2.6959389101006597,3.167729120073958,0.006099250829622806,0.03371986249832371,0.023842745863915566,BAX/DAG1/FGF2/FKBP1B/LYN/MAP2K1/SCARF1/SOD2/STK24,9
1,GO:1903008,organelle disassembly,8/737,71/18986,0.11267605633802817,2.9026697498423375,3.227817145136623,0.00611343820908339,0.03376195552887343,0.023872509135639725,CDK5RAP3/DENR/ELAC1/GIGYF2/MRPL58/MTIF3/PLIN3/TRIM21,8
1,GO:0042063,gliogenesis,24/737,355/18986,0.0676056338028169,1.7416018499054025,2.8345649139781917,0.006221217918647329,0.03432027414626496,0.024267286810258675,ABL1/AKT2/APP/ARHGEF10/CNP/CRKL/DAG1/FGF2/IL1B/LYN/MAP2K1/MDK/PARD3/PPP1CC/PPP3R1/PTEN/RRAS/SCRIB/SERPINE2/SIRT2/TGFB1/TP53/VEGFC/WASF3,24
1,GO:0016079,synaptic vesicle exocytosis,10/737,102/18986,0.09803921568627451,2.5256072578285043,3.1046692854634106,0.006264237137131241,0.034483517616619566,0.024382713513964895,FMR1/GIT1/SCRIB/SNAP23/SNAP25/SNAP29/SNAPIN/STXBP1/STXBP3/SV2A,10
1,GO:2001237,negative regulation of extrinsic apoptotic signaling pathway,10/737,102/18986,0.09803921568627451,2.5256072578285043,3.1046692854634106,0.006264237137131241,0.034483517616619566,0.024382713513964895,BCL2L1/COL2A1/GSTP1/HSPA1A/IL1B/IL7/ITGA6/PF4/SERPINE1/SRC,10
1,GO:0031098,stress-activated protein kinase signaling cascade,7/737,57/18986,0.12280701754385964,3.1636554071746525,3.2876168349578054,0.0063184423171298645,0.034707507744148644,0.02454109315406477,EIF2AK2/FOXO1/GSTP1/MAP2K1/MAP2K6/MAP3K5/PRDX1,7
1,GO:2000107,negative regulation of leukocyte apoptotic process,7/737,57/18986,0.12280701754385964,3.1636554071746525,3.2876168349578054,0.0063184423171298645,0.034707507744148644,0.02454109315406477,ARG2/BCL2L1/CCL5/CXCL12/FADD/HCLS1/MIF,7
1,GO:0009261,ribonucleotide catabolic process,12/737,135/18986,0.08888888888888889,2.289883913764511,3.0225244542596896,0.006364196285139077,0.03482819928301007,0.02462643210493211,APP/ENO1/ENO2/GAPDH/GIT1/GPI/ITPA/NT5C/PDE5A/PFKFB2/SRC/TIGAR,12
1,GO:0030833,regulation of actin filament polymerization,12/737,135/18986,0.08888888888888889,2.289883913764511,3.0225244542596896,0.006364196285139077,0.03482819928301007,0.02462643210493211,ARF6/BAG4/CCL26/CORO1A/HCLS1/LATS1/NCK2/SNX9/MTPN/TMSB10/TWF2/VASP,12
1,GO:1903322,positive regulation of protein modification by small protein conjugation or removal,12/737,135/18986,0.08888888888888889,2.289883913764511,3.0225244542596896,0.006364196285139077,0.03482819928301007,0.02462643210493211,ANGPT1/AXIN1/BIRC2/CDK5RAP3/COMMD1/MAPK9/MYCBP2/NMI/PTEN/TANK/TNIP1/XIAP,12
1,GO:0001945,lymph vessel development,5/737,31/18986,0.16129032258064516,4.155031295137217,3.5329877616630703,0.00638788234513152,0.03482819928301007,0.02462643210493211,FGF2/LGALS8/VASH1/VEGFA/VEGFC,5
1,GO:0039694,viral RNA genome replication,5/737,31/18986,0.16129032258064516,4.155031295137217,3.5329877616630703,0.00638788234513152,0.03482819928301007,0.02462643210493211,ATG16L1/FMR1/MPHOSPH8/PCBP2/TOP2B,5
1,GO:0045070,positive regulation of viral genome replication,5/737,31/18986,0.16129032258064516,4.155031295137217,3.5329877616630703,0.00638788234513152,0.03482819928301007,0.02462643210493211,CCL5/LARP1/SRPK2/TARBP2/TOP2B,5
1,GO:0050820,positive regulation of coagulation,5/737,31/18986,0.16129032258064516,4.155031295137217,3.5329877616630703,0.00638788234513152,0.03482819928301007,0.02462643210493211,ANGPT1/CD36/F2R/HPSE/SERPINE1,5
1,GO:0000079,regulation of cyclin-dependent protein serine/threonine kinase activity,9/737,87/18986,0.10344827586206896,2.664951106536284,3.1279601193098756,0.0065754107526556065,0.03581262950757073,0.02532250610778796,CDC37/CDK5RAP3/CDKN1A/CDKN2D/HHEX/LATS1/PSRC1/PTEN/RGCC,9
1,GO:0043524,negative regulation of neuron apoptotic process,14/737,170/18986,0.08235294117647059,2.121510096575944,2.9517767340747403,0.006591789879188945,0.03584520444413786,0.02534553929584268,ANGPT1/BAX/BCL2L1/BDNF/CORO1A/F2R/FGF2/GPI/HTRA2/LGMN/MDK/SOD2/STAMBP/STXBP1,14
1,GO:0040013,negative regulation of locomotion,27/737,416/18986,0.06490384615384616,1.672000574052813,2.785029928598305,0.006595350116766019,0.03584520444413786,0.02534553929584268,AIF1/BCR/CCL28/CD69/DAG1/CXCL12/DUSP3/EPPK1/FGF2/FOXO3/ING1/ITGB1BP1/MIF/PLXNB3/PRKG1/PTEN/PTPN1/RGCC/RNF41/RRAS/SERPINB1/SERPINE1/SPINT2/STK24/TGFB1/VASH1/WAS,27
1,GO:0022037,metencephalon development,11/737,119/18986,0.09243697478991597,2.381286843095447,3.0375640216945037,0.006606757520783104,0.03586151211486123,0.02535707017467438,ABL1/COMT/CRKL/MAP2K1/MDK/OPHN1/PRKG1/SCRIB/SERPINE2/MTPN/TP53,11
1,GO:0032305,positive regulation of icosanoid secretion,4/737,20/18986,0.2,5.15223880597015,3.733610048748813,0.006640244941828861,0.03586151211486123,0.02535707017467438,IL1B/MAP2K6/MIF/PLA2G4A,4
1,GO:0051546,keratinocyte migration,4/737,20/18986,0.2,5.15223880597015,3.733610048748813,0.006640244941828861,0.03586151211486123,0.02535707017467438,ARF6/EPPK1/HBEGF/PTEN,4
1,GO:0061952,midbody abscission,4/737,20/18986,0.2,5.15223880597015,3.733610048748813,0.006640244941828861,0.03586151211486123,0.02535707017467438,CHMP1A/CHMP6/MITD1/VPS4B,4
1,GO:0097284,hepatocyte apoptotic process,4/737,20/18986,0.2,5.15223880597015,3.733610048748813,0.006640244941828861,0.03586151211486123,0.02535707017467438,ARF6/BCL2L1/BID/STK4,4
1,GO:1990182,exosomal secretion,4/737,20/18986,0.2,5.15223880597015,3.733610048748813,0.006640244941828861,0.03586151211486123,0.02535707017467438,HGS/SDC4/STAM/VPS4B,4
1,GO:0090150,establishment of protein localization to membrane,20/737,280/18986,0.07142857142857142,1.8400852878464817,2.845977346512401,0.0066676987870195525,0.03597195480055927,0.02543516233438463,AKT2/AP3B1/BAG6/BAX/BID/CAMLG/CHM/CNST/GORASP2/ITGB1BP1/PARD3/PIKFYVE/RAB10/RAB11FIP3/RILPL2/SCRIB/TIMM10/TIMM8A/TOMM20/VPS37A,20
1,GO:0032640,tumor necrosis factor production,15/737,188/18986,0.0797872340425532,2.0554144172753257,2.9225747885344115,0.006696606693822499,0.03605217188623937,0.025491882482276976,ANGPT1/APP/ARG2/CD36/FADD/GSTP1/HSPB1/MAPKAPK2/MAVS/MIF/PF4/PTPN6/TGFB1/TMEM106A/VSIR,15
1,GO:0032680,regulation of tumor necrosis factor production,15/737,188/18986,0.0797872340425532,2.0554144172753257,2.9225747885344115,0.006696606693822499,0.03605217188623937,0.025491882482276976,ANGPT1/APP/ARG2/CD36/FADD/GSTP1/HSPB1/MAPKAPK2/MAVS/MIF/PF4/PTPN6/TGFB1/TMEM106A/VSIR,15
1,GO:0001960,negative regulation of cytokine-mediated signaling pathway,10/737,103/18986,0.0970873786407767,2.5010867990146357,3.0697883283281504,0.006703715588484934,0.03605265263084673,0.0254922224086779,CCL5/GIGYF2/GSTP1/MAVS/SH2B3/STAT2/TANK/USP25/XIAP/YTHDF3,10
1,GO:0007041,lysosomal transport,12/737,136/18986,0.08823529411764706,2.273046532045654,2.9941776492696937,0.006741425670495581,0.03614192301008904,0.025555343987704378,AP3B1/ARSB/BECN1/CHMP1A/CHMP6/EHD3/HGS/HSPA1A/SNAPIN/SORT1/VPS4B/VPS53,12
1,GO:0030879,mammary gland development,12/737,136/18986,0.08823529411764706,2.273046532045654,2.9941776492696937,0.006741425670495581,0.03614192301008904,0.025555343987704378,AKT2/BAX/BCL2L11/EGF/FGF2/LATS1/NFKB1/SCRIB/SRC/STAT5B/TGFB1/VEGFA,12
1,GO:1901875,positive regulation of post-translational protein modification,12/737,136/18986,0.08823529411764706,2.273046532045654,2.9941776492696937,0.006741425670495581,0.03614192301008904,0.025555343987704378,ANGPT1/AXIN1/BIRC2/CDK5RAP3/COMMD1/MAPK9/MYCBP2/NMI/PTEN/TANK/TNIP1/XIAP,12
1,GO:0061756,leukocyte adhesion to vascular endothelial cell,7/737,58/18986,0.1206896551724138,3.1091096242923317,3.232810854909155,0.006951082935769642,0.03722707190626995,0.026322634463975928,CCL28/CXCL12/GP1BA/IRAK1/MDK/NFAT5/SELP,7
1,GO:0001763,morphogenesis of a branching structure,16/737,207/18986,0.07729468599033816,1.9912034032734875,2.881583676754266,0.007017229573537597,0.03754217821842614,0.026545440820948146,ABL1/DAG1/EGF/FGF2/FKBPL/MAGED1/MDK/PDGFA/PKD2/PPP3R1/SPINT2/SPRY2/SRC/STK4/TGFB1/VEGFA,16
1,GO:0072665,protein localization to vacuole,9/737,88/18986,0.10227272727272728,2.634667571234736,3.088747237149734,0.0070795900446041695,0.0378363938283944,0.026753475714863226,AP3B1/BECN1/HGS/LAMTOR5/SORT1/STAM/VPS28/VPS37A/VPS53,9
1,GO:0009191,ribonucleoside diphosphate catabolic process,10/737,104/18986,0.09615384615384616,2.4770378874856487,3.035315345948127,0.007166731736391327,0.03822256926075374,0.027026533847680032,APP/ENO1/ENO2/GAPDH/GIT1/GPI/NUDT5/PFKFB2/SRC/TIGAR,10
1,GO:0046031,ADP metabolic process,10/737,104/18986,0.09615384615384616,2.4770378874856487,3.035315345948127,0.007166731736391327,0.03822256926075374,0.027026533847680032,AK2/APP/ENO1/ENO2/GAPDH/GIT1/GPI/PFKFB2/SRC/TIGAR,10
1,GO:0032722,positive regulation of chemokine production,8/737,73/18986,0.1095890410958904,2.82314455121652,3.1363305736816964,0.007221381604309411,0.03843421338832449,0.027176183839506374,AIF1/APP/EIF2AK2/IL1B/IL7/MAVS/MIF/TGFB1,8
1,GO:0042698,ovulation cycle,8/737,73/18986,0.1095890410958904,2.82314455121652,3.1363305736816964,0.007221381604309411,0.03843421338832449,0.027176183839506374,CASP2/CASP3/EREG/FOXO3/MAP2K6/MDK/SRC/STAT5B,8
1,GO:0048545,response to steroid hormone,23/737,340/18986,0.06764705882352941,1.742669007901668,2.7769075964406107,0.007247166045868792,0.03853151636809743,0.027244985134845086,AIFM1/ANXA3/BCL2L11/BMP6/CALCOCO1/CASP3/CASP9/CDKN1A/COMT/DAB2/EIF4E/FKBP4/FOXO3/GLB1/GPI/HSPA1A/LATS1/PPP1R9B/RWDD1/SRC/TADA3/TGFB1/USP8,23
1,GO:0006622,protein targeting to lysosome,5/737,32/18986,0.15625,4.025186567164179,3.441883952190729,0.0073337684812684895,0.038831170020407174,0.027456865176751263,AP3B1/BECN1/HGS/SORT1/VPS53,5
1,GO:0031629,synaptic vesicle fusion to presynaptic active zone membrane,5/737,32/18986,0.15625,4.025186567164179,3.441883952190729,0.0073337684812684895,0.038831170020407174,0.027456865176751263,SNAP23/SNAP25/SNAP29/SNAPIN/STXBP1,5
1,GO:0035767,endothelial cell chemotaxis,5/737,32/18986,0.15625,4.025186567164179,3.441883952190729,0.0073337684812684895,0.038831170020407174,0.027456865176751263,FGF2/HSPB1/LGMN/PRKD2/VEGFA,5
1,GO:0061036,positive regulation of cartilage development,5/737,32/18986,0.15625,4.025186567164179,3.441883952190729,0.0073337684812684895,0.038831170020407174,0.027456865176751263,BMP6/MDK/SMAD1/SMAD3/ZBTB16,5
1,GO:0051224,negative regulation of protein transport,11/737,121/18986,0.09090909090909091,2.3419267299864317,2.975860666926658,0.007466528410422027,0.039486336356502345,0.027920122239287807,ANGPT1/CD36/ERP29/F2R/FKBP1B/FOXO1/IL1B/PPM1F/RAB11FIP3/SYTL4/WWP2,11
1,GO:0072523,purine-containing compound catabolic process,13/737,155/18986,0.08387096774193549,2.160616273471353,2.9156629766261606,0.007472881413263293,0.039486336356502345,0.027920122239287807,APP/ENO1/ENO2/GAPDH/GIT1/GPI/ITPA/NT5C/NUDT16/PDE5A/PFKFB2/SRC/TIGAR,13
1,GO:0001821,histamine secretion,3/737,11/18986,0.2727272727272727,7.025780189959295,4.017336815170911,0.007609524454931395,0.03965462231333913,0.028039114400110678,LYN/SNAP23/VAMP8,3
1,GO:0016185,synaptic vesicle budding from presynaptic endocytic zone membrane,3/737,11/18986,0.2727272727272727,7.025780189959295,4.017336815170911,0.007609524454931395,0.03965462231333913,0.028039114400110678,AP3S2/DNM1/DNM3,3
1,GO:0019673,GDP-mannose metabolic process,3/737,11/18986,0.2727272727272727,7.025780189959295,4.017336815170911,0.007609524454931395,0.03965462231333913,0.028039114400110678,GPI/MPI/PMM2,3
1,GO:0030948,negative regulation of vascular endothelial growth factor receptor signaling pathway,3/737,11/18986,0.2727272727272727,7.025780189959295,4.017336815170911,0.007609524454931395,0.03965462231333913,0.028039114400110678,HGS/HHEX/PTPN1,3
1,GO:0038130,ERBB4 signaling pathway,3/737,11/18986,0.2727272727272727,7.025780189959295,4.017336815170911,0.007609524454931395,0.03965462231333913,0.028039114400110678,BTC/EREG/HBEGF,3
1,GO:0044571,[2Fe-2S] cluster assembly,3/737,11/18986,0.2727272727272727,7.025780189959295,4.017336815170911,0.007609524454931395,0.03965462231333913,0.028039114400110678,FDX2/FXN/GLRX5,3
1,GO:0060397,growth hormone receptor signaling pathway via JAK-STAT,3/737,11/18986,0.2727272727272727,7.025780189959295,4.017336815170911,0.007609524454931395,0.03965462231333913,0.028039114400110678,LYN/PTPN1/STAT5B,3
1,GO:0075522,IRES-dependent viral translational initiation,3/737,11/18986,0.2727272727272727,7.025780189959295,4.017336815170911,0.007609524454931395,0.03965462231333913,0.028039114400110678,CSDE1/DENR/PCBP2,3
1,GO:0090085,regulation of protein deubiquitination,3/737,11/18986,0.2727272727272727,7.025780189959295,4.017336815170911,0.007609524454931395,0.03965462231333913,0.028039114400110678,TANK/TNIP1/TRIM21,3
1,GO:0090331,negative regulation of platelet aggregation,3/737,11/18986,0.2727272727272727,7.025780189959295,4.017336815170911,0.007609524454931395,0.03965462231333913,0.028039114400110678,PRKG1/SERPINE2/SH2B3,3
1,GO:0110011,regulation of basement membrane organization,3/737,11/18986,0.2727272727272727,7.025780189959295,4.017336815170911,0.007609524454931395,0.03965462231333913,0.028039114400110678,DAG1/NID1/PHLDB1,3
1,GO:1902510,regulation of apoptotic DNA fragmentation,3/737,11/18986,0.2727272727272727,7.025780189959295,4.017336815170911,0.007609524454931395,0.03965462231333913,0.028039114400110678,AIFM1/BAX/DFFA,3
1,GO:0033627,cell adhesion mediated by integrin,9/737,89/18986,0.10112359550561797,2.6050645648163675,3.0500754857127146,0.007612822741618455,0.03965462231333913,0.028039114400110678,CCL5/CRKL/ITGA6/ITGB5/JAM3/ITGB1BP1/LYN/PTPN6/SERPINE1,9
1,GO:2000134,negative regulation of G1/S transition of mitotic cell cycle,9/737,89/18986,0.10112359550561797,2.6050645648163675,3.0500754857127146,0.007612822741618455,0.03965462231333913,0.028039114400110678,CASP2/CDKN1A/CRADD/DGKZ/GIGYF2/PKD2/PTEN/TP53/TRIAP1,9
1,GO:0038093,Fc receptor signaling pathway,7/737,59/18986,0.11864406779661017,3.056412850999241,3.1791786485679436,0.007629506080484391,0.03970125960422273,0.028072090841647898,ABL1/APPL2/LYN/MAPK9/SRC/VAV3/YES1,7
1,GO:0032637,interleukin-8 production,10/737,105/18986,0.09523809523809523,2.4534470504619756,3.001241046149818,0.007654096505503061,0.039708524901276486,0.02807722801061729,ANXA4/F2R/FADD/HSPA1A/IL1B/LAMTOR5/MAVS/OTUD7B/PRKD2/SERPINE1,10
1,GO:0032677,regulation of interleukin-8 production,10/737,105/18986,0.09523809523809523,2.4534470504619756,3.001241046149818,0.007654096505503061,0.039708524901276486,0.02807722801061729,ANXA4/F2R/FADD/HSPA1A/IL1B/LAMTOR5/MAVS/OTUD7B/PRKD2/SERPINE1,10
1,GO:1905477,positive regulation of protein localization to membrane,10/737,105/18986,0.09523809523809523,2.4534470504619756,3.001241046149818,0.007654096505503061,0.039708524901276486,0.02807722801061729,AKT2/ARF6/CNPY4/CNST/CRKL/FNTA/ITGB1BP1/MESD/PPP1R9B/STX4,10
1,GO:1901605,alpha-amino acid metabolic process,16/737,209/18986,0.07655502392344497,1.9721488252517316,2.8399605330861677,0.007669804471929216,0.03974986454876736,0.02810645857789133,ACADSB/ALDH5A1/ARG2/ASRGL1/BCAT1/BLMH/CRYM/HMGCL/KYAT1/MMUT/MSRA/NIT2/P4HB/SHMT1/SMS/ENOPH1,16
1,GO:0014015,positive regulation of gliogenesis,8/737,74/18986,0.10810810810810811,2.784993949173054,3.091743010177012,0.007829033398212927,0.04049336911704088,0.02863217811399226,DAG1/IL1B/LYN/MDK/PPP1CC/SERPINE2/TGFB1/VEGFC,8
1,GO:0072527,pyrimidine-containing compound metabolic process,8/737,74/18986,0.10810810810810811,2.784993949173054,3.091743010177012,0.007829033398212927,0.04049336911704088,0.02863217811399226,DCTD/DUT/NT5C/NT5C3A/SHMT1/THTPA/TYMP/UNG,8
1,GO:0031023,microtubule organizing center organization,13/737,156/18986,0.08333333333333333,2.146766169154229,2.8902241165881395,0.007872310160148057,0.04057159978373755,0.028687493698535526,ARHGEF10/CEP85/CETN2/CETN3/CHMP1A/DCTN1/FES/ITGB1BP2/MDM1/PKD2/PPP1R12A/SDCCAG8/VPS4B,13
1,GO:0009314,response to radiation,28/737,442/18986,0.06334841628959276,1.6319308435199569,2.701459664873253,0.007877229021471284,0.04057159978373755,0.028687493698535526,AKT2/APP/BAX/BCL2L1/CASP3/CASP7/CASP9/CDKN1A/CDKN2D/CIRBP/COMT/DDHD2/EEF1D/FKBPL/IFT20/MMP1/NMT1/PER3/PPP1CC/SOD2/STK11/TANK/TGFB1/TIGAR/TP53/TRIAP1/USP47/XRCC4,28
1,GO:0006244,pyrimidine nucleotide catabolic process,4/737,21/18986,0.19047619047619047,4.906894100923951,3.5998497319997353,0.007954750970059134,0.04057159978373755,0.028687493698535526,DUT/NT5C/TYMP/UNG,4
1,GO:0009129,pyrimidine nucleoside monophosphate metabolic process,4/737,21/18986,0.19047619047619047,4.906894100923951,3.5998497319997353,0.007954750970059134,0.04057159978373755,0.028687493698535526,DUT/NT5C/SHMT1/TYMP,4
1,GO:0010829,negative regulation of D-glucose transmembrane transport,4/737,21/18986,0.19047619047619047,4.906894100923951,3.5998497319997353,0.007954750970059134,0.04057159978373755,0.028687493698535526,APPL2/FABP5/IL1B/STXBP3,4
1,GO:0033137,negative regulation of peptidyl-serine phosphorylation,4/737,21/18986,0.19047619047619047,4.906894100923951,3.5998497319997353,0.007954750970059134,0.04057159978373755,0.028687493698535526,DKK1/DMD/PPM1F/PTEN,4
1,GO:0048670,regulation of collateral sprouting,4/737,21/18986,0.19047619047619047,4.906894100923951,3.5998497319997353,0.007954750970059134,0.04057159978373755,0.028687493698535526,BDNF/IST1/SEMA4D/SPART,4
1,GO:0055070,copper ion homeostasis,4/737,21/18986,0.19047619047619047,4.906894100923951,3.5998497319997353,0.007954750970059134,0.04057159978373755,0.028687493698535526,APP/ATOX1/COMMD1/XIAP,4
1,GO:0070242,thymocyte apoptotic process,4/737,21/18986,0.19047619047619047,4.906894100923951,3.5998497319997353,0.007954750970059134,0.04057159978373755,0.028687493698535526,BAX/BCL2L11/DFFA/TP53,4
1,GO:0071731,response to nitric oxide,4/737,21/18986,0.19047619047619047,4.906894100923951,3.5998497319997353,0.007954750970059134,0.04057159978373755,0.028687493698535526,AIFM1/FOXO1/PTPN1/TRAF2,4
1,GO:0071800,podosome assembly,4/737,21/18986,0.19047619047619047,4.906894100923951,3.5998497319997353,0.007954750970059134,0.04057159978373755,0.028687493698535526,BIN2/DBNL/MAPK9/SRC,4
1,GO:0090200,positive regulation of release of cytochrome c from mitochondria,4/737,21/18986,0.19047619047619047,4.906894100923951,3.5998497319997353,0.007954750970059134,0.04057159978373755,0.028687493698535526,BAX/BCL2L11/BID/TP53,4
1,GO:0097734,extracellular exosome biogenesis,4/737,21/18986,0.19047619047619047,4.906894100923951,3.5998497319997353,0.007954750970059134,0.04057159978373755,0.028687493698535526,HGS/SDC4/STAM/VPS4B,4
1,GO:2000047,regulation of cell-cell adhesion mediated by cadherin,4/737,21/18986,0.19047619047619047,4.906894100923951,3.5998497319997353,0.007954750970059134,0.04057159978373755,0.028687493698535526,BMP6/PPM1F/RGCC/VEGFA,4
1,GO:0001837,epithelial to mesenchymal transition,15/737,192/18986,0.078125,2.0125932835820897,2.8339719970859534,0.008073979048925999,0.04113884563024199,0.029088583666243416,DAB2/DAG1/IL1B/MDK/PHLDB1/PPP3R1/PTEN/RGCC/S100A4/SMAD2/SMAD3/SPRED2/SPRY2/TGFB1/VEGFA,15
1,GO:0030336,negative regulation of cell migration,25/737,383/18986,0.06527415143603134,1.681540080277464,2.7078138428864147,0.00815264860642175,0.041487433450940144,0.029335064233018425,AIF1/BCR/CCL28/CD69/DAG1/CXCL12/DUSP3/EPPK1/FGF2/FOXO3/ING1/ITGB1BP1/MIF/PLXNB3/PRKG1/PTEN/PTPN1/RGCC/RNF41/RRAS/SERPINB1/SERPINE1/STK24/TGFB1/VASH1,25
1,GO:0098813,nuclear chromosome segregation,22/737,324/18986,0.06790123456790123,1.7492168785701123,2.7335087874085024,0.008161624809771008,0.041487433450940144,0.029335064233018425,ABRAXAS2/ARHGEF10/BAG6/BECN1/CDC27/CHMP1A/CHMP6/DCTN2/HSPA1A/KIF22/LATS1/MZT1/NUDC/PIBF1/PPP1CC/PSRC1/PTEN/SIRT2/SMARCA2/TACC3/TOP2B/VPS4B,22
1,GO:1901222,regulation of non-canonical NF-kappaB signal transduction,10/737,106/18986,0.09433962264150944,2.4303013235708253,2.967556437923474,0.00816662679495726,0.041487433450940144,0.029335064233018425,APP/BIRC2/EDAR/EIF2AK2/IL1B/NMI/PPM1A/PRDX1/TNFSF14/TRIM40,10
1,GO:1904029,regulation of cyclin-dependent protein kinase activity,9/737,90/18986,0.1,2.576119402985075,3.011930450178839,0.00817614890392175,0.04149476360725504,0.029340247262877095,CDC37/CDK5RAP3/CDKN1A/CDKN2D/HHEX/LATS1/PSRC1/PTEN/RGCC,9
1,GO:1903320,regulation of protein modification by small protein conjugation or removal,18/737,248/18986,0.07258064516129033,1.8697640828117477,2.770672546977642,0.008326642571791462,0.04216068227721575,0.029811107119280686,ABL1/ANGPT1/AXIN1/BIRC2/CAMLG/CDK5RAP3/COMMD1/HSPA1A/MAPK9/MYCBP2/NMI/PTEN/SPRY2/TANK/TNIP1/TRIM21/VPS28/XIAP,18
1,GO:0010718,positive regulation of epithelial to mesenchymal transition,7/737,60/18986,0.11666666666666667,3.00547263681592,3.1266729551006374,0.008355603361794714,0.04216068227721575,0.029811107119280686,DAB2/IL1B/MDK/RGCC/SMAD2/SMAD3/TGFB1,7
1,GO:0038066,p38MAPK cascade,7/737,60/18986,0.11666666666666667,3.00547263681592,3.1266729551006374,0.008355603361794714,0.04216068227721575,0.029811107119280686,BECN1/IL1B/MAP2K6/MAP3K5/MAPKAPK2/MINK1/VEGFA,7
1,GO:0099172,presynapse organization,7/737,60/18986,0.11666666666666667,3.00547263681592,3.1266729551006374,0.008355603361794714,0.04216068227721575,0.029811107119280686,APP/ARF6/DAAM1/DKK1/EIF4G1/PTEN/SNAPIN,7
1,GO:0021587,cerebellum morphogenesis,6/737,46/18986,0.13043478260869565,3.36015574302401,3.2206912984533194,0.0083662139698928,0.04216068227721575,0.029811107119280686,ABL1/COMT/MAP2K1/OPHN1/SERPINE2/MTPN,6
1,GO:0031116,positive regulation of microtubule polymerization,5/737,33/18986,0.15151515151515152,3.9032112166440527,3.3544098974509486,0.008373032695241445,0.04216068227721575,0.029811107119280686,DCTN1/FES/GIT1/HSPA1A/PSRC1,5
1,GO:0097345,mitochondrial outer membrane permeabilization,5/737,33/18986,0.15151515151515152,3.9032112166440527,3.3544098974509486,0.008373032695241445,0.04216068227721575,0.029811107119280686,ATP5IF1/BCL2L1/BID/BNIP3L/HSPA1A,5
1,GO:0099500,vesicle fusion to plasma membrane,5/737,33/18986,0.15151515151515152,3.9032112166440527,3.3544098974509486,0.008373032695241445,0.04216068227721575,0.029811107119280686,SNAP23/SNAP25/SNAP29/SNAPIN/STXBP1,5
1,GO:0050000,chromosome localization,11/737,123/18986,0.08943089430894309,2.303846620555758,2.9153666949580384,0.008411058400157065,0.04231067183467843,0.02991716220479599,ABRAXAS2/BECN1/CHMP1A/CHMP6/DCTN2/KIF22/NUDC/PIBF1/PSRC1/SIRT2/VPS4B,11
1,GO:0032388,positive regulation of intracellular transport,12/737,140/18986,0.08571428571428572,2.2081023454157784,2.8832191974842782,0.008429850357919783,0.04236370982218787,0.029954664470927237,ANXA2/DAB2/HCLS1/IL1B/LDLRAP1/MAP2/MAVS/PPM1A/SMAD3/SNAPIN/STK11/TGFB1,12
1,GO:0071706,tumor necrosis factor superfamily cytokine production,15/737,193/18986,0.07772020725388601,2.002165339107571,2.81215649229074,0.008451320838389696,0.04238865608004832,0.029972303548976616,ANGPT1/APP/ARG2/CD36/FADD/GSTP1/HSPB1/MAPKAPK2/MAVS/MIF/PF4/PTPN6/TGFB1/TMEM106A/VSIR,15
1,GO:1903555,regulation of tumor necrosis factor superfamily cytokine production,15/737,193/18986,0.07772020725388601,2.002165339107571,2.81215649229074,0.008451320838389696,0.04238865608004832,0.029972303548976616,ANGPT1/APP/ARG2/CD36/FADD/GSTP1/HSPB1/MAPKAPK2/MAVS/MIF/PF4/PTPN6/TGFB1/TMEM106A/VSIR,15
1,GO:0044843,cell cycle G1/S phase transition,20/737,287/18986,0.06968641114982578,1.7952051588746163,2.7279126234253765,0.008654893179599608,0.04336734767846204,0.030664319866103875,AIF1/APPL2/BCAT1/BID/CASP2/CDKN1A/CDKN2D/CRADD/DGKZ/EIF4E/EIF4G1/GIGYF2/LATS1/PKD2/PTEN/PTPN6/RGCC/SMARCA2/TP53/TRIAP1,20
1,GO:0045639,positive regulation of myeloid cell differentiation,10/737,107/18986,0.09345794392523364,2.407588227088855,2.9342528188772423,0.00870514462242594,0.04353419939705904,0.03078229790126531,CASP8/FADD/FES/FOXO3/HCLS1/HSPA1A/PF4/STAT5B/TGFB1/THPO,10
1,GO:0051099,positive regulation of binding,10/737,107/18986,0.09345794392523364,2.407588227088855,2.9342528188772423,0.00870514462242594,0.04353419939705904,0.03078229790126531,ABL1/ANXA2/BDNF/EDF1/EGF/EIF4G1/LAMTOR5/RAPGEF2/SIRT2/TRIM21,10
1,GO:1903510,mucopolysaccharide metabolic process,9/737,91/18986,0.0989010989010989,2.5478103985566674,2.9742982606876214,0.008770613259847763,0.043776355396091454,0.030953522322617544,ANGPT1/EGF/FGF2/GLB1/HPSE/IL1B/NFKB1/PDGFB/TGFB1,9
1,GO:2001057,reactive nitrogen species metabolic process,9/737,91/18986,0.0989010989010989,2.5478103985566674,2.9742982606876214,0.008770613259847763,0.043776355396091454,0.030953522322617544,APP/ARG2/CD36/IL1B/PKD2/PRDX5/SMAD3/SOD2/TMEM106A,9
1,GO:0032147,activation of protein kinase activity,7/737,61/18986,0.11475409836065574,2.9562025935894303,3.075249190606801,0.009131259785686742,0.04549163792885687,0.032166369661943806,ABL1/ANGPT1/AXIN1/ITGB1BP1/PIBF1/STK11/TRAF2,7
1,GO:0001707,mesoderm formation,8/737,76/18986,0.10526315789473684,2.711704634721131,3.0047570815628157,0.009158557947515187,0.04549163792885687,0.032166369661943806,AXIN1/DKK1/GPI/PRKAR1A/SMAD1/SMAD2/SMAD3/TXNRD1,8
1,GO:0009123,nucleoside monophosphate metabolic process,8/737,76/18986,0.10526315789473684,2.711704634721131,3.0047570815628157,0.009158557947515187,0.04549163792885687,0.032166369661943806,AK2/APRT/DUT/GMPR2/NT5C/NUDT2/SHMT1/TYMP,8
1,GO:0051298,centrosome duplication,8/737,76/18986,0.10526315789473684,2.711704634721131,3.0047570815628157,0.009158557947515187,0.04549163792885687,0.032166369661943806,ARHGEF10/CEP85/CETN2/CHMP1A/ITGB1BP2/MDM1/PKD2/VPS4B,8
1,GO:0090307,mitotic spindle assembly,8/737,76/18986,0.10526315789473684,2.711704634721131,3.0047570815628157,0.009158557947515187,0.04549163792885687,0.032166369661943806,ABRAXAS2/ARHGEF10/CHMP1A/CHMP6/HSPA1A/MZT1/PIBF1/VPS4B,8
1,GO:0048193,Golgi vesicle transport,21/737,308/18986,0.06818181818181818,1.7564450474898237,2.6897199589907723,0.009190619373169982,0.04558369938748218,0.032231464766111974,AP1G2/AP3S2/CNST/COMMD1/COPB2/CSNK1D/EHD3/GOPC/P4HB/RAB10/RAB11FIP3/RABEP1/RP2/SCAMP3/SEC31A/SNAP23/SNX2/SORT1/STX6/USO1/VTI1A,21
1,GO:0009134,nucleoside diphosphate catabolic process,10/737,108/18986,0.09259259259259259,2.3852957435046984,2.9013217633268376,0.009270476250836402,0.04558369938748218,0.032231464766111974,APP/ENO1/ENO2/GAPDH/GIT1/GPI/NUDT5/PFKFB2/SRC/TIGAR,10
1,GO:0032760,positive regulation of tumor necrosis factor production,10/737,108/18986,0.09259259259259259,2.3852957435046984,2.9013217633268376,0.009270476250836402,0.04558369938748218,0.032231464766111974,APP/CD36/FADD/HSPB1/MAPKAPK2/MAVS/MIF/PF4/TGFB1/TMEM106A,10
1,GO:0060761,negative regulation of response to cytokine stimulus,10/737,108/18986,0.09259259259259259,2.3852957435046984,2.9013217633268376,0.009270476250836402,0.04558369938748218,0.032231464766111974,CCL5/GIGYF2/GSTP1/MAVS/SH2B3/STAT2/TANK/USP25/XIAP/YTHDF3,10
1,GO:0006623,protein targeting to vacuole,6/737,47/18986,0.1276595744680851,3.2886630676405204,3.156979613794945,0.009283596097995787,0.04558369938748218,0.032231464766111974,AP3B1/BECN1/HGS/SORT1/VPS37A/VPS53,6
1,GO:0031641,regulation of myelination,6/737,47/18986,0.1276595744680851,3.2886630676405204,3.156979613794945,0.009283596097995787,0.04558369938748218,0.032231464766111974,DAG1/EIF2AK3/PARD3/SIRT2/TYMP/WASF3,6
1,GO:0042771,intrinsic apoptotic signaling pathway in response to DNA damage by p53 class mediator,6/737,47/18986,0.1276595744680851,3.2886630676405204,3.156979613794945,0.009283596097995787,0.04558369938748218,0.032231464766111974,BAG6/CDKN1A/HNRNPK/MIF/TP53/TRIAP1,6
1,GO:0045840,positive regulation of mitotic nuclear division,6/737,47/18986,0.1276595744680851,3.2886630676405204,3.156979613794945,0.009283596097995787,0.04558369938748218,0.032231464766111974,BTC/EGF/EREG/IL1B/PDGFB/RGCC,6
1,GO:0048247,lymphocyte chemotaxis,6/737,47/18986,0.1276595744680851,3.2886630676405204,3.156979613794945,0.009283596097995787,0.04558369938748218,0.032231464766111974,CCL4/CCL5/CCL26/CXCL11/CXCL12/TNFSF14,6
1,GO:0050798,activated T cell proliferation,6/737,47/18986,0.1276595744680851,3.2886630676405204,3.156979613794945,0.009283596097995787,0.04558369938748218,0.032231464766111974,ABL1/CASP3/FADD/PRKAR1A/SCRIB/STAT5B,6
1,GO:0071763,nuclear membrane organization,6/737,47/18986,0.1276595744680851,3.2886630676405204,3.156979613794945,0.009283596097995787,0.04558369938748218,0.032231464766111974,CHMP1A/CHMP6/DCTN1/REEP4/SIRT2/VPS4B,6
1,GO:0141084,inflammasome-mediated signaling pathway,6/737,47/18986,0.1276595744680851,3.2886630676405204,3.156979613794945,0.009283596097995787,0.04558369938748218,0.032231464766111974,CD36/EIF2AK2/GBP2/MAVS/NEK7/SIRT2,6
1,GO:0009636,response to toxic substance,19/737,270/18986,0.07037037037037037,1.8128247650635712,2.703284785109463,0.009365004541510635,0.045939506518814344,0.032483049985634845,AIFM1/BAX/BLMH/CCL4/CCL5/CD36/CDKN1A/CNP/COMT/GFER/GSTP1/HTRA2/IPCEF1/LYN/PRDX1/PRDX3/PRDX5/SOD2/TXNRD1,19
1,GO:0032303,regulation of icosanoid secretion,4/737,22/18986,0.18181818181818182,4.683853459972863,3.474307247062992,0.009429067846294843,0.04603392819255733,0.03254981395809207,IL1B/MAP2K6/MIF/PLA2G4A,4
1,GO:0035089,establishment of apical/basal cell polarity,4/737,22/18986,0.18181818181818182,4.683853459972863,3.474307247062992,0.009429067846294843,0.04603392819255733,0.03254981395809207,IFT20/OPHN1/SCRIB/SH3BP1,4
1,GO:0141087,positive regulation of inflammasome-mediated signaling pathway,4/737,22/18986,0.18181818181818182,4.683853459972863,3.474307247062992,0.009429067846294843,0.04603392819255733,0.03254981395809207,CD36/GBP2/MAVS/NEK7,4
1,GO:0141156,cAMP/PKA signal transduction,4/737,22/18986,0.18181818181818182,4.683853459972863,3.474307247062992,0.009429067846294843,0.04603392819255733,0.03254981395809207,APP/MIF/PRKAR1A/PRKAR2A,4
1,GO:1902774,late endosome to lysosome transport,4/737,22/18986,0.18181818181818182,4.683853459972863,3.474307247062992,0.009429067846294843,0.04603392819255733,0.03254981395809207,CHMP1A/CHMP6/SNAPIN/VPS4B,4
1,GO:0019068,virion assembly,5/737,34/18986,0.14705882352941177,3.788410886742757,3.2703046615593876,0.009509969067815415,0.04627966937266184,0.032723573400492575,CHMP1A/CHMP6/VPS28/VPS37A/VPS4B,5
1,GO:0090151,establishment of protein localization to mitochondrial membrane,5/737,34/18986,0.14705882352941177,3.788410886742757,3.2703046615593876,0.009509969067815415,0.04627966937266184,0.032723573400492575,AP3B1/BAX/TIMM10/TIMM8A/TOMM20,5
1,GO:1902253,regulation of intrinsic apoptotic signaling pathway by p53 class mediator,5/737,34/18986,0.14705882352941177,3.788410886742757,3.2703046615593876,0.009509969067815415,0.04627966937266184,0.032723573400492575,HNRNPK/MIF/RRM2B/TP53/TRIAP1,5
1,GO:0031503,protein-containing complex localization,16/737,214/18986,0.07476635514018691,1.9260705816710837,2.7378850556612577,0.009515446039238883,0.04627966937266184,0.032723573400492575,AP2B1/DAG1/DBN1/DLG4/FKBP4/IFT20/MZT1/NUMB/OPHN1/PPP3R1/RABEP1/SCRIB/SNAPIN/STX7/TNFAIP2/RPGR,16
1,GO:0009143,nucleoside triphosphate catabolic process,3/737,12/18986,0.25,6.440298507462686,3.7883789423838823,0.009856500289218568,0.04738697092628288,0.033506527647088856,DUT/ITPA/NUDT16,3
1,GO:0031392,regulation of prostaglandin biosynthetic process,3/737,12/18986,0.25,6.440298507462686,3.7883789423838823,0.009856500289218568,0.04738697092628288,0.033506527647088856,FABP5/IL1B/PIBF1,3
1,GO:0043174,nucleoside salvage,3/737,12/18986,0.25,6.440298507462686,3.7883789423838823,0.009856500289218568,0.04738697092628288,0.033506527647088856,APRT/DCTD/PRTFDC1,3
1,GO:0043312,neutrophil degranulation,3/737,12/18986,0.25,6.440298507462686,3.7883789423838823,0.009856500289218568,0.04738697092628288,0.033506527647088856,ANXA3/BCR/STXBP3,3
1,GO:0071236,cellular response to antibiotic,3/737,12/18986,0.25,6.440298507462686,3.7883789423838823,0.009856500289218568,0.04738697092628288,0.033506527647088856,GFER/PLA2G4A/TP53,3
1,GO:0090084,negative regulation of inclusion body assembly,3/737,12/18986,0.25,6.440298507462686,3.7883789423838823,0.009856500289218568,0.04738697092628288,0.033506527647088856,DNAJB6/DNAJB8/HSPA1A,3
1,GO:0106014,regulation of inflammatory response to wounding,3/737,12/18986,0.25,6.440298507462686,3.7883789423838823,0.009856500289218568,0.04738697092628288,0.033506527647088856,GIT1/MDK/PTPN6,3
1,GO:1903441,protein localization to ciliary membrane,3/737,12/18986,0.25,6.440298507462686,3.7883789423838823,0.009856500289218568,0.04738697092628288,0.033506527647088856,ARL13B/LZTFL1/RABEP1,3
1,GO:1905089,regulation of type 2 mitophagy,3/737,12/18986,0.25,6.440298507462686,3.7883789423838823,0.009856500289218568,0.04738697092628288,0.033506527647088856,ATP5IF1/CDC37/HTRA2,3
1,GO:1990504,dense core granule exocytosis,3/737,12/18986,0.25,6.440298507462686,3.7883789423838823,0.009856500289218568,0.04738697092628288,0.033506527647088856,SNAP25/STXBP1/STXBP3,3
1,GO:1990535,neuron projection maintenance,3/737,12/18986,0.25,6.440298507462686,3.7883789423838823,0.009856500289218568,0.04738697092628288,0.033506527647088856,APP/DCTN1/KIFBP,3
1,GO:2000009,negative regulation of protein localization to cell surface,3/737,12/18986,0.25,6.440298507462686,3.7883789423838823,0.009856500289218568,0.04738697092628288,0.033506527647088856,ARF6/COMMD1/GOPC,3
1,GO:0021549,cerebellum development,10/737,109/18986,0.09174311926605505,2.3634122963165822,2.86875511098296,0.00986345129946124,0.04738697092628288,0.033506527647088856,ABL1/COMT/CRKL/MAP2K1/MDK/OPHN1/PRKG1/SERPINE2/MTPN/TP53,10
1,GO:0043954,cellular component maintenance,8/737,77/18986,0.1038961038961039,2.676487691413065,2.9623131058293026,0.009883177469043769,0.04738697092628288,0.033506527647088856,APP/ARF6/DCTN1/F2R/MTSS1/OPHN1/PLXNA4/SORT1,8
1,GO:1900076,regulation of cellular response to insulin stimulus,8/737,77/18986,0.1038961038961039,2.676487691413065,2.9623131058293026,0.009883177469043769,0.04738697092628288,0.033506527647088856,APPL2/IL1B/LONP1/PTPN1/SLC27A4/SNX5/SRC/USO1,8
1,GO:0006986,response to unfolded protein,12/737,143/18986,0.08391608391608392,2.1617785199874753,2.802436923105075,0.009899964915089862,0.04738697092628288,0.033506527647088856,BAX/BCL2L11/CDK5RAP3/EIF2AK2/EIF2AK3/ERP44/HSPA1A/HSPB1/MANF/NCK2/PTPN1/SERPINH1,12
1,GO:0010212,response to ionizing radiation,12/737,143/18986,0.08391608391608392,2.1617785199874753,2.802436923105075,0.009899964915089862,0.04738697092628288,0.033506527647088856,BAX/BCL2L1/CASP3/CDKN1A/EEF1D/SOD2/STK11/TANK/TGFB1/TIGAR/TP53/XRCC4,12
1,GO:1900024,regulation of substrate adhesion-dependent cell spreading,7/737,62/18986,0.11290322580645161,2.908521906596052,3.0248652548940016,0.009958349673132999,0.04762205206816674,0.03367274955631564,ABL1/CRKL/DAB2/ITGB1BP1/MDK/P4HB/C1QBP,7
1,GO:0009914,hormone transport,22/737,330/18986,0.06666666666666667,1.7174129353233831,2.642021913578652,0.009988183869025594,0.047720290559363214,0.033742212335998334,BRSK2/BMP6/CCL5/CRYM/DAB2/ENSA/FKBP1B/FOXO1/GNAS/IL1B/ITPR1/LYN/PFKFB2/PRKAR1A/RAB11FIP3/SMAD2/SNAP23/SNAP25/STX4/STXBP3/SYTL4/VAMP8,22
1,GO:0014910,regulation of smooth muscle cell migration,9/737,93/18986,0.0967741935483871,2.49301877708233,2.9005195081717443,0.010057150536624359,0.047916071573379126,0.03388064578786646,AIF1/CCL5/MDK/PDGFA/PDGFB/PRKG1/PTPN1/SERPINE1/SRC,9
1,GO:0033273,response to vitamin,9/737,93/18986,0.0967741935483871,2.49301877708233,2.9005195081717443,0.010057150536624359,0.047916071573379126,0.03388064578786646,BECN1/CD40/CDKN2D/FES/FKBP1B/SOD2/TGFB1/TRIM24/TRIM25,9
1,GO:0072384,organelle transport along microtubule,9/737,93/18986,0.0967741935483871,2.49301877708233,2.9005195081717443,0.010057150536624359,0.047916071573379126,0.03388064578786646,AP3B1/AP3S2/BLOC1S3/HSBP1/KIFBP/MAP2/SNAPIN/STK11/TRIM58,9
1,GO:0006006,glucose metabolic process,15/737,197/18986,0.07614213197969544,1.9615122357754375,2.7261867595113656,0.010102984943709958,0.0480898338006435,0.034003510127115125,AKT2/ENO1/ENO2/FABP5/FOXO1/GAPDH/GPI/INPPL1/MPI/PFKFB2/PMM2/SRC/STK11/TIGAR/TP53,15
1,GO:1901873,regulation of post-translational protein modification,18/737,253/18986,0.07114624505928854,1.832812223467642,2.679928417645161,0.010112607775128358,0.04809106808616597,0.03400438286958366,ABL1/ANGPT1/AXIN1/BIRC2/CAMLG/CDK5RAP3/COMMD1/HSPA1A/MAPK9/MYCBP2/NMI/PTEN/SPRY2/TANK/TNIP1/TRIM21/VPS28/XIAP,18
1,GO:0031295,T cell costimulation,6/737,48/18986,0.125,3.220149253731343,3.0949614458673764,0.01027056630567941,0.0487519672328738,0.03447169350578263,CD40LG/LYN/PTPN6/SRC/TNFSF14/YES1,6
1,GO:0070266,necroptotic process,6/737,48/18986,0.125,3.220149253731343,3.0949614458673764,0.01027056630567941,0.0487519672328738,0.03447169350578263,AIFM1/BIRC2/CASP8/FADD/PPIF/TP53,6
1,GO:1901655,cellular response to ketone,10/737,110/18986,0.09090909090909091,2.3419267299864317,2.8365449562012506,0.010484901841097629,0.0497234126093051,0.03515858614160162,AIFM1/CASP9/EIF4E/FOXO3/GNAS/LARP1/RWDD1/SRC/TGFB1/USP8,10
