module_protein,ID,Description,GeneRatio,BgRatio,RichFactor,FoldEnrichment,zScore,pvalue,p.adjust,qvalue,geneID,Count
3,GO:0006959,humoral immune response,93/1056,310/18986,0.3,5.39375,18.928725433314234,4.2169568279809e-43,2.173841244824154e-39,1.4124585922773921e-39,ADM/B2M/C1R/C1RL/C1S/C3/CCL11/ANG/CCL14/CCL18/CCL22/CCL23/CCL3/CCL7/CCL27/C2/CCL21/CD28/CD46/CD55/CCL15/CCL16/CD59/CD83/CCL25/C5/C8B/CFB/CFD/CFHR2/CFH/CFHR5/CFI/CFP/CR1/CR2/CXCL10/CX3CL1/C1QA/CALCA/CXCL9/CLU/FCER2/C4BPB/FGA/GNLY/CXCL13/FCN1/F2/CCL20/C9/CD5L/FCN2/KLK7/IL6/LGALS3/LGALS4/LTA/NCR3LG1/NOTCH1/PDCD1/NOTCH2/PGLYRP1/NPY/PI3/PRTN3/RARRES2/REG1A/REG1B/REG3A/RNASE4/RNASE6/PTPRC/HRG/SPINK5/MMP7/ST6GAL1/SPON2/TNF/TNFRSF21/SERPING1/TF/TREM2/VSIG4/WFDC2/C7/CFHR4/IFNG/JCHAIN/MASP1/REG3G/WFDC12/XCL1,93
3,GO:0050900,leukocyte migration,100/1056,404/18986,0.24752475247524752,4.450288778877888,17.01167258539939,3.48562971975626e-38,8.98421060267176e-35,5.837512509612853e-35,ADAM8/ADGRE2/AGER/APOD/B4GALT1/BSG/CCL11/CCL14/CCL18/CCL22/CCL23/CCL3/CCL7/CCN3/CCL21/CD300A/CD200/CD34/CCL15/CCL16/CD74/CD99/CD99L2/CCL25/C5/CSF1/CXCL10/CRTAM/CX3CL1/CSF1R/CXADR/CXCL17/EDN1/CXCL16/CALCA/CXCL9/DPP4/F7/CD200R1/ECM1/CHGA/GAS6/GDF15/ARHGEF5/DBH/GCNT1/CXCL13/ICAM1/FLT1/CCL20/IL1R1/ITGA2/ITGB1/ITGB2/JAM2/ITGB7/KIT/IL6/CSF3R/LEP/LGALS3/LGALS9/KITLG/MSTN/NBL1/MTUS1/PGF/PLG/PODXL2/ITGAL/LYVE1/PRTN3/LBP/RARRES2/RET/PTN/S100A14/SCG2/SELE/SLAMF1/THBS4/THY1/TNFRSF11A/TNF/TNFRSF14/SLAMF8/KLRK1/IL6R/TREM2/VCAM1/VEGFB/XG/PLA2G7/SELL/SFTPD/SIRPA/TNFSF11/UMOD/VEGFD/XCL1,100
3,GO:0006935,chemotaxis,102/1056,472/18986,0.21610169491525424,3.8853283898305087,15.405054305961357,1.8149627496413752e-33,3.118710991467096e-30,2.0263899892487214e-30,ADAM8/ADGRE2/AGER/APOA1/ANGPT2/BSG/CCL11/CCL14/CCL18/CCL22/CCL23/CCL3/CCL7/CCL27/CCN1/CCN3/CCL21/CCL15/CCL16/CD74/CCL25/BMP4/C5/CSF1/CXCL10/CX3CL1/CSF1R/CXADR/CXCL17/EDN1/CXCL16/CALCA/CXCL9/DPP4/ENG/EPHA2/F7/F3/FLRT2/ENPP2/CHGA/GAS6/ARHGEF5/CXCL13/HGF/GPNMB/FLT1/CCL20/ITGA2/ITGAV/ITGB2/KIT/IL6/CSF3R/KDR/LGALS3/L1CAM/LGALS9/LRTM2/MSTN/NBL1/MET/NOTCH1/NRP1/NTRK3/NRP2/MTUS1/DSCAM/PGF/PDGFRA/PLAU/PLAUR/LBP/RARRES2/ROBO1/ROBO2/PTN/S100A14/SCG2/HRG/SEMA3F/SERPIND1/SEMA7A/SLAMF1/SMOC2/ST6GAL1/THBS4/TNFRSF11A/SLAMF8/KLRK1/IL6R/TREM2/VCAM1/VEGFB/LECT2/NTF3/PLA2G7/SEMA4C/SFTPD/TNFSF11/VEGFD/XCL1,102
3,GO:0042330,taxis,102/1056,474/18986,0.21518987341772153,3.8689345991561184,15.35077348004918,2.65591987984538e-33,3.4228167451507336e-30,2.223983436228421e-30,ADAM8/ADGRE2/AGER/APOA1/ANGPT2/BSG/CCL11/CCL14/CCL18/CCL22/CCL23/CCL3/CCL7/CCL27/CCN1/CCN3/CCL21/CCL15/CCL16/CD74/CCL25/BMP4/C5/CSF1/CXCL10/CX3CL1/CSF1R/CXADR/CXCL17/EDN1/CXCL16/CALCA/CXCL9/DPP4/ENG/EPHA2/F7/F3/FLRT2/ENPP2/CHGA/GAS6/ARHGEF5/CXCL13/HGF/GPNMB/FLT1/CCL20/ITGA2/ITGAV/ITGB2/KIT/IL6/CSF3R/KDR/LGALS3/L1CAM/LGALS9/LRTM2/MSTN/NBL1/MET/NOTCH1/NRP1/NTRK3/NRP2/MTUS1/DSCAM/PGF/PDGFRA/PLAU/PLAUR/LBP/RARRES2/ROBO1/ROBO2/PTN/S100A14/SCG2/HRG/SEMA3F/SERPIND1/SEMA7A/SLAMF1/SMOC2/ST6GAL1/THBS4/TNFRSF11A/SLAMF8/KLRK1/IL6R/TREM2/VCAM1/VEGFB/LECT2/NTF3/PLA2G7/SEMA4C/SFTPD/TNFSF11/VEGFD/XCL1,102
3,GO:0002697,regulation of immune effector process,92/1056,410/18986,0.22439024390243903,4.034349593495935,15.07400161582381,1.420952600634966e-31,1.46500213125465e-28,9.5188866846746575e-29,ACP5/ADGRE2/AGER/APOA1/AXL/B2M/BST2/C3/CD160/CD244/CD22/CD274/CD28/CD300A/CD46/CD55/CD59/CD74/CD80/CD1C/CFH/APOA2/CFP/CD86/CR1/CR2/CRTAM/CLEC7A/CD7/FCER2/C4BPB/CEACAM1/GRN/FCN1/HAVCR2/ICAM1/IL12B/IL12RB1/IL18R1/IL1R1/IL13RA1/ITGAM/IL7R/ITGB2/IL4R/CD5L/FCN2/KLK7/KLRB1/KLRD1/KIT/IL6/LEP/LGALS1/LGALS3/LAG3/LGALS9/LILRB1/LILRB4/LTA/NCR1/NECTIN2/PDCD1/MZB1/PGLYRP1/PRG2/LAMP1/LBP/PTPRC/CLEC4G/SEMA7A/SLAMF1/SLAMF6/SPINK5/SPON2/TNF/TNFRSF14/SLAMF8/TNFRSF1B/TNFRSF4/KLRK1/TNFSF13/SERPING1/ULBP2/TREM2/VSIG4/FCRL3/IFNG/MASP1/PVR/TFRC/XCL1,92
3,GO:0007159,leukocyte cell-cell adhesion,93/1056,430/18986,0.21627906976744185,3.888517441860465,14.703277544972744,1.3759898039381562e-30,1.1771960136864456e-27,7.6488594936959935e-28,ADAM8/AGER/APOA4/B2M/ASS1/CD160/CCL21/CD27/CD274/CD28/CD300A/CD4/CD46/CD276/CD55/CD5/CD74/CD80/CD83/CCL25/BMP4/CD209/CD86/CR1/CRTAM/CALCA/DPP4/ERBB2/CLEC4M/EPO/GCNT1/HAVCR2/ICAM1/IDO1/GPNMB/ICOSLG/IGFBP2/IL12B/IL12RB1/IL2RA/IL6ST/ITGA5/IL7R/ITGB1/ITGB2/FGL1/IL4R/JAM2/ITGB7/IL6/LEP/LGALS1/LGALS3/LAG3/LGALS9/LILRB1/LILRB4/LILRB2/KITLG/LRG1/NT5E/PDCD1/PDCD1LG2/PODXL2/ITGAL/PTPRC/CLEC4G/SELE/SLAMF1/SIRPB1/TGFBR2/THY1/TNF/TNFRSF14/TNFRSF21/TIGIT/KLRK1/TNFRSF13C/VCAM1/VSIG4/IFNG/IL15/IL1RL2/SCGB1A1/SELL/SFTPD/SIRPA/TFRC/TNFSF11/TNFSF13B/UMOD/VNN1/XCL1,93
3,GO:0097529,myeloid leukocyte migration,69/1056,243/18986,0.2839506172839506,5.105195473251029,15.630200195418878,1.5985202901658816e-30,1.1771960136864456e-27,7.6488594936959935e-28,ADAM8/ADGRE2/AGER/B4GALT1/BSG/CCL11/CCL14/CCL18/CCL22/CCL23/CCL3/CCL7/CCN3/CCL21/CD300A/CD200/CCL15/CCL16/CD74/CD99/CD99L2/CCL25/C5/CSF1/CXCL10/CX3CL1/CSF1R/CXADR/CXCL17/EDN1/CALCA/CXCL9/DPP4/CD200R1/CHGA/ARHGEF5/CXCL13/FLT1/IL1R1/ITGB2/KIT/IL6/CSF3R/LGALS3/KITLG/MSTN/NBL1/MTUS1/PGF/PRTN3/LBP/RARRES2/S100A14/SCG2/SLAMF1/THBS4/TNFRSF11A/SLAMF8/IL6R/TREM2/VEGFB/XG/PLA2G7/SFTPD/SIRPA/TNFSF11/UMOD/VEGFD/XCL1,69
3,GO:0046718,symbiont entry into host cell,56/1056,159/18986,0.3522012578616352,6.332285115303983,16.38583128355155,2.2745721952950776e-30,1.4656774583432656e-27,9.523274638722286e-28,ACE2/ANPEP/APCS/AXL/BSG/CD4/CD46/CD55/CD74/CD80/CD209/CD86/CR1/CR2/CTSL/CLEC5A/CXADR/DPP4/EGFR/EPHA2/CTSB/CLEC4M/FURIN/GAS6/CDK1/GSN/FCN1/ICAM1/ITGA5/ITGA2/ITGAV/ITGB1/ITGB7/LDLR/LGALS1/LGALS9/ITGB6/HAVCR1/MRC1/NCAM1/MOG/NECTIN2/NECTIN4/NRP1/LAMP1/SCARB2/CLEC4G/SIGLEC1/SLAMF1/SMPD1/PTX3/TNFRSF14/TNFRSF4/TYRO3/PVR/TFRC,56
3,GO:0045785,positive regulation of cell adhesion,100/1056,499/18986,0.20040080160320642,3.603039412157649,14.300292181295237,5.642770997541793e-30,3.232053832480883e-27,2.1000347735880686e-27,ADAM8/AGER/APOA1/ADAM9/B2M/CCDC80/CCN1/ADGRG1/CD160/CCL21/CD27/CD274/CD28/CD4/CD46/CD276/CD55/CD5/CD74/CD80/CD83/CCL25/CEACAM6/CD209/CD86/CR1/CSF1/CX3CL1/DPP4/EPHA1/EPHA4/ERBB2/DMP1/FBLN2/EPO/FGA/FN1/FSTL3/AGR2/GCNT1/CXCL13/HAVCR2/HYAL1/ICOSLG/IGFBP2/IL12B/IL12RB1/IL2RA/IL6ST/ITGA5/ITGA2/IL7R/ITGAV/ITGB2/IL4R/IL6/KDR/LEP/LGALS1/LGALS9/LILRB1/LILRB4/LILRB2/KITLG/MEGF10/MYOC/NRP1/PDCD1LG2/PLAUR/PODXL/LAMB1/PTPRC/RET/HRG/SERPINF2/SELE/SLAMF1/SFRP1/SIRPB1/TGFBR2/THY1/TNF/TNFRSF14/KLRK1/TNFRSF13C/TEK/IL6R/VCAM1/VWC2/EDIL3/IFNG/IL15/IL1RL2/SIRPA/TFRC/TNFSF11/TNFSF13B/VIT/VNN1/XCL1,100
3,GO:0044409,symbiont entry into host,56/1056,164/18986,0.34146341463414637,6.139227642276424,16.041094959186896,1.4518220482317276e-29,7.484142658634556e-27,4.862839744708797e-27,ACE2/ANPEP/APCS/AXL/BSG/CD4/CD46/CD55/CD74/CD80/CD209/CD86/CR1/CR2/CTSL/CLEC5A/CXADR/DPP4/EGFR/EPHA2/CTSB/CLEC4M/FURIN/GAS6/CDK1/GSN/FCN1/ICAM1/ITGA5/ITGA2/ITGAV/ITGB1/ITGB7/LDLR/LGALS1/LGALS9/ITGB6/HAVCR1/MRC1/NCAM1/MOG/NECTIN2/NECTIN4/NRP1/LAMP1/SCARB2/CLEC4G/SIGLEC1/SLAMF1/SMPD1/PTX3/TNFRSF14/TNFRSF4/TYRO3/PVR/TFRC,56
3,GO:0042060,wound healing,91/1056,444/18986,0.20495495495495494,3.684919294294294,13.892856425624485,4.31295025298854e-28,2.0212053231050839e-25,1.3132830339722045e-25,ACVRL1/AHNAK/AGER/APCS/AXL/B4GALT1/APOE/C1QTNF1/CCN1/CCN4/CD34/CD109/CD59/COL5A1/COMP/CLEC7A/CX3CL1/DDR1/EDN1/ENG/DCBLD2/CPB2/ERBB2/ERBB3/F10/F7/F9/C4BPB/F11/F13B/FGA/FAP/F3/FN1/GAS6/CEACAM1/ENTPD2/GLA/F2/IL6ST/ITGA5/ITGA2/ITGAV/ITGB1/FGL1/F12/IL6/KLKB1/KDR/ITGB6/MCAM/MERTK/ADAMTS13/MMP12/OCLN/LRG1/NOTCH2/PDGFRA/PLAU/PLAUR/PLAT/PLG/PROC/PRCP/PROS1/NOS3/PPL/REG3A/SERPINA1/HRG/SERPINC1/SERPIND1/SERPINF2/SMPD1/SMOC2/TFPI/TAFA5/THBD/TFPI2/TIMP1/SPRR3/TNFRSF12A/TNF/SERPING1/IL6R/TYRO3/VEGFB/REG3G/TSPAN8/VWF/YAP1,91
3,GO:0051701,biological process involved in interaction with host,59/1056,204/18986,0.28921568627450983,5.199857026143791,14.636114110968705,1.0172966639060605e-26,4.370136918696451e-24,2.8395070039904254e-24,ACE2/ANPEP/APCS/AXL/BSG/CD4/CD46/CD55/CD74/CD80/CD209/CD86/CR1/CR2/CTSL/CLEC5A/CXADR/DPP4/EGFR/EPHA2/CTSB/CLEC4M/FURIN/GAS6/CDK1/GSN/FCN1/ICAM1/ITGA5/ITGA2/ITGAV/ITGB1/INHBB/ITGB7/LDLR/LGALS1/LGALS9/ITGB6/HAVCR1/MRC1/NCAM1/MOG/NECTIN2/NECTIN4/NRP1/PGLYRP1/LAMP1/SCARB2/CLEC4G/SIGLEC1/SLAMF1/SMPD1/PTX3/TNFRSF14/TNFRSF4/TYRO3/IFIT1/PVR/TFRC,59
3,GO:0032102,negative regulation of response to external stimulus,88/1056,437/18986,0.20137299771167047,3.6205186880244087,13.449769580077529,1.3013910146069517e-26,5.160515907922182e-24,3.3530576586877095e-24,ACP5/APOA1/ADIPOQ/APCS/ANGPT2/APOE/C1QTNF1/CCN3/CD200/CD109/CDH5/C5/CR1/CNTNAP2/CXCL17/EDN1/DPP4/EPHA4/CPB2/F11/FGA/CD200R1/FAP/FURIN/CEACAM1/GRN/CST7/CXCL13/HAVCR2/HGF/F2/IL12B/IL2RA/F12/KIAA0319/KLRD1/KLKB1/LDLR/LGALS9/LILRA2/LILRB1/MVK/NBL1/NOTCH1/MMP12/NRP1/NT5E/IL22/PDGFRA/PGLYRP1/PLAU/PLAUR/PLAT/PLG/PROC/PTPRS/PROS1/NOS3/REG3A/RGMA/PTPRC/ROBO1/ROBO2/RTN4R/HRG/SEMA3F/SERPINF2/SIGLEC10/SPINK5/ST6GAL1/TFPI/TAFA5/SPP1/THBD/TNF/SLAMF8/TNFRSF1A/TNFRSF1B/KLRK1/SERPING1/TEK/TYRO3/TREM2/VSIG4/PLA2G10/SIRPA/TNR/TSPAN8,88
3,GO:0098742,cell-cell adhesion via plasma-membrane adhesion molecules,69/1056,280/18986,0.24642857142857144,4.4305803571428575,14.034704154276351,1.8686767453177226e-26,6.880734730080614e-24,4.47077398766992e-24,ALCAM/APOA1/ADIPOQ/AMIGO2/CDH1/CDH17/CDH3/CDH5/CDH2/CEACAM5/CEACAM6/CDHR2/CELSR2/CDHR5/CDH6/CD209/CNTN4/CNTN2/CEACAM19/CRTAM/CX3CL1/DSC2/DSG3/CXADR/DSG2/DSG4/ESAM/CLSTN3/CEACAM1/CDH4/ICAM1/CLSTN2/HMCN2/IGSF9/IL1RN/IGSF21/ITGA5/ITGAM/ITGB1/ITGB2/L1CAM/NECTIN2/NECTIN4/DSCAM/PCDH17/PKD1/PLXNB2/ITGAL/PCDH12/PTPRF/PTPRS/REG3A/PCDH9/PTPRM/RET/ROBO1/ROBO2/ROBO4/SCARF2/SELE/SLITRK2/SLITRK1/PCDH1/SPARCL1/TGFBR2/VCAM1/PVR/SELL/UMOD,69
3,GO:0060326,cell chemotaxis,74/1056,328/18986,0.22560975609756098,4.056275406504065,13.550146143573718,1.037009406302915e-25,3.5638556596610177e-23,2.3156238111269297e-23,ADAM8/ADGRE2/BSG/CCL11/CCL14/CCL18/CCL22/CCL23/CCL3/CCL7/CCL27/CCN3/CCL21/CCL15/CCL16/CD74/CCL25/C5/CSF1/CXCL10/CX3CL1/CSF1R/CXADR/CXCL17/EDN1/CXCL16/CALCA/CXCL9/DPP4/ENG/EPHA2/F7/CHGA/GAS6/ARHGEF5/CXCL13/HGF/FLT1/CCL20/ITGB2/KIT/IL6/CSF3R/KDR/LGALS3/LGALS9/MSTN/NBL1/MET/NOTCH1/NRP1/MTUS1/PGF/PDGFRA/LBP/RARRES2/PTN/S100A14/SCG2/HRG/SLAMF1/SMOC2/THBS4/TNFRSF11A/SLAMF8/KLRK1/IL6R/VCAM1/VEGFB/PLA2G7/SFTPD/TNFSF11/VEGFD/XCL1,74
3,GO:0030198,extracellular matrix organization,75/1056,339/18986,0.22123893805309736,3.97769174041298,13.425244846953111,1.7772519975918928e-25,5.72608377974138e-23,3.720536747590397e-23,ADAMTSL2/ADAM8/ADAM15/ADAMTS15/APLP1/B4GALT1/CCDC80/CCN1/ADAMTS8/COL15A1/COL1A1/COL18A1/COL5A1/COMP/CST3/CTSS/DDR1/DPT/DPP4/ENG/ELN/CPB2/COL4A1/DMP1/FAP/FLRT2/FURIN/GAS6/ITGA2/ITGB1/KLK7/IL6/LRP1/KAZALD1/GFAP/ANGPTL7/MFAP4/MIA/ADAMTS13/NOTCH1/MMP12/ADAMTSL4/MATN2/MELTF/PDGFRA/PLG/LAMB1/PBXIP1/RECK/QSOX1/COL9A1/SERPINF2/OPTC/SMOC1/SMOC2/SPINK5/SPINT1/MMP10/MMP7/MMP13/TGFBR3/PTX3/TGFBI/TNF/TNFRSF1A/TNFRSF1B/TNFRSF11B/TIE1/MMP3/NFKB2/POSTN/TNR/TNXB/VIT/VWA1,75
3,GO:0043062,extracellular structure organization,75/1056,340/18986,0.22058823529411764,3.965992647058823,13.39256625830338,2.1622542581249614e-25,6.556718059196575e-23,4.2602433742127725e-23,ADAMTSL2/ADAM8/ADAM15/ADAMTS15/APLP1/B4GALT1/CCDC80/CCN1/ADAMTS8/COL15A1/COL1A1/COL18A1/COL5A1/COMP/CST3/CTSS/DDR1/DPT/DPP4/ENG/ELN/CPB2/COL4A1/DMP1/FAP/FLRT2/FURIN/GAS6/ITGA2/ITGB1/KLK7/IL6/LRP1/KAZALD1/GFAP/ANGPTL7/MFAP4/MIA/ADAMTS13/NOTCH1/MMP12/ADAMTSL4/MATN2/MELTF/PDGFRA/PLG/LAMB1/PBXIP1/RECK/QSOX1/COL9A1/SERPINF2/OPTC/SMOC1/SMOC2/SPINK5/SPINT1/MMP10/MMP7/MMP13/TGFBR3/PTX3/TGFBI/TNF/TNFRSF1A/TNFRSF1B/TNFRSF11B/TIE1/MMP3/NFKB2/POSTN/TNR/TNXB/VIT/VWA1,75
3,GO:0045229,external encapsulating structure organization,75/1056,341/18986,0.21994134897360704,3.9543621700879767,13.360011880611026,2.628471705029978e-25,7.527650910794188e-23,4.891109336494381e-23,ADAMTSL2/ADAM8/ADAM15/ADAMTS15/APLP1/B4GALT1/CCDC80/CCN1/ADAMTS8/COL15A1/COL1A1/COL18A1/COL5A1/COMP/CST3/CTSS/DDR1/DPT/DPP4/ENG/ELN/CPB2/COL4A1/DMP1/FAP/FLRT2/FURIN/GAS6/ITGA2/ITGB1/KLK7/IL6/LRP1/KAZALD1/GFAP/ANGPTL7/MFAP4/MIA/ADAMTS13/NOTCH1/MMP12/ADAMTSL4/MATN2/MELTF/PDGFRA/PLG/LAMB1/PBXIP1/RECK/QSOX1/COL9A1/SERPINF2/OPTC/SMOC1/SMOC2/SPINK5/SPINT1/MMP10/MMP7/MMP13/TGFBR3/PTX3/TGFBI/TNF/TNFRSF1A/TNFRSF1B/TNFRSF11B/TIE1/MMP3/NFKB2/POSTN/TNR/TNXB/VIT/VWA1,75
3,GO:0070663,regulation of leukocyte proliferation,66/1056,270/18986,0.24444444444444444,4.394907407407407,13.634851512803856,3.900535541024e-25,1.0582768796830906e-22,6.87617955209882e-23,AGER/BST2/CD22/CD274/CD28/CD300A/CD38/CD46/CD276/CD55/CD74/CD80/BMP4/CD209/CD86/CR1/CSF1/CRTAM/CSF1R/ERBB2/EPO/HAVCR2/IDO1/GPNMB/ICOSLG/IGFBP2/IL12B/IL12RB1/IL2RA/IL6ST/KIT/IL6/LEP/LGALS3/LGALS9/LILRB1/LILRB4/LILRB2/KITLG/MZB1/PDCD1LG2/PTPRC/CLEC4G/IL5RA/SLAMF1/GAL/ST6GAL1/TGFBR2/TNFRSF13B/TNFRSF14/TNFRSF1B/TNFRSF21/TNFRSF4/TNFRSF13C/TNFRSF9/TNFSF8/VCAM1/VSIG4/FCRL3/IL15/PTH/SCGB1A1/SFTPD/TFRC/TNFSF13B/XCL1,66
3,GO:0001906,cell killing,65/1056,264/18986,0.24621212121212122,4.426688762626262,13.606537358168755,5.847281233404631e-25,1.5071367379100435e-22,9.792657307733439e-23,AGER/B2M/C3/CCL11/CCL18/CCL22/CCL27/CD160/CCL21/CD55/CD59/CD1C/CCL25/C5/C8B/CFHR2/CFH/CFHR5/CR1/CXCL10/CRTAM/CLEC7A/APOL1/CTSC/CXCL9/FCER2/CHGA/CEACAM1/GNLY/GZMA/GZMB/CXCL13/HAVCR2/ICAM1/F2/CCL20/IL12B/IL12RB1/ITGAM/IL7R/C9/CD5L/GZMH/KLRB1/KLRD1/FCGR3B/LEP/LGALS3/LAG3/LGALS9/LILRB1/NCR1/NECTIN2/PGLYRP1/LAMP1/PTPRC/HRG/SLAMF6/SLAMF7/KLRK1/ULBP2/C7/IFNG/PVR/XCL1,65
3,GO:0002685,regulation of leukocyte migration,61/1056,236/18986,0.2584745762711864,4.647157485875706,13.68223348317368,1.0634898213210397e-24,2.6106142994809333e-22,1.6962529380669417e-22,ADAM8/AGER/APOD/CCL3/CCL7/CCN3/CCL21/CD300A/CD200/CD74/CD99/CD99L2/CCL25/C5/CSF1/CXCL10/CX3CL1/CSF1R/CXCL17/EDN1/DPP4/F7/CD200R1/ECM1/GAS6/GDF15/GCNT1/CXCL13/ICAM1/CCL20/IL1R1/ITGA2/JAM2/IL6/LGALS3/LGALS9/KITLG/MSTN/NBL1/MTUS1/PGF/LYVE1/LBP/RARRES2/PTN/S100A14/SELE/SLAMF1/THBS4/THY1/TNF/TNFRSF14/SLAMF8/KLRK1/IL6R/TREM2/VEGFB/XG/PLA2G7/VEGFD/XCL1,61
3,GO:0002443,leukocyte mediated immunity,90/1056,485/18986,0.18556701030927836,3.336340206185567,12.649007952575948,1.5856552612341101e-24,3.715478578028108e-22,2.4141411680607357e-22,ADGRE2/AGER/B2M/BST2/C1R/C1RL/C1S/C3/CCL3/C2/CD160/CD27/CD274/CD28/CD300A/CD46/CD55/CD74/CD80/CD1C/C5/C8B/CFI/CR1/CD8A/CR2/CRTAM/CLEC7A/CTSC/C1QA/CD7/CLU/FCER2/C4BPB/CHGA/CEACAM1/DBH/GZMB/FCAR/HAVCR2/ICAM1/F2/IL12B/IL12RB1/IL18R1/IL1R1/ITGAM/IL7R/ITGB2/C9/IL4R/KLRB1/KLRD1/KIT/IL6/FCGR3B/LEP/LAG3/LGALS9/LILRB1/LILRB4/IGLC2/LTA/NCR1/NCR3LG1/NECTIN2/GRP/PDCD1/LAMP1/PTGDS/PTPRC/CLEC4G/MILR1/SLAMF1/SLAMF6/SPON2/SLAMF7/TNF/TNFRSF1B/KLRK1/TNFSF13/SERPING1/IL6R/ULBP2/TREM2/S100A13/C7/PVR/TFRC/XCL1,90
3,GO:1903034,regulation of response to wounding,53/1056,181/18986,0.292817679558011,5.264617863720073,13.990391101643546,2.0973314196554952e-24,4.70075802970612e-22,3.054328868349559e-22,APCS/APOE/C1QTNF1/CCN4/CD109/CLEC7A/EDN1/EPHA4/CPB2/F7/F11/FGA/FAP/F3/CEACAM1/GRN/IGF1R/F2/ITGB1/F12/KIAA0319/KLKB1/OCLN/PDGFRA/PLAU/PLAUR/PLAT/PLG/PROC/PTPRF/PTPRS/PROS1/NOS3/REG3A/RGMA/PTN/RTN4R/HRG/SERPINC1/SERPINF2/SIGLEC10/SMOC2/TFPI/TAFA5/SPP1/THBD/TNFRSF12A/TNF/SERPING1/VEGFB/REG3G/TNR/TSPAN8,53
3,GO:0030595,leukocyte chemotaxis,61/1056,240/18986,0.25416666666666665,4.56970486111111,13.506124234809484,2.7993024784011987e-24,6.012668448399242e-22,3.9067458273125504e-22,ADAM8/ADGRE2/BSG/CCL11/CCL14/CCL18/CCL22/CCL23/CCL3/CCL7/CCN3/CCL21/CCL15/CCL16/CD74/CCL25/C5/CSF1/CXCL10/CX3CL1/CSF1R/CXADR/CXCL17/EDN1/CXCL16/CALCA/CXCL9/DPP4/F7/CHGA/GAS6/ARHGEF5/CXCL13/FLT1/ITGB2/KIT/IL6/CSF3R/LGALS3/LGALS9/MSTN/NBL1/MTUS1/PGF/LBP/RARRES2/PTN/S100A14/SCG2/SLAMF1/THBS4/TNFRSF11A/SLAMF8/KLRK1/IL6R/VEGFB/PLA2G7/SFTPD/TNFSF11/VEGFD/XCL1,61
3,GO:0044403,biological process involved in symbiotic interaction,71/1056,322/18986,0.2204968944099379,3.9643504140786745,13.019737495059763,4.4398469515527655e-24,9.154964414101802e-22,5.948460210459326e-22,ACE2/ANPEP/APCS/AXL/BSG/APOE/CCL3/CD4/CD46/CD55/CD74/CD80/CFHR2/CFHR5/CD209/CD86/CR1/CR2/CTSL/CLEC5A/APOL1/CSF1R/CXADR/DPP4/EGFR/EPHA2/CTSB/CLEC4M/FN1/FURIN/GAS6/CDK1/GSN/FCN1/ICAM1/IGF2R/F2/ITGA5/ITGA2/ITGAV/ITGB1/INHBB/ITGB7/LDLR/LGALS1/LGALS9/ITGB6/HAVCR1/MRC1/NCAM1/MOG/NECTIN2/NECTIN4/NRP1/PGLYRP1/PLG/LAMP1/SCARB2/CLEC4G/HRG/MUC2/SIGLEC1/SLAMF1/SMPD1/PTX3/TNFRSF14/TNFRSF4/TYRO3/IFIT1/PVR/TFRC,71
3,GO:1903037,regulation of leukocyte cell-cell adhesion,79/1056,392/18986,0.20153061224489796,3.6233524659863945,12.736801494652395,5.325659411090991e-24,1.0559143947759254e-21,6.860829249429771e-22,ADAM8/AGER/B2M/ASS1/CD160/CCL21/CD27/CD274/CD28/CD300A/CD4/CD46/CD276/CD55/CD5/CD74/CD80/CD83/CCL25/BMP4/CD209/CD86/CR1/CRTAM/DPP4/ERBB2/EPO/GCNT1/HAVCR2/IDO1/GPNMB/ICOSLG/IGFBP2/IL12B/IL12RB1/IL2RA/IL6ST/IL7R/ITGB2/FGL1/IL4R/IL6/LEP/LGALS1/LGALS3/LAG3/LGALS9/LILRB1/LILRB4/LILRB2/KITLG/PDCD1/PDCD1LG2/PTPRC/CLEC4G/SELE/SLAMF1/SIRPB1/TGFBR2/THY1/TNF/TNFRSF14/TNFRSF21/TIGIT/KLRK1/TNFRSF13C/VCAM1/VSIG4/IFNG/IL15/IL1RL2/SCGB1A1/SFTPD/SIRPA/TFRC/TNFSF11/TNFSF13B/VNN1/XCL1,79
3,GO:0006956,complement activation,33/1056,67/18986,0.4925373134328358,8.855410447761194,15.631631548997566,5.543617346981034e-24,1.058420274951379e-21,6.877111266313314e-22,C1R/C1RL/C1S/C3/C2/CD46/CD55/CD59/C5/C8B/CFB/CFD/CFHR2/CFH/CFHR5/CFI/CFP/CR1/CR2/C1QA/CLU/C4BPB/FCN1/C9/CD5L/FCN2/NCR3LG1/SERPING1/TREM2/VSIG4/C7/CFHR4/MASP1,33
3,GO:0032944,regulation of mononuclear cell proliferation,61/1056,245/18986,0.24897959183673468,4.476445578231292,13.29135360072398,9.092056285601888e-24,1.6739125054384904e-21,1.087628687999444e-21,AGER/CD22/CD274/CD28/CD300A/CD38/CD46/CD276/CD55/CD74/CD80/BMP4/CD209/CD86/CR1/CSF1/CRTAM/ERBB2/EPO/HAVCR2/IDO1/GPNMB/ICOSLG/IGFBP2/IL12B/IL12RB1/IL2RA/IL6ST/IL6/LEP/LGALS3/LGALS9/LILRB1/LILRB4/LILRB2/KITLG/MZB1/PDCD1LG2/PTPRC/CLEC4G/SLAMF1/GAL/ST6GAL1/TGFBR2/TNFRSF13B/TNFRSF14/TNFRSF1B/TNFRSF21/TNFRSF4/TNFRSF13C/TNFRSF9/TNFSF8/VCAM1/VSIG4/FCRL3/IL15/SCGB1A1/SFTPD/TFRC/TNFSF13B/XCL1,61
3,GO:0007162,negative regulation of cell adhesion,69/1056,314/18986,0.2197452229299363,3.950835987261147,12.795627571288898,2.4368666870761585e-23,4.3317406109922745e-21,2.814558910445131e-21,ACVRL1/ADAM22/ADAM15/APOA1/ADIPOQ/APOD/ANGPT2/ASS1/C1QTNF1/CCL21/CD274/CD300A/CD74/CD80/CCL25/CDH1/CDSN/BMP4/COL1A1/CD86/CR1/CRTAM/CX3CL1/EPHA4/ERBB2/ERBB3/EPCAM/CEACAM1/HAVCR2/HSPG2/IDO1/GPNMB/IL1RN/IL2RA/FGL1/IL4R/LGALS1/LGALS3/LAG3/LGALS9/LILRB1/LILRB4/LILRB2/MYOC/NOTCH1/MMP12/DSCAM/PDCD1/MELTF/PDCD1LG2/PLXNB2/PLG/PODXL/PTPRC/CLEC4G/HRG/TGFBI/TNFRSF14/TNFRSF21/TIGIT/TNC/VSIG4/POSTN/SCGB1A1/SFTPD/SPOCK1/TACSTD2/TNR/XCL1,69
3,GO:0070661,leukocyte proliferation,72/1056,341/18986,0.21114369501466276,3.7961876832844577,12.644726177219543,3.253190410688576e-23,5.590065522366537e-21,3.632158556775807e-21,AGER/BST2/CD22/CD274/CD28/CD300A/CD38/CD46/CD276/CD55/CD74/CD80/BMP4/CD209/CD86/CR1/CR2/CSF1/CRTAM/CX3CL1/CSF1R/ERBB2/CLU/EPO/HAVCR2/IDO1/GPNMB/ICOSLG/IGFBP2/IL12B/IL12RB1/IL2RA/IL6ST/IL7R/KIT/IL6/LEP/LGALS3/LGALS9/LILRB1/LILRB4/LILRB2/KITLG/MZB1/PDCD1LG2/PTPRC/CLEC4G/IL5RA/SLAMF1/GAL/ST6GAL1/TGFBR2/TNFRSF13B/TNFRSF14/TNFRSF1B/TNFRSF21/TNFRSF4/TNFRSF13C/TNFRSF9/TNFSF8/TREM2/VCAM1/VSIG4/FCRL3/IL15/PTH/SCGB1A1/SFTPD/TFRC/TNFSF11/TNFSF13B/XCL1,72
3,GO:0031589,cell-substrate adhesion,74/1056,361/18986,0.20498614958448755,3.6854801477377657,12.501856842241331,5.2121972125008973e-23,8.667379558207137e-21,5.631650774253942e-21,ACVRL1/ADAM15/APOA1/APOD/ADAM9/AXL/ANGPT2/ACTN2/CCDC80/CCN1/BCAM/ANGPTL3/CCL21/CD34/CCL25/CEACAM6/COL1A1/CSF1/CX3CL1/DDR1/EFNA1/EPHA1/DMP1/FBLN2/FGA/FN1/GAS6/AGR2/ITGA11/ITGA5/ITGA2/ITGAM/ITGAV/ITGB1/ITGB2/FGL1/ITGBL1/ITGB7/KDR/L1CAM/ITGB6/MERTK/MYOC/ADAMTS13/NOTCH1/MMP12/NRP1/MSLN/MELTF/LYPD3/PKD1/PLAU/PLG/ITGAL/LYVE1/LAMB1/HRG/SIGLEC1/SFRP1/ST6GAL1/THY1/TEK/TYRO3/VCAM1/VWC2/EDIL3/POSTN/SNED1/SORBS1/SPOCK1/TACSTD2/TNXB/VIT/VWF,74
3,GO:0022409,positive regulation of cell-cell adhesion,71/1056,336/18986,0.2113095238095238,3.7991691468253967,12.563379489492116,6.299549508469072e-23,1.0148180536299397e-20,6.593804781562037e-21,ADAM8/AGER/B2M/CD160/CCL21/CD27/CD274/CD28/CD4/CD46/CD276/CD55/CD5/CD74/CD80/CD83/CEACAM6/CD209/CD86/CR1/CX3CL1/DPP4/EPO/FGA/FSTL3/GCNT1/CXCL13/HAVCR2/ICOSLG/IGFBP2/IL12B/IL12RB1/IL2RA/IL6ST/IL7R/ITGB2/IL4R/IL6/LEP/LGALS1/LGALS9/LILRB1/LILRB4/LILRB2/KITLG/MEGF10/PDCD1LG2/PLAUR/PODXL/PTPRC/SERPINF2/SELE/SLAMF1/SIRPB1/TGFBR2/THY1/TNF/TNFRSF14/KLRK1/TNFRSF13C/IL6R/VCAM1/IFNG/IL15/IL1RL2/SIRPA/TFRC/TNFSF11/TNFSF13B/VNN1/XCL1,71
3,GO:0050867,positive regulation of cell activation,77/1056,391/18986,0.1969309462915601,3.5406543052003414,12.319213420263067,9.200011937019998e-23,1.43715337985873e-20,9.337938750748848e-21,ADAM8/AGER/AXL/B2M/CCL3/CD160/CCL21/CD27/CD274/CD28/CD38/CD4/CD46/CD276/CD55/ACTA2/CD5/CD74/CD80/CD83/CD209/CLEC4D/CD86/CR1/CLEC7A/CTSC/DPP4/EPO/GAS6/HAVCR2/ICOSLG/IGFBP2/IL12B/IL12RB1/IL15RA/IL2RA/IL6ST/IL7R/IL4R/IL6/LEP/LGALS1/LGALS9/LILRA2/LILRA5/LILRB1/LILRB4/HAVCR1/LILRB2/KITLG/CAPN3/NECTIN2/PDCD1LG2/LBP/PTPRC/SLAMF1/SIRPB1/TGFBR2/THY1/TNF/TNFRSF14/TNFRSF4/KLRK1/TNFRSF13C/TNFSF13/TREM2/VCAM1/FCRL3/IFNG/IL15/IL1RL2/SIRPA/TFRC/TNFSF11/TNFSF13B/VNN1/XCL1,77
3,GO:0050670,regulation of lymphocyte proliferation,59/1056,240/18986,0.24583333333333332,4.419878472222222,12.939249969087596,1.0068491350428481e-22,1.526560967984083e-20,9.918866711165148e-21,AGER/CD22/CD274/CD28/CD300A/CD38/CD46/CD276/CD55/CD74/CD80/BMP4/CD209/CD86/CR1/CRTAM/ERBB2/EPO/HAVCR2/IDO1/GPNMB/ICOSLG/IGFBP2/IL12B/IL12RB1/IL2RA/IL6ST/IL6/LEP/LGALS3/LGALS9/LILRB1/LILRB4/LILRB2/KITLG/MZB1/PDCD1LG2/PTPRC/CLEC4G/SLAMF1/GAL/TGFBR2/TNFRSF13B/TNFRSF14/TNFRSF1B/TNFRSF21/TNFRSF4/TNFRSF13C/TNFRSF9/TNFSF8/VCAM1/VSIG4/FCRL3/IL15/SCGB1A1/SFTPD/TFRC/TNFSF13B/XCL1,59
3,GO:0050863,regulation of T cell activation,77/1056,393/18986,0.19592875318066158,3.522635708227311,12.263747340154081,1.2802457217724082e-22,1.8856190559247898e-20,1.2251855298285122e-20,ADAM8/AGER/B2M/CD160/CCL21/CD27/CD274/CD28/CD300A/CD4/CD46/CD276/CD55/CD5/CD74/CD80/CD83/BMP4/CD209/CD86/CR1/CRTAM/DPP4/ERBB2/EPO/HAVCR2/IDO1/GPNMB/ICOSLG/IGFBP2/IL12B/IL12RB1/IL2RA/IL6ST/IL7R/FGL1/IL4R/IL6/LEP/LGALS1/LGALS3/LAG3/LGALS9/LILRB1/LILRB4/LILRB2/KITLG/PDCD1/PDCD1LG2/PTPRC/CLEC4G/SLAMF1/SPINK5/SIRPB1/TGFBR2/THY1/TNFRSF14/TNFRSF1B/TNFRSF21/TIGIT/KLRK1/TNFRSF13C/TNFRSF9/TNFSF8/VCAM1/VSIG4/IFNG/IL15/IL1RL2/SCGB1A1/SFTPD/SIRPA/TFRC/TNFSF11/TNFSF13B/VNN1/XCL1,77
3,GO:1903035,negative regulation of response to wounding,38/1056,101/18986,0.37623762376237624,6.7644389438943895,14.096339502177969,3.381264382818895e-22,4.841782748175391e-20,3.1459600193361775e-20,APCS/APOE/C1QTNF1/CD109/EDN1/EPHA4/CPB2/F11/FGA/FAP/CEACAM1/F2/F12/KIAA0319/KLKB1/PDGFRA/PLAU/PLAUR/PLAT/PLG/PROC/PTPRS/PROS1/NOS3/REG3A/RGMA/RTN4R/HRG/SERPINF2/SIGLEC10/TFPI/TAFA5/SPP1/THBD/TNF/SERPING1/TNR/TSPAN8,38
3,GO:0002687,positive regulation of leukocyte migration,46/1056,152/18986,0.3026315789473684,5.441063596491228,13.340884319011263,5.240262937497954e-22,7.300960930487015e-20,4.7438169749981484e-20,ADAM8/AGER/CCL3/CCL7/CCL21/CD74/CD99/CD99L2/CSF1/CXCL10/CX3CL1/CSF1R/CXCL17/EDN1/F7/GAS6/CXCL13/ICAM1/CCL20/IL1R1/ITGA2/JAM2/IL6/LGALS3/LGALS9/KITLG/MSTN/PGF/LYVE1/LBP/RARRES2/PTN/S100A14/SELE/SLAMF1/THBS4/THY1/TNF/TNFRSF14/IL6R/TREM2/VEGFB/XG/PLA2G7/VEGFD/XCL1,46
3,GO:0050866,negative regulation of cell activation,55/1056,219/18986,0.2511415525114155,4.5153158295281575,12.69802258767148,9.711513210298685e-22,1.3052459220045253e-19,8.480866861643575e-20,AXL/APOE/C1QTNF1/CD274/CD300A/CD200/CD300LF/CD74/CD80/BMP4/CD86/CR1/CRTAM/ERBB2/FN1/CEACAM1/GRN/CST7/HAVCR2/IDO1/GPNMB/F2/IL2RA/FGL1/IL4R/LDLR/LGALS1/LGALS3/LAG3/LGALS9/LILRB1/LILRB4/MERTK/LILRB2/PDCD1/PDGFRA/PGLYRP1/PDCD1LG2/NOS3/PTPRC/CLEC4G/MILR1/SFRP1/GAL/THBD/TNFRSF13B/TNFRSF14/TNFRSF21/TIGIT/TYRO3/TREM2/VSIG4/SCGB1A1/SFTPD/XCL1,55
3,GO:0042129,regulation of T cell proliferation,50/1056,182/18986,0.27472527472527475,4.939331501831502,12.959260407345436,9.874799409927543e-22,1.3052459220045253e-19,8.480866861643575e-20,AGER/CD274/CD28/CD46/CD276/CD55/CD80/BMP4/CD209/CD86/CR1/CRTAM/ERBB2/EPO/HAVCR2/IDO1/GPNMB/ICOSLG/IGFBP2/IL12B/IL12RB1/IL2RA/IL6ST/IL6/LEP/LGALS3/LGALS9/LILRB1/LILRB4/LILRB2/KITLG/PDCD1LG2/PTPRC/CLEC4G/SLAMF1/TGFBR2/TNFRSF14/TNFRSF1B/TNFRSF21/TNFRSF13C/TNFRSF9/TNFSF8/VCAM1/VSIG4/IL15/SCGB1A1/SFTPD/TFRC/TNFSF13B/XCL1,50
3,GO:0002696,positive regulation of leukocyte activation,73/1056,371/18986,0.1967654986522911,3.537679694519317,11.979518270694664,1.3073526809913711e-21,1.6848507676276295e-19,1.0947358502406692e-19,ADAM8/AGER/AXL/B2M/CCL3/CD160/CCL21/CD27/CD274/CD28/CD38/CD4/CD46/CD276/CD55/CD5/CD74/CD80/CD83/CD209/CLEC4D/CD86/CR1/CLEC7A/CTSC/DPP4/EPO/GAS6/HAVCR2/ICOSLG/IGFBP2/IL12B/IL12RB1/IL15RA/IL2RA/IL6ST/IL7R/IL4R/IL6/LEP/LGALS1/LGALS9/LILRB1/LILRB4/HAVCR1/LILRB2/KITLG/NECTIN2/PDCD1LG2/LBP/PTPRC/SLAMF1/SIRPB1/TGFBR2/THY1/TNF/TNFRSF14/TNFRSF4/KLRK1/TNFRSF13C/TNFSF13/TREM2/VCAM1/FCRL3/IFNG/IL15/IL1RL2/SIRPA/TFRC/TNFSF11/TNFSF13B/VNN1/XCL1,73
3,GO:0071674,mononuclear cell migration,56/1056,231/18986,0.24242424242424243,4.358585858585859,12.463815908108124,2.5798784027187935e-21,3.2437251624427757e-19,2.1076182483828501e-19,ADAM8/AGER/APOD/B4GALT1/CCL23/CCL3/CCL7/CCN3/CCL21/CD200/CD99/CD99L2/C5/CSF1/CXCL10/CRTAM/CX3CL1/CSF1R/CXCL17/CXCL16/CALCA/CD200R1/ECM1/GAS6/ARHGEF5/CXCL13/ICAM1/FLT1/CCL20/JAM2/ITGB7/IL6/LGALS3/LGALS9/MSTN/NBL1/MTUS1/PLG/ITGAL/RARRES2/RET/S100A14/SLAMF1/TNFRSF11A/TNF/TNFRSF14/SLAMF8/KLRK1/IL6R/TREM2/XG/PLA2G7/SFTPD/SIRPA/TNFSF11/XCL1,56
3,GO:0050920,regulation of chemotaxis,54/1056,216/18986,0.25,4.494791666666667,12.536120146959295,2.8845793260885646e-21,3.5404777204729884e-19,2.3004339387503293e-19,AGER/ANGPT2/CCL3/CCL7/CCN3/CCL21/CD74/C5/CSF1/CXCL10/CSF1R/CXCL17/EDN1/DPP4/F7/F3/GAS6/CXCL13/ITGA2/IL6/KDR/LGALS9/MSTN/NBL1/MET/NOTCH1/NRP1/NTRK3/MTUS1/DSCAM/PGF/PDGFRA/LBP/RARRES2/ROBO1/ROBO2/PTN/S100A14/SCG2/HRG/SEMA3F/SLAMF1/SMOC2/ST6GAL1/THBS4/SLAMF8/KLRK1/IL6R/TREM2/VEGFB/NTF3/PLA2G7/VEGFD/XCL1,54
3,GO:0051346,negative regulation of hydrolase activity,58/1056,252/18986,0.23015873015873015,4.138062169312168,12.170086661853281,7.676205309254628e-21,9.202520550978514e-19,5.979359925103606e-19,AMBP/APOC1/ANGPTL4/APCS/ANGPTL3/CD109/APOA2/COL6A3/CR1/CST3/CST6/FABP1/ECM1/GAS6/GZMA/CST7/LAMP3/ITIH3/LRP1/FETUB/ITIH4/PI16/PLAUR/PI3/RECK/SERPINA1/SERPINA4/SERPINA3/SERPINA5/SERPINA6/SERPINC1/SERPIND1/SERPINF1/SERPINF2/SPINK1/SPINK5/SPINT1/PZP/TFPI/PTX3/TFPI2/TIMP1/SPINK2/TNF/KLRK1/SERPING1/WFDC2/SERPINA11/SERPINA7/SERPINA9/SERPINI1/SPINK4/SPINK6/SPOCK1/TIMP4/WFDC12/WFIKKN1/WFIKKN2,58
3,GO:0043410,positive regulation of MAPK cascade,82/1056,472/18986,0.17372881355932204,3.1234992937853105,11.33757323940341,1.567137561415307e-20,1.83604412024907e-18,1.1929740957950974e-18,ADAM8/AGER/ADAM9/BMPER/APOE/C1QTNF1/CCL3/CCL21/CD27/CD4/ACTA2/CD74/CDH2/BMP4/CDON/CSPG4/CHI3L1/CX3CL1/CSF1R/CXCL17/EDA2R/EDN1/EFNA1/EGFR/EPHA4/ERBB2/EPO/FGF21/FGA/FGFR2/FLT4/GAS6/GDF15/GCG/GHR/ARHGEF5/ERN1/HAVCR2/HGF/GPR37/FGF23/ICAM1/GPNMB/FLT1/IGFBP4/IGFBP6/IGF1R/ERBB4/KIT/IL6/KDR/LEP/LGALS9/LILRA5/LTBR/MARCO/MYOC/NOTCH1/NRP1/NTRK2/NTRK3/NOTCH2/PDGFRA/IGFBP3/PTPRC/RET/ROBO1/SERPINF2/SEMA7A/SLAMF1/TGFA/TNFRSF11A/TNF/TNFRSF19/TEK/IL6R/TREM2/VEGFB/FCRL3/NTF3/SEMA4C/TNFSF11,82
3,GO:0002703,regulation of leukocyte mediated immunity,58/1056,258/18986,0.2248062015503876,4.041828165374677,11.938395012893913,2.609271446374041e-20,2.9890654013462628e-18,1.942152454353731e-18,ADGRE2/AGER/B2M/BST2/C3/CD160/CD274/CD28/CD300A/CD46/CD55/CD80/CD1C/CR1/CR2/CRTAM/CLEC7A/CD7/FCER2/C4BPB/CEACAM1/HAVCR2/ICAM1/IL12B/IL12RB1/IL18R1/IL1R1/ITGAM/IL7R/ITGB2/IL4R/KLRB1/KLRD1/KIT/IL6/LEP/LAG3/LGALS9/LILRB1/LILRB4/LTA/NCR1/NECTIN2/PDCD1/LAMP1/PTPRC/CLEC4G/SLAMF1/SLAMF6/TNF/TNFRSF1B/KLRK1/TNFSF13/ULBP2/TREM2/PVR/TFRC/XCL1,58
3,GO:1903039,positive regulation of leukocyte cell-cell adhesion,61/1056,284/18986,0.2147887323943662,3.8617224178403755,11.792062283835724,3.1193978807986426e-20,3.49576001641674e-18,2.2713785026776387e-18,ADAM8/AGER/B2M/CD160/CCL21/CD27/CD274/CD28/CD4/CD46/CD276/CD55/CD5/CD74/CD80/CD83/CD209/CD86/CR1/DPP4/EPO/GCNT1/HAVCR2/ICOSLG/IGFBP2/IL12B/IL12RB1/IL2RA/IL6ST/IL7R/ITGB2/IL4R/IL6/LEP/LGALS1/LGALS9/LILRB1/LILRB4/LILRB2/KITLG/PDCD1LG2/PTPRC/SELE/SLAMF1/SIRPB1/TGFBR2/THY1/TNF/TNFRSF14/KLRK1/TNFRSF13C/VCAM1/IFNG/IL15/IL1RL2/SIRPA/TFRC/TNFSF11/TNFSF13B/VNN1/XCL1,61
3,GO:0010466,negative regulation of peptidase activity,50/1056,198/18986,0.25252525252525254,4.540193602693603,12.152522879284115,5.477861458209887e-20,6.008165067462121e-18,3.903819744686196e-18,AMBP/CD109/COL6A3/CR1/CST3/CST6/FABP1/ECM1/GAS6/CST7/LAMP3/ITIH3/LRP1/FETUB/ITIH4/PI16/PLAUR/PI3/RECK/SERPINA1/SERPINA4/SERPINA3/SERPINA5/SERPINA6/SERPINC1/SERPIND1/SERPINF1/SERPINF2/SPINK1/SPINK5/SPINT1/PZP/TFPI/TFPI2/TIMP1/SPINK2/TNF/SERPING1/WFDC2/SERPINA11/SERPINA7/SERPINA9/SERPINI1/SPINK4/SPINK6/SPOCK1/TIMP4/WFDC12/WFIKKN1/WFIKKN2,50
3,GO:0002449,lymphocyte mediated immunity,72/1056,386/18986,0.18652849740932642,3.3536269430051813,11.337620665409439,6.094680817843739e-20,6.545433253330099e-18,4.2529110443813114e-18,AGER/B2M/C1R/C1RL/C1S/C3/C2/CD160/CD27/CD274/CD28/CD46/CD55/CD74/CD80/CD1C/C5/C8B/CFI/CR1/CD8A/CR2/CRTAM/CTSC/C1QA/CD7/CLU/FCER2/C4BPB/CEACAM1/GZMB/HAVCR2/ICAM1/IL12B/IL12RB1/IL18R1/IL1R1/IL7R/C9/IL4R/KLRB1/KLRD1/IL6/FCGR3B/LEP/LAG3/LGALS9/LILRB1/LILRB4/IGLC2/LTA/NCR1/NCR3LG1/NECTIN2/PDCD1/LAMP1/PTPRC/CLEC4G/SLAMF1/SLAMF6/SLAMF7/TNF/TNFRSF1B/KLRK1/TNFSF13/SERPING1/ULBP2/TREM2/C7/PVR/TFRC/XCL1,72
3,GO:0032943,mononuclear cell proliferation,63/1056,305/18986,0.20655737704918034,3.7137295081967214,11.594807200779707,6.247607932597842e-20,6.572738549498342e-18,4.270652726428858e-18,AGER/CD22/CD274/CD28/CD300A/CD38/CD46/CD276/CD55/CD74/CD80/BMP4/CD209/CD86/CR1/CR2/CSF1/CRTAM/ERBB2/EPO/HAVCR2/IDO1/GPNMB/ICOSLG/IGFBP2/IL12B/IL12RB1/IL2RA/IL6ST/IL7R/IL6/LEP/LGALS3/LGALS9/LILRB1/LILRB4/LILRB2/KITLG/MZB1/PDCD1LG2/PTPRC/CLEC4G/SLAMF1/GAL/ST6GAL1/TGFBR2/TNFRSF13B/TNFRSF14/TNFRSF1B/TNFRSF21/TNFRSF4/TNFRSF13C/TNFRSF9/TNFSF8/VCAM1/VSIG4/FCRL3/IL15/SCGB1A1/SFTPD/TFRC/TNFSF13B/XCL1,63
3,GO:0002698,negative regulation of immune effector process,40/1056,128/18986,0.3125,5.618489583333333,12.723431400716317,7.132986059062571e-20,7.35410862689351e-18,4.7783498189341266e-18,ACP5/APOA1/AXL/BST2/CD22/CD274/CD300A/CD46/CD55/CD59/CD80/APOA2/CR1/CR2/C4BPB/CEACAM1/GRN/HAVCR2/IL7R/IL4R/KLRD1/LGALS1/LGALS3/LGALS9/LILRB1/LILRB4/PDCD1/PGLYRP1/PRG2/PTPRC/CLEC4G/SLAMF1/SPINK5/TNF/SLAMF8/SERPING1/VSIG4/FCRL3/MASP1/XCL1,40
3,GO:0006909,phagocytosis,55/1056,239/18986,0.2301255230125523,4.137465132496513,11.845655111413592,8.00334432274277e-20,8.089654898772348e-18,5.2562727832750244e-18,APOA1/AHSG/ADIPOQ/AXL/C3/C2/CD300A/CD302/CD14/CD300LF/CD93/APOA2/CFP/COLEC12/CLEC7A/C4BPB/GAS6/GSN/FCN1/ICAM3/IL15RA/ITGA2/ITGAM/ITGAV/ITGB1/ITGB2/FCN2/LDLR/LEP/LRP1/MERTK/HAVCR1/MARCO/MEGF10/MSR1/MET/MFGE8/LEPR/ITGAL/PRTN3/LBP/PTPRC/SLAMF1/SIRPB1/SPON2/PTX3/TIMD4/TYRO3/TREM2/ICAM5/IFNG/IL15/SFTPD/SIRPA/SRPX,55
3,GO:0019730,antimicrobial humoral response,48/1056,185/18986,0.2594594594594595,4.664864864864866,12.156273708388934,9.018738772228352e-20,8.822790444591917e-18,5.732629372544076e-18,ADM/B2M/CCL11/ANG/CCL14/CCL18/CCL22/CCL23/CCL3/CCL7/CCL27/CCL21/CCL15/CCL16/CCL25/CXCL10/CX3CL1/CALCA/CXCL9/FGA/GNLY/CXCL13/F2/CCL20/KLK7/LGALS3/LGALS4/NCR3LG1/PGLYRP1/NPY/PI3/PRTN3/RARRES2/REG1A/REG1B/REG3A/RNASE4/RNASE6/HRG/SPINK5/MMP7/SPON2/TF/WFDC2/JCHAIN/REG3G/WFDC12/XCL1,48
3,GO:0097530,granulocyte migration,44/1056,156/18986,0.28205128205128205,5.0710470085470085,12.390543919968371,9.070958168057644e-20,8.822790444591917e-18,5.732629372544076e-18,ADAM8/ADGRE2/BSG/CCL11/CCL14/CCL18/CCL22/CCL23/CCL3/CCL7/CCL21/CD300A/CCL15/CCL16/CD74/CD99/CD99L2/CCL25/CSF1/CXCL10/CX3CL1/CSF1R/CXADR/CXCL17/EDN1/CXCL9/DPP4/CXCL13/IL1R1/ITGB2/CSF3R/LGALS3/MSTN/PRTN3/LBP/RARRES2/S100A14/SCG2/SLAMF1/THBS4/SLAMF8/XG/UMOD/XCL1,44
3,GO:1900047,negative regulation of hemostasis,26/1056,51/18986,0.5098039215686274,9.165849673202613,14.171014063026458,1.1478399432587582e-19,1.0957620199072034e-17,7.119740154872065e-18,APOE/C1QTNF1/COMP/EDN1/CPB2/F11/FGA/FAP/CEACAM1/F2/F12/KLKB1/PDGFRA/PLAU/PLAUR/PLAT/PLG/PROC/PROS1/NOS3/HRG/SERPINF2/TFPI/THBD/SERPING1/TSPAN8,26
3,GO:0002460,adaptive immune response based on somatic recombination of immune receptors built from immunoglobulin superfamily domains,73/1056,400/18986,0.1825,3.2811979166666663,11.190438649612366,1.2213872383985787e-19,1.1447729479899406e-17,7.438189842266559e-18,AGER/B2M/C1R/C1RL/C1S/C3/C2/CD27/CD274/CD28/CD4/CD46/CD55/CD74/CD80/CD1C/C5/C8B/CFI/CR1/CD8A/CLEC6A/CR2/CLEC7A/CTSC/C1QA/CD7/CLU/FCER2/C4BPB/CEACAM1/CXCL13/HAVCR2/ICAM1/IL12B/IL12RB1/IL18BP/IL18R1/IL1R1/IL6ST/IL7R/C9/IL4R/KLRD1/IL6/FCGR3B/LGALS1/LILRB1/LILRB4/LY9/IGLC2/LTA/NCR3LG1/NECTIN2/NOTCH1/PDCD1/PTPRC/CLEC4G/SLAMF1/SLAMF6/TNF/TNFRSF1B/TNFSF13/SERPING1/IL6R/ULBP2/TREM2/C7/NFKB2/PVR/TFRC/TNFSF13B/XCL1,73
3,GO:0050870,positive regulation of T cell activation,57/1056,260/18986,0.21923076923076923,3.9415865384615385,11.590252807354839,1.982073365268109e-19,1.8245693210637683e-17,1.1855183173464517e-17,ADAM8/AGER/B2M/CD160/CCL21/CD27/CD274/CD28/CD4/CD46/CD276/CD55/CD5/CD74/CD80/CD83/CD209/CD86/CR1/DPP4/EPO/HAVCR2/ICOSLG/IGFBP2/IL12B/IL12RB1/IL2RA/IL6ST/IL7R/IL4R/IL6/LEP/LGALS1/LGALS9/LILRB1/LILRB4/LILRB2/KITLG/PDCD1LG2/PTPRC/SLAMF1/SIRPB1/TGFBR2/THY1/TNFRSF14/KLRK1/TNFRSF13C/VCAM1/IFNG/IL15/IL1RL2/SIRPA/TFRC/TNFSF11/TNFSF13B/VNN1/XCL1,57
3,GO:0019058,viral life cycle,64/1056,323/18986,0.19814241486068113,3.562435500515996,11.272249443184105,3.029427220842704e-19,2.7397714602533577e-17,1.7801731148146785e-17,ACE2/ANPEP/APCS/AXL/BSG/BST2/APOE/CD28/CD4/CD46/CD55/CD74/CD80/CD209/CD86/CR1/CR2/CTSL/CLEC5A/CXADR/DPP4/EGFR/EPHA2/CTSB/CLEC4M/FURIN/GAS6/CDK1/GSN/FCN1/ICAM1/ITGA5/ITGA2/ITGAV/IL32/ITGB1/ITGB7/LDLR/LGALS1/LAMP3/LGALS9/ITGB6/HAVCR1/MRC1/NCAM1/MOG/NECTIN2/NECTIN4/NOTCH1/NRP1/LAMP1/SCARB2/CLEC4G/SIGLEC1/SLAMF1/SMPD1/PTX3/TNF/TNFRSF14/TNFRSF4/TYRO3/IFIT1/PVR/TFRC,64
3,GO:0002706,regulation of lymphocyte mediated immunity,49/1056,198/18986,0.2474747474747475,4.449389730639731,11.840817855066609,3.263644802263481e-19,2.894533719951985e-17,1.8807302663509557e-17,AGER/B2M/C3/CD160/CD274/CD28/CD46/CD55/CD80/CD1C/CR1/CR2/CRTAM/CD7/FCER2/C4BPB/CEACAM1/HAVCR2/IL12B/IL12RB1/IL18R1/IL1R1/IL7R/KLRB1/KLRD1/IL6/LEP/LAG3/LGALS9/LILRB1/LILRB4/LTA/NCR1/NECTIN2/PDCD1/LAMP1/PTPRC/CLEC4G/SLAMF1/SLAMF6/TNF/TNFRSF1B/KLRK1/TNFSF13/ULBP2/TREM2/PVR/TFRC/XCL1,49
3,GO:0046651,lymphocyte proliferation,61/1056,297/18986,0.2053872053872054,3.692690796857464,11.350599333115328,3.312851396259304e-19,2.894533719951985e-17,1.8807302663509557e-17,AGER/CD22/CD274/CD28/CD300A/CD38/CD46/CD276/CD55/CD74/CD80/BMP4/CD209/CD86/CR1/CR2/CRTAM/ERBB2/EPO/HAVCR2/IDO1/GPNMB/ICOSLG/IGFBP2/IL12B/IL12RB1/IL2RA/IL6ST/IL7R/IL6/LEP/LGALS3/LGALS9/LILRB1/LILRB4/LILRB2/KITLG/MZB1/PDCD1LG2/PTPRC/CLEC4G/SLAMF1/GAL/TGFBR2/TNFRSF13B/TNFRSF14/TNFRSF1B/TNFRSF21/TNFRSF4/TNFRSF13C/TNFRSF9/TNFSF8/VCAM1/VSIG4/FCRL3/IL15/SCGB1A1/SFTPD/TFRC/TNFSF13B/XCL1,61
3,GO:0061041,regulation of wound healing,41/1056,140/18986,0.29285714285714287,5.265327380952381,12.292887584659905,3.5862954111889417e-19,3.081225474113166e-17,2.002033683930388e-17,APCS/APOE/C1QTNF1/CCN4/CD109/CLEC7A/EDN1/CPB2/F7/F11/FGA/FAP/F3/CEACAM1/F2/ITGB1/F12/KLKB1/OCLN/PDGFRA/PLAU/PLAUR/PLAT/PLG/PROC/PROS1/NOS3/REG3A/HRG/SERPINC1/SERPINF2/SMOC2/TFPI/TAFA5/THBD/TNFRSF12A/TNF/SERPING1/VEGFB/REG3G/TSPAN8,41
3,GO:0042098,T cell proliferation,51/1056,215/18986,0.2372093023255814,4.264825581395349,11.683759930934633,4.417417492234642e-19,3.7330798643392757e-17,2.4255776462969168e-17,AGER/CD274/CD28/CD46/CD276/CD55/CD80/BMP4/CD209/CD86/CR1/CRTAM/ERBB2/EPO/HAVCR2/IDO1/GPNMB/ICOSLG/IGFBP2/IL12B/IL12RB1/IL2RA/IL6ST/IL6/LEP/LGALS3/LGALS9/LILRB1/LILRB4/LILRB2/KITLG/PDCD1LG2/PTPRC/CLEC4G/SLAMF1/TGFBR2/TNFRSF14/TNFRSF1B/TNFRSF21/TNFRSF4/TNFRSF13C/TNFRSF9/TNFSF8/VCAM1/VSIG4/IL15/SCGB1A1/SFTPD/TFRC/TNFSF13B/XCL1,51
3,GO:0051251,positive regulation of lymphocyte activation,65/1056,336/18986,0.19345238095238096,3.4781125992063493,11.122396457116656,5.824490047494278e-19,4.8427816443279036e-17,3.1466090545206785e-17,ADAM8/AGER/AXL/B2M/CD160/CCL21/CD27/CD274/CD28/CD38/CD4/CD46/CD276/CD55/CD5/CD74/CD80/CD83/CD209/CD86/CR1/CLEC7A/DPP4/EPO/GAS6/HAVCR2/ICOSLG/IGFBP2/IL12B/IL12RB1/IL15RA/IL2RA/IL6ST/IL7R/IL4R/IL6/LEP/LGALS1/LGALS9/LILRB1/LILRB4/LILRB2/KITLG/PDCD1LG2/PTPRC/SLAMF1/SIRPB1/TGFBR2/THY1/TNFRSF14/TNFRSF4/KLRK1/TNFRSF13C/TNFSF13/VCAM1/FCRL3/IFNG/IL15/IL1RL2/SIRPA/TFRC/TNFSF11/TNFSF13B/VNN1/XCL1,65
3,GO:0052547,regulation of peptidase activity,66/1056,346/18986,0.1907514450867052,3.429552023121387,11.068490925202031,6.696252252942453e-19,5.479234978399737e-17,3.560146143502571e-17,AGER/AMBP/CD109/COL6A3/CR1/CST3/CTSD/CLEC7A/CST6/EFNA1/EPHA4/FABP1/FAS/ECM1/F3/FURIN/GAS6/GSN/GRN/CST7/LAMP3/LGALS9/ITIH3/LRP1/FETUB/FASLG/ITIH4/PI16/PLAUR/PI3/RET/ROBO1/RECK/SERPINA1/SERPINA4/SERPINA3/SERPINA5/SERPINA6/SERPINC1/SERPIND1/SERPINF1/SERPINF2/SPINK1/PRSS22/SPINK5/SPINT1/PZP/TFPI/TFPI2/TIMP1/SPINK2/TNF/TNFSF10/SERPING1/WFDC2/SERPINA11/SERPINA7/SERPINA9/SERPINI1/SPINK4/SPINK6/SPOCK1/TIMP4/WFDC12/WFIKKN1/WFIKKN2,66
3,GO:0030195,negative regulation of blood coagulation,25/1056,50/18986,0.5,8.989583333333334,13.728153472175068,1.0771322186335498e-18,8.675963417274921e-17,5.637228157388085e-17,APOE/C1QTNF1/EDN1/CPB2/F11/FGA/FAP/CEACAM1/F2/F12/KLKB1/PDGFRA/PLAU/PLAUR/PLAT/PLG/PROC/PROS1/NOS3/HRG/SERPINF2/TFPI/THBD/SERPING1/TSPAN8,25
3,GO:1900046,regulation of hemostasis,29/1056,71/18986,0.4084507042253521,7.343603286384976,12.995982923942524,2.0279012672964305e-18,1.608281697371246e-16,1.0449849121517801e-16,APOE/C1QTNF1/COMP/EDN1/CPB2/F7/F11/FGA/FAP/F3/CEACAM1/F2/F12/KLKB1/PDGFRA/PLAU/PLAUR/PLAT/PLG/PROC/PROS1/NOS3/HRG/SERPINC1/SERPINF2/TFPI/THBD/SERPING1/TSPAN8,29
3,GO:0006953,acute-phase response,24/1056,48/18986,0.5,8.989583333333334,13.45007817432068,5.332468832851824e-18,4.164981338386538e-16,2.706206670834849e-16,AHSG/APCS/ASS1/CD163/EPO/FN1/F2/IL1RN/IL6/ITIH4/IL22/LBP/ORM1/REG3A/SAA4/SERPINA1/SERPINA3/SERPINF2/TNFRSF11A/TNF/IL6R/REG3G/TFRC/TNFSF11,24
3,GO:0002695,negative regulation of leukocyte activation,47/1056,196/18986,0.23979591836734693,4.311330782312925,11.308742805898065,6.891195868437343e-18,5.302106671909627e-16,3.445056599115102e-16,AXL/CD274/CD300A/CD200/CD300LF/CD74/CD80/BMP4/CD86/CR1/CRTAM/ERBB2/FN1/GRN/CST7/HAVCR2/IDO1/GPNMB/IL2RA/FGL1/IL4R/LDLR/LGALS1/LGALS3/LAG3/LGALS9/LILRB1/LILRB4/MERTK/LILRB2/PDCD1/PGLYRP1/PDCD1LG2/PTPRC/CLEC4G/MILR1/SFRP1/GAL/TNFRSF13B/TNFRSF14/TNFRSF21/TIGIT/TYRO3/VSIG4/SCGB1A1/SFTPD/XCL1,47
3,GO:0002526,acute inflammatory response,35/1056,110/18986,0.3181818181818182,5.7206439393939394,12.050074105710728,7.737362583410833e-18,5.865603546688653e-16,3.811190052695553e-16,ADAM8/AHSG/APCS/B4GALT1/ASS1/C3/CD163/EPO/F3/FN1/F2/IL1RN/IL6ST/F12/IL6/KLKB1/FCGR3B/ITIH4/IL22/OSMR/PRCP/LBP/ORM1/REG3A/SAA4/SERPINA1/SERPINA3/SERPINF2/TNFRSF11A/TNF/IL6R/REG3G/TFRC/TNFSF11/VNN1,35
3,GO:0070665,positive regulation of leukocyte proliferation,43/1056,166/18986,0.25903614457831325,4.657254016064257,11.48540925941557,8.074395567141188e-18,6.032392630233743e-16,3.9195616620355854e-16,AGER/BST2/CD274/CD28/CD38/CD46/CD276/CD55/CD74/CD80/CD209/CD86/CSF1/CSF1R/EPO/HAVCR2/ICOSLG/IGFBP2/IL12B/IL12RB1/IL2RA/IL6ST/KIT/IL6/LEP/LGALS9/LILRB2/KITLG/PDCD1LG2/PTPRC/IL5RA/SLAMF1/ST6GAL1/TGFBR2/TNFRSF4/TNFRSF13C/VCAM1/FCRL3/IL15/PTH/TFRC/TNFSF13B/XCL1,43
3,GO:0010720,positive regulation of cell development,76/1056,460/18986,0.16521739130434782,2.970471014492753,10.382579180371925,8.259129095637352e-18,6.082258641144364e-16,3.951962222904971e-16,ADAM8/ACAN/AGER/ADIPOQ/AXL/BAIAP2/BCAN/CD27/CD4/CD46/CD74/CD80/CD83/CDH5/BMP4/CDON/CD86/CR1/CSF1/CLEC7A/CX3CL1/CALCA/EGFR/EPHA4/FN1/GAS6/CDH4/IL12B/IL12RB1/IL15RA/IL2RA/IL6ST/IL7R/ITGB1/IL4R/ISLR2/KIT/IL6/L1CAM/LGALS9/LILRB4/GFAP/LILRB2/MME/KITLG/LTA/NCAN/NOTCH1/NRP1/NTRK2/DSCAM/NOTCH2/PLXNB2/PROC/NEFL/PTPRC/PTPRZ1/RET/ROBO1/ROBO2/PTN/SERPINF1/SEMA7A/SPINT1/SLITRK1/TGFBR2/TNFRSF11A/TNF/TNFRSF1B/TREM2/IFNG/IL15/IL1RL2/TNFSF11/VCAN/VNN1,76
3,GO:0002699,positive regulation of immune effector process,56/1056,272/18986,0.20588235294117646,3.7015931372549016,10.891011055861272,8.800286709973413e-18,6.389503942241259e-16,4.151595598389237e-16,B2M/C3/CD160/CD244/CD28/CD300A/CD46/CD55/CD74/CD80/CD1C/CFP/CD86/CR1/CRTAM/CLEC7A/CD7/FCER2/FCN1/IL12B/IL12RB1/IL18R1/IL1R1/IL13RA1/ITGAM/ITGB2/IL4R/FCN2/KLK7/KLRD1/KIT/IL6/LAG3/LGALS9/LILRB1/LTA/NECTIN2/MZB1/LAMP1/LBP/PTPRC/SEMA7A/SLAMF1/SLAMF6/SPON2/TNF/TNFRSF14/TNFRSF4/KLRK1/TNFSF13/ULBP2/TREM2/IFNG/PVR/TFRC/XCL1,56
3,GO:0030193,regulation of blood coagulation,28/1056,69/18986,0.4057971014492754,7.295893719806764,12.714606287913805,9.67920827688399e-18,6.930044259352357e-16,4.502812973252172e-16,APOE/C1QTNF1/EDN1/CPB2/F7/F11/FGA/FAP/F3/CEACAM1/F2/F12/KLKB1/PDGFRA/PLAU/PLAUR/PLAT/PLG/PROC/PROS1/NOS3/HRG/SERPINC1/SERPINF2/TFPI/THBD/SERPING1/TSPAN8,28
3,GO:0002274,myeloid leukocyte activation,53/1056,247/18986,0.2145748987854251,3.857877867746289,10.97150110619771,1.0154749439180314e-17,7.125766366534559e-16,4.629983884488839e-16,ADGRE2/AGER/ADAM9/CCL3/CD300A/CD200/CD300LF/CD74/CD93/CLEC4D/CSF1/CX3CL1/CTSC/C1QA/CLU/FCER2/FN1/CHGA/GRN/CST7/FCAR/HAVCR2/IFNGR1/IFNGR2/ITGAM/ITGB2/IL4R/KIT/IL6/LDLR/LGALS9/LILRA2/LILRB4/ITGB6/LTBR/HAVCR1/NECTIN2/GRP/NOTCH2/PTGDS/LBP/PRG3/PTPRC/MILR1/SLAMF1/TGFBR2/TNF/TREM2/VSIG4/S100A13/IFNG/IL15/PLA2G10,53
3,GO:0050921,positive regulation of chemotaxis,40/1056,145/18986,0.27586206896551724,4.959770114942529,11.615799712317536,1.0229034163405574e-17,7.125766366534559e-16,4.629983884488839e-16,AGER/CCL3/CCL7/CCL21/CD74/CSF1/CXCL10/CSF1R/CXCL17/EDN1/F7/F3/GAS6/CXCL13/ITGA2/IL6/KDR/LGALS9/MSTN/MET/NRP1/NTRK3/DSCAM/PGF/PDGFRA/LBP/RARRES2/PTN/S100A14/SCG2/SLAMF1/SMOC2/THBS4/IL6R/TREM2/VEGFB/NTF3/PLA2G7/VEGFD/XCL1,40
3,GO:0050819,negative regulation of coagulation,25/1056,54/18986,0.46296296296296297,8.323688271604938,13.079031857172433,1.157238625506193e-17,7.954086819312567e-16,5.168187096646606e-16,APOE/C1QTNF1/EDN1/CPB2/F11/FGA/FAP/CEACAM1/F2/F12/KLKB1/PDGFRA/PLAU/PLAUR/PLAT/PLG/PROC/PROS1/NOS3/HRG/SERPINF2/TFPI/THBD/SERPING1/TSPAN8,25
3,GO:0007156,homophilic cell adhesion via plasma membrane adhesion molecules,43/1056,168/18986,0.25595238095238093,4.601810515873016,11.379832914399808,1.3124274290074049e-17,8.902057100701543e-16,5.784133073547871e-16,AMIGO2/CDH1/CDH17/CDH3/CDH5/CDH2/CEACAM5/CEACAM6/CDHR2/CELSR2/CDHR5/CDH6/CNTN4/CNTN2/DSC2/DSG3/DSG2/DSG4/ESAM/CLSTN3/CEACAM1/CDH4/CLSTN2/HMCN2/IGSF9/IGSF21/ITGB1/L1CAM/NECTIN2/NECTIN4/DSCAM/PCDH17/PKD1/PLXNB2/PCDH12/PCDH9/PTPRM/RET/ROBO1/ROBO2/ROBO4/PCDH1/PVR,43
3,GO:0031341,regulation of cell killing,35/1056,112/18986,0.3125,5.618489583333333,11.896634513771897,1.4760023337393844e-17,9.881548091463022e-16,6.420559707394015e-16,AGER/B2M/CD160/CD55/CD59/CD1C/CFH/CR1/CRTAM/CLEC7A/FCER2/CEACAM1/HAVCR2/ICAM1/IL12B/IL12RB1/ITGAM/IL7R/CD5L/KLRB1/KLRD1/LEP/LAG3/LGALS9/LILRB1/NCR1/NECTIN2/LAMP1/PTPRC/SLAMF6/KLRK1/ULBP2/IFNG/PVR/XCL1,35
3,GO:0045861,negative regulation of proteolysis,59/1056,303/18986,0.19471947194719472,3.5008938393839384,10.649773692703855,1.8453652936945438e-17,1.21814373789395e-15,7.914918319421205e-16,AMBP/CD109/COL6A3/CR1/CST3/CTSZ/CST6/EFNA1/EPHA4/CPB2/FABP1/ECM1/FURIN/GAS6/CST7/F2/IL1R2/LAMP3/ITIH3/LRP1/FETUB/ITIH4/PI16/PLAU/PLAUR/PLAT/PI3/RECK/SERPINA1/SERPINA4/SERPINA3/SERPINA5/SERPINA6/SERPINC1/SERPIND1/SERPINF1/SERPINF2/SPINK1/SPINK5/SPINT1/PZP/TFPI/TFPI2/TIMP1/SPINK2/TNF/SERPING1/WFDC2/SERPINA11/SERPINA7/SERPINA9/SERPINI1/SPINK4/SPINK6/SPOCK1/TIMP4/WFDC12/WFIKKN1/WFIKKN2,59
3,GO:0050818,regulation of coagulation,29/1056,76/18986,0.3815789473684211,6.86047149122807,12.423406746337825,1.8667964169470817e-17,1.21814373789395e-15,7.914918319421205e-16,ANGPT2/APOE/C1QTNF1/EDN1/CPB2/F7/F11/FGA/FAP/F3/CEACAM1/F2/F12/KLKB1/PDGFRA/PLAU/PLAUR/PLAT/PLG/PROC/PROS1/NOS3/HRG/SERPINC1/SERPINF2/TFPI/THBD/SERPING1/TSPAN8,29
3,GO:0061045,negative regulation of wound healing,29/1056,78/18986,0.3717948717948718,6.684561965811966,12.208677579624746,4.2811417173672806e-17,2.7586606941285414e-15,1.7924464400871956e-15,APCS/APOE/C1QTNF1/CD109/EDN1/CPB2/F11/FGA/FAP/CEACAM1/F2/F12/KLKB1/PDGFRA/PLAU/PLAUR/PLAT/PLG/PROC/PROS1/NOS3/HRG/SERPINF2/TFPI/TAFA5/THBD/TNF/SERPING1/TSPAN8,29
3,GO:0022408,negative regulation of cell-cell adhesion,47/1056,207/18986,0.22705314009661837,4.082226247987118,10.82082993070181,7.031545680458796e-17,4.475014565773468e-15,2.907651508150733e-15,APOA1/ADIPOQ/ASS1/C1QTNF1/CCL21/CD274/CD300A/CD74/CD80/CCL25/CDH1/CDSN/BMP4/CD86/CR1/CRTAM/ERBB2/EPCAM/CEACAM1/HAVCR2/IDO1/GPNMB/IL1RN/IL2RA/FGL1/IL4R/LGALS1/LGALS3/LAG3/LGALS9/LILRB1/LILRB4/LILRB2/NOTCH1/PDCD1/PDCD1LG2/PLG/PODXL/CLEC4G/TNFRSF14/TNFRSF21/TIGIT/VSIG4/SCGB1A1/SFTPD/TNR/XCL1,47
3,GO:0050817,coagulation,51/1056,241/18986,0.21161825726141079,3.804719917012448,10.634140953555255,7.842750309915728e-17,4.930411932636046e-15,3.2035470457191074e-15,AXL/ANGPT2/APOE/C1QTNF1/CD59/COMP/EDN1/CPB2/F10/F7/F9/C4BPB/F11/F13B/FGA/FAP/F3/GAS6/CEACAM1/ENTPD2/GLA/F2/IL6ST/ITGA2/FGL1/F12/IL6/KLKB1/MERTK/ADAMTS13/PDGFRA/PLAU/PLAUR/PLAT/PLG/PROC/PROS1/NOS3/SERPINA1/HRG/SERPINC1/SERPIND1/SERPINF2/TFPI/THBD/TFPI2/SERPING1/IL6R/TYRO3/TSPAN8/VWF,51
3,GO:0007596,blood coagulation,50/1056,234/18986,0.21367521367521367,3.841702279202279,10.614751274306812,1.0391422635146165e-16,6.453949841467287e-15,4.193469476859239e-15,AXL/APOE/C1QTNF1/CD59/COMP/EDN1/CPB2/F10/F7/F9/C4BPB/F11/F13B/FGA/FAP/F3/GAS6/CEACAM1/ENTPD2/GLA/F2/IL6ST/ITGA2/FGL1/F12/IL6/KLKB1/MERTK/ADAMTS13/PDGFRA/PLAU/PLAUR/PLAT/PLG/PROC/PROS1/NOS3/SERPINA1/HRG/SERPINC1/SERPIND1/SERPINF2/TFPI/THBD/TFPI2/SERPING1/IL6R/TYRO3/TSPAN8/VWF,50
3,GO:0031099,regeneration,46/1056,204/18986,0.22549019607843138,4.054125816993464,10.643346592161219,2.0016516525565953e-16,1.2283945558249106e-14,7.981523256184319e-15,ADAM15/ADM/APOA4/APOD/AXL/ANGPT2/CCN3/APOA2/CPQ/EGFR/EPHA4/CPB2/F7/FOLR1/GAS6/CDK1/GRN/HSPG2/IGFBP1/IGF2R/IGF1R/ERBB4/KIAA0319/KLK6/IL6/GFAP/CAPN3/MSTN/NOTCH1/MATN2/PLG/NEFL/OMG/PTPRF/PTPRS/RGMA/PTN/RTN4R/SPP1/TGFBR3/THY1/TNF/TNC/POSTN/TNR/YAP1,46
3,GO:0002819,regulation of adaptive immune response,48/1056,221/18986,0.2171945701357466,3.904977375565611,10.541725952464793,2.1645783212352384e-16,1.3127530877609005e-14,8.529644852223567e-15,AGER/B2M/C3/CD160/CD274/CD28/CD4/CD46/CD55/CD80/CD1C/CR1/CLEC6A/CR2/CLEC7A/CD7/FCER2/C4BPB/CEACAM1/HAVCR2/IL12B/IL12RB1/IL18R1/IL1R1/IL6ST/IL7R/IL4R/KLRD1/IL6/LGALS1/LILRB1/LILRB4/LTA/NECTIN2/PDCD1/PTPRC/CLEC4G/SLAMF1/TNF/TNFRSF14/TNFRSF1B/TNFSF13/ULBP2/TREM2/PVR/TFRC/TNFSF13B/XCL1,48
3,GO:0070371,ERK1 and ERK2 cascade,59/1056,319/18986,0.18495297805642633,3.325300417972832,10.164458862187695,2.253944653082648e-16,1.35105635891175e-14,8.778521280427157e-15,ACE2/AGER/ADIPOQ/BMPER/APOE/CCL11/CCL3/CCN1/CCL21/CD4/ACTA2/CD74/BMP4/CHI3L1/CX3CL1/CSF1R/CXCL17/EDN1/EGFR/EPHA2/EPHA4/ERBB2/DUSP29/EPO/FGF21/FGA/FGFR2/FLT4/FN1/GAS6/CEACAM1/GCG/CDK1/HAVCR2/FGF23/ICAM1/GPNMB/ERBB4/ITGAV/KDR/LGALS9/MARCO/NOTCH1/NRP1/NOTCH2/PDGFRA/PTPRR/PTPRC/SERPINF2/SEMA7A/SLAMF1/TNFRSF11A/TNF/TF/TEK/TREM2/VEGFB/SIRPA/TNFSF11,59
3,GO:0061844,antimicrobial humoral immune response mediated by antimicrobial peptide,37/1056,136/18986,0.27205882352941174,4.891390931372549,11.0526331226666,2.837149996464545e-16,1.6810929002039918e-14,1.092294166817929e-14,ADM/B2M/CCL11/ANG/CCL14/CCL18/CCL22/CCL23/CCL3/CCL7/CCL27/CCL21/CCL15/CCL16/CCL25/CXCL10/CX3CL1/CALCA/CXCL9/GNLY/CXCL13/F2/CCL20/KLK7/LGALS3/LGALS4/PGLYRP1/NPY/REG1A/REG1B/REG3A/RNASE6/HRG/SPINK5/MMP7/REG3G/XCL1,37
3,GO:0007160,cell-matrix adhesion,50/1056,241/18986,0.2074688796680498,3.7301175656984786,10.351284931273911,3.7176310176262404e-16,2.1533020107711538e-14,1.3991131754094261e-14,ACVRL1/ADAM15/APOD/ADAM9/ACTN2/BCAM/ANGPTL3/CCL21/CD34/CCL25/CEACAM6/CSF1/CX3CL1/DDR1/EPHA1/FGA/FN1/ITGA11/ITGA5/ITGA2/ITGAM/ITGAV/ITGB1/ITGB2/FGL1/ITGBL1/ITGB7/KDR/L1CAM/ITGB6/MYOC/ADAMTS13/MMP12/NRP1/MSLN/LYPD3/PKD1/PLAU/ITGAL/LYVE1/HRG/SIGLEC1/SFRP1/THY1/TEK/VCAM1/POSTN/SNED1/SORBS1/TNXB,50
3,GO:0007599,hemostasis,50/1056,241/18986,0.2074688796680498,3.7301175656984786,10.351284931273911,3.7176310176262404e-16,2.1533020107711538e-14,1.3991131754094261e-14,AXL/APOE/C1QTNF1/CD59/COMP/EDN1/CPB2/F10/F7/F9/C4BPB/F11/F13B/FGA/FAP/F3/GAS6/CEACAM1/ENTPD2/GLA/F2/IL6ST/ITGA2/FGL1/F12/IL6/KLKB1/MERTK/ADAMTS13/PDGFRA/PLAU/PLAUR/PLAT/PLG/PROC/PROS1/NOS3/SERPINA1/HRG/SERPINC1/SERPIND1/SERPINF2/TFPI/THBD/TFPI2/SERPING1/IL6R/TYRO3/TSPAN8/VWF,50
3,GO:0048771,tissue remodeling,44/1056,191/18986,0.23036649214659685,4.141797556719023,10.590606485396584,3.9054128241120626e-16,2.2369336786997426e-14,1.4534530533712965e-14,ACP5/ACVRL1/ADAM8/AGER/AXL/CD38/CBS/BGLAP/CST3/CSPG4/CTHRC1/CSF1R/CALCA/EGFR/EPHA2/FLT4/CEACAM1/DBH/GPNMB/IL12B/IL6/LEP/LEPR/NPPC/NOTCH2/PLG/NOS3/PTN/RSPO3/HRG/SFRP1/SPP1/THBS4/TIMP1/TNFRSF11A/LTBP3/TNFRSF11B/TF/TIE1/IL15/PTH/TFRC/TNFSF11/UMOD,44
3,GO:0002455,humoral immune response mediated by circulating immunoglobulin,24/1056,56/18986,0.42857142857142855,7.705357142857142,12.195166551099994,4.690369452982489e-16,2.6570169813323878e-14,1.726403192526348e-14,C1R/C1RL/C1S/C3/C2/CD46/CD55/C5/C8B/CFI/CR1/CR2/C1QA/CLU/FCER2/C4BPB/C9/LTA/NCR3LG1/PTPRC/TNF/SERPING1/TREM2/C7,24
3,GO:0042102,positive regulation of T cell proliferation,32/1056,104/18986,0.3076923076923077,5.532051282051283,11.246945832509802,5.969442245657491e-16,3.344834214822213e-14,2.1733140990482994e-14,AGER/CD274/CD28/CD46/CD276/CD55/CD80/CD209/CD86/EPO/HAVCR2/ICOSLG/IGFBP2/IL12B/IL12RB1/IL2RA/IL6ST/IL6/LEP/LGALS9/LILRB2/KITLG/PDCD1LG2/PTPRC/SLAMF1/TGFBR2/TNFRSF13C/VCAM1/IL15/TFRC/TNFSF13B/XCL1,32
3,GO:0043086,negative regulation of catalytic activity,75/1056,486/18986,0.15432098765432098,2.774562757201646,9.617689414204358,6.492305715223856e-16,3.598692038922471e-14,2.3382588325797744e-14,AMBP/ADIPOQ/APOC1/ANGPTL4/APCS/APOE/ANGPTL3/CD300A/CD109/APOA2/COL6A3/CR1/CST3/CST6/ENG/EPHA1/FABP1/ECM1/GAS6/CEACAM1/GLA/GZMA/HEG1/CST7/LAMP3/LILRB4/ITIH3/LRP1/FETUB/MSTN/NOTCH1/ITIH4/PALM/PI16/PLAUR/PI3/PTPRC/RECK/SERPINA1/SERPINA4/SERPINA3/SERPINA5/SERPINA6/SERPINC1/SERPIND1/SERPINF1/SERPINF2/SMPD1/SPINK1/SPINK5/SPINT1/PZP/TFPI/PTX3/TFPI2/THY1/TIMP1/SPINK2/TNF/KLRK1/SERPING1/WFDC2/IFIT1/IFNG/SERPINA11/SERPINA7/SERPINA9/SERPINI1/SPINK4/SPINK6/SPOCK1/TIMP4/WFDC12/WFIKKN1/WFIKKN2,75
3,GO:0032946,positive regulation of mononuclear cell proliferation,38/1056,148/18986,0.25675675675675674,4.616272522522522,10.718196824119651,9.12442032981427e-16,5.003870936190698e-14,3.251277210466854e-14,AGER/CD274/CD28/CD38/CD46/CD276/CD55/CD74/CD80/CD209/CD86/CSF1/EPO/HAVCR2/ICOSLG/IGFBP2/IL12B/IL12RB1/IL2RA/IL6ST/IL6/LEP/LGALS9/LILRB2/KITLG/PDCD1LG2/PTPRC/SLAMF1/ST6GAL1/TGFBR2/TNFRSF4/TNFRSF13C/VCAM1/FCRL3/IL15/TFRC/TNFSF13B/XCL1,38
3,GO:0050727,regulation of inflammatory response,70/1056,438/18986,0.1598173515981735,2.873382800608828,9.626361247705255,1.0096978314744578e-15,5.4789392855271894e-14,3.5599540163454013e-14,ACE2/ACP5/ADAM8/AGER/APOA1/AHSG/ADIPOQ/APCS/APOE/C3/CCL3/CCN3/CCN4/CD28/CD200/CDH5/CX3CL1/CTSC/CXCL17/FABP4/CD200R1/FURIN/GGT1/GRN/CST7/HGF/IDO1/IL12B/IL1R1/IL2RA/IL6ST/F12/IL6/KLKB1/LDLR/LGALS1/LILRA5/LPL/MVK/LTA/NT5E/IL22/OSMR/PGLYRP1/PROC/LBP/REG3A/PTPRC/SEMA7A/SIGLEC10/SELE/TNFRSF11A/TNF/SLAMF8/TNFRSF1A/TNFRSF1B/TEK/TYRO3/TNC/TREM2/IFNG/IL15/IL1RL2/MMP3/PLA2G10/PLA2G7/SCGB1A1/SIRPA/TNFSF11/XCL1,70
3,GO:0034113,heterotypic cell-cell adhesion,25/1056,63/18986,0.3968253968253968,7.134589947089947,11.836081139149593,1.0368770323936126e-15,5.567813647905284e-14,3.617700347671574e-14,AGER/APOA1/ADIPOQ/CD200/CD58/CEACAM6/DSC2/CXADR/DSG2/FGA/CD200R1/IL1RN/ITGA5/ITGAM/ITGAV/ITGB1/ITGB2/ITGB7/LILRB2/NRCAM/PTPRC/THY1/TNF/VCAM1/SIRPA,25
3,GO:0050673,epithelial cell proliferation,74/1056,482/18986,0.15352697095435686,2.7602869986168743,9.499949695558405,1.3552363308750633e-15,7.202312665629847e-14,4.679720026960881e-14,ACVRL1/APOA1/B2M/B4GALT1/BMPER/APOE/CCL11/ANG/CCN3/CD34/CD109/CDH3/BMP4/BGLAP/AREG/CALCA/EGFR/ENG/EPHA2/CPB2/ERBB2/EGFL7/ECM1/FAP/F3/FGFR2/FLT4/CEACAM1/DBH/ERN1/GRN/HGF/HSPG2/FLT1/FST/IGFBP4/IL12B/GDF2/FGFBP1/FGL1/KIT/KLK8/IL6/KDR/LEP/NOTCH1/MMP12/NRP1/NRP2/LRG1/NOTCH2/IGFBP3/LAMB1/REG3A/PTPRM/ROBO1/PTN/SCG2/SERPINF1/SFRP1/SPINK1/SLURP1/CRNN/TGFA/TGFBR3/THBS4/TNF/TEK/TIE1/VEGFB/REG3G/TACSTD2/TNFSF11/YAP1,74
3,GO:0007157,heterophilic cell-cell adhesion via plasma membrane cell adhesion molecules,22/1056,48/18986,0.4583333333333333,8.240451388888888,12.188950679270837,1.3735947822820707e-15,7.225388880269464e-14,4.694713853084371e-14,ALCAM/AMIGO2/CDH2/CEACAM5/CEACAM6/CD209/CEACAM19/CRTAM/CXADR/CDH4/ICAM1/IGSF21/ITGA5/NECTIN4/ITGAL/REG3A/SCARF2/SELE/VCAM1/PVR/SELL/UMOD,22
3,GO:0002822,regulation of adaptive immune response based on somatic recombination of immune receptors built from immunoglobulin superfamily domains,45/1056,206/18986,0.21844660194174756,3.927487864077669,10.252458845389818,1.5088089357165537e-15,7.856474811736197e-14,5.104763459277059e-14,AGER/B2M/C3/CD274/CD28/CD4/CD46/CD55/CD80/CD1C/CR1/CLEC6A/CR2/CLEC7A/CD7/FCER2/C4BPB/CEACAM1/HAVCR2/IL12B/IL12RB1/IL18R1/IL1R1/IL7R/IL4R/KLRD1/IL6/LGALS1/LILRB1/LILRB4/LTA/NECTIN2/PDCD1/PTPRC/CLEC4G/SLAMF1/TNF/TNFRSF1B/TNFSF13/ULBP2/TREM2/PVR/TFRC/TNFSF13B/XCL1,45
3,GO:0042742,defense response to bacterium,60/1056,342/18986,0.17543859649122806,3.1542397660818713,9.756289066298821,1.5895844890552034e-15,8.194308041079573e-14,5.3242714149196404e-14,ACP5/ADM/B2M/ANG/CD160/CD4/CFP/CLEC4D/COLEC12/CALCA/EPHA2/FGA/CHGA/GNLY/GRN/CXCL13/HAVCR2/F2/CCL20/IL12B/IL7R/FCN2/KLK7/IL6/LCN2/LGALS4/LTA/NCR3LG1/NOTCH2/PGLYRP1/NPY/PRG2/PI3/LBP/RARRES2/RNASE1/RNASE4/RNASE6/S100A14/SPINK5/MMP7/SPON2/SSC5D/TNF/TNFRSF14/SLAMF8/TNFRSF1A/KLRK1/TF/IL6R/TNFSF8/TREM2/WFDC2/JCHAIN/REG3G/SFTPD/STAB2/UMOD/VGF/WFDC12,60
3,GO:0071621,granulocyte chemotaxis,35/1056,129/18986,0.2713178294573643,4.878068475452196,10.725588799877173,1.988939649390226e-15,1.0151469200600607e-13,6.59594159912423e-14,ADGRE2/BSG/CCL11/CCL14/CCL18/CCL22/CCL23/CCL3/CCL7/CCL21/CCL15/CCL16/CD74/CCL25/CSF1/CXCL10/CX3CL1/CSF1R/CXADR/CXCL17/EDN1/CXCL9/DPP4/CXCL13/ITGB2/CSF3R/LGALS3/MSTN/LBP/RARRES2/S100A14/SCG2/SLAMF1/THBS4/XCL1,35
3,GO:0042327,positive regulation of phosphorylation,73/1056,479/18986,0.1524008350730689,2.740040013917884,9.360651889698362,3.154744867550009e-15,1.594383312962774e-13,1.0359544033585272e-13,AGER/ADIPOQ/ADAM9/C3/ANG/CCN1/CD4/CD74/CD80/BMP4/AREG/CLEC6A/CSPG4/CHI3L1/CX3CL1/CSF1R/EDN1/CALCA/EFNA1/EGFR/EPHA4/ERBB2/FAM20A/EPO/FAS/FLT4/ENPP2/GAS6/GCG/GHR/ARHGEF5/CLSPN/GFRA1/ERN1/GPNMB/FLT1/F2/ERBB4/ITGA5/KIT/IL6/KDR/LEP/LILRA5/KITLG/NRP1/LEPR/NTRK2/NTRK3/DSCAM/NOS1/PILRB/PLAUR/RARRES2/PTPRC/ROBO1/RSPO1/TGFA/THBS4/TNFRSF10A/TNFRSF10B/TNFRSF11A/TNF/TF/TEK/IL6R/TREM2/VEGFB/IFNG/IL15/NTF3/TFRC/TNFSF11,73
3,GO:0016485,protein processing,49/1056,246/18986,0.1991869918699187,3.5812161246612466,9.889042532401179,4.02626009823082e-15,2.015084544308726e-13,1.3093060431855362e-13,ACE2/ADAM8/ADAM9/C1R/C1RL/BCHE/CNTN2/CPM/COMP/CTSL/CTSS/CTSZ/CLEC3B/DPP4/CPB2/F7/F9/CTSE/F11/FGA/F3/FURIN/GGT1/GSN/HJV/IL1R2/F12/CD5L/KLK1/KLK13/KLK6/KLKB1/MME/ADAMTS13/MELTF/PCSK9/PLAU/PLAUR/MEP1A/PLAT/PLG/CPE/KEL/SERPINF2/SPON1/THBD/MASP1/PLA2G7/REN,49
3,GO:1901342,regulation of vasculature development,62/1056,369/18986,0.16802168021680217,3.0208897922312556,9.513669911974656,4.31982380989518e-15,2.141220359616313e-13,1.3912630934298043e-13,ACVRL1/ADAM12/ADM/ANGPTL4/ANGPT2/BMPER/C3/CCL11/ANGPTL3/CD160/CD34/CDH5/CHI3L1/CXCL10/DDAH1/DCN/CX3CL1/DLL1/EFNA1/ENG/EPHA1/EPHA2/ADGRB3/ERBB2/ECM1/F3/CEACAM1/GRN/CXCL13/HSPB6/HSPG2/HYAL1/GPNMB/FLT1/GDF2/ISM1/ITGA5/ITGB1/IL6/KDR/LEP/ANGPTL7/FASLG/NRP1/LRG1/NOS3/PTPRM/RECK/HRG/SERPINF1/OPTC/SFRP1/SMOC2/SPINK5/TAFA5/TGFBR2/THBS2/THBS4/TNF/TEK/TIE1/VEGFB,62
3,GO:0045765,regulation of angiogenesis,61/1056,360/18986,0.16944444444444445,3.0464699074074075,9.513579003058409,4.850429756938317e-15,2.381330037811145e-13,1.5472749359977668e-13,ACVRL1/ADAM12/ADM/ANGPTL4/ANGPT2/BMPER/C3/CCL11/ANGPTL3/CD160/CD34/CDH5/CHI3L1/CXCL10/DDAH1/DCN/CX3CL1/DLL1/EFNA1/ENG/EPHA1/EPHA2/ADGRB3/ERBB2/ECM1/F3/CEACAM1/GRN/CXCL13/HSPB6/HSPG2/HYAL1/GPNMB/FLT1/GDF2/ISM1/ITGA5/ITGB1/IL6/KDR/LEP/FASLG/NRP1/LRG1/NOS3/PTPRM/RECK/HRG/SERPINF1/OPTC/SFRP1/SMOC2/SPINK5/TAFA5/TGFBR2/THBS2/THBS4/TNF/TEK/TIE1/VEGFB,61
3,GO:0051960,regulation of nervous system development,71/1056,463/18986,0.15334773218142547,2.757064434845212,9.289014383972148,5.553764229243418e-15,2.700910811485832e-13,1.7549233145434517e-13,ACAN/AGRN/B2M/BAIAP2/BCAN/CCL11/AMIGO2/CDH1/CDON/CX3CL1/CTSC/DLL1/DRAXIN/EGFR/EPHA4/ADGRB3/CLSTN3/FLRT2/FN1/CDH4/CST7/CLSTN2/F2/IL6ST/ITGB1/JAM2/KIAA0319/ISLR2/KIT/IL6/LDLR/L1CAM/GFAP/LRTM2/LRRN1/MME/LTA/NCAN/NOTCH1/NRP1/NTRK2/DSCAM/OXT/PLXNB2/NEFL/PTPRS/RGMA/PRTG/PTPRZ1/ROBO1/ROBO2/PTN/RTN4R/SEMA3F/SERPINF1/SEMA7A/SPINT1/SLITRK2/SLITRK1/SLITRK6/SPP1/THBS2/THY1/TNF/TNFRSF1B/TNFRSF21/TREM2/IFNG/TNR/VCAN/YAP1,71
3,GO:0008037,cell recognition,38/1056,156/18986,0.24358974358974358,4.379540598290599,10.285891104799882,5.878029259701501e-15,2.831891666706658e-13,1.8400284411579124e-13,B4GALT1/CCL21/CD5/CFP/CD209/CNTN4/CNTN2/COLEC12/CRTAM/CLEC7A/CNTNAP2/EPHA4/CLEC4M/C4BPB/FOLR1/FOLR2/FCN1/HAVCR2/IGSF9/CRTAC1/FCN2/LGALS3/FETUB/MEGF10/NCAM2/NRP1/NRCAM/DSCAM/PCDH12/LBP/ROBO1/ROBO2/ROBO4/SPON2/PTX3/TNFRSF21/TREM2/VCAN,38
3,GO:0002688,regulation of leukocyte chemotaxis,34/1056,126/18986,0.2698412698412698,4.851521164021164,10.526738439749192,5.9936323789201274e-15,2.8608495290123387e-13,1.8588438820393612e-13,CCL3/CCL7/CCN3/CCL21/CD74/C5/CSF1/CXCL10/CSF1R/CXCL17/EDN1/DPP4/F7/GAS6/CXCL13/IL6/LGALS9/MSTN/NBL1/MTUS1/PGF/LBP/RARRES2/PTN/S100A14/SLAMF1/THBS4/SLAMF8/KLRK1/IL6R/VEGFB/PLA2G7/VEGFD/XCL1,34
3,GO:0070374,positive regulation of ERK1 and ERK2 cascade,43/1056,197/18986,0.2182741116751269,3.9243866328257186,10.012976226441424,6.654805302223753e-15,3.147295535134261e-13,2.0449628654443248e-13,AGER/BMPER/APOE/CCL3/CCL21/CD4/ACTA2/CD74/BMP4/CHI3L1/CX3CL1/CSF1R/CXCL17/EGFR/EPO/FGF21/FGA/FGFR2/FLT4/GAS6/GCG/HAVCR2/FGF23/ICAM1/GPNMB/ERBB4/KDR/LGALS9/MARCO/NOTCH1/NRP1/NOTCH2/PDGFRA/PTPRC/SERPINF2/SEMA7A/SLAMF1/TNFRSF11A/TNF/TEK/TREM2/VEGFB/TNFSF11,43
3,GO:0001934,positive regulation of protein phosphorylation,70/1056,455/18986,0.15384615384615385,2.7660256410256414,9.253379848410441,7.356294357582887e-15,3.4474270375763444e-13,2.23997403309366e-13,AGER/ADIPOQ/ADAM9/C3/CCN1/CD4/CD74/CD80/BMP4/AREG/CLEC6A/CSPG4/CHI3L1/CX3CL1/CSF1R/EDN1/CALCA/EFNA1/EGFR/EPHA4/ERBB2/FAM20A/EPO/FAS/FLT4/ENPP2/GAS6/GCG/GHR/ARHGEF5/CLSPN/GFRA1/ERN1/GPNMB/FLT1/F2/ERBB4/ITGA5/KIT/IL6/KDR/LEP/LILRA5/KITLG/NRP1/LEPR/NTRK2/NTRK3/NOS1/PILRB/PLAUR/RARRES2/PTPRC/ROBO1/RSPO1/TGFA/THBS4/TNFRSF10A/TNFRSF10B/TNFRSF11A/TNF/TEK/IL6R/TREM2/VEGFB/IFNG/IL15/NTF3/TFRC/TNFSF11,70
3,GO:0070372,regulation of ERK1 and ERK2 cascade,54/1056,296/18986,0.18243243243243243,3.279983108108108,9.594447025941498,7.845296780439738e-15,3.6434689101952116e-13,2.367352712694097e-13,ACE2/AGER/ADIPOQ/BMPER/APOE/CCL3/CCN1/CCL21/CD4/ACTA2/CD74/BMP4/CHI3L1/CX3CL1/CSF1R/CXCL17/EGFR/EPHA2/EPHA4/ERBB2/DUSP29/EPO/FGF21/FGA/FGFR2/FLT4/FN1/GAS6/CEACAM1/GCG/HAVCR2/FGF23/ICAM1/GPNMB/ERBB4/KDR/LGALS9/MARCO/NOTCH1/NRP1/NOTCH2/PDGFRA/PTPRR/PTPRC/SERPINF2/SEMA7A/SLAMF1/TNFRSF11A/TNF/TEK/TREM2/VEGFB/SIRPA/TNFSF11,54
3,GO:0030098,lymphocyte differentiation,67/1056,426/18986,0.1572769953051643,2.8277093114241,9.259127256972196,9.490758627951091e-15,4.368291136347132e-13,2.8383077024568023e-13,ADAM8/AXL/B2M/CD27/CD28/CD4/CD46/CD74/CD79B/CD80/CD83/CDH17/BMP4/CLEC4D/CD86/CR1/CD8A/CR2/CTSL/CRTAM/DLL1/ERBB2/GAS6/IL12B/IL12RB1/IL15RA/IL18R1/IL2RA/IL6ST/IL7R/ITGB1/IL4R/KIT/IL6/LEP/LGALS1/LAG3/LGALS9/LILRB4/LY9/MERTK/LY6D/LILRB2/LEPR/NFATC3/NOTCH2/PGLYRP1/PTPRC/CLEC4G/SLAMF1/SLAMF6/SFRP1/SPINK5/TGFBR2/SLAMF8/TNFRSF9/IL6R/TYRO3/TNFSF8/VCAM1/FCRL3/IFNG/IL15/IL1RL2/ITM2A/TNFSF13B/VNN1,67
3,GO:0006958,"complement activation, classical pathway",20/1056,42/18986,0.47619047619047616,8.561507936507935,11.905409281053204,1.074244628075269e-14,4.900646953741603e-13,3.1842071788872907e-13,C1R/C1RL/C1S/C3/C2/CD46/CD55/C5/C8B/CFI/CR1/CR2/C1QA/CLU/C4BPB/C9/NCR3LG1/SERPING1/TREM2/C7,20
3,GO:0050671,positive regulation of lymphocyte proliferation,36/1056,145/18986,0.2482758620689655,4.463793103448276,10.160874436304468,1.6180642347146223e-14,7.316772921012173e-13,4.754090853981467e-13,AGER/CD274/CD28/CD38/CD46/CD276/CD55/CD74/CD80/CD209/CD86/EPO/HAVCR2/ICOSLG/IGFBP2/IL12B/IL12RB1/IL2RA/IL6ST/IL6/LEP/LGALS9/LILRB2/KITLG/PDCD1LG2/PTPRC/SLAMF1/TGFBR2/TNFRSF4/TNFRSF13C/VCAM1/FCRL3/IL15/TFRC/TNFSF13B/XCL1,36
3,GO:0051250,negative regulation of lymphocyte activation,39/1056,169/18986,0.23076923076923078,4.149038461538462,9.979142859263321,1.7587011882395328e-14,7.883569239456341e-13,5.122368129041825e-13,AXL/CD274/CD300A/CD74/CD80/BMP4/CD86/CR1/CRTAM/ERBB2/HAVCR2/IDO1/GPNMB/IL2RA/FGL1/IL4R/LGALS1/LGALS3/LAG3/LGALS9/LILRB1/LILRB4/MERTK/LILRB2/PDCD1/PGLYRP1/PDCD1LG2/CLEC4G/SFRP1/GAL/TNFRSF13B/TNFRSF14/TNFRSF21/TIGIT/TYRO3/VSIG4/SCGB1A1/SFTPD/XCL1,39
3,GO:0050878,regulation of body fluid levels,62/1056,381/18986,0.16272965879265092,2.9257436570428696,9.214955488928013,1.979059790213049e-14,8.794873464265747e-13,5.714490247239494e-13,ADM/AXL/APOE/C1QTNF1/CD59/CELSR2/COMP/DDR1/EDN1/EGFR/CPB2/F10/F7/F9/C4BPB/F11/F13B/FGA/FAP/F3/GAS6/CEACAM1/ENTPD2/AGR2/GLA/HEG1/F2/ERBB4/IL6ST/ITGA2/FGL1/F12/IL6/KLKB1/MERTK/ADAMTS13/PDGFRA/OXT/PLAU/PLAUR/PLAT/PLG/PROC/PROS1/NOS3/SERPINA1/HRG/SERPINC1/SERPIND1/SERPINF2/MUC2/SPINK1/TFPI/THBD/TFPI2/SERPING1/IL6R/TYRO3/SCT/TSPAN8/UMOD/VWF,62
3,GO:0018108,peptidyl-tyrosine phosphorylation,43/1056,204/18986,0.2107843137254902,3.7897263071895426,9.721938703205645,2.4626031986734534e-14,1.0850187597574062e-12,7.049935562914017e-13,ADIPOQ/CD4/CD80/AREG/CLEC6A/CSPG4/DDR1/CSF1R/EFEMP1/EFNA1/EGFR/EPHA1/EPHA4/ERBB2/FGFR2/FLT4/ENPP2/GHR/GFRA1/FLT1/IGF1R/ERBB4/ITGA5/ITGB2/KIT/IL6/KDR/LILRA5/LILRB4/KITLG/NRP1/PDGFRA/PTPRC/HRG/SFRP1/TGFA/THBS4/IL6R/TREM2/VEGFB/IFNG/IL15/NTF3,43
3,GO:0071675,regulation of mononuclear cell migration,36/1056,147/18986,0.24489795918367346,4.403061224489796,10.051864414280299,2.5539316354857742e-14,1.1157218288923023e-12,7.249429495196908e-13,ADAM8/AGER/APOD/CCL3/CCL7/CCN3/CCL21/CD200/CD99L2/C5/CSF1/CXCL10/CX3CL1/CSF1R/CXCL17/CD200R1/ECM1/GAS6/CXCL13/CCL20/JAM2/LGALS3/LGALS9/MSTN/NBL1/MTUS1/RARRES2/S100A14/SLAMF1/TNF/TNFRSF14/SLAMF8/KLRK1/TREM2/PLA2G7/XCL1,36
3,GO:0018212,peptidyl-tyrosine modification,43/1056,206/18986,0.2087378640776699,3.7529328478964397,9.64114354614835,3.536441311648074e-14,1.5319626018105733e-12,9.95396395724385e-13,ADIPOQ/CD4/CD80/AREG/CLEC6A/CSPG4/DDR1/CSF1R/EFEMP1/EFNA1/EGFR/EPHA1/EPHA4/ERBB2/FGFR2/FLT4/ENPP2/GHR/GFRA1/FLT1/IGF1R/ERBB4/ITGA5/ITGB2/KIT/IL6/KDR/LILRA5/LILRB4/KITLG/NRP1/PDGFRA/PTPRC/HRG/SFRP1/TGFA/THBS4/IL6R/TREM2/VEGFB/IFNG/IL15/NTF3,43
3,GO:0002263,cell activation involved in immune response,55/1056,319/18986,0.1724137931034483,3.0998563218390807,9.178987383679848,5.21615119823897e-14,2.2407716189101575e-12,1.4559467642803863e-12,ADGRE2/CCL3/CD160/CD244/CD28/CD300A/CD46/CD74/CD80/CD1C/CDH17/CLEC4D/CD86/CR1/DLL1/CHGA/CEACAM1/GRN/HAVCR2/ICAM1/IL12B/IL12RB1/IL18R1/IL6ST/ITGAM/ITGB2/IL4R/KIT/IL6/LGALS1/LGALS3/LGALS9/LILRA2/LILRB1/LRP1/LY9/GRP/NOTCH2/PGLYRP1/LAMP1/ITGAL/PTGDS/LBP/PTPRC/MILR1/SLAMF1/SLAMF6/TNF/TNFSF13/IL6R/TREM2/S100A13/IFNG/ITM2A/TFRC,55
3,GO:0042730,fibrinolysis,16/1056,27/18986,0.5925925925925926,10.65432098765432,12.182685082879336,5.484601737253731e-14,2.326122404214535e-12,1.5114036429038032e-12,CPB2/F11/FGA/FAP/F2/F12/KLKB1/PLAU/PLAUR/PLAT/PLG/PROS1/HRG/SERPINF2/THBD/SERPING1,16
3,GO:0016032,viral process,68/1056,452/18986,0.1504424778761062,2.704830383480826,8.90251942346786,5.5050811506144184e-14,2.326122404214535e-12,1.5114036429038032e-12,ACE2/ANPEP/APCS/AXL/BSG/BST2/APOE/CCL3/CD28/CD4/CD46/CD55/CD74/CD80/CD209/CD86/CR1/CR2/CTSL/CLEC5A/CSF1R/CXADR/DPP4/EGFR/EPHA2/CTSB/CLEC4M/FURIN/GAS6/CDK1/GSN/FCN1/ICAM1/IGF2R/ITGA5/ITGA2/ITGAV/IL32/ITGB1/ITGB7/LDLR/LGALS1/LAMP3/LGALS9/ITGB6/HAVCR1/MRC1/NCAM1/MOG/NECTIN2/NECTIN4/NOTCH1/NRP1/LAMP1/SCARB2/CLEC4G/SIGLEC1/SLAMF1/SMPD1/ST6GAL1/PTX3/TNF/TNFRSF14/TNFRSF4/TYRO3/IFIT1/PVR/TFRC,68
3,GO:0001503,ossification,68/1056,456/18986,0.14912280701754385,2.681103801169591,8.818330200803876,8.495734592315726e-14,3.560610717348583e-12,2.313515402032404e-12,AHSG/ATRAID/ASPN/BAMBI/CCL3/CCN1/CCN3/CCN4/ACHE/CBS/BMP4/BGLAP/AREG/CHRDL1/CLEC11A/COL1A1/CHRDL2/COMP/CRIM1/CSF1/CTHRC1/CLEC5A/CLEC3B/CALCA/EGFR/EPHA2/DMP1/ECM1/FGFR2/FSTL3/HGF/FGF23/IGFBP2/GDF2/ITGA11/IL6ST/IL6/LEP/KAZALD1/MYOC/NOTCH1/GRP/NPPC/PENK/PHOSPHO1/OXT/IGFBP3/PTN/SEMA7A/SFRP1/SMOC1/MMP13/PTPRB/STC1/SPP1/TNFRSF11A/TNF/LTBP3/TEK/NELL1/IL6R/TNC/SOST/PTH/SMAD5/TNFSF11/VCAN/YAP1,68
3,GO:0002366,leukocyte activation involved in immune response,54/1056,315/18986,0.17142857142857143,3.0821428571428573,9.043345553372982,1.1319998897273902e-13,4.706015670600561e-12,3.057745033202509e-12,ADGRE2/CCL3/CD160/CD244/CD28/CD300A/CD46/CD74/CD80/CD1C/CDH17/CLEC4D/CD86/CR1/DLL1/CHGA/CEACAM1/GRN/HAVCR2/ICAM1/IL12B/IL12RB1/IL18R1/IL6ST/ITGAM/ITGB2/IL4R/KIT/IL6/LGALS1/LGALS3/LGALS9/LILRA2/LILRB1/LY9/GRP/NOTCH2/PGLYRP1/LAMP1/ITGAL/PTGDS/LBP/PTPRC/MILR1/SLAMF1/SLAMF6/TNF/TNFSF13/IL6R/TREM2/S100A13/IFNG/ITM2A/TFRC,54
3,GO:0007409,axonogenesis,68/1056,459/18986,0.14814814814814814,2.66358024691358,8.755776395435046,1.1715758551297065e-13,4.797674608931267e-12,3.117300649470477e-12,ALCAM/APLP1/BAIAP2/B4GAT1/APOE/BOC/CDH1/CHL1/CNTN1/CNTN4/CNTN2/CSF1R/EDN1/DRAXIN/EFNA1/EFNA4/EPHA4/ERBB2/CNTN5/EPHB6/FGFR2/FLRT2/FN1/GLA/CDH4/GFRA3/HMCN2/IGF1R/IGSF9/ITGB1/KIAA0319/ISLR2/L1CAM/LRTM2/NCAM1/NELL2/NFASC/NOTCH1/NOTCH3/NRP1/NRCAM/NTRK2/NRP2/MATN2/DSCAM/NOTCH2/PLXNB2/NEFL/PTPRS/RGMA/PTPRM/PTPRZ1/RET/ROBO1/ROBO2/RTN4R/ROBO4/KEL/SEMA3F/SEMA7A/SLITRK2/SLITRK1/SLITRK6/SPP1/THY1/PLA2G10/SEMA4C/TNR,68
3,GO:0045123,cellular extravasation,25/1056,75/18986,0.3333333333333333,5.993055555555555,10.51445817350112,1.1726614951025017e-13,4.797674608931267e-12,3.117300649470477e-12,ADAM8/AGER/CCL21/CD99/CD99L2/CCL25/CX3CL1/GCNT1/ICAM1/IL1R1/ITGB1/JAM2/ITGB7/LEP/PODXL2/ITGAL/LYVE1/PRTN3/SELE/THY1/TNF/VCAM1/XG/SELL/SIRPA,25
3,GO:0031638,zymogen activation,22/1056,58/18986,0.3793103448275862,6.819683908045977,10.772292693407069,1.6520747773361618e-13,6.705862580447177e-12,4.357150386642078e-12,C1R/C1RL/CTSL/CTSZ/CLEC3B/CPB2/F9/F11/FGA/FURIN/GGT1/F12/CD5L/KLK1/KLKB1/MELTF/PLAU/PLAUR/PLAT/SERPINF2/THBD/MASP1,22
3,GO:0032963,collagen metabolic process,30/1056,111/18986,0.2702702702702703,4.8592342342342345,9.896149851871433,2.259445807897866e-13,9.09956495290117e-12,5.912464276916948e-12,ADAM15/BMP4/COL1A1/COL5A1/CST3/CTSL/CTSS/ENG/CTSB/FAP/FURIN/F2/ITGA2/ITGB1/KLK6/IL6/MFAP4/NOTCH1/MMP12/NPPC/PCOLCE/PRTN3/SERPINF2/MMP10/MMP7/MMP13/IL6R/MMP3/PEPD/TNXB,30
3,GO:0002920,regulation of humoral immune response,20/1056,48/18986,0.4166666666666667,7.491319444444445,10.927823184220996,2.5411689724518555e-13,1.0154826397666137e-11,6.598122946015344e-12,C3/CD46/CD55/CD59/CFH/CR1/CR2/FCER2/C4BPB/CXCL13/CD5L/KLK7/LTA/PTPRC/SPINK5/TNF/SERPING1/TREM2/VSIG4/MASP1,20
3,GO:0051897,positive regulation of phosphatidylinositol 3-kinase/protein kinase B signal transduction,40/1056,192/18986,0.20833333333333334,3.7456597222222223,9.279719116844854,2.965333778865024e-13,1.170542938573058e-11,7.60563097767006e-12,ADAM8/AXL/C1QTNF1/CCL3/CCL21/CD28/CHI3L1/DCN/CX3CL1/DDR1/CSF1R/EGFR/ENG/ERBB3/FN1/GAS6/GDF15/HGF/FLT1/IGF1R/F2/ERBB4/ITGB1/KIT/KDR/LEP/MERTK/MYOC/NTRK2/NTRK3/PDGFRA/PROS1/RET/ROR1/TNF/TEK/TYRO3/TREM2/VEGFB/TNFSF11,40
3,GO:0006957,"complement activation, alternative pathway",13/1056,18/18986,0.7222222222222222,12.984953703703704,12.345507790790524,2.997316544939741e-13,1.170542938573058e-11,7.60563097767006e-12,C3/C5/C8B/CFB/CFD/CFH/CFHR5/CFP/CR1/CR2/C9/VSIG4/C7,13
3,GO:0051917,regulation of fibrinolysis,13/1056,18/18986,0.7222222222222222,12.984953703703704,12.345507790790524,2.997316544939741e-13,1.170542938573058e-11,7.60563097767006e-12,CPB2/F11/FAP/F2/F12/KLKB1/PLAU/PLAUR/PLAT/PLG/HRG/SERPINF2/THBD,13
3,GO:0045807,positive regulation of endocytosis,36/1056,159/18986,0.22641509433962265,4.070754716981132,9.436267494626353,3.3155434694685795e-13,1.285084705647408e-11,8.34986887206096e-12,APOA1/AHSG/AXL/B2M/APOE/C3/C2/CCL21/CD14/CD300LF/APOA2/CFP/CLEC7A/DLL1/CLU/GAS6/FCN1/IL15RA/ITGA2/FCN2/LRP1/MERTK/PCSK9/PTPRC/SELE/SFRP4/SMPD1/SIRPB1/PTX3/TF/TREM2/IFNG/IL15/NTF3/SFTPD/SIRPA,36
3,GO:0006898,receptor-mediated endocytosis,49/1056,275/18986,0.1781818181818182,3.203560606060606,8.93284837305297,3.5451150796944357e-13,1.3638110623749862e-11,8.861395273831653e-12,ACE2/ADM/ADIPOQ/APOC1/ASGR1/B2M/APOE/C3/ACHE/CCL21/CD14/CNTN2/CTSL/DLL1/CXCL16/CALCA/DPP4/CLU/CLEC4M/FCER2/FOLR1/CEACAM1/GHR/HSPG2/IGF2R/ITGAM/ITGAV/ITGB1/ITGB2/LDLR/LILRB1/LILRB4/LRP1/MARCO/MRC1/MSR1/PCSK9/LYVE1/RSPO1/SCARB2/SIGLEC1/SDC1/SELE/SFRP4/TF/NTF3/SFTPD/STAB2/TFRC,49
3,GO:1903038,negative regulation of leukocyte cell-cell adhesion,35/1056,153/18986,0.22875816993464052,4.112881263616558,9.382004409378615,5.118898374688672e-13,1.954660823816304e-11,1.2700455850494624e-11,ASS1/CCL21/CD274/CD300A/CD74/CD80/CCL25/BMP4/CD86/CR1/CRTAM/ERBB2/HAVCR2/IDO1/GPNMB/IL2RA/FGL1/IL4R/LGALS1/LGALS3/LAG3/LGALS9/LILRB1/LILRB4/LILRB2/PDCD1/PDCD1LG2/CLEC4G/TNFRSF14/TNFRSF21/TIGIT/VSIG4/SCGB1A1/SFTPD/XCL1,35
3,GO:1902105,regulation of leukocyte differentiation,55/1056,337/18986,0.1632047477744807,2.9342853610286843,8.694704689515616,5.370382816689693e-13,2.0356120161790712e-11,1.3226438175469508e-11,ADAM8/AGER/ADIPOQ/APCS/AXL/CCL3/CD27/CD28/CD4/CD46/CD74/CD80/CD83/BMP4/BGLAP/CD86/CR1/CSF1/CRTAM/CALCA/ERBB2/FSTL3/GAS6/CEACAM1/IL12B/IL12RB1/IL15RA/IL2RA/IL7R/IL4R/LGALS1/LAG3/LGALS9/LILRB1/LILRB4/LILRB2/KITLG/NOTCH2/PGLYRP1/PTPRC/CLEC4G/SFRP1/SPINK5/TGFBR2/TNFRSF11A/TNF/SLAMF8/TNFRSF11B/TREM2/FCRL3/IFNG/IL15/IL1RL2/TNFSF11/VNN1,55
3,GO:0002700,regulation of production of molecular mediator of immune response,40/1056,196/18986,0.20408163265306123,3.66921768707483,9.11582028509974,6.005551996988307e-13,2.2597533244142134e-11,1.468280173216811e-11,ACP5/APOA1/AXL/B2M/BST2/CD160/CD244/CD22/CD28/CD55/CD74/APOA2/CD86/CR1/CLEC7A/CD7/IL18R1/IL1R1/IL13RA1/IL4R/KLK7/KIT/IL6/LILRB1/LILRB4/MZB1/PRG2/PTPRC/SEMA7A/SLAMF1/SPINK5/SPON2/TNF/TNFRSF14/TNFRSF1B/TNFRSF4/TNFSF13/FCRL3/TFRC/XCL1,40
3,GO:0034103,regulation of tissue remodeling,26/1056,88/18986,0.29545454545454547,5.312026515151516,9.839249004551688,9.292292597081443e-13,3.4711426331851334e-11,2.2553832985441002e-11,ADAM8/AGER/CD38/BGLAP/CST3/CSF1R/CALCA/EGFR/FLT4/CEACAM1/GPNMB/IL12B/IL6/LEP/LEPR/HRG/SFRP1/SPP1/THBS4/TNFRSF11A/LTBP3/TNFRSF11B/TF/IL15/TFRC/TNFSF11,26
3,GO:0002690,positive regulation of leukocyte chemotaxis,27/1056,95/18986,0.28421052631578947,5.1098684210526315,9.745617492797333,9.55523105963145e-13,3.543684612402887e-11,2.302517624517022e-11,CCL3/CCL7/CCL21/CD74/CSF1/CXCL10/CSF1R/CXCL17/EDN1/F7/GAS6/CXCL13/IL6/LGALS9/MSTN/PGF/LBP/RARRES2/PTN/S100A14/SLAMF1/THBS4/IL6R/VEGFB/PLA2G7/VEGFD/XCL1,27
3,GO:0072677,eosinophil migration,16/1056,31/18986,0.5161290322580645,9.279569892473118,11.19628240558869,1.0232485081279694e-12,3.767747185285487e-11,2.4481028217016535e-11,ADAM8/CCL11/CCL14/CCL18/CCL22/CCL23/CCL3/CCL7/CD300A/CCL15/CCL16/CCL25/CX3CL1/LGALS3/SCG2/XCL1,16
3,GO:0007411,axon guidance,44/1056,236/18986,0.1864406779661017,3.3520480225988702,8.823657967461687,1.1470712745267033e-12,4.193725120698692e-11,2.7248830127241287e-11,ALCAM/B4GAT1/BOC/CHL1/CNTN1/CNTN4/CNTN2/CSF1R/EDN1/DRAXIN/EFNA1/EFNA4/EPHA4/ERBB2/CNTN5/EPHB6/FLRT2/CDH4/GFRA3/HMCN2/IGSF9/L1CAM/LRTM2/NCAM1/NELL2/NFASC/NOTCH1/NOTCH3/NRP1/NRCAM/NRP2/MATN2/DSCAM/NOTCH2/PTPRM/RET/ROBO1/ROBO2/ROBO4/SEMA3F/SEMA7A/PLA2G10/SEMA4C/TNR,44
3,GO:0032496,response to lipopolysaccharide,56/1056,354/18986,0.15819209039548024,2.8441619585687388,8.49998320196806,1.2276676147638915e-12,4.45677926345624e-11,2.8958030764853244e-11,ACP5/ADM/ADAM9/AXL/B2M/ASS1/C2/CD274/CD14/CD55/CD80/CD86/CXCL10/CX3CL1/EDN1/CXCL9/EPO/FGFR2/CXCL13/FCAR/HAVCR2/IDO1/IL12B/IL18BP/IL6/LGALS9/LILRA2/LILRB1/LILRB2/MRC1/LY96/FASLG/LTA/ADAMTS13/NOTCH1/NOS1/PENK/PDCD1LG2/LBP/NOS3/S100A14/SELE/SPON2/THBD/TNFRSF11A/TNF/TNFRSF1B/KLRK1/TREM2/VCAM1/MMP3/NFKB2/REN/SCGB1A1/SIRPA/UMOD,56
3,GO:0097485,neuron projection guidance,44/1056,237/18986,0.18565400843881857,3.337904360056259,8.789394839834753,1.3347676846774556e-12,4.8116974926659326e-11,3.1264120520012246e-11,ALCAM/B4GAT1/BOC/CHL1/CNTN1/CNTN4/CNTN2/CSF1R/EDN1/DRAXIN/EFNA1/EFNA4/EPHA4/ERBB2/CNTN5/EPHB6/FLRT2/CDH4/GFRA3/HMCN2/IGSF9/L1CAM/LRTM2/NCAM1/NELL2/NFASC/NOTCH1/NOTCH3/NRP1/NRCAM/NRP2/MATN2/DSCAM/NOTCH2/PTPRM/RET/ROBO1/ROBO2/ROBO4/SEMA3F/SEMA7A/PLA2G10/SEMA4C/TNR,44
3,GO:0050868,negative regulation of T cell activation,32/1056,134/18986,0.23880597014925373,4.293532338308458,9.285017587602132,1.4659130509075386e-12,5.2477651232141405e-11,3.409748046774699e-11,CD274/CD300A/CD74/CD80/BMP4/CD86/CR1/CRTAM/ERBB2/HAVCR2/IDO1/GPNMB/IL2RA/FGL1/IL4R/LGALS1/LGALS3/LAG3/LGALS9/LILRB1/LILRB4/LILRB2/PDCD1/PDCD1LG2/CLEC4G/TNFRSF14/TNFRSF21/TIGIT/VSIG4/SCGB1A1/SFTPD/XCL1,32
3,GO:0050672,negative regulation of lymphocyte proliferation,26/1056,90/18986,0.28888888888888886,5.193981481481481,9.67854198059099,1.6583277308008726e-12,5.895641001571377e-11,3.830706961457986e-11,CD274/CD300A/CD80/BMP4/CD86/CR1/CRTAM/ERBB2/HAVCR2/IDO1/GPNMB/IL2RA/LGALS9/LILRB1/LILRB4/LILRB2/PDCD1LG2/CLEC4G/GAL/TNFRSF13B/TNFRSF14/TNFRSF21/VSIG4/SCGB1A1/SFTPD/XCL1,26
3,GO:0001910,regulation of leukocyte mediated cytotoxicity,27/1056,98/18986,0.2755102040816326,4.9534438775510194,9.522319384075272,2.164789017370761e-12,7.6434845099632e-11,4.966372496952964e-11,AGER/B2M/CD160/CD1C/CRTAM/CEACAM1/HAVCR2/ICAM1/IL12B/IL12RB1/ITGAM/IL7R/KLRB1/KLRD1/LEP/LAG3/LGALS9/LILRB1/NCR1/NECTIN2/LAMP1/PTPRC/SLAMF6/KLRK1/ULBP2/PVR/XCL1,27
3,GO:0032945,negative regulation of mononuclear cell proliferation,26/1056,92/18986,0.2826086956521739,5.081068840579709,9.522544127308919,2.9072495136167906e-12,1.0195150505234392e-10,6.624323632172309e-11,CD274/CD300A/CD80/BMP4/CD86/CR1/CRTAM/ERBB2/HAVCR2/IDO1/GPNMB/IL2RA/LGALS9/LILRB1/LILRB4/LILRB2/PDCD1LG2/CLEC4G/GAL/TNFRSF13B/TNFRSF14/TNFRSF21/VSIG4/SCGB1A1/SFTPD/XCL1,26
3,GO:0050918,positive chemotaxis,23/1056,72/18986,0.3194444444444444,5.7433449074074066,9.786026241412829,3.1057730276000404e-12,1.0817743214377168e-10,7.028854746673776e-11,AGER/ANGPT2/CCL3/CCL15/CCL16/BMP4/CXCL10/CX3CL1/F7/F3/HGF/GPNMB/ITGA2/KDR/LGALS3/MET/NRP1/NTRK3/PGF/SCG2/VEGFB/NTF3/VEGFD,23
3,GO:0034612,response to tumor necrosis factor,44/1056,243/18986,0.18106995884773663,3.2554869684499317,8.58758446089593,3.2486004495266842e-12,1.1239285447859098e-10,7.302752829667192e-11,APOA1/ADIPOQ/ADAM9/ASS1/CCL3/CD14/CD58/COL1A1/CRHBP/CHI3L1/EDA2R/EDN1/CXCL16/CALCA/FABP4/FAS/GAS6/GPD1/FCAR/HYAL1/IL18BP/KRT18/KRT8/ADAMTS13/SELE/SFRP1/SMPD1/TNFRSF11A/TNF/TNFRSF14/TNFRSF19/TNFRSF1A/TNFRSF1B/TNFRSF21/TNFRSF4/TNFRSF13C/TNFRSF11B/TNFRSF17/VCAM1/POSTN/PYDC1/TNFSF11/TNFSF13B/UMOD,44
3,GO:0002456,T cell mediated immunity,32/1056,138/18986,0.2318840579710145,4.169082125603865,9.067498984650522,3.4421748693341546e-12,1.1829607634278378e-10,7.686316094190372e-11,AGER/B2M/CD274/CD46/CD55/CD80/CD1C/CR1/CD8A/CR2/CTSC/CD7/CEACAM1/ICAM1/IL12B/IL12RB1/IL18R1/IL1R1/IL7R/KLRD1/IL6/LILRB1/LILRB4/NECTIN2/PDCD1/PTPRC/CLEC4G/SLAMF1/TNFRSF1B/ULBP2/PVR/XCL1,32
3,GO:0150076,neuroinflammatory response,25/1056,86/18986,0.29069767441860467,5.226501937984496,9.533371366930044,3.806171321488778e-12,1.2993916001506394e-10,8.442828264187726e-11,AGER/CCL3/CD200/CX3CL1/CTSC/C1QA/EGFR/CLU/CD200R1/GRN/CST7/IFNGR1/IFNGR2/ITGAM/ITGB1/ITGB2/IL6/LDLR/LRP1/PTPRC/TNF/TNFRSF1B/TREM2/IFNG/MMP3,25
3,GO:0002237,response to molecule of bacterial origin,57/1056,375/18986,0.152,2.7328333333333332,8.224976919827244,4.1320003124248335e-12,1.4013461585888168e-10,9.105280466853062e-11,ACP5/ADM/ADAM9/AXL/B2M/ASS1/C2/CD274/CD14/CD55/CD80/CD86/CXCL10/CX3CL1/EDN1/CXCL9/EPO/FGFR2/CXCL13/FCAR/HAVCR2/IDO1/IL12B/IL18BP/IL6/LGALS9/LILRA2/LILRB1/LILRB2/MRC1/LY96/FASLG/LTA/ADAMTS13/NOTCH1/NOS1/PENK/PDCD1LG2/LBP/NOS3/S100A14/SELE/SPON2/SSC5D/THBD/TNFRSF11A/TNF/TNFRSF1B/KLRK1/TREM2/VCAM1/MMP3/NFKB2/REN/SCGB1A1/SIRPA/UMOD,57
3,GO:0071677,positive regulation of mononuclear cell migration,26/1056,94/18986,0.2765957446808511,4.972960992907801,9.371009421525569,5.011341641362521e-12,1.6884618406028623e-10,1.0970821536164804e-10,ADAM8/AGER/CCL3/CCL7/CCL21/CD99L2/CSF1/CXCL10/CX3CL1/CSF1R/CXCL17/GAS6/CXCL13/CCL20/JAM2/LGALS3/LGALS9/MSTN/RARRES2/S100A14/SLAMF1/TNF/TNFRSF14/TREM2/PLA2G7/XCL1,26
3,GO:0031640,killing of cells of another organism,30/1056,124/18986,0.24193548387096775,4.349798387096775,9.08202632703994,5.118697624403056e-12,1.7023797583095325e-10,1.1061253542173532e-10,CCL11/CCL18/CCL22/CCL27/CCL21/CCL25/C5/C8B/CFHR2/CFHR5/CXCL10/CLEC7A/APOL1/CXCL9/FCER2/CHGA/GNLY/GZMA/GZMB/CXCL13/F2/CCL20/C9/GZMH/LGALS3/PGLYRP1/HRG/C7/IFNG/XCL1,30
3,GO:0141061,disruption of cell in another organism,30/1056,124/18986,0.24193548387096775,4.349798387096775,9.08202632703994,5.118697624403056e-12,1.7023797583095325e-10,1.1061253542173532e-10,CCL11/CCL18/CCL22/CCL27/CCL21/CCL25/C5/C8B/CFHR2/CFHR5/CXCL10/CLEC7A/APOL1/CXCL9/FCER2/CHGA/GNLY/GZMA/GZMB/CXCL13/F2/CCL20/C9/GZMH/LGALS3/PGLYRP1/HRG/C7/IFNG/XCL1,30
3,GO:0031102,neuron projection regeneration,21/1056,61/18986,0.3442622950819672,6.189549180327869,9.8519845137686,5.3108244270107855e-12,1.7549551231564487e-10,1.1402863243419919e-10,ADM/APOA4/APOD/EPHA4/FOLR1/GRN/IGF1R/KIAA0319/GFAP/MATN2/NEFL/OMG/PTPRF/PTPRS/RGMA/PTN/RTN4R/SPP1/THY1/TNC/TNR,21
3,GO:0001818,negative regulation of cytokine production,58/1056,388/18986,0.14948453608247422,2.687607388316151,8.150819470449184,5.3863395466706146e-12,1.7685719976488547e-10,1.1491339213882598e-10,ACP5/AGER/APOA1/ADIPOQ/APOD/AXL/BST2/CD274/CD200/CD34/CD83/APOA2/CR1/CX3CL1/DLL1/EPHA2/CD200R1/FN1/FURIN/GAS6/CEACAM1/HAVCR2/HGF/IDO1/GPNMB/F2/IL12B/IL1R2/INHBB/IL6/LAG3/LGALS9/LILRA5/LILRB1/LILRB4/MERTK/PGLYRP1/PDCD1LG2/PRG2/PTPRS/LBP/ORM1/PTPRC/SIGLEC1/SLAMF1/SSC5D/TNF/TNFRSF21/TIGIT/IL6R/TREM2/VSIG4/IFNG/PLA2G10/SCGB1A1/SFTPD/SIRPA/XCL1,58
3,GO:0042130,negative regulation of T cell proliferation,23/1056,74/18986,0.3108108108108108,5.58811936936937,9.596855457735543,5.912162680221471e-12,1.9289366213001064e-10,1.2533312224160374e-10,CD274/CD80/BMP4/CD86/CR1/CRTAM/ERBB2/HAVCR2/IDO1/GPNMB/IL2RA/LGALS9/LILRB1/LILRB4/LILRB2/PDCD1LG2/CLEC4G/TNFRSF14/TNFRSF21/VSIG4/SCGB1A1/SFTPD/XCL1,23
3,GO:0051962,positive regulation of nervous system development,49/1056,297/18986,0.16498316498316498,2.966259820426487,8.288447909619292,6.741101507611376e-12,2.185558381870229e-10,1.420071830335611e-10,ACAN/AGRN/BAIAP2/BCAN/AMIGO2/CDON/CX3CL1/EGFR/EPHA4/ADGRB3/CLSTN3/FLRT2/FN1/CDH4/CLSTN2/IL6ST/ITGB1/ISLR2/KIT/IL6/L1CAM/GFAP/LRTM2/LRRN1/MME/LTA/NCAN/NOTCH1/NRP1/NTRK2/DSCAM/OXT/PLXNB2/NEFL/PTPRZ1/ROBO1/ROBO2/PTN/SERPINF1/SEMA7A/SPINT1/SLITRK2/SLITRK1/SLITRK6/THBS2/TNF/TNFRSF1B/IFNG/VCAN,49
3,GO:0002705,positive regulation of leukocyte mediated immunity,34/1056,158/18986,0.21518987341772153,3.8689345991561184,8.788084250461035,6.915694214305526e-12,2.2281502296715616e-10,1.4477459861789594e-10,B2M/C3/CD160/CD28/CD55/CD1C/CRTAM/CLEC7A/CD7/FCER2/IL12B/IL12RB1/IL18R1/IL1R1/ITGAM/ITGB2/KLRD1/KIT/IL6/LAG3/LTA/NECTIN2/LAMP1/PTPRC/SLAMF1/SLAMF6/TNF/KLRK1/TNFSF13/ULBP2/TREM2/PVR/TFRC/XCL1,34
3,GO:0002440,production of molecular mediator of immune response,42/1056,230/18986,0.1826086956521739,3.283152173913044,8.454263497914006,7.602888889114751e-12,2.4343411318873625e-10,1.581719022240153e-10,ACP5/APOA1/AXL/B2M/BST2/CD160/CD244/CD22/CD28/CD55/CD74/APOA2/CD86/CR1/CLEC7A/CD7/IL18R1/IL1R1/IL13RA1/IL4R/KLK7/KIT/IL6/LGALS4/LILRB1/LILRB4/MZB1/PRG2/PTPRC/SEMA7A/SLAMF1/SPINK5/MMP7/SPON2/TNF/TNFRSF14/TNFRSF1B/TNFRSF4/TNFSF13/FCRL3/TFRC/XCL1,42
3,GO:0141060,disruption of anatomical structure in another organism,30/1056,127/18986,0.23622047244094488,4.247047244094488,8.910011259993016,9.851457439819647e-12,3.1348310556956965e-10,2.0368640398639455e-10,CCL11/CCL18/CCL22/CCL27/CCL21/CCL25/C5/C8B/CFHR2/CFHR5/CXCL10/CLEC7A/APOL1/CXCL9/FCER2/CHGA/GNLY/GZMA/GZMB/CXCL13/F2/CCL20/C9/GZMH/LGALS3/PGLYRP1/HRG/C7/IFNG/XCL1,30
3,GO:0038084,vascular endothelial growth factor signaling pathway,19/1056,51/18986,0.37254901960784315,6.698120915032679,9.888518017266437,1.0909041618608583e-11,3.4500680701795856e-10,2.2416900503979667e-10,ADGRG1/DCN/DLL1/FLT4/FLT1/IL12B/ITGB1/KDR/NRP1/NRP2/PGF/PDGFRA/PTP4A3/ROBO1/HRG/SMOC2/VEGFB/TNXB/VEGFD,19
3,GO:0050777,negative regulation of immune response,39/1056,207/18986,0.18840579710144928,3.38737922705314,8.381417364446618,1.5814033309549076e-11,4.970813518946677e-10,3.229798073875813e-10,AMBP/CD160/CD274/CD300A/CD46/CD55/CD59/CD80/CR1/CR2/C4BPB/FURIN/CEACAM1/GRN/HAVCR2/IL12B/IL7R/IL4R/KLRD1/LGALS1/LGALS3/LGALS9/LILRB1/LILRB4/MMP12/PDCD1/PGLYRP1/PTPRC/CLEC4G/SLAMF1/SPINK5/TNFRSF14/SLAMF8/SERPING1/TYRO3/TREM2/VSIG4/MASP1/XCL1,39
3,GO:0007565,female pregnancy,37/1056,189/18986,0.19576719576719576,3.5197310405643734,8.448661933629802,1.6228188406074216e-11,5.070079468685611e-10,3.2942963641549064e-10,ACE2/ADM/AMBP/ANGPT2/BSG/AGRP/CD38/CBS/CRHBP/DDR1/DSG2/CALCA/CTSB/CLIC5/ENDOU/EPO/HAVCR2/HSPG2/IDO1/IGFBP7/IGFBP2/ITGA5/ITGA2/LEP/LGALS9/GIP/OXT/PAPPA/RECK/PTN/PZP/STC1/SPP1/STC2/THBD/TIMP1/SCGB1A1,37
3,GO:0061900,glial cell activation,20/1056,58/18986,0.3448275862068966,6.199712643678161,9.624719727796615,1.646458060687359e-11,5.112946567977913e-10,3.322149365318438e-10,AGER/CCL3/CX3CL1/CTSC/C1QA/EGFR/CLU/GRN/CST7/IFNGR1/IFNGR2/ITGAM/ITGB2/IL6/LDLR/LRP1/PTPRC/TNF/TREM2/IFNG,20
3,GO:0070664,negative regulation of leukocyte proliferation,26/1056,99/18986,0.26262626262626265,4.721801346801347,9.010241073512752,1.8253797582593108e-11,5.634630331632783e-10,3.6611146490899e-10,CD274/CD300A/CD80/BMP4/CD86/CR1/CRTAM/ERBB2/HAVCR2/IDO1/GPNMB/IL2RA/LGALS9/LILRB1/LILRB4/LILRB2/PDCD1LG2/CLEC4G/GAL/TNFRSF13B/TNFRSF14/TNFRSF21/VSIG4/SCGB1A1/SFTPD/XCL1,26
3,GO:0022617,extracellular matrix disassembly,21/1056,65/18986,0.3230769230769231,5.808653846153846,9.42443374791024,2.139894162580223e-11,6.566163338155386e-10,4.266380466998916e-10,ADAM8/ADAM15/ADAMTS15/CST3/CTSS/DDR1/DPP4/ENG/FAP/FURIN/KLK7/IL6/LRP1/MMP12/MELTF/PLG/PBXIP1/MMP10/MMP7/MMP13/MMP3,21
3,GO:0001666,response to hypoxia,50/1056,317/18986,0.15772870662460567,2.8358307045215563,7.99924221898898,2.2399746925415115e-11,6.832585526657687e-10,4.4394889266067206e-10,ACVRL1/ADAM8/ADAM15/ADM/AGER/ADIPOQ/ANGPTL4/ANGPT2/CA9/ANG/CD38/CBS/DDAH1/EDN1/DPP4/ENG/EPHA4/F7/FABP1/EPO/FGFR2/HMOX2/HSPG2/HYOU1/ITGA2/LEP/MB/MSTN/LTA/NOTCH1/NPPC/NOS1/PENK/PGF/PLAU/PLAT/SFRP1/STC1/STC2/TGFBR3/TNF/TEK/VASN/TREM2/VCAM1/VEGFB/POSTN/SCN2A/TFRC/VEGFD,50
3,GO:0048245,eosinophil chemotaxis,14/1056,27/18986,0.5185185185185185,9.32253086419753,10.502113275570373,2.53094762750292e-11,7.67472648222209e-10,4.98667204378594e-10,CCL11/CCL14/CCL18/CCL22/CCL23/CCL3/CCL7/CCL15/CCL16/CCL25/CX3CL1/LGALS3/SCG2/XCL1,14
3,GO:0033273,response to vitamin,25/1056,93/18986,0.26881720430107525,4.833109318996415,8.992683993734426,2.5567562806930556e-11,7.707648319867078e-10,5.008063087205481e-10,CBS/BCHE/BGLAP/COL1A1/CXCL10/EGFR/F7/FABP1/EPO/FOLR1/FOLR2/GAS6/FGF23/IGF1R/ITGA2/KYNU/LEP/PENK/SFRP1/STC1/SPP1/STC2/TNC/POSTN/PTH,25
3,GO:0032613,interleukin-10 production,21/1056,66/18986,0.3181818181818182,5.7206439393939394,9.323087521862574,2.9755603474671136e-11,8.866481844620214e-10,5.761017965099092e-10,AGER/CD274/CD28/CD46/CD83/CLEC7A/DLL1/HGF/IDO1/IL12B/IL6/LGALS9/LILRA5/LILRB1/LILRB4/PDCD1LG2/PRG2/TNFRSF21/TIGIT/TREM2/XCL1,21
3,GO:0032653,regulation of interleukin-10 production,21/1056,66/18986,0.3181818181818182,5.7206439393939394,9.323087521862574,2.9755603474671136e-11,8.866481844620214e-10,5.761017965099092e-10,AGER/CD274/CD28/CD46/CD83/CLEC7A/DLL1/HGF/IDO1/IL12B/IL6/LGALS9/LILRA5/LILRB1/LILRB4/PDCD1LG2/PRG2/TNFRSF21/TIGIT/TREM2/XCL1,21
3,GO:0030449,regulation of complement activation,13/1056,23/18986,0.5652173913043478,10.162137681159418,10.669751978860454,3.081198317482489e-11,9.128492716449558e-10,5.931260161058246e-10,C3/CD46/CD55/CD59/CFH/CR1/CR2/C4BPB/CD5L/SERPING1/TREM2/VSIG4/MASP1,13
3,GO:0050766,positive regulation of phagocytosis,22/1056,73/18986,0.3013698630136986,5.41837899543379,9.178913970848507,3.381657399955013e-11,9.96139651243891e-10,6.472441411522918e-10,APOA1/AHSG/C3/C2/CD300LF/APOA2/CFP/CLEC7A/GAS6/FCN1/IL15RA/ITGA2/FCN2/MERTK/PTPRC/SIRPB1/PTX3/TREM2/IFNG/IL15/SFTPD/SIRPA,22
3,GO:0050764,regulation of phagocytosis,26/1056,102/18986,0.2549019607843137,4.582924836601307,8.805173190299266,3.796313886197865e-11,1.1119317092812498e-9,7.224803101603832e-10,APOA1/AHSG/ADIPOQ/C3/C2/CD300A/CD300LF/APOA2/CFP/CLEC7A/GAS6/FCN1/IL15RA/ITGA2/ITGAV/FCN2/MERTK/PRTN3/PTPRC/SIRPB1/PTX3/TREM2/IFNG/IL15/SFTPD/SIRPA,26
3,GO:0002820,negative regulation of adaptive immune response,21/1056,67/18986,0.31343283582089554,5.635261194029851,9.223794937295915,4.108969577752872e-11,1.1967083713737883e-9,7.775641508420839e-10,CD160/CD274/CD46/CD80/CR1/CR2/C4BPB/CEACAM1/HAVCR2/IL7R/IL4R/KLRD1/LGALS1/LILRB1/LILRB4/PDCD1/PTPRC/CLEC4G/SLAMF1/TNFRSF14/XCL1,21
3,GO:0007584,response to nutrient,34/1056,168/18986,0.20238095238095238,3.638640873015873,8.33672180246511,4.16085488129591e-11,1.2050116243303603e-9,7.829592094786272e-10,ADIPOQ/ASS1/C2/CBS/BCHE/BGLAP/COL1A1/CXCL10/EGFR/F7/FABP1/EPO/FOLR1/FOLR2/GAS6/FGF23/IGF1R/IGFBP2/ITGA2/KYNU/LEP/LPL/LTA/PENK/SFRP1/STC1/SPP1/STC2/TNFRSF11B/TNC/VCAM1/POSTN/PTH/TFRC,34
3,GO:0010810,regulation of cell-substrate adhesion,40/1056,223/18986,0.17937219730941703,3.224962630792227,8.11093887486022,4.2607537053343936e-11,1.2270494609496537e-9,7.972783469787734e-10,ACVRL1/ADAM15/APOA1/APOD/ANGPT2/CCDC80/CCN1/CCL21/CCL25/CEACAM6/COL1A1/CSF1/CX3CL1/DDR1/EPHA1/DMP1/FBLN2/FGA/FN1/AGR2/ITGA5/KDR/MYOC/NOTCH1/MMP12/NRP1/MELTF/PLAU/PLG/HRG/SFRP1/ST6GAL1/THY1/TEK/VWC2/EDIL3/POSTN/SPOCK1/TACSTD2/VIT,40
3,GO:0050731,positive regulation of peptidyl-tyrosine phosphorylation,28/1056,118/18986,0.23728813559322035,4.266242937853107,8.637213773508032,4.29691528806585e-11,1.2305887949988588e-9,7.995780378143589e-10,ADIPOQ/CD4/CD80/AREG/CLEC6A/CSPG4/CSF1R/EFNA1/EPHA4/ENPP2/GHR/GFRA1/ERBB4/ITGA5/KIT/IL6/LILRA5/KITLG/NRP1/PTPRC/TGFA/THBS4/IL6R/TREM2/VEGFB/IFNG/IL15/NTF3,28
3,GO:0001909,leukocyte mediated cytotoxicity,32/1056,151/18986,0.2119205298013245,3.8101545253863134,8.413621642848955,4.389191102598527e-11,1.2500707256295806e-9,8.122364692334118e-10,AGER/B2M/CD160/CD1C/CRTAM/CTSC/CEACAM1/GZMB/HAVCR2/ICAM1/F2/IL12B/IL12RB1/ITGAM/IL7R/KLRB1/KLRD1/FCGR3B/LEP/LAG3/LGALS9/LILRB1/NCR1/NECTIN2/LAMP1/PTPRC/SLAMF6/SLAMF7/KLRK1/ULBP2/PVR/XCL1,32
3,GO:0001774,microglial cell activation,18/1056,49/18986,0.3673469387755102,6.604591836734694,9.533086976371793,5.030494963550756e-11,1.4248462383024257e-9,9.257972801630138e-10,AGER/CCL3/CX3CL1/CTSC/C1QA/CLU/GRN/CST7/IFNGR1/IFNGR2/ITGAM/ITGB2/IL6/LDLR/PTPRC/TNF/TREM2/IFNG,18
3,GO:0033627,cell adhesion mediated by integrin,24/1056,89/18986,0.2696629213483146,4.848314606741573,8.83112955499653,5.937581686574936e-11,1.672581070726437e-9,1.0867635850837763e-9,ADAM9/CCN3/CCL21/EFNA1/DPP4/EPHA2/CXCL13/ICAM1/ITGA11/ITGA5/ITGA2/ITGAM/ITGAV/ITGB1/ITGB2/ITGBL1/ITGB7/ITGB6/PLAU/ITGAL/PODXL/RET/HRG/VCAM1,24
3,GO:0050679,positive regulation of epithelial cell proliferation,39/1056,216/18986,0.18055555555555555,3.246238425925926,8.057451622855192,6.07364439699197e-11,1.7016106992659567e-9,1.105625656248767e-9,ACVRL1/B4GALT1/CCL11/ANG/CDH3/BMP4/AREG/EGFR/ERBB2/EGFL7/ECM1/F3/FGFR2/FLT4/GRN/HSPG2/GDF2/FGFBP1/KDR/NOTCH1/MMP12/NRP1/NRP2/LRG1/NOTCH2/LAMB1/REG3A/PTN/SCG2/SFRP1/SPINK1/CRNN/TGFA/THBS4/TNF/TEK/VEGFB/REG3G/YAP1,39
3,GO:0002708,positive regulation of lymphocyte mediated immunity,30/1056,136/18986,0.22058823529411764,3.965992647058823,8.424244479828001,6.192701840029688e-11,1.7255879992082724e-9,1.1212049647211648e-9,B2M/C3/CD160/CD28/CD55/CD1C/CRTAM/CD7/FCER2/IL12B/IL12RB1/IL18R1/IL1R1/KLRD1/IL6/LAG3/LTA/NECTIN2/LAMP1/PTPRC/SLAMF1/SLAMF6/TNF/KLRK1/TNFSF13/ULBP2/TREM2/PVR/TFRC/XCL1,30
3,GO:0042116,macrophage activation,27/1056,112/18986,0.24107142857142858,4.334263392857143,8.588633197444972,6.461617563880075e-11,1.7908407818173002e-9,1.163603117615529e-9,AGER/CCL3/CD200/CD74/CD93/CX3CL1/CTSC/C1QA/CLU/FCER2/GRN/CST7/HAVCR2/IFNGR1/IFNGR2/ITGAM/ITGB2/IL4R/IL6/LDLR/LBP/PTPRC/TNF/TREM2/VSIG4/IFNG/PLA2G10,27
3,GO:0050730,regulation of peptidyl-tyrosine phosphorylation,33/1056,162/18986,0.2037037037037037,3.6624228395061724,8.25896632729078,6.695834639650029e-11,1.8458303511976414e-9,1.1993327229589863e-9,ADIPOQ/CD4/CD80/AREG/CLEC6A/CSPG4/CSF1R/EFNA1/EGFR/EPHA4/ENPP2/GHR/GFRA1/ERBB4/ITGA5/ITGB2/KIT/IL6/LILRA5/LILRB4/KITLG/NRP1/PTPRC/HRG/SFRP1/TGFA/THBS4/IL6R/TREM2/VEGFB/IFNG/IL15/NTF3,33
3,GO:0043491,phosphatidylinositol 3-kinase/protein kinase B signal transduction,49/1056,317/18986,0.15457413249211358,2.7791140904311256,7.752111624194554,7.405870283949163e-11,2.0307053890296777e-9,1.3194557247215141e-9,ADAM8/AXL/C1QTNF1/CCL3/CD160/CCL21/CD28/COL6A3/CHI3L1/DCN/CX3CL1/DDR1/CSF1R/EDN1/EGFR/ENG/ERBB2/ERBB3/FN1/GAS6/GDF15/CEACAM1/HGF/FLT1/IGF1R/F2/ERBB4/ITGB1/KIT/KDR/LEP/MERTK/MSTN/MYOC/NTRK2/NTRK3/PIK3IP1/PDGFRA/PROS1/RET/ROR1/CRNN/TNF/TEK/TYRO3/TREM2/VEGFB/MMP3/TNFSF11,49
3,GO:0044706,multi-multicellular organism process,39/1056,218/18986,0.17889908256880735,3.2164564220183487,7.987770187366997,8.097496139121808e-11,2.208602782919202e-9,1.4350449855018433e-9,ACE2/ADM/AMBP/ANGPT2/B4GALT1/BSG/AGRP/CD38/CBS/CRHBP/DDR1/EDN1/DSG2/CALCA/CTSB/CLIC5/ENDOU/EPO/HAVCR2/HSPG2/IDO1/IGFBP7/IGFBP2/ITGA5/ITGA2/LEP/LGALS9/GIP/OXT/PAPPA/RECK/PTN/PZP/STC1/SPP1/STC2/THBD/TIMP1/SCGB1A1,39
3,GO:0043542,endothelial cell migration,46/1056,287/18986,0.1602787456445993,2.8816782810685244,7.795145838906827,8.191481114387239e-11,2.2224781655087483e-9,1.444060548807767e-9,ACVRL1/APOA1/ANGPT2/BMP10/BMPER/BSG/APOE/CCN3/CDH5/CLEC14A/DCN/EDN1/CALCA/EFNA1/DPP4/EPHA2/EPHB4/FAP/FSTL1/FLT4/CEACAM1/GRN/CXCL13/GDF2/FGFBP1/ITGB1/KDR/MET/NOTCH1/NRP1/NRP2/PLG/PRCP/PTP4A3/NOS3/PTPRM/ROBO1/PTN/SCG2/HRG/SERPINF1/SMOC2/STC1/TGFBR3/TNF/TEK,46
3,GO:0050767,regulation of neurogenesis,55/1056,383/18986,0.14360313315926893,2.5818646649260226,7.589695181879683,9.290394799049302e-11,2.5074337795339873e-9,1.6292111463529832e-9,ACAN/B2M/BAIAP2/BCAN/CCL11/CDH1/CDON/CX3CL1/DLL1/DRAXIN/EGFR/EPHA4/FN1/CDH4/F2/IL6ST/ITGB1/KIAA0319/ISLR2/KIT/IL6/LDLR/L1CAM/GFAP/MME/LTA/NCAN/NOTCH1/NRP1/NTRK2/DSCAM/PLXNB2/NEFL/PTPRS/RGMA/PRTG/PTPRZ1/ROBO1/ROBO2/PTN/RTN4R/SEMA3F/SERPINF1/SEMA7A/SPINT1/SLITRK1/SPP1/THY1/TNF/TNFRSF1B/TREM2/IFNG/TNR/VCAN/YAP1,55
3,GO:0044703,multi-organism reproductive process,38/1056,210/18986,0.18095238095238095,3.253373015873016,7.968715345792919,9.993430744757437e-11,2.683132056730447e-9,1.743371525757575e-9,ACE2/ADM/AMBP/ANGPT2/BSG/AGRP/CD38/CBS/CRHBP/DDR1/EDN1/DSG2/CALCA/CTSB/CLIC5/ENDOU/EPO/HAVCR2/HSPG2/IDO1/IGFBP7/IGFBP2/ITGA5/ITGA2/LEP/LGALS9/GIP/OXT/PAPPA/RECK/PTN/PZP/STC1/SPP1/STC2/THBD/TIMP1/SCGB1A1,38
3,GO:0036293,response to decreased oxygen levels,50/1056,331/18986,0.1510574018126888,2.7158862034239677,7.642790719277312,1.0980069112014849e-10,2.932759392354225e-9,1.9055674891972322e-9,ACVRL1/ADAM8/ADAM15/ADM/AGER/ADIPOQ/ANGPTL4/ANGPT2/CA9/ANG/CD38/CBS/DDAH1/EDN1/DPP4/ENG/EPHA4/F7/FABP1/EPO/FGFR2/HMOX2/HSPG2/HYOU1/ITGA2/LEP/MB/MSTN/LTA/NOTCH1/NPPC/NOS1/PENK/PGF/PLAU/PLAT/SFRP1/STC1/STC2/TGFBR3/TNF/TEK/VASN/TREM2/VCAM1/VEGFB/POSTN/SCN2A/TFRC/VEGFD,50
3,GO:0051896,regulation of phosphatidylinositol 3-kinase/protein kinase B signal transduction,45/1056,280/18986,0.16071428571428573,2.889508928571429,7.730091135789532,1.1999249902456353e-10,3.1884604766578607e-9,2.0717098854919217e-9,ADAM8/AXL/C1QTNF1/CCL3/CCL21/CD28/CHI3L1/DCN/CX3CL1/DDR1/CSF1R/EGFR/ENG/ERBB3/FN1/GAS6/GDF15/CEACAM1/HGF/FLT1/IGF1R/F2/ERBB4/ITGB1/KIT/KDR/LEP/MERTK/MSTN/MYOC/NTRK2/NTRK3/PIK3IP1/PDGFRA/PROS1/RET/ROR1/CRNN/TNF/TEK/TYRO3/TREM2/VEGFB/MMP3/TNFSF11,45
3,GO:0071356,cellular response to tumor necrosis factor,39/1056,221/18986,0.17647058823529413,3.172794117647059,7.8847430386280175,1.2373030776585846e-10,3.270921725810258e-9,2.1252892810308324e-9,APOA1/ADIPOQ/ASS1/CCL3/CD58/COL1A1/CRHBP/CHI3L1/EDA2R/EDN1/CALCA/FABP4/FAS/GAS6/GPD1/FCAR/HYAL1/IL18BP/KRT18/KRT8/ADAMTS13/SFRP1/TNFRSF11A/TNF/TNFRSF14/TNFRSF19/TNFRSF1A/TNFRSF1B/TNFRSF21/TNFRSF4/TNFRSF13C/TNFRSF11B/TNFRSF17/VCAM1/POSTN/PYDC1/TNFSF11/TNFSF13B/UMOD,39
3,GO:0035924,cellular response to vascular endothelial growth factor stimulus,22/1056,78/18986,0.28205128205128205,5.0710470085470085,8.743347444845199,1.431240891718757e-10,3.764309590209281e-9,2.4458692360091756e-9,ADGRG1/DCN/DLL1/FLT4/ERN1/FLT1/IL12B/ITGB1/KDR/NOTCH1/NRP1/NRP2/PGF/PDGFRA/PTP4A3/ROBO1/HRG/SMOC2/VCAM1/VEGFB/TNXB/VEGFD,22
3,GO:0042063,gliogenesis,52/1056,355/18986,0.14647887323943662,2.633568075117371,7.540157994480265,1.4660432842633582e-10,3.836270624557163e-9,2.4926260916516196e-9,ACAN/AGER/BCAN/CCL3/ADGRG1/CDH2/AREG/CNTN1/CNTN2/CSF1/CSPG4/CX3CL1/DNER/DLL1/C1QA/CSF1R/EGFR/EPHA4/ERBB2/ERBB3/CLU/CDK1/GPC1/GRN/IFNGR1/F2/IL6ST/IL6/LDLR/LRP1/GFAP/MXRA8/MYOC/LTA/NCAN/NOTCH1/LEPR/NTRK2/MATN2/PENK/LAMB1/PTPRZ1/PTN/ROR1/SPINT1/PTPRB/TNF/TNFRSF1B/TNFRSF21/TREM2/IFNG/VCAN,52
3,GO:0032609,type II interferon production,28/1056,124/18986,0.22580645161290322,4.059811827956989,8.295810184975997,1.500258037265878e-10,3.877526269642194e-9,2.5194320465570395e-9,AXL/CD160/CD244/CD274/CD14/CD276/CR1/CRTAM/CLEC7A/GAS6/HAVCR2/IL12B/IL12RB1/IL18R1/IL1R1/LGALS9/LILRB1/LILRB4/LTA/PGLYRP1/PDCD1LG2/SLAMF1/SLAMF6/TNF/KLRK1/SCGB1A1/SIRPA/XCL1,28
3,GO:0032649,regulation of type II interferon production,28/1056,124/18986,0.22580645161290322,4.059811827956989,8.295810184975997,1.500258037265878e-10,3.877526269642194e-9,2.5194320465570395e-9,AXL/CD160/CD244/CD274/CD14/CD276/CR1/CRTAM/CLEC7A/GAS6/HAVCR2/IL12B/IL12RB1/IL18R1/IL1R1/LGALS9/LILRB1/LILRB4/LTA/PGLYRP1/PDCD1LG2/SLAMF1/SLAMF6/TNF/KLRK1/SCGB1A1/SIRPA/XCL1,28
3,GO:0002709,regulation of T cell mediated immunity,26/1056,108/18986,0.24074074074074073,4.328317901234568,8.417939550913987,1.5043748863791248e-10,3.877526269642194e-9,2.5194320465570395e-9,AGER/B2M/CD274/CD55/CD80/CD1C/CD7/CEACAM1/IL12B/IL12RB1/IL18R1/IL1R1/IL7R/KLRD1/IL6/LILRB1/LILRB4/NECTIN2/PDCD1/PTPRC/CLEC4G/SLAMF1/TNFRSF1B/ULBP2/PVR/XCL1,26
3,GO:0002269,leukocyte activation involved in inflammatory response,18/1056,52/18986,0.34615384615384615,6.2235576923076925,9.153643539895793,1.5845776558670136e-10,4.063929261688784e-9,2.640547840256003e-9,AGER/CCL3/CX3CL1/CTSC/C1QA/CLU/GRN/CST7/IFNGR1/IFNGR2/ITGAM/ITGB2/IL6/LDLR/PTPRC/TNF/TREM2/IFNG,18
3,GO:1903706,regulation of hemopoiesis,59/1056,433/18986,0.13625866050808313,2.4498171670515783,7.406230577968473,1.6214296388088834e-10,4.13785633072267e-9,2.688582131677888e-9,ADAM8/AGER/ADIPOQ/APCS/AXL/B2M/CCL3/CD27/CD28/CD4/CD46/CD74/CD80/CD83/BMP4/BGLAP/CD86/CR1/CSF1/CRTAM/DLL1/CALCA/ERBB2/FSTL3/GAS6/CEACAM1/IL12B/IL12RB1/IL15RA/IL2RA/IL7R/IL4R/CSF3R/LGALS1/LAG3/LGALS9/LILRB1/LILRB4/LILRB2/KITLG/NOTCH2/PGLYRP1/PTPRC/PTN/CLEC4G/SFRP1/SPINK5/TGFBR2/TNFRSF11A/TNF/SLAMF8/TNFRSF11B/TREM2/FCRL3/IFNG/IL15/IL1RL2/TNFSF11/VNN1,59
3,GO:0048678,response to axon injury,23/1056,86/18986,0.26744186046511625,4.8083817829457365,8.590252264544462,1.7841096660845662e-10,4.530583905746768e-9,2.943757820835411e-9,APOA4/APOD/AXL/EPHA4/EPO/FOLR1/CDK1/GRN/IGF1R/KIAA0319/NPPC/MATN2/GIP/NEFL/PTPRF/PTPRS/RGMA/PTN/RTN4R/SPP1/TNC/TREM2/TNR,23
3,GO:0070482,response to oxygen levels,52/1056,358/18986,0.1452513966480447,2.6114990689013036,7.470257507740628,2.000468984373824e-10,5.05510667374856e-9,3.284567754529158e-9,ACVRL1/ADAM8/ADAM15/ADM/AGER/ADIPOQ/ANGPTL4/ANGPT2/CA9/ANG/CD38/CBS/COL1A1/DDAH1/EDN1/DPP4/ENG/EPHA4/F7/FABP1/EPO/FAS/FGFR2/HMOX2/HSPG2/HYOU1/ITGA2/LEP/MB/MSTN/LTA/NOTCH1/NPPC/NOS1/PENK/PGF/PLAU/PLAT/SFRP1/STC1/STC2/TGFBR3/TNF/TEK/VASN/TREM2/VCAM1/VEGFB/POSTN/SCN2A/TFRC/VEGFD,52
3,GO:0051384,response to glucocorticoid,29/1056,134/18986,0.21641791044776118,3.8910136815920393,8.150250285189843,2.0943698636025647e-10,5.266573974083522e-9,3.4219691429953072e-9,ADM/ADIPOQ/ADAM9/ASS1/BCHE/BGLAP/AREG/APOA2/EDN1/EGFR/EPO/GHR/GOT1/IGFBP7/IGF1R/IGFBP2/IL1RN/IL6/MSTN/IL22/OXT/PAPPA/NEFL/PTGDS/SERPINF1/SDC1/STC1/TNF/SCGB1A1,29
3,GO:0072676,lymphocyte migration,26/1056,110/18986,0.23636363636363636,4.2496212121212125,8.29509213664131,2.3243541943673017e-10,5.788427957470261e-9,3.761045027448133e-9,ADAM8/APOD/CCL3/CCL7/CCL21/CD200/CD99/CD99L2/CXCL10/CRTAM/CX3CL1/CXCL16/CD200R1/ECM1/GAS6/CXCL13/ICAM1/CCL20/JAM2/ITGB7/ITGAL/RET/TNFRSF14/KLRK1/XG/XCL1,26
3,GO:1901890,positive regulation of cell junction assembly,26/1056,110/18986,0.23636363636363636,4.2496212121212125,8.29509213664131,2.3243541943673017e-10,5.788427957470261e-9,3.761045027448133e-9,ACE2/ACVRL1/AGRN/AMIGO2/CNTNAP2/EPHA2/ADGRB3/CLSTN3/FLRT2/CLSTN2/GDF2/KDR/LRTM2/LRRN1/MYOC/NRP1/NTRK2/OXT/HRG/SFRP1/SLITRK2/SLITRK1/SLITRK6/THBS2/THY1/TEK,26
3,GO:0045766,positive regulation of angiogenesis,35/1056,189/18986,0.18518518518518517,3.329475308641975,7.810734180996484,2.8427867404886355e-10,7.045464253470633e-9,4.577807392831396e-9,ACVRL1/ADAM12/ADM/ANGPTL4/ANGPT2/BMPER/C3/CCL11/ANGPTL3/CD34/CDH5/CHI3L1/DDAH1/CX3CL1/DLL1/ENG/EPHA1/ECM1/F3/GRN/HSPB6/HYAL1/FLT1/GDF2/ITGA5/ITGB1/KDR/NRP1/LRG1/NOS3/SMOC2/TGFBR2/TEK/TIE1/VEGFB,35
3,GO:0050678,regulation of epithelial cell proliferation,56/1056,406/18986,0.13793103448275862,2.4798850574712645,7.315015692159157,2.994724235124898e-10,7.386508819171698e-9,4.799401922018346e-9,ACVRL1/B2M/B4GALT1/APOE/CCL11/ANG/CD109/CDH3/BMP4/AREG/EGFR/ENG/CPB2/ERBB2/EGFL7/ECM1/F3/FGFR2/FLT4/CEACAM1/DBH/GRN/HSPG2/FLT1/IL12B/GDF2/FGFBP1/KDR/LEP/NOTCH1/MMP12/NRP1/NRP2/LRG1/NOTCH2/LAMB1/REG3A/PTPRM/ROBO1/PTN/SCG2/SERPINF1/SFRP1/SPINK1/SLURP1/CRNN/TGFA/TGFBR3/THBS4/TNF/TEK/TIE1/VEGFB/REG3G/TACSTD2/YAP1,56
3,GO:1903036,positive regulation of response to wounding,22/1056,81/18986,0.2716049382716049,4.883230452674897,8.499520944686827,3.200758150728257e-10,7.857099174763888e-9,5.105169140660308e-9,CCN4/CLEC7A/CPB2/F7/F3/GRN/IGF1R/F2/ITGB1/F12/OCLN/PLAU/PLAT/PLG/REG3A/PTN/HRG/SERPINF2/SMOC2/THBD/VEGFB/REG3G,22
3,GO:1904018,positive regulation of vasculature development,35/1056,192/18986,0.18229166666666666,3.277452256944444,7.697282032226393,4.4404313568521285e-10,1.0848542011645839e-8,7.04886633948789e-9,ACVRL1/ADAM12/ADM/ANGPTL4/ANGPT2/BMPER/C3/CCL11/ANGPTL3/CD34/CDH5/CHI3L1/DDAH1/CX3CL1/DLL1/ENG/EPHA1/ECM1/F3/GRN/HSPB6/HYAL1/FLT1/GDF2/ITGA5/ITGB1/KDR/NRP1/LRG1/NOS3/SMOC2/TGFBR2/TEK/TIE1/VEGFB,35
3,GO:0046849,bone remodeling,23/1056,90/18986,0.25555555555555554,4.594675925925926,8.295511558483138,4.803667275849434e-10,1.1656547796067282e-8,7.573870046880616e-9,ACP5/ADAM8/CD38/BGLAP/CTHRC1/CSF1R/CALCA/EGFR/EPHA2/IL6/LEP/LEPR/NOTCH2/PTN/SFRP1/SPP1/TNFRSF11A/LTBP3/TNFRSF11B/TF/PTH/TFRC/TNFSF11,23
3,GO:0050830,defense response to Gram-positive bacterium,28/1056,130/18986,0.2153846153846154,3.872435897435898,7.975250849259535,4.816381533583571e-10,1.1656547796067282e-8,7.573870046880616e-9,ACP5/ADM/B2M/ANG/CALCA/EPHA2/CHGA/HAVCR2/IL7R/FCN2/IL6/LTA/PGLYRP1/NPY/LBP/RARRES2/RNASE1/RNASE4/RNASE6/MMP7/SSC5D/TNF/TNFRSF14/KLRK1/IL6R/TNFSF8/REG3G/STAB2,28
3,GO:0042269,regulation of natural killer cell mediated cytotoxicity,17/1056,49/18986,0.3469387755102041,6.237670068027211,8.90897424229435,4.920350251210024e-10,1.1852525955601717e-8,7.701207328750762e-9,CD160/CRTAM/CEACAM1/HAVCR2/IL12B/KLRB1/KLRD1/LEP/LAG3/LGALS9/LILRB1/NCR1/NECTIN2/LAMP1/SLAMF6/KLRK1/PVR,17
3,GO:0071706,tumor necrosis factor superfamily cytokine production,35/1056,193/18986,0.18134715025906736,3.2604706390328153,7.659961434306448,5.140151305603943e-10,1.2267351842772373e-8,7.970741449528142e-9,ACP5/ADAM8/AGER/ADIPOQ/AXL/CCL3/CD274/CD14/CD86/CLEC7A/CX3CL1/CLU/GAS6/HAVCR2/GPNMB/IFNGR1/IL12B/IL6/LEP/LGALS9/LILRA2/LILRA5/LILRB1/LILRB4/LPL/LY96/LBP/ORM1/PTPRC/SLAMF1/SPON2/TNFRSF8/TREM2/IFNG/SIRPA,35
3,GO:1903555,regulation of tumor necrosis factor superfamily cytokine production,35/1056,193/18986,0.18134715025906736,3.2604706390328153,7.659961434306448,5.140151305603943e-10,1.2267351842772373e-8,7.970741449528142e-9,ACP5/ADAM8/AGER/ADIPOQ/AXL/CCL3/CD274/CD14/CD86/CLEC7A/CX3CL1/CLU/GAS6/HAVCR2/GPNMB/IFNGR1/IL12B/IL6/LEP/LGALS9/LILRA2/LILRA5/LILRB1/LILRB4/LPL/LY96/LBP/ORM1/PTPRC/SLAMF1/SPON2/TNFRSF8/TREM2/IFNG/SIRPA,35
3,GO:0009612,response to mechanical stimulus,38/1056,222/18986,0.17117117117117117,3.077515015015015,7.556228133474781,5.314648771482077e-10,1.262535226589406e-8,8.203353087972821e-9,ANGPT2/BAG3/CDH2/BGLAP/CALB1/COL1A1/CHI3L1/CXCL10/CNTNAP2/EDN1/EGFR/ENG/CSRP3/FAS/GSN/IGF1R/IGFBP2/ITGA2/ITGAM/KIAA0319/KIT/KRT5/LRP11/LTBR/PKD1/PPL/RETN/PTN/SLITRK6/TNFRSF10A/TNFRSF10B/TNFRSF11A/TNF/TNFRSF1A/TNFRSF8/TNC/SOST/POSTN,38
3,GO:0002823,negative regulation of adaptive immune response based on somatic recombination of immune receptors built from immunoglobulin superfamily domains,19/1056,62/18986,0.3064516129032258,5.509744623655914,8.631543023679566,5.373166581625421e-10,1.270581363682525e-8,8.25563305781366e-9,CD274/CD46/CD80/CR1/CR2/C4BPB/CEACAM1/HAVCR2/IL7R/IL4R/KLRD1/LGALS1/LILRB1/LILRB4/PDCD1/PTPRC/CLEC4G/SLAMF1/XCL1,19
3,GO:0090287,regulation of cellular response to growth factor stimulus,53/1056,381/18986,0.13910761154855644,2.501038932633421,7.182683375732944,6.619532862879354e-10,1.558159447860414e-8,1.0124178596338433e-8,ACVRL1/ADAMTSL2/ASPN/BAMBI/BMPER/CCN1/ADGRG1/CD109/CDH3/CDH5/BMP4/CHRDL1/CILP/CHRDL2/CRIM1/DCN/DLL1/DKK3/ENG/FOLR1/FSTL1/FSTL3/GDF15/GPC1/CXCL13/FST/HJV/IL12B/GDF2/ITGA5/FGFBP1/ITGB1/KDR/NBL1/NOTCH1/NRP1/LRG1/NOTCH2/PTP4A3/RGMA/ROBO1/HRG/SFRP1/SFRP4/SMOC2/TGFBR3/VASN/VWC2/SOST/VEGFB/TNXB/WFIKKN1/WFIKKN2,53
3,GO:1902107,positive regulation of leukocyte differentiation,35/1056,195/18986,0.1794871794871795,3.227029914529915,7.586046931922744,6.864322514839368e-10,1.6011575820813094e-8,1.0403560010582934e-8,ADAM8/AGER/AXL/CD27/CD4/CD46/CD74/CD80/CD83/CD86/CR1/CSF1/CALCA/GAS6/IL12B/IL12RB1/IL15RA/IL2RA/IL7R/IL4R/LGALS9/LILRB4/LILRB2/KITLG/NOTCH2/PTPRC/TGFBR2/TNFRSF11A/TNF/TREM2/IFNG/IL15/IL1RL2/TNFSF11/VNN1,35
3,GO:1903708,positive regulation of hemopoiesis,35/1056,195/18986,0.1794871794871795,3.227029914529915,7.586046931922744,6.864322514839368e-10,1.6011575820813094e-8,1.0403560010582934e-8,ADAM8/AGER/AXL/CD27/CD4/CD46/CD74/CD80/CD83/CD86/CR1/CSF1/CALCA/GAS6/IL12B/IL12RB1/IL15RA/IL2RA/IL7R/IL4R/LGALS9/LILRB4/LILRB2/KITLG/NOTCH2/PTPRC/TGFBR2/TNFRSF11A/TNF/TREM2/IFNG/IL15/IL1RL2/TNFSF11/VNN1,35
3,GO:0046631,alpha-beta T cell activation,35/1056,196/18986,0.17857142857142858,3.2105654761904763,7.54944705595808,7.919174469871782e-10,1.838889387035542e-8,1.1948228147525848e-8,AGER/CD160/CD274/CD28/CD300A/CD55/CD80/CD83/CD86/CTSL/CRTAM/IL12B/IL12RB1/IL18R1/IL2RA/IL6ST/IL4R/IL6/LGALS1/LGALS3/LGALS9/LILRB1/LILRB4/LY9/NCR3LG1/PTPRC/CLEC4G/SLAMF6/TGFBR2/TNFRSF14/IL6R/TNFSF8/IFNG/IL15/XCL1,35
3,GO:1990266,neutrophil migration,25/1056,108/18986,0.23148148148148148,4.161844135802469,7.9968962083592885,8.246795798605616e-10,1.9063781319198186e-8,1.238673789528585e-8,ADAM8/BSG/CCL3/CCL21/CD74/CD99/CD99L2/CXCL10/CX3CL1/CXADR/EDN1/CXCL9/DPP4/CXCL13/IL1R1/ITGB2/CSF3R/LGALS3/PRTN3/LBP/THBS4/SLAMF8/XG/UMOD/XCL1,25
3,GO:0031343,positive regulation of cell killing,21/1056,78/18986,0.2692307692307692,4.840544871794872,8.248300282733835,9.640202652320047e-10,2.2185377086031182e-8,1.4415002274286837e-8,B2M/CD160/CD1C/CRTAM/CLEC7A/FCER2/IL12B/IL12RB1/ITGAM/CD5L/KLRD1/LAG3/NECTIN2/LAMP1/PTPRC/SLAMF6/KLRK1/ULBP2/IFNG/PVR/XCL1,21
3,GO:0002704,negative regulation of leukocyte mediated immunity,20/1056,71/18986,0.28169014084507044,5.064553990610329,8.326951082957207,1.005770225829686e-9,2.2947435294721312e-8,1.491015143351947e-8,BST2/CD274/CD300A/CD46/CD80/CR1/CR2/C4BPB/CEACAM1/HAVCR2/IL7R/KLRD1/LGALS9/LILRB1/LILRB4/PDCD1/PTPRC/CLEC4G/SLAMF1/XCL1,20
3,GO:0046850,regulation of bone remodeling,17/1056,51/18986,0.3333333333333333,5.993055555555555,8.664947718477858,1.0060369304766278e-9,2.2947435294721312e-8,1.491015143351947e-8,ADAM8/CD38/BGLAP/CSF1R/CALCA/EGFR/IL6/LEP/LEPR/SFRP1/SPP1/TNFRSF11A/LTBP3/TNFRSF11B/TF/TFRC/TNFSF11,17
3,GO:0002285,lymphocyte activation involved in immune response,38/1056,227/18986,0.16740088105726872,3.009728340675477,7.392520862322699,1.0241950374614363e-9,2.3258702282439226e-8,1.5112397909586325e-8,CD160/CD244/CD28/CD46/CD74/CD80/CD1C/CDH17/CLEC4D/CD86/CR1/DLL1/CEACAM1/HAVCR2/ICAM1/IL12B/IL12RB1/IL18R1/IL6ST/IL4R/IL6/LGALS1/LGALS3/LGALS9/LILRB1/LY9/NOTCH2/PGLYRP1/LAMP1/ITGAL/PTPRC/SLAMF6/TNFSF13/IL6R/TREM2/IFNG/ITM2A/TFRC,38
3,GO:0030217,T cell differentiation,47/1056,320/18986,0.146875,2.6406901041666666,7.183283916976068,1.0321561219818472e-9,2.3336687757966763e-8,1.516306916041661e-8,ADAM8/B2M/CD27/CD28/CD4/CD46/CD74/CD80/CD83/BMP4/CLEC4D/CD86/CR1/CD8A/CTSL/CRTAM/ERBB2/IL12B/IL12RB1/IL18R1/IL2RA/IL6ST/IL7R/IL4R/KIT/IL6/LEP/LGALS1/LAG3/LGALS9/LILRB4/LY9/LILRB2/LEPR/NFATC3/PTPRC/CLEC4G/SLAMF6/SPINK5/TGFBR2/TNFRSF9/IL6R/TNFSF8/IFNG/IL15/IL1RL2/VNN1,47
3,GO:0030574,collagen catabolic process,16/1056,45/18986,0.35555555555555557,6.392592592592593,8.789203717309748,1.0512311026039375e-9,2.3561288408362165e-8,1.5309003974763063e-8,ADAM15/CST3/CTSL/CTSS/CTSB/FAP/FURIN/ITGB1/KLK6/MMP12/PRTN3/MMP10/MMP7/MMP13/MMP3/PEPD,16
3,GO:0043277,apoptotic cell clearance,16/1056,45/18986,0.35555555555555557,6.392592592592593,8.789203717309748,1.0512311026039375e-9,2.3561288408362165e-8,1.5309003974763063e-8,AXL/C3/C2/CD300LF/GAS6/FCN1/ITGAV/FCN2/LRP1/MERTK/MARCO/MEGF10/MFGE8/TIMD4/TYRO3/TREM2,16
3,GO:0032757,positive regulation of interleukin-8 production,19/1056,65/18986,0.2923076923076923,5.255448717948718,8.340212415583833,1.3184780310046637e-9,2.942317857068849e-8,1.9117781247012257e-8,ADIPOQ/CD244/CD14/CD74/CD58/APOA2/CHI3L1/CLEC7A/CALCA/F3/FCN1/GDF2/IL6/LEP/LGALS9/LILRA2/LBP/PRG3/TNF,19
3,GO:0007229,integrin-mediated signaling pathway,25/1056,111/18986,0.22522522522522523,4.049361861861862,7.819411858931777,1.5224743405718276e-9,3.382911735193005e-8,2.1980550597547892e-8,ADAM15/APOA1/ADAM9/ANGPTL3/CDH17/FN1/CEACAM1/ITGA11/ITGA5/ITGA2/ITGAM/ITGAV/ITGB1/ITGB2/ITGBL1/ITGB7/ITGB6/ADAMTS13/NRP1/ITGAL/LAMB1/PTN/SEMA7A/THY1/TIMP1,25
3,GO:0007178,cell surface receptor protein serine/threonine kinase signaling pathway,56/1056,425/18986,0.13176470588235295,2.3690196078431374,6.927085739065951,1.681037384360469e-9,3.7192050284885055e-8,2.4165624382358314e-8,ACVRL1/ADAMTSL2/ADAM9/ASPN/BMP10/BAMBI/BMPER/CCN1/CCN3/CD109/CDH3/CDH5/BMP4/CHRDL1/CILP/CHRDL2/COMP/CRIM1/DSG4/DKK3/ENG/FOLR1/FSTL1/FSTL3/FURIN/GDF15/FST/HJV/GDF2/INHBB/KIAA0319/KDR/LRP1/ITGB6/LTBP2/MSTN/NBL1/NOTCH1/LRG1/NOMO1/NOTCH2/RGMA/RGMB/SFRP1/SFRP4/SLC39A5/TGFBR2/TGFBR3/LTBP3/VASN/VWC2/SOST/SMAD5/WFIKKN1/WFIKKN2/WIF1,56
3,GO:0090303,positive regulation of wound healing,19/1056,66/18986,0.2878787878787879,5.175820707070708,8.247082903826145,1.7557743581727516e-9,3.867955904436126e-8,2.5132136786800252e-8,CCN4/CLEC7A/CPB2/F7/F3/F2/ITGB1/F12/OCLN/PLAU/PLAT/PLG/REG3A/HRG/SERPINF2/SMOC2/THBD/VEGFB/REG3G,19
3,GO:0050770,regulation of axonogenesis,29/1056,146/18986,0.19863013698630136,3.5712043378995433,7.568672017653912,1.7671034532369404e-9,3.8763482133772035e-8,2.51866660165731e-8,CDH1/CNTN2/DRAXIN/EFNA1/EPHA4/FN1/GLA/CDH4/KIAA0319/ISLR2/L1CAM/NRP1/NTRK2/DSCAM/PLXNB2/NEFL/PTPRS/RGMA/RET/ROBO1/ROBO2/RTN4R/KEL/SEMA3F/SEMA7A/SLITRK1/SPP1/THY1/TNR,29
3,GO:0040013,negative regulation of locomotion,55/1056,416/18986,0.13221153846153846,2.37705328525641,6.891893761215071,2.080339898210603e-9,4.54301818621145e-8,2.9518370245596682e-8,ACVRL1/ADAM15/ADIPOQ/APOD/ANGPT2/BMP10/BST2/APOE/CCN3/ADGRG1/CCL21/CD300A/CD200/CD74/CCL25/CDH1/BMP4/C5/DCN/CX3CL1/DPP4/ENG/EPHA1/EPHA4/CD200R1/GDF15/CXCL13/ERBB4/GDF2/LRP1/NBL1/NOTCH1/NRP1/IGFBP3/PTPRR/PTPRM/ROBO1/RECK/ROBO2/HRG/SEMA3F/SERPINF1/SFRP1/SLURP1/ST6GAL1/STC1/TAFA5/TGFBR3/THY1/TIMP1/TNF/SLAMF8/KLRK1/TIE1/TACSTD2,55
3,GO:0031960,response to corticosteroid,30/1056,156/18986,0.19230769230769232,3.457532051282051,7.479687351241895,2.0886426966675337e-9,4.54301818621145e-8,2.9518370245596682e-8,ADM/ADIPOQ/ADAM9/ASS1/BCHE/BGLAP/AREG/APOA2/EDN1/EGFR/EPO/GHR/GOT1/IGFBP7/IGF1R/IGFBP2/IL1RN/IL6/MSTN/IL22/OXT/PAPPA/NEFL/PTGDS/PTPRC/SERPINF1/SDC1/STC1/TNF/SCGB1A1,30
3,GO:0045619,regulation of lymphocyte differentiation,37/1056,223/18986,0.16591928251121077,2.9830904334828103,7.229211433349762,2.1857287613948733e-9,4.734215027306963e-8,3.07606763324126e-8,ADAM8/AXL/CD27/CD28/CD46/CD74/CD80/CD83/BMP4/CD86/CR1/CRTAM/ERBB2/GAS6/IL12B/IL12RB1/IL15RA/IL2RA/IL7R/IL4R/LGALS1/LAG3/LGALS9/LILRB4/LILRB2/PGLYRP1/PTPRC/CLEC4G/SFRP1/SPINK5/TGFBR2/SLAMF8/FCRL3/IFNG/IL15/IL1RL2/VNN1,37
3,GO:0097242,amyloid-beta clearance,15/1056,41/18986,0.36585365853658536,6.577743902439025,8.676614628766197,2.2118645196341046e-9,4.770778911595736e-8,3.099825105252465e-8,APOE/C3/CLU/IFNGR1/IGF1R/ITGAM/ITGB2/LDLR/LRP1/MARCO/MME/MSR1/TNF/TREM2/IFNG,15
3,GO:0002707,negative regulation of lymphocyte mediated immunity,18/1056,60/18986,0.3,5.39375,8.272345500151395,2.248038805747806e-9,4.828600018179142e-8,3.137394508723473e-8,CD274/CD46/CD80/CR1/CR2/C4BPB/CEACAM1/HAVCR2/IL7R/KLRD1/LGALS9/LILRB1/LILRB4/PDCD1/PTPRC/CLEC4G/SLAMF1/XCL1,18
3,GO:0002821,positive regulation of adaptive immune response,28/1056,139/18986,0.2014388489208633,3.621702637889688,7.528645203103692,2.4109819601786246e-9,5.1571004168966014e-8,3.350838435155442e-8,B2M/C3/CD28/CD4/CD55/CD1C/CLEC6A/CLEC7A/CD7/FCER2/IL12B/IL12RB1/IL18R1/IL1R1/IL6ST/IL6/LTA/NECTIN2/PTPRC/SLAMF1/TNF/TNFSF13/ULBP2/TREM2/PVR/TFRC/TNFSF13B/XCL1,28
3,GO:0030100,regulation of endocytosis,45/1056,307/18986,0.1465798045602606,2.6353827361563518,7.010659922182667,2.4977054875731464e-9,5.320525532413045e-8,3.4570242981547426e-8,APOA1/AHSG/ADIPOQ/APOC1/AXL/B2M/APOE/C3/C2/CCL21/CD22/CD300A/CD14/CD300LF/APOA2/CFP/CLEC7A/DLL1/CLU/GAS6/FCN1/IL15RA/ITGA2/ITGAV/FCN2/LGALS3/LILRB1/LRP1/MERTK/PCSK9/PRTN3/PTPRC/RSPO1/SELE/SFRP4/SMPD1/SIRPB1/PTX3/TF/TREM2/IFNG/IL15/NTF3/SFTPD/SIRPA,45
3,GO:0002548,monocyte chemotaxis,17/1056,54/18986,0.3148148148148148,5.6601080246913575,8.322268651044926,2.740612923620125e-9,5.8139340005192356e-8,3.777617640441515e-8,CCL23/CCL3/CCL7/CCN3/CXCL10/CXCL17/CALCA/FLT1/IL6/LGALS3/NBL1/S100A14/TNFRSF11A/SLAMF8/IL6R/PLA2G7/TNFSF11,17
3,GO:0141091,transforming growth factor beta receptor superfamily signaling pathway,53/1056,397/18986,0.13350125944584382,2.4002413937867337,6.842538769817838,2.9061043440469477e-9,6.139740939984433e-8,3.989311485227518e-8,ACVRL1/ADAMTSL2/ADAM9/ASPN/BMP10/BAMBI/BMPER/CCN1/CD109/CDH3/CDH5/BMP4/CHRDL1/CILP/CHRDL2/COMP/CRIM1/DSG4/DKK3/ENG/FOLR1/FSTL1/FSTL3/FURIN/GDF15/FST/HJV/GDF2/INHBB/KDR/ITGB6/LTBP2/MSTN/NBL1/NOTCH1/LRG1/NOMO1/NOTCH2/RGMA/RGMB/SFRP1/SFRP4/SLC39A5/TGFBR2/TGFBR3/LTBP3/VASN/VWC2/SOST/SMAD5/WFIKKN1/WFIKKN2/WIF1,53
3,GO:0031295,T cell costimulation,16/1056,48/18986,0.3333333333333333,5.993055555555555,8.405568194121312,3.1294652281757636e-9,6.584650306631046e-8,4.2783924193578e-8,CD160/CCL21/CD274/CD28/CD5/CD80/CD86/DPP4/LGALS1/LILRB4/LILRB2/PDCD1LG2/TNFRSF14/KLRK1/TNFRSF13C/TNFSF13B,16
3,GO:0097191,extrinsic apoptotic signaling pathway,38/1056,236/18986,0.16101694915254236,2.8949505649717513,7.1088666089751,3.1580352555333003e-9,6.617752740761856e-8,4.299900805779615e-8,BAG3/CD27/BMP4/CX3CL1/ERBB3/FAS/FGA/DBH/HGF/ICAM1/IL19/ITGAV/KRT18/KRT8/LGALS3/LTBR/KITLG/FASLG/LTA/NRP1/NOS3/PTPRC/RET/SCG2/SFRP1/TNFRSF10A/TNFRSF10B/TNFRSF12A/TNF/TNFRSF1A/TNFRSF1B/TNFSF10/IL6R/TNFRSF10C/IFNG/SRPX/TNFSF11/YAP1,38
3,GO:0044650,adhesion of symbiont to host cell,8/1056,10/18986,0.8,14.383333333333335,10.27327879507965,3.634542031900628e-9,7.585451082772364e-8,4.928665137655145e-8,ACE2/CD209/DPP4/CLEC4M/GAS6/ICAM1/INHBB/NECTIN2,8
3,GO:0002715,regulation of natural killer cell mediated immunity,17/1056,55/18986,0.3090909090909091,5.557196969696969,8.213712208138316,3.762517385085632e-9,7.807192805828344e-8,5.072742357066883e-8,CD160/CRTAM/CEACAM1/HAVCR2/IL12B/KLRB1/KLRD1/LEP/LAG3/LGALS9/LILRB1/NCR1/NECTIN2/LAMP1/SLAMF6/KLRK1/PVR,17
3,GO:1905952,regulation of lipid localization,33/1056,188/18986,0.17553191489361702,3.1559175531914896,7.209453840657615,3.77107858128275e-9,7.807192805828344e-8,5.072742357066883e-8,APOA1/APOA4/ADIPOQ/APOC1/APOE/C3/C1QTNF1/CES1/APOA2/EDN1/FABP3/CLSTN3/FURIN/ITGAV/IL6/LEP/LRP1/LPL/FASLG/MSR1/OXT/PCSK9/PLTP/PRAP1/RETN/GAL/SPP1/TNFRSF11A/TNF/TREM2/PLA2G10/REN/TNFSF11,33
3,GO:0002824,positive regulation of adaptive immune response based on somatic recombination of immune receptors built from immunoglobulin superfamily domains,27/1056,133/18986,0.20300751879699247,3.649906015037594,7.4424028240005065,3.883091158715397e-9,8.006933969271148e-8,5.202524659803113e-8,B2M/C3/CD28/CD4/CD55/CD1C/CLEC6A/CLEC7A/CD7/FCER2/IL12B/IL12RB1/IL18R1/IL1R1/IL6/LTA/NECTIN2/PTPRC/SLAMF1/TNF/TNFSF13/ULBP2/TREM2/PVR/TFRC/TNFSF13B/XCL1,27
3,GO:0031294,lymphocyte costimulation,16/1056,49/18986,0.32653061224489793,5.870748299319727,8.284861508216906,4.408219266020462e-9,9.053533990571905e-8,5.8825555481136976e-8,CD160/CCL21/CD274/CD28/CD5/CD80/CD86/DPP4/LGALS1/LILRB4/LILRB2/PDCD1LG2/TNFRSF14/KLRK1/TNFRSF13C/TNFSF13B,16
3,GO:0010721,negative regulation of cell development,42/1056,281/18986,0.1494661921708185,2.6872775800711746,6.9152511020445875,4.7191027209931785e-9,9.653561320126919e-8,6.272424752798786e-8,ADIPOQ/APCS/B2M/CCL11/CCL3/CD74/CDH1/BMP4/CR1/CALCA/DRAXIN/ERBB2/FSTL3/CEACAM1/F2/IL4R/KIAA0319/IL6/LDLR/LGALS1/LAG3/LILRB1/LILRB4/NOTCH1/NRP1/NPPC/PGLYRP1/PTPRS/RGMA/PRTG/FRZB/PTN/RTN4R/CLEC4G/SEMA3F/SFRP1/SPP1/THY1/TNF/TNFRSF11B/TREM2/TNR,42
3,GO:0010951,negative regulation of endopeptidase activity,24/1056,109/18986,0.22018348623853212,3.9587155963302756,7.517909564727897,5.22121404240505e-9,1.0638481576520962e-7,6.912379065085446e-8,CR1/FABP1/GAS6/LAMP3/FETUB/PLAUR/RECK/SERPINA1/SERPINA4/SERPINA3/SERPINA5/SERPINA6/SERPIND1/SERPINF1/SERPINF2/SPINK5/TIMP1/TNF/SERPING1/SERPINA11/SERPINA7/SERPINA9/SERPINI1/SPOCK1,24
3,GO:0030509,BMP signaling pathway,31/1056,172/18986,0.18023255813953487,3.240431201550387,7.163122543561584,5.8046397550328645e-9,1.1780676353226148e-7,7.654522876301109e-8,ACVRL1/BMP10/BAMBI/BMPER/CCN1/CDH5/BMP4/CHRDL1/CHRDL2/COMP/CRIM1/DSG4/ENG/FSTL1/FSTL3/FST/HJV/GDF2/KDR/NBL1/NOTCH1/NOTCH2/RGMA/RGMB/SFRP1/SFRP4/SLC39A5/TGFBR3/VWC2/SOST/SMAD5,31
3,GO:0030336,negative regulation of cell migration,51/1056,383/18986,0.13315926892950392,2.3940926892950394,6.688776101798233,6.318419546605275e-9,1.2773118730490273e-7,8.299364704766972e-8,ACVRL1/ADAM15/ADIPOQ/APOD/ANGPT2/BMP10/BST2/APOE/CCN3/ADGRG1/CCL21/CD300A/CD200/CD74/CCL25/CDH1/BMP4/C5/DCN/CX3CL1/DPP4/ENG/EPHA1/EPHA4/CD200R1/GDF15/CXCL13/ERBB4/GDF2/LRP1/NBL1/NOTCH1/IGFBP3/PTPRR/PTPRM/ROBO1/RECK/HRG/SERPINF1/SFRP1/SLURP1/STC1/TAFA5/TGFBR3/THY1/TIMP1/TNF/SLAMF8/KLRK1/TIE1/TACSTD2,51
3,GO:0031639,plasminogen activation,12/1056,27/18986,0.4444444444444444,7.990740740740741,8.821541468261412,6.581034956792108e-9,1.320048062344876e-7,8.577044125542695e-8,CTSZ/CLEC3B/CPB2/F11/FGA/F12/KLKB1/MELTF/PLAU/PLAUR/PLAT/SERPINF2,12
3,GO:0050926,regulation of positive chemotaxis,12/1056,27/18986,0.4444444444444444,7.990740740740741,8.821541468261412,6.581034956792108e-9,1.320048062344876e-7,8.577044125542695e-8,AGER/ANGPT2/F7/F3/ITGA2/KDR/NTRK3/PGF/SCG2/VEGFB/NTF3/VEGFD,12
3,GO:0001935,endothelial cell proliferation,34/1056,202/18986,0.16831683168316833,3.026196369636964,7.0260347410930875,6.692721497504884e-9,1.3372472604510728e-7,8.688796330094062e-8,ACVRL1/APOA1/BMPER/APOE/CCL11/ANG/CD34/BMP4/CALCA/ENG/EPHA2/EGFL7/ECM1/F3/FLT4/DBH/ERN1/HSPG2/FLT1/IL12B/GDF2/FGFBP1/KDR/LEP/NRP1/NRP2/LRG1/PTPRM/SCG2/THBS4/TNF/TEK/TIE1/VEGFB,34
3,GO:0001558,regulation of cell growth,53/1056,408/18986,0.12990196078431374,2.335529003267974,6.618065196807265,7.582003490278112e-9,1.5090821618680955e-7,9.80529774682583e-8,ACVRL1/ADAM15/BMP10/BST2/APOE/CCN3/CD38/CDH1/CDHR2/DDR1/EDN1/CXCL16/DRAXIN/EGFR/DCBLD2/ERBB2/CLSTN3/FBP1/FN1/CEACAM1/CDH4/HYAL1/IGFBP1/IGFBP4/IGFBP7/IGFBPL1/F2/GDF2/KIAA0319/ISLR2/L1CAM/KAZALD1/NRP1/NRCAM/DSCAM/PI16/IGFBP3/PTPRS/RGMA/FRZB/RTN4R/HRG/SEMA3F/SEMA7A/SFRP1/SPP1/TNC/SYT1/SCGB3A1/IL17RB/SPOCK1/TNR/YAP1,53
3,GO:0045916,negative regulation of complement activation,9/1056,14/18986,0.6428571428571429,11.558035714285715,9.59042164945233,7.656547851100715e-9,1.5180578527855456e-7,9.863617515061732e-8,CD46/CD55/CD59/CR1/CR2/C4BPB/SERPING1/VSIG4/MASP1,9
3,GO:0042267,natural killer cell mediated cytotoxicity,20/1056,79/18986,0.25316455696202533,4.551687763713081,7.676868962684036,7.734600878481086e-9,1.5276577597153256e-7,9.925993141894262e-8,CD160/CRTAM/CEACAM1/GZMB/HAVCR2/IL12B/KLRB1/KLRD1/LEP/LAG3/LGALS9/LILRB1/NCR1/NECTIN2/LAMP1/SLAMF6/SLAMF7/KLRK1/ULBP2/PVR,20
3,GO:0002921,negative regulation of humoral immune response,10/1056,18/18986,0.5555555555555556,9.988425925925926,9.258832786410354,7.897081094043015e-9,1.5537959175493032e-7,1.009582645289067e-7,CD46/CD55/CD59/CR1/CR2/C4BPB/SPINK5/SERPING1/VSIG4/MASP1,10
3,GO:0071772,response to BMP,32/1056,184/18986,0.17391304347826086,3.1268115942028984,7.035306482555574,8.189688162051459e-9,1.599160699824821e-7,1.0390585219955241e-7,ACVRL1/BMP10/BAMBI/BMPER/CCN1/CDH5/BMP4/CHRDL1/CHRDL2/COMP/CRIM1/DSG4/ENG/FSTL1/FSTL3/FST/HJV/GDF2/KDR/NBL1/NOTCH1/NOTCH2/RGMA/RGMB/SFRP1/SFRP4/SPINT1/SLC39A5/TGFBR3/VWC2/SOST/SMAD5,32
3,GO:0071773,cellular response to BMP stimulus,32/1056,184/18986,0.17391304347826086,3.1268115942028984,7.035306482555574,8.189688162051459e-9,1.599160699824821e-7,1.0390585219955241e-7,ACVRL1/BMP10/BAMBI/BMPER/CCN1/CDH5/BMP4/CHRDL1/CHRDL2/COMP/CRIM1/DSG4/ENG/FSTL1/FSTL3/FST/HJV/GDF2/KDR/NBL1/NOTCH1/NOTCH2/RGMA/RGMB/SFRP1/SFRP4/SPINT1/SLC39A5/TGFBR3/VWC2/SOST/SMAD5,32
3,GO:0031348,negative regulation of defense response,43/1056,297/18986,0.1447811447811448,2.603044332210999,6.757372197871273,8.228195648007022e-9,1.600616926999102e-7,1.0400047091145322e-7,ACP5/APOA1/ADIPOQ/APCS/APOE/CCN3/CD200/CDH5/CR1/CXCL17/CD200R1/FURIN/CEACAM1/GRN/CST7/HAVCR2/HGF/IL12B/IL2RA/KLRD1/LDLR/LGALS9/LILRB1/MVK/MMP12/NT5E/IL22/PGLYRP1/PROC/REG3A/PTPRC/SIGLEC10/SPINK5/SLAMF8/TNFRSF1A/TNFRSF1B/SERPING1/TEK/TYRO3/TREM2/VSIG4/PLA2G10/SIRPA,43
3,GO:0046634,regulation of alpha-beta T cell activation,25/1056,122/18986,0.20491803278688525,3.6842554644808745,7.218284286607759,1.1929904108591448e-8,2.3033204374452777e-7,1.4965880099955843e-7,AGER/CD160/CD274/CD28/CD300A/CD55/CD80/CD83/CD86/CRTAM/IL12B/IL12RB1/IL2RA/IL4R/LGALS1/LGALS3/LGALS9/LILRB1/LILRB4/PTPRC/CLEC4G/TGFBR2/TNFRSF14/IFNG/XCL1,25
3,GO:0071887,leukocyte apoptotic process,25/1056,122/18986,0.20491803278688525,3.6842554644808745,7.218284286607759,1.1929904108591448e-8,2.3033204374452777e-7,1.4965880099955843e-7,ADAM8/AXL/CCL21/CD27/CD274/CD74/BMP4/CTSL/EFNA1/FAS/GAS6/FCAR/IDO1/IL2RA/IL7R/IL6/LGALS3/LGALS9/LILRB1/MERTK/KITLG/FASLG/PDCD1/ST6GAL1/TNFRSF21,25
3,GO:0002702,positive regulation of production of molecular mediator of immune response,27/1056,140/18986,0.19285714285714287,3.4674107142857142,7.111201515586153,1.2413996468070524e-8,2.387841484809834e-7,1.551505764391218e-7,B2M/CD160/CD244/CD28/CD55/CD74/CD86/CLEC7A/CD7/IL18R1/IL1R1/IL13RA1/IL4R/KLK7/KIT/IL6/LILRB1/MZB1/PTPRC/SEMA7A/SLAMF1/SPON2/TNFRSF14/TNFRSF4/TNFSF13/TFRC/XCL1,27
3,GO:0052548,regulation of endopeptidase activity,38/1056,248/18986,0.1532258064516129,2.754872311827957,6.750825154141553,1.2810761156924723e-8,2.454999024682043e-7,1.5951415379117383e-7,AGER/CR1/CTSD/CLEC7A/EFNA1/EPHA4/FABP1/FAS/F3/FURIN/GAS6/GSN/LAMP3/LGALS9/FETUB/FASLG/PLAUR/RET/ROBO1/RECK/SERPINA1/SERPINA4/SERPINA3/SERPINA5/SERPINA6/SERPIND1/SERPINF1/SERPINF2/SPINK5/TIMP1/TNF/TNFSF10/SERPING1/SERPINA11/SERPINA7/SERPINA9/SERPINI1/SPOCK1,38
3,GO:0060560,developmental growth involved in morphogenesis,37/1056,238/18986,0.15546218487394958,2.7950805322128853,6.76304158963263,1.339517870778148e-8,2.557486897726427e-7,1.6617332806300457e-7,ALCAM/APOE/CCL11/CDH1/BMP4/AREG/CSF1/DDR1/EDN1/DRAXIN/CLSTN3/FGFR2/FN1/CDH4/ITGB1/KIAA0319/ISLR2/L1CAM/NOTCH1/NRP1/NRCAM/NRP2/DSCAM/PTPRS/RGMA/RTN4R/SEMA3F/SEMA7A/SFRP1/SLITRK1/SPP1/TGFBR2/TNC/SYT1/POSTN/TNR/YAP1,37
3,GO:0002701,negative regulation of production of molecular mediator of immune response,15/1056,46/18986,0.32608695652173914,5.862771739130435,8.013457309207254,1.3721765179579764e-8,2.600577187526974e-7,1.6897313003646597e-7,ACP5/APOA1/AXL/BST2/CD22/APOA2/CR1/LILRB1/LILRB4/PRG2/SLAMF1/SPINK5/TNF/FCRL3/XCL1,15
3,GO:0008038,neuron recognition,15/1056,46/18986,0.32608695652173914,5.862771739130435,8.013457309207254,1.3721765179579764e-8,2.600577187526974e-7,1.6897313003646597e-7,CNTN4/CNTN2/CNTNAP2/EPHA4/IGSF9/CRTAC1/NCAM2/NRP1/NRCAM/DSCAM/PCDH12/ROBO1/ROBO2/ROBO4/TNFRSF21,15
3,GO:0032640,tumor necrosis factor production,32/1056,188/18986,0.1702127659574468,3.060283687943262,6.88965128786977,1.40294548268884e-8,2.639483198270427e-7,1.7150105746891619e-7,ACP5/AGER/ADIPOQ/AXL/CCL3/CD14/CLEC7A/CX3CL1/CLU/GAS6/HAVCR2/GPNMB/IFNGR1/IL12B/IL6/LEP/LGALS9/LILRA2/LILRA5/LILRB1/LILRB4/LPL/LY96/LBP/ORM1/PTPRC/SLAMF1/SPON2/TNFRSF8/TREM2/IFNG/SIRPA,32
3,GO:0032680,regulation of tumor necrosis factor production,32/1056,188/18986,0.1702127659574468,3.060283687943262,6.88965128786977,1.40294548268884e-8,2.639483198270427e-7,1.7150105746891619e-7,ACP5/AGER/ADIPOQ/AXL/CCL3/CD14/CLEC7A/CX3CL1/CLU/GAS6/HAVCR2/GPNMB/IFNGR1/IL12B/IL6/LEP/LGALS9/LILRA2/LILRA5/LILRB1/LILRB4/LPL/LY96/LBP/ORM1/PTPRC/SLAMF1/SPON2/TNFRSF8/TREM2/IFNG/SIRPA,32
3,GO:0016064,immunoglobulin mediated immune response,34/1056,209/18986,0.16267942583732056,2.9248405103668262,6.790502372195977,1.6245595746960708e-8,3.034277031724002e-7,1.9715288202451934e-7,C1R/C1RL/C1S/C3/C2/CD27/CD28/CD46/CD55/CD74/C5/C8B/CFI/CR1/CR2/C1QA/CLU/FCER2/C4BPB/C9/IL4R/FCGR3B/IGLC2/LTA/NCR3LG1/NECTIN2/PTPRC/TNF/TNFSF13/SERPING1/TREM2/C7/TFRC/XCL1,34
3,GO:0051216,cartilage development,34/1056,209/18986,0.16267942583732056,2.9248405103668262,6.790502372195977,1.6245595746960708e-8,3.034277031724002e-7,1.9715288202451934e-7,ACVRL1/BMP10/CCN1/CCN3/CCN4/CBS/BMP4/COL1A1/CHRDL2/COMP/CHI3L1/EDN1/EFEMP1/ECM1/GHR/HYAL1/CYTL1/GDF2/LEP/NPPC/OGN/PKD1/PBXIP1/FRZB/OPTC/MMP13/STC1/TGFBR2/TGFBI/TIMP1/LTBP3/PTH/SMAD5/WNT9A,34
3,GO:0016049,cell growth,59/1056,490/18986,0.12040816326530612,2.1648384353741497,6.339747177581204,1.8410353752230036e-8,3.4261867723012943e-7,2.226173119498232e-7,ACVRL1/ADAM15/ALCAM/BMP10/BST2/APOE/CCN3/CD38/CDH1/CDHR2/DDR1/EDN1/CXCL16/DRAXIN/EGFR/DCBLD2/ERBB2/CLSTN3/FBP1/FN1/CEACAM1/CDH4/HYAL1/IGFBP1/IGFBP4/IGFBP7/IGFBPL1/F2/GDF2/ITGB1/KIAA0319/ISLR2/L1CAM/KAZALD1/NRP1/NRCAM/NRP2/DSCAM/PI16/IGFBP3/PTPRS/RGMA/FRZB/RTN4R/HRG/SEMA3F/SEMA7A/SFRP1/SLITRK1/SPP1/TGFBR2/TNC/SYT1/SCGB3A1/IL17RB/POSTN/SPOCK1/TNR/YAP1,59
3,GO:0001649,osteoblast differentiation,39/1056,262/18986,0.14885496183206107,2.676288167938931,6.630512895624491,1.8734274070336794e-8,3.4739274400210857e-7,2.2571927335029036e-7,ATRAID/BAMBI/CCL3/CCN1/CCN4/ACHE/BMP4/BGLAP/AREG/COL1A1/CRIM1/CTHRC1/CLEC5A/EPHA2/FGFR2/HGF/FGF23/IGFBP2/GDF2/ITGA11/IL6ST/IL6/MYOC/NOTCH1/NPPC/PENK/IGFBP3/SEMA7A/SFRP1/SMOC1/PTPRB/SPP1/TNF/NELL1/IL6R/TNC/SMAD5/VCAN/YAP1,39
3,GO:0033002,muscle cell proliferation,38/1056,252/18986,0.15079365079365079,2.71114417989418,6.636188780416229,1.9951030144593657e-8,3.6862924872896165e-7,2.3951774352045657e-7,ACE2/ADIPOQ/APOD/BMP10/APOE/ANG/CCN3/CCN4/BMP4/CX3CL1/EDN1/EGFR/ELN/FGFR2/CDK1/DBH/ERN1/HGF/IGF1R/IL12B/ERBB4/ITGA2/IL6/MEGF10/MSTN/NOTCH1/NOTCH3/NPPC/OGN/IGFBP3/NOS3/SERPINF2/TAFA5/TGFBR3/TNF/IL6R/IFNG/YAP1,38
3,GO:0031103,axon regeneration,16/1056,54/18986,0.2962962962962963,5.32716049382716,7.727673250278987,2.134320452406645e-8,3.9294364043415197e-7,2.553160781788701e-7,APOA4/APOD/EPHA4/FOLR1/GRN/IGF1R/KIAA0319/NEFL/PTPRF/PTPRS/RGMA/PTN/RTN4R/SPP1/TNC/TNR,16
3,GO:0072678,T cell migration,19/1056,76/18986,0.25,4.494791666666667,7.408485551665697,2.2835296168387074e-8,4.1891797775101553e-7,2.7219296650237e-7,ADAM8/APOD/CCL3/CCL21/CD200/CD99/CD99L2/CXCL10/CXCL16/CD200R1/ECM1/CXCL13/ICAM1/CCL20/ITGB7/ITGAL/TNFRSF14/XG/XCL1,19
3,GO:2000146,negative regulation of cell motility,51/1056,398/18986,0.12814070351758794,2.303863065326633,6.379759428053138,2.2933382068524817e-8,4.1922547717462916e-7,2.7239276499457247e-7,ACVRL1/ADAM15/ADIPOQ/APOD/ANGPT2/BMP10/BST2/APOE/CCN3/ADGRG1/CCL21/CD300A/CD200/CD74/CCL25/CDH1/BMP4/C5/DCN/CX3CL1/DPP4/ENG/EPHA1/EPHA4/CD200R1/GDF15/CXCL13/ERBB4/GDF2/LRP1/NBL1/NOTCH1/IGFBP3/PTPRR/PTPRM/ROBO1/RECK/HRG/SERPINF1/SFRP1/SLURP1/STC1/TAFA5/TGFBR3/THY1/TIMP1/TNF/SLAMF8/KLRK1/TIE1/TACSTD2,51
3,GO:0019724,B cell mediated immunity,34/1056,212/18986,0.16037735849056603,2.883451257861635,6.692540750525248,2.3425689928218664e-8,4.2671177236737535e-7,2.7725700335351234e-7,C1R/C1RL/C1S/C3/C2/CD27/CD28/CD46/CD55/CD74/C5/C8B/CFI/CR1/CR2/C1QA/CLU/FCER2/C4BPB/C9/IL4R/FCGR3B/IGLC2/LTA/NCR3LG1/NECTIN2/PTPRC/TNF/TNFSF13/SERPING1/TREM2/C7/TFRC/XCL1,34
3,GO:0002718,regulation of cytokine production involved in immune response,25/1056,126/18986,0.1984126984126984,3.5672949735449735,7.016771175151785,2.3618430419838744e-8,4.2720353969918847e-7,2.7757653036353425e-7,ACP5/APOA1/AXL/B2M/BST2/CD160/CD55/CD74/APOA2/CLEC7A/CD7/IL18R1/IL1R1/KIT/IL6/LILRB1/LILRB4/PRG2/SEMA7A/SLAMF1/SPON2/TNF/TNFRSF14/TNFRSF1B/XCL1,25
3,GO:0010811,positive regulation of cell-substrate adhesion,25/1056,126/18986,0.1984126984126984,3.5672949735449735,7.016771175151785,2.3618430419838744e-8,4.2720353969918847e-7,2.7757653036353425e-7,APOA1/CCDC80/CCN1/CCL21/CCL25/CEACAM6/CSF1/CX3CL1/EPHA1/DMP1/FBLN2/FGA/FN1/AGR2/ITGA5/KDR/MYOC/NRP1/HRG/SFRP1/THY1/TEK/VWC2/EDIL3/VIT,25
3,GO:0002228,natural killer cell mediated immunity,20/1056,84/18986,0.23809523809523808,4.2807539682539675,7.313184691213197,2.401429411780785e-8,4.3284505656398416e-7,2.812421195541575e-7,CD160/CRTAM/CEACAM1/GZMB/HAVCR2/IL12B/KLRB1/KLRD1/LEP/LAG3/LGALS9/LILRB1/NCR1/NECTIN2/LAMP1/SLAMF6/SLAMF7/KLRK1/ULBP2/PVR,20
3,GO:0043434,response to peptide hormone,55/1056,446/18986,0.12331838565022421,2.217161808669656,6.3125960086979624,2.477713894386851e-8,4.4503885454927577e-7,2.8916506920737065e-7,ADM/AHSG/ADIPOQ/BAIAP2/ASS1/BSG/ACTN2/AGRP/BGLAP/AREG/COL1A1/CRHBP/CTSD/ECHDC3/EDN1/F7/CSRP3/FGF21/FBP1/GDF15/CEACAM1/GCG/GHR/CSH1/GOT1/GCNT1/IGFBP1/IGF1R/INHBB/KHK/LEP/MSTN/GIP/OXT/PCSK9/MZB1/NEFL/RARRES2/REG1A/REG1B/REG3A/RETN/SPINK1/GAL/TFF1/STC2/TGFBR3/TIMP1/TNFRSF11A/TNFSF10/TEK/LTA4H/REG3G/SORBS1/VGF,55
3,GO:0050728,negative regulation of inflammatory response,33/1056,203/18986,0.1625615763546798,2.922721674876847,6.683886660544136,2.6816127206583283e-8,4.799900546872807e-7,3.1187469580171053e-7,ACP5/APOA1/ADIPOQ/APCS/APOE/CCN3/CD200/CDH5/CXCL17/CD200R1/FURIN/GRN/CST7/HGF/IL12B/IL2RA/LDLR/MVK/NT5E/IL22/PGLYRP1/PROC/REG3A/PTPRC/SIGLEC10/SLAMF8/TNFRSF1A/TNFRSF1B/TEK/TYRO3/TREM2/PLA2G10/SIRPA,33
3,GO:0034109,homotypic cell-cell adhesion,22/1056,101/18986,0.21782178217821782,3.916254125412541,7.131397977592217,2.7788384895903334e-8,4.955495143503151e-7,3.21984492248242e-7,C1QTNF1/CD99/CEACAM5/CDHR2/CDHR5/COMP/DSC2/CXADR/DSG2/FGA/CEACAM1/GLA/IL6ST/FGL1/IL6/MEGF10/PDGFRA/PLAUR/IL6R/TYRO3/XG/TNFSF11,22
3,GO:0002367,cytokine production involved in immune response,25/1056,127/18986,0.1968503937007874,3.539206036745407,6.967670217916131,2.7877664240851872e-8,4.955495143503151e-7,3.21984492248242e-7,ACP5/APOA1/AXL/B2M/BST2/CD160/CD55/CD74/APOA2/CLEC7A/CD7/IL18R1/IL1R1/KIT/IL6/LILRB1/LILRB4/PRG2/SEMA7A/SLAMF1/SPON2/TNF/TNFRSF14/TNFRSF1B/XCL1,25
3,GO:1905517,macrophage migration,17/1056,62/18986,0.27419354838709675,4.929771505376343,7.521488388490614,2.8175445052098292e-8,4.991217156136313e-7,3.243055386354739e-7,B4GALT1/CCL3/CD200/C5/CSF1/CX3CL1/CSF1R/CXCL17/CD200R1/LGALS3/MSTN/MTUS1/RARRES2/SLAMF1/SLAMF8/TREM2/SFTPD,17
3,GO:0070098,chemokine-mediated signaling pathway,21/1056,93/18986,0.22580645161290322,4.059811827956989,7.178485808568671,2.9338765796275395e-8,5.179497865746564e-7,3.3653912315698746e-7,CCL11/CCL14/CCL18/CCL22/CCL23/CCL3/CCL7/CCL21/CCL15/CCL16/CCL25/CXCL10/CX3CL1/EDN1/CXCL9/CXCL13/CCL20/ROBO1/TFF2/TREM2/XCL1,21
3,GO:0010001,glial cell differentiation,39/1056,267/18986,0.14606741573033707,2.6261704119850187,6.494227202007164,3.173620112566197e-8,5.583621733883532e-7,3.627971689666118e-7,ACAN/AGER/BCAN/CDH2/CNTN1/CNTN2/DNER/DLL1/C1QA/EGFR/EPHA4/ERBB2/ERBB3/CLU/CDK1/GPC1/GRN/IFNGR1/F2/IL6ST/IL6/LDLR/LRP1/GFAP/MXRA8/MYOC/NCAN/NOTCH1/NTRK2/PTPRZ1/PTN/ROR1/SPINT1/TNF/TNFRSF1B/TNFRSF21/TREM2/IFNG/VCAN,39
3,GO:1903902,positive regulation of viral life cycle,11/1056,25/18986,0.44,7.910833333333334,8.39106179885714,3.2427991260786964e-8,5.685928399637986e-7,3.69444569251071e-7,AXL/BSG/CD4/CD74/CD209/FURIN/LGALS1/LGALS9/CLEC4G/SMPD1/TYRO3,11
3,GO:0030101,natural killer cell activation,22/1056,102/18986,0.21568627450980393,3.8778594771241828,7.072448423857979,3.359332683840832e-8,5.870291520406606e-7,3.8142360749265045e-7,AXL/CD160/CD244/CD48/GAS6/HAVCR2/IL12B/IL15RA/IL18R1/KLRD1/LEP/MERTK/NCR1/PGLYRP1/LAMP1/PTPRC/SLAMF1/SLAMF7/KLRK1/TYRO3/ULBP2/IL15,22
3,GO:0061448,connective tissue development,41/1056,290/18986,0.1413793103448276,2.5418821839080463,6.4212999141196425,3.617920226434313e-8,6.300803637590839e-7,4.0939623614914594e-7,ACVRL1/BMP10/CCN1/CCN3/CCN4/CD34/ACTA2/CBS/BMP4/COL1A1/COL5A1/CHRDL2/COMP/CSF1/CHI3L1/EDN1/EFEMP1/ECM1/GHR/HYAL1/CYTL1/GDF2/LEP/LPL/NOTCH1/NPPC/OGN/PKD1/PBXIP1/FRZB/OPTC/MMP13/STC1/TGFBR2/TGFBI/TIMP1/LTBP3/IL6R/PTH/SMAD5/WNT9A,41
3,GO:0050769,positive regulation of neurogenesis,37/1056,247/18986,0.14979757085020243,2.693235492577598,6.500395027208897,3.6523759666363026e-8,6.339393302360316e-7,4.1190360892563235e-7,ACAN/BAIAP2/BCAN/CDON/CX3CL1/EGFR/EPHA4/FN1/CDH4/IL6ST/ITGB1/ISLR2/KIT/IL6/L1CAM/GFAP/MME/LTA/NCAN/NOTCH1/NRP1/NTRK2/DSCAM/PLXNB2/NEFL/PTPRZ1/ROBO1/ROBO2/PTN/SERPINF1/SEMA7A/SPINT1/SLITRK1/TNF/TNFRSF1B/IFNG/VCAN,37
3,GO:0010975,regulation of neuron projection development,55/1056,452/18986,0.12168141592920353,2.1877304572271385,6.202255407790182,3.925149857421972e-8,6.789982387587337e-7,4.4118074342340925e-7,B2M/BAIAP2/APOE/CD38/CDH1/CNTN1/CNTN2/CX3CL1/DDR1/DRAXIN/EFNA1/EPHA4/ADGRB3/EPO/FN1/GLA/CDH4/GRN/IGF1R/IL15RA/KIAA0319/KLK6/ISLR2/L1CAM/GFAP/NCS1/NRP1/NRCAM/NTRK2/NTRK3/DSCAM/PLXNB2/NEFL/PTPRF/PTPRS/RGMA/RET/ROBO1/ROBO2/PTN/ROR1/RTN4R/SCARB2/KEL/SEMA3F/SERPINF1/SEZ6/SEMA7A/SFRP1/SLITRK1/SPP1/THY1/SERPINI1/SPOCK1/TNR,55
3,GO:0045124,regulation of bone resorption,14/1056,43/18986,0.32558139534883723,5.853682170542636,7.7326490081654065,4.276947677582075e-8,7.373801096299531e-7,4.791145048430263e-7,ADAM8/CD38/BGLAP/CSF1R/CALCA/EGFR/IL6/SPP1/TNFRSF11A/LTBP3/TNFRSF11B/TF/TFRC/TNFSF11,14
3,GO:0050820,positive regulation of coagulation,12/1056,31/18986,0.3870967741935484,6.959677419354838,8.059142238048741,4.34137859711599e-8,7.445510646742523e-7,4.837738501798909e-7,ANGPT2/CPB2/F7/F3/F2/F12/PLAU/PLAT/PLG/HRG/SERPINF2/THBD,12
3,GO:0030316,osteoclast differentiation,23/1056,112/18986,0.20535714285714285,3.6921502976190474,6.934632539281512,4.361870446782234e-8,7.445510646742523e-7,4.837738501798909e-7,CCL3/CCN4/CD109/BGLAP/CSF1/CSF1R/CALCA/EPHA2/FSTL3/IL12B/LILRB1/LILRB4/OSCAR/NOTCH2/SFRP1/TNFRSF11A/TNF/TNFRSF11B/TF/TREM2/IFNG/TFRC/TNFSF11,23
3,GO:1903557,positive regulation of tumor necrosis factor superfamily cytokine production,23/1056,112/18986,0.20535714285714285,3.6921502976190474,6.934632539281512,4.361870446782234e-8,7.445510646742523e-7,4.837738501798909e-7,ADAM8/AGER/CCL3/CD14/CD86/CLEC7A/CLU/HAVCR2/IFNGR1/IL12B/IL6/LEP/LGALS9/LILRA2/LILRA5/LPL/LY96/LBP/ORM1/PTPRC/SPON2/TNFRSF8/IFNG,23
3,GO:0019731,antibacterial humoral response,19/1056,79/18986,0.24050632911392406,4.324103375527427,7.184951980593428,4.50139841687252e-8,7.658319748837571e-7,4.976011729195192e-7,ADM/B2M/ANG/CALCA/FGA/KLK7/LGALS4/NCR3LG1/NPY/PI3/RNASE4/RNASE6/SPINK5/MMP7/SPON2/TF/WFDC2/JCHAIN/WFDC12,19
3,GO:0002347,response to tumor cell,15/1056,50/18986,0.3,5.39375,7.549589484437346,4.8923975591693916e-8,8.296154413657308e-7,5.390446341162398e-7,ADAM15/CD160/CD274/CRTAM/CEACAM1/HAVCR2/IGFBPL1/IL12B/NECTIN2/NOTCH1/PDCD1/NOTCH2/HRG/TNFRSF10B/PVR,15
3,GO:0048143,astrocyte activation,11/1056,26/18986,0.4230769230769231,7.606570512820513,8.180704342411106,5.338449402780926e-8,8.993368193246951e-7,5.843462676177814e-7,AGER/C1QA/EGFR/GRN/IFNGR1/IL6/LDLR/LRP1/TNF/TREM2/IFNG,11
3,GO:0050927,positive regulation of positive chemotaxis,11/1056,26/18986,0.4230769230769231,7.606570512820513,8.180704342411106,5.338449402780926e-8,8.993368193246951e-7,5.843462676177814e-7,AGER/F7/F3/ITGA2/KDR/NTRK3/PGF/SCG2/VEGFB/NTF3/VEGFD,11
3,GO:0032637,interleukin-8 production,22/1056,105/18986,0.20952380952380953,3.7670634920634924,6.899988912801103,5.842369069482433e-8,9.778380699085048e-7,6.35352644534966e-7,ADIPOQ/CD244/CD14/CD74/CD58/APOA2/CHI3L1/CLEC7A/CALCA/F3/FCN1/GDF2/IL6/LEP/LGALS9/LILRA2/LBP/PRG3/PTPRC/SSC5D/TNF/IL6R,22
3,GO:0032677,regulation of interleukin-8 production,22/1056,105/18986,0.20952380952380953,3.7670634920634924,6.899988912801103,5.842369069482433e-8,9.778380699085048e-7,6.35352644534966e-7,ADIPOQ/CD244/CD14/CD74/CD58/APOA2/CHI3L1/CLEC7A/CALCA/F3/FCN1/GDF2/IL6/LEP/LGALS9/LILRA2/LBP/PRG3/PTPRC/SSC5D/TNF/IL6R,22
3,GO:0014002,astrocyte development,14/1056,44/18986,0.3181818181818182,5.7206439393939394,7.607847203369372,5.9532985454564406e-8,9.931797411594806e-7,6.453209324354419e-7,AGER/DLL1/C1QA/EGFR/GRN/IFNGR1/IL6/LDLR/LRP1/GFAP/ROR1/TNF/TREM2/IFNG,14
3,GO:0002710,negative regulation of T cell mediated immunity,12/1056,32/18986,0.375,6.7421875,7.889491916035001,6.595351776058858e-8,1.0897127694097248e-6,7.080435003852661e-7,CD274/CD80/CEACAM1/IL7R/KLRD1/LILRB1/LILRB4/PDCD1/PTPRC/CLEC4G/SLAMF1/XCL1,12
3,GO:0061437,renal system vasculature development,12/1056,32/18986,0.375,6.7421875,7.889491916035001,6.595351776058858e-8,1.0897127694097248e-6,7.080435003852661e-7,ANGPT2/CD34/ACTA2/BMP4/EDN1/NOTCH1/NOTCH3/NRP1/NOTCH2/PDGFRA/TEK/IL6R,12
3,GO:0061440,kidney vasculature development,12/1056,32/18986,0.375,6.7421875,7.889491916035001,6.595351776058858e-8,1.0897127694097248e-6,7.080435003852661e-7,ANGPT2/CD34/ACTA2/BMP4/EDN1/NOTCH1/NOTCH3/NRP1/NOTCH2/PDGFRA/TEK/IL6R,12
3,GO:0030510,regulation of BMP signaling pathway,24/1056,124/18986,0.1935483870967742,3.479838709677419,6.723377900848106,7.383181859509187e-8,1.215984104976673e-6,7.900886052449381e-7,ACVRL1/BAMBI/BMPER/CCN1/CDH5/BMP4/CHRDL1/CHRDL2/CRIM1/ENG/FSTL1/FSTL3/FST/HJV/GDF2/KDR/NBL1/NOTCH1/NOTCH2/RGMA/SFRP1/SFRP4/VWC2/SOST,24
3,GO:0002275,myeloid cell activation involved in immune response,21/1056,98/18986,0.21428571428571427,3.852678571428571,6.871000904173042,7.730851744298664e-8,1.2691891956006246e-6,8.246587412121472e-7,ADGRE2/CCL3/CD300A/CHGA/GRN/HAVCR2/ITGAM/ITGB2/IL4R/KIT/LGALS9/LILRA2/GRP/PTGDS/LBP/MILR1/SLAMF1/TNF/TREM2/S100A13/IFNG,21
3,GO:0050729,positive regulation of inflammatory response,28/1056,162/18986,0.1728395061728395,3.1075102880658436,6.537600356066334,7.958484001571645e-8,1.3023871442838142e-6,8.462291884447594e-7,ADAM8/C3/CCL3/CCN4/CD28/CX3CL1/CTSC/FABP4/GRN/IDO1/IL12B/IL6ST/IL6/LDLR/LGALS1/LILRA5/LPL/LTA/OSMR/LBP/TNFRSF11A/TNF/TNFRSF1A/TREM2/IFNG/IL15/PLA2G7/TNFSF11,28
3,GO:0034375,high-density lipoprotein particle remodeling,9/1056,17/18986,0.5294117647058824,9.518382352941178,8.527200746767877,7.983595297646661e-8,1.3023871442838142e-6,8.462291884447594e-7,APOA1/APOA4/APOC1/APOM/APOE/APOA2/LCAT/LPL/PLTP,9
3,GO:0030194,positive regulation of blood coagulation,11/1056,27/18986,0.4074074074074074,7.324845679012345,7.981255564606931,8.556187213913314e-8,1.387017141123369e-6,9.012177330245669e-7,CPB2/F7/F3/F2/F12/PLAU/PLAT/PLG/HRG/SERPINF2/THBD,11
3,GO:1900048,positive regulation of hemostasis,11/1056,27/18986,0.4074074074074074,7.324845679012345,7.981255564606931,8.556187213913314e-8,1.387017141123369e-6,9.012177330245669e-7,CPB2/F7/F3/F2/F12/PLAU/PLAT/PLG/HRG/SERPINF2/THBD,11
3,GO:0050922,negative regulation of chemotaxis,15/1056,52/18986,0.28846153846153844,5.186298076923077,7.335973412208248,8.770603578512285e-8,1.417318540665543e-6,9.209061404661307e-7,ANGPT2/CCN3/C5/DPP4/CXCL13/NBL1/NOTCH1/NRP1/ROBO1/ROBO2/HRG/SEMA3F/ST6GAL1/SLAMF8/KLRK1,15
3,GO:0044406,adhesion of symbiont to host,8/1056,13/18986,0.6153846153846154,11.064102564102566,8.80898442068351,8.940488415977272e-8,1.4357700244349793e-6,9.328950365515553e-7,ACE2/CD209/DPP4/CLEC4M/GAS6/ICAM1/INHBB/NECTIN2,8
3,GO:0051918,negative regulation of fibrinolysis,8/1056,13/18986,0.6153846153846154,11.064102564102566,8.80898442068351,8.940488415977272e-8,1.4357700244349793e-6,9.328950365515553e-7,CPB2/F2/PLAU/PLAT/PLG/HRG/SERPINF2/THBD,8
3,GO:0034368,protein-lipid complex remodeling,12/1056,33/18986,0.36363636363636365,6.537878787878788,7.726957960973043,9.840795904740695e-8,1.570566652908306e-6,1.0204794710407332e-6,APOA1/APOA4/APOC1/APOM/APOE/APOA2/FURIN/LCAT/LPL/PLTP/PLA2G10/PLA2G7,12
3,GO:0034369,plasma lipoprotein particle remodeling,12/1056,33/18986,0.36363636363636365,6.537878787878788,7.726957960973043,9.840795904740695e-8,1.570566652908306e-6,1.0204794710407332e-6,APOA1/APOA4/APOC1/APOM/APOE/APOA2/FURIN/LCAT/LPL/PLTP/PLA2G10/PLA2G7,12
3,GO:0097006,regulation of plasma lipoprotein particle levels,20/1056,91/18986,0.21978021978021978,3.9514652014652016,6.849076708050947,1.0080649228398813e-7,1.603881073222095e-6,1.0421255959962646e-6,APOA1/APOA4/ADIPOQ/APOC1/APOM/APOE/APOA2/FGF21/FURIN/CES3/IL19/LCAT/LDLR/LPL/MSR1/PCSK9/PLTP/TREM2/PLA2G10/PLA2G7,20
3,GO:1905521,regulation of macrophage migration,14/1056,46/18986,0.30434782608695654,5.471920289855073,7.36936550909122,1.118968534451662e-7,1.774856244645636e-6,1.15321712603245e-6,CCL3/CD200/C5/CSF1/CX3CL1/CSF1R/CXCL17/CD200R1/MSTN/MTUS1/RARRES2/SLAMF1/SLAMF8/TREM2,14
3,GO:0002573,myeloid leukocyte differentiation,36/1056,247/18986,0.145748987854251,2.6204453441295548,6.220950897272096,1.1291648118633944e-7,1.7855351549557663e-6,1.1601557737647148e-6,ADIPOQ/APCS/CCL3/CCN4/CD4/CD109/CD74/BMP4/BGLAP/CSF1/CSF1R/CALCA/EPHA2/FSTL3/CEACAM1/IL12B/KIT/LILRB1/LILRB4/ITGB6/LTBR/KITLG/OSCAR/NOTCH2/PRTN3/SFRP1/TGFBR2/TNFRSF11A/TNF/TNFRSF11B/TF/TREM2/IFNG/IL15/TFRC/TNFSF11,36
3,GO:0002286,T cell activation involved in immune response,25/1056,136/18986,0.18382352941176472,3.3049938725490198,6.5468240206575725,1.1419780372296459e-7,1.8002742452351145e-6,1.1697325332254092e-6,CD46/CD74/CD80/CD1C/CLEC4D/CD86/CEACAM1/HAVCR2/ICAM1/IL12B/IL12RB1/IL18R1/IL6ST/IL4R/IL6/LGALS1/LGALS3/LGALS9/LILRB1/LY9/ITGAL/SLAMF6/IL6R/TREM2/IFNG,25
3,GO:0090092,regulation of transmembrane receptor protein serine/threonine kinase signaling pathway,43/1056,326/18986,0.13190184049079753,2.371485173824131,6.061654967813997,1.2787854755238915e-7,2.0021396950889926e-6,1.3008950961811578e-6,ACVRL1/ADAMTSL2/ASPN/BMP10/BAMBI/BMPER/CCN1/CCN3/CD109/CDH3/CDH5/BMP4/CHRDL1/CILP/CHRDL2/CRIM1/DKK3/ENG/FOLR1/FSTL1/FSTL3/GDF15/FST/HJV/GDF2/KIAA0319/KDR/LRP1/NBL1/NOTCH1/LRG1/NOMO1/NOTCH2/RGMA/SFRP1/SFRP4/TGFBR2/TGFBR3/VASN/VWC2/SOST/WFIKKN1/WFIKKN2,43
3,GO:0001894,tissue homeostasis,38/1056,270/18986,0.14074074074074075,2.5304012345679014,6.146498588684751,1.28168011518791e-7,2.0021396950889926e-6,1.3008950961811578e-6,ACP5/ADAM8/BSG/CD38/CD34/CDH3/CDH5/BGLAP/COMP/CSF1/CSF1R/CXADR/CALCA/EGFR/ESAM/CYTL1/ITGB1/JAM2/IL6/NOTCH1/OCLN/NT5E/NOS3/SERPINA3/MUC2/TFF1/TFF2/SPP1/MUC13/TNFRSF11A/LTBP3/TFF3/TNFRSF11B/TF/PTH/TFRC/TNFSF11/YAP1,38
3,GO:0060249,anatomical structure homeostasis,38/1056,270/18986,0.14074074074074075,2.5304012345679014,6.146498588684751,1.28168011518791e-7,2.0021396950889926e-6,1.3008950961811578e-6,ACP5/ADAM8/BSG/CD38/CD34/CDH3/CDH5/BGLAP/COMP/CSF1/CSF1R/CXADR/CALCA/EGFR/ESAM/CYTL1/ITGB1/JAM2/IL6/NOTCH1/OCLN/NT5E/NOS3/SERPINA3/MUC2/TFF1/TFF2/SPP1/MUC13/TNFRSF11A/LTBP3/TFF3/TNFRSF11B/TF/PTH/TFRC/TNFSF11/YAP1,38
3,GO:0042692,muscle cell differentiation,52/1056,432/18986,0.12037037037037036,2.164158950617284,5.939945959948686,1.3079189886145471e-7,2.036955403718426e-6,1.3235166868409888e-6,ADAM12/ADAMTS15/ADM/BMP10/ACTN2/CCN3/CDH2/CEACAM5/BMP4/CDON/COMP/CXCL10/DNER/DLL1/CXADR/EDN1/CXCL9/ENG/ADGRB3/CSRP3/DUSP29/FGFR2/GDF15/CDK1/ITGB1/IL4R/JAM2/KRT8/KIT/KRT19/KLHL41/CAPN3/MYBPC1/MYBPC2/MEGF10/MYOM2/LMOD1/MYOM3/NEB/NOTCH1/NFATC3/NOS1/PI16/NOTCH2/PDGFRA/LAMB1/KEL/SDC1/SCGB3A1/SEMA4C/WFIKKN1/WFIKKN2,52
3,GO:0045621,positive regulation of lymphocyte differentiation,25/1056,137/18986,0.18248175182481752,3.2808698296836982,6.502251177908822,1.324283143120302e-7,2.0562287960196255e-6,1.336039619977426e-6,ADAM8/AXL/CD27/CD46/CD74/CD80/CD83/CD86/CR1/GAS6/IL12B/IL12RB1/IL15RA/IL2RA/IL7R/IL4R/LGALS9/LILRB4/LILRB2/PTPRC/TGFBR2/IFNG/IL15/IL1RL2/VNN1,25
3,GO:0051347,positive regulation of transferase activity,41/1056,304/18986,0.13486842105263158,2.424821820175439,6.077609334444595,1.3589281802185386e-7,2.103686116824795e-6,1.3668751286408693e-6,APOA1/APOA4/ADIPOQ/ADAM9/APOE/CCN1/CD200/CD4/CD74/APOA2/CHI3L1/CSF1R/EDN1/CALCA/EFNA1/EGFR/EPHA4/ERBB2/EPO/GAS6/GCG/GHR/ARHGEF5/CLSPN/ERN1/FLT1/F2/LEP/LILRA5/NTRK3/PILRB/PTPRC/ROBO1/TNFRSF10A/TNFRSF10B/TNFRSF11A/TNF/TREM2/IFNG/NTF3/TNFSF11,41
3,GO:0060348,bone development,33/1056,217/18986,0.15207373271889402,2.734158986175115,6.235127311649711,1.3781430064688276e-7,2.1270440713613193e-6,1.3820520159419508e-6,ACP5/CCN4/CBS/BMP4/BGLAP/CHAD/COL1A1/COMP/ENG/ECM1/FGFR2/GHR/KDR/LEP/LILRB1/ITGB6/MYOC/LEPR/NPPC/OGN/PHOSPHO1/NOTCH2/PTPRC/OPTC/SFRP4/MMP13/STC1/TGFBR2/LTBP3/TEK/PTH/SMAD5/TNFSF11,33
3,GO:0050901,leukocyte tethering or rolling,12/1056,34/18986,0.35294117647058826,6.345588235294118,7.5710227677841715,1.4440805842526036e-7,2.2155462535185034e-6,1.4395565222718624e-6,CCL21/CCL25/GCNT1/ITGB1/JAM2/ITGB7/LEP/PODXL2/SELE/TNF/VCAM1/SELL,12
3,GO:0070570,regulation of neuron projection regeneration,12/1056,34/18986,0.35294117647058826,6.345588235294118,7.5710227677841715,1.4440805842526036e-7,2.2155462535185034e-6,1.4395565222718624e-6,EPHA4/GRN/IGF1R/KIAA0319/PTPRF/PTPRS/RGMA/PTN/RTN4R/SPP1/THY1/TNR,12
3,GO:0002923,regulation of humoral immune response mediated by circulating immunoglobulin,9/1056,18/18986,0.5,8.989583333333334,8.22994111828363,1.5177482485889127e-7,2.3147905980697767e-6,1.5040407745281596e-6,CD46/CR1/CR2/FCER2/C4BPB/LTA/PTPRC/TNF/TREM2,9
3,GO:0010755,regulation of plasminogen activation,9/1056,18/18986,0.5,8.989583333333334,8.22994111828363,1.5177482485889127e-7,2.3147905980697767e-6,1.5040407745281596e-6,CTSZ/CLEC3B/CPB2/F12/MELTF/PLAU/PLAUR/PLAT/SERPINF2,9
3,GO:0007219,Notch signaling pathway,30/1056,187/18986,0.16042780748663102,2.8843582887700534,6.284402992161685,1.5385000320623228e-7,2.339518485333709e-6,1.5201077789232453e-6,ACVRL1/AGXT/CCN3/CD46/CDH6/CNTN1/DLK1/DNER/DLL1/DTX3/EGFL7/GOT1/GDF2/IL2RA/IL6ST/KIT/KRT19/NOTCH1/NOTCH3/NOTCH2/PTP4A3/NOS3/ROBO1/ROBO2/SEL1L/SUSD5/TGFBR2/POSTN/TIMP4/YAP1,30
3,GO:1990868,response to chemokine,21/1056,102/18986,0.20588235294117646,3.7015931372549016,6.639267232247656,1.5966308045823952e-7,2.4136750139654682e-6,1.5682911622723202e-6,CCL11/CCL14/CCL18/CCL22/CCL23/CCL3/CCL7/CCL21/CCL15/CCL16/CCL25/CXCL10/CX3CL1/EDN1/CXCL9/CXCL13/CCL20/ROBO1/TFF2/TREM2/XCL1,21
3,GO:1990869,cellular response to chemokine,21/1056,102/18986,0.20588235294117646,3.7015931372549016,6.639267232247656,1.5966308045823952e-7,2.4136750139654682e-6,1.5682911622723202e-6,CCL11/CCL14/CCL18/CCL22/CCL23/CCL3/CCL7/CCL21/CCL15/CCL16/CCL25/CXCL10/CX3CL1/EDN1/CXCL9/CXCL13/CCL20/ROBO1/TFF2/TREM2/XCL1,21
3,GO:0035710,"CD4-positive, alpha-beta T cell activation",24/1056,129/18986,0.18604651162790697,3.3449612403100772,6.485468261950466,1.6119735339023114e-7,2.429743733118835e-6,1.5787318513010635e-6,AGER/CD160/CD274/CD28/CD55/CD80/CD83/CD86/CTSL/IL12B/IL12RB1/IL18R1/IL2RA/IL6ST/IL4R/IL6/LGALS1/LGALS9/LY9/SLAMF6/TGFBR2/IL6R/IFNG/XCL1,24
3,GO:0002855,regulation of natural killer cell mediated immune response to tumor cell,7/1056,10/18986,0.7,12.585416666666665,8.893166777621097,1.6714190644974636e-7,2.512001538625197e-6,1.6321790588402424e-6,CD160/CRTAM/CEACAM1/HAVCR2/IL12B/NECTIN2/PVR,7
3,GO:0048659,smooth muscle cell proliferation,29/1056,178/18986,0.16292134831460675,2.929190074906367,6.2756805274925895,1.7596820831717995e-7,2.6369654473112287e-6,1.7133746599304363e-6,ACE2/ADIPOQ/APOD/APOE/ANG/CCN3/CCN4/BMP4/CX3CL1/EDN1/EGFR/ELN/FGFR2/DBH/ERN1/IGF1R/IL12B/ITGA2/IL6/NOTCH3/NPPC/OGN/IGFBP3/NOS3/SERPINF2/TAFA5/TNF/IL6R/IFNG,29
3,GO:0150077,regulation of neuroinflammatory response,13/1056,41/18986,0.3170731707317073,5.700711382113822,7.312322303973407,1.8560521578290267e-7,2.7733185140894588e-6,1.8019703939624602e-6,CCL3/CD200/CTSC/CD200R1/GRN/CST7/IL6/LDLR/PTPRC/TNF/TNFRSF1B/TREM2/MMP3,13
3,GO:0032612,interleukin-1 production,24/1056,130/18986,0.18461538461538463,3.3192307692307694,6.439289795273599,1.874321763013472e-7,2.7844751263211665e-6,1.8092194296705196e-6,ACP5/AGER/APOA1/CCL3/CLEC7A/CX3CL1/CALCA/GAS6/CEACAM1/HAVCR2/IL1R2/IL6/LGALS9/LILRA2/LILRA5/LILRB4/LPL/ORM1/TNF/TREM2/S100A13/IFNG/PYDC1/SIRPA,24
3,GO:0032652,regulation of interleukin-1 production,24/1056,130/18986,0.18461538461538463,3.3192307692307694,6.439289795273599,1.874321763013472e-7,2.7844751263211665e-6,1.8092194296705196e-6,ACP5/AGER/APOA1/CCL3/CLEC7A/CX3CL1/CALCA/GAS6/CEACAM1/HAVCR2/IL1R2/IL6/LGALS9/LILRA2/LILRA5/LILRB4/LPL/ORM1/TNF/TREM2/S100A13/IFNG/PYDC1/SIRPA,24
3,GO:0006910,"phagocytosis, recognition",11/1056,29/18986,0.3793103448275862,6.819683908045977,7.611332699986858,2.048250192299818e-7,3.034117741754472e-6,1.9714253212032732e-6,CFP/COLEC12/CLEC7A/C4BPB/FCN1/FCN2/MEGF10/LBP/SPON2/PTX3/TREM2,11
3,GO:0034367,protein-containing complex remodeling,12/1056,35/18986,0.34285714285714286,6.164285714285715,7.421220456615285,2.0866231289970255e-7,3.0821037908251194e-6,2.00260437233254e-6,APOA1/APOA4/APOC1/APOM/APOE/APOA2/FURIN/LCAT/LPL/PLTP/PLA2G10/PLA2G7,12
3,GO:0019216,regulation of lipid metabolic process,44/1056,344/18986,0.12790697674418605,2.2996608527131785,5.903507539252416,2.219572183706987e-7,3.2691127448598623e-06,2.1241138912949274e-6,ADM/APOA1/APOA4/ADIPOQ/APOC1/APOD/APOE/C3/CCN1/ANGPTL3/CD74/CES1/BGLAP/APOA2/DKK3/FABP1/FABP3/ENDOU/CLSTN3/FGF21/ENPP7/GDF15/CEACAM1/EPHX2/IGFBP7/IGF1R/F2/KIT/LDLR/LEP/NPC2/GIP/PSAP/RARRES2/SCARB2/SERPINA3/PSAPL1/GAL/TNF/TNFRSF1A/TREM2/IFNG/SCT/SORBS1,44
3,GO:1905954,positive regulation of lipid localization,22/1056,113/18986,0.19469026548672566,3.5003687315634218,6.469488214220146,2.2985445805845833e-7,3.375782710231774e-6,2.1934229585905366e-6,APOA1/ADIPOQ/APOE/C3/C1QTNF1/CES1/EDN1/FABP3/LRP1/LPL/FASLG/MSR1/OXT/PLTP/PRAP1/RETN/GAL/SPP1/TNFRSF11A/TREM2/PLA2G10/TNFSF11,22
3,GO:0001912,positive regulation of leukocyte mediated cytotoxicity,17/1056,71/18986,0.23943661971830985,4.304870892018779,6.7706071359621,2.454808414786385e-7,3.595039027904493e-6,2.3358852798595326e-6,B2M/CD160/CD1C/CRTAM/IL12B/IL12RB1/ITGAM/KLRD1/LAG3/NECTIN2/LAMP1/PTPRC/SLAMF6/KLRK1/ULBP2/PVR/XCL1,17
3,GO:0045580,regulation of T cell differentiation,30/1056,191/18986,0.15706806282722513,2.8239528795811517,6.148316957672604,2.4743255233886043e-7,3.6133563946368997e-6,2.347787033076648e-6,ADAM8/CD27/CD28/CD46/CD74/CD80/CD83/BMP4/CD86/CR1/CRTAM/ERBB2/IL12B/IL12RB1/IL2RA/IL7R/IL4R/LGALS1/LAG3/LGALS9/LILRB4/LILRB2/PTPRC/CLEC4G/SPINK5/TGFBR2/IFNG/IL15/IL1RL2/VNN1,30
3,GO:0045834,positive regulation of lipid metabolic process,24/1056,132/18986,0.18181818181818182,3.268939393939394,6.348267591528995,2.521075625995543e-7,3.6712273593240184e-6,2.3853888319708055e-6,ADM/APOA1/APOA4/ADIPOQ/APOE/CCN1/ANGPTL3/CD74/CES1/APOA2/FABP1/FABP3/CLSTN3/FGF21/ENPP7/GDF15/IGF1R/F2/LDLR/TNF/TNFRSF1A/IFNG/SCT/SORBS1,24
3,GO:0002691,regulation of cellular extravasation,13/1056,42/18986,0.30952380952380953,5.564980158730159,7.187449594170337,2.551830054396304e-7,3.684785414681498e-6,2.3941982111422794e-6,ADAM8/AGER/CCL21/CD99/CD99L2/CCL25/GCNT1/ICAM1/IL1R1/LYVE1/SELE/THY1/XG,13
3,GO:0032733,positive regulation of interleukin-10 production,13/1056,42/18986,0.30952380952380953,5.564980158730159,7.187449594170337,2.551830054396304e-7,3.684785414681498e-6,2.3941982111422794e-6,CD274/CD28/CD46/CD83/CLEC7A/HGF/IL12B/IL6/LGALS9/LILRA5/TIGIT/TREM2/XCL1,13
3,GO:0048246,macrophage chemotaxis,13/1056,42/18986,0.30952380952380953,5.564980158730159,7.187449594170337,2.551830054396304e-7,3.684785414681498e-6,2.3941982111422794e-6,CCL3/C5/CSF1/CX3CL1/CSF1R/CXCL17/LGALS3/MSTN/MTUS1/RARRES2/SLAMF1/SLAMF8/SFTPD,13
3,GO:0032602,chemokine production,21/1056,105/18986,0.2,3.5958333333333337,6.473006951539999,2.678615685022669e-7,3.846313051891883e-6,2.499151183035371e-6,AGER/ADIPOQ/APOD/CD74/C5/CLEC7A/CSF1R/EPHA2/HAVCR2/IL4R/IL6/LGALS9/LILRB4/LPL/LBP/TNF/IL6R/TREM2/IFNG/POSTN/SIRPA,21
3,GO:0032642,regulation of chemokine production,21/1056,105/18986,0.2,3.5958333333333337,6.473006951539999,2.678615685022669e-7,3.846313051891883e-6,2.499151183035371e-6,AGER/ADIPOQ/APOD/CD74/C5/CLEC7A/CSF1R/EPHA2/HAVCR2/IL4R/IL6/LGALS9/LILRB4/LPL/LBP/TNF/IL6R/TREM2/IFNG/POSTN/SIRPA,21
3,GO:0002693,positive regulation of cellular extravasation,9/1056,19/18986,0.47368421052631576,8.516447368421053,7.954945603019804,2.741171773161271e-7,3.9252056918462085e-6,2.550411866140107e-6,ADAM8/AGER/CD99/CD99L2/ICAM1/IL1R1/LYVE1/THY1/XG,9
3,GO:0032370,positive regulation of lipid transport,19/1056,88/18986,0.2159090909090909,3.8818655303030303,6.575885479982853,2.8179771678793395e-7,4.024008947484209e-6,2.614609519811068e-6,APOA1/ADIPOQ/APOE/C1QTNF1/CES1/EDN1/FABP3/LRP1/FASLG/OXT/PLTP/PRAP1/RETN/GAL/SPP1/TNFRSF11A/TREM2/PLA2G10/TNFSF11,19
3,GO:0072012,glomerulus vasculature development,11/1056,30/18986,0.36666666666666664,6.592361111111111,7.439257635406307,3.0718326648890823e-7,4.374391543509176e-6,2.8422714567249375e-6,ANGPT2/CD34/ACTA2/BMP4/EDN1/NOTCH1/NOTCH3/NOTCH2/PDGFRA/TEK/IL6R,11
3,GO:0071216,cellular response to biotic stimulus,37/1056,269/18986,0.137546468401487,2.4729708798017347,5.904719831524346,3.3584228159141083e-7,4.769330472737528e-6,3.0988839786106114e-6,ADAM9/AXL/B2M/ASS1/CD274/CD14/CD55/CD80/CD86/CXCL10/CLEC7A/CX3CL1/CXCL9/CXCL13/FCAR/HAVCR2/IGFBPL1/IL12B/IL6/LILRA2/LILRB1/LILRB2/MRC1/LY96/ADAMTS13/NOTCH1/NOTCH2/PDCD1LG2/LBP/NOS3/SPON2/TNF/TNFRSF1B/KLRK1/TREM2/MMP3/SIRPA,37
3,GO:0033674,positive regulation of kinase activity,36/1056,258/18986,0.13953488372093023,2.5087209302325584,5.921342511837268,3.385210447403762e-7,4.794164795705053e-6,3.1150201398608363e-6,ADIPOQ/ADAM9/CCN1/CD4/CD74/CHI3L1/CSF1R/EDN1/CALCA/EFNA1/EGFR/EPHA4/ERBB2/EPO/GAS6/GCG/GHR/ARHGEF5/CLSPN/ERN1/FLT1/F2/LEP/LILRA5/NTRK3/PILRB/PTPRC/ROBO1/TNFRSF10A/TNFRSF10B/TNFRSF11A/TNF/TREM2/IFNG/NTF3/TNFSF11,36
3,GO:0048660,regulation of smooth muscle cell proliferation,28/1056,174/18986,0.16091954022988506,2.893199233716475,6.088363506921925,3.711945269399728e-7,5.242487085960438e-6,3.4063186293381208e-6,ACE2/ADIPOQ/APOD/APOE/ANG/CCN4/BMP4/CX3CL1/EDN1/EGFR/ELN/FGFR2/DBH/ERN1/IGF1R/IL12B/ITGA2/IL6/NOTCH3/NPPC/OGN/IGFBP3/NOS3/SERPINF2/TAFA5/TNF/IL6R/IFNG,28
3,GO:1903317,regulation of protein maturation,17/1056,73/18986,0.2328767123287671,4.186929223744292,6.620651873948151,3.7702012294675857e-7,5.310215119646285e-6,3.450325082590123e-6,ADAM8/CNTN2/CTSZ/CLEC3B/CPB2/FGA/FURIN/GSN/IL1R2/F12/KLKB1/MELTF/PLAU/PLAUR/PLAT/SERPINF2/SPON1,17
3,GO:0098883,synapse pruning,8/1056,15/18986,0.5333333333333333,9.588888888888889,8.075782559436615,4.04356307059583e-7,5.679718699978611e-6,3.690410925178813e-6,C3/CX3CL1/C1QA/EPHA4/ADGRB3/ITGAM/ITGB1/TREM2,8
3,GO:0048708,astrocyte differentiation,19/1056,90/18986,0.2111111111111111,3.7956018518518517,6.451470995672668,4.085673378735312e-7,5.723273442222971e-6,3.7187107240090853e-6,AGER/CNTN2/DLL1/C1QA/EGFR/EPHA4/GRN/IFNGR1/F2/IL6ST/IL6/LDLR/LRP1/GFAP/NOTCH1/ROR1/TNF/TREM2/IFNG,19
3,GO:0032693,negative regulation of interleukin-10 production,10/1056,25/18986,0.4,7.191666666666667,7.5178571283623,4.1230968243240124e-7,5.7600444795095615e-6,3.7426027941802907e-6,AGER/CD274/DLL1/IDO1/IL12B/LILRB1/LILRB4/PDCD1LG2/PRG2/TNFRSF21,10
3,GO:0061756,leukocyte adhesion to vascular endothelial cell,15/1056,58/18986,0.25862068965517243,4.649784482758621,6.755787313770475,4.251877605320569e-7,5.923899744710144e-6,3.8490681479744105e-6,CCL21/CCL25/GCNT1/ITGB1/ITGB2/JAM2/ITGB7/IL6/LEP/LRG1/PODXL2/SELE/TNF/VCAM1/SELL,15
3,GO:0002423,natural killer cell mediated immune response to tumor cell,7/1056,11/18986,0.6363636363636364,11.441287878787879,8.406333882310607,4.374619904167462e-7,6.078481295413279e-6,3.949507883404983e-6,CD160/CRTAM/CEACAM1/HAVCR2/IL12B/NECTIN2/PVR,7
3,GO:0032760,positive regulation of tumor necrosis factor production,21/1056,108/18986,0.19444444444444445,3.495949074074074,6.312722838140494,4.3997733161007485e-7,6.096997700134236e-6,3.9615389620352524e-6,AGER/CCL3/CD14/CLEC7A/CLU/HAVCR2/IFNGR1/IL12B/IL6/LEP/LGALS9/LILRA2/LILRA5/LPL/LY96/LBP/ORM1/PTPRC/SPON2/TNFRSF8/IFNG,21
3,GO:0014823,response to activity,18/1056,82/18986,0.21951219512195122,3.9466463414634148,6.489409819184627,4.443322167044442e-7,6.140838008341582e-6,3.99002430803878e-6,ADIPOQ/ANGPT2/BGLAP/EDN1/FGF21/FN1/GCG/CDK1/ITGA5/ITGA2/ITGB1/IL6/LEP/CAPN3/MSTN/OXT/TNF/POSTN,18
3,GO:0034250,positive regulation of amide metabolic process,11/1056,31/18986,0.3548387096774194,6.379704301075269,7.2748571961637545,4.522564807736698e-7,6.217019089035381e-6,4.039523148973523e-6,APOE/CCN1/EFNA1/EPHA4/CLU/ENPP7/IFNGR1/TNF/TNFRSF1A/GSAP/IFNG,11
3,GO:0071295,cellular response to vitamin,11/1056,31/18986,0.3548387096774194,6.379704301075269,7.2748571961637545,4.522564807736698e-7,6.217019089035381e-6,4.039523148973523e-6,BGLAP/COL1A1/FOLR1/FOLR2/GAS6/FGF23/LEP/PENK/SFRP1/TNC/POSTN,11
3,GO:0045453,bone resorption,16/1056,66/18986,0.24242424242424243,4.358585858585859,6.633075976771501,4.604648010877843e-7,6.31302140853066e-6,4.101900887629702e-6,ACP5/ADAM8/CD38/BGLAP/CSF1R/CALCA/EGFR/IL6/SPP1/TNFRSF11A/LTBP3/TNFRSF11B/TF/PTH/TFRC/TNFSF11,16
3,GO:1903053,regulation of extracellular matrix organization,17/1056,74/18986,0.22972972972972974,4.130349099099099,6.547673549399368,4.6435370608509896e-7,6.333877362302495e-6,4.115452093898931e-6,CST3/DDR1/DPP4/CPB2/FAP/IL6/LRP1/ANGPTL7/NOTCH1/MELTF/LAMB1/RECK/TGFBR3/TNFRSF1A/TNFRSF1B/TIE1/TNXB,17
3,GO:0001914,regulation of T cell mediated cytotoxicity,14/1056,51/18986,0.27450980392156865,4.935457516339869,6.8295922702949925,4.644433836955079e-7,6.333877362302495e-6,4.115452093898931e-6,AGER/B2M/CD1C/CEACAM1/IL12B/IL12RB1/IL7R/KLRD1/LILRB1/NECTIN2/PTPRC/ULBP2/PVR/XCL1,14
3,GO:0046006,regulation of activated T cell proliferation,13/1056,44/18986,0.29545454545454547,5.312026515151516,6.949314391282334,4.67875528224444e-7,6.363847883897121e-6,4.134925512595975e-6,AGER/CD274/CRTAM/EPO/ICOSLG/IGFBP2/IL12B/IL12RB1/IL2RA/LGALS9/LILRB4/PDCD1LG2/SLAMF1,13
3,GO:0032368,regulation of lipid transport,26/1056,156/18986,0.16666666666666666,2.9965277777777777,6.076585474462902,4.789320856658752e-7,6.480807030609676e-6,4.210920000285872e-6,APOA1/APOA4/ADIPOQ/APOC1/APOE/C1QTNF1/CES1/APOA2/EDN1/FABP3/FURIN/ITGAV/LRP1/FASLG/OXT/PCSK9/PLTP/PRAP1/RETN/GAL/SPP1/TNFRSF11A/TREM2/PLA2G10/REN/TNFSF11,26
3,GO:0022612,gland morphogenesis,23/1056,127/18986,0.18110236220472442,3.2560695538057747,6.190733801085377,4.799087093452364e-7,6.480807030609676e-6,4.210920000285872e-6,CCL11/BMP4/AREG/CSF1/DDR1/CSF1R/EGFR/EPHA2/CPB2/FGFR2/CEACAM1/HGF/FGL1/IL6/NOTCH1/NRP1/NOTCH2/PTN/SFRP1/TGFA/TGFBR2/TNF/TNC,23
3,GO:0002009,morphogenesis of an epithelium,56/1056,500/18986,0.112,2.013666666666667,5.57449856884112,4.802460302023077e-7,6.480807030609676e-6,4.210920000285872e-6,ACVRL1/ADM/BSG/CA9/CCL11/CCN1/BMP4/AREG/COL5A1/CSF1/CXCL10/CTHRC1/CTSZ/DDR1/DLL1/CSF1R/EDN1/EGFR/ENG/EPHA2/EPHA4/COL4A1/FGFR2/FOLR1/CEACAM1/HGF/FST/ERBB4/GDF2/ITGA5/ITGAV/ITGB1/KDR/MET/NOTCH1/MMP12/NRP1/LRG1/NOTCH2/PKD1/PLXNB2/PODXL/RGMA/RET/FRZB/RSPO3/SFRP1/SPINT1/TGFBR2/TNF/TNC/TIE1/PLA2G10/SEMA4C/TACSTD2/YAP1,56
3,GO:0032635,interleukin-6 production,28/1056,177/18986,0.15819209039548024,2.8441619585687388,5.9820488355378245,5.317381444722759e-7,7.138307642590058e-6,4.638132608856311e-6,AGER/BSG/CD200/CD74/CLEC7A/CX3CL1/CD200R1/GAS6/HAVCR2/HGF/IL6/LEP/LGALS9/LILRA2/LILRA5/LILRB4/LILRB2/LPL/LBP/ORM1/SLAMF1/SPON2/TNF/IL6R/TREM2/IFNG/IL1RL2/SIRPA,28
3,GO:0032675,regulation of interleukin-6 production,28/1056,177/18986,0.15819209039548024,2.8441619585687388,5.9820488355378245,5.317381444722759e-7,7.138307642590058e-6,4.638132608856311e-6,AGER/BSG/CD200/CD74/CLEC7A/CX3CL1/CD200R1/GAS6/HAVCR2/HGF/IL6/LEP/LGALS9/LILRA2/LILRA5/LILRB4/LILRB2/LPL/LBP/ORM1/SLAMF1/SPON2/TNF/IL6R/TREM2/IFNG/IL1RL2/SIRPA,28
3,GO:0070613,regulation of protein processing,16/1056,67/18986,0.23880597014925373,4.293532338308458,6.553863015753561,5.739742692626297e-7,7.685291839087939e-6,4.993536909893884e-6,ADAM8/CNTN2/CTSZ/CLEC3B/CPB2/FURIN/GSN/IL1R2/F12/KLKB1/MELTF/PLAU/PLAUR/PLAT/SERPINF2/SPON1,16
3,GO:0097305,response to alcohol,37/1056,275/18986,0.13454545454545455,2.4190151515151515,5.752438645293608,5.840492796631921e-7,7.799932737470869e-6,5.068025110139835e-6,ADAM15/ADIPOQ/CCL3/CCL7/CCL21/CD27/CD14/CDH1/CES1/BGLAP/CRHBP/F7/FGFR2/FBP1/GHR/CDK1/DBH/IGFBP7/IGF1R/INHBB/LEP/MSTN/NPPC/PENK/OXT/NEFL/PTPRC/SFRP1/SPINK1/ST6GAL1/TGFBR2/TGFBR3/TNFRSF11A/TNF/TNC/VCAM1/PTH,37
3,GO:0071622,regulation of granulocyte chemotaxis,14/1056,52/18986,0.2692307692307692,4.840544871794872,6.730083369645733,6.032413539782824e-7,8.035424237100893e-6,5.221036280045953e-6,CCL21/CD74/CSF1/CSF1R/CXCL17/EDN1/DPP4/MSTN/LBP/RARRES2/S100A14/SLAMF1/THBS4/XCL1,14
3,GO:0003158,endothelium development,25/1056,148/18986,0.16891891891891891,3.0370213963963963,6.037486424361054,6.104943304735949e-7,8.111078024720056e-6,5.2701925110335844e-6,ACVRL1/BSG/CD34/CDH5/BMP4/COL18A1/CXCL10/DLL1/EDN1/FSTL1/CEACAM1/HEG1/ICAM1/GDF2/KDR/MET/NOTCH1/NRP1/PROC/PTPRS/ROBO4/STC1/TNF/TNFRSF1A/TIE1,25
3,GO:0010712,regulation of collagen metabolic process,13/1056,45/18986,0.28888888888888886,5.193981481481481,6.835628131448233,6.246303608211467e-7,8.256332077007721e-6,5.3645716818701454e-6,BMP4/CST3/ENG/FAP/F2/ITGA2/ITGB1/IL6/MFAP4/NOTCH1/NPPC/SERPINF2/IL6R,13
3,GO:0032689,negative regulation of type II interferon production,13/1056,45/18986,0.28888888888888886,5.193981481481481,6.835628131448233,6.246303608211467e-7,8.256332077007721e-6,5.3645716818701454e-6,AXL/CD274/CR1/GAS6/HAVCR2/LGALS9/LILRB1/LILRB4/PGLYRP1/PDCD1LG2/SLAMF1/SCGB1A1/XCL1,13
3,GO:0002768,immune response-regulating cell surface receptor signaling pathway,45/1056,369/18986,0.12195121951219512,2.1925813008130084,5.6142719324646775,6.335366376023831e-7,8.35263776685495e-6,5.427146536144254e-6,C3/BTN2A1/CD160/CD22/CD28/CD300A/CD38/CD14/CD276/CD72/CD79B/CLEC4D/CR1/CD8A/CLEC6A/CR2/CLEC7A/FCER2/CD200R1/CEACAM1/FCAR/FCN1/ICOSLG/ITGAM/FCN2/KLRD1/KIT/FCGR3B/LGALS3/LILRA2/LILRB1/LILRB4/LILRB2/LY96/MOG/NECTIN2/PIGR/LBP/PTPRC/S100A14/THY1/TNFRSF21/KLRK1/TREM2/FCRL3,45
3,GO:0048679,regulation of axon regeneration,11/1056,32/18986,0.34375,6.180338541666667,7.117538228559014,6.546056518757603e-7,8.608398304641695e-6,5.593327562483e-6,EPHA4/GRN/IGF1R/KIAA0319/PTPRF/PTPRS/RGMA/PTN/RTN4R/SPP1/TNR,11
3,GO:0001936,regulation of endothelial cell proliferation,28/1056,179/18986,0.1564245810055866,2.8123836126629422,5.912402540805512,6.721547510646286e-7,8.816686365745955e-6,5.72866323259046e-6,ACVRL1/APOE/CCL11/ANG/BMP4/ENG/EGFL7/ECM1/F3/FLT4/DBH/HSPG2/FLT1/IL12B/GDF2/FGFBP1/KDR/LEP/NRP1/NRP2/LRG1/PTPRM/SCG2/THBS4/TNF/TEK/TIE1/VEGFB,28
3,GO:2000106,regulation of leukocyte apoptotic process,19/1056,93/18986,0.20430107526881722,3.6731630824372763,6.271386715985793,6.978952476046295e-7,9.13109137411641e-6,5.932948645145422e-6,ADAM8/AXL/CCL21/CD27/CD274/CD74/BMP4/EFNA1/GAS6/FCAR/IDO1/IL7R/LGALS3/LGALS9/LILRB1/MERTK/KITLG/PDCD1/ST6GAL1,19
3,GO:0070571,negative regulation of neuron projection regeneration,8/1056,16/18986,0.5,8.989583333333334,7.758853859132698,7.691868817281109e-7,1.0038375633692182e-5,6.522458781236107e-6,EPHA4/KIAA0319/PTPRS/RGMA/RTN4R/SPP1/THY1/TNR,8
3,GO:0032729,positive regulation of type II interferon production,17/1056,77/18986,0.22077922077922077,3.9694264069264067,6.336227515096881,8.476014635067778e-7,1.1033801879741008e-5,7.169239385642124e-6,CD160/CD244/CD14/CD276/CRTAM/CLEC7A/HAVCR2/IL12B/IL12RB1/IL18R1/IL1R1/LGALS9/LILRB1/LTA/SLAMF6/TNF/KLRK1,17
3,GO:0001913,T cell mediated cytotoxicity,15/1056,61/18986,0.2459016393442623,4.421106557377049,6.494723848267198,8.615503038313723e-7,1.1159024663946544e-5,7.25060319172554e-6,AGER/B2M/CD1C/CTSC/CEACAM1/IL12B/IL12RB1/IL7R/KLRD1/LILRB1/NECTIN2/PTPRC/ULBP2/PVR/XCL1,15
3,GO:0043030,regulation of macrophage activation,15/1056,61/18986,0.2459016393442623,4.421106557377049,6.494723848267198,8.615503038313723e-7,1.1159024663946544e-5,7.25060319172554e-6,CCL3/CD200/CD74/CTSC/GRN/CST7/HAVCR2/IL4R/IL6/LDLR/LBP/PTPRC/TREM2/VSIG4/PLA2G10,15
3,GO:0010594,regulation of endothelial cell migration,33/1056,235/18986,0.14042553191489363,2.5247340425531917,5.707723496870421,8.94898296609839e-7,1.1561906563969224e-5,7.512376678043815e-6,ACVRL1/ANGPT2/BMP10/BMPER/BSG/APOE/DCN/EDN1/EFNA1/EPHA2/FLT4/CEACAM1/GRN/CXCL13/GDF2/FGFBP1/KDR/MET/NOTCH1/NRP1/NRP2/PLG/PRCP/NOS3/PTPRM/PTN/HRG/SERPINF1/SMOC2/STC1/TGFBR3/TNF/TEK,33
3,GO:0021700,developmental maturation,43/1056,350/18986,0.12285714285714286,2.208869047619048,5.539671910541626,9.179699251087717e-7,1.1830337409839296e-5,7.686790267621347e-6,ACVRL1/AGRN/AXL/C3/BCAN/ANG/CCL21/CDH3/CDH5/CHRDL1/CNTN2/CLEC7A/CX3CL1/CNTNAP2/C1QA/EDN1/ADGRB3/EPO/ATP6V1D/CEND1/IGSF9/IGSF21/KDR/LEP/MYOC/NRCAM/NPPC/PALM/PHOSPHO1/NEFL/RET/RECK/SEZ6/SEZ6L/SEMA7A/SEZ6L2/SPINK1/GAL/SPINK5/IL15/PLA2G10/PTH/REN,43
3,GO:0031214,biomineral tissue development,28/1056,182/18986,0.15384615384615385,2.7660256410256414,5.809713185463049,9.479786629274143e-7,1.2186608497233968e-5,7.918278266006123e-6,AHSG/ATRAID/ASPN/CCL3/CCN1/BMP4/BGLAP/COL1A1/COMP/CLEC3B/DMP1/FAM20A/ECM1/FGFR2/GAS6/FGF23/LEP/ITGB6/MEPE/NOTCH1/PHOSPHO1/NOS3/PTN/MMP13/SPP1/LTBP3/NELL1/PTH,28
3,GO:0002837,regulation of immune response to tumor cell,10/1056,27/18986,0.37037037037037035,6.65895061728395,7.14096966095245,9.608003093300611e-7,1.229013795185227e-5,7.98554677886445e-6,CD160/CD274/CRTAM/CEACAM1/HAVCR2/IL12B/NECTIN2/PDCD1/HRG/PVR,10
3,GO:1902993,positive regulation of amyloid precursor protein catabolic process,10/1056,27/18986,0.37037037037037035,6.65895061728395,7.14096966095245,9.608003093300611e-7,1.229013795185227e-5,7.98554677886445e-6,AGER/APOE/EFNA1/EPHA4/CLU/IFNGR1/SPON1/TNF/GSAP/IFNG,10
3,GO:0000768,syncytium formation by plasma membrane fusion,15/1056,62/18986,0.24193548387096775,4.349798387096775,6.411433753301661,1.0785704297255334e-6,1.3706772015402419e-5,8.906008178673847e-6,ADAM12/ADAMTS15/ADAM9/CD109/CDON/CXCL10/CXCL9/ADGRB3/GDF15/ITGB1/IL4R/JAM2/NOS1/TREM2/SCGB3A1,15
3,GO:0140253,cell-cell fusion,15/1056,62/18986,0.24193548387096775,4.349798387096775,6.411433753301661,1.0785704297255334e-6,1.3706772015402419e-5,8.906008178673847e-6,ADAM12/ADAMTS15/ADAM9/CD109/CDON/CXCL10/CXCL9/ADGRB3/GDF15/ITGB1/IL4R/JAM2/NOS1/TREM2/SCGB3A1,15
3,GO:2000401,regulation of lymphocyte migration,16/1056,70/18986,0.22857142857142856,4.109523809523809,6.325216117902763,1.082127643306015e-6,1.3706772015402419e-5,8.906008178673847e-6,ADAM8/APOD/CCL3/CCL7/CCL21/CD200/CD99L2/CXCL10/CD200R1/ECM1/CXCL13/CCL20/JAM2/TNFRSF14/KLRK1/XCL1,16
3,GO:0050798,activated T cell proliferation,13/1056,47/18986,0.2765957446808511,4.972960992907801,6.618077111688511,1.084842479589561e-6,1.3706772015402419e-5,8.906008178673847e-6,AGER/CD274/CRTAM/EPO/ICOSLG/IGFBP2/IL12B/IL12RB1/IL2RA/LGALS9/LILRB4/PDCD1LG2/SLAMF1,13
3,GO:1902622,regulation of neutrophil migration,13/1056,47/18986,0.2765957446808511,4.972960992907801,6.618077111688511,1.084842479589561e-6,1.3706772015402419e-5,8.906008178673847e-6,ADAM8/CCL21/CD74/CD99/CD99L2/EDN1/DPP4/IL1R1/LBP/THBS4/SLAMF8/XG/XCL1,13
3,GO:0055001,muscle cell development,30/1056,205/18986,0.14634146341463414,2.63109756097561,5.698291046636709,1.1606442914463315e-6,1.4628658489989825e-5,9.505006139189878e-6,ADM/BMP10/ACTN2/BMP4/COMP/DNER/CXADR/EDN1/ENG/CSRP3/CDK1/ITGB1/KRT8/KRT19/KLHL41/CAPN3/MYBPC1/MYBPC2/MEGF10/MYOM2/LMOD1/MYOM3/NEB/NOTCH1/PI16/PDGFRA/KEL/SDC1/WFIKKN1/WFIKKN2,30
3,GO:0042113,B cell activation,37/1056,284/18986,0.13028169014084506,2.342356220657277,5.531335975286711,1.2899970170195127e-6,1.6219352738379482e-5,1.0538563563943747e-5,BST2/C3/CD27/CD22/CD28/CD300A/CD38/CD74/CD79B/CDH17/CD86/CR1/CR2/DLL1/FCRL1/FCRL5/ICOSLG/IL7R/ITGB1/KIT/IL6/LGALS1/NOTCH2/MZB1/PTPRC/SFRP1/TNFRSF13B/SLAMF8/TNFRSF21/TNFRSF4/TNFRSF13C/TNFSF13/VCAM1/FCRL3/ITM2A/TFRC/TNFSF13B,37
3,GO:0002418,immune response to tumor cell,11/1056,34/18986,0.3235294117647059,5.816789215686275,6.822078172575811,1.3097158390947863e-6,1.6427214478183996e-5,1.0673622230758381e-5,ADAM15/CD160/CD274/CRTAM/CEACAM1/HAVCR2/IL12B/NECTIN2/PDCD1/HRG/PVR,11
3,GO:0071222,cellular response to lipopolysaccharide,32/1056,228/18986,0.14035087719298245,2.523391812865497,5.616074884672857,1.319978487981767e-6,1.651575025617963e-5,1.0731148566065364e-5,ADAM9/AXL/B2M/ASS1/CD274/CD14/CD55/CD80/CD86/CXCL10/CX3CL1/CXCL9/CXCL13/FCAR/HAVCR2/IL12B/IL6/LILRA2/LILRB1/LILRB2/MRC1/LY96/ADAMTS13/PDCD1LG2/LBP/NOS3/SPON2/TNF/TNFRSF1B/KLRK1/MMP3/SIRPA,32
3,GO:0002712,regulation of B cell mediated immunity,15/1056,63/18986,0.23809523809523808,4.2807539682539675,6.329888468627196,1.3434679545888551e-6,1.6688138086519392e-5,1.084315797463979e-5,C3/CD28/CD46/CR1/CR2/FCER2/C4BPB/LTA/NECTIN2/PTPRC/TNF/TNFSF13/TREM2/TFRC/XCL1,15
3,GO:0002889,regulation of immunoglobulin mediated immune response,15/1056,63/18986,0.23809523809523808,4.2807539682539675,6.329888468627196,1.3434679545888551e-6,1.6688138086519392e-5,1.084315797463979e-5,C3/CD28/CD46/CR1/CR2/FCER2/C4BPB/LTA/NECTIN2/PTPRC/TNF/TNFSF13/TREM2/TFRC/XCL1,15
3,GO:0045058,T cell selection,15/1056,63/18986,0.23809523809523808,4.2807539682539675,6.329888468627196,1.3434679545888551e-6,1.6688138086519392e-5,1.084315797463979e-5,CD28/CD4/CD74/CTSL/IL12B/IL12RB1/IL6ST/IL6/LGALS1/LY9/NFATC3/PTPRC/SLAMF6/IL6R/IL15,15
3,GO:0051044,positive regulation of membrane protein ectodomain proteolysis,8/1056,17/18986,0.47058823529411764,8.46078431372549,7.4685078616490905,1.381943262840681e-6,1.7083735059817053e-5,1.110019806224674e-5,ADAM8/ADAM9/APOE/FURIN/RGMA/TNF/TNFRSF1B/IFNG,8
3,GO:0150079,negative regulation of neuroinflammatory response,8/1056,17/18986,0.47058823529411764,8.46078431372549,7.4685078616490905,1.381943262840681e-6,1.7083735059817053e-5,1.110019806224674e-5,CD200/CD200R1/GRN/CST7/LDLR/PTPRC/TNFRSF1B/TREM2,8
3,GO:2000516,"positive regulation of CD4-positive, alpha-beta T cell activation",13/1056,48/18986,0.2708333333333333,4.869357638888888,6.513876951546548,1.412506707578881e-6,1.7419789659256296e-5,1.1318550348818939e-5,CD160/CD28/CD55/CD80/CD83/CD86/IL12B/IL12RB1/IL4R/LGALS9/TGFBR2/IFNG/XCL1,13
3,GO:0002834,regulation of response to tumor cell,10/1056,28/18986,0.35714285714285715,6.4211309523809526,6.966582258559332,1.4202170075092025e-6,1.7431473032642712e-5,1.1326141648857851e-5,CD160/CD274/CRTAM/CEACAM1/HAVCR2/IL12B/NECTIN2/PDCD1/HRG/PVR,10
3,GO:0051043,regulation of membrane protein ectodomain proteolysis,10/1056,28/18986,0.35714285714285715,6.4211309523809526,6.966582258559332,1.4202170075092025e-6,1.7431473032642712e-5,1.1326141648857851e-5,ADAM8/ADAM9/APOE/FURIN/RGMA/TIMP1/TNF/TNFRSF1B/IFNG/TIMP4,10
3,GO:0072001,renal system development,41/1056,332/18986,0.12349397590361445,2.220318775100402,5.443816327288869,1.433233040785312e-6,1.754944495308381e-5,1.1402794188720749e-5,ADIPOQ/ANGPT2/BMP10/ASS1/BMPER/CD34/ACTA2/BMP4/CALB1/CRLF1/DLL1/EDN1/EPHA4/DDC/COL4A1/EPCAM/FGFR2/GFRA1/GCNT1/ERBB4/MME/NOTCH1/NOTCH3/NRP1/NOTCH2/PDGFRA/PCSK9/PKD1/PODXL/RET/ROBO2/SERPINF1/SDC1/SFRP1/TEK/IL6R/REN/SMAD5/TACSTD2/UMOD/YAP1,41
3,GO:0050829,defense response to Gram-negative bacterium,20/1056,107/18986,0.18691588785046728,3.360591900311526,5.9425168699232405,1.5806980870948617e-6,1.930923848098107e-5,1.2546224278213644e-5,ADM/B2M/CD160/CD4/CALCA/CHGA/F2/IL12B/FCN2/IL6/NPY/LBP/RARRES2/RNASE6/MMP7/SSC5D/TNFRSF14/IL6R/TREM2/UMOD,20
3,GO:0001822,kidney development,40/1056,322/18986,0.12422360248447205,2.23343685300207,5.417383844551571,1.6546504149281649e-6,2.016482952471558e-5,1.3102146622623916e-5,ADIPOQ/ANGPT2/BMP10/ASS1/BMPER/CD34/ACTA2/BMP4/CALB1/CRLF1/DLL1/EDN1/EPHA4/DDC/EPCAM/FGFR2/GFRA1/GCNT1/ERBB4/MME/NOTCH1/NOTCH3/NRP1/NOTCH2/PDGFRA/PCSK9/PKD1/PODXL/RET/ROBO2/SERPINF1/SDC1/SFRP1/TEK/IL6R/REN/SMAD5/TACSTD2/UMOD/YAP1,40
3,GO:0071219,cellular response to molecule of bacterial origin,33/1056,242/18986,0.13636363636363635,2.4517045454545454,5.515716004056842,1.7401280163889995e-6,2.115650925586154e-5,1.3746492919934948e-5,ADAM9/AXL/B2M/ASS1/CD274/CD14/CD55/CD80/CD86/CXCL10/CX3CL1/CXCL9/CXCL13/FCAR/HAVCR2/IL12B/IL6/LILRA2/LILRB1/LILRB2/MRC1/LY96/ADAMTS13/PDCD1LG2/LBP/NOS3/SPON2/TNF/TNFRSF1B/KLRK1/TREM2/MMP3/SIRPA,33
3,GO:0002719,negative regulation of cytokine production involved in immune response,11/1056,35/18986,0.3142857142857143,5.650595238095238,6.683033129038177,1.8143653719341918e-6,2.1955524629860936e-5,1.4265655086470468e-5,ACP5/APOA1/AXL/BST2/APOA2/LILRB1/LILRB4/PRG2/SLAMF1/TNF/XCL1,11
3,GO:1902624,positive regulation of neutrophil migration,11/1056,35/18986,0.3142857142857143,5.650595238095238,6.683033129038177,1.8143653719341918e-6,2.1955524629860936e-5,1.4265655086470468e-5,ADAM8/CCL21/CD74/CD99/CD99L2/EDN1/IL1R1/LBP/THBS4/XG/XCL1,11
3,GO:0045860,positive regulation of protein kinase activity,33/1056,243/18986,0.13580246913580246,2.4416152263374484,5.488833537705834,1.9085136330307547e-6,2.3040720792209698e-5,1.497076391052351e-5,ADIPOQ/ADAM9/CCN1/CD4/CHI3L1/CSF1R/EDN1/CALCA/EFNA1/EGFR/EPHA4/ERBB2/EPO/GAS6/GCG/GHR/ARHGEF5/CLSPN/ERN1/FLT1/LEP/LILRA5/NTRK3/PILRB/PTPRC/ROBO1/TNFRSF10A/TNFRSF10B/TNFRSF11A/TNF/IFNG/NTF3/TNFSF11,33
3,GO:0032722,positive regulation of chemokine production,16/1056,73/18986,0.2191780821917808,3.9406392694063928,6.108999454568079,1.9652317170769762e-6,2.350950334506833e-5,1.5275356504978803e-5,AGER/ADIPOQ/CD74/C5/CLEC7A/CSF1R/HAVCR2/IL4R/IL6/LGALS9/LPL/LBP/TNF/IL6R/IFNG/POSTN,16
3,GO:0042698,ovulation cycle,16/1056,73/18986,0.2191780821917808,3.9406392694063928,6.108999454568079,1.9652317170769762e-6,2.350950334506833e-5,1.5275356504978803e-5,AXL/CA12/EGFR/IGF1R/LEP/MSTN/NOTCH1/NPPC/PDGFRA/NOS3/RETN/ROBO2/PTN/SERPINF1/PTX3/TYRO3,16
3,GO:0045670,regulation of osteoclast differentiation,16/1056,73/18986,0.2191780821917808,3.9406392694063928,6.108999454568079,1.9652317170769762e-6,2.350950334506833e-5,1.5275356504978803e-5,CCL3/BGLAP/CSF1/CALCA/FSTL3/IL12B/LILRB1/LILRB4/NOTCH2/SFRP1/TNFRSF11A/TNF/TNFRSF11B/TREM2/IFNG/TNFSF11,16
3,GO:0006869,lipid transport,51/1056,459/18986,0.1111111111111111,1.9976851851851853,5.2510291647947644,1.9655860216730264e-6,2.350950334506833e-5,1.5275356504978803e-5,APOA1/APOA4/ADIPOQ/APOC1/APOD/APOF/APOM/APOE/C1QTNF1/CES1/APOA2/APOL1/EDN1/CLU/FABP1/FABP3/FABP4/FABP2/FURIN/CEACAM1/FABP9/GM2A/ITGAV/LCAT/LDLR/LEP/LRP1/FASLG/MSR1/NPC2/OXT/PCSK9/PLTP/PRAP1/PSAP/LBP/FABP6/RBP2/RBP5/RETN/SCARB2/SERPINA5/GAL/SPP1/TNFRSF11A/SLC51B/TREM2/CFHR4/PLA2G10/REN/TNFSF11,51
3,GO:2000107,negative regulation of leukocyte apoptotic process,14/1056,57/18986,0.24561403508771928,4.415935672514619,6.268020250717117,2.0218258390800036e-6,2.4126185649206988e-5,1.5676047319572543e-5,AXL/CCL21/CD27/CD74/BMP4/EFNA1/GAS6/IDO1/IL7R/LILRB1/MERTK/KITLG/PDCD1/ST6GAL1,14
3,GO:0045954,positive regulation of natural killer cell mediated cytotoxicity,10/1056,29/18986,0.3448275862068966,6.199712643678161,6.800496985866544,2.0598970013403687e-6,2.452371603212379e-5,1.593434364474305e-5,CD160/CRTAM/IL12B/KLRD1/LAG3/NECTIN2/LAMP1/SLAMF6/KLRK1/PVR,10
3,GO:0048638,regulation of developmental growth,40/1056,325/18986,0.12307692307692308,2.212820512820513,5.352021788608544,2.0911420727841644e-6,2.4838334988945547e-5,1.6138768070820304e-5,AGRN/ATRN/BMP10/APOE/CDH1/CSF1/DLL1/EDN1/DRAXIN/FGFR2/FN1/GDF15/AGR2/GHR/CDH4/CDK1/ERBB4/KIAA0319/ISLR2/LEP/L1CAM/CAPN3/MSTN/NOTCH1/NRP1/NRCAM/NPPC/DSCAM/PI16/PTPRS/RGMA/RTN4R/SEMA3F/SEMA7A/SPP1/STC2/TGFBR3/SYT1/TNR/YAP1,40
3,GO:0051146,striated muscle cell differentiation,39/1056,314/18986,0.12420382165605096,2.2330812101910826,5.346975568575698,2.233896213137713e-6,2.6472953974080256e-5,1.7200865699223724e-5,ADAM12/ADAMTS15/BMP10/ACTN2/CCN3/CDH2/CEACAM5/BMP4/CDON/CXCL10/DNER/DLL1/CXADR/EDN1/CXCL9/ADGRB3/CSRP3/GDF15/CDK1/ITGB1/IL4R/JAM2/KRT8/KRT19/KLHL41/CAPN3/MYBPC1/MYBPC2/MYOM2/LMOD1/MYOM3/NEB/NOTCH1/NOS1/PI16/PDGFRA/KEL/SDC1/SCGB3A1,39
3,GO:0061138,morphogenesis of a branching epithelium,28/1056,190/18986,0.14736842105263157,2.6495614035087716,5.5457422859392045,2.2723366532815835e-6,2.686673267813432e-5,1.745672436200386e-5,ADM/CCL11/BMP4/AREG/CSF1/CTSZ/DDR1/EDN1/ENG/EPHA2/COL4A1/FGFR2/HGF/GDF2/KDR/MET/NOTCH1/NRP1/PKD1/RSPO3/SFRP1/SPINT1/TGFBR2/TNF/TNC/TIE1/TACSTD2/YAP1,28
3,GO:0033209,tumor necrosis factor-mediated signaling pathway,21/1056,119/18986,0.17647058823529413,3.172794117647059,5.77015856585534,2.3102128677000284e-6,2.725205339357814e-5,1.770708742628325e-5,APOA1/ADIPOQ/EDA2R/FAS/GAS6/KRT18/KRT8/TNFRSF11A/TNF/TNFRSF14/TNFRSF19/TNFRSF1A/TNFRSF1B/TNFRSF4/TNFRSF13C/TNFRSF11B/TNFRSF17/PYDC1/TNFSF11/TNFSF13B/UMOD,21
3,GO:0048675,axon extension,20/1056,110/18986,0.18181818181818182,3.268939393939394,5.791770823928366,2.477633189089389e-6,2.914414163084151e-5,1.893647632229061e-5,ALCAM/APOE/CDH1/EDN1/DRAXIN/FN1/CDH4/ITGB1/KIAA0319/ISLR2/L1CAM/NRP1/NRCAM/NRP2/DSCAM/PTPRS/RTN4R/SEMA3F/SEMA7A/TNR,20
3,GO:0071604,transforming growth factor beta production,11/1056,36/18986,0.3055555555555556,5.4936342592592595,6.549248664501418,2.4819162319960083e-6,2.914414163084151e-5,1.893647632229061e-5,CD200/CD46/CX3CL1/FN1/FURIN/ITGAV/LGALS9/LILRB1/ITGB6/SERPINF2/XCL1,11
3,GO:0006949,syncytium formation,15/1056,66/18986,0.22727272727272727,4.086174242424242,6.095073667753286,2.5234803033625783e-6,2.9431088153470793e-5,1.912292051750351e-5,ADAM12/ADAMTS15/ADAM9/CD109/CDON/CXCL10/CXCL9/ADGRB3/GDF15/ITGB1/IL4R/JAM2/NOS1/TREM2/SCGB3A1,15
3,GO:0032623,interleukin-2 production,15/1056,66/18986,0.22727272727272727,4.086174242424242,6.095073667753286,2.5234803033625783e-6,2.9431088153470793e-5,1.912292051750351e-5,CD28/CD4/CD34/CD80/CD83/CD86/CR1/CLEC7A/HAVCR2/LAG3/LILRB4/PTPRC/VSIG4/SFTPD/XCL1,15
3,GO:0032663,regulation of interleukin-2 production,15/1056,66/18986,0.22727272727272727,4.086174242424242,6.095073667753286,2.5234803033625783e-6,2.9431088153470793e-5,1.912292051750351e-5,CD28/CD4/CD34/CD80/CD83/CD86/CR1/CLEC7A/HAVCR2/LAG3/LILRB4/PTPRC/VSIG4/SFTPD/XCL1,15
3,GO:0009410,response to xenobiotic stimulus,50/1056,451/18986,0.11086474501108648,1.9932557280118257,5.180839867750257,2.636724507739021e-6,3.068242626951389e-5,1.9935980476715136e-5,ACAA1/ADIPOQ/ASS1/CA9/CD38/CDH1/CDH3/BCHE/BGLAP/APOA2/COL1A1/COL18A1/CRHBP/EDN1/EGFR/ENG/CPB2/CES2/FGF21/FBP1/GAS6/CDK1/CES3/GSTA1/GSTA3/HSPG2/IGFBP2/ITGA2/ALDH3A1/LTA/NPPC/NOS1/GIP/PON3/PTPRM/RET/RNF149/SFRP1/SMPD1/GAL/MMP7/SULT2A1/TGFBR2/TNF/TNFRSF11B/PTH/REN/SCGB1A1/TFRC/UMOD,50
3,GO:0002761,regulation of myeloid leukocyte differentiation,22/1056,130/18986,0.16923076923076924,3.042628205128205,5.6713092682806305,2.756269985255233e-6,3.200128777925839e-5,2.079291392385527e-5,ADIPOQ/APCS/CCL3/CD4/CD74/BGLAP/CSF1/CALCA/FSTL3/CEACAM1/IL12B/LILRB1/LILRB4/KITLG/NOTCH2/SFRP1/TNFRSF11A/TNF/TNFRSF11B/TREM2/IFNG/TNFSF11,22
3,GO:0060485,mesenchyme development,41/1056,341/18986,0.12023460410557185,2.161717986314761,5.253440575507551,2.8400991104681078e-6,3.290047396508561e-5,2.137716231699472e-5,ACVRL1/ADAM8/ADAM15/BAMBI/ACTA2/CDH2/BMP4/COL1A1/CRELD1/EDN1/EFNA1/ENG/EPHA4/ERBB3/FGFR2/FOLR1/FN1/HGF/ERBB4/IL6/KITLG/NCAM1/NOTCH1/NRP1/NRP2/LRG1/NOMO1/NOS3/RET/ROBO1/ROBO2/FRZB/SEMA3F/SEMA7A/SFRP1/TGFBR2/TGFBR3/VASN/SEMA4C/TNXB/YAP1,41
3,GO:0070168,negative regulation of biomineral tissue development,10/1056,30/18986,0.3333333333333333,5.993055555555555,6.642029355342276,2.9362538687660863e-6,3.3862167099528356e-5,2.2002024750768133e-5,AHSG/ASPN/CCL3/ECM1/GAS6/FGF23/NOTCH1/NOS3/LTBP3/PTH,10
3,GO:1900746,regulation of vascular endothelial growth factor signaling pathway,10/1056,30/18986,0.3333333333333333,5.993055555555555,6.642029355342276,2.9362538687660863e-6,3.3862167099528356e-5,2.2002024750768133e-5,ADGRG1/DCN/DLL1/IL12B/ITGB1/PTP4A3/ROBO1/HRG/SMOC2/TNXB,10
3,GO:0001779,natural killer cell differentiation,9/1056,24/18986,0.375,6.7421875,6.831058966436953,3.01234043595274e-6,3.4662086936018695e-5,2.2521774593988767e-5,AXL/GAS6/IL15RA/MERTK/PGLYRP1/PTPRC/SLAMF1/TYRO3/IL15,9
3,GO:0034341,response to type II interferon,21/1056,121/18986,0.17355371900826447,3.1203512396694215,5.678311377366402,3.047623063884719e-6,3.498997081141587e-5,2.2734817932906284e-5,ASS1/BST2/CCL3/CD74/CD58/EDN1/CXCL16/GSN/FCAR/IFNGR1/IFNGR2/IL12B/IL12RB1/KYNU/LGALS9/MRC1/FASLG/ADAMTS13/TNF/IFNG/SIRPA,21
3,GO:2000514,"regulation of CD4-positive, alpha-beta T cell activation",17/1056,84/18986,0.20238095238095238,3.638640873015873,5.881839426203296,3.0548773321913436e-6,3.499531699432528e-5,2.2738291628147034e-5,AGER/CD160/CD274/CD28/CD55/CD80/CD83/CD86/IL12B/IL12RB1/IL2RA/IL4R/LGALS1/LGALS9/TGFBR2/IFNG/XCL1,17
3,GO:0031100,animal organ regeneration,15/1056,67/18986,0.22388059701492538,4.025186567164179,6.01987663144509,3.0858378131991053e-6,3.5271605159737e-5,2.291781053004914e-5,ADM/AXL/ANGPT2/APOA2/EGFR/CPB2/F7/GAS6/CDK1/HSPG2/IGF2R/IL6/NOTCH1/TGFBR3/TNF,15
3,GO:0022600,digestive system process,20/1056,112/18986,0.17857142857142858,3.2105654761904763,5.6941320456589155,3.309835223232356e-6,3.774823136230707e-5,2.4527004378959845e-5,APOA1/APOA4/APOA2/FABP1/FABP2/ENPP7/HEPH/LDLR/LEP/NPPC/OXT/PRAP1/SERPINA3/MUC2/SPINK1/TFF1/TFF2/MUC13/TFF3/SCT,20
3,GO:0045582,positive regulation of T cell differentiation,21/1056,122/18986,0.1721311475409836,3.0947745901639343,5.633099646530783,3.491350544708906e-6,3.9730490194203995e-5,2.5814981836327963e-5,ADAM8/CD27/CD46/CD74/CD80/CD83/CD86/CR1/IL12B/IL12RB1/IL2RA/IL7R/IL4R/LGALS9/LILRB4/LILRB2/PTPRC/TGFBR2/IFNG/IL1RL2/VNN1,21
3,GO:0070167,regulation of biomineral tissue development,19/1056,103/18986,0.18446601941747573,3.316545307443366,5.720987903326105,3.5159867734754392e-6,3.992271325388963e-5,2.5939879233013795e-5,AHSG/ATRAID/ASPN/CCL3/CCN1/BMP4/BGLAP/COMP/DMP1/ECM1/GAS6/FGF23/NOTCH1/PHOSPHO1/NOS3/PTN/LTBP3/NELL1/PTH,19
3,GO:0030593,neutrophil chemotaxis,17/1056,85/18986,0.2,3.5958333333333337,5.820911438332411,3.623100198518101e-6,4.104853082057321e-5,2.6671381912514975e-5,BSG/CCL3/CCL21/CD74/CXCL10/CX3CL1/CXADR/EDN1/CXCL9/DPP4/CXCL13/ITGB2/CSF3R/LGALS3/LBP/THBS4/XCL1,17
3,GO:0006968,cellular defense response,13/1056,52/18986,0.25,4.494791666666667,6.124193327083218,3.777895600446002e-6,4.2708446974340215e-5,2.774991643725572e-5,CD300C/CLEC5A/CXCL9/GNLY/ITGB1/CD5L/LILRB2/LY96/NCR1/LGALS3BP/LBP/IL1RL2/UMOD,13
3,GO:0045780,positive regulation of bone resorption,8/1056,19/18986,0.42105263157894735,7.570175438596491,6.953469592019645,3.88750407570611e-6,4.3851386236903704e-5,2.8492543979953565e-5,ADAM8/EGFR/SPP1/TNFRSF11A/LTBP3/TF/TFRC/TNFSF11,8
3,GO:0002291,T cell activation via T cell receptor contact with antigen bound to MHC molecule on antigen presenting cell,7/1056,14/18986,0.5,8.989583333333334,7.2573606534051525,3.923238204504319e-6,4.4157844856375036e-5,2.869166620715409e-5,HAVCR2/ICAM1/LGALS3/LGALS9/LILRB1/ITGAL/TREM2,7
3,GO:1903532,positive regulation of secretion by cell,37/1056,298/18986,0.12416107382550336,2.232312639821029,5.203490157672689,4.071373223291109e-6,4.5725335438051555e-5,2.9710146993492277e-5,ADAM8/ADAM9/BSG/ANG/C1QTNF1/CD160/ACHE/CD38/BGLAP/EDN1/EGFR/CPB2/FGA/GCG/F2/ITGAM/ITGB2/IL4R/INHBB/LEP/GRP/GIP/OXT/LAMP1/RETN/SDC1/SPINK1/GAL/SPP1/TNFRSF11A/SYT1/TREM2/IFNG/PLA2G10/SCT/TNFSF11/VSNL1,37
3,GO:0030239,myofibril assembly,16/1056,77/18986,0.2077922077922078,3.735930735930736,5.837989305937099,4.132218077744272e-6,4.630779171906896e-5,3.0088599367007493e-5,BMP10/ACTN2/EDN1/CSRP3/ITGB1/KRT8/KRT19/KLHL41/CAPN3/MYBPC1/MYBPC2/MYOM2/LMOD1/MYOM3/NEB/PDGFRA,16
3,GO:0001570,vasculogenesis,17/1056,86/18986,0.19767441860465115,3.5540213178294575,5.760894957387714,4.2846062849669745e-6,4.7911378305867145e-5,3.1130533619739496e-5,ADM/CD34/ENG/EPHA2/EGFL7/CEACAM1/HEG1/GDF2/ITGAV/KDR/NOTCH1/NRP1/NTRK2/TGFBR2/TGFBR3/TIE1/YAP1,17
3,GO:0051048,negative regulation of secretion,26/1056,175/18986,0.14857142857142858,2.671190476190476,5.389967539468295,4.442561593138557e-6,4.9570140719976756e-5,3.2208318499354956e-5,ADIPOQ/APOE/CCN3/CD300A/CD200/CD74/CRHBP/EDN1/ERBB3/CHGA/CEACAM1/FGF23/IL12B/INHBB/FAM3D/LEP/LGALS9/LILRB1/NOTCH1/SFRP1/TFF2/TNF/TNFRSF1A/TNFRSF1B/SCT/VSNL1,26
3,GO:0014009,glial cell proliferation,14/1056,61/18986,0.22950819672131148,4.126366120218579,5.935180404016965,4.803110651765152e-6,5.347739829341115e-5,3.4747068532264896e-5,AREG/CSF1/CX3CL1/CSF1R/EGFR/CLU/IL6/GFAP/LTA/NOTCH1/LEPR/PENK/TNF/TREM2,14
3,GO:0002420,natural killer cell mediated cytotoxicity directed against tumor cell target,6/1056,10/18986,0.6,10.7875,7.513054760162546,5.052469442980955e-6,5.613249995380781e-5,3.647222724039338e-5,CRTAM/CEACAM1/HAVCR2/IL12B/NECTIN2/PVR,6
3,GO:0030278,regulation of ossification,21/1056,125/18986,0.168,3.0205,5.500201735944654,5.197091719864178e-6,5.7491433081330125e-5,3.7355197317840104e-5,AHSG/ATRAID/CCL3/CCN1/CCN3/BMP4/BGLAP/COMP/CSF1/CALCA/ECM1/FGF23/NOTCH1/PHOSPHO1/OXT/PTN/SFRP1/LTBP3/NELL1/SOST/PTH,21
3,GO:0045446,endothelial cell differentiation,21/1056,125/18986,0.168,3.0205,5.500201735944654,5.197091719864178e-6,5.7491433081330125e-5,3.7355197317840104e-5,ACVRL1/CDH5/BMP4/COL18A1/DLL1/FSTL1/CEACAM1/HEG1/ICAM1/GDF2/KDR/MET/NOTCH1/NRP1/PROC/PTPRS/ROBO4/STC1/TNF/TNFRSF1A/TIE1,21
3,GO:0046633,alpha-beta T cell proliferation,12/1056,46/18986,0.2608695652173913,4.690217391304348,6.081181908859151,5.511294515257088e-6,6.070667356015019e-5,3.944430757433211e-5,CD274/CD28/CD55/IL12B/IL2RA/LGALS9/PTPRC/CLEC4G/TGFBR2/TNFRSF14/IL15/XCL1,12
3,GO:0097028,dendritic cell differentiation,12/1056,46/18986,0.2608695652173913,4.690217391304348,6.081181908859151,5.511294515257088e-6,6.070667356015019e-5,3.944430757433211e-5,AGER/AXL/GAS6/LGALS9/LILRB1/ITGB6/LTBR/LILRB2/NOTCH2/PRTN3/TGFBR2/TREM2,12
3,GO:1902547,regulation of cellular response to vascular endothelial growth factor stimulus,10/1056,32/18986,0.3125,5.618489583333333,6.345584541083027,5.693884365962115e-6,6.258416611201429e-5,4.0664212888545506e-5,ADGRG1/DCN/DLL1/IL12B/ITGB1/PTP4A3/ROBO1/HRG/SMOC2/TNXB,10
3,GO:0002444,myeloid leukocyte mediated immunity,20/1056,116/18986,0.1724137931034483,3.0998563218390807,5.505284151104384,5.774276905782785e-6,6.300326158770155e-5,4.093652118476009e-5,ADGRE2/C3/CCL3/CD300A/CHGA/FCAR/F2/ITGAM/ITGB2/IL4R/KIT/IL6/FCGR3B/LGALS9/GRP/PTGDS/MILR1/SPON2/IL6R/S100A13,20
3,GO:0070555,response to interleukin-1,20/1056,116/18986,0.1724137931034483,3.0998563218390807,5.505284151104384,5.774276905782785e-6,6.300326158770155e-5,4.093652118476009e-5,CCL3/CD38/CHI3L1/EDN1/EPO/GHR/HYAL1/IL1RN/IL1R1/IL1R2/INHBB/IL6/LGALS9/SELE/SFRP1/SMPD1/TNFRSF11A/IL1RL2/PYDC1/SIRPA,20
3,GO:0051961,negative regulation of nervous system development,23/1056,146/18986,0.15753424657534246,2.8323344748858448,5.393713157150446,5.780900626766796e-6,6.300326158770155e-5,4.093652118476009e-5,B2M/CCL11/CDH1/DRAXIN/CLSTN3/F2/KIAA0319/IL6/LDLR/NOTCH1/NRP1/PTPRS/RGMA/PRTG/ROBO2/PTN/RTN4R/SEMA3F/SPP1/THY1/TNF/TREM2/TNR,23
3,GO:1903900,regulation of viral life cycle,23/1056,146/18986,0.15753424657534246,2.8323344748858448,5.393713157150446,5.780900626766796e-6,6.300326158770155e-5,4.093652118476009e-5,APCS/AXL/BSG/BST2/CD28/CD4/CD74/CD209/FURIN/GSN/FCN1/IL32/LGALS1/LAMP3/LGALS9/NECTIN2/NOTCH1/CLEC4G/SMPD1/PTX3/TNF/TYRO3/IFIT1,23
3,GO:0021782,glial cell development,22/1056,136/18986,0.16176470588235295,2.9083946078431375,5.420371745155316,5.907989708699796e-6,6.425250411043766e-5,4.174821952716579e-5,AGER/CNTN1/CNTN2/DLL1/C1QA/EGFR/ERBB2/ERBB3/CLU/GRN/IFNGR1/IL6/LDLR/LRP1/GFAP/MXRA8/MYOC/NTRK2/ROR1/TNF/TREM2/IFNG,22
3,GO:0009595,detection of biotic stimulus,11/1056,39/18986,0.28205128205128205,5.0710470085470085,6.176114064493124,5.936033739203469e-6,6.428624774284429e-5,4.177014453371393e-5,CDHR2/CLEC6A/CRTAM/CLEC7A/FAP/LY96/PGLYRP1/LBP/SSC5D/TREM2/SRPX,11
3,GO:0140448,signaling receptor ligand precursor processing,11/1056,39/18986,0.28205128205128205,5.0710470085470085,6.176114064493124,5.936033739203469e-6,6.428624774284429e-5,4.177014453371393e-5,ACE2/BCHE/CTSL/CTSZ/DPP4/FURIN/MME/MEP1A/CPE/PLA2G7/REN,11
3,GO:0002523,leukocyte migration involved in inflammatory response,8/1056,20/18986,0.4,7.191666666666667,6.723289429164225,6.163326287345628e-6,6.632974323855263e-5,4.3097910661100515e-5,ADAM8/CX3CL1/LBP/PTN/SELE/SLAMF1/TNF/SLAMF8,8
3,GO:0043691,reverse cholesterol transport,8/1056,20/18986,0.4,7.191666666666667,6.723289429164225,6.163326287345628e-6,6.632974323855263e-5,4.3097910661100515e-5,APOA1/APOA4/APOM/APOE/CES1/APOA2/CLU/LCAT,8
3,GO:1903978,regulation of microglial cell activation,8/1056,20/18986,0.4,7.191666666666667,6.723289429164225,6.163326287345628e-6,6.632974323855263e-5,4.3097910661100515e-5,CCL3/CTSC/GRN/CST7/IL6/LDLR/PTPRC/TREM2,8
3,GO:0001938,positive regulation of endothelial cell proliferation,19/1056,107/18986,0.17757009345794392,3.19256230529595,5.519521813939757,6.300533964800938e-6,6.766510955947675e-5,4.3965568149115316e-5,ACVRL1/CCL11/ANG/BMP4/EGFL7/ECM1/F3/FLT4/HSPG2/GDF2/FGFBP1/KDR/NRP1/NRP2/LRG1/SCG2/THBS4/TEK/VEGFB,19
3,GO:0046598,positive regulation of viral entry into host cell,7/1056,15/18986,0.4666666666666667,8.390277777777778,6.9487773283897525,7.002259864768469e-6,7.457985455140797e-5,4.845844038645774e-5,BSG/CD4/CD74/FURIN/LGALS1/LGALS9/SMPD1,7
3,GO:0048681,negative regulation of axon regeneration,7/1056,15/18986,0.4666666666666667,8.390277777777778,6.9487773283897525,7.002259864768469e-6,7.457985455140797e-5,4.845844038645774e-5,EPHA4/KIAA0319/PTPRS/RGMA/RTN4R/SPP1/TNR,7
3,GO:0075294,positive regulation by symbiont of entry into host,7/1056,15/18986,0.4666666666666667,8.390277777777778,6.9487773283897525,7.002259864768469e-6,7.457985455140797e-5,4.845844038645774e-5,BSG/CD4/CD74/FURIN/LGALS1/LGALS9/SMPD1,7
3,GO:0097531,mast cell migration,7/1056,15/18986,0.4666666666666667,8.390277777777778,6.9487773283897525,7.002259864768469e-6,7.457985455140797e-5,4.845844038645774e-5,CCL11/CHGA/KIT/KITLG/PGF/VEGFB/VEGFD,7
3,GO:1990138,neuron projection extension,25/1056,169/18986,0.14792899408284024,2.6596400394477318,5.259314946731733,7.290273928125228e-6,7.748734453502174e-5,5.034758901637434e-5,ALCAM/APOE/CDH1/DDR1/EDN1/DRAXIN/CLSTN3/FN1/CDH4/ITGB1/KIAA0319/ISLR2/L1CAM/NRP1/NRCAM/NRP2/DSCAM/PTPRS/RTN4R/SEMA3F/SEMA7A/SLITRK1/SYT1/POSTN/TNR,25
3,GO:0034381,plasma lipoprotein particle clearance,13/1056,55/18986,0.23636363636363636,4.2496212121212125,5.8569891973749995,7.390401705549416e-6,7.838996047758691e-5,5.0934065902227086e-5,APOA1/ADIPOQ/APOC1/APOM/APOE/APOA2/FGF21/CES3/IL19/LDLR/MSR1/PCSK9/TREM2,13
3,GO:0060074,synapse maturation,11/1056,40/18986,0.275,4.944270833333334,6.06017370036916,7.778485239781521e-6,8.233459194970224e-5,5.349709971595334e-5,BCAN/CHRDL1/ADGRB3/IGSF9/IGSF21/PALM/NEFL/SEZ6/SEZ6L/SEMA7A/SEZ6L2,11
3,GO:0061387,regulation of extent of cell growth,18/1056,99/18986,0.18181818181818182,3.268939393939394,5.492955968258198,7.794234892619727e-6,8.233459194970224e-5,5.349709971595334e-5,APOE/CDH1/DRAXIN/FN1/CDH4/KIAA0319/ISLR2/L1CAM/NRP1/NRCAM/DSCAM/PTPRS/RGMA/RTN4R/SEMA3F/SEMA7A/SPP1/TNR,18
3,GO:0060562,epithelial tube morphogenesis,39/1056,331/18986,0.11782477341389729,2.1183912386706947,4.981466814277696,7.996853930289331e-6,8.430221270069837e-5,5.477556604494813e-5,ACVRL1/ADM/BSG/CCL11/BMP4/AREG/CSF1/CXCL10/CTHRC1/CTSZ/DDR1/DLL1/CSF1R/EDN1/ENG/EPHA2/EPHA4/COL4A1/FGFR2/FOLR1/GDF2/KDR/MET/NOTCH1/NRP1/NOTCH2/PKD1/PLXNB2/PODXL/RGMA/RET/SPINT1/TGFBR2/TNF/TNC/TIE1/SEMA4C/TACSTD2/YAP1,39
3,GO:0006809,nitric oxide biosynthetic process,16/1056,81/18986,0.19753086419753085,3.5514403292181065,5.584530916101028,8.235127513017741e-6,8.628472018212695e-5,5.606370506294919e-5,ACP5/ASS1/APOE/DDAH1/CLEC7A/EDN1/CLU/GLA/NFATC3/NOS1/NOS3/PTX3/TNF/KLRK1/IFNG/SIRPA,16
3,GO:0043299,leukocyte degranulation,16/1056,81/18986,0.19753086419753085,3.5514403292181065,5.584530916101028,8.235127513017741e-6,8.628472018212695e-5,5.606370506294919e-5,ADGRE2/CCL3/CD160/CD300A/CHGA/CEACAM1/ITGAM/ITGB2/IL4R/KIT/LGALS9/GRP/LAMP1/PTGDS/MILR1/S100A13,16
3,GO:1903556,negative regulation of tumor necrosis factor superfamily cytokine production,16/1056,81/18986,0.19753086419753085,3.5514403292181065,5.584530916101028,8.235127513017741e-6,8.628472018212695e-5,5.606370506294919e-5,ACP5/ADIPOQ/AXL/CD274/CX3CL1/GAS6/HAVCR2/GPNMB/LGALS9/LILRB1/LILRB4/LBP/ORM1/SLAMF1/TREM2/SIRPA,16
3,GO:0045088,regulation of innate immune response,50/1056,470/18986,0.10638297872340426,1.912677304964539,4.862277141698364,8.40340270752065e-6,8.78692514346226e-5,5.709325806625539e-5,ADAM8/APOE/CD160/CD274/CD300A/CD300C/CD300E/CD14/CD300LF/CFH/COLEC12/CR1/CLEC6A/CRTAM/CLEC7A/CTSS/CEACAM1/GRN/FCN1/HAVCR2/IL12B/FCN2/KLRB1/KLRD1/LAMP2/LEP/LAG3/LGALS9/LILRA2/LILRB1/LY96/NCR1/NECTIN2/MMP12/LAMP1/PTPRS/LBP/S100A14/SLAMF6/TNF/SLAMF8/KLRK1/SERPING1/TYRO3/TREM2/VSIG4/FCRL3/PVR/REG3G/SMPDL3A,50
3,GO:0045471,response to ethanol,21/1056,129/18986,0.16279069767441862,2.926841085271318,5.329071751606819,8.639317154682243e-6,9.01531982436983e-5,5.857725801448732e-5,ADIPOQ/CCL7/CD27/CD14/BGLAP/CRHBP/FGFR2/CDK1/DBH/IGF1R/LEP/MSTN/NPPC/PENK/SPINK1/ST6GAL1/TNFRSF11A/TNF/TNC/VCAM1/PTH,21
3,GO:0006911,"phagocytosis, engulfment",12/1056,48/18986,0.25,4.494791666666667,5.883313204021627,8.901078048407387e-6,9.232405903327984e-5,5.998778004878176e-5,C3/CD300A/GSN/ITGA2/ITGAM/ITGB2/HAVCR1/MARCO/MEGF10/MSR1/TIMD4/TREM2,12
3,GO:0007520,myoblast fusion,12/1056,48/18986,0.25,4.494791666666667,5.883313204021627,8.901078048407387e-6,9.232405903327984e-5,5.998778004878176e-5,ADAM12/ADAMTS15/CDON/CXCL10/CXCL9/ADGRB3/GDF15/ITGB1/IL4R/JAM2/NOS1/SCGB3A1,12
3,GO:0071526,semaphorin-plexin signaling pathway,12/1056,48/18986,0.25,4.494791666666667,5.883313204021627,8.901078048407387e-6,9.232405903327984e-5,5.998778004878176e-5,EDN1/ERBB2/KDR/NCAM1/MET/NRP1/NRP2/PLXNB2/SEMA3F/SEMA7A/TREM2/SEMA4C,12
3,GO:0001954,positive regulation of cell-matrix adhesion,13/1056,56/18986,0.23214285714285715,4.1737351190476195,5.772135255627722,9.138925141760811e-6,9.460072109593772e-5,6.146704671545742e-5,CCL21/CCL25/CEACAM6/CSF1/CX3CL1/EPHA1/KDR/MYOC/NRP1/HRG/SFRP1/THY1/TEK,13
3,GO:1905523,positive regulation of macrophage migration,9/1056,27/18986,0.3333333333333333,5.993055555555555,6.300683757297969,9.27988453165895e-6,9.586734420982343e-5,6.229003813888573e-5,CCL3/CSF1/CX3CL1/CSF1R/CXCL17/MSTN/RARRES2/SLAMF1/TREM2,9
3,GO:0007413,axonal fasciculation,8/1056,21/18986,0.38095238095238093,6.849206349206349,6.508445636549949,9.471122618282496e-6,9.725824122957424e-5,6.319377683240703e-5,CNTN4/CNTN2/EPHA4/CRTAC1/NCAM2/NRP1/NRCAM/TNFRSF21,8
3,GO:0106030,neuron projection fasciculation,8/1056,21/18986,0.38095238095238093,6.849206349206349,6.508445636549949,9.471122618282496e-6,9.725824122957424e-5,6.319377683240703e-5,CNTN4/CNTN2/EPHA4/CRTAC1/NCAM2/NRP1/NRCAM/TNFRSF21,8
3,GO:1902004,positive regulation of amyloid-beta formation,8/1056,21/18986,0.38095238095238093,6.849206349206349,6.508445636549949,9.471122618282496e-6,9.725824122957424e-5,6.319377683240703e-5,APOE/EFNA1/EPHA4/CLU/IFNGR1/TNF/GSAP/IFNG,8
3,GO:0051591,response to cAMP,17/1056,91/18986,0.18681318681318682,3.3587454212454215,5.473629950593306,9.513065280983549e-6,9.749473463910575e-5,6.33474389956883e-5,ADIPOQ/ASS1/BSG/AREG/COL1A1/CRHBP/FBP1/GPD1/INHBB/PENK/OXT/SDC1/STC1/THBD/TEK/REN/VGF,17
3,GO:0030516,regulation of axon extension,16/1056,82/18986,0.1951219512195122,3.5081300813008127,5.523663884720697,9.709736675226224e-6,9.931288206506186e-5,6.45287846711985e-5,APOE/CDH1/DRAXIN/FN1/CDH4/KIAA0319/ISLR2/L1CAM/NRP1/NRCAM/DSCAM/PTPRS/RTN4R/SEMA3F/SEMA7A/TNR,16
3,GO:0090101,negative regulation of transmembrane receptor protein serine/threonine kinase signaling pathway,28/1056,205/18986,0.13658536585365855,2.4556910569105694,5.085502863054469,1.0058823139592443e-5,1.0267966987049315e-4,6.671636316869861e-5,ADAMTSL2/ASPN/BAMBI/BMPER/CCN3/CD109/CDH3/CHRDL1/CILP/CHRDL2/CRIM1/DKK3/ENG/FSTL3/GDF15/FST/HJV/LRP1/NBL1/NOTCH1/NOMO1/SFRP1/TGFBR3/VASN/VWC2/SOST/WFIKKN1/WFIKKN2,28
3,GO:0034446,substrate adhesion-dependent cell spreading,18/1056,101/18986,0.1782178217821782,3.2042079207920793,5.390162596445779,1.0411306607222637e-5,1.0606775802417529e-4,6.891778161885257e-5,APOA1/AXL/EFNA1/EPHA1/FGA/FN1/ITGAV/ITGB7/MERTK/MYOC/NRP1/MELTF/LAMB1/ST6GAL1/TEK/TYRO3/POSTN/TACSTD2,18
3,GO:0060055,angiogenesis involved in wound healing,10/1056,34/18986,0.29411764705882354,5.2879901960784315,6.073133577367449,1.0453232040215757e-5,1.0628483464953102e-4,6.905882767978104e-5,B4GALT1/CD34/CX3CL1/KDR/MCAM/PRCP/SMOC2/TAFA5/TNF/VEGFB,10
3,GO:0048524,positive regulation of viral process,14/1056,65/18986,0.2153846153846154,3.872435897435898,5.629659084767817,1.0568466816443007e-5,1.0703427591112712e-4,6.954577894720639e-5,AXL/BSG/CD28/CD4/CD74/CD209/FURIN/LGALS1/LGALS9/NOTCH1/CLEC4G/SMPD1/TYRO3/IFIT1,14
3,GO:0051965,positive regulation of synapse assembly,14/1056,65/18986,0.2153846153846154,3.872435897435898,5.629659084767817,1.0568466816443007e-5,1.0703427591112712e-4,6.954577894720639e-5,AGRN/AMIGO2/ADGRB3/CLSTN3/FLRT2/CLSTN2/LRTM2/LRRN1/NTRK2/OXT/SLITRK2/SLITRK1/SLITRK6/THBS2,14
3,GO:0097278,complement-dependent cytotoxicity,6/1056,11/18986,0.5454545454545454,9.806818181818182,7.090414030971217,1.0590478386057998e-5,1.070468942747627e-4,6.955397775941497e-5,C3/CD55/CD59/CFH/CR1/CD5L,6
3,GO:0030308,negative regulation of cell growth,25/1056,173/18986,0.14450867052023122,2.598145472061657,5.124570208959102,1.1067574457438166e-5,1.1165038420370595e-4,7.254510644467658e-5,ACVRL1/ADAM15/BMP10/BST2/CCN3/CDH1/CDHR2/DRAXIN/DCBLD2/FBP1/HYAL1/GDF2/KIAA0319/NRP1/PI16/PTPRS/RGMA/FRZB/RTN4R/HRG/SEMA3F/SFRP1/SPP1/SCGB3A1/TNR,25
3,GO:0006509,membrane protein ectodomain proteolysis,12/1056,49/18986,0.24489795918367346,4.403061224489796,5.788410571907134,1.1195914894207877e-5,1.1250475882971073e-4,7.310023841873288e-5,ADAM8/ADAM9/APOE/FURIN/PRTN3/RGMA/MMP7/TIMP1/TNF/TNFRSF1B/IFNG/TIMP4,12
3,GO:1905314,semi-lunar valve development,12/1056,49/18986,0.24489795918367346,4.403061224489796,5.788410571907134,1.1195914894207877e-5,1.1250475882971073e-4,7.310023841873288e-5,BMP4/EFNA1/ELN/NOTCH1/NOTCH2/NOS3/ROBO1/ROBO2/TGFBR2/TNFRSF1A/TNFRSF1B/TIE1,12
3,GO:0002686,negative regulation of leukocyte migration,13/1056,57/18986,0.22807017543859648,4.100511695906433,5.689237725961192,1.1241704481189243e-5,1.1274511011776371e-4,7.325640724788895e-5,APOD/CCN3/CCL21/CD300A/CD200/CCL25/C5/DPP4/CD200R1/GDF15/NBL1/SLAMF8/KLRK1,13
3,GO:0032732,positive regulation of interleukin-1 production,15/1056,74/18986,0.20270270270270271,3.644425675675676,5.531279579953977,1.1294640040922289e-5,1.1305605710864932e-4,7.345844580524216e-5,AGER/CCL3/CLEC7A/CALCA/HAVCR2/IL6/LGALS9/LILRA2/LILRA5/LPL/ORM1/TNF/S100A13/IFNG/PYDC1,15
3,GO:0010838,positive regulation of keratinocyte proliferation,7/1056,16/18986,0.4375,7.865885416666667,6.667606975098878,1.1850205518244314e-5,1.1815823877475714e-4,7.677360064960483e-5,CDH3/AREG/LRG1/NOTCH2/REG3A/CRNN/REG3G,7
3,GO:0034638,phosphatidylcholine catabolic process,7/1056,16/18986,0.4375,7.865885416666667,6.667606975098878,1.1850205518244314e-5,1.1815823877475714e-4,7.677360064960483e-5,APOC1/ENPP2/LDLR/PLA2G15/PLA2G10/PLA2G7/PLB1,7
3,GO:0001763,morphogenesis of a branching structure,28/1056,207/18986,0.13526570048309178,2.431964573268921,5.027225085845727,1.2099913469489759e-5,1.204151620371037e-4,7.824004198316687e-5,ADM/CCL11/BMP4/AREG/CSF1/CTSZ/DDR1/EDN1/ENG/EPHA2/COL4A1/FGFR2/HGF/GDF2/KDR/MET/NOTCH1/NRP1/PKD1/RSPO3/SFRP1/SPINT1/TGFBR2/TNF/TNC/TIE1/TACSTD2/YAP1,28
3,GO:0006518,peptide metabolic process,14/1056,66/18986,0.21212121212121213,3.8137626262626263,5.557071358735071,1.2734424723810813e-5,1.2599992217129507e-4,8.186875335117893e-5,ANPEP/CPM/CPQ/CPA4/FURIN/GGT1/GGT5/LGALS4/MME/ADAMTS13/PAM/CPE/MMP7/LTA4H,14
3,GO:0010812,negative regulation of cell-substrate adhesion,14/1056,66/18986,0.21212121212121213,3.8137626262626263,5.557071358735071,1.2734424723810813e-5,1.2599992217129507e-4,8.186875335117893e-5,ACVRL1/ADAM15/APOD/ANGPT2/COL1A1/CX3CL1/MYOC/NOTCH1/MMP12/MELTF/PLG/POSTN/SPOCK1/TACSTD2,14
3,GO:0045428,regulation of nitric oxide biosynthetic process,14/1056,66/18986,0.21212121212121213,3.8137626262626263,5.557071358735071,1.2734424723810813e-5,1.2599992217129507e-4,8.186875335117893e-5,ACP5/ASS1/APOE/DDAH1/CLEC7A/EDN1/CLU/GLA/NFATC3/PTX3/TNF/KLRK1/IFNG/SIRPA,14
3,GO:0072073,kidney epithelium development,23/1056,153/18986,0.1503267973856209,2.7027505446623095,5.13196995491359,1.2787242543971364e-5,1.2628014428002374e-4,8.205082834224013e-5,ADIPOQ/BMPER/CD34/BMP4/CALB1/CRLF1/DLL1/EDN1/EPHA4/EPCAM/FGFR2/NOTCH1/NOTCH2/PKD1/PODXL/RET/ROBO2/SDC1/SFRP1/SMAD5/TACSTD2/UMOD/YAP1,23
3,GO:0002064,epithelial cell development,29/1056,219/18986,0.1324200913242009,2.380802891933029,4.987735714557723,1.2879114823352662e-5,1.2694423884203245e-4,8.248232538574655e-5,ADIPOQ/B4GALT1/ACTA2/CDH5/CDH2/CDSN/BMP4/COL18A1/DLL1/EPHA2/HEG1/ICAM1/IL6ST/KDR/MET/NOTCH1/ADAMTSL4/NOTCH2/PROC/PODXL/PTPRS/FRZB/ROBO4/POF1B/SDC1/STC1/TNF/TNFRSF1A/YAP1,29
3,GO:0045429,positive regulation of nitric oxide biosynthetic process,11/1056,42/18986,0.2619047619047619,4.708829365079366,5.8394611122038045,1.3000104226080243e-5,1.274332164534989e-4,8.280003976824411e-5,ASS1/APOE/DDAH1/CLEC7A/EDN1/CLU/NFATC3/PTX3/TNF/KLRK1/IFNG,11
3,GO:2000403,positive regulation of lymphocyte migration,11/1056,42/18986,0.2619047619047619,4.708829365079366,5.8394611122038045,1.3000104226080243e-5,1.274332164534989e-4,8.280003976824411e-5,ADAM8/CCL3/CCL7/CCL21/CD99L2/CXCL10/CXCL13/CCL20/JAM2/TNFRSF14/XCL1,11
3,GO:0010758,regulation of macrophage chemotaxis,9/1056,28/18986,0.32142857142857145,5.779017857142858,6.141416119506807,1.3002884937835193e-5,1.274332164534989e-4,8.280003976824411e-5,C5/CSF1/CSF1R/CXCL17/MSTN/MTUS1/RARRES2/SLAMF1/SLAMF8,9
3,GO:2001236,regulation of extrinsic apoptotic signaling pathway,24/1056,164/18986,0.14634146341463414,2.63109756097561,5.091152345164122,1.3286823685896516e-5,1.2996883510587578e-4,8.44475641037106e-5,BMP4/CX3CL1/FGA/DBH/HGF/ICAM1/IL19/ITGAV/LGALS3/LTBR/FASLG/LTA/NRP1/NOS3/PTPRC/RET/SCG2/SFRP1/TNFRSF12A/TNF/TNFSF10/SRPX/TNFSF11/YAP1,24
3,GO:0002711,positive regulation of T cell mediated immunity,15/1056,75/18986,0.2,3.5958333333333337,5.466348352231876,1.340079791780042e-5,1.305881158152385e-4,8.484994323836621e-5,B2M/CD55/CD1C/CD7/IL12B/IL12RB1/IL18R1/IL1R1/IL6/NECTIN2/PTPRC/SLAMF1/ULBP2/PVR/XCL1,15
3,GO:0046635,positive regulation of alpha-beta T cell activation,15/1056,75/18986,0.2,3.5958333333333337,5.466348352231876,1.340079791780042e-5,1.305881158152385e-4,8.484994323836621e-5,CD160/CD28/CD55/CD80/CD83/CD86/IL12B/IL12RB1/IL4R/LGALS9/LILRB4/PTPRC/TGFBR2/IFNG/XCL1,15
3,GO:0016042,lipid catabolic process,40/1056,351/18986,0.11396011396011396,2.048907882241216,4.813636856648402,1.3637658906200635e-5,1.3264553143672506e-4,8.618675400105348e-5,ACAA1/APOA4/ADIPOQ/APOC1/APOE/ANGPTL3/CES1/APOA2/FABP1/ENDOU/CLSTN3/FGF21/ENPP7/ENPP2/GLA/GM2A/HAO1/FGF23/DPEP2/HSD11B1/ENPP6/AKR1B10/LDLR/LEP/LPL/HSD17B14/LIPF/PLA2G15/RARRES2/SCARB2/NAAA/SMPD1/PLIN1/SULT2A1/SPP1/TNF/PLA2G10/PLA2G7/PLB1/SCT,40
3,GO:0052372,modulation by symbiont of entry into host,13/1056,58/18986,0.22413793103448276,4.029813218390804,5.608214348160019,1.3758463295830952e-5,1.3356850902073174e-4,8.678646091254651e-5,APCS/BSG/CD4/CD74/FURIN/GSN/FCN1/ITGAV/LGALS1/LGALS9/NECTIN2/SMPD1/PTX3,13
3,GO:0002717,positive regulation of natural killer cell mediated immunity,10/1056,35/18986,0.2857142857142857,5.136904761904762,5.944845801461069,1.390877870752835e-5,1.3406745697836444e-4,8.711065355151476e-5,CD160/CRTAM/IL12B/KLRD1/LAG3/NECTIN2/LAMP1/SLAMF6/KLRK1/PVR,10
3,GO:0016486,peptide hormone processing,10/1056,35/18986,0.2857142857142857,5.136904761904762,5.944845801461069,1.390877870752835e-5,1.3406745697836444e-4,8.711065355151476e-5,ACE2/BCHE/CTSL/CTSZ/DPP4/FURIN/MEP1A/CPE/PLA2G7/REN,10
3,GO:0031670,cellular response to nutrient,12/1056,50/18986,0.24,4.3149999999999995,5.696020288116029,1.3991909186102825e-5,1.3406745697836444e-4,8.711065355151476e-5,BGLAP/COL1A1/FOLR1/FOLR2/GAS6/FGF23/LEP/LPL/PENK/SFRP1/TNC/POSTN,12
3,GO:0043368,positive T cell selection,12/1056,50/18986,0.24,4.3149999999999995,5.696020288116029,1.3991909186102825e-5,1.3406745697836444e-4,8.711065355151476e-5,CD74/CTSL/IL12B/IL12RB1/IL6ST/IL6/LGALS1/LY9/NFATC3/PTPRC/SLAMF6/IL6R,12
3,GO:0044331,cell-cell adhesion mediated by cadherin,12/1056,50/18986,0.24,4.3149999999999995,5.696020288116029,1.3991909186102825e-5,1.3406745697836444e-4,8.711065355151476e-5,CDH1/CDH17/CDH3/CDH5/CDH2/CDHR2/CDH6/EPCAM/CDH4/NOTCH1/PLG/SERPINF2,12
3,GO:0071827,plasma lipoprotein particle organization,12/1056,50/18986,0.24,4.3149999999999995,5.696020288116029,1.3991909186102825e-5,1.3406745697836444e-4,8.711065355151476e-5,APOA1/APOA4/APOC1/APOM/APOE/APOA2/FURIN/LCAT/LPL/PLTP/PLA2G10/PLA2G7,12
3,GO:2000404,regulation of T cell migration,12/1056,50/18986,0.24,4.3149999999999995,5.696020288116029,1.3991909186102825e-5,1.3406745697836444e-4,8.711065355151476e-5,ADAM8/APOD/CCL21/CD200/CD99L2/CXCL10/CD200R1/ECM1/CXCL13/CCL20/TNFRSF14/XCL1,12
3,GO:0030324,lung development,27/1056,198/18986,0.13636363636363635,2.4517045454545454,4.983307322281488,1.483524085720941e-5,1.4188435365290262e-4,9.218970102068225e-5,ADAMTSL2/BMP4/CHI3L1/CTSZ/EGFR/FGFR2/FLT4/AGR2/HEG1/HSD11B1/KDR/ITGB6/MME/NOTCH1/MMP12/PDGFRA/PKD1/NOS3/MAN1A2/TGFBR2/TNF/LTBP3/TNC/HS6ST1/LTA4H/SFTPD/YAP1,27
3,GO:0050994,regulation of lipid catabolic process,14/1056,67/18986,0.208955223880597,3.7568407960199,5.485890247136619,1.5283108058689407e-5,1.4589707785656275e-4,9.479697825097406e-5,APOA4/APOC1/ANGPTL3/APOA2/FABP1/ENDOU/CLSTN3/FGF21/ENPP7/LDLR/RARRES2/SCARB2/TNF/SCT,14
3,GO:0042886,amide transport,38/1056,328/18986,0.11585365853658537,2.0829522357723578,4.801321579199715,1.5318354624098768e-5,1.4596324969912966e-4,9.48399735652929e-5,CCN3/CD38/CD74/CDH17/CD209/CRHBP/EDN1/EGFR/FAM3B/CLEC4M/FGA/FOLR1/FOLR2/CHGA/GCG/F2/IL1RN/INHBB/FAM3D/IL6/LEP/GRP/GIP/PLTP/PSAP/PTPRN2/CPE/SFRP1/SPINK1/GAL/MMP7/TNF/IFNG/SCT/TNFSF11/UMOD/VGF/VSNL1,38
3,GO:0002720,positive regulation of cytokine production involved in immune response,16/1056,85/18986,0.18823529411764706,3.384313725490196,5.346598666046425,1.564533725618182e-5,1.488038995491094e-4,9.668569265715781e-5,B2M/CD160/CD55/CD74/CLEC7A/CD7/IL18R1/IL1R1/KIT/IL6/LILRB1/SEMA7A/SLAMF1/SPON2/TNFRSF14/XCL1,16
3,GO:1901888,regulation of cell junction assembly,33/1056,268/18986,0.12313432835820895,2.2138526119402986,4.8568059035782145,1.5814307207298115e-5,1.501339846291377e-4,9.754991864616189e-5,ACE2/ACVRL1/AGRN/APOD/AMIGO2/CNTNAP2/EPHA2/ADGRB3/CLSTN3/FLRT2/CLSTN2/GDF2/KDR/LRTM2/LRRN1/MYOC/NRP1/NTRK2/OXT/PTPRS/ROBO2/RTN4R/HRG/SFRP1/SLITRK2/SLITRK1/SLITRK6/THBS2/THY1/TNF/TEK/ICAM5/SEMA4C,33
3,GO:0055074,calcium ion homeostasis,38/1056,329/18986,0.11550151975683891,2.0766210739614994,4.780650940091568,1.6414272402140936e-5,1.555433349871995e-4,1.010646570890334e-4,APOE/CCL11/CCL14/CCL23/CCL3/CCL7/CCL21/CCL15/CDH5/CALB1/CALB2/CXCL10/CX3CL1/EDN1/CALCA/CXCL9/CSRP3/FAM20A/FGF23/F2/IMMT/KDR/CAPN3/FASLG/NPPC/NT5E/PTPRC/S100A14/KEL/STC1/STC2/THY1/HRC/PTH/SCGN/TNFSF11/UMOD/XCL1,38
3,GO:0002714,positive regulation of B cell mediated immunity,11/1056,43/18986,0.2558139534883721,4.599321705426357,5.73426327427239,1.6597030532767226e-5,1.561271759058669e-4,1.0144400913420153e-4,C3/CD28/FCER2/LTA/NECTIN2/PTPRC/TNF/TNFSF13/TREM2/TFRC/XCL1,11
3,GO:0002891,positive regulation of immunoglobulin mediated immune response,11/1056,43/18986,0.2558139534883721,4.599321705426357,5.73426327427239,1.6597030532767226e-5,1.561271759058669e-4,1.0144400913420153e-4,C3/CD28/FCER2/LTA/NECTIN2/PTPRC/TNF/TNFSF13/TREM2/TFRC/XCL1,11
3,GO:0046640,regulation of alpha-beta T cell proliferation,11/1056,43/18986,0.2558139534883721,4.599321705426357,5.73426327427239,1.6597030532767226e-5,1.561271759058669e-4,1.0144400913420153e-4,CD274/CD28/CD55/IL12B/IL2RA/LGALS9/PTPRC/CLEC4G/TGFBR2/TNFRSF14/XCL1,11
3,GO:1904407,positive regulation of nitric oxide metabolic process,11/1056,43/18986,0.2558139534883721,4.599321705426357,5.73426327427239,1.6597030532767226e-5,1.561271759058669e-4,1.0144400913420153e-4,ASS1/APOE/DDAH1/CLEC7A/EDN1/CLU/NFATC3/PTX3/TNF/KLRK1/IFNG,11
3,GO:0060135,maternal process involved in female pregnancy,13/1056,59/18986,0.22033898305084745,3.961511299435028,5.528987700282503,1.67569075389954e-5,1.5705792429731143e-4,1.0204876514657103e-4,ACE2/ANGPT2/BSG/AGRP/CBS/DSG2/CTSB/HAVCR2/LGALS9/PTN/STC1/SPP1/STC2,13
3,GO:0090497,mesenchymal cell migration,13/1056,59/18986,0.22033898305084745,3.961511299435028,5.528987700282503,1.67569075389954e-5,1.5705792429731143e-4,1.0204876514657103e-4,CDH2/BMP4/EDN1/FOLR1/FN1/ERBB4/KITLG/NRP1/NRP2/RET/SEMA3F/SEMA7A/SEMA4C,13
3,GO:0046596,regulation of viral entry into host cell,12/1056,51/18986,0.23529411764705882,4.230392156862745,5.606021971506415,1.7378886769879487e-5,1.6259194428081442e-4,1.056445079792846e-4,APCS/BSG/CD4/CD74/FURIN/GSN/FCN1/LGALS1/LGALS9/NECTIN2/SMPD1/PTX3,12
3,GO:0001952,regulation of cell-matrix adhesion,20/1056,125/18986,0.16,2.876666666666667,5.108658875421662,1.8265498980502423e-5,1.703219091141614e-4,1.1066707127495259e-4,ACVRL1/ADAM15/APOD/CCL21/CCL25/CEACAM6/CSF1/CX3CL1/DDR1/EPHA1/KDR/MYOC/MMP12/NRP1/PLAU/HRG/SFRP1/THY1/TEK/POSTN,20
3,GO:0080164,regulation of nitric oxide metabolic process,14/1056,68/18986,0.20588235294117646,3.7015931372549016,5.416065466793246,1.827119606986057e-5,1.703219091141614e-4,1.1066707127495259e-4,ACP5/ASS1/APOE/DDAH1/CLEC7A/EDN1/CLU/GLA/NFATC3/PTX3/TNF/KLRK1/IFNG/SIRPA,14
3,GO:0002637,regulation of immunoglobulin production,15/1056,77/18986,0.19480519480519481,3.502435064935065,5.339751096777317,1.8682201475794488e-5,1.738388964038278e-4,1.1295224224962581e-4,CD22/CD28/CD86/CR1/IL13RA1/IL4R/IL6/MZB1/PTPRC/TNF/TNFRSF4/TNFSF13/FCRL3/TFRC/XCL1,15
3,GO:0008228,opsonization,7/1056,17/18986,0.4117647058823529,7.403186274509803,6.409814976530305,1.9177989097026826e-5,1.7813069152283477e-4,1.1574084648030226e-4,CFP/C4BPB/FCN1/FCN2/LBP/SPON2/PTX3,7
3,GO:1901654,response to ketone,29/1056,224/18986,0.12946428571428573,2.3276599702380953,4.850856413734123,1.9861067316050932e-5,1.8414352880259454e-4,1.1964770200619853e-4,ADAM15/ASS1/CA9/CCL21/CD38/BGLAP/EDN1/DSG2/EGFR/F7/EPO/FBP1/GAS6/GHR/IGFBP7/IGF1R/ITGAM/MSTN/OXT/PAPPA/NEFL/PTPRC/SERPINF1/SFRP1/SPP1/TGFBR3/TNC/POSTN/YAP1,29
3,GO:0071692,protein localization to extracellular region,42/1056,382/18986,0.1099476439790576,1.9767670157068065,4.6802237557205855,2.00176221623612e-5,1.851183228548552e-4,1.2028107679292445e-4,ADAM8/AFM/ADAM9/BSG/APOE/ANG/CCN3/ACHE/CD200/CD38/CBLN4/COMP/EGFR/FAM3B/CLSTN3/FGA/CHGA/GCG/F2/IL12B/IL1RN/INHBB/FAM3D/IL6/LEP/C1QTNF5/LTBP2/NBL1/NAGPA/GIP/PTPRN2/PPY/SCG2/SEL1L/SFRP1/GAL/SNCG/TNF/TREM2/IFNG/VGF/VSNL1,42
3,GO:0002551,mast cell chemotaxis,6/1056,12/18986,0.5,8.989583333333334,6.718656238183638,2.018166778747403e-5,1.851183228548552e-4,1.2028107679292445e-4,CCL11/CHGA/KIT/PGF/VEGFB/VEGFD,6
3,GO:0034370,triglyceride-rich lipoprotein particle remodeling,6/1056,12/18986,0.5,8.989583333333334,6.718656238183638,2.018166778747403e-5,1.851183228548552e-4,1.2028107679292445e-4,APOA1/APOA4/APOE/APOA2/LCAT/LPL,6
3,GO:0034372,very-low-density lipoprotein particle remodeling,6/1056,12/18986,0.5,8.989583333333334,6.718656238183638,2.018166778747403e-5,1.851183228548552e-4,1.2028107679292445e-4,APOA1/APOA4/APOE/APOA2/LCAT/LPL,6
3,GO:0140105,interleukin-10-mediated signaling pathway,6/1056,12/18986,0.5,8.989583333333334,6.718656238183638,2.018166778747403e-5,1.851183228548552e-4,1.2028107679292445e-4,IL10RB/LILRA2/LILRA3/LILRB1/LILRB4/LILRB2,6
3,GO:1904729,regulation of intestinal lipid absorption,6/1056,12/18986,0.5,8.989583333333334,6.718656238183638,2.018166778747403e-5,1.851183228548552e-4,1.2028107679292445e-4,APOA1/APOA4/APOA2/ENPP7/LEP/PRAP1,6
3,GO:0043616,keratinocyte proliferation,13/1056,60/18986,0.21666666666666667,3.895486111111111,5.451484836870752,2.0313491046110105e-5,1.8599652991598152e-4,1.2085169394918643e-4,CD109/CDH3/AREG/FGFR2/FST/KLK8/LRG1/NOTCH2/REG3A/SLURP1/CRNN/REG3G/YAP1,13
3,GO:0038128,ERBB2 signaling pathway,8/1056,23/18986,0.34782608695652173,6.253623188405797,6.118098020503275,2.065372276476447e-5,1.887764908729802e-4,1.226579802864512e-4,AREG/EGFR/ERBB2/ERBB3/ERBB4/MYOC/PTPRR/TGFA,8
3,GO:0030323,respiratory tube development,27/1056,202/18986,0.13366336633663367,2.4031559405940595,4.865580914820903,2.138121119958286e-5,1.9507990041389318e-4,1.2675363583991182e-4,ADAMTSL2/BMP4/CHI3L1/CTSZ/EGFR/FGFR2/FLT4/AGR2/HEG1/HSD11B1/KDR/ITGB6/MME/NOTCH1/MMP12/PDGFRA/PKD1/NOS3/MAN1A2/TGFBR2/TNF/LTBP3/TNC/HS6ST1/LTA4H/SFTPD/YAP1,27
3,GO:0032964,collagen biosynthetic process,12/1056,52/18986,0.23076923076923078,4.149038461538462,5.518303284520703,2.1459184120709584e-5,1.9510069513625734e-4,1.267671472609262e-4,BMP4/COL1A1/COL5A1/ENG/F2/ITGA2/IL6/NOTCH1/NPPC/PCOLCE/SERPINF2/IL6R,12
3,GO:0045214,sarcomere organization,12/1056,52/18986,0.23076923076923078,4.149038461538462,5.518303284520703,2.1459184120709584e-5,1.9510069513625734e-4,1.267671472609262e-4,BMP10/ACTN2/EDN1/CSRP3/ITGB1/KRT8/KRT19/CAPN3/MYBPC1/MYBPC2/MYOM2/MYOM3,12
3,GO:0048754,branching morphogenesis of an epithelial tube,23/1056,158/18986,0.14556962025316456,2.617220464135021,4.953849312064739,2.1778257228425392e-5,1.976530211488255e-4,1.2842552724397628e-4,CCL11/BMP4/AREG/CSF1/CTSZ/DDR1/EDN1/ENG/EPHA2/COL4A1/FGFR2/GDF2/KDR/MET/NOTCH1/NRP1/PKD1/TGFBR2/TNF/TNC/TIE1/TACSTD2/YAP1,23
3,GO:0019915,lipid storage,17/1056,97/18986,0.17525773195876287,3.1509879725085908,5.154261883252279,2.283716613516962e-5,2.0689910619824144e-4,1.3443319330702012e-4,APOA1/APOE/C3/ANGPTL3/CES1/CLSTN3/GLA/GM2A/ITGAV/IL6/LEP/LPL/MSR1/NPC2/TNF/TREM2/PLA2G10,17
3,GO:0051047,positive regulation of secretion,37/1056,322/18986,0.11490683229813664,2.0659290890269153,4.681672200954004,2.3660045811622156e-5,2.138648459608962e-4,1.3895919951964302e-4,ADAM8/ADAM9/BSG/ANG/C1QTNF1/CD160/ACHE/CD38/BGLAP/EDN1/EGFR/CPB2/FGA/GCG/F2/ITGAM/ITGB2/IL4R/INHBB/LEP/GRP/GIP/OXT/LAMP1/RETN/SDC1/SPINK1/GAL/SPP1/TNFRSF11A/SYT1/TREM2/IFNG/PLA2G10/SCT/TNFSF11/VSNL1,37
3,GO:1902106,negative regulation of leukocyte differentiation,19/1056,117/18986,0.1623931623931624,2.9196937321937324,5.054725205196231,2.3689006216037193e-5,2.138648459608962e-4,1.3895919951964302e-4,ADIPOQ/APCS/CCL3/CD74/BMP4/CR1/CALCA/ERBB2/FSTL3/CEACAM1/IL4R/LGALS1/LAG3/LILRB1/LILRB4/PGLYRP1/CLEC4G/SFRP1/TNFRSF11B,19
3,GO:0032703,negative regulation of interleukin-2 production,9/1056,30/18986,0.3,5.39375,5.844801075278245,2.435193335518291e-5,2.1946541336707675e-4,1.4259818170075825e-4,CD34/CR1/HAVCR2/LAG3/LILRB4/PTPRC/VSIG4/SFTPD/XCL1,9
3,GO:0070231,T cell apoptotic process,13/1056,61/18986,0.21311475409836064,3.831625683060109,5.37563695976673,2.451421906957845e-5,2.2054240716173982e-4,1.432979610166228e-4,ADAM8/CD27/CD274/BMP4/EFNA1/FAS/IDO1/IL2RA/IL7R/LGALS3/LGALS9/FASLG/PDCD1,13
3,GO:0050768,negative regulation of neurogenesis,21/1056,138/18986,0.15217391304347827,2.7359601449275366,4.966995561380352,2.4907019221075378e-5,2.2368586077464036e-4,1.4534042758382885e-4,B2M/CCL11/CDH1/DRAXIN/F2/KIAA0319/IL6/LDLR/NOTCH1/NRP1/PTPRS/RGMA/PRTG/PTN/RTN4R/SEMA3F/SPP1/THY1/TNF/TREM2/TNR,21
3,GO:0032720,negative regulation of tumor necrosis factor production,15/1056,79/18986,0.189873417721519,3.4137658227848102,5.217284052230991,2.572576284895884e-5,2.3063705649805708e-4,1.4985698377187556e-4,ACP5/ADIPOQ/AXL/CX3CL1/GAS6/HAVCR2/GPNMB/LGALS9/LILRB1/LILRB4/LBP/ORM1/SLAMF1/TREM2/SIRPA,15
3,GO:0071346,cellular response to type II interferon,17/1056,98/18986,0.17346938775510204,3.1188350340136055,5.103455250904889,2.621942561048719e-5,2.346547552466345e-4,1.524674932247263e-4,ASS1/CCL3/CD58/EDN1/GSN/FCAR/IFNGR1/IFNGR2/IL12B/IL12RB1/LGALS9/MRC1/FASLG/ADAMTS13/TNF/IFNG/SIRPA,17
3,GO:0071825,protein-lipid complex organization,12/1056,53/18986,0.22641509433962265,4.070754716981132,5.432759251629085,2.6348850947363018e-5,2.354043789144824e-4,1.5295456301105375e-4,APOA1/APOA4/APOC1/APOM/APOE/APOA2/FURIN/LCAT/LPL/PLTP/PLA2G10/PLA2G7,12
3,GO:0003176,aortic valve development,11/1056,45/18986,0.24444444444444444,4.394907407407407,5.533244407540555,2.6440023840543584e-5,2.3581024722837748e-4,1.5321827692698904e-4,BMP4/EFNA1/ELN/NOTCH1/NOS3/ROBO1/ROBO2/TGFBR2/TNFRSF1A/TNFRSF1B/TIE1,11
3,GO:0097696,cell surface receptor signaling pathway via STAT,23/1056,160/18986,0.14375,2.584505208333333,4.884518403922243,2.6744931662328455e-5,2.378266132022127e-4,1.5452841558210033e-4,CRLF1/CSF1R/EPO/GHR/CSH1/IL10RB/F2/IL12B/IL15RA/ERBB4/IL6ST/IL7R/KIT/IL6/LEP/NOTCH1/PKD1/PTPRC/TNF/TNFRSF1A/IL6R/IFNG/IL15,23
3,GO:0019882,antigen processing and presentation,19/1056,118/18986,0.16101694915254236,2.8949505649717513,5.010984617895227,2.6787320813661643e-5,2.378266132022127e-4,1.5452841558210033e-4,B2M/CCL21/CD74/CD1C/CD209/CD8A/CTSD/CTSL/CTSF/CTSS/CTSE/CLEC4M/FCER2/ICAM1/IFI30/LILRB2/RAB6A/ULBP2/TREM2,19
3,GO:0035592,establishment of protein localization to extracellular region,41/1056,374/18986,0.10962566844919786,1.9709781639928696,4.602521835042711,2.680451256459468e-5,2.378266132022127e-4,1.5452841558210033e-4,ADAM8/AFM/ADAM9/BSG/APOE/ANG/CCN3/ACHE/CD200/CD38/CBLN4/COMP/EGFR/FAM3B/CLSTN3/FGA/CHGA/GCG/F2/IL12B/IL1RN/INHBB/FAM3D/IL6/LEP/C1QTNF5/LTBP2/NAGPA/GIP/PTPRN2/PPY/SCG2/SEL1L/SFRP1/GAL/SNCG/TNF/TREM2/IFNG/VGF/VSNL1,41
3,GO:0050807,regulation of synapse organization,36/1056,312/18986,0.11538461538461539,2.074519230769231,4.644296385199598,2.7764611071010318e-5,2.4592194170284913e-4,1.5978837480187165e-4,AGRN/BAIAP2/APOE/AMIGO2/CDH2/EFNA1/EPHA4/ADGRB3/CLSTN3/FLRT2/CLSTN2/IGSF9/ITGB1/KLK8/LRTM2/LILRB2/LRRN1/NRCAM/NTRK2/NRP2/OXT/NEFL/PTPRS/ROBO2/RTN4R/SEMA3F/SEMA7A/SLITRK2/SLITRK1/SLITRK6/SPARCL1/THBS2/TNF/TREM2/ICAM5/SEMA4C,36
3,GO:0046209,nitric oxide metabolic process,16/1056,89/18986,0.1797752808988764,3.232209737827715,5.122484880562464,2.8474267895318812e-5,2.5177504459754455e-4,1.635914425257822e-4,ACP5/ASS1/APOE/DDAH1/CLEC7A/EDN1/CLU/GLA/NFATC3/NOS1/NOS3/PTX3/TNF/KLRK1/IFNG/SIRPA,16
3,GO:0002922,positive regulation of humoral immune response,8/1056,24/18986,0.3333333333333333,5.993055555555555,5.939871681775563,2.947441392917032e-5,2.5796367369248385e-4,1.6761251920761322e-4,C3/CR1/FCER2/KLK7/LTA/PTPRC/TNF/TREM2,8
3,GO:0003177,pulmonary valve development,8/1056,24/18986,0.3333333333333333,5.993055555555555,5.939871681775563,2.947441392917032e-5,2.5796367369248385e-4,1.6761251920761322e-4,BMP4/NOTCH1/NOTCH2/NOS3/ROBO1/ROBO2/TNFRSF1A/TNFRSF1B,8
3,GO:0072540,T-helper 17 cell lineage commitment,8/1056,24/18986,0.3333333333333333,5.993055555555555,5.939871681775563,2.947441392917032e-5,2.5796367369248385e-4,1.6761251920761322e-4,IL12B/IL12RB1/IL6ST/IL6/LGALS1/LY9/SLAMF6/IL6R,8
3,GO:0072574,hepatocyte proliferation,8/1056,24/18986,0.3333333333333333,5.993055555555555,5.939871681775563,2.947441392917032e-5,2.5796367369248385e-4,1.6761251920761322e-4,CPB2/CEACAM1/FGL1/IL6/NOTCH2/PTN/TGFA/TNF,8
3,GO:0072575,epithelial cell proliferation involved in liver morphogenesis,8/1056,24/18986,0.3333333333333333,5.993055555555555,5.939871681775563,2.947441392917032e-5,2.5796367369248385e-4,1.6761251920761322e-4,CPB2/CEACAM1/FGL1/IL6/NOTCH2/PTN/TGFA/TNF,8
3,GO:0098856,intestinal lipid absorption,8/1056,24/18986,0.3333333333333333,5.993055555555555,5.939871681775563,2.947441392917032e-5,2.5796367369248385e-4,1.6761251920761322e-4,APOA1/APOA4/APOA2/FABP2/ENPP7/LDLR/LEP/PRAP1,8
3,GO:0010544,negative regulation of platelet activation,7/1056,18/18986,0.3888888888888889,6.991898148148148,6.172157782030183,2.9876477968536454e-5,2.6015750663480644e-4,1.6903796745356152e-4,APOE/C1QTNF1/CEACAM1/F2/PDGFRA/NOS3/THBD,7
3,GO:0010715,regulation of extracellular matrix disassembly,7/1056,18/18986,0.3888888888888889,6.991898148148148,6.172157782030183,2.9876477968536454e-5,2.6015750663480644e-4,1.6903796745356152e-4,CST3/DDR1/DPP4/FAP/IL6/LRP1/MELTF,7
3,GO:0033631,cell-cell adhesion mediated by integrin,7/1056,18/18986,0.3888888888888889,6.991898148148148,6.172157782030183,2.9876477968536454e-5,2.6015750663480644e-4,1.6903796745356152e-4,ADAM9/DPP4/CXCL13/ITGA5/ITGB1/PODXL/VCAM1,7
3,GO:0009395,phospholipid catabolic process,12/1056,54/18986,0.2222222222222222,3.9953703703703707,5.349291647215233,3.2178903592512977e-5,2.797339764239534e-4,1.817578259188361e-4,APOC1/ANGPTL3/APOA2/ENPP7/ENPP2/ENPP6/LDLR/PLA2G15/SMPD1/PLA2G10/PLA2G7/PLB1,12
3,GO:0002825,regulation of T-helper 1 type immune response,9/1056,31/18986,0.2903225806451613,5.219758064516129,5.70628711239378,3.262899755001715e-5,2.822189301515745e-4,1.833724305972352e-4,CD80/HAVCR2/IL12B/IL12RB1/IL18R1/IL1R1/IL4R/SLAMF1/XCL1,9
3,GO:0043373,"CD4-positive, alpha-beta T cell lineage commitment",9/1056,31/18986,0.2903225806451613,5.219758064516129,5.70628711239378,3.262899755001715e-5,2.822189301515745e-4,1.833724305972352e-4,CTSL/IL12B/IL12RB1/IL6ST/IL6/LGALS1/LY9/SLAMF6/IL6R,9
3,GO:0098868,bone growth,9/1056,31/18986,0.2903225806451613,5.219758064516129,5.70628711239378,3.262899755001715e-5,2.822189301515745e-4,1.833724305972352e-4,COMP/ECM1/FGFR2/LEP/LEPR/NPPC/MMP13/STC1/TGFBR2,9
3,GO:0002040,sprouting angiogenesis,26/1056,196/18986,0.1326530612244898,2.3849914965986394,4.729975243503091,3.444401644782597e-5,2.97418600985834e-4,1.9324845338443487e-4,ACVRL1/BMPER/BMP4/CLEC14A/DLL1/EPHA2/EPHB4/ESM1/FLT4/CEACAM1/FLT1/IL12B/ITGA5/FGFBP1/ITGB1/KDR/NOTCH1/NRP1/PGF/ROBO1/RECK/RSPO3/TGFBR3/TEK/VEGFB/VEGFD,26
3,GO:0030168,platelet activation,21/1056,141/18986,0.14893617021276595,2.6777482269503543,4.852721738585734,3.461319367242164e-5,2.979203930831234e-4,1.9357449401000536e-4,AXL/APOE/C1QTNF1/COMP/FGA/CEACAM1/ENTPD2/GLA/F2/IL6ST/FGL1/IL6/MERTK/ADAMTS13/PDGFRA/NOS3/HRG/THBD/IL6R/TYRO3/VWF,21
3,GO:0032611,interleukin-1 beta production,18/1056,110/18986,0.16363636363636364,2.942045454545455,4.957330386357385,3.4675506469422705e-5,2.979203930831234e-4,1.9357449401000536e-4,ACP5/AGER/APOA1/CCL3/CLEC7A/CX3CL1/IL6/LGALS9/LILRA2/LILRA5/LILRB4/LPL/ORM1/TNF/TREM2/IFNG/PYDC1/SIRPA,18
3,GO:0032651,regulation of interleukin-1 beta production,18/1056,110/18986,0.16363636363636364,2.942045454545455,4.957330386357385,3.4675506469422705e-5,2.979203930831234e-4,1.9357449401000536e-4,ACP5/AGER/APOA1/CCL3/CLEC7A/CX3CL1/IL6/LGALS9/LILRA2/LILRA5/LILRB4/LPL/ORM1/TNF/TREM2/IFNG/PYDC1/SIRPA,18
3,GO:0001890,placenta development,22/1056,152/18986,0.14473684210526316,2.6022478070175437,4.813126896155844,3.568814816515877e-5,3.0611048883759313e-4,1.9889602848153994e-4,ADM/BSG/ANG/CCN1/EGFR/CTSB/FGFR2/KRT8/KRT19/LEP/MME/NOTCH2/PKD1/PLG/PCDH12/PTN/RSPO3/SPINT1/STC1/SPP1/STC2/HS6ST1,22
3,GO:0032835,glomerulus development,14/1056,72/18986,0.19444444444444445,3.495949074074074,5.149409037908074,3.599815259773956e-5,3.08256605716524e-4,2.0029047310020506e-4,ADIPOQ/ANGPT2/CD34/ACTA2/BMP4/EDN1/NOTCH1/NOTCH3/NOTCH2/PDGFRA/PODXL/RET/TEK/IL6R,14
3,GO:2001057,reactive nitrogen species metabolic process,16/1056,91/18986,0.17582417582417584,3.1611721611721615,5.015147698107426,3.785051096971251e-5,3.2358106807440796e-4,2.1024757948088544e-4,ACP5/ASS1/APOE/DDAH1/CLEC7A/EDN1/CLU/GLA/NFATC3/NOS1/NOS3/PTX3/TNF/KLRK1/IFNG/SIRPA,16
3,GO:0048588,developmental cell growth,29/1056,232/18986,0.125,2.2473958333333335,4.63925709615914,3.83979087325038e-5,3.277172508543992e-4,2.1293507421893884e-4,ALCAM/APOE/CDH1/DDR1/EDN1/DRAXIN/CLSTN3/FN1/CDH4/ITGB1/KIAA0319/ISLR2/L1CAM/NRP1/NRCAM/NRP2/DSCAM/PI16/PTPRS/RGMA/RTN4R/SEMA3F/SEMA7A/SLITRK1/SPP1/TGFBR2/SYT1/POSTN/TNR,29
3,GO:0033280,response to vitamin D,10/1056,39/18986,0.2564102564102564,4.610042735042735,5.476732561060823,3.930977043275236e-5,3.349452340179147e-4,2.1763147371381994e-4,BGLAP/CXCL10/FGF23/PENK/SFRP1/STC1/SPP1/STC2/TNC/PTH,10
3,GO:0048247,lymphocyte chemotaxis,11/1056,47/18986,0.23404255319148937,4.2078900709219855,5.3436376277239495,4.0958612874433064e-5,3.478445623850123e-4,2.260128434343987e-4,ADAM8/CCL3/CCL7/CCL21/CXCL10/CX3CL1/CXCL16/GAS6/CXCL13/KLRK1/XCL1,11
3,GO:0050919,negative chemotaxis,11/1056,47/18986,0.23404255319148937,4.2078900709219855,5.3436376277239495,4.0958612874433064e-5,3.478445623850123e-4,2.260128434343987e-4,APOA1/DPP4/FLRT2/ITGAV/LRTM2/NRP2/ROBO1/ROBO2/SEMA3F/SEMA7A/SEMA4C,11
3,GO:0010954,positive regulation of protein processing,8/1056,25/18986,0.32,5.753333333333334,5.771447787372619,4.123891096181157e-5,3.496489901449649e-4,2.2718527472383036e-4,ADAM8/CNTN2/CLEC3B/GSN/F12/KLKB1/MELTF/SPON1,8
3,GO:0050803,regulation of synapse structure or activity,36/1056,318/18986,0.11320754716981132,2.035377358490566,4.518668093608591,4.1653344706809784e-5,3.525829096282503e-4,2.2909159598490838e-4,AGRN/BAIAP2/APOE/AMIGO2/CDH2/EFNA1/EPHA4/ADGRB3/CLSTN3/FLRT2/CLSTN2/IGSF9/ITGB1/KLK8/LRTM2/LILRB2/LRRN1/NRCAM/NTRK2/NRP2/OXT/NEFL/PTPRS/ROBO2/RTN4R/SEMA3F/SEMA7A/SLITRK2/SLITRK1/SLITRK6/SPARCL1/THBS2/TNF/TREM2/ICAM5/SEMA4C,36
3,GO:0033619,membrane protein proteolysis,13/1056,64/18986,0.203125,3.6520182291666665,5.1573913547652195,4.2002476070752795e-5,3.543744094021778e-4,2.3025562728423704e-4,ADAM8/ADAM9/APOE/FURIN/PRTN3/RGMA/RET/MMP7/TIMP1/TNF/TNFRSF1B/IFNG/TIMP4,13
3,GO:2000351,regulation of endothelial cell apoptotic process,13/1056,64/18986,0.203125,3.6520182291666665,5.1573913547652195,4.2002476070752795e-5,3.543744094021778e-4,2.3025562728423704e-4,ANGPTL4/CD160/CD248/CDH5/FGF21/FGA/GAS6/ICAM1/KDR/FASLG/SCG2/TNF/TEK,13
3,GO:0046660,female sex differentiation,19/1056,122/18986,0.1557377049180328,2.8000341530054644,4.840507326492295,4.311514696104582e-5,3.631676186016196e-4,2.3596903617139286e-4,AXL/ANG/FST/INHBB/KIT/KDR/LEP/MERTK/KITLG/NOTCH1/NPPC/PDGFRA/NOS3/RETN/ROBO2/SFRP1/PTX3/TYRO3/VGF,19
3,GO:0002292,T cell differentiation involved in immune response,16/1056,92/18986,0.17391304347826086,3.1268115942028984,4.962586530001407,4.348792652406122e-5,3.657100509486715e-4,2.3762098772140948e-4,CD46/CD80/CLEC4D/CD86/IL12B/IL12RB1/IL18R1/IL6ST/IL4R/IL6/LGALS1/LGALS9/LY9/SLAMF6/IL6R/IFNG,16
3,GO:0002643,regulation of tolerance induction,7/1056,19/18986,0.3684210526315789,6.62390350877193,5.951993581019486,4.503671273935403e-5,3.7811767780353424e-4,2.4568287319839624e-4,HAVCR2/IDO1/IL2RA/LILRB4/LILRB2/PDCD1/TGFBR2,7
3,GO:0015833,peptide transport,32/1056,270/18986,0.11851851851851852,2.130864197530864,4.541851533516372,4.5208399468745956e-5,3.789419500185129e-4,2.462184460582792e-4,CCN3/CD38/CD74/CD209/CRHBP/EDN1/EGFR/FAM3B/CLEC4M/FGA/CHGA/GCG/F2/IL1RN/INHBB/FAM3D/IL6/LEP/GRP/GIP/PTPRN2/CPE/SFRP1/SPINK1/GAL/MMP7/TNF/IFNG/SCT/TNFSF11/VGF/VSNL1,32
3,GO:0050864,regulation of B cell activation,20/1056,133/18986,0.15037593984962405,2.7036340852130323,4.784747479684904,4.586315551328718e-5,3.8380611472564195e-4,2.493789488094324e-4,CD27/CD22/CD28/CD300A/CD38/CD74/CR1/IL6/MZB1/PTPRC/SFRP1/TNFRSF13B/SLAMF8/TNFRSF21/TNFRSF4/TNFRSF13C/TNFSF13/FCRL3/TFRC/TNFSF13B,20
3,GO:0048844,artery morphogenesis,15/1056,83/18986,0.18072289156626506,3.2492469879518073,4.98376942782162,4.713539000839515e-5,3.93813509713577e-4,2.5588127784136034e-4,ACVRL1/APOE/ANGPTL3/BMP4/COMP/EDN1/ENG/FOLR1/LDLR/LRP1/NOTCH1/NOTCH3/NRP1/NFATC3/TGFBR2,15
3,GO:0007586,digestion,21/1056,144/18986,0.14583333333333334,2.621961805555556,4.7413878718598,4.757513156022939e-5,3.9684434173621765e-4,2.578505682586441e-4,APOA1/APOA4/APOA2/FABP1/FABP2/ENPP7/HEPH/LDLR/LEP/NPPC/OXT/PRAP1/SERPINA3/MUC2/SPINK1/PGA4/TFF1/TFF2/MUC13/TFF3/SCT,21
3,GO:0043123,positive regulation of canonical NF-kappaB signal transduction,28/1056,223/18986,0.12556053811659193,2.257473841554559,4.584029108818381,4.7874314708791006e-5,3.9869481797062624e-4,2.5905291965542556e-4,ADIPOQ/BST2/CANT1/CCL21/CD4/CD74/CLEC4D/CLEC6A/CLEC7A/CX3CL1/EDA2R/EDN1/ECM1/LGALS1/LGALS9/LTBR/FASLG/LTA/ROR1/SHISA5/TNFRSF10B/TNF/TNFRSF19/TNFRSF1A/TNFSF10/S100A13/TFRC/TNFSF11,28
3,GO:0030301,cholesterol transport,19/1056,123/18986,0.15447154471544716,2.7772696476964773,4.7989653306198194,4.837925256364963e-5,4.022500757509901e-4,2.6136295697374044e-4,APOA1/APOA4/ADIPOQ/APOC1/APOM/APOE/CES1/APOA2/CLU/FURIN/LCAT/LDLR/LRP1/MSR1/NPC2/PCSK9/PLTP/TREM2/PLA2G10,19
3,GO:0009306,protein secretion,40/1056,371/18986,0.1078167115902965,1.9384546271338725,4.430123461305332,4.869956165801574e-5,4.042612565975381e-4,2.6266972657988994e-4,ADAM8/ADAM9/BSG/APOE/ANG/CCN3/ACHE/CD200/CD38/CBLN4/COMP/EGFR/FAM3B/CLSTN3/FGA/CHGA/GCG/F2/IL12B/IL1RN/INHBB/FAM3D/IL6/LEP/C1QTNF5/LTBP2/NAGPA/GIP/PTPRN2/PPY/SCG2/SEL1L/SFRP1/GAL/SNCG/TNF/TREM2/IFNG/VGF/VSNL1,40
3,GO:0045927,positive regulation of growth,31/1056,259/18986,0.11969111969111969,2.151946589446589,4.529969053466477,4.898101626485987e-5,4.059439531275766e-4,2.6376306270906095e-4,AGRN/BMP10/CD38/CSF1/DLL1/EDN1/CXCL16/EGFR/ERBB2/FGFR2/FN1/AGR2/GHR/CDH4/CDK1/HYAL1/IGFBP1/F2/ERBB4/ISLR2/LEP/L1CAM/CAPN3/NOTCH1/NRP1/DSCAM/SEMA7A/SFRP1/TGFBR3/SYT1/YAP1,31
3,GO:0002369,T cell cytokine production,10/1056,40/18986,0.25,4.494791666666667,5.3695715739438885,4.982019883040942e-5,4.112533497139522e-4,2.672128559476841e-4,B2M/CD55/CD7/IL18R1/IL1R1/IL6/LILRB4/SLAMF1/TNFRSF1B/XCL1,10
3,GO:0002724,regulation of T cell cytokine production,10/1056,40/18986,0.25,4.494791666666667,5.3695715739438885,4.982019883040942e-5,4.112533497139522e-4,2.672128559476841e-4,B2M/CD55/CD7/IL18R1/IL1R1/IL6/LILRB4/SLAMF1/TNFRSF1B/XCL1,10
3,GO:0051057,positive regulation of small GTPase mediated signal transduction,13/1056,65/18986,0.2,3.5958333333333337,5.087548418604614,4.9860978384329804e-05,4.112533497139522e-4,2.672128559476841e-4,APOA1/ADGRG1/CDON/CSF1/ERBB2/EPO/ITGAV/KITLG/NOTCH1/NOTCH2/ROBO1/RTN4R/TEK,13
3,GO:0002673,regulation of acute inflammatory response,11/1056,48/18986,0.22916666666666666,4.120225694444444,5.252749456496706,5.0489231336223856e-5,4.151068381790015e-4,2.697166693727261e-4,ADAM8/APCS/C3/IL6ST/F12/IL6/KLKB1/OSMR/TNFRSF11A/TNF/TNFSF11,11
3,GO:0010837,regulation of keratinocyte proliferation,11/1056,48/18986,0.22916666666666666,4.120225694444444,5.252749456496706,5.0489231336223856e-5,4.151068381790015e-4,2.697166693727261e-4,CD109/CDH3/AREG/FGFR2/LRG1/NOTCH2/REG3A/SLURP1/CRNN/REG3G/YAP1,11
3,GO:0032755,positive regulation of interleukin-6 production,17/1056,103/18986,0.1650485436893204,2.9674352750809065,4.858818592128964,5.0723098822355886e-5,4.16365564377778e-4,2.705345297565143e-4,AGER/BSG/CD74/CLEC7A/IL6/LEP/LGALS9/LILRA2/LILRA5/LILRB2/LPL/LBP/SPON2/TNF/IL6R/IFNG/IL1RL2,17
3,GO:0008202,steroid metabolic process,37/1056,334/18986,0.11077844311377245,1.991704091816367,4.437514143015278,5.219388946151791e-5,4.277575519461444e-4,2.77936501157309e-4,ACAA1/ADM/APOA1/APOA4/APOC1/APOF/APOE/ANGPTL3/CES1/BGLAP/APOA2/APOL1/DKK3/EPHX2/FGF23/HSD11B1/IGFBP7/IGF1R/KIT/LCAT/LDLR/LEP/IDI2/MVK/NPC2/LEPR/HSD17B14/PDGFRA/PCSK9/GC/SERPINA6/SMPD1/GAL/SULT2A1/SPP1/TNF/IFNG,37
3,GO:0045667,regulation of osteoblast differentiation,22/1056,156/18986,0.14102564102564102,2.5355235042735043,4.67348359768391,5.339772280120206e-5,4.3692898577808986e-4,2.838956624117376e-4,ATRAID/BAMBI/CCN1/CCN4/BMP4/AREG/CRIM1/CTHRC1/FGFR2/HGF/FGF23/IL6ST/IL6/NOTCH1/NPPC/SFRP1/SMOC1/TNF/NELL1/IL6R/SMAD5/YAP1,22
3,GO:1903707,negative regulation of hemopoiesis,19/1056,124/18986,0.1532258064516129,2.754872311827957,4.7578375456882425,5.420676947938434e-5,4.428461119908499e-4,2.8774032944098917e-4,ADIPOQ/APCS/CCL3/CD74/BMP4/CR1/CALCA/ERBB2/FSTL3/CEACAM1/IL4R/LGALS1/LAG3/LILRB1/LILRB4/PGLYRP1/CLEC4G/SFRP1/TNFRSF11B,19
3,GO:0070227,lymphocyte apoptotic process,15/1056,84/18986,0.17857142857142858,3.2105654761904763,4.927609249530029,5.4473012199854996e-5,4.443170536238172e-4,2.88696077315021e-4,ADAM8/CD27/CD274/CD74/BMP4/EFNA1/FAS/IDO1/IL2RA/IL7R/LGALS3/LGALS9/FASLG/PDCD1/TNFRSF21,15
3,GO:0008217,regulation of blood pressure,25/1056,190/18986,0.13157894736842105,2.3656798245614037,4.591346727690294,5.541361083883045e-5,4.512751404015339e-4,2.9321711098222083e-4,ACE2/ACVRL1/ADM/ADIPOQ/ACTA2/DDAH1/CTSZ/DLL1/EDN1/CALCA/ENG/CHGA/GAS6/KLK1/LEP/NOS1/OXT/NPY/PRCP/NOS3/SERPINF2/TNF/POSTN/REN/UMOD,25
3,GO:0060541,respiratory system development,28/1056,225/18986,0.12444444444444444,2.2374074074074075,4.531302898077576,5.6177260065866047e-5,4.56772516781608e-4,2.967890445452196e-4,ADAMTSL2/ASS1/BMP4/CHI3L1/CTSZ/EGFR/FGFR2/FLT4/AGR2/HEG1/HSD11B1/KDR/ITGB6/MME/NOTCH1/MMP12/PDGFRA/PKD1/NOS3/MAN1A2/TGFBR2/TNF/LTBP3/TNC/HS6ST1/LTA4H/SFTPD/YAP1,28
3,GO:0002363,alpha-beta T cell lineage commitment,9/1056,33/18986,0.2727272727272727,4.903409090909091,5.446395471123612,5.644564765268625e-5,4.575114994490528e-4,2.9726920031586835e-4,CTSL/IL12B/IL12RB1/IL6ST/IL6/LGALS1/LY9/SLAMF6/IL6R,9
3,GO:0071634,regulation of transforming growth factor beta production,9/1056,33/18986,0.2727272727272727,4.903409090909091,5.446395471123612,5.644564765268625e-5,4.575114994490528e-4,2.9726920031586835e-4,CD200/CD46/CX3CL1/FN1/FURIN/LGALS9/LILRB1/SERPINF2/XCL1,9
3,GO:0003148,outflow tract septum morphogenesis,8/1056,26/18986,0.3076923076923077,5.532051282051283,5.611893724763761,5.6675379630372394e-5,4.579335140980716e-4,2.975434053519963e-4,BMP4/ENG/FGFR2/NRP1/NRP2/ROBO1/ROBO2/TGFBR2,8
3,GO:0072576,liver morphogenesis,8/1056,26/18986,0.3076923076923077,5.532051282051283,5.611893724763761,5.6675379630372394e-5,4.579335140980716e-4,2.975434053519963e-4,CPB2/CEACAM1/FGL1/IL6/NOTCH2/PTN/TGFA/TNF,8
3,GO:0001755,neural crest cell migration,12/1056,57/18986,0.21052631578947367,3.7850877192982453,5.1104552012052675,5.687362747195012e-5,4.5809929627797324e-4,2.9765112272326527e-4,BMP4/EDN1/FOLR1/FN1/ERBB4/KITLG/NRP1/NRP2/RET/SEMA3F/SEMA7A/SEMA4C,12
3,GO:0099024,plasma membrane invagination,12/1056,57/18986,0.21052631578947367,3.7850877192982453,5.1104552012052675,5.687362747195012e-5,4.5809929627797324e-4,2.9765112272326527e-4,C3/CD300A/GSN/ITGA2/ITGAM/ITGB2/HAVCR1/MARCO/MEGF10/MSR1/TIMD4/TREM2,12
3,GO:0001878,response to yeast,6/1056,14/18986,0.42857142857142855,7.705357142857142,6.090830155381564,5.9556761003105526e-5,4.759924077069907e-4,3.0927721503367083e-4,ANG/CLEC6A/CLEC7A/CALCA/NPY/PTX3,6
3,GO:0032536,regulation of cell projection size,6/1056,14/18986,0.42857142857142855,7.705357142857142,6.090830155381564,5.9556761003105526e-5,4.759924077069907e-4,3.0927721503367083e-4,CDHR2/CDHR5/CNTN2/GLA/NEFL/KEL,6
3,GO:0072672,neutrophil extravasation,6/1056,14/18986,0.42857142857142855,7.705357142857142,6.090830155381564,5.9556761003105526e-5,4.759924077069907e-4,3.0927721503367083e-4,ADAM8/CD99/CD99L2/IL1R1/PRTN3/XG,6
3,GO:1904478,regulation of intestinal absorption,6/1056,14/18986,0.42857142857142855,7.705357142857142,6.090830155381564,5.9556761003105526e-5,4.759924077069907e-4,3.0927721503367083e-4,APOA1/APOA4/APOA2/ENPP7/LEP/PRAP1,6
3,GO:1905907,negative regulation of amyloid fibril formation,6/1056,14/18986,0.42857142857142855,7.705357142857142,6.090830155381564,5.9556761003105526e-5,4.759924077069907e-4,3.0927721503367083e-4,APOE/CLU/HSPG2/LDLR/TREM2/PFDN4,6
3,GO:0048762,mesenchymal cell differentiation,32/1056,274/18986,0.11678832116788321,2.099756690997567,4.449988667583646,6.017838415751e-5,4.802160531454552e-4,3.1202153884503315e-4,ADAM8/ADAM15/BAMBI/CDH2/BMP4/COL1A1/EDN1/EFNA1/ENG/EPHA4/FGFR2/FOLR1/FN1/HGF/ERBB4/IL6/KITLG/NCAM1/NOTCH1/NRP1/NRP2/LRG1/RET/FRZB/SEMA3F/SEMA7A/SFRP1/TGFBR2/TGFBR3/VASN/SEMA4C/TNXB,32
3,GO:0044273,sulfur compound catabolic process,11/1056,49/18986,0.22448979591836735,4.036139455782313,5.16429783782969,6.186361241154457e-5,4.929009613315491e-4,3.2026358853580873e-4,AGXT/CBS/GGT1/GPC1/GUSB/HYAL1/DPEP2/GGT5/IDUA/SGSH/VNN1,11
3,GO:0030279,negative regulation of ossification,10/1056,41/18986,0.24390243902439024,4.385162601626017,5.265883816784222,6.263329876591792e-5,4.974956165459274e-4,3.2324897684397186e-4,AHSG/CCL3/CALCA/ECM1/FGF23/NOTCH1/SFRP1/LTBP3/SOST/PTH,10
3,GO:0046427,positive regulation of receptor signaling pathway via JAK-STAT,10/1056,41/18986,0.24390243902439024,4.385162601626017,5.265883816784222,6.263329876591792e-5,4.974956165459274e-4,3.2324897684397186e-4,GHR/CSH1/IL10RB/F2/ERBB4/IL7R/KIT/IL6/LEP/NOTCH1,10
3,GO:0051051,negative regulation of transport,47/1056,467/18986,0.1006423982869379,1.8094664525339044,4.298289313790191,6.278736550433656e-5,4.979521064228538e-4,3.235455822425894e-4,ADIPOQ/APOC1/APOD/APOE/ACTN2/CCN3/CD300A/CD200/CD300LF/CD74/APOA2/CRHBP/EDN1/CALCA/ERBB3/EPO/CHGA/CEACAM1/FGF23/IL12B/ITGAV/INHBB/FAM3D/LEP/LGALS3/LGALS9/LILRB1/LILRB2/NOTCH1/GRP/NOS1/PCSK9/PRTN3/NOS3/KEL/SFRP1/SFRP4/SPINK1/TFF2/STC1/TNF/TNFRSF1A/TNFRSF1B/PLA2G10/SCT/SIRPA/VSNL1,47
3,GO:0042476,odontogenesis,20/1056,136/18986,0.14705882352941177,2.6439950980392157,4.669403561487146,6.334854104371085e-5,5.016309202462818e-4,3.2593590039791076e-4,ADM/ASPN/BSG/CD34/BMP4/COL1A1/CSF1/EDN1/DMP1/FAM20A/FGFR2/FST/CSF3R/ITGB6/PDGFRA/LAMB1/RELT/TNFRSF11B/TNC/TNFSF11,20
3,GO:0043270,positive regulation of monoatomic ion transport,27/1056,215/18986,0.12558139534883722,2.2578488372093024,4.501436134017822,6.468920314669031e-5,5.114614144496757e-4,3.323232877183865e-4,ACTN2/CCL3/CNTN1/CXCL10/CTSS/CX3CL1/EDN1/CXCL9/GCG/HEPH/IFNGR2/F2/LEP/LGALS3/LILRA2/LILRA5/CAPN3/PDZK1/NOS1/PRSS8/SCN4B/GAL/STC1/THY1/TREM2/IFNG/XCL1,27
3,GO:0031346,positive regulation of cell projection organization,39/1056,363/18986,0.10743801652892562,1.931646005509642,4.349371778655144,6.503910046643416e-5,5.134403719823401e-4,3.336091201486153e-4,AGRN/BAIAP2/APOE/CCL21/CNTN1/CX3CL1/DDR1/EPHA4/EPS8L2/EPO/FN1/ENPP2/CDH4/GRN/IGF1R/ITGA2/ISLR2/KIT/L1CAM/MSTN/NRP1/NTRK2/NTRK3/OCLN/PALM/DSCAM/PLXNB2/NEFL/RGMA/RET/ROBO1/ROBO2/PTN/ROR1/SCARB2/SERPINF1/SEMA7A/SLITRK1/SERPINI1,39
3,GO:1900221,regulation of amyloid-beta clearance,7/1056,20/18986,0.35,6.292708333333333,5.747145624088732,6.59685362135125e-5,5.199813519581911e-4,3.37859137665213e-4,APOE/CLU/IFNGR1/LRP1/TNF/TREM2/IFNG,7
3,GO:0071695,anatomical structure maturation,32/1056,276/18986,0.11594202898550725,2.0845410628019323,4.404643486589359,6.923137975268317e-5,5.448668131680638e-4,3.540285261117523e-4,ACVRL1/AGRN/AXL/C3/ANG/CCL21/CDH3/CDH5/CNTN2/CLEC7A/CX3CL1/CNTNAP2/C1QA/EDN1/ADGRB3/EPO/CEND1/KDR/LEP/MYOC/NRCAM/NPPC/PHOSPHO1/RET/RECK/SPINK1/GAL/SPINK5/IL15/PLA2G10/PTH/REN,32
3,GO:0030888,regulation of B cell proliferation,13/1056,67/18986,0.19402985074626866,3.488495024875622,4.951903862828148,6.948410238596498e-5,5.460221765238559e-4,3.5477922623899325e-4,CD22/CD300A/CD38/CD74/MZB1/PTPRC/TNFRSF13B/TNFRSF21/TNFRSF4/TNFRSF13C/FCRL3/TFRC/TNFSF13B,13
3,GO:0031032,actomyosin structure organization,27/1056,216/18986,0.125,2.2473958333333335,4.474516803571909,7.010171105395924e-5,5.500370174781733e-4,3.573878788331303e-4,APOA1/BMP10/ACTN2/EDN1/ELN/EPHA1/CSRP3/ARHGEF5/ITGB1/KRT8/KRT19/KLHL41/CAPN3/MYBPC1/MYBPC2/MYOM2/MYOC/LMOD1/MYOM3/NEB/MET/NRP1/PDGFRA/SERPINF2/SFRP1/SORBS1/TACSTD2,27
3,GO:0060840,artery development,18/1056,116/18986,0.15517241379310345,2.7898706896551726,4.692581410358048,7.134597076089839e-5,5.589490566450322e-4,3.631784977782414e-4,ACVRL1/APOE/ANGPTL3/BMP4/COMP/EDN1/ENG/FOLR1/LDLR/LEP/LRP1/NOTCH1/NOTCH3/NRP1/NFATC3/ROBO1/ROBO2/TGFBR2,18
3,GO:0006026,aminoglycan catabolic process,9/1056,34/18986,0.2647058823529412,4.759191176470589,5.324188982159089,7.300291727317566e-5,5.710622739654333e-4,3.710490899500758e-4,CHI3L1/CTBS/GUSB/HYAL1/IDUA/PGLYRP1/LYVE1/SGSH/STAB2,9
3,GO:0007249,canonical NF-kappaB signal transduction,36/1056,327/18986,0.11009174311926606,1.9793577981651378,4.3352904073174505,7.452920901846122e-5,5.821182916517691e-4,0.00037823276410963895,ADAM8/ADIPOQ/BST2/CANT1/CCL21/CD4/CD74/CLEC4D/CLEC6A/CLEC7A/CX3CL1/EDA2R/EDN1/ECM1/LGALS1/LGALS9/LILRB4/LTBR/CAPN3/FASLG/LTA/ROR1/SHISA5/TGFBR3/TNFRSF10B/TNF/TNFRSF19/TNFRSF1A/TNFSF10/TREM2/S100A13/NFKB2/PYDC1/SIRPA/TFRC/TNFSF11,36
3,GO:0045747,positive regulation of Notch signaling pathway,11/1056,50/18986,0.22,3.955416666666667,5.078163889342257,7.536588768025869e-5,5.877627095185077e-4,3.8190023823327204e-4,ACVRL1/CCN3/DLL1/GDF2/IL6ST/KIT/NOTCH1/NOS3/ROBO1/ROBO2/YAP1,11
3,GO:0048545,response to steroid hormone,37/1056,340/18986,0.10882352941176471,1.9565563725490196,4.3192098307690125,7.597266410134589e-5,5.915998239311754e-4,3.843934125782838e-4,ADM/ADIPOQ/ADAM9/ASS1/CD38/BCHE/BGLAP/AREG/APOA2/COL1A1/EDN1/DSG2/EGFR/EPO/GHR/GOT1/IGFBP7/IGF1R/IGFBP2/IL1RN/IL6/MSTN/IL22/OXT/PAPPA/NEFL/PTGDS/PTPRC/SERPINF1/SDC1/SFRP1/TFPI/STC1/SPP1/TNF/SCGB1A1/YAP1,37
3,GO:0006929,substrate-dependent cell migration,8/1056,27/18986,0.2962962962962963,5.32716049382716,5.460397853643488,7.663137756667316e-5,5.940372200845115e-4,3.859771166080791e-4,ADAM8/CSPG4/FN1/ITGA11/ITGA2/NRP1/PTPRC/ROBO1,8
3,GO:0042104,positive regulation of activated T cell proliferation,8/1056,27/18986,0.2962962962962963,5.32716049382716,5.460397853643488,7.663137756667316e-5,5.940372200845115e-4,3.859771166080791e-4,AGER/EPO/ICOSLG/IGFBP2/IL12B/IL12RB1/IL2RA/SLAMF1,8
3,GO:1903319,positive regulation of protein maturation,8/1056,27/18986,0.2962962962962963,5.32716049382716,5.460397853643488,7.663137756667316e-5,5.940372200845115e-4,3.859771166080791e-4,ADAM8/CNTN2/CLEC3B/GSN/F12/KLKB1/MELTF/SPON1,8
3,GO:0042445,hormone metabolic process,29/1056,241/18986,0.12033195020746888,2.1634681881051177,4.411308463365701,7.6956977744408e-5,5.956654959045394e-4,3.870350927496543e-4,ACE2/ADH1B/ADH4/ADM/BCHE/CPQ/CPA4/CTSL/CTSZ/DPP4/DKK3/CTSB/FURIN/GHR/IGF1R/KLK6/AKR1B10/LEP/MME/PDGFRA/MEP1A/CPE/GAL/SULT2A1/SPP1/STC2/PLA2G7/PLB1/REN,29
3,GO:0048639,positive regulation of developmental growth,23/1056,171/18986,0.13450292397660818,2.4182504873294346,4.521119647267825,7.709917546788542e-5,5.958714385861309e-4,3.871689045037662e-4,AGRN/BMP10/CSF1/DLL1/EDN1/FGFR2/FN1/AGR2/GHR/CDH4/CDK1/ERBB4/ISLR2/LEP/L1CAM/CAPN3/NOTCH1/NRP1/DSCAM/SEMA7A/TGFBR3/SYT1/YAP1,23
3,GO:0043406,positive regulation of MAP kinase activity,14/1056,77/18986,0.18181818181818182,3.268939393939394,4.841512887617535,7.808698699731021e-5,6.003437100854312e-4,3.900747736978595e-4,ADAM9/EDN1/EPHA4/ERBB2/GHR/ARHGEF5/ERN1/FLT1/NTRK3/ROBO1/TNFRSF11A/TNF/NTF3/TNFSF11,14
3,GO:0044319,"wound healing, spreading of cells",10/1056,42/18986,0.23809523809523808,4.2807539682539675,5.165466871220538,7.814367205961675e-5,6.003437100854312e-4,3.900747736978595e-4,ACVRL1/CCN1/COL5A1/DDR1/CEACAM1/ITGA5/ITGAV/ITGB1/MMP12/LRG1,10
3,GO:0070232,regulation of T cell apoptotic process,10/1056,42/18986,0.23809523809523808,4.2807539682539675,5.165466871220538,7.814367205961675e-5,6.003437100854312e-4,3.900747736978595e-4,ADAM8/CD27/CD274/BMP4/EFNA1/IDO1/IL7R/LGALS3/LGALS9/PDCD1,10
3,GO:0090505,epiboly involved in wound healing,10/1056,42/18986,0.23809523809523808,4.2807539682539675,5.165466871220538,7.814367205961675e-5,6.003437100854312e-4,3.900747736978595e-4,ACVRL1/CCN1/COL5A1/DDR1/CEACAM1/ITGA5/ITGAV/ITGB1/MMP12/LRG1,10
3,GO:0008625,extrinsic apoptotic signaling pathway via death domain receptors,15/1056,87/18986,0.1724137931034483,3.0998563218390807,4.764056560544949,8.282858936151291e-5,6.353889555931533e-4,4.1284550649801704e-4,BAG3/FAS/FGA/HGF/ICAM1/LGALS3/FASLG/NOS3/SFRP1/TNFRSF10A/TNFRSF10B/TNF/TNFRSF1A/TNFSF10/TNFRSF10C,15
3,GO:0030282,bone mineralization,19/1056,128/18986,0.1484375,2.6687825520833335,4.597312593443205,8.423667403470161e-5,6.452303932375733e-4,4.192400043456957e-4,AHSG/ATRAID/ASPN/CCL3/CCN1/BMP4/BGLAP/COMP/CLEC3B/ECM1/FGFR2/FGF23/LEP/PHOSPHO1/PTN/MMP13/LTBP3/NELL1/PTH,19
3,GO:0043549,regulation of kinase activity,46/1056,460/18986,0.1,1.7979166666666668,4.204290705152904,8.720452175020218e-5,6.669722694692763e-4,4.333668408701286e-4,ADIPOQ/ADAM9/APOE/CCN1/CD300A/CD4/CD74/CHI3L1/CSF1R/EDN1/CALCA/EFNA1/EGFR/EPHA1/EPHA4/ERBB2/EPO/GAS6/CEACAM1/GCG/GHR/ARHGEF5/CLSPN/ERN1/HEG1/FLT1/F2/LEP/LILRA5/LILRB4/MSTN/NTRK3/PILRB/PTPRC/ROBO1/SMPD1/THY1/TNFRSF10A/TNFRSF10B/TNFRSF11A/TNF/SLAMF8/TREM2/IFNG/NTF3/TNFSF11,46
3,GO:0050792,regulation of viral process,23/1056,173/18986,0.1329479768786127,2.3902938342967244,4.45807874782856,9.234060186672253e-5,7.052085964784513e-4,4.5821098657296077e-4,APCS/AXL/BSG/BST2/CD28/CD4/CD74/CD209/FURIN/GSN/FCN1/IL32/LGALS1/LAMP3/LGALS9/NECTIN2/NOTCH1/CLEC4G/SMPD1/PTX3/TNF/TYRO3/IFIT1,23
3,GO:0002495,antigen processing and presentation of peptide antigen via MHC class II,9/1056,35/18986,0.2571428571428571,4.623214285714285,5.2066584738839605,9.345858062282251e-5,7.105884706646756e-4,4.617065728020824e-4,B2M/CD74/CTSD/CTSL/CTSF/CTSS/CTSE/IFI30/TREM2,9
3,GO:0043369,"CD4-positive or CD8-positive, alpha-beta T cell lineage commitment",9/1056,35/18986,0.2571428571428571,4.623214285714285,5.2066584738839605,9.345858062282251e-5,7.105884706646756e-4,4.617065728020824e-4,CTSL/IL12B/IL12RB1/IL6ST/IL6/LGALS1/LY9/SLAMF6/IL6R,9
3,GO:0050858,negative regulation of antigen receptor-mediated signaling pathway,9/1056,35/18986,0.2571428571428571,4.623214285714285,5.2066584738839605,9.345858062282251e-5,7.105884706646756e-4,4.617065728020824e-4,CD160/CD22/CD300A/CD72/CEACAM1/LGALS3/LILRB4/THY1/FCRL3,9
3,GO:0002544,chronic inflammatory response,7/1056,21/18986,0.3333333333333333,5.993055555555555,5.555801711118706,9.421724301112771e-5,7.149961953320038e-4,4.6457050253641047e-4,CCL11/CXCL13/IDO1/LTA/TNF/VCAM1/VNN1,7
3,GO:0035860,glial cell-derived neurotrophic factor receptor signaling pathway,6/1056,15/18986,0.4,7.191666666666667,5.8217720973428895,9.459309509533008e-5,7.149961953320038e-4,4.6457050253641047e-4,GDF15/GFRA1/GFRA3/GFRA2/RET/PSPN,6
3,GO:0038065,collagen-activated signaling pathway,6/1056,15/18986,0.4,7.191666666666667,5.8217720973428895,9.459309509533008e-5,7.149961953320038e-4,4.6457050253641047e-4,COL1A1/DDR1/COL4A1/ITGA11/ITGA2/OSCAR,6
3,GO:0050930,induction of positive chemotaxis,6/1056,15/18986,0.4,7.191666666666667,5.8217720973428895,9.459309509533008e-5,7.149961953320038e-4,4.6457050253641047e-4,AGER/PGF/SCG2/VEGFB/NTF3/VEGFD,6
3,GO:0043903,regulation of biological process involved in symbiotic interaction,13/1056,69/18986,0.18840579710144928,3.38737922705314,4.821330899603609,9.547735785870974e-5,7.195698534527028e-4,4.6754224793230906e-4,APCS/BSG/CD4/CD74/FURIN/GSN/FCN1/ITGAV/LGALS1/LGALS9/NECTIN2/SMPD1/PTX3,13
3,GO:0045576,mast cell activation,13/1056,69/18986,0.18840579710144928,3.38737922705314,4.821330899603609,9.547735785870974e-5,7.195698534527028e-4,4.6754224793230906e-4,ADGRE2/CD300A/CD300LF/CHGA/IL4R/KIT/LGALS9/HAVCR1/NECTIN2/GRP/PTGDS/MILR1/S100A13,13
3,GO:0010927,cellular component assembly involved in morphogenesis,20/1056,140/18986,0.14285714285714285,2.568452380952381,4.520358481049277,9.57671413409443e-5,7.196495825256091e-4,4.6759405208974186e-4,BMP10/ACTN2/CNTN1/EDN1/CSRP3/GPC1/ITGB1/KRT8/KRT19/KLHL41/CAPN3/MYBPC1/MYBPC2/MYOM2/LMOD1/NECTIN2/MYOM3/NEB/PDGFRA/SPINK2,20
3,GO:0032989,cellular anatomical entity morphogenesis,20/1056,140/18986,0.14285714285714285,2.568452380952381,4.520358481049277,9.57671413409443e-5,7.196495825256091e-4,4.6759405208974186e-4,BMP10/ACTN2/CNTN1/EDN1/CSRP3/GPC1/ITGB1/KRT8/KRT19/KLHL41/CAPN3/MYBPC1/MYBPC2/MYOM2/LMOD1/NECTIN2/MYOM3/NEB/PDGFRA/SPINK2,20
3,GO:0045926,negative regulation of growth,28/1056,232/18986,0.1206896551724138,2.1698994252873565,4.351036026834732,9.644296366174357e-5,7.236731843905213e-4,4.702083971066698e-4,ACVRL1/ADAM15/BMP10/BST2/CCN3/CDH1/CDHR2/DRAXIN/DCBLD2/FBP1/GDF15/HYAL1/GDF2/KIAA0319/MSTN/NRP1/PI16/PTPRS/RGMA/FRZB/RTN4R/HRG/SEMA3F/SFRP1/SPP1/STC2/SCGB3A1/TNR,28
3,GO:0044058,regulation of digestive system process,10/1056,43/18986,0.23255813953488372,4.1812015503875974,5.068134696308051,9.679416949199555e-5,7.242002086084718e-4,4.7055083236350145e-4,APOA1/APOA4/APOA2/ENPP7/LEP/OXT/PRAP1/SPINK1/TFF2/SCT,10
3,GO:0090504,epiboly,10/1056,43/18986,0.23255813953488372,4.1812015503875974,5.068134696308051,9.679416949199555e-5,7.242002086084718e-4,4.7055083236350145e-4,ACVRL1/CCN1/COL5A1/DDR1/CEACAM1/ITGA5/ITGAV/ITGB1/MMP12/LRG1,10
3,GO:0071560,cellular response to transforming growth factor beta stimulus,34/1056,306/18986,0.1111111111111111,1.9976851851851853,4.269852921829444,9.752380090031846e-5,7.286017299146981e-4,4.734107314489906e-4,ACVRL1/ADAMTSL2/ADAM9/ASPN/BAMBI/CD109/ACTA2/CDH3/CDH5/COL1A1/CILP/EDN1/DKK3/ENG/FGFR2/FOLR1/FURIN/GDF15/IGF1R/ITGB6/LTBP2/MSTN/LRG1/PENK/SFRP1/TGFBR2/TGFBR3/LTBP3/VASN/POSTN/SMAD5/WFIKKN1/WFIKKN2/XCL1,34
3,GO:0002790,peptide secretion,30/1056,257/18986,0.11673151750972763,2.0987354085603114,4.3037744452467654,1.0191318828133555e-4,7.56087217179401e-4,4.912694930960955e-4,CCN3/CD38/CD74/CRHBP/EDN1/EGFR/FAM3B/FGA/CHGA/GCG/F2/IL1RN/INHBB/FAM3D/IL6/LEP/GRP/GIP/PTPRN2/CPE/SFRP1/SPINK1/GAL/MMP7/TNF/IFNG/SCT/TNFSF11/VGF/VSNL1,30
3,GO:0002295,T-helper cell lineage commitment,8/1056,28/18986,0.2857142857142857,5.136904761904762,5.31624998045428,1.0208277461820816e-4,7.56087217179401e-4,4.912694930960955e-4,IL12B/IL12RB1/IL6ST/IL6/LGALS1/LY9/SLAMF6/IL6R,8
3,GO:0002675,positive regulation of acute inflammatory response,8/1056,28/18986,0.2857142857142857,5.136904761904762,5.31624998045428,1.0208277461820816e-4,7.56087217179401e-4,4.912694930960955e-4,ADAM8/C3/IL6ST/IL6/OSMR/TNFRSF11A/TNF/TNFSF11,8
3,GO:0002726,positive regulation of T cell cytokine production,8/1056,28/18986,0.2857142857142857,5.136904761904762,5.31624998045428,1.0208277461820816e-4,7.56087217179401e-4,4.912694930960955e-4,B2M/CD55/CD7/IL18R1/IL1R1/IL6/SLAMF1/XCL1,8
3,GO:0050996,positive regulation of lipid catabolic process,8/1056,28/18986,0.2857142857142857,5.136904761904762,5.31624998045428,1.0208277461820816e-4,7.56087217179401e-4,4.912694930960955e-4,APOA4/ANGPTL3/APOA2/FABP1/CLSTN3/FGF21/ENPP7/SCT,8
3,GO:0150146,cell junction disassembly,8/1056,28/18986,0.2857142857142857,5.136904761904762,5.31624998045428,1.0208277461820816e-4,7.56087217179401e-4,4.912694930960955e-4,C3/CX3CL1/C1QA/EPHA4/ADGRB3/ITGAM/ITGB1/TREM2,8
3,GO:0048732,gland development,45/1056,450/18986,0.1,1.7979166666666668,4.157218948723423,1.0366342067659374e-4,0.00076669287458800675,4.98160544578904e-4,APOA1/ASS1/CCL11/CDH1/BMP4/AREG/CSF1/DDR1/CSF1R/EDN1/DKK3/EGFR/EPHA2/CPB2/FGFR2/CEACAM1/HGF/IGF2R/IGSF3/ERBB4/ITGA2/FGL1/INHBB/IL6/MET/NOTCH1/NRP1/NOTCH2/PDGFRA/PCSK9/PKD1/PSAP/ROBO1/FRZB/PTN/SERPINF1/PSAPL1/SFRP1/TGFA/TGFBR2/TGFBR3/TNF/TNC/UPB1/TNFSF11,45
3,GO:0007611,learning or memory,32/1056,282/18986,0.11347517730496454,2.040189125295508,4.2708737288389,1.042441771866046e-4,7.698835722019294e-4,5.002337080497297e-4,AGER/B2M/APOE/CCL11/BCHE/BGLAP/CALB1/CNTN2/CRHBP/CNTNAP2/EGFR/ADGRB3/DBH/GM2A/CLSTN2/ITGA5/ITGB1/KIT/KLK8/LDLR/LILRB2/MME/NTRK2/GIP/OXT/PTPRZ1/PTN/SERPINF1/TREM2/NPTX2/SCN2A/TNR,32
3,GO:0001915,negative regulation of T cell mediated cytotoxicity,5/1056,10/18986,0.5,8.989583333333334,6.132942742703994,1.0504224841903246e-4,7.713572515671116e-4,5.011912347718719e-4,CEACAM1/IL7R/KLRD1/LILRB1/PTPRC,5
3,GO:1900748,positive regulation of vascular endothelial growth factor signaling pathway,5/1056,10/18986,0.5,8.989583333333334,6.132942742703994,1.0504224841903246e-4,7.713572515671116e-4,5.011912347718719e-4,ADGRG1/ITGB1/ROBO1/SMOC2/TNXB,5
3,GO:2000508,regulation of dendritic cell chemotaxis,5/1056,10/18986,0.5,8.989583333333334,6.132942742703994,1.0504224841903246e-4,7.713572515671116e-4,5.011912347718719e-4,CCL21/GAS6/LGALS9/SLAMF1/SLAMF8,5
3,GO:2000563,"positive regulation of CD4-positive, alpha-beta T cell proliferation",5/1056,10/18986,0.5,8.989583333333334,6.132942742703994,1.0504224841903246e-4,7.713572515671116e-4,5.011912347718719e-4,CD28/CD55/LGALS9/TGFBR2/XCL1,5
3,GO:0030099,myeloid cell differentiation,45/1056,451/18986,0.09977827050997783,1.7939301552106428,4.1411540697155464,1.0913381710536032e-4,8.002629120599324e-4,5.199727573995007e-4,ADIPOQ/APCS/B2M/CCL3/CCN4/CD4/CD109/CD74/BMP4/BGLAP/CSF1/CLEC5A/DLL1/CSF1R/CALCA/EPHA2/EPO/FSTL3/CEACAM1/IL12B/KIT/CSF3R/LILRB1/LILRB4/ITGB6/LTBR/KITLG/MB/OSCAR/NOTCH2/PRTN3/SFRP1/TGFBR2/TGFBR3/TNFRSF11A/TNF/TNFRSF11B/TF/TREM2/IFNG/IL15/PLA2G10/SMAD5/TFRC/TNFSF11,45
3,GO:0001974,blood vessel remodeling,11/1056,52/18986,0.21153846153846154,3.8032852564102564,4.9124132419581885,1.1005339626985578e-4,8.047166776895128e-4,5.228666023601062e-4,ACVRL1/AXL/CBS/CST3/FLT4/CEACAM1/DBH/NPPC/NOS3/RSPO3/HRG,11
3,GO:0140353,lipid export from cell,11/1056,52/18986,0.21153846153846154,3.8032852564102564,4.9124132419581885,1.1005339626985578e-4,8.047166776895128e-4,5.228666023601062e-4,C1QTNF1/EDN1/LEP/OXT/RETN/GAL/SPP1/TNFRSF11A/PLA2G10/REN/TNFSF11,11
3,GO:0072577,endothelial cell apoptotic process,13/1056,70/18986,0.18571428571428572,3.3389880952380953,4.757836281642211,1.1136266167084829e-4,8.131367151745368e-4,5.283375420257034e-4,ANGPTL4/CD160/CD248/CDH5/FGF21/FGA/GAS6/ICAM1/KDR/FASLG/SCG2/TNF/TEK,13
3,GO:1901343,negative regulation of vasculature development,22/1056,164/18986,0.13414634146341464,2.411839430894309,4.406780931787699,1.1383686463515342e-4,8.300269267244919e-4,5.393119977206256e-4,ANGPT2/CD160/CXCL10/DCN/EPHA2/ADGRB3/HSPG2/GDF2/ISM1/ANGPTL7/FASLG/PTPRM/HRG/SERPINF1/OPTC/SPINK5/TAFA5/THBS2/THBS4/TNF/TEK/TIE1,22
3,GO:2000352,negative regulation of endothelial cell apoptotic process,9/1056,36/18986,0.25,4.494791666666667,5.093485213770001,1.18510198892596e-4,8.628814622758932e-4,5.606593114425223e-4,ANGPTL4/CDH5/FGF21/FGA/GAS6/ICAM1/KDR/SCG2/TEK,9
3,GO:0050892,intestinal absorption,10/1056,44/18986,0.22727272727272727,4.086174242424242,4.97371595502122,1.1907910783571592e-4,8.658008475220247e-4,5.625561890479521e-4,APOA1/APOA4/APOA2/FABP1/FABP2/ENPP7/HEPH/LDLR/LEP/PRAP1,10
3,GO:0045685,regulation of glial cell differentiation,14/1056,80/18986,0.175,3.1463541666666663,4.6686752699185226,1.2003445952454137e-4,8.715178011957898e-4,5.662707934871618e-4,CNTN2/EPHA4/CDK1/F2/IL6ST/IL6/LDLR/NOTCH1/PTPRZ1/PTN/SPINT1/TNFRSF1B/TNFRSF21/TREM2,14
3,GO:0032535,regulation of cellular component size,38/1056,361/18986,0.10526315789473684,1.8925438596491226,4.155106329180908,1.2332607779982725e-4,8.941574276485366e-4,5.809809453831526e-4,BAIAP2/APOE/ACTN2/CCL11/CCL21/CDH1/CDHR2/CDHR5/CNTN2/EDN1/DRAXIN/ELN/ESAM/FN1/GLA/CDH4/GSN/IL7R/KIAA0319/ISLR2/L1CAM/MEGF9/LMOD1/NEB/NRP1/NRCAM/DSCAM/NEFL/PTPRS/RGMA/RET/RTN4R/KEL/SEMA3F/SEMA7A/SPP1/SCT/TNR,38
3,GO:1903531,negative regulation of secretion by cell,21/1056,154/18986,0.13636363636363635,2.4517045454545454,4.3897267711354955,1.276347233550661e-4,9.224664480689954e-4,5.993747996846277e-4,ADIPOQ/APOE/CCN3/CD300A/CD200/CRHBP/EDN1/CHGA/CEACAM1/FGF23/IL12B/INHBB/FAM3D/LEP/LGALS9/LILRB1/NOTCH1/SFRP1/TNFRSF1A/TNFRSF1B/VSNL1,21
3,GO:0000302,response to reactive oxygen species,25/1056,200/18986,0.125,2.2473958333333335,4.303771873072402,1.281209882662555e-4,9.224664480689954e-4,5.993747996846277e-4,AMBP/APOA4/APOD/ADAM9/AXL/APOE/AREG/COL1A1/EDN1/FABP1/CDK1/ERN1/HGF/GPR37/HYAL1/IL18BP/IL6/MB/MET/PDGFRA/NOS3/SDC1/MMP3/SCGB1A1/SIRPA,25
3,GO:0007259,cell surface receptor signaling pathway via JAK-STAT,19/1056,132/18986,0.14393939393939395,2.587910353535354,4.442815820699305,1.2812531073082457e-4,9.224664480689954e-4,5.993747996846277e-4,CSF1R/GHR/CSH1/IL10RB/F2/IL12B/IL15RA/ERBB4/IL7R/KIT/IL6/LEP/NOTCH1/PKD1/PTPRC/TNF/TNFRSF1A/IFNG/IL15,19
3,GO:0010977,negative regulation of neuron projection development,19/1056,132/18986,0.14393939393939395,2.587910353535354,4.442815820699305,1.2812531073082457e-4,9.224664480689954e-4,5.993747996846277e-4,B2M/APOE/CD38/CDH1/DRAXIN/EFNA1/EPHA4/IL15RA/KIAA0319/GFAP/NRP1/PTPRS/RGMA/RTN4R/SEMA3F/SPP1/THY1/SPOCK1/TNR,19
3,GO:0015918,sterol transport,19/1056,132/18986,0.14393939393939395,2.587910353535354,4.442815820699305,1.2812531073082457e-4,9.224664480689954e-4,5.993747996846277e-4,APOA1/APOA4/ADIPOQ/APOC1/APOM/APOE/CES1/APOA2/CLU/FURIN/LCAT/LDLR/LRP1/MSR1/NPC2/PCSK9/PLTP/TREM2/PLA2G10,19
3,GO:0002429,immune response-activating cell surface receptor signaling pathway,36/1056,336/18986,0.10714285714285714,1.9263392857142856,4.157645133968595,1.2937551080142412e-4,9.296049488087548e-4,6.040130577588356e-4,C3/BTN2A1/CD160/CD22/CD28/CD300A/CD38/CD14/CD276/CD72/CD79B/CR1/CD8A/CLEC6A/CR2/CLEC7A/CEACAM1/FCN1/ICOSLG/ITGAM/FCN2/KLRD1/LGALS3/LILRA2/LILRB4/LY96/MOG/NECTIN2/LBP/PTPRC/S100A14/THY1/TNFRSF21/KLRK1/TREM2/FCRL3,36
3,GO:0043627,response to estrogen,13/1056,71/18986,0.18309859154929578,3.2919600938967135,4.695481873301959,1.294774691066316e-4,9.296049488087548e-4,6.040130577588356e-4,BGLAP/APOA2/CRHBP/F7/EPO/IGFBP2/KRT19/MME/MSTN/SFRP1/GAL/TNFRSF11B/TEK,13
3,GO:0055002,striated muscle cell development,23/1056,177/18986,0.12994350282485875,2.3362758945386064,4.334580063177235,1.3108916726144702e-4,9.381524362145664e-4,6.095668083178825e-4,BMP10/ACTN2/BMP4/DNER/CXADR/EDN1/CSRP3/CDK1/ITGB1/KRT8/KRT19/KLHL41/CAPN3/MYBPC1/MYBPC2/MYOM2/LMOD1/MYOM3/NEB/PI16/PDGFRA/KEL/SDC1,23
3,GO:0034104,negative regulation of tissue remodeling,7/1056,22/18986,0.3181818181818182,5.7206439393939394,5.37643904758818,1.3157792655346876e-4,9.381524362145664e-4,6.095668083178825e-4,AGER/CD38/CST3/CALCA/IL6/SFRP1/TNFRSF11B,7
3,GO:0035739,"CD4-positive, alpha-beta T cell proliferation",7/1056,22/18986,0.3181818181818182,5.7206439393939394,5.37643904758818,1.3157792655346876e-4,9.381524362145664e-4,6.095668083178825e-4,CD274/CD28/CD55/IL2RA/LGALS9/TGFBR2/XCL1,7
3,GO:1903054,negative regulation of extracellular matrix organization,7/1056,22/18986,0.3181818181818182,5.7206439393939394,5.37643904758818,1.3157792655346876e-4,9.381524362145664e-4,6.095668083178825e-4,CST3/DPP4/FAP/NOTCH1/TGFBR3/TNFRSF1A/TNFRSF1B,7
3,GO:2000561,"regulation of CD4-positive, alpha-beta T cell proliferation",7/1056,22/18986,0.3181818181818182,5.7206439393939394,5.37643904758818,1.3157792655346876e-4,9.381524362145664e-4,6.095668083178825e-4,CD274/CD28/CD55/IL2RA/LGALS9/TGFBR2/XCL1,7
3,GO:0048009,insulin-like growth factor receptor signaling pathway,11/1056,53/18986,0.20754716981132076,3.7315251572327046,4.832596523242512,1.3197601528288977e-4,9.396911032918463e-4,6.105665609627149e-4,CDH3/CILP/CRIM1/GHR/IGFBP1/IGFBP4/IGFBP6/IGF2R/IGF1R/IGFBP2/IGFBP3,11
3,GO:0031342,negative regulation of cell killing,8/1056,29/18986,0.27586206896551724,4.959770114942529,5.178825557625918,1.341420298978078e-4,9.51678242805191e-4,6.18355233775306e-4,CR1/CEACAM1/HAVCR2/IL7R/KLRD1/LGALS9/LILRB1/PTPRC,8
3,GO:0007566,embryo implantation,12/1056,62/18986,0.1935483870967742,3.479838709677419,4.746351800518233,1.3439801372690184e-4,9.51678242805191e-4,6.18355233775306e-4,BSG/DDR1/CALCA/EPO/HSPG2/IGFBP7/RECK/STC1/SPP1/STC2/TIMP1/SCGB1A1,12
3,GO:0032731,positive regulation of interleukin-1 beta production,12/1056,62/18986,0.1935483870967742,3.479838709677419,4.746351800518233,1.3439801372690184e-4,9.51678242805191e-4,6.18355233775306e-4,AGER/CCL3/CLEC7A/IL6/LGALS9/LILRA2/LILRA5/LPL/ORM1/TNF/IFNG/PYDC1,12
3,GO:0048010,vascular endothelial growth factor receptor signaling pathway,12/1056,62/18986,0.1935483870967742,3.479838709677419,4.746351800518233,1.3439801372690184e-4,9.51678242805191e-4,6.18355233775306e-4,AXL/CLEC14A/DLL1/FLT4/FLT1/ITGA5/KDR/NRP1/PGF/ROBO1/VEGFB/VEGFD,12
3,GO:0046632,alpha-beta T cell differentiation,19/1056,133/18986,0.14285714285714285,2.568452380952381,4.40508243049696,1.4183566993374822e-4,0.0010029669115342553,6.516801699937722e-4,CD80/CD83/CD86/CTSL/IL12B/IL12RB1/IL18R1/IL6ST/IL4R/IL6/LGALS1/LGALS9/LILRB4/LY9/SLAMF6/TGFBR2/IL6R/TNFSF8/IFNG,19
3,GO:0045862,positive regulation of proteolysis,35/1056,325/18986,0.1076923076923077,1.936217948717949,4.131410054050095,1.4434107131733177e-4,0.0010192852364943085,6.622830409974761e-4,ADAM8/AGER/ADAM9/APOE/CNTN2/CR1/CTSD/CLEC7A/CLEC3B/CTSC/EFNA1/EPHA4/CLU/FAS/F3/FURIN/GSN/GRN/F12/KLKB1/LGALS9/CAPN3/FASLG/MELTF/RGMA/RET/ROBO1/PRSS22/SPON1/TNF/TNFRSF1B/TNFSF10/TF/TREM2/IFNG,35
3,GO:0071402,cellular response to lipoprotein particle stimulus,10/1056,45/18986,0.2222222222222222,3.9953703703703707,4.882052545586717,1.455474175486218e-4,0.001024995816206483,6.659935039397679e-4,APOA1/APOE/CES1/APOA2/FGF21/ITGB1/ITGB2/LDLR/LPL/TREM2,10
3,GO:1990000,amyloid fibril formation,10/1056,45/18986,0.2222222222222222,3.9953703703703707,4.882052545586717,1.455474175486218e-4,0.001024995816206483,6.659935039397679e-4,B2M/APOE/CDSN/CLU/FURIN/GSN/HSPG2/LDLR/TREM2/PFDN4,10
3,GO:0002504,antigen processing and presentation of peptide or polysaccharide antigen via MHC class II,9/1056,37/18986,0.24324324324324326,4.373310810810811,4.984380489097865,1.489398415383086e-4,0.001047455502223712,6.805867391037524e-4,B2M/CD74/CTSD/CTSL/CTSF/CTSS/CTSE/IFI30/TREM2,9
3,GO:0071559,response to transforming growth factor beta,34/1056,313/18986,0.10862619808306709,1.9530085197018106,4.12580804514587,1.5131001963802215e-4,0.0010626745929618584,6.90475380020345e-4,ACVRL1/ADAMTSL2/ADAM9/ASPN/BAMBI/CD109/ACTA2/CDH3/CDH5/COL1A1/CILP/EDN1/DKK3/ENG/FGFR2/FOLR1/FURIN/GDF15/IGF1R/ITGB6/LTBP2/MSTN/LRG1/PENK/SFRP1/TGFBR2/TGFBR3/LTBP3/VASN/POSTN/SMAD5/WFIKKN1/WFIKKN2/XCL1,34
3,GO:0043405,regulation of MAP kinase activity,18/1056,123/18986,0.14634146341463414,2.63109756097561,4.404272956625261,1.5427949493503927e-4,0.0010820555052926905,7.030681745553814e-4,ADIPOQ/ADAM9/APOE/CD300A/EDN1/EPHA4/ERBB2/GHR/ARHGEF5/ERN1/FLT1/NTRK3/ROBO1/SMPD1/TNFRSF11A/TNF/NTF3/TNFSF11,18
3,GO:0043367,"CD4-positive, alpha-beta T cell differentiation",16/1056,102/18986,0.1568627450980392,2.8202614379084965,4.473361274196047,1.5531214351039788e-4,0.0010870079892632343,7.062860629609703e-4,CD80/CD83/CD86/CTSL/IL12B/IL12RB1/IL18R1/IL6ST/IL4R/IL6/LGALS1/LGALS9/LY9/SLAMF6/IL6R/IFNG,16
3,GO:0008361,regulation of cell size,23/1056,179/18986,0.12849162011173185,2.3101722532588456,4.274076252366276,1.5540734977439452e-4,0.0010870079892632343,7.062860629609703e-4,APOE/CDH1/EDN1/DRAXIN/FN1/CDH4/IL7R/KIAA0319/ISLR2/L1CAM/NRP1/NRCAM/DSCAM/PTPRS/RGMA/RET/RTN4R/KEL/SEMA3F/SEMA7A/SPP1/SCT/TNR,23
3,GO:0010543,regulation of platelet activation,11/1056,54/18986,0.2037037037037037,3.6624228395061724,4.754696246449295,1.575055089711248e-4,0.0010962715909949654,7.123051105305999e-4,APOE/C1QTNF1/CEACAM1/F2/IL6ST/IL6/PDGFRA/NOS3/HRG/THBD/IL6R,11
3,GO:0050771,negative regulation of axonogenesis,11/1056,54/18986,0.2037037037037037,3.6624228395061724,4.754696246449295,1.575055089711248e-4,0.0010962715909949654,7.123051105305999e-4,CDH1/DRAXIN/KIAA0319/NRP1/PTPRS/RGMA/RTN4R/SEMA3F/SPP1/THY1/TNR,11
3,GO:0072538,T-helper 17 type immune response,11/1056,54/18986,0.2037037037037037,3.6624228395061724,4.754696246449295,1.575055089711248e-4,0.0010962715909949654,7.123051105305999e-4,CLEC6A/CLEC7A/IL12B/IL12RB1/IL6ST/IL6/LGALS1/LY9/NOTCH1/SLAMF6/IL6R,11
3,GO:0030500,regulation of bone mineralization,14/1056,82/18986,0.17073170731707318,3.069613821138212,4.5579179502567655,1.5779505732653042e-4,0.0010962715909949654,7.123051105305999e-4,AHSG/ATRAID/CCL3/CCN1/BMP4/BGLAP/COMP/ECM1/FGF23/PHOSPHO1/PTN/LTBP3/NELL1/PTH,14
3,GO:0042246,tissue regeneration,14/1056,82/18986,0.17073170731707318,3.069613821138212,4.5579179502567655,1.5779505732653042e-4,0.0010962715909949654,7.123051105305999e-4,ADAM15/APOD/CCN3/CPQ/IGFBP1/ERBB4/KLK6/CAPN3/MSTN/NOTCH1/PLG/PTN/POSTN/YAP1,14
3,GO:0042100,B cell proliferation,15/1056,92/18986,0.16304347826086957,2.9313858695652173,4.506590770270656,1.5900919593628683e-4,0.0011025513494228375,7.16385398716314e-4,CD22/CD300A/CD38/CD74/CR2/IL7R/MZB1/PTPRC/TNFRSF13B/TNFRSF21/TNFRSF4/TNFRSF13C/FCRL3/TFRC/TNFSF13B,15
3,GO:0043603,amide metabolic process,46/1056,472/18986,0.09745762711864407,1.752206920903955,4.016107319599104,1.5912671270040563e-4,0.0011025513494228375,7.16385398716314e-4,ACE2/ASS1/APOE/CCN1/BCHE/BTD/CTSL/CTSZ/EFNA1/DPP4/EPHA4/CLU/FOLR1/ENPP7/FTCD/FURIN/GGT1/GLA/GSTA1/GSTA3/GM2A/DPEP2/IFNGR1/HPGDS/GGT5/MME/MVK/NTRK2/NT5C1A/PAM/PLA2G15/MEP1A/CPE/SCARB2/NAAA/SMPD1/SPON1/ST6GAL1/TNF/TNFRSF1A/GSAP/IFNG/PLA2G7/REN/VNN1/VNN2,46
3,GO:0002507,tolerance induction,8/1056,30/18986,0.26666666666666666,4.794444444444444,5.047572795214214,1.7406570136785355e-4,0.0012028266629373794,7.815395255432624e-4,HAVCR2/IDO1/IL2RA/LGALS9/LILRB4/LILRB2/PDCD1/TGFBR2,8
3,GO:0045672,positive regulation of osteoclast differentiation,8/1056,30/18986,0.26666666666666666,4.794444444444444,5.047572795214214,1.7406570136785355e-4,0.0012028266629373794,7.815395255432624e-4,CSF1/IL12B/NOTCH2/TNFRSF11A/TNF/TREM2/IFNG/TNFSF11,8
3,GO:0008585,female gonad development,16/1056,103/18986,0.1553398058252427,2.792880258899676,4.427733936530394,1.7454691034957839e-4,0.0012045372461205843,7.826509810925928e-4,ANG/FST/INHBB/KIT/KDR/LEP/KITLG/NOTCH1/NPPC/PDGFRA/NOS3/RETN/ROBO2/SFRP1/PTX3/VGF,16
3,GO:0034764,positive regulation of transmembrane transport,26/1056,216/18986,0.12037037037037036,2.164158950617284,4.175938901964969,1.7608553017043975e-4,0.0012135306257067071,7.884944511713191e-4,ACE2/ADIPOQ/C3/ACTN2/CXCL10/CTSS/CX3CL1/EDN1/CXCL9/FGF21/HEPH/IFNGR2/F2/ITGB1/CAPN3/OCLN/PDZK1/NOS1/GIP/GAL/THY1/TREM2/IFNG/PTH/SORBS1/XCL1,26
3,GO:0014033,neural crest cell differentiation,15/1056,93/18986,0.16129032258064516,2.899865591397849,4.457188530820038,1.8000081336893228e-4,0.0012356078689891713,8.028391932459122e-4,CDH2/BMP4/EDN1/FOLR1/FN1/ERBB4/KITLG/NRP1/NRP2/RET/FRZB/SEMA3F/SEMA7A/SFRP1/SEMA4C,15
3,GO:0010888,negative regulation of lipid storage,7/1056,23/18986,0.30434782608695654,5.471920289855073,5.20776722883184,1.8010726571102625e-4,0.0012356078689891713,8.028391932459122e-4,CES1/CLSTN3/ITGAV/IL6/LEP/TNF/TREM2,7
3,GO:0046794,transport of virus,7/1056,23/18986,0.30434782608695654,5.471920289855073,5.20776722883184,1.8010726571102625e-4,0.0012356078689891713,8.028391932459122e-4,ACE2/BST2/CD209/CTSL/DPP4/CLEC4M/SIGLEC1,7
3,GO:0002294,"CD4-positive, alpha-beta T cell differentiation involved in immune response",14/1056,83/18986,0.1686746987951807,3.032630522088353,4.503801453688146,1.8024774344905077e-4,0.0012356078689891713,8.028391932459122e-4,CD80/CD86/IL12B/IL12RB1/IL18R1/IL6ST/IL4R/IL6/LGALS1/LGALS9/LY9/SLAMF6/IL6R/IFNG,14
3,GO:0019065,receptor-mediated endocytosis of virus by host cell,5/1056,11/18986,0.45454545454545453,8.172348484848484,5.774494179631827,1.8375205677984444e-4,0.0012493529758625368,8.11770109591014e-4,ACE2/CTSL/DPP4/CLEC4M/SIGLEC1,5
3,GO:0038196,type III interferon-mediated signaling pathway,5/1056,11/18986,0.45454545454545453,8.172348484848484,5.774494179631827,1.8375205677984444e-4,0.0012493529758625368,8.11770109591014e-4,IFNGR1/IFNGR2/IL10RB/IFNLR1/IFNG,5
3,GO:0051838,cytolysis by host of symbiont cells,5/1056,11/18986,0.45454545454545453,8.172348484848484,5.774494179631827,1.8375205677984444e-4,0.0012493529758625368,8.11770109591014e-4,CFHR2/CFHR5/APOL1/F2/HRG,5
3,GO:0071358,cellular response to type III interferon,5/1056,11/18986,0.45454545454545453,8.172348484848484,5.774494179631827,1.8375205677984444e-4,0.0012493529758625368,8.11770109591014e-4,IFNGR1/IFNGR2/IL10RB/IFNLR1/IFNG,5
3,GO:1904238,pericyte cell differentiation,5/1056,11/18986,0.45454545454545453,8.172348484848484,5.774494179631827,1.8375205677984444e-4,0.0012493529758625368,8.11770109591014e-4,CD34/ACTA2/BMP4/EPHA2/NOTCH1,5
3,GO:0042552,myelination,21/1056,158/18986,0.13291139240506328,2.3896360759493667,4.256715686901776,1.8397835836710675e-4,0.0012493529758625368,8.11770109591014e-4,ATRN/CNTN1/CNTN2/CTSC/ERBB2/ERBB3/CLU/GPC1/CST7/JAM2/KLK6/MYOC/NFASC/NTRK2/PTPRZ1/PTN/KEL/TNF/TNFRSF1B/TNFRSF21/SCN2A,21
3,GO:0002011,morphogenesis of an epithelial sheet,12/1056,64/18986,0.1875,3.37109375,4.611076301474145,1.8443406685381e-4,0.0012493529758625368,8.11770109591014e-4,ACVRL1/CCN1/COL5A1/DDR1/CEACAM1/ITGA5/ITGAV/ITGB1/NOTCH1/MMP12/LRG1/NOTCH2,12
3,GO:0002763,positive regulation of myeloid leukocyte differentiation,12/1056,64/18986,0.1875,3.37109375,4.611076301474145,1.8443406685381e-4,0.0012493529758625368,8.11770109591014e-4,CD4/CD74/CSF1/CALCA/IL12B/KITLG/NOTCH2/TNFRSF11A/TNF/TREM2/IFNG/TNFSF11,12
3,GO:0010324,membrane invagination,12/1056,64/18986,0.1875,3.37109375,4.611076301474145,1.8443406685381e-4,0.0012493529758625368,8.11770109591014e-4,C3/CD300A/GSN/ITGA2/ITGAM/ITGB2/HAVCR1/MARCO/MEGF10/MSR1/TIMD4/TREM2,12
3,GO:0001667,ameboidal-type cell migration,28/1056,241/18986,0.11618257261410789,2.088865836791148,4.128452441084358,1.8531304476117843e-4,0.001253659771317421,8.145684603261083e-4,ADAM9/CCN3/CD248/ACTA2/CDH2/BMP4/EDN1/FOLR1/FN1/ENPP2/ERBB4/ITGA2/ITGB1/ITGB7/KIT/KITLG/NRP1/NRP2/LRG1/PTPRR/RET/SEMA3F/SEMA7A/TGFBR2/TIMP1/IFNG/SEMA4C/TACSTD2,28
3,GO:0010959,regulation of metal ion transport,41/1056,408/18986,0.10049019607843138,1.8067299836601307,3.997660563729994,1.8659198920066927e-4,0.0012606575417161861,8.19115278521804e-4,AHNAK/B2M/ACTN2/CCL3/CD4/CNTN1/CXCL10/CX3CL1/DPP10/CALCA/CXCL9/DPP6/EPO/GCG/HEPH/F2/ITGB1/LGALS3/LILRA2/LILRA5/LILRB1/LILRB2/CAPN3/GRP/NOS1/PCSK9/NOS3/PRSS8/SCN4B/KEL/SPINK1/GAL/STC1/STC2/THY1/TF/TREM2/FCRL3/HRC/IFNG/XCL1,41
3,GO:0002639,positive regulation of immunoglobulin production,11/1056,55/18986,0.2,3.5958333333333337,4.678627691993341,1.871077299515714e-4,0.0012608370560788897,8.192319184119715e-4,CD28/CD86/IL13RA1/IL4R/IL6/MZB1/PTPRC/TNFRSF4/TNFSF13/TFRC/XCL1,11
3,GO:0010883,regulation of lipid storage,11/1056,55/18986,0.2,3.5958333333333337,4.678627691993341,1.871077299515714e-4,0.0012608370560788897,8.192319184119715e-4,C3/CES1/CLSTN3/ITGAV/IL6/LEP/LPL/MSR1/TNF/TREM2/PLA2G10,11
3,GO:0001889,liver development,20/1056,147/18986,0.1360544217687075,2.4461451247165535,4.2715818958569125,1.8880164334137442e-4,0.0012705906937660382,8.255693680256334e-4,ASS1/EGFR/CPB2/CEACAM1/HGF/IGF2R/ITGA2/FGL1/IL6/MET/NOTCH1/NOTCH2/PCSK9/PKD1/FRZB/PTN/TGFA/TGFBR3/TNF/UPB1,20
3,GO:0043524,negative regulation of neuron apoptotic process,22/1056,170/18986,0.12941176470588237,2.32671568627451,4.2168270347603105,1.9307370558816763e-4,0.0012976466131773196,8.43149016923831e-4,ADAM8/AXL/CHL1/CRLF1/CX3CL1/DRAXIN/EPHA4/ERBB3/CLU/GRN/HYOU1/IL6ST/KDR/NRP1/NTRK2/NPPC/NEFL/PTPRZ1/TYRO3/VEGFB/NTF3/VSTM2L,22
3,GO:0009914,hormone transport,35/1056,330/18986,0.10606060606060606,1.9068813131313131,4.033158330522477,1.942598215810016e-4,0.0013039184638672697,8.472241670377564e-4,ADIPOQ/C1QTNF1/CCN3/CD38/CRHBP/EDN1/EGFR/FAM3B/FGA/CHGA/GCG/FGF23/F2/IL1RN/INHBB/FAM3D/IL6/LEP/GRP/GIP/PTPRN2/CPE/RETN/SFRP1/SPINK1/GAL/SPP1/TNF/IFNG/REN/SCT/SERPINA7/TNFSF11/VGF/VSNL1,35
3,GO:0033344,cholesterol efflux,13/1056,74/18986,0.17567567567567569,3.158502252252253,4.5148856105085855,1.9983468687361186e-4,0.0013378542997837261,8.692740582800177e-4,APOA1/APOA4/ADIPOQ/APOC1/APOM/APOE/CES1/APOA2/LRP1/NPC2/PLTP/TREM2/PLA2G10,13
3,GO:0060411,cardiac septum morphogenesis,13/1056,74/18986,0.17567567567567569,3.158502252252253,4.5148856105085855,1.9983468687361186e-4,0.0013378542997837261,8.692740582800177e-4,CCN1/BMP4/ENG/FGFR2/NOTCH1/NRP1/NRP2/NOTCH2/NOS3/ROBO1/ROBO2/TGFBR2/TGFBR3,13
3,GO:0043122,regulation of canonical NF-kappaB signal transduction,33/1056,305/18986,0.10819672131147541,1.9452868852459015,4.038876811688952,2.0241689457125545e-4,0.0013533840356871878,8.793645416420709e-4,ADIPOQ/BST2/CANT1/CCL21/CD4/CD74/CLEC4D/CLEC6A/CLEC7A/CX3CL1/EDA2R/EDN1/ECM1/LGALS1/LGALS9/LILRB4/LTBR/CAPN3/FASLG/LTA/ROR1/SHISA5/TGFBR3/TNFRSF10B/TNF/TNFRSF19/TNFRSF1A/TNFSF10/TREM2/S100A13/PYDC1/TFRC/TNFSF11,33
3,GO:0002287,alpha-beta T cell activation involved in immune response,14/1056,84/18986,0.16666666666666666,2.9965277777777777,4.4504941611933955,2.0540268969889035e-4,0.001367921068022872,8.888100134664922e-4,CD80/CD86/IL12B/IL12RB1/IL18R1/IL6ST/IL4R/IL6/LGALS1/LGALS9/LY9/SLAMF6/IL6R/IFNG,14
3,GO:0002293,alpha-beta T cell differentiation involved in immune response,14/1056,84/18986,0.16666666666666666,2.9965277777777777,4.4504941611933955,2.0540268969889035e-4,0.001367921068022872,8.888100134664922e-4,CD80/CD86/IL12B/IL12RB1/IL18R1/IL6ST/IL4R/IL6/LGALS1/LGALS9/LY9/SLAMF6/IL6R/IFNG,14
3,GO:0034248,regulation of amide metabolic process,14/1056,84/18986,0.16666666666666666,2.9965277777777777,4.4504941611933955,2.0540268969889035e-4,0.001367921068022872,8.888100134664922e-4,APOE/CCN1/EFNA1/EPHA4/CLU/ENPP7/IFNGR1/NTRK2/SCARB2/SPON1/TNF/TNFRSF1A/GSAP/IFNG,14
3,GO:0045445,myoblast differentiation,17/1056,115/18986,0.14782608695652175,2.6577898550724637,4.327410111659531,2.0565253689965585e-4,0.001367921068022872,8.888100134664922e-4,BOC/BMP4/CXCL10/DLL1/CXCL9/CSRP3/ITGB1/LGALS1/KLHL41/CAPN3/MEGF10/MSTN/NOTCH1/IGFBP3/PLG/SDC1/TNF,17
3,GO:0051345,positive regulation of hydrolase activity,35/1056,331/18986,0.10574018126888217,1.9011203423967773,4.013712667005109,2.059282314254086e-4,0.0013679897332448212,8.888546288600789e-4,AGRN/AGER/APOA1/APOA4/CCL11/CD200/CR1/CTSD/CLEC7A/EFNA1/EPHA1/EPHA2/EPHA4/FAS/F3/FGFR2/GSN/GRN/CXCL13/ITGB1/LGALS9/FASLG/NTRK3/PSAP/PRTN3/RET/ROBO1/RTN4R/SFRP1/PRSS22/THY1/TNF/TNFSF10/IFNG/NTF3,35
3,GO:0008203,cholesterol metabolic process,20/1056,148/18986,0.13513513513513514,2.4296171171171173,4.237213193684671,2.0712512555726349e-4,0.001374169912802694,8.928702154348201e-4,APOA1/APOA4/APOC1/APOF/APOE/ANGPTL3/CES1/APOA2/APOL1/EPHX2/LCAT/LDLR/LEP/IDI2/MVK/NPC2/LEPR/PCSK9/SMPD1/SULT2A1,20
3,GO:0036005,response to macrophage colony-stimulating factor,6/1056,17/18986,0.35294117647058826,6.345588235294118,5.351122091411519,2.1245383233861294e-4,0.0014059043718941588,9.134897567751726e-4,BGLAP/CSF1/CSF1R/SPP1/TNF/TREM2,6
3,GO:0043031,negative regulation of macrophage activation,6/1056,17/18986,0.35294117647058826,6.345588235294118,5.351122091411519,2.1245383233861294e-4,0.0014059043718941588,9.134897567751726e-4,CD200/GRN/CST7/LDLR/PTPRC/VSIG4,6
3,GO:0009743,response to carbohydrate,28/1056,243/18986,0.11522633744855967,2.071673525377229,4.080310390801244,2.1296846816216798e-4,0.0014075031453538152,9.145285636869345e-4,AGER/ADIPOQ/ANGPT2/APOA2/COL1A1/COL6A3/COLEC12/CLEC7A/CPB2/FGF21/FBP1/GAS6/GCG/ERN1/ICAM1/IGF1R/ITGA2/KHK/LEP/LPL/GIP/OXT/PTPRN2/REG3A/SERPINF1/TNF/TREM2/VSNL1,28
3,GO:0032615,interleukin-12 production,12/1056,65/18986,0.18461538461538463,3.3192307692307694,4.545437752441411,2.1490344537520117e-4,0.0014148496307907561,9.193019603198092e-4,ACP5/AGER/CLEC7A/IDO1/IL12B/LEP/LGALS9/LILRA5/LILRB1/SLAMF1/TIGIT/IFNG,12
3,GO:0032655,regulation of interleukin-12 production,12/1056,65/18986,0.18461538461538463,3.3192307692307694,4.545437752441411,2.1490344537520117e-4,0.0014148496307907561,9.193019603198092e-4,ACP5/AGER/CLEC7A/IDO1/IL12B/LEP/LGALS9/LILRA5/LILRB1/SLAMF1/TIGIT/IFNG,12
3,GO:0050435,amyloid-beta metabolic process,12/1056,65/18986,0.18461538461538463,3.3192307692307694,4.545437752441411,2.1490344537520117e-4,0.0014148496307907561,9.193019603198092e-4,APOE/EFNA1/EPHA4/CLU/IFNGR1/MME/NTRK2/SPON1/TNF/GSAP/IFNG/REN,12
3,GO:0046879,hormone secretion,34/1056,319/18986,0.10658307210031348,1.9162748171368862,4.005262121513646,2.1719799272184876e-4,0.0014281322097973602,9.279323480678341e-4,ADIPOQ/C1QTNF1/CCN3/CD38/CRHBP/EDN1/EGFR/FAM3B/FGA/CHGA/GCG/FGF23/F2/IL1RN/INHBB/FAM3D/IL6/LEP/GRP/GIP/PTPRN2/CPE/RETN/SFRP1/SPINK1/GAL/SPP1/TNF/IFNG/REN/SCT/TNFSF11/VGF/VSNL1,34
3,GO:0010038,response to metal ion,36/1056,345/18986,0.10434782608695652,1.876086956521739,3.9853757492922712,2.1826154284951206e-4,0.0014330394839457102,9.311208612824034e-4,ADAM9/B2M/ASS1/BSG/CD14/CDH1/BGLAP/CRHBP/EDN1/EGFR/FABP4/FGA/FBP1/CDK1/ENTPD6/FGF23/INHBB/KHK/KIT/CAPN3/ADAMTS13/PAM/PENK/SERPINF1/MUC2/SDC1/SMPD1/TFF1/TNFRSF11B/TF/SYT1/VCAM1/LTA4H/PTH/S100A16/TFRC,36
3,GO:1905477,positive regulation of protein localization to membrane,16/1056,105/18986,0.1523809523809524,2.73968253968254,4.338097145234481,2.1931006892766884e-4,0.0014330394839457102,9.311208612824034e-4,DPP10/EGFR/EPHA2/ERBB2/AGR2/ITGAM/ITGB1/ITGB2/LGALS3/LRP1/PDZK1/TNF/SLC51B/TREM2/IFNG/SORBS1,16
3,GO:0007272,ensheathment of neurons,21/1056,160/18986,0.13125,2.359765625,4.191718768358943,2.1961225845142795e-4,0.0014330394839457102,9.311208612824034e-4,ATRN/CNTN1/CNTN2/CTSC/ERBB2/ERBB3/CLU/GPC1/CST7/JAM2/KLK6/MYOC/NFASC/NTRK2/PTPRZ1/PTN/KEL/TNF/TNFRSF1B/TNFRSF21/SCN2A,21
3,GO:0008366,axon ensheathment,21/1056,160/18986,0.13125,2.359765625,4.191718768358943,2.1961225845142795e-4,0.0014330394839457102,9.311208612824034e-4,ATRN/CNTN1/CNTN2/CTSC/ERBB2/ERBB3/CLU/GPC1/CST7/JAM2/KLK6/MYOC/NFASC/NTRK2/PTPRZ1/PTN/KEL/TNF/TNFRSF1B/TNFRSF21/SCN2A,21
3,GO:0016525,negative regulation of angiogenesis,21/1056,160/18986,0.13125,2.359765625,4.191718768358943,2.1961225845142795e-4,0.0014330394839457102,9.311208612824034e-4,ANGPT2/CD160/CXCL10/DCN/EPHA2/ADGRB3/HSPG2/GDF2/ISM1/FASLG/PTPRM/HRG/SERPINF1/OPTC/SPINK5/TAFA5/THBS2/THBS4/TNF/TEK/TIE1,21
3,GO:0072006,nephron development,21/1056,160/18986,0.13125,2.359765625,4.191718768358943,2.1961225845142795e-4,0.0014330394839457102,9.311208612824034e-4,ADIPOQ/ANGPT2/CD34/ACTA2/BMP4/CALB1/DLL1/EDN1/ERBB4/NOTCH1/NOTCH3/NOTCH2/PDGFRA/PKD1/PODXL/RET/TEK/IL6R/TACSTD2/UMOD/YAP1,21
3,GO:0002448,mast cell mediated immunity,11/1056,56/18986,0.19642857142857142,3.5316220238095237,4.604311383723672,2.2129104226716728e-4,0.0014385313025059867,9.346891836385827e-4,ADGRE2/CD300A/CHGA/IL4R/KIT/LGALS9/GRP/PTGDS/MILR1/SPON2/S100A13,11
3,GO:1902991,regulation of amyloid precursor protein catabolic process,11/1056,56/18986,0.19642857142857142,3.5316220238095237,4.604311383723672,2.2129104226716728e-4,0.0014385313025059867,9.346891836385827e-4,AGER/APOE/EFNA1/EPHA4/CLU/IFNGR1/NTRK2/SPON1/TNF/GSAP/IFNG,11
3,GO:1904645,response to amyloid-beta,11/1056,56/18986,0.19642857142857142,3.5316220238095237,4.604311383723672,2.2129104226716728e-4,0.0014385313025059867,9.346891836385827e-4,AGER/EPHA4/ICAM1/IGF1R/LRP1/MMP12/MMP13/TNF/TREM2/VCAM1/MMP3,11
3,GO:0001945,lymph vessel development,8/1056,31/18986,0.25806451612903225,4.639784946236559,4.9220020705087935,2.232610766088404e-4,0.0014458679019077542,9.394561567962579e-4,ACVRL1/CLEC14A/EPHA2/FLT4/HEG1/KDR/PKD1/TIE1,8
3,GO:0019886,antigen processing and presentation of exogenous peptide antigen via MHC class II,8/1056,31/18986,0.25806451612903225,4.639784946236559,4.9220020705087935,2.232610766088404e-4,0.0014458679019077542,9.394561567962579e-4,B2M/CD74/CTSD/CTSL/CTSF/CTSS/CTSE/IFI30,8
3,GO:0033688,regulation of osteoblast proliferation,8/1056,31/18986,0.25806451612903225,4.639784946236559,4.9220020705087935,2.232610766088404e-4,0.0014458679019077542,9.394561567962579e-4,ATRAID/CCN1/CTHRC1/FGFR2/IGF1R/ITGAV/SFRP1/NELL1,8
3,GO:0007416,synapse assembly,30/1056,269/18986,0.11152416356877323,2.005111524163569,4.029205214444659,2.2946163315084176e-4,0.0014814265024121961,9.625604432437813e-4,AGRN/AMIGO2/ACHE/CDH1/CDH2/CBLN4/DNER/ADGRB3/CNTN5/CLSTN3/FLRT2/CLSTN2/ERBB4/LRTM2/LRRN1/NRCAM/NTRK2/DSCAM/PCDH17/OXT/PLXNB2/PTPRS/ROBO2/RTN4R/SLITRK2/SLITRK1/SLITRK6/THBS2/ICAM5/SEMA4C,30
3,GO:0003180,aortic valve morphogenesis,9/1056,39/18986,0.23076923076923078,4.149038461538462,4.777351057628522,2.2951138156017062e-4,0.0014814265024121961,9.625604432437813e-4,BMP4/EFNA1/ELN/NOTCH1/NOS3/ROBO1/ROBO2/TGFBR2/TIE1,9
3,GO:0003170,heart valve development,13/1056,75/18986,0.17333333333333334,3.116388888888889,4.456726387978027,2.2961392345826278e-4,0.0014814265024121961,9.625604432437813e-4,CCN1/BMP4/EFNA1/ELN/NOTCH1/NOTCH2/NOS3/ROBO1/ROBO2/TGFBR2/TNFRSF1A/TNFRSF1B/TIE1,13
3,GO:0043269,regulation of monoatomic ion transport,46/1056,480/18986,0.09583333333333334,1.7230034722222223,3.893604523825773,2.333305328653274e-4,0.0015035236211509533,9.76918099444042e-4,AHNAK/B2M/ACTN2/CCL3/CD4/CNTN1/CXCL10/CTSS/CX3CL1/DPP10/EDN1/CALCA/CXCL9/DPP6/EPO/GCG/HEPH/IFNGR2/F2/ITGB1/LEP/LGALS3/LILRA2/LILRA5/LILRB1/LILRB2/CAPN3/GRP/PDZK1/NOS1/PCSK9/NOS3/PRSS8/SCN4B/KEL/SPINK1/GAL/STC1/STC2/THY1/TF/TREM2/FCRL3/HRC/IFNG/XCL1,46
3,GO:0034114,regulation of heterotypic cell-cell adhesion,7/1056,24/18986,0.2916666666666667,5.243923611111112,5.048684397114174,2.421325576212039e-4,0.0015563507911936485,0.0010112426806020093,AGER/APOA1/ADIPOQ/CEACAM6/FGA/IL1RN/TNF,7
3,GO:0046641,positive regulation of alpha-beta T cell proliferation,7/1056,24/18986,0.2916666666666667,5.243923611111112,5.048684397114174,2.421325576212039e-4,0.0015563507911936485,0.0010112426806020093,CD28/CD55/IL12B/LGALS9/PTPRC/TGFBR2/XCL1,7
3,GO:0042632,cholesterol homeostasis,16/1056,106/18986,0.1509433962264151,2.713836477987421,4.294063228753412,2.45205206708966e-4,0.0015741380331067494,0.0010227999839390834,APOA1/APOA4/APOM/APOE/ANGPTL3/CES1/APOA2/FABP3/FABP4/EPHX2/LCAT/LDLR/LPL/NPC2/PCSK9/PLA2G10,16
3,GO:0061008,hepaticobiliary system development,20/1056,150/18986,0.13333333333333333,2.397222222222222,4.169307126049417,2.4850868009598207e-4,0.001593361002356701,0.0010352901545763486,ASS1/EGFR/CPB2/CEACAM1/HGF/IGF2R/ITGA2/FGL1/IL6/MET/NOTCH1/NOTCH2/PCSK9/PKD1/FRZB/PTN/TGFA/TGFBR3/TNF/UPB1,20
3,GO:0046503,glycerolipid catabolic process,12/1056,66/18986,0.18181818181818182,3.268939393939394,4.481066740698641,2.495558795593919e-4,0.0015980876510915095,0.0010383613059927886,APOA4/APOC1/APOA2/FGF21/ENPP2/ENPP6/LDLR/LPL/PLA2G15/PLA2G10/PLA2G7/PLB1,12
3,GO:1902003,regulation of amyloid-beta formation,10/1056,48/18986,0.20833333333333334,3.7456597222222223,4.622185708971785,2.5642424931368027e-4,0.0016380012456158881,0.0010642952603093078,APOE/EFNA1/EPHA4/CLU/IFNGR1/NTRK2/SPON1/TNF/GSAP/IFNG,10
3,GO:1904894,positive regulation of receptor signaling pathway via STAT,10/1056,48/18986,0.20833333333333334,3.7456597222222223,4.622185708971785,2.5642424931368027e-4,0.0016380012456158881,0.0010642952603093078,GHR/CSH1/IL10RB/F2/ERBB4/IL7R/KIT/IL6/LEP/NOTCH1,10
3,GO:0048608,reproductive structure development,33/1056,309/18986,0.10679611650485436,1.9201051779935274,3.9574029222038467,2.575030099291361e-4,0.0016428564556741293,0.0010674499447557466,ADAM15/AXL/C3/ANG/ADGRG1/BMP4/FGFR2/GFRA1/FST/INHBB/KIT/KDR/LEP/MERTK/KITLG/NOTCH1/NPPC/PDGFRA/PKD1/PSAP/NOS3/RETN/ROBO2/SERPINF1/SDC1/PSAPL1/SFRP1/PTX3/TNFSF10/TYRO3/TNC/REN/VGF,33
3,GO:2000181,negative regulation of blood vessel morphogenesis,21/1056,162/18986,0.12962962962962962,2.3306327160493825,4.127687996352109,2.6117646430785037e-4,0.0016642332181791948,0.0010813395477556175,ANGPT2/CD160/CXCL10/DCN/EPHA2/ADGRB3/HSPG2/GDF2/ISM1/FASLG/PTPRM/HRG/SERPINF1/OPTC/SPINK5/TAFA5/THBS2/THBS4/TNF/TEK/TIE1,21
3,GO:0048864,stem cell development,14/1056,86/18986,0.16279069767441862,2.926841085271318,4.34621630380934,2.648901416199372e-4,0.001685813185247872,0.0010953611834108384,CDH2/BMP4/EDN1/FOLR1/FN1/ERBB4/KITLG/NRP1/NRP2/PTPRC/RET/SEMA3F/SEMA7A/SEMA4C,14
3,GO:0002532,production of molecular mediator involved in inflammatory response,16/1056,107/18986,0.14953271028037382,2.688473520249221,4.250536645989306,2.7370722137065205e-4,0.0017333669854615618,0.0011262593798026831,APOD/CLEC7A/GRN/F2/IL1R2/IL4R/IL6/LEP/LILRB4/LBP/PBXIP1/TNF/SLAMF8/TREM2/PLA2G10/SIRPA,16
3,GO:0032526,response to retinoic acid,16/1056,107/18986,0.14953271028037382,2.688473520249221,4.250536645989306,2.7370722137065205e-4,0.0017333669854615618,0.0011262593798026831,CD38/COL1A1/FGFR2/IGFBP7/IGF2R/IGFBP2/LEP/OXT/RET/SERPINF1/TNF/TNC/TIE1/TFRC/WNT9A/YAP1,16
3,GO:0046545,development of primary female sexual characteristics,16/1056,107/18986,0.14953271028037382,2.688473520249221,4.250536645989306,2.7370722137065205e-4,0.0017333669854615618,0.0011262593798026831,ANG/FST/INHBB/KIT/KDR/LEP/KITLG/NOTCH1/NPPC/PDGFRA/NOS3/RETN/ROBO2/SFRP1/PTX3/VGF,16
3,GO:0055092,sterol homeostasis,16/1056,107/18986,0.14953271028037382,2.688473520249221,4.250536645989306,2.7370722137065205e-4,0.0017333669854615618,0.0011262593798026831,APOA1/APOA4/APOM/APOE/ANGPTL3/CES1/APOA2/FABP3/FABP4/EPHX2/LCAT/LDLR/LPL/NPC2/PCSK9/PLA2G10,16
3,GO:0032814,regulation of natural killer cell activation,9/1056,40/18986,0.225,4.0453125000000005,4.678969447518616,2.8167978944945623e-4,0.001772966196107383,0.0011519890624357943,AXL/GAS6/HAVCR2/IL12B/IL15RA/KLRD1/LEP/PGLYRP1/IL15,9
3,GO:0032965,regulation of collagen biosynthetic process,9/1056,40/18986,0.225,4.0453125000000005,4.678969447518616,2.8167978944945623e-4,0.001772966196107383,0.0011519890624357943,BMP4/ENG/F2/ITGA2/IL6/NOTCH1/NPPC/SERPINF2/IL6R,9
3,GO:0033028,myeloid cell apoptotic process,9/1056,40/18986,0.225,4.0453125000000005,4.678969447518616,2.8167978944945623e-4,0.001772966196107383,0.0011519890624357943,ADIPOQ/CTSL/CLEC5A/EPO/GAS6/FCAR/IL6/KITLG/ST6GAL1,9
3,GO:0045745,positive regulation of G protein-coupled receptor signaling pathway,9/1056,40/18986,0.225,4.0453125000000005,4.678969447518616,2.8167978944945623e-4,0.001772966196107383,0.0011519890624357943,C3/CNTN2/EDN1/CHGA/F2/KLK6/GRP/NOS1/TREM2,9
3,GO:0060391,positive regulation of SMAD protein signal transduction,9/1056,40/18986,0.225,4.0453125000000005,4.678969447518616,2.8167978944945623e-4,0.001772966196107383,0.0011519890624357943,ACVRL1/BMP10/BMPER/BMP4/ENG/GDF2/KIAA0319/TGFBR2/TGFBR3,9
3,GO:0003206,cardiac chamber morphogenesis,18/1056,129/18986,0.13953488372093023,2.5087209302325584,4.172675241263172,2.8315695390273584e-4,0.0017744463789567387,0.0011529508148124647,BMP10/CCN1/BMP4/ENG/FGFR2/HEG1/MYL3/NOTCH1/NRP1/NRP2/NOTCH2/CPE/NOS3/ROBO1/ROBO2/TGFBR2/TGFBR3/TEK,18
3,GO:0035767,endothelial cell chemotaxis,8/1056,32/18986,0.25,4.494791666666667,4.801677166131053,2.8329182732907777e-4,0.0017744463789567387,0.0011529508148124647,CCN3/CXCL13/KDR/MET/NOTCH1/NRP1/HRG/SMOC2,8
3,GO:0061037,negative regulation of cartilage development,8/1056,32/18986,0.25,4.494791666666667,4.801677166131053,2.8329182732907777e-4,0.0017744463789567387,0.0011529508148124647,CCN4/BMP4/EFEMP1/LEP/FRZB/LTBP3/PTH/WNT9A,8
3,GO:1903318,negative regulation of protein maturation,8/1056,32/18986,0.25,4.494791666666667,4.801677166131053,2.8329182732907777e-4,0.0017744463789567387,0.0011529508148124647,CTSZ/CPB2/FGA/FURIN/IL1R2/PLAU/PLAT/SERPINF2,8
3,GO:0050680,negative regulation of epithelial cell proliferation,22/1056,175/18986,0.12571428571428572,2.2602380952380954,4.064553096795226,2.9282220444133884e-4,0.0018319156115231819,0.0011902915872922077,ACVRL1/B2M/B4GALT1/APOE/CD109/BMP4/ENG/CPB2/FGFR2/CEACAM1/FLT1/IL12B/GDF2/NOTCH1/PTPRM/ROBO1/SCG2/SERPINF1/SFRP1/SLURP1/TGFBR3/TNF,22
3,GO:0045161,neuronal ion channel clustering,5/1056,12/18986,0.4166666666666667,7.491319444444445,5.4587257006885315,3.005880489172524e-4,0.0018630675893684383,0.001210532660037852,AGRN/CNTN2/CNTNAP2/MYOC/NRCAM,5
3,GO:0097048,dendritic cell apoptotic process,5/1056,12/18986,0.4166666666666667,7.491319444444445,5.4587257006885315,3.005880489172524e-4,0.0018630675893684383,0.001210532660037852,AXL/CCL21/GAS6/LGALS9/LILRB1,5
3,GO:1900121,negative regulation of receptor binding,5/1056,12/18986,0.4166666666666667,7.491319444444445,5.4587257006885315,3.005880489172524e-4,0.0018630675893684383,0.001210532660037852,ADAM15/ADIPOQ/B2M/PCSK9/PTPRF,5
3,GO:2000659,regulation of interleukin-1-mediated signaling pathway,5/1056,12/18986,0.4166666666666667,7.491319444444445,5.4587257006885315,3.005880489172524e-4,0.0018630675893684383,0.001210532660037852,IL1RN/IL1R1/IL1R2/IL6/PYDC1,5
3,GO:2000668,regulation of dendritic cell apoptotic process,5/1056,12/18986,0.4166666666666667,7.491319444444445,5.4587257006885315,3.005880489172524e-4,0.0018630675893684383,0.001210532660037852,AXL/CCL21/GAS6/LGALS9/LILRB1,5
3,GO:0032371,regulation of sterol transport,13/1056,77/18986,0.16883116883116883,3.035443722943723,4.343274678457753,3.006929649572339e-4,0.0018630675893684383,0.001210532660037852,APOA1/APOA4/ADIPOQ/APOC1/APOE/CES1/APOA2/FURIN/LRP1/PCSK9/PLTP/TREM2/PLA2G10,13
3,GO:0032374,regulation of cholesterol transport,13/1056,77/18986,0.16883116883116883,3.035443722943723,4.343274678457753,3.006929649572339e-4,0.0018630675893684383,0.001210532660037852,APOA1/APOA4/ADIPOQ/APOC1/APOE/CES1/APOA2/FURIN/LRP1/PCSK9/PLTP/TREM2/PLA2G10,13
3,GO:0045669,positive regulation of osteoblast differentiation,13/1056,77/18986,0.16883116883116883,3.035443722943723,4.343274678457753,3.006929649572339e-4,0.0018630675893684383,0.001210532660037852,ATRAID/CCN1/CCN4/BMP4/CTHRC1/HGF/IL6ST/IL6/NPPC/NELL1/IL6R/SMAD5/YAP1,13
3,GO:0002827,positive regulation of T-helper 1 type immune response,6/1056,18/18986,0.3333333333333333,5.993055555555555,5.14326611390346,3.037425095236497e-4,0.0018662605918884556,0.0012126073211269725,IL12B/IL12RB1/IL18R1/IL1R1/SLAMF1/XCL1,6
3,GO:0002830,positive regulation of type 2 immune response,6/1056,18/18986,0.3333333333333333,5.993055555555555,5.14326611390346,3.037425095236497e-4,0.0018662605918884556,0.0012126073211269725,CD74/CD86/IDO1/IL4R/IL6/XCL1,6
3,GO:0002836,positive regulation of response to tumor cell,6/1056,18/18986,0.3333333333333333,5.993055555555555,5.14326611390346,3.037425095236497e-4,0.0018662605918884556,0.0012126073211269725,CD160/CRTAM/IL12B/NECTIN2/HRG/PVR,6
3,GO:0002839,positive regulation of immune response to tumor cell,6/1056,18/18986,0.3333333333333333,5.993055555555555,5.14326611390346,3.037425095236497e-4,0.0018662605918884556,0.0012126073211269725,CD160/CRTAM/IL12B/NECTIN2/HRG/PVR,6
3,GO:0030299,intestinal cholesterol absorption,6/1056,18/18986,0.3333333333333333,5.993055555555555,5.14326611390346,3.037425095236497e-4,0.0018662605918884556,0.0012126073211269725,APOA1/APOA4/APOA2/ENPP7/LDLR/LEP,6
3,GO:0034384,high-density lipoprotein particle clearance,6/1056,18/18986,0.3333333333333333,5.993055555555555,5.14326611390346,3.037425095236497e-4,0.0018662605918884556,0.0012126073211269725,APOA1/APOM/APOE/APOA2/LDLR/TREM2,6
3,GO:1905906,regulation of amyloid fibril formation,6/1056,18/18986,0.3333333333333333,5.993055555555555,5.14326611390346,3.037425095236497e-4,0.0018662605918884556,0.0012126073211269725,APOE/CLU/HSPG2/LDLR/TREM2/PFDN4,6
3,GO:0007631,feeding behavior,16/1056,108/18986,0.14814814814814814,2.66358024691358,4.207506125367,3.0503019814944447e-4,0.001868681961328295,0.001214180611761016,ACE2/AGRP/CNTN2/CALCA/GDF15/GCG/LEP/LEPR/NTRK2/OXT/NPY/PPY/RETN/PYY/GAL/REN,16
3,GO:2001238,positive regulation of extrinsic apoptotic signaling pathway,11/1056,58/18986,0.1896551724137931,3.4098419540229883,4.460641382549563,3.056584432174353e-4,0.001868681961328295,0.001214180611761016,LTBR/FASLG/LTA/PTPRC/RET/SFRP1/TNFRSF12A/TNF/TNFSF10/SRPX/TNFSF11,11
3,GO:0033628,regulation of cell adhesion mediated by integrin,10/1056,49/18986,0.20408163265306123,3.66921768707483,4.540185103752247,3.063115921090998e-4,0.001868681961328295,0.001214180611761016,ADAM9/CCL21/EFNA1/DPP4/EPHA2/CXCL13/PLAU/PODXL/RET/HRG,10
3,GO:0042088,T-helper 1 type immune response,10/1056,49/18986,0.20408163265306123,3.66921768707483,4.540185103752247,3.063115921090998e-4,0.001868681961328295,0.001214180611761016,CD80/HAVCR2/IL12B/IL12RB1/IL18BP/IL18R1/IL1R1/IL4R/SLAMF1/XCL1,10
3,GO:0042551,neuron maturation,10/1056,49/18986,0.20408163265306123,3.66921768707483,4.540185103752247,3.063115921090998e-4,0.001868681961328295,0.001214180611761016,AGRN/C3/CNTN2/CX3CL1/CNTNAP2/C1QA/ADGRB3/MYOC/NRCAM/RET,10
3,GO:0046636,negative regulation of alpha-beta T cell activation,10/1056,49/18986,0.20408163265306123,3.66921768707483,4.540185103752247,3.063115921090998e-4,0.001868681961328295,0.001214180611761016,CD274/CD300A/IL4R/LGALS1/LGALS3/LGALS9/LILRB1/CLEC4G/TNFRSF14/XCL1,10
3,GO:0046883,regulation of hormone secretion,29/1056,261/18986,0.1111111111111111,1.9976851851851853,3.938673480305038,3.082102200265962e-4,0.0018780421799492947,0.0012202624363874942,ADIPOQ/C1QTNF1/CCN3/CD38/CRHBP/EDN1/EGFR/FGA/CHGA/GCG/FGF23/F2/INHBB/FAM3D/IL6/LEP/GRP/GIP/RETN/SFRP1/SPINK1/GAL/SPP1/TNF/IFNG/REN/SCT/TNFSF11/VSNL1,29
3,GO:0043567,regulation of insulin-like growth factor receptor signaling pathway,7/1056,25/18986,0.28,5.034166666666668,4.8982431168777785,3.202578646554111e-4,0.001944557470316424,0.0012634809067429398,CDH3/CILP/IGFBP1/IGFBP4/IGFBP6/IGFBP2/IGFBP3,7
3,GO:0061042,vascular wound healing,7/1056,25/18986,0.28,5.034166666666668,4.8982431168777785,3.202578646554111e-4,0.001944557470316424,0.0012634809067429398,CD34/KDR/MCAM/SMOC2/TAFA5/TNF/VEGFB,7
3,GO:1901623,regulation of lymphocyte chemotaxis,7/1056,25/18986,0.28,5.034166666666668,4.8982431168777785,3.202578646554111e-4,0.001944557470316424,0.0012634809067429398,CCL3/CCL7/CCL21/CXCL10/CXCL13/KLRK1/XCL1,7
3,GO:0031345,negative regulation of cell projection organization,23/1056,188/18986,0.12234042553191489,2.19957890070922,4.011428312779167,3.214359848826346e-4,0.001949414708317625,0.0012666369088502087,B2M/APOE/CCL21/CD38/CDH1/DRAXIN/EFNA1/EPHA4/IL15RA/KIAA0319/GFAP/NRP1/PTPRS/RGMA/RTN4R/HRG/SEMA3F/SPP1/THY1/SPOCK1/TACSTD2/TNR/YAP1,23
3,GO:0003073,regulation of systemic arterial blood pressure,15/1056,98/18986,0.15306122448979592,2.7519132653061225,4.219682424270813,3.2488141668414266e-4,0.0019656850974257693,0.00127720863341851,ACE2/ADM/DDAH1/CTSZ/EDN1/CALCA/ENG/GAS6/KLK1/PRCP/NOS3/SERPINF2/TNF/POSTN/REN,15
3,GO:0042982,amyloid precursor protein metabolic process,15/1056,98/18986,0.15306122448979592,2.7519132653061225,4.219682424270813,3.2488141668414266e-4,0.0019656850974257693,0.00127720863341851,AGER/ADAM9/APOE/ACHE/EFNA1/EPHA4/CLU/IFNGR1/KLK6/NTRK2/SPON1/TNF/GSAP/IFNG/ITM2A,15
3,GO:0061458,reproductive system development,33/1056,313/18986,0.10543130990415335,1.895567092651757,3.8771299935352483,3.255898560579371e-4,0.001967662025766314,0.0012784931473762643,ADAM15/AXL/C3/ANG/ADGRG1/BMP4/FGFR2/GFRA1/FST/INHBB/KIT/KDR/LEP/MERTK/KITLG/NOTCH1/NPPC/PDGFRA/PKD1/PSAP/NOS3/RETN/ROBO2/SERPINF1/SDC1/PSAPL1/SFRP1/PTX3/TNFSF10/TYRO3/TNC/REN/VGF,33
3,GO:1905953,negative regulation of lipid localization,12/1056,68/18986,0.17647058823529413,3.172794117647059,4.355946506066875,3.3325611648233553e-4,0.002011633817876393,0.0013070639253627409,APOC1/APOE/CES1/APOA2/CLSTN3/ITGAV/IL6/LEP/PCSK9/TNF/TREM2/PLA2G10,12
3,GO:0030072,peptide hormone secretion,28/1056,250/18986,0.112,2.013666666666667,3.915379349630523,3.409083419478426e-4,0.002055418131860969,0.001335512888984962,CCN3/CD38/CRHBP/EDN1/EGFR/FAM3B/FGA/CHGA/GCG/F2/IL1RN/INHBB/FAM3D/IL6/LEP/GRP/GIP/PTPRN2/CPE/SFRP1/SPINK1/GAL/TNF/IFNG/SCT/TNFSF11/VGF/VSNL1,28
3,GO:0050772,positive regulation of axonogenesis,13/1056,78/18986,0.16666666666666666,2.9965277777777777,4.287922985842925,3.4275841952629557e-4,0.0020601193248997816,0.0013385675005015275,FN1/CDH4/ISLR2/L1CAM/NRP1/NTRK2/DSCAM/PLXNB2/NEFL/ROBO1/ROBO2/SEMA7A/SLITRK1,13
3,GO:0001916,positive regulation of T cell mediated cytotoxicity,9/1056,41/18986,0.21951219512195122,3.9466463414634148,4.583737654387828,3.432866149542022e-4,0.0020601193248997816,0.0013385675005015275,B2M/CD1C/IL12B/IL12RB1/NECTIN2/PTPRC/ULBP2/PVR/XCL1,9
3,GO:0002360,T cell lineage commitment,9/1056,41/18986,0.21951219512195122,3.9466463414634148,4.583737654387828,3.432866149542022e-4,0.0020601193248997816,0.0013385675005015275,CTSL/IL12B/IL12RB1/IL6ST/IL6/LGALS1/LY9/SLAMF6/IL6R,9
3,GO:0030513,positive regulation of BMP signaling pathway,9/1056,41/18986,0.21951219512195122,3.9466463414634148,4.583737654387828,3.432866149542022e-4,0.0020601193248997816,0.0013385675005015275,ACVRL1/CCN1/CDH5/BMP4/ENG/GDF2/KDR/NOTCH1/NOTCH2,9
3,GO:0032355,response to estradiol,17/1056,120/18986,0.14166666666666666,2.5470486111111112,4.125739311985476,3.449409768430224e-4,0.0020676403902625353,0.0013434543308622978,ASS1/CD38/AREG/COL1A1/CRHBP/EGFR/F7/GHR/IGF1R/IGFBP2/ITGA2/ITGAM/LEP/PENK/OXT/SFRP1/POSTN,17
3,GO:0035296,regulation of tube diameter,20/1056,154/18986,0.12987012987012986,2.3349567099567095,4.03669963447629,3.534738118479792e-4,0.0021138718098333326,0.0013734933072417509,ACE2/ADM/APOE/CD38/ACTA2/CBS/COMP/EDN1/CALCA/EGFR/FGA/DBH/ITGB1/LEP/NPPC/NOS1/NOS3/KEL/SERPINF2/TNF,20
3,GO:0097746,blood vessel diameter maintenance,20/1056,154/18986,0.12987012987012986,2.3349567099567095,4.03669963447629,3.534738118479792e-4,0.0021138718098333326,0.0013734933072417509,ACE2/ADM/APOE/CD38/ACTA2/CBS/COMP/EDN1/CALCA/EGFR/FGA/DBH/ITGB1/LEP/NPPC/NOS1/NOS3/KEL/SERPINF2/TNF,20
3,GO:0048710,regulation of astrocyte differentiation,8/1056,33/18986,0.24242424242424243,4.358585858585859,4.686207974507135,3.558826048255248e-4,0.002123350495226366,0.0013796521059391083,CNTN2/EPHA4/F2/IL6ST/IL6/LDLR/NOTCH1/TREM2,8
3,GO:0060351,cartilage development involved in endochondral bone morphogenesis,8/1056,33/18986,0.24242424242424243,4.358585858585859,4.686207974507135,3.558826048255248e-4,0.002123350495226366,0.0013796521059391083,CBS/COL1A1/COMP/GHR/NPPC/MMP13/STC1/TGFBR2,8
3,GO:0003018,vascular process in circulatory system,30/1056,276/18986,0.10869565217391304,1.9542572463768115,3.8755221991552524,3.5716567238807783e-4,0.0021260843431415025,0.001381428430216195,ACE2/ADM/AGER/APOE/CD38/ACTA2/CDH5/CBS/COMP/DDAH1/EDN1/CALCA/EGFR/FGA/CEACAM1/DBH/ITGB1/LEP/LRP1/LEPR/NPPC/OCLN/NOS1/PTP4A3/NOS3/KEL/SERPINF2/TNF/TEK/TFRC,30
3,GO:0032868,response to insulin,30/1056,276/18986,0.10869565217391304,1.9542572463768115,3.8755221991552524,3.5716567238807783e-4,0.0021260843431415025,0.001381428430216195,ADM/AHSG/ADIPOQ/BAIAP2/AGRP/BGLAP/COL1A1/CTSD/ECHDC3/CSRP3/FBP1/CEACAM1/GHR/GOT1/GCNT1/IGFBP1/IGF1R/INHBB/KHK/LEP/MSTN/PCSK9/MZB1/RARRES2/RETN/GAL/TNFRSF11A/TNFSF10/SORBS1/VGF,30
3,GO:0048863,stem cell differentiation,28/1056,251/18986,0.11155378486055777,2.005644090305445,3.892256323503443,3.638729840701626e-4,0.0021635123793329737,0.0014057473870105718,CDH2/BMP4/BGLAP/EDN1/EPCAM/FGFR2/FOLR1/FN1/ERBB4/ITGB1/KIT/KITLG/NOTCH1/NRP1/NRP2/PDGFRA/PTPRC/RET/FRZB/PTN/SEMA3F/SEMA7A/SFRP1/TGFBR2/LTBP3/SEMA4C/TACSTD2/YAP1,28
3,GO:0035150,regulation of tube size,20/1056,155/18986,0.12903225806451613,2.3198924731182795,4.004191364548308,3.8509085784391877e-4,0.002285724858196931,0.0014851552399372371,ACE2/ADM/APOE/CD38/ACTA2/CBS/COMP/EDN1/CALCA/EGFR/FGA/DBH/ITGB1/LEP/NPPC/NOS1/NOS3/KEL/SERPINF2/TNF,20
3,GO:0050890,cognition,34/1056,329/18986,0.1033434650455927,1.8580293819655522,3.810011777334475,3.853142389472615e-4,0.002285724858196931,0.0014851552399372371,AGER/B2M/APOE/CCL11/BCHE/BGLAP/CALB1/CHL1/CNTN2/CRHBP/CNTNAP2/EGFR/ADGRB3/DBH/GM2A/CLSTN2/ITGA5/ITGB1/KIT/KLK8/LDLR/LILRB2/MME/NTRK2/GIP/OXT/PTPRZ1/PTN/SERPINF1/TNF/TREM2/NPTX2/SCN2A/TNR,34
3,GO:0060349,bone morphogenesis,15/1056,100/18986,0.15,2.696875,4.12882973381215,4.0614509683616334e-4,0.0024065264071154273,0.0015636463377285807,ACP5/CBS/BMP4/COL1A1/COMP/FGFR2/GHR/NPPC/PHOSPHO1/SFRP4/MMP13/STC1/TGFBR2/LTBP3/TEK,15
3,GO:0006874,intracellular calcium ion homeostasis,32/1056,304/18986,0.10526315789473684,1.8925438596491226,3.8071657915351076,4.0946018393666733e-4,0.0024233837522313665,0.0015745994383787245,APOE/CCL11/CCL14/CCL23/CCL3/CCL7/CCL21/CCL15/CDH5/CALB1/CALB2/CXCL10/CX3CL1/EDN1/CALCA/CXCL9/CSRP3/F2/IMMT/CAPN3/FASLG/NPPC/PTPRC/KEL/STC1/STC2/THY1/HRC/PTH/SCGN/UMOD/XCL1,32
3,GO:0060350,endochondral bone morphogenesis,11/1056,60/18986,0.18333333333333332,3.2961805555555554,4.323140571558494,4.155959420556419e-4,0.0024568773868082956,0.0015963620082340086,CBS/BMP4/COL1A1/COMP/GHR/NPPC/PHOSPHO1/MMP13/STC1/TGFBR2/TEK,11
3,GO:0001911,negative regulation of leukocyte mediated cytotoxicity,7/1056,26/18986,0.2692307692307692,4.840544871794872,4.755623518881313,4.1736720124358216e-4,0.0024588890541836182,0.0015976690939634027,CEACAM1/HAVCR2/IL7R/KLRD1/LGALS9/LILRB1/PTPRC,7
3,GO:0051894,positive regulation of focal adhesion assembly,7/1056,26/18986,0.2692307692307692,4.840544871794872,4.755623518881313,4.1736720124358216e-4,0.0024588890541836182,0.0015976690939634027,KDR/MYOC/NRP1/HRG/SFRP1/THY1/TEK,7
3,GO:0098581,detection of external biotic stimulus,7/1056,26/18986,0.2692307692307692,4.840544871794872,4.755623518881313,4.1736720124358216e-4,0.0024588890541836182,0.0015976690939634027,CLEC6A/CLEC7A/LY96/PGLYRP1/LBP/SSC5D/TREM2,7
3,GO:0002281,macrophage activation involved in immune response,6/1056,19/18986,0.3157894736842105,5.677631578947368,4.9505175700193265,4.2314518496255616e-4,0.0024787652596386105,0.0016105837064005427,GRN/HAVCR2/LBP/TNF/TREM2/IFNG,6
3,GO:0010759,positive regulation of macrophage chemotaxis,6/1056,19/18986,0.3157894736842105,5.677631578947368,4.9505175700193265,4.2314518496255616e-4,0.0024787652596386105,0.0016105837064005427,CSF1/CSF1R/CXCL17/MSTN/RARRES2/SLAMF1,6
3,GO:0032310,prostaglandin secretion,6/1056,19/18986,0.3157894736842105,5.677631578947368,4.9505175700193265,4.2314518496255616e-4,0.0024787652596386105,0.0016105837064005427,EDN1/LEP/OXT/TNFRSF11A/PLA2G10/TNFSF11,6
3,GO:0071636,positive regulation of transforming growth factor beta production,6/1056,19/18986,0.3157894736842105,5.677631578947368,4.9505175700193265,4.2314518496255616e-4,0.0024787652596386105,0.0016105837064005427,CD200/CD46/CX3CL1/LGALS9/SERPINF2/XCL1,6
3,GO:2000811,negative regulation of anoikis,6/1056,19/18986,0.3157894736842105,5.677631578947368,4.9505175700193265,4.2314518496255616e-4,0.0024787652596386105,0.0016105837064005427,CEACAM5/CEACAM6/ITGA5/ITGB1/NOTCH1/NTRK2,6
3,GO:0015850,organic hydroxy compound transport,31/1056,292/18986,0.10616438356164383,1.9087471461187213,3.7977859334828032,4.3246692633119686e-4,0.0025304960331865153,0.0016441959012914373,APOA1/APOA4/ADIPOQ/APOC1/APOM/APOE/C1QTNF1/CES1/APOA2/CLU/FURIN/CHGA/CEACAM1/LCAT/LDLR/LILRB1/LRP1/MSR1/NPC2/NOS1/OXT/PCSK9/PLTP/GAL/SNCG/SPP1/SLC51B/SYT1/TREM2/PLA2G10/REN,31
3,GO:0055088,lipid homeostasis,22/1056,180/18986,0.12222222222222222,2.1974537037037036,3.9173635978076407,4.352273127330774e-4,0.0025437605409739388,0.0016528145472212107,APOA1/APOA4/ANGPTL4/APOM/APOE/ANGPTL3/CES1/APOA2/FABP3/FABP4/ENPP7/EPHX2/GOT1/LCAT/LDLR/ITGB6/LPL/NPC2/GIP/PCSK9/TREM2/PLA2G10,22
3,GO:0042987,amyloid precursor protein catabolic process,12/1056,70/18986,0.17142857142857143,3.0821428571428573,4.235376336222027,4.3958076268164e-4,0.002563392343465898,0.001665570358243604,AGER/ADAM9/APOE/EFNA1/EPHA4/CLU/IFNGR1/NTRK2/SPON1/TNF/GSAP/IFNG,12
3,GO:0048662,negative regulation of smooth muscle cell proliferation,12/1056,70/18986,0.17142857142857143,3.0821428571428573,4.235376336222027,4.3958076268164e-4,0.002563392343465898,0.001665570358243604,ACE2/ADIPOQ/APOD/APOE/ANG/BMP4/IL12B/OGN/IGFBP3/NOS3/TAFA5/IFNG,12
3,GO:0014032,neural crest cell development,13/1056,80/18986,0.1625,2.921614583333333,4.1798295094308155,4.420587926691166e-4,0.0025712449687900147,0.0016706726204890148,CDH2/BMP4/EDN1/FOLR1/FN1/ERBB4/KITLG/NRP1/NRP2/RET/SEMA3F/SEMA7A/SEMA4C,13
3,GO:0060390,regulation of SMAD protein signal transduction,13/1056,80/18986,0.1625,2.921614583333333,4.1798295094308155,4.420587926691166e-4,0.0025712449687900147,0.0016706726204890148,ACVRL1/BMP10/BMPER/CCN3/BMP4/CILP/ENG/GDF15/GDF2/KIAA0319/LRP1/TGFBR2/TGFBR3,13
3,GO:0030517,negative regulation of axon extension,8/1056,34/18986,0.23529411764705882,4.230392156862745,4.575244386950728,4.4292250868778525e-4,0.0025712449687900147,0.0016706726204890148,CDH1/DRAXIN/KIAA0319/NRP1/PTPRS/RTN4R/SEMA3F/TNR,8
3,GO:0046475,glycerophospholipid catabolic process,8/1056,34/18986,0.23529411764705882,4.230392156862745,4.575244386950728,4.4292250868778525e-4,0.0025712449687900147,0.0016706726204890148,APOC1/ENPP2/ENPP6/LDLR/PLA2G15/PLA2G10/PLA2G7/PLB1,8
3,GO:0001886,endothelial cell morphogenesis,5/1056,13/18986,0.38461538461538464,6.915064102564102,5.177382403939942,4.661344403275044e-4,0.0026788439686602954,0.0017405853301908337,CDH5/COL18A1/HEG1/MET/STC1,5
3,GO:0002664,regulation of T cell tolerance induction,5/1056,13/18986,0.38461538461538464,6.915064102564102,5.177382403939942,4.661344403275044e-4,0.0026788439686602954,0.0017405853301908337,IDO1/IL2RA/LILRB4/LILRB2/TGFBR2,5
3,GO:0010713,negative regulation of collagen metabolic process,5/1056,13/18986,0.38461538461538464,6.915064102564102,5.177382403939942,4.661344403275044e-4,0.0026788439686602954,0.0017405853301908337,CST3/IL6/NOTCH1/NPPC/IL6R,5
3,GO:0032823,regulation of natural killer cell differentiation,5/1056,13/18986,0.38461538461538464,6.915064102564102,5.177382403939942,4.661344403275044e-4,0.0026788439686602954,0.0017405853301908337,AXL/GAS6/IL15RA/PGLYRP1/IL15,5
3,GO:0034342,response to type III interferon,5/1056,13/18986,0.38461538461538464,6.915064102564102,5.177382403939942,4.661344403275044e-4,0.0026788439686602954,0.0017405853301908337,IFNGR1/IFNGR2/IL10RB/IFNLR1/IFNG,5
3,GO:0034380,high-density lipoprotein particle assembly,5/1056,13/18986,0.38461538461538464,6.915064102564102,5.177382403939942,4.661344403275044e-4,0.0026788439686602954,0.0017405853301908337,APOA1/APOM/APOE/APOA2/LCAT,5
3,GO:0061517,macrophage proliferation,5/1056,13/18986,0.38461538461538464,6.915064102564102,5.177382403939942,4.661344403275044e-4,0.0026788439686602954,0.0017405853301908337,CSF1/CX3CL1/CSF1R/CLU/TREM2,5
3,GO:0070278,extracellular matrix constituent secretion,5/1056,13/18986,0.38461538461538464,6.915064102564102,5.177382403939942,4.661344403275044e-4,0.0026788439686602954,0.0017405853301908337,ENG/CPB2/NOTCH1/TNFRSF1A/TNFRSF1B,5
3,GO:0075509,endocytosis involved in viral entry into host cell,5/1056,13/18986,0.38461538461538464,6.915064102564102,5.177382403939942,4.661344403275044e-4,0.0026788439686602954,0.0017405853301908337,ACE2/CTSL/DPP4/CLEC4M/SIGLEC1,5
3,GO:0045859,regulation of protein kinase activity,41/1056,427/18986,0.09601873536299765,1.7263368462138953,3.6840188412734496,4.7969700599209117e-4,0.0027537172225937973,0.0017892344075335063,ADIPOQ/ADAM9/APOE/CCN1/CD300A/CD4/CHI3L1/CSF1R/EDN1/CALCA/EFNA1/EGFR/EPHA1/EPHA4/ERBB2/EPO/GAS6/CEACAM1/GCG/GHR/ARHGEF5/CLSPN/ERN1/HEG1/FLT1/LEP/LILRA5/LILRB4/NTRK3/PILRB/PTPRC/ROBO1/SMPD1/THY1/TNFRSF10A/TNFRSF10B/TNFRSF11A/TNF/IFNG/NTF3/TNFSF11,41
3,GO:0043113,receptor clustering,11/1056,61/18986,0.18032786885245902,3.24214480874317,4.256550071266263,4.819280067236438e-4,0.0027603765274004264,0.0017935613068943096,AGRN/APOE/CDH2/CHRDL1/GSN/ITGB2/ITGB7/PIGR/ITGAL/PTN/THY1,11
3,GO:0070228,regulation of lymphocyte apoptotic process,11/1056,61/18986,0.18032786885245902,3.24214480874317,4.256550071266263,4.819280067236438e-4,0.0027603765274004264,0.0017935613068943096,ADAM8/CD27/CD274/CD74/BMP4/EFNA1/IDO1/IL7R/LGALS3/LGALS9/PDCD1,11
3,GO:0046683,response to organophosphorus,18/1056,135/18986,0.13333333333333333,2.397222222222222,3.9537780577444352,4.970834116089167e-4,0.00284402329283459,0.0018479109944968433,ADIPOQ/ASS1/BSG/AREG/COL1A1/CRHBP/FBP1/GPD1/INHBB/NT5E/PENK/OXT/SDC1/STC1/THBD/TEK/REN/VGF,18
3,GO:0003197,endocardial cushion development,10/1056,52/18986,0.19230769230769232,3.457532051282051,4.306523199395674,5.068821423432607e-4,0.00288937717277811,0.0018773797873867877,ACVRL1/BMP4/CRELD1/ENG/ERBB3/NOTCH1/NOS3/ROBO1/ROBO2/TGFBR2,10
3,GO:0032924,activin receptor signaling pathway,10/1056,52/18986,0.19230769230769232,3.457532051282051,4.306523199395674,5.068821423432607e-4,0.00288937717277811,0.0018773797873867877,ACVRL1/BMP10/FSTL3/FST/HJV/GDF2/INHBB/NOMO1/TGFBR2/WIF1,10
3,GO:0036230,granulocyte activation,10/1056,52/18986,0.19230769230769232,3.457532051282051,4.306523199395674,5.068821423432607e-4,0.00288937717277811,0.0018773797873867877,CCL3/CD300A/GRN/FCAR/ITGAM/ITGB2/LILRA2/PRG3/TNF/IL15,10
3,GO:0043534,blood vessel endothelial cell migration,22/1056,182/18986,0.12087912087912088,2.173305860805861,3.859836670404217,5.07252442553674e-4,0.00288937717277811,0.0018773797873867877,ACVRL1/APOA1/ANGPT2/APOE/CDH5/CLEC14A/EFNA1/EPHA2/EPHB4/GDF2/FGFBP1/ITGB1/KDR/NOTCH1/NRP1/PLG/PRCP/NOS3/ROBO1/HRG/TGFBR3/TNF,22
3,GO:0045637,regulation of myeloid cell differentiation,25/1056,219/18986,0.1141552511415525,2.0524162861491626,3.801537734078684,5.218060003199396e-4,0.002968995509546676,0.0019291119937470058,ADIPOQ/APCS/B2M/CCL3/CD4/CD74/BGLAP/CSF1/DLL1/CALCA/FSTL3/CEACAM1/IL12B/CSF3R/LILRB1/LILRB4/KITLG/NOTCH2/SFRP1/TNFRSF11A/TNF/TNFRSF11B/TREM2/IFNG/TNFSF11,25
3,GO:0010875,positive regulation of cholesterol efflux,7/1056,27/18986,0.25925925925925924,4.661265432098765,4.620111949989007,5.366247395305002e-4,0.003034777501012508,0.0019718540013725664,APOA1/ADIPOQ/APOE/CES1/LRP1/PLTP/TREM2,7
3,GO:0034377,plasma lipoprotein particle assembly,7/1056,27/18986,0.25925925925925924,4.661265432098765,4.620111949989007,5.366247395305002e-4,0.003034777501012508,0.0019718540013725664,APOA1/APOA4/APOC1/APOM/APOE/APOA2/LCAT,7
3,GO:0035313,"wound healing, spreading of epidermal cells",7/1056,27/18986,0.25925925925925924,4.661265432098765,4.620111949989007,5.366247395305002e-4,0.003034777501012508,0.0019718540013725664,ACVRL1/COL5A1/ITGA5/ITGAV/ITGB1/MMP12/LRG1,7
3,GO:0045662,negative regulation of myoblast differentiation,7/1056,27/18986,0.25925925925925924,4.661265432098765,4.620111949989007,5.366247395305002e-4,0.003034777501012508,0.0019718540013725664,BMP4/CXCL10/DLL1/CSRP3/MSTN/NOTCH1/TNF,7
3,GO:0071624,positive regulation of granulocyte chemotaxis,7/1056,27/18986,0.25925925925925924,4.661265432098765,4.620111949989007,5.366247395305002e-4,0.003034777501012508,0.0019718540013725664,CCL21/CD74/EDN1/LBP/S100A14/THBS4/XCL1,7
3,GO:0016125,sterol metabolic process,20/1056,159/18986,0.12578616352201258,2.261530398322851,3.8766164634861977,5.374882363577924e-4,0.003034777501012508,0.0019718540013725664,APOA1/APOA4/APOC1/APOF/APOE/ANGPTL3/CES1/APOA2/APOL1/EPHX2/LCAT/LDLR/LEP/IDI2/MVK/NPC2/LEPR/PCSK9/SMPD1/SULT2A1,20
3,GO:1902652,secondary alcohol metabolic process,20/1056,159/18986,0.12578616352201258,2.261530398322851,3.8766164634861977,5.374882363577924e-4,0.003034777501012508,0.0019718540013725664,APOA1/APOA4/APOC1/APOF/APOE/ANGPTL3/CES1/APOA2/APOL1/EPHX2/LCAT/LDLR/LEP/IDI2/MVK/NPC2/LEPR/PCSK9/SMPD1/SULT2A1,20
3,GO:2000406,positive regulation of T cell migration,8/1056,35/18986,0.22857142857142856,4.109523809523809,4.468471146306853,5.464673762625878e-4,0.0030820999175422757,0.00200260185565767,ADAM8/CCL21/CD99L2/CXCL10/CXCL13/CCL20/TNFRSF14/XCL1,8
3,GO:0003179,heart valve morphogenesis,11/1056,62/18986,0.1774193548387097,3.1898521505376345,4.191324482923756,5.568854561935321e-4,0.0031340005749756093,0.0020363244330128924,CCN1/BMP4/EFNA1/ELN/NOTCH1/NOTCH2/NOS3/ROBO1/ROBO2/TGFBR2/TIE1,11
3,GO:0045620,negative regulation of lymphocyte differentiation,11/1056,62/18986,0.1774193548387097,3.1898521505376345,4.191324482923756,5.568854561935321e-4,0.0031340005749756093,0.0020363244330128924,CD74/BMP4/CR1/ERBB2/IL4R/LGALS1/LAG3/LILRB4/PGLYRP1/CLEC4G/SFRP1,11
3,GO:0003151,outflow tract morphogenesis,13/1056,82/18986,0.15853658536585366,2.850355691056911,4.0750449830248,5.647419206631781e-4,0.0031747487470214645,0.0020628006560870493,BMP4/EDN1/ENG/ELN/FGFR2/FOLR1/NOTCH1/NRP1/NRP2/ROBO1/ROBO2/TGFBR2/TGFBR3,13
3,GO:0014812,muscle cell migration,16/1056,114/18986,0.14035087719298245,2.523391812865497,3.9591521686203586,5.659074412748768e-4,0.0031778353592287474,0.0020648061898138497,ADIPOQ/CCN3/CCN4/BMP4/DDR1/ITGA2/LRP1/MEGF10/MSTN/NRP1/PLAU/PLAT/IGFBP3/TAFA5/THBS4/POSTN,16
3,GO:0055123,digestive system development,19/1056,148/18986,0.12837837837837837,2.308136261261261,3.8771585475493935,5.680111436646149e-4,0.0031861778515681065,0.002070226744334007,ASS1/CLMP/EGFR/FGFR2/AGR2/IL6ST/KIT/NOTCH1/PDGFRA/GIP/PKD1/NPY/RARRES2/RET/PYY/SFRP1/TNF/SCT/YAP1,19
3,GO:0048002,antigen processing and presentation of peptide antigen,12/1056,72/18986,0.16666666666666666,2.9965277777777777,4.119049659351462,5.731682214738795e-4,0.003211611067062879,0.0020867520374483806,B2M/CD74/CD209/CTSD/CTSL/CTSF/CTSS/CTSE/CLEC4M/IFI30/ULBP2/TREM2,12
3,GO:0003184,pulmonary valve morphogenesis,6/1056,20/18986,0.3,5.39375,4.77100181901324,5.76220891569289e-4,0.0032182217725240355,0.0020910473592672383,BMP4/NOTCH1/NOTCH2/NOS3/ROBO1/ROBO2,6
3,GO:0043171,peptide catabolic process,6/1056,20/18986,0.3,5.39375,4.77100181901324,5.76220891569289e-4,0.0032182217725240355,0.0020910473592672383,ANPEP/CPQ/CPA4/MME/ADAMTS13/LTA4H,6
3,GO:0072376,protein activation cascade,6/1056,20/18986,0.3,5.39375,4.77100181901324,5.76220891569289e-4,0.0032182217725240355,0.0020910473592672383,F13B/FGA/F12/KLKB1/PRCP/THBD,6
3,GO:0043303,mast cell degranulation,10/1056,53/18986,0.18867924528301888,3.392295597484277,4.2324337948559405,5.940696137526475e-4,0.003311419219460364,0.0021516026252126966,ADGRE2/CD300A/CHGA/IL4R/KIT/LGALS9/GRP/PTGDS/MILR1/S100A13,10
3,GO:0048565,digestive tract development,18/1056,137/18986,0.13138686131386862,2.362226277372263,3.883403297000282,5.941925854511807e-4,0.003311419219460364,0.0021516026252126966,ASS1/CLMP/EGFR/FGFR2/AGR2/IL6ST/KIT/NOTCH1/PDGFRA/PKD1/NPY/RARRES2/RET/PYY/SFRP1/TNF/SCT/YAP1,18
3,GO:0042119,neutrophil activation,9/1056,44/18986,0.20454545454545456,3.677556818181819,4.315183142934182,5.979355763952879e-4,0.0033286802336044375,0.002162818010787548,CD300A/GRN/FCAR/ITGAM/ITGB2/LILRA2/PRG3/TNF/IL15,9
3,GO:0008347,glial cell migration,11/1056,63/18986,0.1746031746031746,3.1392195767195763,4.127411400418238,6.413225800152044e-4,0.0035663623516487366,0.002317252540292262,CCL3/ADGRG1/CSF1/CSPG4/CX3CL1/EPHA4/MATN2/LAMB1/PTPRB/TREM2/VCAN,11
3,GO:0061035,regulation of cartilage development,12/1056,73/18986,0.1643835616438356,2.9554794520547945,4.0623897770477955,6.518056041086896e-4,0.003620752035754628,0.0023525923687316816,ACVRL1/BMP10/CCN1/CCN4/BMP4/EFEMP1/GDF2/LEP/FRZB/LTBP3/PTH/WNT9A,12
3,GO:0033687,osteoblast proliferation,8/1056,36/18986,0.2222222222222222,3.9953703703703707,4.365603488404293,6.687408555111583e-4,0.0037108278903767713,0.0024111193725415052,ATRAID/CCN1/CTHRC1/FGFR2/IGF1R/ITGAV/SFRP1/NELL1,8
3,GO:0003416,endochondral bone growth,7/1056,28/18986,0.25,4.494791666666667,4.491083841401754,6.814720611679314e-4,0.0037733495975517577,0.0024517430025850617,COMP/ECM1/FGFR2/NPPC/MMP13/STC1/TGFBR2,7
3,GO:0006027,glycosaminoglycan catabolic process,7/1056,28/18986,0.25,4.494791666666667,4.491083841401754,6.814720611679314e-4,0.0037733495975517577,0.0024517430025850617,GUSB/HYAL1/IDUA/PGLYRP1/LYVE1/SGSH/STAB2,7
3,GO:0003007,heart morphogenesis,29/1056,274/18986,0.10583941605839416,1.9029045012165449,3.653457925024599,6.850109127499518e-4,0.0037888747373669546,0.002461830499627679,ACVRL1/ADAM15/BMP10/CCN1/BMP4/COL5A1/DLL1/EDN1/EFNA1/ENG/ELN/EPHB4/FGFR2/FLRT2/FOLR1/HEG1/MYL3/NOTCH1/NRP1/NRP2/NOTCH2/CPE/NOS3/ROBO1/ROBO2/TGFBR2/TGFBR3/TEK/YAP1,29
3,GO:0008593,regulation of Notch signaling pathway,15/1056,105/18986,0.14285714285714285,2.568452380952381,3.911115183973377,6.889797100887653e-4,0.0038067421280895872,0.0024734398798470707,ACVRL1/CCN3/CD46/DLK1/DLL1/EGFL7/GDF2/IL6ST/KIT/NOTCH1/NOS3/ROBO1/ROBO2/POSTN/YAP1,15
3,GO:0032308,positive regulation of prostaglandin secretion,5/1056,14/18986,0.35714285714285715,6.4211309523809526,4.924299657357976,6.920109288410577e-4,0.003807167916943066,0.0024737165371816502,EDN1/OXT/TNFRSF11A/PLA2G10/TNFSF11,5
3,GO:0033700,phospholipid efflux,5/1056,14/18986,0.35714285714285715,6.4211309523809526,4.924299657357976,6.920109288410577e-4,0.003807167916943066,0.0024737165371816502,APOA1/APOA4/APOC1/APOE/APOA2,5
3,GO:0070593,dendrite self-avoidance,5/1056,14/18986,0.35714285714285715,6.4211309523809526,4.924299657357976,6.920109288410577e-4,0.003807167916943066,0.0024737165371816502,CNTN4/CNTN2/IGSF9/DSCAM/ROBO4,5
3,GO:0072683,T cell extravasation,5/1056,14/18986,0.35714285714285715,6.4211309523809526,4.924299657357976,6.920109288410577e-4,0.003807167916943066,0.0024737165371816502,CD99/CD99L2/ICAM1/ITGAL/XG,5
3,GO:0048286,lung alveolus development,10/1056,54/18986,0.18518518518518517,3.329475308641975,4.160100845683356,6.932887284757227e-4,0.003810131551484382,0.0024756421658733586,BMP4/FGFR2/FLT4/KDR/ITGB6/MMP12/MAN1A2/LTBP3/HS6ST1/SFTPD,10
3,GO:0030183,B cell differentiation,18/1056,139/18986,0.12949640287769784,2.3282374100719423,3.8142495878061355,7.07204781473339e-4,0.0038824714041480963,0.0025226451596302504,CD27/CD79B/CDH17/CR1/CR2/DLL1/ITGB1/KIT/IL6/LGALS1/NOTCH2/PTPRC/SFRP1/SLAMF8/VCAM1/FCRL3/ITM2A/TNFSF13B,18
3,GO:0035023,regulation of Rho protein signal transduction,13/1056,84/18986,0.15476190476190477,2.7824900793650795,3.973379072856762,7.150168385093189e-4,0.003921182768633552,0.0025477979620791187,APOA1/APOE/ADGRG1/ERBB2/EPS8L2/HEG1/ITGB1/MYOC/MET/NRP1/ROBO1/RTN4R/TEK,13
3,GO:0071774,response to fibroblast growth factor,17/1056,128/18986,0.1328125,2.3878580729166665,3.8233965165600523,7.364615690853436e-4,0.00403449456815616,0.002621422577134698,COL1A1/FGF21/FGFR2/FLRT2/GPC1/CXCL13/FGF23/HYAL1/FGFBP1/ITGB1/SFRP1/SMOC2/GALNT3/TNC/POSTN/PTH/SCGB1A1,17
3,GO:0030514,negative regulation of BMP signaling pathway,12/1056,74/18986,0.16216216216216217,2.9155405405405403,4.006688625785889,7.392838461541897e-4,0.004041366094299945,0.0026258873678212105,BAMBI/BMPER/CHRDL1/CHRDL2/CRIM1/FSTL3/HJV/NBL1/NOTCH1/SFRP1/VWC2/SOST,12
3,GO:0071260,cellular response to mechanical stimulus,12/1056,74/18986,0.16216216216216217,2.9155405405405403,4.006688625785889,7.392838461541897e-4,0.004041366094299945,0.0026258873678212105,BAG3/COL1A1/EGFR/ENG/FAS/IGF1R/ITGA2/LTBR/TNFRSF10A/TNFRSF10B/TNFRSF1A/TNFRSF8,12
3,GO:0030502,negative regulation of bone mineralization,6/1056,21/18986,0.2857142857142857,5.136904761904762,4.603157785687464,7.690223509925549e-4,0.004195037269171027,0.0027257355843590195,AHSG/CCL3/ECM1/FGF23/LTBP3/PTH,6
3,GO:0090713,immunological memory process,6/1056,21/18986,0.2857142857142857,5.136904761904762,4.603157785687464,7.690223509925549e-4,0.004195037269171027,0.0027257355843590195,CD160/CD27/CD46/IL12B/IL12RB1/TNFRSF14,6
3,GO:0050806,positive regulation of synaptic transmission,21/1056,176/18986,0.11931818181818182,2.145241477272727,3.7042997276053833,7.982642596904634e-4,0.004349949533514101,0.002826390201774846,AGER/APOE/BGLAP/CALB1/CALB2/EGFR/EPHA4/CLSTN3/CLSTN2/GFAP/LILRB2/MME/NTRK2/GIP/OXT/RETN/PTN/TNF/SYT1/SCGN/TNR,21
3,GO:0002437,inflammatory response to antigenic stimulus,13/1056,85/18986,0.15294117647058825,2.7497549019607845,3.9236603491884696,8.019532503579126e-4,0.004365437175918732,0.002836453334784503,C3/CD28/FURIN/IL12B/IL1RN/IL2RA/FCGR3B/LTA/NOTCH1/NOTCH2/IL5RA/TNF/TREM2,13
3,GO:0002052,positive regulation of neuroblast proliferation,8/1056,37/18986,0.21621621621621623,3.887387387387388,4.26638343316539,8.12134238676084e-4,0.004411540569415398,0.002866409125913482,ACAN/BCAN/CDON/CX3CL1/ITGB1/NCAN/NOTCH1/VCAN,8
3,GO:0071676,negative regulation of mononuclear cell migration,8/1056,37/18986,0.21621621621621623,3.887387387387388,4.26638343316539,8.12134238676084e-4,0.004411540569415398,0.002866409125913482,APOD/CCN3/CD200/C5/CD200R1/NBL1/SLAMF8/KLRK1,8
3,GO:0007044,cell-substrate junction assembly,14/1056,96/18986,0.14583333333333334,2.621961805555556,3.866405284496945,8.34155159267234e-4,0.004526389311602728,0.0029410323731726743,ACVRL1/APOD/ACTN2/FN1/ITGA5/ITGA2/KDR/MYOC/NRP1/HRG/SFRP1/THY1/TEK/SORBS1,14
3,GO:0071496,cellular response to external stimulus,12/1056,75/18986,0.16,2.876666666666667,3.9519154058511026,8.363638314296073e-4,0.004533602051545347,0.0029457188683480106,BAG3/COL1A1/EGFR/ENG/FAS/IGF1R/ITGA2/LTBR/TNFRSF10A/TNFRSF10B/TNFRSF1A/TNFRSF8,12
3,GO:0043300,regulation of leukocyte degranulation,9/1056,46/18986,0.1956521739130435,3.5176630434782608,4.148906508511049,8.409797054141839e-4,0.004542051333568175,0.0029512088097225853,ADGRE2/CD160/CD300A/CEACAM1/ITGAM/ITGB2/IL4R/LGALS9/LAMP1,9
3,GO:0045601,regulation of endothelial cell differentiation,9/1056,46/18986,0.1956521739130435,3.5176630434782608,4.148906508511049,8.409797054141839e-4,0.004542051333568175,0.0029512088097225853,ACVRL1/CDH5/BMP4/CEACAM1/GDF2/NOTCH1/PROC/TNF/TNFRSF1A,9
3,GO:0060443,mammary gland morphogenesis,9/1056,46/18986,0.1956521739130435,3.5176630434782608,4.148906508511049,8.409797054141839e-4,0.004542051333568175,0.0029512088097225853,CCL11/BMP4/AREG/CSF1/DDR1/CSF1R/EPHA2/FGFR2/TGFBR2,9
3,GO:0002377,immunoglobulin production,15/1056,107/18986,0.14018691588785046,2.5204439252336446,3.8275415900058216,8.417633967854704e-4,0.004542051333568175,0.0029512088097225853,CD22/CD28/CD86/CR1/IL13RA1/IL4R/IL6/MZB1/PTPRC/TNF/TNFRSF4/TNFSF13/FCRL3/TFRC/XCL1,15
3,GO:1903078,positive regulation of protein localization to plasma membrane,11/1056,65/18986,0.16923076923076924,3.042628205128205,4.003327086278208,8.423280455656983e-4,0.004542051333568175,0.0029512088097225853,DPP10/EGFR/EPHA2/AGR2/ITGB1/LGALS3/LRP1/TNF/TREM2/IFNG/SORBS1,11
3,GO:0001773,myeloid dendritic cell activation,7/1056,29/18986,0.2413793103448276,4.339798850574713,4.367989843505605,8.556225256629665e-4,0.004594514708117284,0.002985297013881096,CLEC4D/HAVCR2/ITGB6/LTBR/NOTCH2/SLAMF1/TGFBR2,7
3,GO:0060142,regulation of syncytium formation by plasma membrane fusion,7/1056,29/18986,0.2413793103448276,4.339798850574713,4.367989843505605,8.556225256629665e-4,0.004594514708117284,0.002985297013881096,ADAM9/CXCL10/CXCL9/GDF15/IL4R/TREM2/SCGB3A1,7
3,GO:0060384,innervation,7/1056,29/18986,0.2413793103448276,4.339798850574713,4.367989843505605,8.556225256629665e-4,0.004594514708117284,0.002985297013881096,EDN1/EPHA4/NRP1/RET/SLITRK6/VCAM1/LRIG1,7
3,GO:0090594,inflammatory response to wounding,7/1056,29/18986,0.2413793103448276,4.339798850574713,4.367989843505605,8.556225256629665e-4,0.004594514708117284,0.002985297013881096,AGER/GRN/IL6/REG3A/SIGLEC10/TIMP1/TNF,7
3,GO:2001235,positive regulation of apoptotic signaling pathway,19/1056,153/18986,0.12418300653594772,2.23270697167756,3.7152918034252482,8.568028978502931e-4,0.004596065492630864,0.0029863046398593924,CTSL/CTSS/CTSC/CLU/FAS/IL19/INHBB/LTBR/FASLG/LTA/PTPRC/RET/SFRP1/TNFRSF12A/TNF/TNFSF10/SRPX/TNFSF11/VNN1,19
3,GO:1902905,positive regulation of supramolecular fiber organization,21/1056,177/18986,0.11864406779661017,2.1331214689265536,3.675592554232999,8.5942455709972e-4,0.004605336374063468,0.0029923284174322236,APOA1/BAIAP2/BMP10/APOE/ACTN2/CCL11/CCL21/CX3CL1/EDN1/EPHA1/CLU/ARHGEF5/GSN/MYOC/LMOD1/MET/NRP1/OCLN/SERPINF2/SFRP1/TNXB,21
3,GO:0033555,multicellular organismal response to stress,14/1056,97/18986,0.14432989690721648,2.594931271477663,3.8218221412912055,9.259763977311524e-4,0.004951668392431629,0.003217358481743314,APOE/CALCA/DPP4/DBH/IDO1/KIAA0319/LRP11/GRP/NOS1/PENK/RET/THBS4/UMOD/VWA1,14
3,GO:0060395,SMAD protein signal transduction,14/1056,97/18986,0.14432989690721648,2.594931271477663,3.8218221412912055,9.259763977311524e-4,0.004951668392431629,0.003217358481743314,ACVRL1/BMP10/BMPER/CCN3/BMP4/CILP/ENG/GDF15/GDF2/KIAA0319/LRP1/TGFBR2/TGFBR3/SMAD5,14
3,GO:0002279,mast cell activation involved in immune response,10/1056,56/18986,0.17857142857142858,3.2105654761904763,4.020399447771648,9.328347758029565e-4,0.004972867910304282,0.003231132919615749,ADGRE2/CD300A/CHGA/IL4R/KIT/LGALS9/GRP/PTGDS/MILR1/S100A13,10
3,GO:0034205,amyloid-beta formation,10/1056,56/18986,0.17857142857142858,3.2105654761904763,4.020399447771648,9.328347758029565e-4,0.004972867910304282,0.003231132919615749,APOE/EFNA1/EPHA4/CLU/IFNGR1/NTRK2/SPON1/TNF/GSAP/IFNG,10
3,GO:0046638,positive regulation of alpha-beta T cell differentiation,10/1056,56/18986,0.17857142857142858,3.2105654761904763,4.020399447771648,9.328347758029565e-4,0.004972867910304282,0.003231132919615749,CD80/CD83/CD86/IL12B/IL12RB1/IL4R/LGALS9/LILRB4/TGFBR2/IFNG,10
3,GO:0045661,regulation of myoblast differentiation,12/1056,76/18986,0.15789473684210525,2.838815789473684,3.8980407153952075,9.438488990396336e-4,0.005026385407592263,0.003265906042566457,BOC/BMP4/CXCL10/DLL1/CXCL9/CSRP3/KLHL41/CAPN3/MSTN/NOTCH1/IGFBP3/TNF,12
3,GO:0001885,endothelial cell development,11/1056,66/18986,0.16666666666666666,2.9965277777777777,3.9430644316804266,9.608824787669597e-4,0.005101286486141789,0.003314573199020506,CDH5/COL18A1/HEG1/ICAM1/MET/PROC/PTPRS/ROBO4/STC1/TNF/TNFRSF1A,11
3,GO:0051341,regulation of oxidoreductase activity,11/1056,66/18986,0.16666666666666666,2.9965277777777777,3.9430644316804266,9.608824787669597e-4,0.005101286486141789,0.003314573199020506,CDH3/EDN1/ENG/FCER2/GLA/GZMA/FGF23/LEP/TNF/SLAMF8/IFNG,11
3,GO:1901224,positive regulation of non-canonical NF-kappaB signal transduction,11/1056,66/18986,0.16666666666666666,2.9965277777777777,3.9430644316804266,9.608824787669597e-4,0.005101286486141789,0.003314573199020506,AGER/CD27/CD86/EDN1/HAVCR2/IL12B/IL18R1/LGALS9/PTP4A3/TNF/TREM2,11
3,GO:0043523,regulation of neuron apoptotic process,27/1056,254/18986,0.1062992125984252,1.91117125984252,3.5479044207644854,9.65560590778769e-4,0.005120848606445014,0.003327283733872691,ADAM8/AXL/CCL3/CHL1/CRLF1/CX3CL1/DRAXIN/EPHA4/ERBB3/CLU/GRN/HYOU1/IL6ST/KDR/FASLG/NRP1/NTRK2/NPPC/PCSK9/NEFL/PTPRZ1/TNF/TYRO3/TREM2/VEGFB/NTF3/VSTM2L,27
3,GO:0002335,mature B cell differentiation,8/1056,38/18986,0.21052631578947367,3.7850877192982453,4.170576613816977,9.792050484379127e-4,0.005171928303993279,0.0033604728905623797,CDH17/CR1/DLL1/IL6/LGALS1/NOTCH2/SLAMF8/ITM2A,8
3,GO:0043372,"positive regulation of CD4-positive, alpha-beta T cell differentiation",8/1056,38/18986,0.21052631578947367,3.7850877192982453,4.170576613816977,9.792050484379127e-4,0.005171928303993279,0.0033604728905623797,CD80/CD83/CD86/IL12B/IL12RB1/IL4R/LGALS9/IFNG,8
3,GO:0045589,regulation of regulatory T cell differentiation,8/1056,38/18986,0.21052631578947367,3.7850877192982453,4.170576613816977,9.792050484379127e-4,0.005171928303993279,0.0033604728905623797,CD28/CD46/CR1/LAG3/LGALS9/LILRB4/LILRB2/IFNG,8
3,GO:0055023,positive regulation of cardiac muscle tissue growth,8/1056,38/18986,0.21052631578947367,3.7850877192982453,4.170576613816977,9.792050484379127e-4,0.005171928303993279,0.0033604728905623797,BMP10/EDN1/FGFR2/CDK1/ERBB4/NOTCH1/TGFBR3/YAP1,8
3,GO:1900271,regulation of long-term synaptic potentiation,9/1056,47/18986,0.19148936170212766,3.44281914893617,4.069198143759387,9.8958831761451e-4,0.005200774750158103,0.0033792159385375633,AGER/APOE/CALB1/CALB2/EPHA4/LILRB2/MME/PTN/SCGN,9
3,GO:0002517,T cell tolerance induction,5/1056,15/18986,0.3333333333333333,5.993055555555555,4.694766866296027,9.907198457139198e-4,0.005200774750158103,0.0033792159385375633,IDO1/IL2RA/LILRB4/LILRB2/TGFBR2,5
3,GO:0032306,regulation of prostaglandin secretion,5/1056,15/18986,0.3333333333333333,5.993055555555555,4.694766866296027,9.907198457139198e-4,0.005200774750158103,0.0033792159385375633,EDN1/OXT/TNFRSF11A/PLA2G10/TNFSF11,5
3,GO:0046007,negative regulation of activated T cell proliferation,5/1056,15/18986,0.3333333333333333,5.993055555555555,4.694766866296027,9.907198457139198e-4,0.005200774750158103,0.0033792159385375633,CD274/CRTAM/LGALS9/LILRB4/PDCD1LG2,5
3,GO:0060456,positive regulation of digestive system process,5/1056,15/18986,0.3333333333333333,5.993055555555555,4.694766866296027,9.907198457139198e-4,0.005200774750158103,0.0033792159385375633,ENPP7/OXT/PRAP1/SPINK1/SCT,5
3,GO:0070234,positive regulation of T cell apoptotic process,5/1056,15/18986,0.3333333333333333,5.993055555555555,4.694766866296027,9.907198457139198e-4,0.005200774750158103,0.0033792159385375633,ADAM8/CD274/IDO1/LGALS9/PDCD1,5
3,GO:0051402,neuron apoptotic process,31/1056,307/18986,0.10097719869706841,1.8154858849077091,3.495875359345579,0.0010006250637816059,0.005247428488091737,0.0034095293172919316,ADAM8/AXL/CCL3/CHL1/COL6A3/CRLF1/CX3CL1/DRAXIN/EPHA4/ERBB3/CLU/FAS/GRN/HYOU1/IL6ST/KDR/FASLG/NRP1/NTRK2/NPPC/PCSK9/NEFL/PTPRZ1/TNF/TNFRSF21/TYRO3/TREM2/VEGFB/NTF3/SCN2A/VSTM2L,31
3,GO:0044241,lipid digestion,6/1056,22/18986,0.2727272727272727,4.903409090909091,4.4456733709445295,0.0010080640101572116,0.005281067045081734,0.0034313860508346674,APOA1/APOA4/APOA2/ENPP7/LDLR/LEP,6
3,GO:0090100,positive regulation of transmembrane receptor protein serine/threonine kinase signaling pathway,15/1056,109/18986,0.13761467889908258,2.474197247706422,3.7458421494022134,0.0010223117659367241,0.005350271221729759,0.003476351631536902,ACVRL1/BMP10/BMPER/CCN1/CDH5/BMP4/ENG/GDF2/KIAA0319/KDR/NOTCH1/LRG1/NOTCH2/TGFBR2/TGFBR3,15
3,GO:0062012,regulation of small molecule metabolic process,34/1056,348/18986,0.09770114942528736,1.7565852490421456,3.4569647650266644,0.0010432309061258766,0.005454214321581028,0.003543888911383089,ADM/APOA1/APOA4/ADIPOQ/APOC1/APOE/C1QTNF1/CD244/CD74/CES1/BGLAP/DKK3/FABP1/FABP3/FBP1/GDF15/CEACAM1/GCG/EPHX2/GPD1/IGFBP4/KIT/LDLR/LEP/LEPR/GIP/IGFBP3/NOS3/TNF/TFF3/TREM2/IFNG/PTH/SORBS1,34
3,GO:0006801,superoxide metabolic process,12/1056,77/18986,0.15584415584415584,2.801948051948052,3.8450364692979706,0.0010625853791779254,0.0055298057631693424,0.003593004632886794,ACP5/APOA4/CBS/CLEC7A/EDN1/EGFR/ITGAM/ITGB2/MB/PON3/NOS3/PRG3,12
3,GO:0046425,regulation of receptor signaling pathway via JAK-STAT,12/1056,77/18986,0.15584415584415584,2.801948051948052,3.8450364692979706,0.0010625853791779254,0.0055298057631693424,0.003593004632886794,GHR/CSH1/IL10RB/F2/ERBB4/IL7R/KIT/IL6/LEP/NOTCH1/PTPRC/IFNG,12
3,GO:0046470,phosphatidylcholine metabolic process,12/1056,77/18986,0.15584415584415584,2.801948051948052,3.8450364692979706,0.0010625853791779254,0.0055298057631693424,0.003593004632886794,APOA1/APOA4/APOC1/APOA2/FABP3/ENPP2/LCAT/LDLR/PLA2G15/PLA2G10/PLA2G7/PLB1,12
3,GO:0010955,negative regulation of protein processing,7/1056,30/18986,0.23333333333333334,4.195138888888889,4.250344515150183,0.0010630528634919144,0.0055298057631693424,0.003593004632886794,CTSZ/CPB2/FURIN/IL1R2/PLAU/PLAT/SERPINF2,7
3,GO:0065005,protein-lipid complex assembly,7/1056,30/18986,0.23333333333333334,4.195138888888889,4.250344515150183,0.0010630528634919144,0.0055298057631693424,0.003593004632886794,APOA1/APOA4/APOC1/APOM/APOE/APOA2/LCAT,7
3,GO:0001101,response to acid chemical,18/1056,144/18986,0.125,2.2473958333333335,3.6464406592788503,0.001073353236493866,0.005577757998110765,0.003624161713204034,BAIAP2/ASS1/COL1A1/COL18A1/EDN1/EGFR/COL4A1/F7/FGF21/IGF1R/KRT8/LRP11/NTRK2/PDGFRA/GIP/TNF/MMP3/UMOD,18
3,GO:0002762,negative regulation of myeloid leukocyte differentiation,10/1056,57/18986,0.17543859649122806,3.1542397660818713,3.9528901516934183,0.001075861696154016,0.005585163185975783,0.0036289732518811463,ADIPOQ/APCS/CCL3/CALCA/FSTL3/CEACAM1/LILRB1/LILRB4/SFRP1/TNFRSF11B,10
3,GO:0032715,negative regulation of interleukin-6 production,11/1056,67/18986,0.16417910447761194,2.9518034825870645,3.8839310942112064,0.0010928899845895831,0.005662158663878695,0.003679001249366891,CD200/CX3CL1/CD200R1/GAS6/HAVCR2/HGF/LILRB4/ORM1/SLAMF1/TNF/SIRPA,11
3,GO:0050832,defense response to fungus,11/1056,67/18986,0.16417910447761194,2.9518034825870645,3.8839310942112064,0.0010928899845895831,0.005662158663878695,0.003679001249366891,ANG/CLEC4D/CLEC6A/CLEC7A/CALCA/CHGA/GNLY/NPY/RARRES2/HRG/SPON2,11
3,GO:0034284,response to monosaccharide,24/1056,218/18986,0.11009174311926606,1.9793577981651378,3.52945582202117,0.0011142359368257846,0.005766954070619397,0.0037470923176703094,AGER/ADIPOQ/ANGPT2/APOA2/COL1A1/COL6A3/CPB2/FGF21/GAS6/GCG/ERN1/ICAM1/IGF1R/ITGA2/KHK/LEP/LPL/GIP/PTPRN2/REG3A/SERPINF1/TNF/TREM2/VSNL1,24
3,GO:0019218,regulation of steroid metabolic process,15/1056,110/18986,0.13636363636363635,2.4517045454545454,3.705669730000912,0.001124193395338263,0.005812654917721912,0.003776786553308719,ADM/APOA1/APOE/CES1/BGLAP/DKK3/EPHX2/IGFBP7/IGF1R/KIT/LDLR/LEP/GAL/TNF/IFNG,15
3,GO:0022404,molting cycle process,14/1056,99/18986,0.1414141414141414,2.5425084175084174,3.734313415630921,0.0011352913472877013,0.005858285180448549,0.003806434926578648,CD109/CDH3/DKK4/DSG4/EGFR/FGFR2/FST/NOTCH1/GAL/SPINK5/TNF/TNFRSF19/LRIG1/PLA2G10,14
3,GO:0022405,hair cycle process,14/1056,99/18986,0.1414141414141414,2.5425084175084174,3.734313415630921,0.0011352913472877013,0.005858285180448549,0.003806434926578648,CD109/CDH3/DKK4/DSG4/EGFR/FGFR2/FST/NOTCH1/GAL/SPINK5/TNF/TNFRSF19/LRIG1/PLA2G10,14
3,GO:0014902,myotube differentiation,17/1056,133/18986,0.12781954887218044,2.298088972431078,3.645752332121073,0.0011380930352895208,0.00586686959691748,0.003812012671885532,ADAM12/ADAMTS15/CCN3/CEACAM5/CDON/CXCL10/DNER/CXCL9/ADGRB3/GDF15/ITGB1/IL4R/JAM2/NOTCH1/NOS1/KEL/SCGB3A1,17
3,GO:0035265,organ growth,21/1056,181/18986,0.11602209944751381,2.085980662983425,3.562639066260205,0.0011461889838431227,0.005902701510201096,0.0038352945439705725,BMP10/COMP/DLL1/EDN1/ECM1/FGFR2/CDK1/HEG1/ERBB4/LEP/NOTCH1/LEPR/NPPC/PI16/PSAP/PSAPL1/MMP13/STC1/TGFBR2/TGFBR3/YAP1,21
3,GO:0002792,negative regulation of peptide secretion,9/1056,48/18986,0.1875,3.37109375,3.9916219614468638,0.0011587800256839308,0.005949712183665999,0.0038658398424473344,CCN3/CD74/CRHBP/CHGA/INHBB/FAM3D/LEP/SFRP1/VSNL1,9
3,GO:0016339,calcium-dependent cell-cell adhesion via plasma membrane cell adhesion molecules,9/1056,48/18986,0.1875,3.37109375,3.9916219614468638,0.0011587800256839308,0.005949712183665999,0.0038658398424473344,CDH1/CDH17/CDH3/CDH5/CDH2/CDH6/CDH4/PCDH12/SELL,9
3,GO:0061383,trabecula morphogenesis,9/1056,48/18986,0.1875,3.37109375,3.9916219614468638,0.0011587800256839308,0.005949712183665999,0.0038658398424473344,BMP10/CHAD/COL1A1/ENG/HEG1/NOTCH1/SFRP1/TGFBR3/TEK,9
3,GO:0032768,regulation of monooxygenase activity,8/1056,39/18986,0.20512820512820512,3.688034188034188,4.077969554196221,0.0011726743818257159,0.006009081946631774,0.0039044154891382525,CDH3/ENG/FCER2/GLA/FGF23/LEP/TNF/IFNG,8
3,GO:0055094,response to lipoprotein particle,8/1056,39/18986,0.20512820512820512,3.688034188034188,4.077969554196221,0.0011726743818257159,0.006009081946631774,0.0039044154891382525,APOE/CES1/FGF21/ITGB1/ITGB2/LDLR/LPL/TREM2,8
3,GO:0009620,response to fungus,12/1056,78/18986,0.15384615384615385,2.7660256410256414,3.792875823731561,0.0011934630082054906,0.00610953506186624,0.003969685143061592,ANG/CLEC4D/CLEC6A/CLEC7A/CALCA/CHGA/GNLY/NPY/RARRES2/HRG/SPON2/PTX3,12
3,GO:1901136,carbohydrate derivative catabolic process,27/1056,258/18986,0.10465116279069768,1.8815406976744187,3.4598210341322764,0.0012192783436124487,0.006235495894168822,0.004051528497676286,ADA2/CST3/CHI3L1/CTBS/CTSL/DCTPP1/ENO3/ENPP7/FBP1/GLA/GPD1/GPC1/GM2A/GUSB/HYAL1/IDUA/MMP12/NT5C1A/NT5E/PGLYRP1/LYVE1/SCARB2/SMPD1/UPB1/IFNG/SGSH/STAB2,27
3,GO:0003279,cardiac septum development,15/1056,111/18986,0.13513513513513514,2.4296171171171173,3.665935873052461,0.0012344946567733146,0.006307056447637697,0.004098025139901609,CCN1/BMP4/CRELD1/ENG/FGFR2/HEG1/NOTCH1/NRP1/NRP2/NOTCH2/NOS3/ROBO1/ROBO2/TGFBR2/TGFBR3,15
3,GO:0050805,negative regulation of synaptic transmission,10/1056,58/18986,0.1724137931034483,3.0998563218390807,3.886854899744336,0.0012363207071824677,0.006310131926262991,0.004100023439556657,AGER/ADIPOQ/ACHE/CD38/BCHE/LILRB2/PCDH17/PENK/SORCS2/TNR,10
3,GO:0048167,regulation of synaptic plasticity,24/1056,220/18986,0.10909090909090909,1.9613636363636362,3.480649485203391,0.0012641410445355117,0.006445743901662277,0.00418813764767765,AGER/BAIAP2/APOE/CD38/CALB1/CHRDL1/CALB2/CNTN4/CNTN2/CX3CL1/EPHA4/KIT/GFAP/LILRB2/MME/NTRK2/PENK/GIP/PTN/SORCS2/SCGN/SCT/TNR/VGF,24
3,GO:0002689,negative regulation of leukocyte chemotaxis,6/1056,23/18986,0.2608695652173913,4.690217391304348,4.297436437160404,0.0013002840376088026,0.006603905629431899,0.004290903611792803,CCN3/C5/DPP4/NBL1/SLAMF8/KLRK1,6
3,GO:0032928,regulation of superoxide anion generation,6/1056,23/18986,0.2608695652173913,4.690217391304348,4.297436437160404,0.0013002840376088026,0.006603905629431899,0.004290903611792803,ACP5/CLEC7A/EGFR/ITGAM/ITGB2/PON3,6
3,GO:0036303,lymph vessel morphogenesis,6/1056,23/18986,0.2608695652173913,4.690217391304348,4.297436437160404,0.0013002840376088026,0.006603905629431899,0.004290903611792803,ACVRL1/CLEC14A/EPHA2/FLT4/PKD1/TIE1,6
3,GO:0060143,positive regulation of syncytium formation by plasma membrane fusion,6/1056,23/18986,0.2608695652173913,4.690217391304348,4.297436437160404,0.0013002840376088026,0.006603905629431899,0.004290903611792803,ADAM9/CXCL9/GDF15/IL4R/TREM2/SCGB3A1,6
3,GO:0014850,response to muscle activity,7/1056,31/18986,0.22580645161290322,4.059811827956989,4.137717028623807,0.001307992134666149,0.006616976893232578,0.004299396696976072,FN1/ITGA5/ITGA2/ITGB1/CAPN3/MSTN/POSTN,7
3,GO:0090025,regulation of monocyte chemotaxis,7/1056,31/18986,0.22580645161290322,4.059811827956989,4.137717028623807,0.001307992134666149,0.006616976893232578,0.004299396696976072,CCN3/CXCL10/CXCL17/NBL1/S100A14/SLAMF8/PLA2G7,7
3,GO:0150117,positive regulation of cell-substrate junction organization,7/1056,31/18986,0.22580645161290322,4.059811827956989,4.137717028623807,0.001307992134666149,0.006616976893232578,0.004299396696976072,KDR/MYOC/NRP1/HRG/SFRP1/THY1/TEK,7
3,GO:1903901,negative regulation of viral life cycle,7/1056,31/18986,0.22580645161290322,4.059811827956989,4.137717028623807,0.001307992134666149,0.006616976893232578,0.004299396696976072,APCS/BST2/CD74/GSN/FCN1/IL32/PTX3,7
3,GO:0006693,prostaglandin metabolic process,9/1056,49/18986,0.1836734693877551,3.302295918367347,3.9160723696748034,0.0013505854232382676,0.006825752800777715,0.004435049346485209,CD74/EDN1/CES2/GSTA1/HPGDS/PTGDS/PTGR1/TNFRSF1A/PLA2G10,9
3,GO:0046887,positive regulation of hormone secretion,18/1056,147/18986,0.12244897959183673,2.201530612244898,3.5490465810539886,0.0013625387445489188,0.006879419420322896,0.004469919361982226,C1QTNF1/CD38/EDN1/EGFR/FGA/GCG/F2/INHBB/LEP/GRP/GIP/RETN/SPINK1/GAL/SPP1/SCT/TNFSF11/VSNL1,18
3,GO:0046642,negative regulation of alpha-beta T cell proliferation,5/1056,16/18986,0.3125,5.618489583333333,4.4851132070312385,0.001375483944292262,0.0069244333328384875,0.00449916726021585,CD274/LGALS9/CLEC4G/TNFRSF14/XCL1,5
3,GO:0099550,"trans-synaptic signaling, modulating synaptic transmission",5/1056,16/18986,0.3125,5.618489583333333,4.4851132070312385,0.001375483944292262,0.0069244333328384875,0.00449916726021585,CBLN4/IGSF21/NTRK2/PLAT/PLG,5
3,GO:1900120,regulation of receptor binding,5/1056,16/18986,0.3125,5.618489583333333,4.4851132070312385,0.001375483944292262,0.0069244333328384875,0.00449916726021585,ADAM15/ADIPOQ/B2M/PCSK9/PTPRF,5
3,GO:0048661,positive regulation of smooth muscle cell proliferation,14/1056,101/18986,0.13861386138613863,2.4921617161716174,3.648927215299342,0.0013828967838085558,0.006954958946861566,0.004519001351557201,CCN4/BMP4/CX3CL1/EDN1/EGFR/FGFR2/ERN1/IGF1R/ITGA2/IL6/NOTCH3/SERPINF2/TNF/IL6R,14
3,GO:0016266,O-glycan processing,8/1056,40/18986,0.2,3.5958333333333337,3.988367321093344,0.001395423029919779,0.007004289892148452,0.00455105425224695,B3GNT7/GALNT5/GALNT10/GCNT1/GALNT7/GALNT2/ST6GAL1/GALNT3,8
3,GO:0072539,T-helper 17 cell differentiation,8/1056,40/18986,0.2,3.5958333333333337,3.988367321093344,0.001395423029919779,0.007004289892148452,0.00455105425224695,IL12B/IL12RB1/IL6ST/IL6/LGALS1/LY9/SLAMF6/IL6R,8
3,GO:0046888,negative regulation of hormone secretion,11/1056,69/18986,0.15942028985507245,2.866243961352657,3.76889418116225,0.0014018632892049288,0.007029771649660903,0.004567611085654396,ADIPOQ/CCN3/CRHBP/EDN1/CHGA/FGF23/INHBB/FAM3D/LEP/SFRP1/VSNL1,11
3,GO:0003205,cardiac chamber development,20/1056,172/18986,0.11627906976744186,2.0906007751937987,3.486876541181192,0.0014455367568075297,0.007241731760294282,0.004705332678800634,BMP10/CCN1/BMP4/CRELD1/ENG/FGFR2/HEG1/IGF1R/MYL3/NOTCH1/NRP1/NRP2/NOTCH2/CPE/NOS3/ROBO1/ROBO2/TGFBR2/TGFBR3/TEK,20
3,GO:0042157,lipoprotein metabolic process,14/1056,102/18986,0.13725490196078433,2.4677287581699345,3.606998890975403,0.001522683787452675,0.007579945640686839,0.004925087963380576,APOA1/APOA4/APOC1/APOD/APOM/APOE/APOA2/CTSD/APOL1/ITGAV/LCAT/LDLR/LEP/PCSK9,14
3,GO:0048640,negative regulation of developmental growth,14/1056,102/18986,0.13725490196078433,2.4677287581699345,3.606998890975403,0.001522683787452675,0.007579945640686839,0.004925087963380576,CDH1/DRAXIN/GDF15/KIAA0319/MSTN/NRP1/PI16/PTPRS/RGMA/RTN4R/SEMA3F/SPP1/STC2/TNR,14
3,GO:0002778,antibacterial peptide production,4/1056,10/18986,0.4,7.191666666666667,4.752830725245442,0.0015248115672923865,0.007579945640686839,0.004925087963380576,KLK7/LGALS4/SPINK5/MMP7,4
3,GO:0014012,peripheral nervous system axon regeneration,4/1056,10/18986,0.4,7.191666666666667,4.752830725245442,0.0015248115672923865,0.007579945640686839,0.004925087963380576,APOA4/APOD/NEFL/TNC,4
3,GO:0035747,natural killer cell chemotaxis,4/1056,10/18986,0.4,7.191666666666667,4.752830725245442,0.0015248115672923865,0.007579945640686839,0.004925087963380576,CCL3/CCL7/KLRK1/XCL1,4
3,GO:0050859,negative regulation of B cell receptor signaling pathway,4/1056,10/18986,0.4,7.191666666666667,4.752830725245442,0.0015248115672923865,0.007579945640686839,0.004925087963380576,CD22/CD300A/CD72/FCRL3,4
3,GO:1905918,regulation of CoA-transferase activity,4/1056,10/18986,0.4,7.191666666666667,4.752830725245442,0.0015248115672923865,0.007579945640686839,0.004925087963380576,APOA1/APOA4/APOE/APOA2,4
3,GO:2000425,regulation of apoptotic cell clearance,4/1056,10/18986,0.4,7.191666666666667,4.752830725245442,0.0015248115672923865,0.007579945640686839,0.004925087963380576,C3/C2/CD300LF/TREM2,4
3,GO:0006692,prostanoid metabolic process,9/1056,50/18986,0.18,3.23625,3.842451091794712,0.0015671424145845504,0.007767903026137843,0.00504721372794336,CD74/EDN1/CES2/GSTA1/HPGDS/PTGDS/PTGR1/TNFRSF1A/PLA2G10,9
3,GO:0019884,antigen processing and presentation of exogenous antigen,9/1056,50/18986,0.18,3.23625,3.842451091794712,0.0015671424145845504,0.007767903026137843,0.00504721372794336,B2M/CD74/CD1C/CTSD/CTSL/CTSF/CTSS/CTSE/IFI30,9
3,GO:0022602,ovulation cycle process,9/1056,50/18986,0.18,3.23625,3.842451091794712,0.0015671424145845504,0.007767903026137843,0.00504721372794336,LEP/MSTN/NOTCH1/NPPC/PDGFRA/NOS3/RETN/ROBO2/PTX3,9
3,GO:0050854,regulation of antigen receptor-mediated signaling pathway,11/1056,70/18986,0.15714285714285714,2.825297619047619,3.7129163908018423,0.0015812718958448642,0.007830409820442146,0.005087827668313219,CD160/CD22/CD300A/CD72/CEACAM1/LGALS3/LILRB4/NECTIN2/PTPRC/THY1/FCRL3,11
3,GO:0002313,mature B cell differentiation involved in immune response,7/1056,32/18986,0.21875,3.9329427083333335,4.0297234786550655,0.0015949082207205297,0.00786018343959305,0.005107173149172513,CDH17/CR1/DLL1/IL6/LGALS1/NOTCH2/ITM2A,7
3,GO:0010575,positive regulation of vascular endothelial growth factor production,7/1056,32/18986,0.21875,3.9329427083333335,4.0297234786550655,0.0015949082207205297,0.00786018343959305,0.005107173149172513,BSG/C3/C5/CXCL17/FLT4/IL6ST/IL6,7
3,GO:0045940,positive regulation of steroid metabolic process,7/1056,32/18986,0.21875,3.9329427083333335,4.0297234786550655,0.0015949082207205297,0.00786018343959305,0.005107173149172513,ADM/APOA1/APOE/CES1/IGF1R/TNF/IFNG,7
3,GO:0060045,positive regulation of cardiac muscle cell proliferation,7/1056,32/18986,0.21875,3.9329427083333335,4.0297234786550655,0.0015949082207205297,0.00786018343959305,0.005107173149172513,BMP10/FGFR2/CDK1/ERBB4/NOTCH1/TGFBR3/YAP1,7
3,GO:0060603,mammary gland duct morphogenesis,7/1056,32/18986,0.21875,3.9329427083333335,4.0297234786550655,0.0015949082207205297,0.00786018343959305,0.005107173149172513,CCL11/AREG/CSF1/DDR1/CSF1R/EPHA2/FGFR2,7
3,GO:0010718,positive regulation of epithelial to mesenchymal transition,10/1056,60/18986,0.16666666666666666,2.9965277777777777,3.7589684389023654,0.0016157877737063245,0.007955478484676317,0.005169091334573494,ADAM8/BAMBI/BMP4/COL1A1/ENG/IL6/NOTCH1/LRG1/TGFBR2/TNXB,10
3,GO:0002478,antigen processing and presentation of exogenous peptide antigen,8/1056,41/18986,0.1951219512195122,3.5081300813008127,3.9015914919914323,0.0016504864032447725,0.008069338232625069,0.00524307198044065,B2M/CD74/CTSD/CTSL/CTSF/CTSS/CTSE/IFI30,8
3,GO:0044060,regulation of endocrine process,8/1056,41/18986,0.1951219512195122,3.5081300813008127,3.9015914919914323,0.0016504864032447725,0.008069338232625069,0.00524307198044065,C1QTNF1/CRHBP/INHBB/LEP/RETN/GAL/SPP1/REN,8
3,GO:0002407,dendritic cell chemotaxis,6/1056,24/18986,0.25,4.494791666666667,4.157497112452785,0.0016530011976046697,0.008069338232625069,0.00524307198044065,CCL21/GAS6/ARHGEF5/LGALS9/SLAMF1/SLAMF8,6
3,GO:0007263,nitric oxide mediated signal transduction,6/1056,24/18986,0.25,4.494791666666667,4.157497112452785,0.0016530011976046697,0.008069338232625069,0.00524307198044065,APOE/CBS/DDAH1/NOS1/NOS3/SPINK1,6
3,GO:0030277,maintenance of gastrointestinal epithelium,6/1056,24/18986,0.25,4.494791666666667,4.157497112452785,0.0016530011976046697,0.008069338232625069,0.00524307198044065,SERPINA3/MUC2/TFF1/TFF2/MUC13/TFF3,6
3,GO:0045591,positive regulation of regulatory T cell differentiation,6/1056,24/18986,0.25,4.494791666666667,4.157497112452785,0.0016530011976046697,0.008069338232625069,0.00524307198044065,CD46/CR1/LGALS9/LILRB4/LILRB2/IFNG,6
3,GO:0097066,response to thyroid hormone,6/1056,24/18986,0.25,4.494791666666667,4.157497112452785,0.0016530011976046697,0.008069338232625069,0.00524307198044065,C2/CTSL/CTSS/CTSB/F7/INHBB,6
3,GO:2000193,positive regulation of fatty acid transport,6/1056,24/18986,0.25,4.494791666666667,4.157497112452785,0.0016530011976046697,0.008069338232625069,0.00524307198044065,EDN1/FABP3/OXT/TNFRSF11A/PLA2G10/TNFSF11,6
3,GO:2001026,regulation of endothelial cell chemotaxis,6/1056,24/18986,0.25,4.494791666666667,4.157497112452785,0.0016530011976046697,0.008069338232625069,0.00524307198044065,CXCL13/KDR/MET/NOTCH1/HRG/SMOC2,6
3,GO:0042093,T-helper cell differentiation,12/1056,81/18986,0.14814814814814814,2.66358024691358,3.6412042303771623,0.0016684963949964889,0.008137274282125732,0.005287213592470078,CD80/CD86/IL12B/IL12RB1/IL18R1/IL6ST/IL4R/IL6/LGALS1/LY9/SLAMF6/IL6R,12
3,GO:0001960,negative regulation of cytokine-mediated signaling pathway,14/1056,103/18986,0.13592233009708737,2.4437702265372168,3.565564625333252,0.0016740491495687974,0.00814124845851618,0.005289795823165753,APOA1/ADIPOQ/ECM1/GAS6/IL1RN/IL1R2/IL6ST/IL6/MMP12/PTPRC/ROBO1/TNFRSF11B/TREM2/PYDC1,14
3,GO:0150115,cell-substrate junction organization,14/1056,103/18986,0.13592233009708737,2.4437702265372168,3.565564625333252,0.0016740491495687974,0.00814124845851618,0.005289795823165753,ACVRL1/APOD/ACTN2/FN1/ITGA5/ITGA2/KDR/MYOC/NRP1/HRG/SFRP1/THY1/TEK/SORBS1,14
3,GO:2000177,regulation of neural precursor cell proliferation,14/1056,103/18986,0.13592233009708737,2.4437702265372168,3.565564625333252,0.0016740491495687974,0.00814124845851618,0.005289795823165753,ACAN/BCAN/ADGRG1/CDH2/CDON/CX3CL1/CEND1/ITGB1/NCAN/NOTCH1/PTPRZ1/PTN/SPINT1/VCAN,14
3,GO:0014074,response to purine-containing compound,18/1056,150/18986,0.12,2.1574999999999998,3.4539766986576383,0.0017152489422293912,0.00833374957322574,0.00541487388677407,ADIPOQ/ASS1/BSG/AREG/COL1A1/CRHBP/FBP1/GPD1/INHBB/NT5E/PENK/OXT/SDC1/STC1/THBD/TEK/REN/VGF,18
3,GO:0001959,regulation of cytokine-mediated signaling pathway,21/1056,187/18986,0.11229946524064172,2.0190508021390374,3.398571252767112,0.0017284440508686307,0.008389952054828429,0.0054513915847596225,APOA1/ADIPOQ/AXL/CD300LF/CD74/CSF1/EDN1/ECM1/GAS6/IL1RN/IL1R1/IL1R2/IL6ST/IL6/MMP12/PTPRC/ROBO1/TNFRSF1A/TNFRSF11B/TREM2/PYDC1,21
3,GO:0051235,maintenance of location,33/1056,345/18986,0.09565217391304348,1.7197463768115944,3.274172425959097,0.0017404961987623555,0.00844050602504228,0.005484239148845686,APOA1/APOE/C3/CCL3/ANGPTL3/CCL21/CD4/CES1/CHCHD10/CXCL10/CX3CL1/CXCL9/CLSTN3/GLA/GSN/GM2A/F2/ITGAV/IL6/LEP/LPL/CAPN3/FASLG/NBL1/MSR1/NPC2/PTPRC/THY1/TNF/TREM2/HRC/PLA2G10/XCL1,33
3,GO:0150063,visual system development,38/1056,415/18986,0.09156626506024096,1.646285140562249,3.230559090078444,0.0018031344083854549,0.00873605063461186,0.005676269971787215,ACVRL1/BSG/C3/ACHE/BMP4/CALB1/CDON/CHRDL1/COL5A1/DLL1/C1QA/EFEMP1/EGFR/EPHA2/COL4A1/FLT1/ITGAM/KDR/MERTK/ANGPTL7/MYOM2/MFAP5/FASLG/NOTCH1/NRP1/NTRK2/DSCAM/NOTCH2/PDGFRA/PTPRM/RET/SERPINF1/SMOC1/SLC39A5/SLITRK6/TGFBR2/THY1/WNT9A,38
3,GO:0002832,negative regulation of response to biotic stimulus,16/1056,127/18986,0.12598425196850394,2.2650918635170605,3.4714563421777376,0.001828131591342941,0.008848843524293765,0.005749557423922152,CD274/CR1/CEACAM1/GRN/HAVCR2/KLRD1/LGALS9/LILRA2/LILRB1/MMP12/PDCD1/SPINK5/SLAMF8/SERPING1/TYRO3/VSIG4,16
3,GO:0032147,activation of protein kinase activity,10/1056,61/18986,0.16393442622950818,2.947404371584699,3.697006627016029,0.0018381132182127375,0.008888812044921823,0.005775527066607021,CHI3L1/CALCA/GAS6/CLSPN/LEP/NTRK3/PILRB/TNFRSF10A/TNFRSF10B/NTF3,10
3,GO:0090288,negative regulation of cellular response to growth factor stimulus,17/1056,139/18986,0.1223021582733813,2.198890887290168,3.44281002627638,0.0018519706072073565,0.00894743062807303,0.005813614632401527,BAMBI/BMPER/CHRDL1/CHRDL2/CRIM1/DCN/FSTL3/GPC1/CXCL13/HJV/IL12B/NBL1/NOTCH1/HRG/SFRP1/VWC2/SOST,17
3,GO:0031645,negative regulation of nervous system process,5/1056,17/18986,0.29411764705882354,5.2879901960784315,4.292429206292734,0.0018600798242729485,0.00896979559787376,0.00582814632547538,CCN3/CTSC/JAM2/TNF/TNFRSF21,5
3,GO:0072109,glomerular mesangium development,5/1056,17/18986,0.29411764705882354,5.2879901960784315,4.292429206292734,0.0018600798242729485,0.00896979559787376,0.00582814632547538,CD34/ACTA2/BMP4/NOTCH1/IL6R,5
3,GO:0050886,endocrine process,13/1056,93/18986,0.13978494623655913,2.513216845878136,3.55008943823716,0.0018714240578188324,0.00901606637201503,0.0058582108725819225,ACE2/C1QTNF1/CRHBP/CTSZ/EDN1/INHBB/LEP/NOS3/RETN/SERPINF2/GAL/SPP1/REN,13
3,GO:0002833,positive regulation of response to biotic stimulus,38/1056,416/18986,0.09134615384615384,1.6423277243589745,3.214729948043223,0.0018813557303246522,0.009055451717855819,0.005883801596042109,ADAM8/CD160/CD274/CD300A/CD14/CD300LF/COLEC12/CLEC6A/CRTAM/CLEC7A/CTSS/GRN/FCN1/HAVCR2/IL12B/FCN2/KLK7/KLRD1/LAMP2/LAG3/LILRA2/LY96/NECTIN2/MMP12/LAMP1/PTPRS/LBP/S100A14/HRG/SLAMF6/TNF/KLRK1/TYRO3/TREM2/FCRL3/PVR/REG3G/SMPDL3A,38
3,GO:0033032,regulation of myeloid cell apoptotic process,7/1056,33/18986,0.21212121212121213,3.8137626262626263,3.926020477890658,0.0019284920403845724,0.009265029327290281,0.006019975153287596,ADIPOQ/CLEC5A/EPO/GAS6/FCAR/KITLG/ST6GAL1,7
3,GO:0099560,synaptic membrane adhesion,7/1056,33/18986,0.21212121212121213,3.8137626262626263,3.926020477890658,0.0019284920403845724,0.009265029327290281,0.006019975153287596,CDH6/PCDH17/PTPRF/PTPRS/SLITRK2/SLITRK1/SPARCL1,7
3,GO:0045066,regulatory T cell differentiation,8/1056,42/18986,0.19047619047619047,3.4246031746031744,3.817478389254005,0.0019410483036193691,0.009308003725728231,0.006047897872329825,CD28/CD46/CR1/LAG3/LGALS9/LILRB4/LILRB2/IFNG,8
3,GO:0060421,positive regulation of heart growth,8/1056,42/18986,0.19047619047619047,3.4246031746031744,3.817478389254005,0.0019410483036193691,0.009308003725728231,0.006047897872329825,BMP10/EDN1/FGFR2/CDK1/ERBB4/NOTCH1/TGFBR3/YAP1,8
3,GO:0001823,mesonephros development,14/1056,105/18986,0.13333333333333333,2.397222222222222,3.4841332227122734,0.002014448440707286,0.009651005308407118,0.006270763978018574,BMPER/BMP4/CALB1/CRLF1/EPCAM/FGFR2/PKD1/RET/ROBO2/SDC1/SFRP1/REN/SMAD5/TACSTD2,14
3,GO:0042475,odontogenesis of dentin-containing tooth,13/1056,94/18986,0.13829787234042554,2.4864804964539005,3.5061564314499605,0.002063703493510158,0.0098778008440528,0.006418124924350606,ADM/BSG/BMP4/CSF1/DMP1/FAM20A/FST/CSF3R/ITGB6/PDGFRA/RELT/TNFRSF11B/TNC,13
3,GO:0032331,negative regulation of chondrocyte differentiation,6/1056,25/18986,0.24,4.3149999999999995,4.025038446382938,0.002073867513272857,0.009889719732582404,0.006425869250921887,CCN4/BMP4/EFEMP1/LTBP3/PTH/WNT9A,6
3,GO:0046697,decidualization,6/1056,25/18986,0.24,4.3149999999999995,4.025038446382938,0.002073867513272857,0.009889719732582404,0.006425869250921887,BSG/CTSB/PTN/STC1/SPP1/STC2,6
3,GO:0090023,positive regulation of neutrophil chemotaxis,6/1056,25/18986,0.24,4.3149999999999995,4.025038446382938,0.002073867513272857,0.009889719732582404,0.006425869250921887,CCL21/CD74/EDN1/LBP/THBS4/XCL1,6
3,GO:2000209,regulation of anoikis,6/1056,25/18986,0.24,4.3149999999999995,4.025038446382938,0.002073867513272857,0.009889719732582404,0.006425869250921887,CEACAM5/CEACAM6/ITGA5/ITGB1/NOTCH1/NTRK2,6
3,GO:0051180,vitamin transport,9/1056,52/18986,0.17307692307692307,3.1117788461538463,3.7006331568331587,0.002083584705538455,0.009926875376202158,0.006450011219985761,AFM/APOA1/CBLIF/FOLR1/FOLR2/GC/RTBDN/TCN1/TCN2,9
3,GO:0006066,alcohol metabolic process,34/1056,363/18986,0.09366391184573003,1.6839990817263544,3.193236792830161,0.0021173370556414085,0.010078367979530434,0.0065484439044087685,ADH1B/ADH4/APOA1/APOA4/APOC1/APOF/APOE/ANGPTL3/CD244/CES1/APOA2/APOL1/DKK3/DBH/EPHX2/GOT1/HAO1/AKR1B10/LCAT/LDLR/LEP/IDI2/MVK/NPC2/LEPR/PCBD1/PCSK9/PTS/NAAA/SMPD1/SORD/SULT2A1/PLB1/PTH,34
3,GO:0062013,positive regulation of small molecule metabolic process,18/1056,153/18986,0.11764705882352941,2.1151960784313726,3.361122265553163,0.002142071839953696,0.010186697725979063,0.00661883141846248,ADM/APOA1/APOA4/ADIPOQ/APOE/CD244/CD74/CES1/FABP1/GDF15/GCG/GPD1/NOS3/TNF/TREM2/IFNG/PTH/SORBS1,18
3,GO:0031623,receptor internalization,17/1056,141/18986,0.12056737588652482,2.1677009456264775,3.3774601409108813,0.002160949783395455,0.010267001044611585,0.006671008693441026,ADM/ACHE/CNTN2/CALCA/CEACAM1/GHR/ITGB1/ITGB2/LILRB1/LILRB4/LRP1/PCSK9/RSPO1/SELE/SFRP4/NTF3/TFRC,17
3,GO:0072593,reactive oxygen species metabolic process,25/1056,242/18986,0.10330578512396695,1.8573519283746558,3.2574877355394705,0.0021659075794040784,0.01028108063704238,0.00668015694258387,ACE2/ACP5/APOA4/CCN1/CBS/COQ7/DCXR/CLEC7A/EDN1/EGFR/F2/IL19/ITGAM/ITGB2/LEP/MB/PON3/PRCP/NOS3/PRG3/TGFBR2/TNF/MMP3/SFTPD/SIRPA,25
3,GO:0060412,ventricular septum morphogenesis,8/1056,43/18986,0.18604651162790697,3.3449612403100772,3.7358775403793736,0.0022704335930473956,0.010767327665279967,0.006996097122042137,BMP4/FGFR2/NOTCH1/NOS3/ROBO1/ROBO2/TGFBR2/TGFBR3,8
3,GO:0001867,"complement activation, lectin pathway",4/1056,11/18986,0.36363636363636365,6.537878787878788,4.458574328292438,0.0022911312875852664,0.010786102089042966,0.007008295849167333,FCN1/FCN2/SERPING1/MASP1,4
3,GO:0002645,positive regulation of tolerance induction,4/1056,11/18986,0.36363636363636365,6.537878787878788,4.458574328292438,0.0022911312875852664,0.010786102089042966,0.007008295849167333,IDO1/LILRB4/LILRB2/TGFBR2,4
3,GO:0002924,negative regulation of humoral immune response mediated by circulating immunoglobulin,4/1056,11/18986,0.36363636363636365,6.537878787878788,4.458574328292438,0.0022911312875852664,0.010786102089042966,0.007008295849167333,CD46/CR1/CR2/C4BPB,4
3,GO:0030167,proteoglycan catabolic process,4/1056,11/18986,0.36363636363636365,6.537878787878788,4.458574328292438,0.0022911312875852664,0.010786102089042966,0.007008295849167333,GPC1/GUSB/IDUA/SGSH,4
3,GO:0051593,response to folic acid,4/1056,11/18986,0.36363636363636365,6.537878787878788,4.458574328292438,0.0022911312875852664,0.010786102089042966,0.007008295849167333,CBS/BCHE/FOLR1/FOLR2,4
3,GO:0060433,bronchus development,4/1056,11/18986,0.36363636363636365,6.537878787878788,4.458574328292438,0.0022911312875852664,0.010786102089042966,0.007008295849167333,ADAMTSL2/BMP4/AGR2/TGFBR2,4
3,GO:0060742,epithelial cell differentiation involved in prostate gland development,4/1056,11/18986,0.36363636363636365,6.537878787878788,4.458574328292438,0.0022911312875852664,0.010786102089042966,0.007008295849167333,FGFR2/NOTCH1/PSAP/PSAPL1,4
3,GO:1903027,regulation of opsonization,4/1056,11/18986,0.36363636363636365,6.537878787878788,4.458574328292438,0.0022911312875852664,0.010786102089042966,0.007008295849167333,CFP/C4BPB/FCN1/FCN2,4
3,GO:0002828,regulation of type 2 immune response,7/1056,34/18986,0.20588235294117646,3.7015931372549016,3.826299791742367,0.0023136396967504014,0.010842556942498473,0.007044977526372994,CD74/CD86/ECM1/IDO1/IL4R/IL6/XCL1,7
3,GO:0006516,glycoprotein catabolic process,7/1056,34/18986,0.20588235294117646,3.7015931372549016,3.826299791742367,0.0023136396967504014,0.010842556942498473,0.007044977526372994,CST3/CTSL/GPC1/GUSB/IDUA/MMP12/SGSH,7
3,GO:0034383,low-density lipoprotein particle clearance,7/1056,34/18986,0.20588235294117646,3.7015931372549016,3.826299791742367,0.0023136396967504014,0.010842556942498473,0.007044977526372994,ADIPOQ/FGF21/CES3/IL19/LDLR/PCSK9/TREM2,7
3,GO:0045671,negative regulation of osteoclast differentiation,7/1056,34/18986,0.20588235294117646,3.7015931372549016,3.826299791742367,0.0023136396967504014,0.010842556942498473,0.007044977526372994,CCL3/CALCA/FSTL3/LILRB1/LILRB4/SFRP1/TNFRSF11B,7
3,GO:0090022,regulation of neutrophil chemotaxis,7/1056,34/18986,0.20588235294117646,3.7015931372549016,3.826299791742367,0.0023136396967504014,0.010842556942498473,0.007044977526372994,CCL21/CD74/EDN1/DPP4/LBP/THBS4/XCL1,7
3,GO:0071902,positive regulation of protein serine/threonine kinase activity,17/1056,142/18986,0.11971830985915492,2.1524354460093895,3.345194292131811,0.0023309269680945924,0.010913649882404746,0.007091170335558099,ADIPOQ/ADAM9/EDN1/EGFR/EPHA4/ERBB2/GHR/ARHGEF5/ERN1/FLT1/NTRK3/ROBO1/TNFRSF11A/TNF/IFNG/NTF3/TNFSF11,17
3,GO:0043588,skin development,31/1056,324/18986,0.09567901234567901,1.7202289094650205,3.173299602064561,0.0023494639203776287,0.010990459627537818,0.007141077652728641,ADAM9/CD109/CDH3/CDSN/COL1A1/COL5A1/COMP/DLL1/DKK4/DSG4/EGFR/EPHA2/FGFR2/FST/ITGA2/KRT5/ITGB6/MET/NOTCH1/PKD1/PPL/REG3A/GAL/SPINK5/SPRR3/TNF/TNFRSF19/PLA2G10/REG3G/TNFSF13B/YAP1,31
3,GO:0009636,response to toxic substance,27/1056,270/18986,0.1,1.7979166666666668,3.2046456542093886,0.0023550150443705595,0.011006439305285796,0.007151460486889459,ADH4/AMBP/APOA4/APOM/ASS1/APOE/CCL3/CDH1/CES1/DDC/FABP1/CDK1/EPHX2/GSTA1/INHBB/AKR1B10/MB/ADAMTS13/PDZK1/PENK/PON3/NEFL/NOS3/MUC2/SDC1/TNF/PON2,27
3,GO:0048880,sensory system development,38/1056,422/18986,0.09004739336492891,1.618977093206951,3.120628983858614,0.0024154186944796555,0.011278517545328465,0.007328243979628398,ACVRL1/BSG/C3/ACHE/BMP4/CALB1/CDON/CHRDL1/COL5A1/DLL1/C1QA/EFEMP1/EGFR/EPHA2/COL4A1/FLT1/ITGAM/KDR/MERTK/ANGPTL7/MYOM2/MFAP5/FASLG/NOTCH1/NRP1/NTRK2/DSCAM/NOTCH2/PDGFRA/PTPRM/RET/SERPINF1/SMOC1/SLC39A5/SLITRK6/TGFBR2/THY1/WNT9A,38
3,GO:0034112,positive regulation of homotypic cell-cell adhesion,5/1056,18/18986,0.2777777777777778,4.994212962962963,4.114374445776736,0.0024586710991765233,0.01142871913097834,0.007425837822200842,IL6ST/IL6/PLAUR/IL6R/TNFSF11,5
3,GO:0046579,positive regulation of Ras protein signal transduction,5/1056,18/18986,0.2777777777777778,4.994212962962963,4.114374445776736,0.0024586710991765233,0.01142871913097834,0.007425837822200842,CSF1/EPO/KITLG/NOTCH1/NOTCH2,5
3,GO:0046851,negative regulation of bone remodeling,5/1056,18/18986,0.2777777777777778,4.994212962962963,4.114374445776736,0.0024586710991765233,0.01142871913097834,0.007425837822200842,CD38/CALCA/IL6/SFRP1/TNFRSF11B,5
3,GO:0070230,positive regulation of lymphocyte apoptotic process,5/1056,18/18986,0.2777777777777778,4.994212962962963,4.114374445776736,0.0024586710991765233,0.01142871913097834,0.007425837822200842,ADAM8/CD274/IDO1/LGALS9/PDCD1,5
3,GO:0150078,positive regulation of neuroinflammatory response,5/1056,18/18986,0.2777777777777778,4.994212962962963,4.114374445776736,0.0024586710991765233,0.01142871913097834,0.007425837822200842,CCL3/CTSC/IL6/TNF/TREM2,5
3,GO:0014015,positive regulation of gliogenesis,11/1056,74/18986,0.14864864864864866,2.672578828828829,3.4984916410631937,0.0024961993308705954,0.011586684206034304,0.0075284760107409586,EGFR/IL6ST/IL6/GFAP/LTA/NOTCH1/PTPRZ1/PTN/SPINT1/TNF/TNFRSF1B,11
3,GO:0001942,hair follicle development,13/1056,96/18986,0.13541666666666666,2.434678819444444,3.41996325071037,0.0024971495931918742,0.011586684206034304,0.0075284760107409586,CD109/CDH3/DKK4/DSG4/EGFR/FGFR2/FST/NOTCH1/GAL/SPINK5/TNF/TNFRSF19/PLA2G10,13
3,GO:0048041,focal adhesion assembly,12/1056,85/18986,0.1411764705882353,2.5382352941176474,3.4493475769024844,0.0025334835557866424,0.011744701196115237,0.007631147931193769,ACVRL1/APOD/ACTN2/ITGA2/KDR/MYOC/NRP1/HRG/SFRP1/THY1/TEK/SORBS1,12
3,GO:0002026,regulation of the force of heart contraction,6/1056,26/18986,0.23076923076923078,4.149038461538462,3.899353312998865,0.0025708176068816517,0.011875058031787558,0.0077158475996014116,ADM/CSRP3/CHGA/MYL3/NOS1/NOS3,6
3,GO:0008045,motor neuron axon guidance,6/1056,26/18986,0.23076923076923078,4.149038461538462,3.899353312998865,0.0025708176068816517,0.011875058031787558,0.0077158475996014116,ALCAM/EPHA4/ERBB2/NRP1/NRP2/SEMA3F,6
3,GO:0035025,positive regulation of Rho protein signal transduction,6/1056,26/18986,0.23076923076923078,4.149038461538462,3.899353312998865,0.0025708176068816517,0.011875058031787558,0.0077158475996014116,APOA1/ADGRG1/ERBB2/ROBO1/RTN4R/TEK,6
3,GO:0046716,muscle cell cellular homeostasis,6/1056,26/18986,0.23076923076923078,4.149038461538462,3.899353312998865,0.0025708176068816517,0.011875058031787558,0.0077158475996014116,BAG3/CSRP3/LAMP2/CAPN3/MSTN/PLG,6
3,GO:0051963,regulation of synapse assembly,19/1056,168/18986,0.1130952380952381,2.033358134920635,3.264869949240613,0.0025817114056028035,0.011914702144926098,0.0077416064577374745,AGRN/AMIGO2/ADGRB3/CLSTN3/FLRT2/CLSTN2/LRTM2/LRRN1/NTRK2/OXT/PTPRS/ROBO2/RTN4R/SLITRK2/SLITRK1/SLITRK6/THBS2/ICAM5/SEMA4C,19
3,GO:0060761,negative regulation of response to cytokine stimulus,14/1056,108/18986,0.12962962962962962,2.3306327160493825,3.365419440257603,0.0026309494794923708,0.012131077430038615,0.007882196821151233,APOA1/ADIPOQ/ECM1/GAS6/IL1RN/IL1R2/IL6ST/IL6/MMP12/PTPRC/ROBO1/TNFRSF11B/TREM2/PYDC1,14
3,GO:0002251,organ or tissue specific immune response,8/1056,44/18986,0.18181818181818182,3.268939393939394,3.6566503308471443,0.0026420998189700916,0.012171603723673657,0.007908528878192777,APOA4/CD160/IL6/IFNLR1/PIGR/IL6R/UMOD/XCL1,8
3,GO:0015908,fatty acid transport,15/1056,120/18986,0.125,2.2473958333333335,3.326611710988177,0.002702459437706422,0.012438552144086254,0.008081979258253604,APOE/EDN1/FABP1/FABP3/FABP4/FABP2/FABP9/LEP/OXT/FABP6/RBP2/RBP5/TNFRSF11A/PLA2G10/TNFSF11,15
3,GO:0033138,positive regulation of peptidyl-serine phosphorylation,9/1056,54/18986,0.16666666666666666,2.9965277777777777,3.5655054449174175,0.002727252150752961,0.012530289516159995,0.008141585837035295,EGFR/GCG/IL6/NTRK3/NOS1/TNF/IFNG/NTF3/TFRC,9
3,GO:1902692,regulation of neuroblast proliferation,9/1056,54/18986,0.16666666666666666,2.9965277777777777,3.5655054449174175,0.002727252150752961,0.012530289516159995,0.008141585837035295,ACAN/BCAN/CDON/CX3CL1/ITGB1/NCAN/NOTCH1/PTN/VCAN,9
3,GO:0002791,regulation of peptide secretion,22/1056,207/18986,0.10628019323671498,1.910829307568438,3.1976656611543306,0.00273475587856435,0.01254240796619148,0.00814945982917378,CCN3/CD38/CD74/CRHBP/EGFR/FGA/CHGA/GCG/F2/INHBB/FAM3D/IL6/LEP/GRP/GIP/SFRP1/SPINK1/TNF/IFNG/SCT/TNFSF11/VSNL1,22
3,GO:0090087,regulation of peptide transport,22/1056,207/18986,0.10628019323671498,1.910829307568438,3.1976656611543306,0.00273475587856435,0.01254240796619148,0.00814945982917378,CCN3/CD38/CD74/CRHBP/EGFR/FGA/CHGA/GCG/F2/INHBB/FAM3D/IL6/LEP/GRP/GIP/SFRP1/SPINK1/TNF/IFNG/SCT/TNFSF11/VSNL1,22
3,GO:0046330,positive regulation of JNK cascade,13/1056,97/18986,0.13402061855670103,2.4095790378006874,3.3776755606375146,0.002740307349632234,0.012556697233203705,0.008158744314881654,AGER/CCL21/CD27/EDA2R/EDN1/FLT4/LTBR/MYOC/SERPINF2/SLAMF1/TNF/TNFRSF19/TNFSF11,13
3,GO:0032633,interleukin-4 production,7/1056,35/18986,0.2,3.5958333333333337,3.7302838187297445,0.0027554327768723537,0.012581271890856496,0.008174711757967303,CD28/CD83/CD86/HAVCR2/LGALS9/PRG2/SCGB1A1,7
3,GO:0032673,regulation of interleukin-4 production,7/1056,35/18986,0.2,3.5958333333333337,3.7302838187297445,0.0027554327768723537,0.012581271890856496,0.008174711757967303,CD28/CD83/CD86/HAVCR2/LGALS9/PRG2/SCGB1A1,7
3,GO:0032743,positive regulation of interleukin-2 production,7/1056,35/18986,0.2,3.5958333333333337,3.7302838187297445,0.0027554327768723537,0.012581271890856496,0.008174711757967303,CD28/CD4/CD80/CD83/CD86/CLEC7A/PTPRC,7
3,GO:0060191,regulation of lipase activity,7/1056,35/18986,0.2,3.5958333333333337,3.7302838187297445,0.0027554327768723537,0.012581271890856496,0.008174711757967303,APOA4/APOC1/ANGPTL4/ANGPTL3/APOA2/FGFR2/LRP1,7
3,GO:0050871,positive regulation of B cell activation,12/1056,86/18986,0.13953488372093023,2.5087209302325584,3.403097201423759,0.002798762841716374,0.012767807477033545,0.00829591370502236,CD27/CD28/CD38/CD74/IL6/PTPRC/TNFRSF4/TNFRSF13C/TNFSF13/FCRL3/TFRC/TNFSF13B,12
3,GO:0042554,superoxide anion generation,8/1056,45/18986,0.17777777777777778,3.1962962962962966,3.5796688216790393,0.003059627862832382,0.013920901706002586,0.00904513946163668,ACP5/CLEC7A/EDN1/EGFR/ITGAM/ITGB2/PON3/PRG3,8
3,GO:0071548,response to dexamethasone,8/1056,45/18986,0.17777777777777778,3.1962962962962966,3.5796688216790393,0.003059627862832382,0.013920901706002586,0.00904513946163668,ASS1/EDN1/EGFR/EPO/IGF1R/MSTN/PAPPA/SERPINF1,8
3,GO:1904646,cellular response to amyloid-beta,8/1056,45/18986,0.17777777777777778,3.1962962962962966,3.5796688216790393,0.003059627862832382,0.013920901706002586,0.00904513946163668,AGER/EPHA4/ICAM1/IGF1R/LRP1/TNF/TREM2/VCAM1,8
3,GO:0046890,regulation of lipid biosynthetic process,21/1056,196/18986,0.10714285714285714,1.9263392857142856,3.1636020143614303,0.003062604436936594,0.013922156853975435,0.00904595499705954,ADM/APOA4/APOC1/APOE/C3/CCN1/CD74/CES1/BGLAP/DKK3/FABP3/ENPP7/CEACAM1/IGFBP7/IGF1R/LDLR/LEP/GIP/TNF/IFNG/SORBS1,21
3,GO:0001892,embryonic placenta development,12/1056,87/18986,0.13793103448275862,2.4798850574712645,3.357494531208551,0.0030861470504940014,0.014016817661054252,0.009107461084787306,ADM/CCN1/EGFR/FGFR2/KRT8/KRT19/PKD1/PLG/PCDH12/RSPO3/SPINT1/HS6ST1,12
3,GO:0016540,protein autoprocessing,6/1056,27/18986,0.2222222222222222,3.9953703703703707,3.7798260463345255,0.0031520155689819733,0.014279998364374796,0.009278463381579581,CTSL/CTSE/HJV/F12/KLK6/PCSK9,6
3,GO:0060343,trabecula formation,6/1056,27/18986,0.2222222222222222,3.9953703703703707,3.7798260463345255,0.0031520155689819733,0.014279998364374796,0.009278463381579581,BMP10/CHAD/COL1A1/SFRP1/TGFBR3/TEK,6
3,GO:0038061,non-canonical NF-kappaB signal transduction,16/1056,134/18986,0.11940298507462686,2.146766169154229,3.232925308069926,0.003171125003243424,0.014279998364374796,0.009278463381579581,AGER/CCN3/CD27/CD86/CHI3L1/EDN1/HAVCR2/IL12B/IL18R1/LGALS9/PTP4A3/TNFRSF10A/TNFRSF10B/TNF/TREM2/NFKB2,16
3,GO:0001946,lymphangiogenesis,5/1056,19/18986,0.2631578947368421,4.731359649122807,3.949041559019167,0.0031856446399672195,0.014279998364374796,0.009278463381579581,ACVRL1/CLEC14A/EPHA2/FLT4/TIE1,5
3,GO:0003417,growth plate cartilage development,5/1056,19/18986,0.2631578947368421,4.731359649122807,3.949041559019167,0.0031856446399672195,0.014279998364374796,0.009278463381579581,COMP/NPPC/MMP13/STC1/TGFBR2,5
3,GO:0032026,response to magnesium ion,5/1056,19/18986,0.2631578947368421,4.731359649122807,3.949041559019167,0.0031856446399672195,0.014279998364374796,0.009278463381579581,CD14/FBP1/ENTPD6/FGF23/TNFRSF11B,5
3,GO:0032695,negative regulation of interleukin-12 production,5/1056,19/18986,0.2631578947368421,4.731359649122807,3.949041559019167,0.0031856446399672195,0.014279998364374796,0.009278463381579581,ACP5/LILRA5/LILRB1/SLAMF1/TIGIT,5
3,GO:0033003,regulation of mast cell activation,5/1056,19/18986,0.2631578947368421,4.731359649122807,3.949041559019167,0.0031856446399672195,0.014279998364374796,0.009278463381579581,CD300A/CD300LF/HAVCR1/NECTIN2/MILR1,5
3,GO:0035743,"CD4-positive, alpha-beta T cell cytokine production",5/1056,19/18986,0.2631578947368421,4.731359649122807,3.949041559019167,0.0031856446399672195,0.014279998364374796,0.009278463381579581,IL18R1/IL1R1/IL6/SLAMF1/XCL1,5
3,GO:0042481,regulation of odontogenesis,5/1056,19/18986,0.2631578947368421,4.731359649122807,3.949041559019167,0.0031856446399672195,0.014279998364374796,0.009278463381579581,CD34/BMP4/CSF1/EDN1/TNFRSF11B,5
3,GO:0051132,NK T cell activation,5/1056,19/18986,0.2631578947368421,4.731359649122807,3.949041559019167,0.0031856446399672195,0.014279998364374796,0.009278463381579581,CD300A/IL12B/LGALS3/NCR3LG1/IL15,5
3,GO:0060263,regulation of respiratory burst,5/1056,19/18986,0.2631578947368421,4.731359649122807,3.949041559019167,0.0031856446399672195,0.014279998364374796,0.009278463381579581,CLEC7A/GRN/LBP/SLAMF8/JCHAIN,5
3,GO:0060749,mammary gland alveolus development,5/1056,19/18986,0.2631578947368421,4.731359649122807,3.949041559019167,0.0031856446399672195,0.014279998364374796,0.009278463381579581,AREG/DDR1/ERBB4/TGFA/TNFSF11,5
3,GO:0061377,mammary gland lobule development,5/1056,19/18986,0.2631578947368421,4.731359649122807,3.949041559019167,0.0031856446399672195,0.014279998364374796,0.009278463381579581,AREG/DDR1/ERBB4/TGFA/TNFSF11,5
3,GO:0140131,positive regulation of lymphocyte chemotaxis,5/1056,19/18986,0.2631578947368421,4.731359649122807,3.949041559019167,0.0031856446399672195,0.014279998364374796,0.009278463381579581,CCL3/CCL7/CCL21/CXCL13/XCL1,5
3,GO:0001569,branching involved in blood vessel morphogenesis,7/1056,36/18986,0.19444444444444445,3.495949074074074,3.637721763038585,0.003259117033752639,0.01445512541396663,0.009392252604470226,EDN1/ENG/COL4A1/GDF2/KDR/NRP1/TGFBR2,7
3,GO:0032373,positive regulation of sterol transport,7/1056,36/18986,0.19444444444444445,3.495949074074074,3.637721763038585,0.003259117033752639,0.01445512541396663,0.009392252604470226,APOA1/ADIPOQ/APOE/CES1/LRP1/PLTP/TREM2,7
3,GO:0032376,positive regulation of cholesterol transport,7/1056,36/18986,0.19444444444444445,3.495949074074074,3.637721763038585,0.003259117033752639,0.01445512541396663,0.009392252604470226,APOA1/ADIPOQ/APOE/CES1/LRP1/PLTP/TREM2,7
3,GO:0048469,cell maturation,22/1056,210/18986,0.10476190476190476,1.8835317460317462,3.124477365044983,0.0032631368022082497,0.01445512541396663,0.009392252604470226,AGRN/AXL/C3/ANG/CCL21/CNTN2/CLEC7A/CX3CL1/CNTNAP2/C1QA/EDN1/ADGRB3/EPO/KDR/MYOC/NRCAM/NPPC/RET/SPINK1/IL15/PLA2G10/REN,22
3,GO:0045089,positive regulation of innate immune response,35/1056,387/18986,0.09043927648578812,1.626022825150732,3.0195899306950595,0.0032682324562702003,0.01445512541396663,0.009392252604470226,ADAM8/CD160/CD274/CD300A/CD14/CD300LF/COLEC12/CLEC6A/CRTAM/CLEC7A/CTSS/FCN1/HAVCR2/IL12B/FCN2/KLRD1/LAMP2/LAG3/LILRA2/LY96/NECTIN2/MMP12/LAMP1/PTPRS/LBP/S100A14/SLAMF6/TNF/KLRK1/TYRO3/TREM2/FCRL3/PVR/REG3G/SMPDL3A,35
3,GO:0002775,antimicrobial peptide production,4/1056,12/18986,0.3333333333333333,5.993055555555555,4.1987951631934255,0.00328640290691928,0.01445512541396663,0.009392252604470226,KLK7/LGALS4/SPINK5/MMP7,4
3,GO:0017038,protein import,4/1056,12/18986,0.3333333333333333,5.993055555555555,4.1987951631934255,0.00328640290691928,0.01445512541396663,0.009392252604470226,APOE/CLU/ARHGEF5/LAMP2,4
3,GO:0019732,antifungal humoral response,4/1056,12/18986,0.3333333333333333,5.993055555555555,4.1987951631934255,0.00328640290691928,0.01445512541396663,0.009392252604470226,ANG/CALCA/NPY/RARRES2,4
3,GO:0032610,interleukin-1 alpha production,4/1056,12/18986,0.3333333333333333,5.993055555555555,4.1987951631934255,0.00328640290691928,0.01445512541396663,0.009392252604470226,CX3CL1/CALCA/IL1R2/S100A13,4
3,GO:0032650,regulation of interleukin-1 alpha production,4/1056,12/18986,0.3333333333333333,5.993055555555555,4.1987951631934255,0.00328640290691928,0.01445512541396663,0.009392252604470226,CX3CL1/CALCA/IL1R2/S100A13,4
3,GO:0032966,negative regulation of collagen biosynthetic process,4/1056,12/18986,0.3333333333333333,5.993055555555555,4.1987951631934255,0.00328640290691928,0.01445512541396663,0.009392252604470226,IL6/NOTCH1/NPPC/IL6R,4
3,GO:0042117,monocyte activation,4/1056,12/18986,0.3333333333333333,5.993055555555555,4.1987951631934255,0.00328640290691928,0.01445512541396663,0.009392252604470226,ADAM9/CSF1/FN1/LILRB4,4
3,GO:0048012,hepatocyte growth factor receptor signaling pathway,4/1056,12/18986,0.3333333333333333,5.993055555555555,4.1987951631934255,0.00328640290691928,0.01445512541396663,0.009392252604470226,ESM1/HGF/MET/NRP1,4
3,GO:0060192,negative regulation of lipase activity,4/1056,12/18986,0.3333333333333333,5.993055555555555,4.1987951631934255,0.00328640290691928,0.01445512541396663,0.009392252604470226,APOC1/ANGPTL4/ANGPTL3/APOA2,4
3,GO:0060312,regulation of blood vessel remodeling,4/1056,12/18986,0.3333333333333333,5.993055555555555,4.1987951631934255,0.00328640290691928,0.01445512541396663,0.009392252604470226,CST3/FLT4/CEACAM1/HRG,4
3,GO:0070528,protein kinase C signaling,4/1056,12/18986,0.3333333333333333,5.993055555555555,4.1987951631934255,0.00328640290691928,0.01445512541396663,0.009392252604470226,CSRP3/SEZ6/SEZ6L/SEZ6L2,4
3,GO:0072017,distal tubule development,4/1056,12/18986,0.3333333333333333,5.993055555555555,4.1987951631934255,0.00328640290691928,0.01445512541396663,0.009392252604470226,CALB1/NOTCH1/PKD1/UMOD,4
3,GO:0097067,cellular response to thyroid hormone stimulus,4/1056,12/18986,0.3333333333333333,5.993055555555555,4.1987951631934255,0.00328640290691928,0.01445512541396663,0.009392252604470226,CTSL/CTSS/CTSB/INHBB,4
3,GO:0097084,vascular associated smooth muscle cell development,4/1056,12/18986,0.3333333333333333,5.993055555555555,4.1987951631934255,0.00328640290691928,0.01445512541396663,0.009392252604470226,ADM/COMP/ENG/NOTCH1,4
3,GO:2000343,positive regulation of chemokine (C-X-C motif) ligand 2 production,4/1056,12/18986,0.3333333333333333,5.993055555555555,4.1987951631934255,0.00328640290691928,0.01445512541396663,0.009392252604470226,CD74/LPL/TNF/POSTN,4
3,GO:2000833,positive regulation of steroid hormone secretion,4/1056,12/18986,0.3333333333333333,5.993055555555555,4.1987951631934255,0.00328640290691928,0.01445512541396663,0.009392252604470226,C1QTNF1/RETN/GAL/SPP1,4
3,GO:2001214,positive regulation of vasculogenesis,4/1056,12/18986,0.3333333333333333,5.993055555555555,4.1987951631934255,0.00328640290691928,0.01445512541396663,0.009392252604470226,ADM/CD34/CEACAM1/KDR,4
3,GO:0007179,transforming growth factor beta receptor signaling pathway,25/1056,250/18986,0.1,1.7979166666666668,3.082025425247637,0.0033449809480208628,0.014700235965087422,0.00955151377628428,ACVRL1/ADAMTSL2/ADAM9/ASPN/BAMBI/CD109/CDH3/CDH5/CILP/DKK3/ENG/FOLR1/FURIN/GDF15/ITGB6/LTBP2/MSTN/LRG1/TGFBR2/TGFBR3/LTBP3/VASN/SMAD5/WFIKKN1/WFIKKN2,25
3,GO:0010952,positive regulation of peptidase activity,17/1056,147/18986,0.11564625850340136,2.0792233560090705,3.187778923652527,0.0033572518452749966,0.014741595623843789,0.009578387314323537,AGER/CR1/CTSD/CLEC7A/EFNA1/EPHA4/FAS/F3/GSN/GRN/LGALS9/FASLG/RET/ROBO1/PRSS22/TNF/TNFSF10,17
3,GO:0030900,forebrain development,37/1056,416/18986,0.0889423076923077,1.5991085737179487,2.9984261943272323,0.0033602315161294395,0.0147421220984232,0.0095787293924514,APLP1/AXL/B2M/BCAN/ADGRG1/CDH1/CDH2/BMP4/CDON/CNTN2/CNTNAP2/CSF1R/DRAXIN/EGFR/FGFR2/IGF1R/ERBB4/ITGAM/INHBB/NOTCH1/NOTCH3/NRP1/NTRK2/NRP2/NPY/NEFL/PTPRS/LAMB1/PCDH9/ROBO1/ROBO2/RTN4R/SEMA7A/TYRO3/SCN2A/SCT/TNR,37
3,GO:0042310,vasoconstriction,12/1056,88/18986,0.13636363636363635,2.4517045454545454,3.3125219554140193,0.0033969531911363857,0.014877904588197167,0.009666954392698638,ACE2/ADM/CD38/ACTA2/COMP/EDN1/EGFR/FGA/DBH/ITGB1/LEP/KEL,12
3,GO:0071347,cellular response to interleukin-1,12/1056,88/18986,0.13636363636363635,2.4517045454545454,3.3125219554140193,0.0033969531911363857,0.014877904588197167,0.009666954392698638,CCL3/EDN1/HYAL1/IL1RN/IL1R1/IL1R2/INHBB/IL6/SFRP1/IL1RL2/PYDC1/SIRPA,12
3,GO:0070527,platelet aggregation,11/1056,77/18986,0.14285714285714285,2.568452380952381,3.3467982601381885,0.0034307816349504576,0.015000576190135378,0.009746660561950232,C1QTNF1/COMP/FGA/CEACAM1/GLA/IL6ST/FGL1/IL6/PDGFRA/IL6R/TYRO3,11
3,GO:1904377,positive regulation of protein localization to cell periphery,11/1056,77/18986,0.14285714285714285,2.568452380952381,3.3467982601381885,0.0034307816349504576,0.015000576190135378,0.009746660561950232,DPP10/EGFR/EPHA2/AGR2/ITGB1/LGALS3/LRP1/TNF/TREM2/IFNG/SORBS1,11
3,GO:0009746,response to hexose,22/1056,211/18986,0.10426540284360189,1.874605055292259,3.1003473502674708,0.003457268053185962,0.015103573571333587,0.009813583358820455,AGER/ADIPOQ/ANGPT2/APOA2/COL1A1/COL6A3/CPB2/FGF21/GAS6/GCG/ERN1/ICAM1/IGF1R/KHK/LPL/GIP/PTPRN2/REG3A/SERPINF1/TNF/TREM2/VSNL1,22
3,GO:0030857,negative regulation of epithelial cell differentiation,9/1056,56/18986,0.16071428571428573,2.889508928571429,3.4364875118196223,0.0035187942812905815,0.015346349001736844,0.009971327280315816,ACVRL1/DLL1/FST/NOTCH1/REG3A/FRZB/IFNG/REG3G/YAP1,9
3,GO:0048260,positive regulation of receptor-mediated endocytosis,9/1056,56/18986,0.16071428571428573,2.889508928571429,3.4364875118196223,0.0035187942812905815,0.015346349001736844,0.009971327280315816,B2M/C3/CCL21/CLU/PCSK9/SELE/SFRP4/TF/NTF3,9
3,GO:2001233,regulation of apoptotic signaling pathway,36/1056,403/18986,0.08933002481389578,1.6060794044665012,2.9844977164185282,0.0035263525446595197,0.01535489758317392,0.009976881741724319,CD74/BMP4/CTSL/CTSS/CX3CL1/CTSC/CLU/EPO/FAS/FGA/DBH/HGF/ICAM1/HYOU1/IL19/ITGAV/INHBB/LGALS3/LTBR/FASLG/LTA/NRP1/PLAUR/NOS3/PTPRC/RET/SCG2/SFRP1/TNFRSF12A/TNF/TNFSF10/TREM2/SRPX/TNFSF11/VNN1/YAP1,36
3,GO:0030890,positive regulation of B cell proliferation,8/1056,46/18986,0.17391304347826086,3.1268115942028984,3.504814708395014,0.0035267116854467355,0.01535489758317392,0.009976881741724319,CD38/CD74/PTPRC/TNFRSF4/TNFRSF13C/FCRL3/TFRC/TNFSF13B,8
3,GO:0044242,cellular lipid catabolic process,24/1056,238/18986,0.10084033613445378,1.8130252100840336,3.0631067579123163,0.003586895862504043,0.015582960182988504,0.010125065966056343,ACAA1/APOA4/ADIPOQ/APOC1/ANGPTL3/APOA2/FABP1/FGF21/ENPP7/ENPP2/GLA/GM2A/HAO1/ENPP6/AKR1B10/LDLR/LEP/LPL/PLA2G15/SCARB2/SMPD1/PLA2G10/PLA2G7/PLB1,24
3,GO:0010596,negative regulation of endothelial cell migration,13/1056,100/18986,0.13,2.3372916666666668,3.2538929479852903,0.003588161733696868,0.015582960182988504,0.010125065966056343,ACVRL1/ANGPT2/BMP10/APOE/DCN/CXCL13/GDF2/NOTCH1/PTPRM/HRG/SERPINF1/STC1/TNF,13
3,GO:0014909,smooth muscle cell migration,13/1056,100/18986,0.13,2.3372916666666668,3.2538929479852903,0.003588161733696868,0.015582960182988504,0.010125065966056343,ADIPOQ/CCN3/CCN4/BMP4/DDR1/ITGA2/LRP1/NRP1/PLAU/PLAT/IGFBP3/TAFA5/POSTN,13
3,GO:0034614,cellular response to reactive oxygen species,17/1056,148/18986,0.11486486486486487,2.0651745495495497,3.15704925527884,0.003601831440503064,0.01562915915470816,0.01015508385936625,AMBP/APOA4/AXL/EDN1/FABP1/CDK1/ERN1/HGF/GPR37/IL18BP/IL6/MB/MET/PDGFRA/NOS3/MMP3/SIRPA,17
3,GO:0060759,regulation of response to cytokine stimulus,21/1056,199/18986,0.10552763819095477,1.8972989949748744,3.0880343094116074,0.003665499474587082,0.015892051969298913,0.010325899099761936,APOA1/ADIPOQ/AXL/CD300LF/CD74/CSF1/EDN1/ECM1/GAS6/IL1RN/IL1R1/IL1R2/IL6ST/IL6/MMP12/PTPRC/ROBO1/TNFRSF1A/TNFRSF11B/TREM2/PYDC1,21
3,GO:0014013,regulation of gliogenesis,14/1056,112/18986,0.125,2.2473958333333335,3.2131310584137234,0.003686364467435471,0.01596908305010912,0.010375950230322574,EGFR/F2/IL6ST/IL6/LDLR/GFAP/LTA/NOTCH1/PTPRZ1/PTN/SPINT1/TNF/TNFRSF1B/TREM2,14
3,GO:0033077,T cell differentiation in thymus,12/1056,89/18986,0.1348314606741573,2.4241573033707864,3.268162543345431,0.0037325371734189565,0.01615552403776215,0.010497090711758469,ADAM8/B2M/CD28/CD74/BMP4/ERBB2/IL7R/NFATC3/PTPRC/CLEC4G/TNFRSF9/VNN1,12
3,GO:0032890,regulation of organic acid transport,11/1056,78/18986,0.14102564102564102,2.5355235042735043,3.2978286616201973,0.0037981026035205146,0.01642551922915122,0.010672520738610277,ACE2/CES1/EDN1/FABP3/ITGB1/LEP/OXT/TNFRSF11A/TNF/PLA2G10/TNFSF11,11
3,GO:0003209,cardiac atrium morphogenesis,6/1056,28/18986,0.21428571428571427,3.852678571428571,3.6659177023492284,0.0038258001620221664,0.01646710657298258,0.010699542215576207,BMP10/CCN1/ENG/HEG1/NOTCH1/NOTCH2,6
3,GO:0010818,T cell chemotaxis,6/1056,28/18986,0.21428571428571427,3.852678571428571,3.6659177023492284,0.0038258001620221664,0.01646710657298258,0.010699542215576207,CCL3/CCL21/CXCL10/CXCL16/CXCL13/XCL1,6
3,GO:0033081,regulation of T cell differentiation in thymus,6/1056,28/18986,0.21428571428571427,3.852678571428571,3.6659177023492284,0.0038258001620221664,0.01646710657298258,0.010699542215576207,ADAM8/BMP4/ERBB2/IL7R/CLEC4G/VNN1,6
3,GO:0036037,"CD8-positive, alpha-beta T cell activation",6/1056,28/18986,0.21428571428571427,3.852678571428571,3.6659177023492284,0.0038258001620221664,0.01646710657298258,0.010699542215576207,CD274/CRTAM/LILRB1/LILRB4/TNFSF8/XCL1,6
3,GO:0003230,cardiac atrium development,7/1056,37/18986,0.1891891891891892,3.4014639639639643,3.5483863772329154,0.003830079685937171,0.01646710657298258,0.010699542215576207,BMP10/CCN1/ENG/HEG1/IGF1R/NOTCH1/NOTCH2,7
3,GO:0034110,regulation of homotypic cell-cell adhesion,7/1056,37/18986,0.1891891891891892,3.4014639639639643,3.5483863772329154,0.003830079685937171,0.01646710657298258,0.010699542215576207,C1QTNF1/CEACAM1/IL6ST/IL6/PLAUR/IL6R/TNFSF11,7
3,GO:0045773,positive regulation of axon extension,7/1056,37/18986,0.1891891891891892,3.4014639639639643,3.5483863772329154,0.003830079685937171,0.01646710657298258,0.010699542215576207,FN1/CDH4/ISLR2/L1CAM/NRP1/DSCAM/SEMA7A,7
3,GO:0007626,locomotory behavior,22/1056,213/18986,0.10328638497652583,1.8570031298904541,3.0524775935503143,0.003874642071381263,0.016644816564975344,0.010815009711522088,APOE/CALB1/CHL1/CNTN1/CNTN2/DPP4/EPHA4/GLA/CEND1/DBH/GPR37/IDO1/HPGDS/DSCAM/PENK/GIP/SELENOP/SEZ6/SLURP1/SLITRK6/SNCG/TNR,22
3,GO:0072163,mesonephric epithelium development,13/1056,101/18986,0.12871287128712872,2.314150165016502,3.2136183700127328,0.003913939510384911,0.01678565572049436,0.010906520292534186,BMPER/BMP4/CALB1/CRLF1/EPCAM/FGFR2/PKD1/RET/ROBO2/SDC1/SFRP1/SMAD5/TACSTD2,13
3,GO:0072164,mesonephric tubule development,13/1056,101/18986,0.12871287128712872,2.314150165016502,3.2136183700127328,0.003913939510384911,0.01678565572049436,0.010906520292534186,BMPER/BMP4/CALB1/CRLF1/EPCAM/FGFR2/PKD1/RET/ROBO2/SDC1/SFRP1/SMAD5/TACSTD2,13
3,GO:0001776,leukocyte homeostasis,14/1056,113/18986,0.12389380530973451,2.2275073746312684,3.1760693504112765,0.003998017321992931,0.017131986113776858,0.01113154930094195,AXL/CD74/CSF1/FAS/FCAR/IL2RA/IL7R/IL6/LGALS9/MERTK/KITLG/TNFRSF13B/TNFRSF17/TNFSF13B,14
3,GO:0031641,regulation of myelination,8/1056,47/18986,0.1702127659574468,3.060283687943262,3.431978401777106,0.004047147248079002,0.017178190572469065,0.011161570759425508,CTSC/CST7/JAM2/PTPRZ1/PTN/TNF/TNFRSF1B/TNFRSF21,8
3,GO:0032892,positive regulation of organic acid transport,8/1056,47/18986,0.1702127659574468,3.060283687943262,3.431978401777106,0.004047147248079002,0.017178190572469065,0.011161570759425508,ACE2/EDN1/FABP3/ITGB1/OXT/TNFRSF11A/PLA2G10/TNFSF11,8
3,GO:0060711,labyrinthine layer development,8/1056,47/18986,0.1702127659574468,3.060283687943262,3.431978401777106,0.004047147248079002,0.017178190572469065,0.011161570759425508,ADM/CCN1/FGFR2/PLG/PCDH12/RSPO3/SPINT1/HS6ST1,8
3,GO:0090278,negative regulation of peptide hormone secretion,8/1056,47/18986,0.1702127659574468,3.060283687943262,3.431978401777106,0.004047147248079002,0.017178190572469065,0.011161570759425508,CCN3/CRHBP/CHGA/INHBB/FAM3D/LEP/SFRP1/VSNL1,8
3,GO:0032305,positive regulation of icosanoid secretion,5/1056,20/18986,0.25,4.494791666666667,3.7948580139377484,0.004055452556099875,0.017178190572469065,0.011161570759425508,EDN1/OXT/TNFRSF11A/PLA2G10/TNFSF11,5
3,GO:0033033,negative regulation of myeloid cell apoptotic process,5/1056,20/18986,0.25,4.494791666666667,3.7948580139377484,0.004055452556099875,0.017178190572469065,0.011161570759425508,CLEC5A/EPO/GAS6/KITLG/ST6GAL1,5
3,GO:0035455,response to interferon-alpha,5/1056,20/18986,0.25,4.494791666666667,3.7948580139377484,0.004055452556099875,0.017178190572469065,0.011161570759425508,AXL/BST2/GAS6/FCAR/LAMP3,5
3,GO:0045953,negative regulation of natural killer cell mediated cytotoxicity,5/1056,20/18986,0.25,4.494791666666667,3.7948580139377484,0.004055452556099875,0.017178190572469065,0.011161570759425508,CEACAM1/HAVCR2/KLRD1/LGALS9/LILRB1,5
3,GO:0051797,regulation of hair follicle development,5/1056,20/18986,0.25,4.494791666666667,3.7948580139377484,0.004055452556099875,0.017178190572469065,0.011161570759425508,CDH3/DKK4/FST/GAL/TNF,5
3,GO:0060602,branch elongation of an epithelium,5/1056,20/18986,0.25,4.494791666666667,3.7948580139377484,0.004055452556099875,0.017178190572469065,0.011161570759425508,BMP4/AREG/FGFR2/TNC/YAP1,5
3,GO:0071605,monocyte chemotactic protein-1 production,5/1056,20/18986,0.25,4.494791666666667,3.7948580139377484,0.004055452556099875,0.017178190572469065,0.011161570759425508,AGER/ADIPOQ/APOD/CLEC7A/LGALS9,5
3,GO:0071637,regulation of monocyte chemotactic protein-1 production,5/1056,20/18986,0.25,4.494791666666667,3.7948580139377484,0.004055452556099875,0.017178190572469065,0.011161570759425508,AGER/ADIPOQ/APOD/CLEC7A/LGALS9,5
3,GO:1901739,regulation of myoblast fusion,5/1056,20/18986,0.25,4.494791666666667,3.7948580139377484,0.004055452556099875,0.017178190572469065,0.011161570759425508,CXCL10/CXCL9/GDF15/IL4R/SCGB3A1,5
3,GO:2001185,"regulation of CD8-positive, alpha-beta T cell activation",5/1056,20/18986,0.25,4.494791666666667,3.7948580139377484,0.004055452556099875,0.017178190572469065,0.011161570759425508,CD274/CRTAM/LILRB1/LILRB4/XCL1,5
3,GO:0023061,signal release,42/1056,493/18986,0.08519269776876268,1.5316937119675456,2.902875527202544,0.004060249559438894,0.01718438955575328,0.011165598563766796,ADAM8/ADIPOQ/C1QTNF1/CCN3/CD38/BGLAP/CRHBP/EDN1/EGFR/FAM3B/FGA/CHGA/GCG/FGF23/F2/IL1RN/INHBB/FAM3D/IL6/LEP/LILRB1/GRP/GIP/OXT/PTPRN2/CPE/RETN/SFRP1/SPINK1/GAL/SNCG/SPP1/TNFRSF11A/TNF/SYT1/IFNG/PLA2G10/REN/SCT/TNFSF11/VGF/VSNL1,42
3,GO:2001237,negative regulation of extrinsic apoptotic signaling pathway,13/1056,102/18986,0.12745098039215685,2.2914624183006533,3.1738176993650815,0.004263224054184016,0.01802864643094225,0.011714156504825818,BMP4/CX3CL1/FGA/HGF/ICAM1/IL19/ITGAV/LGALS3/NRP1/NOS3/SCG2/TNF/YAP1,13
3,GO:0002520,immune system development,21/1056,202/18986,0.10396039603960396,1.8691212871287128,3.0137633494447447,0.004364363100903442,0.018434390386335955,0.011977789618524888,CD28/CD248/CDH17/HAVCR2/IDO1/IL2RA/IL7R/LGALS9/LILRB4/LTBR/LILRB2/LTA/PDCD1/PTPRC/RET/TGFBR2/TNFRSF11A/TNFSF13/IL15/NFKB2/TFRC,21
3,GO:0001764,neuron migration,20/1056,189/18986,0.10582010582010581,1.9025573192239857,3.0262760362465913,0.004366322145822736,0.018434390386335955,0.011977789618524888,AXL/ADGRG1/CELSR2/CHL1/CNTN2/CX3CL1/DNER/FLRT2/GAS6/GFRA3/ERBB4/KIAA0319/NRP1/NRCAM/NTRK2/NRP2/MATN2/PLXNB2/TYRO3/SPOCK1,20
3,GO:0046434,organophosphate catabolic process,24/1056,242/18986,0.09917355371900827,1.7830578512396695,2.975209201974799,0.004428002939863875,0.018679505036823467,0.012137053453912354,APOC1/ANGPTL3/APOA2/DCTPP1/ENO3/ENPP7/FBP1/ENPP2/ENTPD2/ENTPD6/GPD1/ENPP6/LDLR/NT5C1A/NT5E/PLA2G15/SMPD1/UPB1/IFNG/PLA2G10/PLA2G7/PLB1/SMPDL3A/VNN1,24
3,GO:0010669,epithelial structure maintenance,7/1056,38/18986,0.18421052631578946,3.311951754385965,3.4620711772571244,0.004473825571824102,0.01879590124103769,0.012212682168356104,CXADR/SERPINA3/MUC2/TFF1/TFF2/MUC13/TFF3,7
3,GO:0010934,macrophage cytokine production,7/1056,38/18986,0.18421052631578946,3.311951754385965,3.4620711772571244,0.004473825571824102,0.01879590124103769,0.012212682168356104,ACP5/AXL/CD74/LILRB1/PRG2/SEMA7A/SPON2,7
3,GO:0010935,regulation of macrophage cytokine production,7/1056,38/18986,0.18421052631578946,3.311951754385965,3.4620711772571244,0.004473825571824102,0.01879590124103769,0.012212682168356104,ACP5/AXL/CD74/LILRB1/PRG2/SEMA7A/SPON2,7
3,GO:0070229,negative regulation of lymphocyte apoptotic process,7/1056,38/18986,0.18421052631578946,3.311951754385965,3.4620711772571244,0.004473825571824102,0.01879590124103769,0.012212682168356104,CD27/CD74/BMP4/EFNA1/IDO1/IL7R/PDCD1,7
3,GO:0071404,cellular response to low-density lipoprotein particle stimulus,7/1056,38/18986,0.18421052631578946,3.311951754385965,3.4620711772571244,0.004473825571824102,0.01879590124103769,0.012212682168356104,CES1/FGF21/ITGB1/ITGB2/LDLR/LPL/TREM2,7
3,GO:0002863,positive regulation of inflammatory response to antigenic stimulus,4/1056,13/18986,0.3076923076923077,5.532051282051283,3.9668483983587524,0.004539855558737836,0.01891392303199259,0.012289367111705637,C3/CD28/LTA/TNF,4
3,GO:0009415,response to water,4/1056,13/18986,0.3076923076923077,5.532051282051283,3.9668483983587524,0.004539855558737836,0.01891392303199259,0.012289367111705637,COL18A1/KRT8/LRP11/UMOD,4
3,GO:0032490,detection of molecule of bacterial origin,4/1056,13/18986,0.3076923076923077,5.532051282051283,3.9668483983587524,0.004539855558737836,0.01891392303199259,0.012289367111705637,LY96/LBP/SSC5D/TREM2,4
3,GO:0033083,regulation of immature T cell proliferation,4/1056,13/18986,0.3076923076923077,5.532051282051283,3.9668483983587524,0.004539855558737836,0.01891392303199259,0.012289367111705637,BMP4/ERBB2/CLEC4G/TNFRSF9,4
3,GO:0033084,regulation of immature T cell proliferation in thymus,4/1056,13/18986,0.3076923076923077,5.532051282051283,3.9668483983587524,0.004539855558737836,0.01891392303199259,0.012289367111705637,BMP4/ERBB2/CLEC4G/TNFRSF9,4
3,GO:0033690,positive regulation of osteoblast proliferation,4/1056,13/18986,0.3076923076923077,5.532051282051283,3.9668483983587524,0.004539855558737836,0.01891392303199259,0.012289367111705637,CCN1/CTHRC1/IGF1R/ITGAV,4
3,GO:0036462,TRAIL-activated apoptotic signaling pathway,4/1056,13/18986,0.3076923076923077,5.532051282051283,3.9668483983587524,0.004539855558737836,0.01891392303199259,0.012289367111705637,TNFRSF10A/TNFRSF10B/TNFSF10/TNFRSF10C,4
3,GO:0060670,branching involved in labyrinthine layer morphogenesis,4/1056,13/18986,0.3076923076923077,5.532051282051283,3.9668483983587524,0.004539855558737836,0.01891392303199259,0.012289367111705637,ADM/FGFR2/RSPO3/SPINT1,4
3,GO:1903977,positive regulation of glial cell migration,4/1056,13/18986,0.3076923076923077,5.532051282051283,3.9668483983587524,0.004539855558737836,0.01891392303199259,0.012289367111705637,CCL3/CSF1/CX3CL1/TREM2,4
3,GO:2001198,regulation of dendritic cell differentiation,4/1056,13/18986,0.3076923076923077,5.532051282051283,3.9668483983587524,0.004539855558737836,0.01891392303199259,0.012289367111705637,AGER/LGALS9/LILRB1/LILRB2,4
3,GO:0010976,positive regulation of neuron projection development,18/1056,164/18986,0.10975609756097561,1.9733231707317074,3.0380381050348526,0.004542276763066309,0.01891392303199259,0.012289367111705637,BAIAP2/APOE/CNTN1/CX3CL1/DDR1/EPO/GRN/IGF1R/NTRK2/NTRK3/PLXNB2/RGMA/RET/PTN/ROR1/SCARB2/SERPINF1/SERPINI1,18
3,GO:0003094,glomerular filtration,6/1056,29/18986,0.20689655172413793,3.719827586206897,3.5571541293852906,0.004600629110637598,0.019126002472045822,0.012427166239430253,CD34/EDN1/GAS6/MCAM/JCHAIN/UMOD,6
3,GO:0003401,axis elongation,6/1056,29/18986,0.20689655172413793,3.719827586206897,3.5571541293852906,0.004600629110637598,0.019126002472045822,0.012427166239430253,BMP4/AREG/FGFR2/SFRP1/TNC/YAP1,6
3,GO:0048872,homeostasis of number of cells,31/1056,339/18986,0.09144542772861357,1.6441125860373647,2.904051167954834,0.004620223557231941,0.019172568160174243,0.012457422407611302,AXL/B2M/CCN3/ADGRG1/CD74/CDH2/BMP4/CSF1/EPO/FAS/FSTL1/ARHGEF5/FCAR/IL2RA/IL7R/KIT/IL6/LGALS9/MERTK/KITLG/MB/NOTCH1/NOS3/MUC2/TGFBR3/TNFRSF13B/TNFRSF17/PLA2G10/PTH/SMAD5/TNFSF13B,31
3,GO:0002534,cytokine production involved in inflammatory response,11/1056,80/18986,0.1375,2.472135416666667,3.2021379884554,0.00462670704001101,0.019172568160174243,0.012457422407611302,APOD/CLEC7A/F2/IL1R2/IL6/LEP/LILRB4/TNF/TREM2/PLA2G10/SIRPA,11
3,GO:0046637,regulation of alpha-beta T cell differentiation,11/1056,80/18986,0.1375,2.472135416666667,3.2021379884554,0.00462670704001101,0.019172568160174243,0.012457422407611302,CD80/CD83/CD86/IL12B/IL12RB1/IL4R/LGALS1/LGALS9/LILRB4/TGFBR2/IFNG,11
3,GO:1900015,regulation of cytokine production involved in inflammatory response,11/1056,80/18986,0.1375,2.472135416666667,3.2021379884554,0.00462670704001101,0.019172568160174243,0.012457422407611302,APOD/CLEC7A/F2/IL1R2/IL6/LEP/LILRB4/TNF/TREM2/PLA2G10/SIRPA,11
3,GO:0061180,mammary gland epithelium development,10/1056,69/18986,0.14492753623188406,2.605676328502416,3.24267582194157,0.004646483376975154,0.0192390536612907,0.012500621522329268,CCL11/AREG/CSF1/DDR1/CSF1R/EPHA2/FGFR2/ERBB4/ROBO1/TNFSF11,10
3,GO:1903829,positive regulation of protein localization,42/1056,497/18986,0.08450704225352113,1.5193661971830987,2.8473593360606078,0.004674766988749389,0.019340629074641333,0.012566620392160647,ADAM8/ADAM9/BAG3/BSG/APOE/ANG/ACHE/CD38/CDH1/BMP4/DPP10/EDN1/EGFR/EPHA2/ERBB2/CLSTN3/FGA/GAS6/GCG/AGR2/ARHGEF5/CDK1/GZMB/F2/ERBB4/ITGAM/ITGB1/ITGB2/LEP/LGALS3/LRP1/PDZK1/GIP/PTP4A3/TNF/SLC51B/TREM2/IFNG/SORBS1/TFRC/VSNL1/YAP1,42
3,GO:0090276,regulation of peptide hormone secretion,21/1056,204/18986,0.10294117647058823,1.8507965686274508,2.9649475175314355,0.004889107339913574,0.02020472230703583,0.0131280670541606,CCN3/CD38/CRHBP/EGFR/FGA/CHGA/GCG/F2/INHBB/FAM3D/IL6/LEP/GRP/GIP/SFRP1/SPINK1/TNF/IFNG/SCT/TNFSF11/VSNL1,21
3,GO:0046328,regulation of JNK cascade,16/1056,140/18986,0.11428571428571428,2.0547619047619046,3.039876747028204,0.004891463324768325,0.02020472230703583,0.0131280670541606,AGER/AMBP/CCL21/CD27/EDA2R/EDN1/FLT4/IGF1R/LTBR/MYOC/SERPINF2/SLAMF1/TNF/TNFRSF19/SIRPA/TNFSF11,16
3,GO:0051924,regulation of calcium ion transport,25/1056,258/18986,0.09689922480620156,1.7421673126614987,2.912816261308945,0.005024813020675191,0.020734582544350937,0.013472345021415016,AHNAK/CCL3/CD4/CXCL10/CX3CL1/CALCA/CXCL9/EPO/GCG/F2/LGALS3/LILRA2/LILRA5/LILRB1/LILRB2/CAPN3/NOS1/NOS3/SPINK1/STC1/STC2/THY1/FCRL3/HRC/XCL1,25
3,GO:0048008,platelet-derived growth factor receptor signaling pathway,9/1056,59/18986,0.15254237288135594,2.742584745762712,3.253315166435454,0.0050318065495602365,0.020734582544350937,0.013472345021415016,ADIPOQ/APOD/CSPG4/F7/F3/LRP1/NRP1/PDGFRA/PLAT,9
3,GO:0050850,positive regulation of calcium-mediated signaling,9/1056,59/18986,0.15254237288135594,2.742584745762712,3.253315166435454,0.0050318065495602365,0.020734582544350937,0.013472345021415016,CCL3/CD4/CLEC7A/EDN1/ERBB3/PDGFRA/PTPRC/TNF/TREM2,9
3,GO:0002062,chondrocyte differentiation,14/1056,116/18986,0.1206896551724138,2.1698994252873565,3.0671759288653746,0.0050635028739375865,0.020793723480345108,0.013510771987229187,ACVRL1/CCN3/CCN4/BMP4/COMP/EFEMP1/ECM1/CYTL1/NPPC/TGFBR2/TGFBI/LTBP3/PTH/WNT9A,14
3,GO:0001780,neutrophil homeostasis,5/1056,21/18986,0.23809523809523808,4.2807539682539675,3.650513860256221,0.005082461995195894,0.020793723480345108,0.013510771987229187,AXL/CSF1/FCAR/IL6/MERTK,5
3,GO:0002716,negative regulation of natural killer cell mediated immunity,5/1056,21/18986,0.23809523809523808,4.2807539682539675,3.650513860256221,0.005082461995195894,0.020793723480345108,0.013510771987229187,CEACAM1/HAVCR2/KLRD1/LGALS9/LILRB1,5
3,GO:0044321,response to leptin,5/1056,21/18986,0.23809523809523808,4.2807539682539675,3.650513860256221,0.005082461995195894,0.020793723480345108,0.013510771987229187,EDN1/FGF23/INHBB/LEP/LEPR,5
3,GO:0048535,lymph node development,5/1056,21/18986,0.23809523809523808,4.2807539682539675,3.650513860256221,0.005082461995195894,0.020793723480345108,0.013510771987229187,CD248/IL7R/LTA/TNFRSF11A/IL15,5
3,GO:0048846,axon extension involved in axon guidance,5/1056,21/18986,0.23809523809523808,4.2807539682539675,3.650513860256221,0.005082461995195894,0.020793723480345108,0.013510771987229187,ALCAM/NRP1/NRP2/DSCAM/SEMA3F,5
3,GO:0060973,cell migration involved in heart development,5/1056,21/18986,0.23809523809523808,4.2807539682539675,3.650513860256221,0.005082461995195894,0.020793723480345108,0.013510771987229187,BMP4/EDN1/ENG/FOLR1/NOTCH1,5
3,GO:1902284,neuron projection extension involved in neuron projection guidance,5/1056,21/18986,0.23809523809523808,4.2807539682539675,3.650513860256221,0.005082461995195894,0.020793723480345108,0.013510771987229187,ALCAM/NRP1/NRP2/DSCAM/SEMA3F,5
3,GO:1905038,regulation of membrane lipid metabolic process,5/1056,21/18986,0.23809523809523808,4.2807539682539675,3.650513860256221,0.005082461995195894,0.020793723480345108,0.013510771987229187,CCN1/ENPP7/SCARB2/TNF/TNFRSF1A,5
3,GO:0045216,cell-cell junction organization,22/1056,218/18986,0.10091743119266056,1.8144113149847096,2.9350139066417262,0.005105306809089014,0.02087062379131948,0.013560738149773568,ACE2/ACVRL1/CDH1/CDH17/CDH3/CDH5/CDH2/CDH6/CNTNAP2/CSF1R/CXADR/DSG2/EPHA2/EPHA4/ESAM/CDH4/HEG1/GDF2/OCLN/PRTN3/POF1B/TNF,22
3,GO:0030307,positive regulation of cell growth,18/1056,166/18986,0.10843373493975904,1.9495481927710843,2.982004957164758,0.005156160645965401,0.021061813098218418,0.013684963863092757,CD38/EDN1/CXCL16/EGFR/ERBB2/FN1/CDH4/HYAL1/IGFBP1/F2/ISLR2/L1CAM/NRP1/DSCAM/SEMA7A/SFRP1/SYT1/YAP1,18
3,GO:0070670,response to interleukin-4,7/1056,39/18986,0.1794871794871795,3.227029914529915,3.3785880507639194,0.005195952394636242,0.02120754916417247,0.013779656223471704,CCL11/CD300LF/IL4R/MRC1/ADAMTS13/PTPRC/XCL1,7
3,GO:0015718,monocarboxylic acid transport,19/1056,179/18986,0.10614525139664804,1.9084031657355678,2.963415221614887,0.005203136808093638,0.02121210567202681,0.01378261682544067,APOE/CES1/EDN1/FABP1/FABP3/FABP4/FABP2/CEACAM1/FABP9/LEP/OXT/FABP6/RBP2/RBP5/TNFRSF11A/TNF/SLC51B/PLA2G10/TNFSF11,19
3,GO:0001837,epithelial to mesenchymal transition,20/1056,192/18986,0.10416666666666667,1.8728298611111112,2.949970778371009,0.005205298482078354,0.02121210567202681,0.01378261682544067,ADAM8/ADAM15/BAMBI/BMP4/COL1A1/EDN1/EFNA1/ENG/EPHA4/FGFR2/HGF/IL6/NCAM1/NOTCH1/LRG1/SFRP1/TGFBR2/TGFBR3/VASN/TNXB,20
3,GO:0030850,prostate gland development,8/1056,49/18986,0.16326530612244897,2.9353741496598635,3.29195963559736,0.00526369586705943,0.021399331383825992,0.013904267183283338,BMP4/FGFR2/NOTCH1/PSAP/SERPINF1/PSAPL1/SFRP1/TNC,8
3,GO:0035850,epithelial cell differentiation involved in kidney development,8/1056,49/18986,0.16326530612244897,2.9353741496598635,3.29195963559736,0.00526369586705943,0.021399331383825992,0.013904267183283338,ADIPOQ/CD34/ACTA2/EDN1/NOTCH1/NOTCH2/PODXL/YAP1,8
3,GO:0050856,regulation of T cell receptor signaling pathway,8/1056,49/18986,0.16326530612244897,2.9353741496598635,3.29195963559736,0.00526369586705943,0.021399331383825992,0.013904267183283338,CD160/CD300A/CEACAM1/LGALS3/LILRB4/NECTIN2/PTPRC/THY1,8
3,GO:0045824,negative regulation of innate immune response,12/1056,93/18986,0.12903225806451613,2.3198924731182795,3.096539891945721,0.005351055646435734,0.021737345829295675,0.014123892884541089,CR1/CEACAM1/GRN/HAVCR2/KLRD1/LGALS9/LILRB1/MMP12/SLAMF8/SERPING1/TYRO3/VSIG4,12
3,GO:0009749,response to glucose,21/1056,206/18986,0.10194174757281553,1.8328276699029127,2.916675254492181,0.005464990499994744,0.022182697659427483,0.014413261310388127,AGER/ADIPOQ/ANGPT2/APOA2/COL1A1/COL6A3/CPB2/FGF21/GAS6/GCG/ERN1/ICAM1/IGF1R/KHK/LPL/GIP/PTPRN2/REG3A/SERPINF1/TREM2/VSNL1,21
3,GO:0015732,prostaglandin transport,6/1056,30/18986,0.2,3.5958333333333337,3.4531162350861515,0.0054850231724240224,0.022194108676488095,0.014420675646247409,EDN1/LEP/OXT/TNFRSF11A/PLA2G10/TNFSF11,6
3,GO:0043032,positive regulation of macrophage activation,6/1056,30/18986,0.2,3.5958333333333337,3.4531162350861515,0.0054850231724240224,0.022194108676488095,0.014420675646247409,CCL3/CTSC/HAVCR2/IL4R/LBP/TREM2,6
3,GO:0060441,epithelial tube branching involved in lung morphogenesis,6/1056,30/18986,0.2,3.5958333333333337,3.4531162350861515,0.0054850231724240224,0.022194108676488095,0.014420675646247409,BMP4/CTSZ/FGFR2/TNF/TNC/YAP1,6
3,GO:2000108,positive regulation of leukocyte apoptotic process,6/1056,30/18986,0.2,3.5958333333333337,3.4531162350861515,0.0054850231724240224,0.022194108676488095,0.014420675646247409,ADAM8/CD274/FCAR/IDO1/LGALS9/PDCD1,6
3,GO:0046777,protein autophosphorylation,19/1056,180/18986,0.10555555555555556,1.8978009259259259,2.9370761094330047,0.005523110976893694,0.022330695753636855,0.014509423429082137,ADIPOQ/DDR1/CSF1R/EGFR/EPHA1/EPHA4/EPHB4/FGFR2/FLT4/ERN1/GPNMB/FLT1/IGF1R/ERBB4/KIT/KDR/NTRK2/PDGFRA/TYRO3,19
3,GO:0046456,icosanoid biosynthetic process,9/1056,60/18986,0.15,2.696875,3.1947963062462366,0.0056346333923579656,0.02276374227085056,0.014790796448179384,CD74/EDN1/GGT1/HPGDS/GGT5/PTGDS/PRG3/LTA4H/PLA2G10,9
3,GO:0046889,positive regulation of lipid biosynthetic process,12/1056,94/18986,0.1276595744680851,2.2952127659574466,3.0550138937518367,0.005832131571254111,0.023536859048556825,0.015293130939304267,ADM/APOA4/APOE/CCN1/CD74/FABP3/ENPP7/IGF1R/LDLR/TNF/IFNG/SORBS1,12
3,GO:1905475,regulation of protein localization to membrane,20/1056,194/18986,0.10309278350515463,1.8535223367697595,2.899855578483017,0.005835132078381304,0.023536859048556825,0.015293130939304267,CDH2/DPP10/EGFR/EPHA2/ERBB2/CSRP3/AGR2/GPC1/GSN/ITGAM/ITGB1/ITGB2/LGALS3/LRP1/PDZK1/TNF/SLC51B/TREM2/IFNG/SORBS1,20
3,GO:0043114,regulation of vascular permeability,8/1056,50/18986,0.16,2.876666666666667,3.2245946930209395,0.005967801286578441,0.024034387212743643,0.015616401064056413,ADM/APOE/CDH5/DDAH1/CEACAM1/OCLN/PTP4A3/TEK,8
3,GO:0061082,myeloid leukocyte cytokine production,8/1056,50/18986,0.16,2.876666666666667,3.2245946930209395,0.005967801286578441,0.024034387212743643,0.015616401064056413,ACP5/AXL/CD74/KIT/LILRB1/PRG2/SEMA7A/SPON2,8
3,GO:0045730,respiratory burst,7/1056,40/18986,0.175,3.1463541666666663,3.297765194668072,0.006002125290182168,0.024153751655651114,0.015693958398750697,CD55/CLEC7A/GRN/LBP/SLAMF8/TREM2/JCHAIN,7
3,GO:0033079,immature T cell proliferation,4/1056,14/18986,0.2857142857142857,5.136904761904762,3.7577691593343867,0.006078993410696551,0.02423604874875539,0.015747431133501386,BMP4/ERBB2/CLEC4G/TNFRSF9,4
3,GO:0033080,immature T cell proliferation in thymus,4/1056,14/18986,0.2857142857142857,5.136904761904762,3.7577691593343867,0.006078993410696551,0.02423604874875539,0.015747431133501386,BMP4/ERBB2/CLEC4G/TNFRSF9,4
3,GO:0034116,positive regulation of heterotypic cell-cell adhesion,4/1056,14/18986,0.2857142857142857,5.136904761904762,3.7577691593343867,0.006078993410696551,0.02423604874875539,0.015747431133501386,AGER/CEACAM6/FGA/TNF,4
3,GO:0045605,negative regulation of epidermal cell differentiation,4/1056,14/18986,0.2857142857142857,5.136904761904762,3.7577691593343867,0.006078993410696551,0.02423604874875539,0.015747431133501386,DLL1/NOTCH1/REG3A/REG3G,4
3,GO:0045683,negative regulation of epidermis development,4/1056,14/18986,0.2857142857142857,5.136904761904762,3.7577691593343867,0.006078993410696551,0.02423604874875539,0.015747431133501386,DLL1/NOTCH1/REG3A/REG3G,4
3,GO:0051004,regulation of lipoprotein lipase activity,4/1056,14/18986,0.2857142857142857,5.136904761904762,3.7577691593343867,0.006078993410696551,0.02423604874875539,0.015747431133501386,APOA4/APOC1/ANGPTL4/ANGPTL3,4
3,GO:0060837,blood vessel endothelial cell differentiation,4/1056,14/18986,0.2857142857142857,5.136904761904762,3.7577691593343867,0.006078993410696551,0.02423604874875539,0.015747431133501386,DLL1/KDR/NOTCH1/NRP1,4
3,GO:0070141,response to UV-A,4/1056,14/18986,0.2857142857142857,5.136904761904762,3.7577691593343867,0.006078993410696551,0.02423604874875539,0.015747431133501386,EGFR/MME/TIMP1/MMP3,4
3,GO:0071107,response to parathyroid hormone,4/1056,14/18986,0.2857142857142857,5.136904761904762,3.7577691593343867,0.006078993410696551,0.02423604874875539,0.015747431133501386,FGF23/ITGA2/SOST/PTH,4
3,GO:0071639,positive regulation of monocyte chemotactic protein-1 production,4/1056,14/18986,0.2857142857142857,5.136904761904762,3.7577691593343867,0.006078993410696551,0.02423604874875539,0.015747431133501386,AGER/ADIPOQ/CLEC7A/LGALS9,4
3,GO:1900272,negative regulation of long-term synaptic potentiation,4/1056,14/18986,0.2857142857142857,5.136904761904762,3.7577691593343867,0.006078993410696551,0.02423604874875539,0.015747431133501386,AGER/APOE/EPHA4/PTN,4
3,GO:1905522,negative regulation of macrophage migration,4/1056,14/18986,0.2857142857142857,5.136904761904762,3.7577691593343867,0.006078993410696551,0.02423604874875539,0.015747431133501386,CD200/C5/CD200R1/SLAMF8,4
3,GO:0007405,neuroblast proliferation,11/1056,83/18986,0.13253012048192772,2.382781124497992,3.063897531287725,0.0061316524040260865,0.02442710057399882,0.0158715675177833,ACAN/BCAN/CDON/CX3CL1/FGFR2/ITGB1/NCAN/NOTCH1/PLXNB2/PTN/VCAN,11
3,GO:0010988,regulation of low-density lipoprotein particle clearance,5/1056,22/18986,0.22727272727272727,4.086174242424242,3.514907694300878,0.006280814343736699,0.024905844570740524,0.016182632584429292,FGF21/IL19/LDLR/PCSK9/TREM2,5
3,GO:0032303,regulation of icosanoid secretion,5/1056,22/18986,0.22727272727272727,4.086174242424242,3.514907694300878,0.006280814343736699,0.024905844570740524,0.016182632584429292,EDN1/OXT/TNFRSF11A/PLA2G10/TNFSF11,5
3,GO:0032816,positive regulation of natural killer cell activation,5/1056,22/18986,0.22727272727272727,4.086174242424242,3.514907694300878,0.006280814343736699,0.024905844570740524,0.016182632584429292,AXL/GAS6/IL12B/IL15RA/IL15,5
3,GO:0033630,positive regulation of cell adhesion mediated by integrin,5/1056,22/18986,0.22727272727272727,4.086174242424242,3.514907694300878,0.006280814343736699,0.024905844570740524,0.016182632584429292,ADAM9/CCL21/CXCL13/PODXL/RET,5
3,GO:0050765,negative regulation of phagocytosis,5/1056,22/18986,0.22727272727272727,4.086174242424242,3.514907694300878,0.006280814343736699,0.024905844570740524,0.016182632584429292,ADIPOQ/CD300A/CD300LF/PRTN3/SIRPA,5
3,GO:0060713,labyrinthine layer morphogenesis,5/1056,22/18986,0.22727272727272727,4.086174242424242,3.514907694300878,0.006280814343736699,0.024905844570740524,0.016182632584429292,ADM/CCN1/FGFR2/RSPO3/SPINT1,5
3,GO:0001961,positive regulation of cytokine-mediated signaling pathway,9/1056,61/18986,0.14754098360655737,2.6526639344262293,3.1374631827657953,0.006291723422498515,0.024929926397371134,0.016198279809369536,AXL/CD300LF/CD74/CSF1/EDN1/GAS6/IL1R1/MMP12/TREM2,9
3,GO:0055006,cardiac cell development,12/1056,95/18986,0.12631578947368421,2.2710526315789474,3.0140120051359767,0.006346856266336933,0.025129066092908516,0.016327671306883434,BMP10/ACTN2/BMP4/CXADR/EDN1/CSRP3/CDK1/NEB/NOTCH1/PI16/PDGFRA/TGFBR3,12
3,GO:1904064,positive regulation of cation transmembrane transport,16/1056,144/18986,0.1111111111111111,1.9976851851851853,2.916475850891551,0.006412916721353453,0.02537113253919958,0.016484954564241778,ACTN2/CXCL10/CTSS/CX3CL1/EDN1/CXCL9/HEPH/F2/CAPN3/PDZK1/NOS1/GAL/THY1/TREM2/IFNG/XCL1,16
3,GO:0036336,dendritic cell migration,6/1056,31/18986,0.1935483870967742,3.479838709677419,3.3534319867388196,0.0064875106214859245,0.025646562311165598,0.016663915722932042,CCL21/GAS6/ARHGEF5/LGALS9/SLAMF1/SLAMF8,6
3,GO:0034767,positive regulation of monoatomic ion transmembrane transport,17/1056,157/18986,0.10828025477707007,1.9467887473460725,2.890922180279484,0.006536208081676757,0.025819274069765277,0.016776135604674686,ACTN2/CXCL10/CTSS/CX3CL1/EDN1/CXCL9/HEPH/IFNGR2/F2/CAPN3/PDZK1/NOS1/GAL/THY1/TREM2/IFNG/XCL1,17
3,GO:1990845,adaptive thermogenesis,18/1056,170/18986,0.10588235294117647,1.9036764705882352,2.8722411374766796,0.006588036095931984,0.02600407815813888,0.01689621250685546,ADIPOQ/ACHE/CKB/FABP4/CLSTN3/FGF21/DBH/IGF1R/IL18R1/IL4R/LAMA4/LEP/LCN2/NOTCH1/LEPR/OXT/IL15/SCT,18
3,GO:0006979,response to oxidative stress,35/1056,405/18986,0.08641975308641975,1.5537551440329218,2.733744098874982,0.006635700219191241,0.026172176457483435,0.017005434782319116,AMBP/APOA4/ADIPOQ/APOD/ADAM9/AXL/APOE/CD38/AREG/COL1A1/EDN1/EGFR/FABP1/CDK1/ERN1/HGF/GPR37/HAO1/HMOX2/HYAL1/IL18BP/IL6/MB/ANGPTL7/MET/PENK/PDGFRA/NOS3/SELENOP/SDC1/STC2/MMP3/SCGB1A1/SIRPA/VNN1,35
3,GO:0003014,renal system process,15/1056,132/18986,0.11363636363636363,2.043087121212121,2.918454404035554,0.006650007835798909,0.026188533532118696,0.017016062831017757,ADM/ADIPOQ/CD34/BMP4/EDN1/GAS6/GSN/MCAM/OXT/PON3/SERPINF2/STC1/JCHAIN/REN/UMOD,15
3,GO:0098773,skin epidermis development,15/1056,132/18986,0.11363636363636363,2.043087121212121,2.918454404035554,0.006650007835798909,0.026188533532118696,0.017016062831017757,CD109/CDH3/DLL1/DKK4/DSG4/EGFR/FGFR2/FST/MET/NOTCH1/GAL/SPINK5/TNF/TNFRSF19/PLA2G10,15
3,GO:0032692,negative regulation of interleukin-1 production,8/1056,51/18986,0.1568627450980392,2.8202614379084965,3.1588813739292596,0.006741216618538495,0.026527459288981637,0.01723628065905142,ACP5/APOA1/CX3CL1/GAS6/CEACAM1/IL1R2/LILRB4/TREM2,8
3,GO:0007548,sex differentiation,27/1056,292/18986,0.09246575342465753,1.6624571917808217,2.768504545213773,0.0068004662742680334,0.026740201101336163,0.017374510164776494,ADAM15/AXL/ANG/ADGRG1/GFRA1/FST/INHBB/KIT/KDR/LEP/MERTK/KITLG/NOTCH1/NPPC/PDGFRA/PKD1/NOS3/RETN/ROBO2/SDC1/SFRP1/PTX3/TNFSF10/TYRO3/REN/SMAD5/VGF,27
3,GO:0042303,molting cycle,14/1056,120/18986,0.11666666666666667,2.0975694444444444,2.9270479104895273,0.006828239522156183,0.02678810862763708,0.017405638195546722,CD109/CDH3/DKK4/DSG4/EGFR/FGFR2/FST/NOTCH1/GAL/SPINK5/TNF/TNFRSF19/LRIG1/PLA2G10,14
3,GO:0042633,hair cycle,14/1056,120/18986,0.11666666666666667,2.0975694444444444,2.9270479104895273,0.006828239522156183,0.02678810862763708,0.017405638195546722,CD109/CDH3/DKK4/DSG4/EGFR/FGFR2/FST/NOTCH1/GAL/SPINK5/TNF/TNFRSF19/LRIG1/PLA2G10,14
3,GO:0044344,cellular response to fibroblast growth factor stimulus,14/1056,120/18986,0.11666666666666667,2.0975694444444444,2.9270479104895273,0.006828239522156183,0.02678810862763708,0.017405638195546722,COL1A1/FGF21/FGFR2/FLRT2/GPC1/CXCL13/FGF23/HYAL1/FGFBP1/ITGB1/SFRP1/SMOC2/GALNT3/POSTN,14
3,GO:1904892,regulation of receptor signaling pathway via STAT,12/1056,96/18986,0.125,2.2473958333333335,2.973521216923795,0.006896814362500499,0.026979857824809512,0.01753022769892161,GHR/CSH1/IL10RB/F2/ERBB4/IL7R/KIT/IL6/LEP/NOTCH1/PTPRC/IFNG,12
3,GO:0003203,endocardial cushion morphogenesis,7/1056,41/18986,0.17073170731707318,3.069613821138212,3.2194453295950374,0.006898050943375157,0.026979857824809512,0.01753022769892161,ACVRL1/ENG/NOTCH1/NOS3/ROBO1/ROBO2/TGFBR2,7
3,GO:1900016,negative regulation of cytokine production involved in inflammatory response,7/1056,41/18986,0.17073170731707318,3.069613821138212,3.2194453295950374,0.006898050943375157,0.026979857824809512,0.01753022769892161,APOD/F2/IL1R2/LILRB4/TREM2/PLA2G10/SIRPA,7
3,GO:1904994,regulation of leukocyte adhesion to vascular endothelial cell,7/1056,41/18986,0.17073170731707318,3.069613821138212,3.2194453295950374,0.006898050943375157,0.026979857824809512,0.01753022769892161,CCL21/CCL25/GCNT1/ITGB2/IL6/SELE/TNF,7
3,GO:0006641,triglyceride metabolic process,13/1056,108/18986,0.12037037037037036,2.164158950617284,2.944376097702904,0.006921710730852786,0.027051871734303345,0.017577018910317675,APOA4/APOC1/APOE/C3/APOA2/FGF21/LDLR/LPL/LIPF/PCSK9/SEL1L/PLB1/TNXB,13
3,GO:0009100,glycoprotein metabolic process,34/1056,392/18986,0.08673469387755102,1.5594175170068028,2.7160627323739615,0.006999945167640216,0.02733690707514039,0.017762221310551173,ABO/APCS/B4GAT1/B4GALT1/CANT1/CCL21/CST3/CTSL/B3GNT7/GALNT5/GALNT10/GPC1/GCNT1/GUSB/HYAL1/GALNT7/HS6ST2/CYTL1/LEP/IDUA/NAGPA/ADAMTS13/MMP12/MAN1A2/GALNT2/ST6GAL1/PTX3/SLC51B/GALNT3/VEGFB/HS6ST1/IL15/ITM2A/SGSH,34
3,GO:0043370,"regulation of CD4-positive, alpha-beta T cell differentiation",9/1056,62/18986,0.14516129032258066,2.6098790322580645,3.0812698477348035,0.007006157049865695,0.027340453892549323,0.01776452586371779,CD80/CD83/CD86/IL12B/IL12RB1/IL4R/LGALS1/LGALS9/IFNG,9
3,GO:0071375,cellular response to peptide hormone stimulus,29/1056,321/18986,0.09034267912772585,1.624286085150571,2.737595567873121,0.00708910728855447,0.027643228496594775,0.017961254393009256,AHSG/ADIPOQ/BAIAP2/ASS1/ACTN2/BGLAP/CRHBP/CTSD/ECHDC3/EDN1/CSRP3/FGF21/FBP1/GDF15/CEACAM1/GCG/GHR/CSH1/GOT1/IGFBP1/IGF1R/INHBB/LEP/MSTN/PCSK9/MZB1/RARRES2/SPINK1/SORBS1,29
3,GO:0048738,cardiac muscle tissue development,24/1056,252/18986,0.09523809523809523,1.7123015873015872,2.7624602634102926,0.007273320126050637,0.02834010978820184,0.018414054693156007,BMP10/ACTN2/BMP4/DLL1/CXADR/EDN1/DSG2/ENG/ERBB3/CSRP3/FGFR2/CDK1/HEG1/ERBB4/ITGB1/MYL3/NEB/NOTCH1/PI16/NOTCH2/PDGFRA/TGFBR3/SMAD5/YAP1,24
3,GO:0071466,cellular response to xenobiotic stimulus,20/1056,198/18986,0.10101010101010101,1.8160774410774412,2.801372152758949,0.007282629077065858,0.02835494931440672,0.018423696711101573,ACAA1/ADIPOQ/BCHE/CRHBP/EDN1/EGFR/CES2/FGF21/FBP1/GAS6/CES3/GSTA1/GSTA3/ALDH3A1/NOS1/PON3/RNF149/SULT2A1/REN/TFRC,20
3,GO:0009308,amine metabolic process,14/1056,121/18986,0.11570247933884298,2.0802341597796143,2.89287256042199,0.00733824598146107,0.02854993059202401,0.018550386266541506,AOC3/DDC/DBH/GPR37/HNMT/IDO1/ITGAM/ITGB2/KYNU/PRG3/NAAA/SLITRK1/VCAM1/SAT2,14
3,GO:0001659,temperature homeostasis,19/1056,185/18986,0.10270270270270271,1.846509009009009,2.807851200404364,0.007373904764132839,0.028667027948042826,0.01862647055606152,ADIPOQ/ACHE/FABP4/CLSTN3/FGF21/DBH/IGF1R/IL18R1/IL4R/LAMA4/LEP/LCN2/NOTCH1/LEPR/OXT/TNFRSF11A/TNF/IL15/TNFSF11,19
3,GO:0030856,regulation of epithelial cell differentiation,18/1056,172/18986,0.10465116279069768,1.8815406976744187,2.8184681771120297,0.007416441346677833,0.02881066702496174,0.018719800392756804,ACVRL1/CD109/CDH5/BMP4/DLL1/CEACAM1/FST/GDF2/NOTCH1/PROC/REG3A/FRZB/SFRP4/TNF/TNFRSF1A/IFNG/REG3G/YAP1,18
3,GO:0001958,endochondral ossification,6/1056,32/18986,0.1875,3.37109375,3.257769791179079,0.007616572713970247,0.029499197851627815,0.01916717495816626,CBS/BMP4/COL1A1/PHOSPHO1/MMP13/TEK,6
3,GO:0032682,negative regulation of chemokine production,6/1056,32/18986,0.1875,3.37109375,3.257769791179079,0.007616572713970247,0.029499197851627815,0.01916717495816626,APOD/EPHA2/IL6/LGALS9/LILRB4/SIRPA,6
3,GO:0036075,replacement ossification,6/1056,32/18986,0.1875,3.37109375,3.257769791179079,0.007616572713970247,0.029499197851627815,0.01916717495816626,CBS/BMP4/COL1A1/PHOSPHO1/MMP13/TEK,6
3,GO:0097205,renal filtration,6/1056,32/18986,0.1875,3.37109375,3.257769791179079,0.007616572713970247,0.029499197851627815,0.01916717495816626,CD34/EDN1/GAS6/MCAM/JCHAIN/UMOD,6
3,GO:0003281,ventricular septum development,10/1056,74/18986,0.13513513513513514,2.4296171171171173,2.9902946563404975,0.0076542254216286736,0.029506677105459112,0.019172034621383616,CCN1/BMP4/FGFR2/HEG1/NOTCH1/NOS3/ROBO1/ROBO2/TGFBR2/TGFBR3,10
3,GO:2000379,positive regulation of reactive oxygen species metabolic process,10/1056,74/18986,0.13513513513513514,2.4296171171171173,2.9902946563404975,0.0076542254216286736,0.029506677105459112,0.019172034621383616,ACE2/DCXR/CLEC7A/EGFR/F2/ITGAM/ITGB2/LEP/TGFBR2/SIRPA,10
3,GO:0031290,retinal ganglion cell axon guidance,5/1056,23/18986,0.21739130434782608,3.908514492753623,3.3871056454889685,0.007664294984327789,0.029506677105459112,0.019172034621383616,ALCAM/NRP1/NRCAM/PTPRM/ROBO2,5
3,GO:0046479,glycosphingolipid catabolic process,5/1056,23/18986,0.21739130434782608,3.908514492753623,3.3871056454889685,0.007664294984327789,0.029506677105459112,0.019172034621383616,ENPP7/GLA/GM2A/SCARB2/SMPD1,5
3,GO:0060444,branching involved in mammary gland duct morphogenesis,5/1056,23/18986,0.21739130434782608,3.908514492753623,3.3871056454889685,0.007664294984327789,0.029506677105459112,0.019172034621383616,CCL11/AREG/CSF1/DDR1/EPHA2,5
3,GO:0071305,cellular response to vitamin D,5/1056,23/18986,0.21739130434782608,3.908514492753623,3.3871056454889685,0.007664294984327789,0.029506677105459112,0.019172034621383616,BGLAP/FGF23/PENK/SFRP1/TNC,5
3,GO:0097164,ammonium ion metabolic process,5/1056,23/18986,0.21739130434782608,3.908514492753623,3.3871056454889685,0.007664294984327789,0.029506677105459112,0.019172034621383616,BCHE/DDC/HNMT/ENPP6/PRG3,5
3,GO:2000831,regulation of steroid hormone secretion,5/1056,23/18986,0.21739130434782608,3.908514492753623,3.3871056454889685,0.007664294984327789,0.029506677105459112,0.019172034621383616,C1QTNF1/RETN/GAL/SPP1/REN,5
3,GO:0051893,regulation of focal adhesion assembly,9/1056,63/18986,0.14285714285714285,2.568452380952381,3.026172866313758,0.007781049658604256,0.029911492162643508,0.019435064181230616,ACVRL1/APOD/KDR/MYOC/NRP1/HRG/SFRP1/THY1/TEK,9
3,GO:0090109,regulation of cell-substrate junction assembly,9/1056,63/18986,0.14285714285714285,2.568452380952381,3.026172866313758,0.007781049658604256,0.029911492162643508,0.019435064181230616,ACVRL1/APOD/KDR/MYOC/NRP1/HRG/SFRP1/THY1/TEK,9
3,GO:0006022,aminoglycan metabolic process,14/1056,122/18986,0.11475409836065574,2.0631830601092895,2.8590265263960752,0.007878081292799434,0.03018863450137569,0.01961513808430802,B4GAT1/CHI3L1/CTBS/B3GNT7/GALNT5/GUSB/HYAL1/ITIH3/IDUA/ITIH4/PGLYRP1/LYVE1/SGSH/STAB2,14
3,GO:0001787,natural killer cell proliferation,4/1056,15/18986,0.26666666666666666,4.794444444444444,3.567761635249165,0.007929274707053867,0.03018863450137569,0.01961513808430802,IL12B/LEP/SLAMF1/IL15,4
3,GO:0002430,complement receptor mediated signaling pathway,4/1056,15/18986,0.26666666666666666,4.794444444444444,3.567761635249165,0.007929274707053867,0.03018863450137569,0.01961513808430802,C3/CR1/CR2/ITGAM,4
3,GO:0002713,negative regulation of B cell mediated immunity,4/1056,15/18986,0.26666666666666666,4.794444444444444,3.567761635249165,0.007929274707053867,0.03018863450137569,0.01961513808430802,CD46/CR1/CR2/C4BPB,4
3,GO:0002890,negative regulation of immunoglobulin mediated immune response,4/1056,15/18986,0.26666666666666666,4.794444444444444,3.567761635249165,0.007929274707053867,0.03018863450137569,0.01961513808430802,CD46/CR1/CR2/C4BPB,4
3,GO:0010819,regulation of T cell chemotaxis,4/1056,15/18986,0.26666666666666666,4.794444444444444,3.567761635249165,0.007929274707053867,0.03018863450137569,0.01961513808430802,CCL21/CXCL10/CXCL13/XCL1,4
3,GO:0016322,neuron remodeling,4/1056,15/18986,0.26666666666666666,4.794444444444444,3.567761635249165,0.007929274707053867,0.03018863450137569,0.01961513808430802,C3/CX3CL1/C1QA/ADGRB3,4
3,GO:0060099,"regulation of phagocytosis, engulfment",4/1056,15/18986,0.26666666666666666,4.794444444444444,3.567761635249165,0.007929274707053867,0.03018863450137569,0.01961513808430802,C3/CD300A/ITGA2/TREM2,4
3,GO:0061684,chaperone-mediated autophagy,4/1056,15/18986,0.26666666666666666,4.794444444444444,3.567761635249165,0.007929274707053867,0.03018863450137569,0.01961513808430802,BAG3/CLU/LAMP2/GFAP,4
3,GO:0072044,collecting duct development,4/1056,15/18986,0.26666666666666666,4.794444444444444,3.567761635249165,0.007929274707053867,0.03018863450137569,0.01961513808430802,CALB1/NOTCH1/PKD1/UMOD,4
3,GO:1901741,positive regulation of myoblast fusion,4/1056,15/18986,0.26666666666666666,4.794444444444444,3.567761635249165,0.007929274707053867,0.03018863450137569,0.01961513808430802,CXCL9/GDF15/IL4R/SCGB3A1,4
3,GO:1905153,regulation of membrane invagination,4/1056,15/18986,0.26666666666666666,4.794444444444444,3.567761635249165,0.007929274707053867,0.03018863450137569,0.01961513808430802,C3/CD300A/ITGA2/TREM2,4
3,GO:2001140,positive regulation of phospholipid transport,4/1056,15/18986,0.26666666666666666,4.794444444444444,3.567761635249165,0.007929274707053867,0.03018863450137569,0.01961513808430802,APOA1/APOE/FASLG/PRAP1,4
3,GO:0060291,long-term synaptic potentiation,13/1056,110/18986,0.11818181818181818,2.1248106060606062,2.87122929242993,0.008053415043582052,0.030638638044033568,0.01990752897158912,AGER/APOE/CALB1/CALB2/EPHA4/GFAP/LILRB2/MME/NTRK2/GIP/PTN/SCGN/TNR,13
3,GO:0001654,eye development,35/1056,411/18986,0.0851581508515815,1.5310725871857258,2.6415418732530793,0.008263788460681126,0.03141580347699941,0.020412494086234547,ACVRL1/BSG/ACHE/BMP4/CALB1/CDON/CHRDL1/COL5A1/DLL1/EFEMP1/EGFR/EPHA2/COL4A1/FLT1/KDR/MERTK/ANGPTL7/MYOM2/MFAP5/FASLG/NOTCH1/NRP1/NTRK2/DSCAM/NOTCH2/PDGFRA/PTPRM/RET/SERPINF1/SMOC1/SLC39A5/SLITRK6/TGFBR2/THY1/WNT9A,35
3,GO:0170035,L-amino acid catabolic process,10/1056,75/18986,0.13333333333333333,2.397222222222222,2.9422934415972537,0.008403878016135078,0.03192482768841291,0.020743233795401484,AGXT/CBS/DDAH1/FTCD/GOT1/HNMT/KYNU/NOS1/NOS3/SCLY,10
3,GO:0045581,negative regulation of T cell differentiation,8/1056,53/18986,0.1509433962264151,2.713836477987421,3.0321083380827965,0.00851246776898267,0.03231352823940034,0.02099579291597772,CD74/BMP4/ERBB2/IL4R/LGALS1/LAG3/LILRB4/CLEC4G,8
3,GO:2000179,positive regulation of neural precursor cell proliferation,9/1056,64/18986,0.140625,2.5283203125,2.9721311416009213,0.00861954322559591,0.0326959126769293,0.021244248126599426,ACAN/BCAN/ADGRG1/CDON/CX3CL1/ITGB1/NCAN/NOTCH1/VCAN,9
3,GO:0006576,biogenic amine metabolic process,12/1056,99/18986,0.12121212121212122,2.1792929292929295,2.854992139317283,0.00877429430042752,0.03323400963901827,0.021593877925643195,DDC/DBH/GPR37/HNMT/IDO1/ITGAM/ITGB2/KYNU/PRG3/NAAA/SLITRK1/SAT2,12
3,GO:0042542,response to hydrogen peroxide,12/1056,99/18986,0.12121212121212122,2.1792929292929295,2.854992139317283,0.00877429430042752,0.03323400963901827,0.021593877925643195,ADAM9/AXL/AREG/COL1A1/EDN1/FABP1/CDK1/ERN1/IL18BP/IL6/SDC1/SIRPA,12
3,GO:0010743,regulation of macrophage derived foam cell differentiation,6/1056,33/18986,0.18181818181818182,3.268939393939394,3.165832981274181,0.008880590641433733,0.03351350275006654,0.0217754792487032,ADIPOQ/CSF1/ITGAV/LPL/MSR1/PLA2G10,6
3,GO:0010996,response to auditory stimulus,6/1056,33/18986,0.18181818181818182,3.268939393939394,3.165832981274181,0.008880590641433733,0.03351350275006654,0.0217754792487032,CALB1/CXCL10/CNTNAP2/KIAA0319/PTN/SLITRK6,6
3,GO:0060674,placenta blood vessel development,6/1056,33/18986,0.18181818181818182,3.268939393939394,3.165832981274181,0.008880590641433733,0.03351350275006654,0.0217754792487032,CCN1/NOTCH2/PKD1/PLG/SPINT1/HS6ST1,6
3,GO:0061384,heart trabecula morphogenesis,6/1056,33/18986,0.18181818181818182,3.268939393939394,3.165832981274181,0.008880590641433733,0.03351350275006654,0.0217754792487032,BMP10/ENG/HEG1/NOTCH1/TGFBR3/TEK,6
3,GO:0090322,regulation of superoxide metabolic process,6/1056,33/18986,0.18181818181818182,3.268939393939394,3.165832981274181,0.008880590641433733,0.03351350275006654,0.0217754792487032,ACP5/CLEC7A/EGFR/ITGAM/ITGB2/PON3,6
3,GO:0042092,type 2 immune response,7/1056,43/18986,0.16279069767441862,2.926841085271318,3.069748962415035,0.00898203828099166,0.033846788990140354,0.021992032787100234,CD74/CD86/ECM1/IDO1/IL4R/IL6/XCL1,7
3,GO:0051281,positive regulation of release of sequestered calcium ion into cytosol,7/1056,43/18986,0.16279069767441862,2.926841085271318,3.069748962415035,0.00898203828099166,0.033846788990140354,0.021992032787100234,CXCL10/CX3CL1/CXCL9/F2/CAPN3/THY1/XCL1,7
3,GO:0006690,icosanoid metabolic process,14/1056,124/18986,0.11290322580645161,2.0299059139784945,2.79229719052838,0.0090519718556756,0.03408540169175144,0.022147071965522097,CD74/EDN1/CES2/GGT1/GSTA1/DPEP2/HPGDS/GGT5/PTGDS/PTGR1/PRG3/TNFRSF1A/LTA4H/PLA2G10,14
3,GO:1904951,positive regulation of establishment of protein localization,29/1056,327/18986,0.08868501529051988,1.5944826707441386,2.6315765541685616,0.009063177848781637,0.03410268745289733,0.02215830343052107,ADAM8/ADAM9/BAG3/BSG/APOE/ANG/ACHE/CD38/CDH1/EGFR/ERBB2/FGA/GAS6/GCG/ARHGEF5/CDK1/GZMB/F2/ITGAM/ITGB2/LEP/PDZK1/GIP/PTP4A3/TNF/SLC51B/TREM2/IFNG/VSNL1,29
3,GO:0048568,embryonic organ development,38/1056,458/18986,0.08296943231441048,1.491721251819505,2.58514294072033,0.009176315122048955,0.034503212585092896,0.022418545601258992,ADM/CCN1/BMP4/COL18A1/CTHRC1/DLL1/EDN1/EFEMP1/EFNA1/EGFR/ENG/EPHA2/FGFR2/FOLR1/HYAL1/KRT8/KIT/KRT19/KDR/KITLG/MFAP5/NOTCH1/NOTCH2/PDGFRA/PKD1/PLG/PCDH12/RARRES2/FRZB/RSPO3/SPINT1/SLITRK6/TGFBR2/TNF/HS6ST1/LRIG1/SCT/YAP1,38
3,GO:0048511,rhythmic process,27/1056,299/18986,0.0903010033444816,1.6235367892976587,2.637393908650852,0.009195746910893417,0.03455107531024458,0.022449644522374447,ADIPOQ/AXL/ASS1/CA12/AGRP/EGFR/F7/CDK1/IGF1R/LEP/MSTN/NOTCH1/NTRK2/NPPC/PDGFRA/PTGDS/NOS3/RETN/ROBO2/PTN/SERPINF1/PTX3/TNFRSF11A/TNF/TYRO3/HEBP1/NFKB2,27
3,GO:0045806,negative regulation of endocytosis,10/1056,76/18986,0.13157894736842105,2.3656798245614037,2.895056476460782,0.009208637127045559,0.034564347528444415,0.022458268178163283,ADIPOQ/APOC1/CD300A/CD300LF/ITGAV/LGALS3/LILRB1/PCSK9/PRTN3/SIRPA,10
3,GO:0006925,inflammatory cell apoptotic process,5/1056,24/18986,0.20833333333333334,3.7456597222222223,3.2663098277913956,0.009246214401886488,0.034564347528444415,0.022458268178163283,CTSL/FCAR/IL6/FASLG/ST6GAL1,5
3,GO:0007042,lysosomal lumen acidification,5/1056,24/18986,0.20833333333333334,3.7456597222222223,3.2663098277913956,0.009246214401886488,0.034564347528444415,0.022458268178163283,CREG1/ATP6V1D/GRN/LAMP2/LAMP1,5
3,GO:0009651,response to salt stress,5/1056,24/18986,0.20833333333333334,3.7456597222222223,3.2663098277913956,0.009246214401886488,0.034564347528444415,0.022458268178163283,EFHD1/EPO/FBP1/CAPN3/TNF,5
3,GO:0010640,regulation of platelet-derived growth factor receptor signaling pathway,5/1056,24/18986,0.20833333333333334,3.7456597222222223,3.2663098277913956,0.009246214401886488,0.034564347528444415,0.022458268178163283,ADIPOQ/APOD/F7/F3/LRP1,5
3,GO:0032770,positive regulation of monooxygenase activity,5/1056,24/18986,0.20833333333333334,3.7456597222222223,3.2663098277913956,0.009246214401886488,0.034564347528444415,0.022458268178163283,CDH3/FCER2/FGF23/TNF/IFNG,5
3,GO:0060252,positive regulation of glial cell proliferation,5/1056,24/18986,0.20833333333333334,3.7456597222222223,3.2663098277913956,0.009246214401886488,0.034564347528444415,0.022458268178163283,EGFR/IL6/GFAP/LTA/TNF,5
3,GO:0010950,positive regulation of endopeptidase activity,15/1056,137/18986,0.10948905109489052,1.968521897810219,2.761039919468051,0.009281876055712185,0.03467251526608428,0.022528550426602723,AGER/CR1/CTSD/CLEC7A/EFNA1/EPHA4/FAS/F3/GSN/LGALS9/FASLG/RET/ROBO1/TNF/TNFSF10,15
3,GO:0071322,cellular response to carbohydrate stimulus,17/1056,163/18986,0.10429447852760736,1.8751278118609405,2.7231275391099166,0.009396736142967254,0.03507615844822316,0.022790818557812266,AGER/COL1A1/COLEC12/CLEC7A/CPB2/FGF21/FBP1/GAS6/GCG/ERN1/ICAM1/IGF1R/LEP/PTPRN2/SERPINF1/TREM2/VSNL1,17
3,GO:0001657,ureteric bud development,12/1056,100/18986,0.12,2.1574999999999998,2.8164245550718605,0.009481494195890778,0.03531582556345156,0.022946542844025294,BMPER/BMP4/CALB1/CRLF1/EPCAM/FGFR2/RET/ROBO2/SDC1/SFRP1/SMAD5/TACSTD2,12
3,GO:0002220,innate immune response activating cell surface receptor signaling pathway,12/1056,100/18986,0.12,2.1574999999999998,2.8164245550718605,0.009481494195890778,0.03531582556345156,0.022946542844025294,CD14/CLEC6A/CLEC7A/FCN1/FCN2/KLRD1/LILRA2/LY96/LBP/S100A14/KLRK1/TREM2,12
3,GO:0021675,nerve development,12/1056,100/18986,0.12,2.1574999999999998,2.8164245550718605,0.009481494195890778,0.03531582556345156,0.022946542844025294,EDN1/EPHA4/ERBB3/NRP1/NRP2/RET/SEMA3F/SLITRK6/VCAM1/LRIG1/NTF3/SCN2A,12
3,GO:0010874,regulation of cholesterol efflux,8/1056,54/18986,0.14814814814814814,2.66358024691358,2.9709100441514793,0.00951859222432697,0.03540038377529833,0.02300148474613289,APOA1/ADIPOQ/APOE/CES1/LRP1/PLTP/TREM2/PLA2G10,8
3,GO:0046622,positive regulation of organ growth,8/1056,54/18986,0.14814814814814814,2.66358024691358,2.9709100441514793,0.00951859222432697,0.03540038377529833,0.02300148474613289,BMP10/EDN1/FGFR2/CDK1/ERBB4/NOTCH1/TGFBR3/YAP1,8
3,GO:0010573,vascular endothelial growth factor production,9/1056,65/18986,0.13846153846153847,2.489423076923077,2.9191057539518015,0.00952479772964865,0.03540038377529833,0.02300148474613289,BSG/C3/C5/CXCL17/FLT4/IL6ST/IL6/TNF/IL6R,9
3,GO:0050708,regulation of protein secretion,25/1056,272/18986,0.09191176470588236,1.6524969362745099,2.6304298929712573,0.009634559738861464,0.03578253274771675,0.023249786962731063,ADAM8/ADAM9/BSG/APOE/ANG/CCN3/ACHE/CD200/CD38/EGFR/FGA/CHGA/GCG/F2/IL12B/INHBB/FAM3D/IL6/LEP/GIP/SFRP1/TNF/TREM2/IFNG/VSNL1,25
3,GO:0030534,adult behavior,16/1056,151/18986,0.10596026490066225,1.9050772626931567,2.709807441923073,0.009977141252787813,0.03702819521822979,0.024059159157569492,AGRP/CHL1/CNTN2/CRHBP/CNTNAP2/EPHA4/CEND1/DBH/LEP/PCDH17/GIP/NPY/SEZ6/SLITRK1/SLITRK6/SNCG,16
3,GO:0007218,neuropeptide signaling pathway,13/1056,113/18986,0.11504424778761062,2.068399705014749,2.7643919924351676,0.010018633540654428,0.03710819091972104,0.02411113655756851,AGRP/CALCA/GPR37/GRP/PENK/NXPH3/NPY/CPE/PPY/PYY/SORCS2/GAL/TYRO3,13
3,GO:0033135,regulation of peptidyl-serine phosphorylation,10/1056,77/18986,0.12987012987012986,2.3349567099567095,2.8485600509784064,0.010071003618403062,0.03710819091972104,0.02411113655756851,EGFR/GCG/IL6/NTRK3/NOS1/TNF/HRC/IFNG/NTF3/TFRC,10
3,GO:0007158,neuron cell-cell adhesion,4/1056,16/18986,0.25,4.494791666666667,3.3938663229974186,0.010113871627974407,0.03710819091972104,0.02411113655756851,CNTN4/NCAM2/RET/TNR,4
3,GO:0023035,CD40 signaling pathway,4/1056,16/18986,0.25,4.494791666666667,3.3938663229974186,0.010113871627974407,0.03710819091972104,0.02411113655756851,ITGA5/ITGB1/SLAMF1/TREM2,4
3,GO:0030214,hyaluronan catabolic process,4/1056,16/18986,0.25,4.494791666666667,3.3938663229974186,0.010113871627974407,0.03710819091972104,0.02411113655756851,GUSB/HYAL1/LYVE1/STAB2,4
3,GO:0032354,response to follicle-stimulating hormone,4/1056,16/18986,0.25,4.494791666666667,3.3938663229974186,0.010113871627974407,0.03710819091972104,0.02411113655756851,EDN1/NOTCH1/PAPPA/TGFBR3,4
3,GO:0034374,low-density lipoprotein particle remodeling,4/1056,16/18986,0.25,4.494791666666667,3.3938663229974186,0.010113871627974407,0.03710819091972104,0.02411113655756851,APOE/APOA2/PLA2G10/PLA2G7,4
3,GO:0035641,locomotory exploration behavior,4/1056,16/18986,0.25,4.494791666666667,3.3938663229974186,0.010113871627974407,0.03710819091972104,0.02411113655756851,APOE/DPP4/PENK/TNR,4
3,GO:0045779,negative regulation of bone resorption,4/1056,16/18986,0.25,4.494791666666667,3.3938663229974186,0.010113871627974407,0.03710819091972104,0.02411113655756851,CD38/CALCA/IL6/TNFRSF11B,4
3,GO:0060046,regulation of acrosome reaction,4/1056,16/18986,0.25,4.494791666666667,3.3938663229974186,0.010113871627974407,0.03710819091972104,0.02411113655756851,B4GALT1/SPINK1/PLA2G10/PLB1,4
3,GO:0060841,venous blood vessel development,4/1056,16/18986,0.25,4.494791666666667,3.3938663229974186,0.010113871627974407,0.03710819091972104,0.02411113655756851,ACVRL1/ENG/HEG1/NOTCH1,4
3,GO:0061043,regulation of vascular wound healing,4/1056,16/18986,0.25,4.494791666666667,3.3938663229974186,0.010113871627974407,0.03710819091972104,0.02411113655756851,SMOC2/TAFA5/TNF/VEGFB,4
3,GO:0072378,"blood coagulation, fibrin clot formation",4/1056,16/18986,0.25,4.494791666666667,3.3938663229974186,0.010113871627974407,0.03710819091972104,0.02411113655756851,F13B/FGA/F12/THBD,4
3,GO:1901142,insulin metabolic process,4/1056,16/18986,0.25,4.494791666666667,3.3938663229974186,0.010113871627974407,0.03710819091972104,0.02411113655756851,CTSD/CEACAM1/ERN1/CPE,4
3,GO:2000402,negative regulation of lymphocyte migration,4/1056,16/18986,0.25,4.494791666666667,3.3938663229974186,0.010113871627974407,0.03710819091972104,0.02411113655756851,APOD/CD200/CD200R1/KLRK1,4
3,GO:2001138,regulation of phospholipid transport,4/1056,16/18986,0.25,4.494791666666667,3.3938663229974186,0.010113871627974407,0.03710819091972104,0.02411113655756851,APOA1/APOE/FASLG/PRAP1,4
3,GO:0010828,positive regulation of D-glucose transmembrane transport,7/1056,44/18986,0.1590909090909091,2.8603219696969697,2.998117518760106,0.010181486098130854,0.03727667673001744,0.02422061061920782,ADIPOQ/C3/FGF21/OCLN/GIP/PTH/SORBS1,7
3,GO:0032735,positive regulation of interleukin-12 production,7/1056,44/18986,0.1590909090909091,2.8603219696969697,2.998117518760106,0.010181486098130854,0.03727667673001744,0.02422061061920782,AGER/CLEC7A/IDO1/IL12B/LEP/LGALS9/IFNG,7
3,GO:0046717,acid secretion,7/1056,44/18986,0.1590909090909091,2.8603219696969697,2.998117518760106,0.010181486098130854,0.03727667673001744,0.02422061061920782,AGXT/CES1/TFF2/TNF/SLC51B/SCT/UMOD,7
3,GO:0006691,leukotriene metabolic process,6/1056,34/18986,0.17647058823529413,3.172794117647059,3.0773551965340062,0.010287794415294432,0.037559192783883005,0.024404176106654903,GGT1/DPEP2/GGT5/PTGR1/PRG3/LTA4H,6
3,GO:0030212,hyaluronan metabolic process,6/1056,34/18986,0.17647058823529413,3.172794117647059,3.0773551965340062,0.010287794415294432,0.037559192783883005,0.024404176106654903,GUSB/HYAL1/ITIH3/ITIH4/LYVE1/STAB2,6
3,GO:0070498,interleukin-1-mediated signaling pathway,6/1056,34/18986,0.17647058823529413,3.172794117647059,3.0773551965340062,0.010287794415294432,0.037559192783883005,0.024404176106654903,IL1RN/IL1R1/IL1R2/IL6/IL1RL2/PYDC1,6
3,GO:2000191,regulation of fatty acid transport,6/1056,34/18986,0.17647058823529413,3.172794117647059,3.0773551965340062,0.010287794415294432,0.037559192783883005,0.024404176106654903,EDN1/FABP3/OXT/TNFRSF11A/PLA2G10/TNFSF11,6
3,GO:0010717,regulation of epithelial to mesenchymal transition,14/1056,126/18986,0.1111111111111111,1.9976851851851853,2.7268111850882897,0.010359518976623888,0.037794281899855724,0.024556925826809115,ADAM8/BAMBI/BMP4/COL1A1/EFNA1/ENG/EPHA4/IL6/NOTCH1/LRG1/SFRP1/TGFBR2/VASN/TNXB,14
3,GO:0070050,neuron cellular homeostasis,9/1056,66/18986,0.13636363636363635,2.4517045454545454,2.8670598136439973,0.010499982394375171,0.03827963878571712,0.024872287634111367,CALB1/CALB2/CX3CL1/ATP6V1D/IMMT/IL6/NELL2/TYRO3/SCGN,9
3,GO:0045778,positive regulation of ossification,8/1056,55/18986,0.14545454545454545,2.6151515151515152,2.9110854339208534,0.01061057496098179,0.03862818779933695,0.025098758196434777,ATRAID/CCN1/CCN3/BMP4/OXT/PTN/NELL1/PTH,8
3,GO:0071320,cellular response to cAMP,8/1056,55/18986,0.14545454545454545,2.6151515151515152,2.9110854339208534,0.01061057496098179,0.03862818779933695,0.025098758196434777,ADIPOQ/ASS1/CRHBP/FBP1/GPD1/INHBB/PENK/STC1,8
3,GO:0010827,regulation of D-glucose transmembrane transport,10/1056,78/18986,0.1282051282051282,2.3050213675213675,2.802781499508834,0.010993489061768122,0.03996320034720909,0.025966185819555742,ADIPOQ/C3/EDN1/FGF21/LEP/OCLN/GIP/TNF/PTH/SORBS1,10
3,GO:0000041,transition metal ion transport,12/1056,102/18986,0.11764705882352941,2.1151960784313726,2.7406365077547594,0.011028035949499049,0.03996320034720909,0.025966185819555742,B2M/CBLIF/HEPH/LCN2/MELTF/SCARA5/SLC39A5/TF/IFNG/TCN1/TCN2/TFRC,12
3,GO:0006706,steroid catabolic process,5/1056,25/18986,0.2,3.5958333333333337,3.1518337758880977,0.011039301124039913,0.03996320034720909,0.025966185819555742,APOE/FGF23/HSD11B1/HSD17B14/SPP1,5
3,GO:0010878,cholesterol storage,5/1056,25/18986,0.2,3.5958333333333337,3.1518337758880977,0.011039301124039913,0.03996320034720909,0.025966185819555742,CES1/LPL/MSR1/NPC2/TREM2,5
3,GO:0043302,positive regulation of leukocyte degranulation,5/1056,25/18986,0.2,3.5958333333333337,3.1518337758880977,0.011039301124039913,0.03996320034720909,0.025966185819555742,CD160/ITGAM/ITGB2/IL4R/LAMP1,5
3,GO:0046597,negative regulation of viral entry into host cell,5/1056,25/18986,0.2,3.5958333333333337,3.1518337758880977,0.011039301124039913,0.03996320034720909,0.025966185819555742,APCS/CD74/GSN/FCN1/PTX3,5
3,GO:0070233,negative regulation of T cell apoptotic process,5/1056,25/18986,0.2,3.5958333333333337,3.1518337758880977,0.011039301124039913,0.03996320034720909,0.025966185819555742,CD27/BMP4/EFNA1/IDO1/IL7R,5
3,GO:0072243,metanephric nephron epithelium development,5/1056,25/18986,0.2,3.5958333333333337,3.1518337758880977,0.011039301124039913,0.03996320034720909,0.025966185819555742,ADIPOQ/CALB1/PKD1/UMOD/YAP1,5
3,GO:0106106,cold-induced thermogenesis,16/1056,153/18986,0.10457516339869281,1.8801742919389979,2.652783189808992,0.011241093270900521,0.04063663100385147,0.026403749013069657,ADIPOQ/ACHE/FABP4/CLSTN3/FGF21/DBH/IGF1R/IL18R1/IL4R/LAMA4/LEP/LCN2/NOTCH1/LEPR/OXT/IL15,16
3,GO:2000377,regulation of reactive oxygen species metabolic process,16/1056,153/18986,0.10457516339869281,1.8801742919389979,2.652783189808992,0.011241093270900521,0.04063663100385147,0.026403749013069657,ACE2/ACP5/COQ7/DCXR/CLEC7A/EGFR/F2/ITGAM/ITGB2/LEP/PON3/PRCP/TGFBR2/TNF/MMP3/SIRPA,16
3,GO:0060828,regulation of canonical Wnt signaling pathway,25/1056,276/18986,0.09057971014492754,1.6285477053140096,2.552718980569988,0.011450770152156118,0.04136560626094239,0.026877402444702374,BAMBI/APOE/CDH3/CDH2/COL1A1/CTHRC1/DKK4/DRAXIN/DKK3/EGFR/FGFR2/FOLR1/IGFBP1/IGFBP4/IGFBP6/IGFBP2/NOTCH1/RECK/FRZB/RSPO1/RSPO3/SFRP1/SFRP4/SOST/YAP1,25
3,GO:0033574,response to testosterone,7/1056,45/18986,0.15555555555555556,2.796759259259259,2.9284769597252005,0.011493407352001647,0.04143252790179615,0.02692088494226665,CA9/BGLAP/EDN1/EPO/IGF1R/MSTN/SPP1,7
3,GO:0055090,acylglycerol homeostasis,7/1056,45/18986,0.15555555555555556,2.796759259259259,2.9284769597252005,0.011493407352001647,0.04143252790179615,0.02692088494226665,APOA1/APOA4/ANGPTL4/APOE/ANGPTL3/LPL/GIP,7
3,GO:0060428,lung epithelium development,7/1056,45/18986,0.15555555555555556,2.796759259259259,2.9284769597252005,0.011493407352001647,0.04143252790179615,0.02692088494226665,ADAMTSL2/BMP4/FGFR2/AGR2/PKD1/LTA4H/YAP1,7
3,GO:0003012,muscle system process,38/1056,465/18986,0.08172043010752689,1.4692652329749105,2.4863356376383283,0.011542215716865332,0.04157940043357148,0.027016315724054205,ACE2/BMP10/CD38/ACTA2/COMP/DSC2/EDN1/DSG2/CALCA/CSRP3/CHGA/GSN/IL6ST/ITGA2/KIT/LEP/KLHL41/MYL3/MSTN/MYOM2/MYOC/LMOD1/NOTCH1/NFATC3/NOS1/PI16/OXT/NOS3/SCN4B/STC1/TNF/TNFRSF1A/TNFRSF1B/TPM3/VEGFB/HRC/SCN2A/SMAD5,38
3,GO:0085029,extracellular matrix assembly,8/1056,56/18986,0.14285714285714285,2.568452380952381,2.8525755758675975,0.011792538407596984,0.04242735444743347,0.02756727588988378,ELN/GAS6/MFAP4/NOTCH1/QSOX1/TGFBR3/TIE1/TNXB,8
3,GO:0035051,cardiocyte differentiation,17/1056,167/18986,0.10179640718562874,1.8302145708582835,2.6151549772851146,0.011803781498884579,0.04242735444743347,0.02756727588988378,BMP10/ACTN2/BMP4/DLL1/CXADR/EDN1/EGFR/CSRP3/FOLR1/CDK1/ITGB1/NEB/NOTCH1/PI16/PDGFRA/TGFBR3/VCAM1,17
3,GO:0048592,eye morphogenesis,17/1056,167/18986,0.10179640718562874,1.8302145708582835,2.6151549772851146,0.011803781498884579,0.04242735444743347,0.02756727588988378,BMP4/CALB1/CDON/COL5A1/DLL1/EFEMP1/EPHA2/KDR/MFAP5/FASLG/NOTCH1/NTRK2/DSCAM/NOTCH2/PTPRM/THY1/WNT9A,17
3,GO:0003231,cardiac ventricle development,14/1056,128/18986,0.109375,1.9664713541666667,2.6625224012353215,0.011810524467908251,0.04242735444743347,0.02756727588988378,BMP10/CCN1/BMP4/ENG/FGFR2/HEG1/MYL3/NOTCH1/CPE/NOS3/ROBO1/ROBO2/TGFBR2/TGFBR3,14
3,GO:0001893,maternal placenta development,6/1056,35/18986,0.17142857142857143,3.0821428571428573,2.992096491152636,0.01184621406462312,0.04246678268646188,0.027592894483296077,BSG/CTSB/PTN/STC1/SPP1/STC2,6
3,GO:0043276,anoikis,6/1056,35/18986,0.17142857142857143,3.0821428571428573,2.992096491152636,0.01184621406462312,0.04246678268646188,0.027592894483296077,CEACAM5/CEACAM6/ITGA5/ITGB1/NOTCH1/NTRK2,6
3,GO:0110110,positive regulation of animal organ morphogenesis,6/1056,35/18986,0.17142857142857143,3.0821428571428573,2.992096491152636,0.01184621406462312,0.04246678268646188,0.027592894483296077,CD34/BMP4/CSF1/EDN1/ROBO1/ROBO2,6
3,GO:0016054,organic acid catabolic process,23/1056,249/18986,0.09236947791164658,1.6607262382864791,2.5469376520553624,0.0119771178720484,0.04287641849333993,0.02785905633688451,ACAA1/AGXT/ADIPOQ/CBS/DCXR/DDAH1/FABP1/FTCD/GOT1/HAO1/HNMT/IDO1/DPEP2/KYNU/LEP/IDUA/NOS1/PLA2G15/PON3/NOS3/SCLY/SORD/SULT2A1,23
3,GO:0046395,carboxylic acid catabolic process,23/1056,249/18986,0.09236947791164658,1.6607262382864791,2.5469376520553624,0.0119771178720484,0.04287641849333993,0.02785905633688451,ACAA1/AGXT/ADIPOQ/CBS/DCXR/DDAH1/FABP1/FTCD/GOT1/HAO1/HNMT/IDO1/DPEP2/KYNU/LEP/IDUA/NOS1/PLA2G15/PON3/NOS3/SCLY/SORD/SULT2A1,23
3,GO:0008406,gonad development,22/1056,236/18986,0.09322033898305085,1.6760240112994351,2.536089653010869,0.012478978530645862,0.044642008553420834,0.02900625273714535,ADAM15/ANG/ADGRG1/GFRA1/FST/INHBB/KIT/KDR/LEP/KITLG/NOTCH1/NPPC/PDGFRA/NOS3/RETN/ROBO2/SDC1/SFRP1/PTX3/TNFSF10/REN/VGF,22
3,GO:0043200,response to amino acid,14/1056,129/18986,0.10852713178294573,1.9512273901808785,2.6308132274716423,0.012592928594734246,0.04477611080069959,0.029093385995778473,BAIAP2/ASS1/COL1A1/EDN1/EGFR/COL4A1/F7/FGF21/IGF1R/NTRK2/PDGFRA/GIP/TNF/MMP3,14
3,GO:0051702,biological process involved in interaction with symbiont,14/1056,129/18986,0.10852713178294573,1.9512273901808785,2.6308132274716423,0.012592928594734246,0.04477611080069959,0.029093385995778473,APCS/APOE/CCL3/CFHR2/CFHR5/APOL1/CSF1R/FN1/IGF2R/F2/PLG/HRG/MUC2/PTX3,14
3,GO:0002679,respiratory burst involved in defense response,4/1056,17/18986,0.23529411764705882,4.230392156862745,3.233736321173949,0.012653499875267179,0.04477611080069959,0.029093385995778473,GRN/LBP/SLAMF8/TREM2,4
3,GO:0009070,serine family amino acid biosynthetic process,4/1056,17/18986,0.23529411764705882,4.230392156862745,3.233736321173949,0.012653499875267179,0.04477611080069959,0.029093385995778473,AGXT/CBS/GGT1/HAO1,4
3,GO:0034349,glial cell apoptotic process,4/1056,17/18986,0.23529411764705882,4.230392156862745,3.233736321173949,0.012653499875267179,0.04477611080069959,0.029093385995778473,DLL1/GAS6/TNFRSF21/TREM2,4
3,GO:0038083,peptidyl-tyrosine autophosphorylation,4/1056,17/18986,0.23529411764705882,4.230392156862745,3.233736321173949,0.012653499875267179,0.04477611080069959,0.029093385995778473,DDR1/EGFR/IGF1R/KDR,4
3,GO:0044320,cellular response to leptin stimulus,4/1056,17/18986,0.23529411764705882,4.230392156862745,3.233736321173949,0.012653499875267179,0.04477611080069959,0.029093385995778473,FGF23/INHBB/LEP/LEPR,4
3,GO:0048532,anatomical structure arrangement,4/1056,17/18986,0.23529411764705882,4.230392156862745,3.233736321173949,0.012653499875267179,0.04477611080069959,0.029093385995778473,DLL1/NRP1/NRP2/SEMA3F,4
3,GO:0055091,phospholipid homeostasis,4/1056,17/18986,0.23529411764705882,4.230392156862745,3.233736321173949,0.012653499875267179,0.04477611080069959,0.029093385995778473,APOA1/ANGPTL3/FABP3/ITGB6,4
3,GO:0072224,metanephric glomerulus development,4/1056,17/18986,0.23529411764705882,4.230392156862745,3.233736321173949,0.012653499875267179,0.04477611080069959,0.029093385995778473,ADIPOQ/CD34/PDGFRA/RET,4
3,GO:1901550,regulation of endothelial cell development,4/1056,17/18986,0.23529411764705882,4.230392156862745,3.233736321173949,0.012653499875267179,0.04477611080069959,0.029093385995778473,CDH5/PROC/TNF/TNFRSF1A,4
3,GO:1903140,regulation of establishment of endothelial barrier,4/1056,17/18986,0.23529411764705882,4.230392156862745,3.233736321173949,0.012653499875267179,0.04477611080069959,0.029093385995778473,CDH5/PROC/TNF/TNFRSF1A,4
3,GO:2000345,regulation of hepatocyte proliferation,4/1056,17/18986,0.23529411764705882,4.230392156862745,3.233736321173949,0.012653499875267179,0.04477611080069959,0.029093385995778473,CPB2/CEACAM1/PTN/TNF,4
3,GO:2001212,regulation of vasculogenesis,4/1056,17/18986,0.23529411764705882,4.230392156862745,3.233736321173949,0.012653499875267179,0.04477611080069959,0.029093385995778473,ADM/CD34/CEACAM1/KDR,4
3,GO:0019229,regulation of vasoconstriction,9/1056,68/18986,0.1323529411764706,2.3795955882352944,2.765768064977318,0.012672811960857558,0.04477611080069959,0.029093385995778473,ACE2/ADM/CD38/EDN1/EGFR/FGA/DBH/ITGB1/LEP,9
3,GO:0055021,regulation of cardiac muscle tissue growth,9/1056,68/18986,0.1323529411764706,2.3795955882352944,2.765768064977318,0.012672811960857558,0.04477611080069959,0.029093385995778473,BMP10/EDN1/FGFR2/CDK1/ERBB4/NOTCH1/PI16/TGFBR3/YAP1,9
3,GO:0060760,positive regulation of response to cytokine stimulus,9/1056,68/18986,0.1323529411764706,2.3795955882352944,2.765768064977318,0.012672811960857558,0.04477611080069959,0.029093385995778473,AXL/CD300LF/CD74/CSF1/EDN1/GAS6/IL1R1/MMP12/TREM2,9
3,GO:0150116,regulation of cell-substrate junction organization,9/1056,68/18986,0.1323529411764706,2.3795955882352944,2.765768064977318,0.012672811960857558,0.04477611080069959,0.029093385995778473,ACVRL1/APOD/KDR/MYOC/NRP1/HRG/SFRP1/THY1/TEK,9
3,GO:0048483,autonomic nervous system development,7/1056,46/18986,0.15217391304347827,2.7359601449275366,2.8607229082789796,0.01292332708702432,0.045629966529870114,0.029648180815365095,FN1/GFRA3/NRP1/NRP2/RET/SEMA3F/VCAM1,7
3,GO:0014706,striated muscle tissue development,35/1056,424/18986,0.08254716981132075,1.484129323899371,2.446690569319922,0.01294368087215392,0.04567055092125493,0.02967455062155969,BMP10/ACTN2/BMP4/CDON/DNER/DLL1/CXADR/EDN1/DSG2/ENG/ELN/ERBB3/CSRP3/FGFR2/CDK1/GPC1/HEG1/IGSF8/ERBB4/ITGB1/KLHL41/MYL3/MEGF10/MSTN/MYOM2/NEB/NOTCH1/PI16/NOTCH2/PDGFRA/KEL/TGFBR3/VAMP5/SMAD5/YAP1,35
3,GO:0019377,glycolipid catabolic process,5/1056,26/18986,0.19230769230769232,3.457532051282051,3.043083107116417,0.013055606723363287,0.04579185570157386,0.029753368695167294,ENPP7/GLA/GM2A/SCARB2/SMPD1,5
3,GO:0033622,integrin activation,5/1056,26/18986,0.19230769230769232,3.457532051282051,3.043083107116417,0.013055606723363287,0.04579185570157386,0.029753368695167294,CDH17/CX3CL1/FN1/CXCL13/MZB1,5
3,GO:0045624,positive regulation of T-helper cell differentiation,5/1056,26/18986,0.19230769230769232,3.457532051282051,3.043083107116417,0.013055606723363287,0.04579185570157386,0.029753368695167294,CD80/CD86/IL12B/IL12RB1/IL4R,5
3,GO:0050860,negative regulation of T cell receptor signaling pathway,5/1056,26/18986,0.19230769230769232,3.457532051282051,3.043083107116417,0.013055606723363287,0.04579185570157386,0.029753368695167294,CD160/CEACAM1/LGALS3/LILRB4/THY1,5
3,GO:0060669,embryonic placenta morphogenesis,5/1056,26/18986,0.19230769230769232,3.457532051282051,3.043083107116417,0.013055606723363287,0.04579185570157386,0.029753368695167294,ADM/CCN1/FGFR2/RSPO3/SPINT1,5
3,GO:0060740,prostate gland epithelium morphogenesis,5/1056,26/18986,0.19230769230769232,3.457532051282051,3.043083107116417,0.013055606723363287,0.04579185570157386,0.029753368695167294,BMP4/FGFR2/NOTCH1/SFRP1/TNC,5
3,GO:0090314,positive regulation of protein targeting to membrane,5/1056,26/18986,0.19230769230769232,3.457532051282051,3.043083107116417,0.013055606723363287,0.04579185570157386,0.029753368695167294,ERBB2/ITGAM/ITGB2/PDZK1/SLC51B,5
3,GO:1904996,positive regulation of leukocyte adhesion to vascular endothelial cell,5/1056,26/18986,0.19230769230769232,3.457532051282051,3.043083107116417,0.013055606723363287,0.04579185570157386,0.029753368695167294,GCNT1/ITGB2/IL6/SELE/TNF,5
3,GO:0042593,glucose homeostasis,24/1056,265/18986,0.09056603773584905,1.6283018867924528,2.499619444006422,0.013058007348460443,0.04579185570157386,0.029753368695167294,AGER/ADIPOQ/CCN4/BGLAP/COL1A1/CPB2/CSRP3/DUSP29/FGF21/GAS6/GCG/DBH/ERN1/ICAM1/IGF1R/IL6/LEP/LEPR/PRCP/PTPRN2/SERPINF1/TREM2/VGF/VSNL1,24
3,GO:0043535,regulation of blood vessel endothelial cell migration,16/1056,156/18986,0.10256410256410256,1.844017094017094,2.568830782515421,0.01336972622737165,0.0468212898791446,0.030422246035109117,ACVRL1/ANGPT2/APOE/EFNA1/EPHA2/GDF2/FGFBP1/KDR/NOTCH1/NRP1/PLG/PRCP/NOS3/HRG/TGFBR3/TNF,16
3,GO:0071456,cellular response to hypoxia,16/1056,156/18986,0.10256410256410256,1.844017094017094,2.568830782515421,0.01336972622737165,0.0468212898791446,0.030422246035109117,ADAM8/CBS/DDAH1/EDN1/EPHA4/FABP1/FGFR2/HYOU1/MSTN/NOTCH1/SFRP1/STC1/STC2/VASN/TREM2/SCN2A,16
3,GO:0002021,response to dietary excess,6/1056,36/18986,0.16666666666666666,2.9965277777777777,2.909840037672877,0.013563633470797233,0.047307530813233925,0.03073818225487985,APOE/CNTN2/GDF15/LEP/SCT/VGF,6
3,GO:0010984,regulation of lipoprotein particle clearance,6/1056,36/18986,0.16666666666666666,2.9965277777777777,2.909840037672877,0.013563633470797233,0.047307530813233925,0.03073818225487985,APOC1/FGF21/IL19/LDLR/PCSK9/TREM2,6
3,GO:0030224,monocyte differentiation,6/1056,36/18986,0.16666666666666666,2.9965277777777777,2.909840037672877,0.013563633470797233,0.047307530813233925,0.03073818225487985,APCS/CD4/CD74/BMP4/CSF1/CSF1R,6
3,GO:0035640,exploration behavior,6/1056,36/18986,0.16666666666666666,2.9965277777777777,2.909840037672877,0.013563633470797233,0.047307530813233925,0.03073818225487985,APOE/CHL1/DPP4/PENK/GIP/TNR,6
3,GO:0060317,cardiac epithelial to mesenchymal transition,6/1056,36/18986,0.16666666666666666,2.9965277777777777,2.909840037672877,0.013563633470797233,0.047307530813233925,0.03073818225487985,ADAM15/EFNA1/ENG/NOTCH1/TGFBR2/TGFBR3,6
3,GO:0071353,cellular response to interleukin-4,6/1056,36/18986,0.16666666666666666,2.9965277777777777,2.909840037672877,0.013563633470797233,0.047307530813233925,0.03073818225487985,CD300LF/IL4R/MRC1/ADAMTS13/PTPRC/XCL1,6
3,GO:0033500,carbohydrate homeostasis,24/1056,266/18986,0.09022556390977443,1.6221804511278195,2.479998240192751,0.01362352471846797,0.04748429338992724,0.03085303416544969,AGER/ADIPOQ/CCN4/BGLAP/COL1A1/CPB2/CSRP3/DUSP29/FGF21/GAS6/GCG/DBH/ERN1/ICAM1/IGF1R/IL6/LEP/LEPR/PRCP/PTPRN2/SERPINF1/TREM2/VGF/VSNL1,24
3,GO:0019318,hexose metabolic process,22/1056,238/18986,0.09243697478991597,1.6619397759103642,2.4938860145707293,0.013660640556089763,0.0475814878828667,0.030916186521676835,ADIPOQ/APOD/B4GALT1/C1QTNF1/DCXR/ENO3/FBP1/FUOM/GCG/GOT1/GPD1/IGFBP4/KHK/LEP/MAN2B2/LEPR/IGFBP3/SORD/TNF/TFF3/PTH/SORBS1,22
3,GO:0015914,phospholipid transport,12/1056,105/18986,0.11428571428571428,2.0547619047619046,2.630169300190066,0.013703784966992587,0.047699535114683854,0.030992887995287974,APOA1/APOA4/APOC1/APOE/APOA2/LDLR/FASLG/NPC2/PLTP/PRAP1/SCARB2/PLA2G10,12
3,GO:0071300,cellular response to retinoic acid,9/1056,69/18986,0.13043478260869565,2.345108695652174,2.7164574627208906,0.013876761248439924,0.048269031198183404,0.031362919449205086,COL1A1/FGFR2/LEP/RET/SERPINF1/TNF/TNC/WNT9A/YAP1,9
3,GO:0045921,positive regulation of exocytosis,10/1056,81/18986,0.12345679012345678,2.219650205761317,2.6695408875152293,0.014146813206315364,0.04914206339525316,0.03193017422506419,CD160/FGA/ITGAM/ITGB2/IL4R/LAMP1/SDC1/SYT1/IFNG/VSNL1,10
3,GO:2000027,regulation of animal organ morphogenesis,10/1056,81/18986,0.12345679012345678,2.219650205761317,2.6695408875152293,0.014146813206315364,0.04914206339525316,0.03193017422506419,CD34/BMP4/CSF1/EDN1/HGF/ROBO1/ROBO2/TNF/TNFRSF11B/TACSTD2,10
3,GO:1903522,regulation of blood circulation,24/1056,267/18986,0.0898876404494382,1.6161048689138575,2.4604586146081555,0.014208441655531406,0.04932290689176054,0.03204767772312666,ACE2/ADM/AGER/BMP10/CD38/DSC2/CXADR/EDN1/DSG2/EGFR/CSRP3/FGA/CHGA/DBH/ITGB1/LEP/MYL3/NOS1/OXT/NOS3/SCN4B/STC1/TNF/HRC,24
3,GO:0043281,regulation of cysteine-type endopeptidase activity involved in apoptotic process,15/1056,144/18986,0.10416666666666667,1.8728298611111112,2.551493446697901,0.014278625845700735,0.049533187237272736,0.0321843078848337,CTSD/CLEC7A/FABP1/FAS/F3/GAS6/GSN/LAMP3/LGALS9/FASLG/PLAUR/RET/ROBO1/TNF/TNFSF10,15
3,GO:0034762,regulation of transmembrane transport,39/1056,487/18986,0.08008213552361396,1.4398100616016427,2.386176861189825,0.014381148392148258,0.04985529250943126,0.03239359656235852,ACE2/AHNAK/ADIPOQ/C3/ACTN2/CRHBP/CXCL10/CTSS/CX3CL1/DPP10/EDN1/CALCA/CXCL9/DPP6/EPO/FGF21/HEPH/IFNGR2/F2/ITGB1/LEP/CAPN3/GRP/OCLN/PDZK1/NOS1/GIP/PCSK9/SCN4B/KEL/GAL/THY1/TNF/TREM2/HRC/IFNG/PTH/SORBS1/XCL1,39
3,GO:0001541,ovarian follicle development,8/1056,58/18986,0.13793103448275862,2.4798850574712645,2.7392819341338805,0.014442708450441334,0.049867489659762274,0.03240152169020646,ANG/INHBB/KIT/KDR/KITLG/NPPC/PTX3/VGF,8
3,GO:0006826,iron ion transport,8/1056,58/18986,0.13793103448275862,2.4798850574712645,2.7392819341338805,0.014442708450441334,0.049867489659762274,0.03240152169020646,B2M/HEPH/LCN2/MELTF/SCARA5/TF/IFNG/TFRC,8
3,GO:0034332,adherens junction organization,8/1056,58/18986,0.13793103448275862,2.4798850574712645,2.7392819341338805,0.014442708450441334,0.049867489659762274,0.03240152169020646,CDH1/CDH17/CDH3/CDH5/CDH2/CDH6/EPHA4/CDH4,8
3,GO:0060986,endocrine hormone secretion,8/1056,58/18986,0.13793103448275862,2.4798850574712645,2.7392819341338805,0.014442708450441334,0.049867489659762274,0.03240152169020646,C1QTNF1/CRHBP/INHBB/LEP/RETN/GAL/SPP1/REN,8
3,GO:0061005,cell differentiation involved in kidney development,8/1056,58/18986,0.13793103448275862,2.4798850574712645,2.7392819341338805,0.014442708450441334,0.049867489659762274,0.03240152169020646,ADIPOQ/CD34/ACTA2/EDN1/NOTCH1/NOTCH2/PODXL/YAP1,8
3,GO:0072132,mesenchyme morphogenesis,8/1056,58/18986,0.13793103448275862,2.4798850574712645,2.7392819341338805,0.014442708450441334,0.049867489659762274,0.03240152169020646,ACVRL1/ACTA2/ENG/NOTCH1/NOS3/ROBO1/ROBO2/TGFBR2,8
3,GO:0055010,ventricular cardiac muscle tissue morphogenesis,7/1056,47/18986,0.14893617021276595,2.6777482269503543,2.794758659794825,0.014476658558839771,0.049917842722955866,0.03243423871447151,BMP10/ENG/FGFR2/HEG1/MYL3/NOTCH1/TGFBR3,7
3,GO:0070741,response to interleukin-6,7/1056,47/18986,0.14893617021276595,2.6777482269503543,2.794758659794825,0.014476658558839771,0.049917842722955866,0.03243423871447151,CHI3L1/FCAR/FGF23/IL6ST/IL6/IL6R/YAP1,7
