dataset,feature,beta_sex,p_sex,q_sex,p_age,q_age,R2
metabolome,fid_23474,-8.39487553955493e-4,0.4514681695398909,0.46261553175075243,7.371020255238183e-12,1.099032361409765e-11,0.005431141836929054
metabolome,fid_23475,0.0018849439339180094,1.2115231869509463e-4,1.4096695025737647e-4,0.13497876209396834,0.1366248445585289,0.0019736143067647927
metabolome,fid_23476,4.276200899665439e-4,0.06684475223529773,0.0720534342276586,1.1526836599724507e-17,2.0648793621089224e-17,0.008393238157179184
metabolome,fid_23477,5.42374892649167e-4,7.187524762846844e-8,8.522350790232687e-8,1.4427222473440184e-12,2.177199027810064e-12,0.0085694591508865825
metabolome,fid_23460,0.017140646615716924,4.594158191131356e-30,6.975276765803095e-30,7.590704453964468e-8,9.64329290325078e-8,0.016210653354172933
metabolome,fid_23479,0.35965854046351875,2.6799595937727516e-8,3.192870520810599e-8,1.243277402006788e-35,9.986324938699685e-35,0.0187615443643937
metabolome,fid_23440,-0.18400757258768316,0,0,4.502595316097747e-15,7.626845127267613e-15,0.15996242802932759
metabolome,fid_23439,-0.028586055001353257,6.319508626164795e-13,8.111121896469248e-13,1.5873849748541813e-24,4.391765097096568e-24,0.016853216593945786
metabolome,fid_23441,0.054939986319290396,3.388110958061121e-62,6.3912093072516605e-62,4.279305712763118e-12,6.418958569144677e-12,0.031095177077712033
metabolome,fid_23433,-0.17567812943153283,0,0,0.002626380385592514,0.002831033402651671,0.1858611632728514
metabolome,fid_23432,-0.036482442292000816,2.0477666304104676e-101,5.66548767746896e-101,4.105484706950451e-22,8.88926688722315e-22,0.05441726769432553
metabolome,fid_23431,0.7947244713969294,2.330950131435708e-244,1.4882220069935676e-243,0.0013963999985087561,0.0015250157878450889,0.10512553470112362
metabolome,fid_23484,0.016184279762118732,1.369426103748801e-88,3.128322016820655e-88,3.347909566582942e-5,3.89546486952875e-5,0.0403828658007106
metabolome,fid_23526,-0.1123577315606161,7.569709874117746e-158,3.2497547563022736e-157,9.58459293190929e-26,3.0994332987602764e-25,0.08086120470018243
metabolome,fid_23561,-0.13958895848257025,0,0,0.02290869267990996,0.023571340815279257,0.18552865388567863
metabolome,fid_23533,-0.08722745746396818,9.218119395695421e-56,1.663269369223304e-55,2.7310315944671863e-27,1.09681752745537e-26,0.037580974421489
metabolome,fid_23498,0.0145233773387402,6.994832640758719e-57,1.2713235967510372e-56,5.021882554533538e-13,7.815304725492818e-13,0.029512745260922513
metabolome,fid_23568,-0.09007099843784734,0,0,3.8786782091517545e-7,4.853220472757723e-7,0.1484306519967833
metabolome,fid_23540,-0.005152981909900655,0.025682470901625624,0.028296173692499028,1.79713188607015e-23,4.387116074818308e-23,0.01139859049934755
metabolome,fid_23505,-0.013186866860503719,8.712128445496029e-24,1.2760705781932418e-23,2.2022432302588724e-22,4.940167246256389e-22,0.02089211228720611
metabolome,fid_23575,-0.011516935331164636,4.580581292193212e-23,6.592859778937051e-23,1.0278274605797473e-11,1.5233871290735542e-11,0.015457455208344406
metabolome,fid_23547,-0.0019987406986178655,0.022084020520044326,0.02443964937551572,5.476619845102561e-24,1.4204982723234768e-23,0.011673244397937155
metabolome,fid_23512,8.554602763785136e-5,0.9329877652286676,0.9329877652286676,3.1793722814470423e-22,7.068425875717084e-22,0.010122423107305933
metabolome,fid_23554,-0.026654999768728944,0,0,0.01908813986844663,0.019803945113513383,0.15792839828754657
metabolome,fid_23491,0.00929660633817601,5.329520325766884e-64,1.028721365206166e-63,2.498858766249336e-10,3.4955945662701384e-10,0.03145027246161358
metabolome,fid_23519,-0.02441744394402691,1.9581437377488577e-138,6.867292826753037e-138,1.2061981985255885e-28,5.66685568741267e-28,0.07338517610393236
metabolome,fid_23580,-2.735948387005321,2.4121053530642533e-34,3.7305231857950253e-34,0.0039221014123317025,0.0041914302646806605,0.01584411509613981
metabolome,fid_23610,-1.0854697640724948,1.2486794018539689e-79,2.6349251784884598e-79,9.422644088101564e-36,8.689771770138109e-35,0.05095307604560029
metabolome,fid_23635,-3.0553969045560185,1.049737832576343e-194,5.808549340255764e-194,8.838580258935326e-20,1.760645187579917e-19,0.09197550118105657
metabolome,fid_23615,-0.6322667948260918,7.792364836387002e-88,1.7324096823753243e-87,2.0479557822479695e-41,2.99965288105732e-40,0.05707952322708243
metabolome,fid_23590,-1.533630640717612,7.6466958932590425e-81,1.6273737413858988e-80,0.020497110935026375,0.02117751295776584,0.03660737941195347
metabolome,fid_23640,-1.478013801150531,5.030665785454761e-151,2.0203802912552189e-150,6.641526878141546e-13,1.0271678215262392e-12,0.07101194835685443
metabolome,fid_23620,-0.4321391798244596,3.0908523710309443e-43,5.130814935911367e-43,1.517490435157866e-14,2.4696412964333898e-14,0.025728690075986993
metabolome,fid_23595,-3.8643998437787235,3.990703497361133e-195,2.2583753882793687e-194,2.2849990084952728e-23,5.523929641896338e-23,0.09450765747959144
metabolome,fid_23645,-0.04147622618337743,0.24803953008218954,0.2595035419767445,2.937854717246599e-35,2.151546542924715e-34,0.01617228580002894
metabolome,fid_23625,-0.3018513137417882,3.4813330200464828e-15,4.6355717753560115e-15,6.941862398364269e-22,1.4773707155493187e-21,0.016473532688240256
metabolome,fid_23600,-1.6359258903791354,8.043353488760679e-73,1.641635261230663e-72,5.924581741233619e-26,2.0208504843385905e-25,0.043938782911046914
metabolome,fid_23630,2.8244087971975897,1.0247832542697179e-214,6.223683666174628e-214,1.611528086280986e-23,3.9729751830095596e-23,0.0997830165493031
metabolome,fid_23585,-3.708313936090291,1.7622282241089597e-135,6.010888052097685e-135,1.960862765945338e-10,2.75850185717734e-10,0.0634500289345773
metabolome,fid_23605,-2.5224711146733565,1.3566503143052856e-181,6.756118565240323e-181,8.644971916043541e-33,5.519482069473954e-32,0.09250784112188704
metabolome,fid_23485,0.008855490068501866,2.0771790211445076e-87,4.577146692610464e-87,2.0183292632902026e-4,2.2740451880509522e-4,0.03947579671913426
metabolome,fid_23418,-0.20554899880658373,0,0,0.00018503538440948344,2.1038269734228941e-4,0.1767075557453115
metabolome,fid_23527,-0.08375173002375763,3.0134837002763616e-159,1.3164165638049368e-158,6.577652420905112e-26,2.183780603740497e-25,0.0815547685193877
metabolome,fid_23417,-0.05845785918279123,2.3195386826195947e-20,3.263079841651294e-20,1.8639696900489146e-26,6.630406468888282e-26,0.02119493915031101
metabolome,fid_23562,-0.10758901147321098,0,0,0.05217515765648209,0.05324432072321328,0.18221580676003646
metabolome,fid_23534,-0.057995730870689224,4.204130219734719e-46,7.121281800775138e-46,1.3973030667765623e-27,5.9987666142648966e-27,0.03338835586375277
metabolome,fid_23499,0.004960790434296914,8.058760657919471e-28,1.2015756909113464e-27,6.638413393761063e-15,1.1093724396285267e-14,0.01773777779048391
metabolome,fid_23569,-0.07082267258109001,0,0,1.2544331843023508e-5,1.4873993471013588e-5,0.14194306096766562
metabolome,fid_23541,-1.8806315166889145e-4,0.9127770133704766,0.9164575658437447,1.9960588708181837e-22,4.51835144394298e-22,0.010236681272066561
metabolome,fid_23506,-0.011365979223545755,1.9133172039799242e-50,3.3084443318819526e-50,1.8476373879919203e-22,4.220749629449432e-22,0.03301147793486059
metabolome,fid_23576,-0.005342868165224891,3.368378566577589e-9,4.071486713969998e-9,1.725308774805564e-8,2.2492245284114417e-8,0.007612758679928944
metabolome,fid_23548,-2.740958494188055e-4,0.6744679560455302,0.6799292350418503,1.084217815491964e-22,2.5230863182943834e-22,0.01040477895937586
metabolome,fid_23513,0.0015460844713063558,0.017768122598816223,0.019751171996005533,1.0808764008566201e-21,2.2808324051974443e-21,0.01025453988174152
metabolome,fid_23416,-0.010904289902161957,1.3493779230696704e-4,1.5627679202062693e-4,1.4273002889005552e-20,2.937171668894531e-20,0.011097478350940881
metabolome,fid_23555,-0.021794977416738793,0,0,0.017469053181974125,0.018199975909253378,0.16515338251879175
metabolome,fid_23492,0.004076379616131338,1.9921949120962456e-46,3.3976474870682544e-46,3.7160893392214275e-11,5.442977914506679e-11,0.024098907451225893
metabolome,fid_23520,-0.01897714852035625,1.3390213547644211e-164,6.174376246969275e-164,6.369167205672288e-26,2.1431386948816214e-25,0.0833440121610215
metabolome,fid_23581,-1.4888678719185755,2.4965370662283603e-20,3.4923467948924816e-20,1.3815937930807755e-5,1.622721011684496e-5,0.010819883472138137
metabolome,fid_23611,-0.887925581211488,1.0423923197454028e-78,2.1811402320723134e-78,7.903519004920706e-46,1.78906930202296e-44,0.05489327069313976
metabolome,fid_23636,-2.2901412677576585,5.290771249165546e-147,1.9960636985488199e-146,3.775840406088481e-24,1.0001960224638636e-23,0.0738057604299458
metabolome,fid_23616,-0.017045308216408706,0.4473118388054931,0.4602506110023462,4.3852611678634684e-14,6.999551479474383e-14,0.006526931526565138
metabolome,fid_23591,-1.773059065523862,3.83288228950069e-164,1.7352503456103124e-163,0.0011178668510594932,0.0012262063696643782,0.07315973442790835
metabolome,fid_23641,-0.8644127907538771,5.936446452474172e-69,1.1731548941794197e-68,3.670744686150942e-21,7.680801906315838e-21,0.03919219149981523
metabolome,fid_23621,0.3134637708258561,1.643935780904148e-17,2.224673964375722e-17,7.933379000157627e-8,1.0027468888524106e-7,0.01046589932528963
metabolome,fid_23596,-2.9123045966326546,2.851010333370004e-197,1.6509338907189093e-196,2.252528082892603e-27,9.347991544004304e-27,0.09683025349463226
metabolome,fid_23646,0.25819865711808376,3.5981179286548365e-13,4.666309188724241e-13,6.452446546578697e-44,1.2358916846908427e-42,0.024659606525954447
metabolome,fid_23626,0.20544586488983685,5.896369491824908e-7,6.958274897935556e-7,1.6509245457183044e-4,1.8943788566076397e-4,0.004272235310291306
metabolome,fid_23601,-0.5655323742389744,3.668546648414131e-26,5.405136777840939e-26,1.7051717757586462e-14,2.757063455609759e-14,0.018059853641632317
metabolome,fid_23631,-0.1797126697852811,0.003280357294868819,0.0036959681738567233,1.349208115449441e-29,6.856180015243079e-29,0.014465158926957211
metabolome,fid_23586,-2.9498487028908693,3.9306937475600254e-125,1.2234284289280579e-124,1.0506011473201992e-11,1.547927134217335e-11,0.05956100066345971
metabolome,fid_23606,-2.3900821620969497,3.280553040302241e-200,1.9448993024649002e-199,1.1714286938397407e-35,9.72285815886985e-35,0.10118320068210018
metabolome,fid_23473,-0.003531906036222004,2.514361227413422e-43,4.201851984066725e-43,3.8695401590656374e-59,1.3764507137247768e-57,0.044049520257062325
metabolome,fid_23404,-0.1803590024066955,9.174356050968159e-36,1.4367387777931268e-35,5.592614153904166e-26,1.9341123948918575e-25,0.028027138840810983
metabolome,fid_23481,5.964332770474508e-7,2.914217804993353e-96,7.3296993277105545e-96,4.6766166028230925e-6,5.652803563606553e-6,0.04415040156217931
metabolome,fid_23430,-0.0015870208217090402,1.0816771196092938e-270,8.161745538870126e-270,4.3628535094914794e-15,7.440757012762866e-15,0.12168672220688559
metabolome,fid_23523,-2.454984584023366e-5,2.2665956839500997e-58,4.211808397787872e-58,7.905423847936107e-24,2.0086229980980517e-23,0.03709881871689413
metabolome,fid_23429,-3.327940129449731e-5,2.721687966886153e-9,3.3220603125228044e-9,7.783246838557714e-24,1.9979674874235784e-23,0.014856914661043108
metabolome,fid_23558,-6.53112532338251e-4,0,0,1.9895124873454365e-4,2.2517664061318804e-4,0.19376474853954284
metabolome,fid_23530,-2.9602687869180787e-5,2.291119705918505e-17,3.08372327985788e-17,8.792875250632665e-25,2.5165815372500386e-24,0.019064765745474443
metabolome,fid_23495,2.1049119188257714e-6,7.562472773381653e-90,1.7598651594131135e-89,1.2309626239736404e-10,1.761549961893313e-10,0.042900422556455764
metabolome,fid_23565,-6.803902890441077e-4,0,0,9.417135521573505e-13,1.4297967956535383e-12,0.14929031107075452
metabolome,fid_23537,-2.6795383635616505e-6,0.07367862319177917,0.07907748782221127,4.626663767887154e-20,9.366172993527653e-20,0.009610539423227649
metabolome,fid_23502,6.262417926271338e-7,0.00962488227763219,0.010795476068155023,2.8504367271963276e-19,5.502005775751051e-19,0.009231557015310088
metabolome,fid_23572,-1.799303341842362e-4,5.53107370923543e-13,7.135944837303741e-13,9.233464644259057e-14,1.4551472762155095e-13,0.011790036308444884
metabolome,fid_23544,-9.977118331501741e-7,0.17809450216434905,0.188704387399672,3.5846232332312067e-22,7.82957179889974e-22,0.010402927552414565
metabolome,fid_23509,2.196918667120421e-6,8.694717506540624e-19,1.1830517262997897e-18,3.1473336440275374e-23,7.535443051565931e-23,0.017631760338171487
metabolome,fid_23428,2.1073203694865516e-6,0.015013724828241766,0.016764203956198202,2.5203333862634346e-24,6.747989389027905e-24,0.011484793028918028
metabolome,fid_23551,-7.358579473031805e-5,0,0,7.331196453895358e-5,8.490548451255554e-5,0.1618059736339047
metabolome,fid_23488,9.296142124274902e-7,3.337655536137877e-104,9.444048051117401e-104,1.6424272554770261e-9,2.2106183060204296e-9,0.04869657969029506
metabolome,fid_23516,-4.346850898466059e-6,4.168249281365268e-58,7.688104230073717e-58,4.988954479504832e-35,3.357431528099198e-34,0.04137689707164127
metabolome,fid_23478,0.01276647474280412,0,0,4.889269698271382e-27,1.9324256426501177e-26,0.2623211045099276
metabolome,fid_23443,-0.040532001614446395,1.545217005587738e-149,6.107286260180108e-149,2.6983347398594763e-6,3.3097800503695053e-6,0.0675013420242121
metabolome,fid_23450,-0.037725529029392454,4.869743504343685e-120,1.4787391860750946e-119,1.0058880798090764e-64,4.174435531207667e-63,0.0786339670273355
metabolome,fid_23457,-0.23733749838664983,6.079326434086742e-73,1.2510349438740486e-72,7.104364555326503e-25,2.081160910913293e-24,0.041979153256971435
metabolome,fid_23486,0.00732881277070893,6.353334533216822e-88,1.42520747637026e-87,2.3444450868935916e-6,2.8899347853292294e-6,0.04066563956192171
metabolome,fid_23422,-0.0622824366290559,0,0,7.388658678133737e-14,1.1718318540479622e-13,0.19915710385166252
metabolome,fid_23528,-0.028605944301076068,1.4010473672910182e-147,5.36708914546867e-147,6.7352836990116505e-25,1.996530525064168e-24,0.07604097349260486
metabolome,fid_23421,-0.035921265196917324,7.052732380646164e-52,1.2454825267949609e-51,8.933231349516527e-26,2.9268086921442308e-25,0.03518837773956329
metabolome,fid_23563,-0.03200012322396755,0,0,2.4579856918336166e-4,2.7445669832581635e-4,0.19411839807207765
metabolome,fid_23535,-0.029231692247392492,4.960513615474674e-83,1.0740590350027772e-82,1.3494061731093821e-25,4.307719706464566e-25,0.048865975463856515
metabolome,fid_23500,0.009562619056987996,3.468990627226735e-91,8.2264634874234e-91,6.27741297808571e-11,9.087650183391521e-11,0.043495823588496796
metabolome,fid_23570,-0.01924827138642987,0,0,8.085549395814244e-15,1.333312450038243e-14,0.1689712139004258
metabolome,fid_23542,-0.004964854530083655,4.965355716973564e-15,6.5764551783320085e-15,3.4974761510591292e-25,1.0885894520171539e-24,0.01818283398036491
metabolome,fid_23507,-0.0018208208387445323,0.0018593923449546218,0.0021141036250853923,6.375451607804497e-22,1.3685236640890687e-21,0.011203179823605636
metabolome,fid_23577,-0.006174052617544391,9.417646728710358e-92,2.2548019571623839e-91,1.1576588347092758e-30,6.405712218724659e-30,0.05401529339032174
metabolome,fid_23549,-0.001724629725982523,2.208170568859699e-12,2.791037927137386e-12,5.557219141701498e-25,1.6671657425104492e-24,0.016854188267352965
metabolome,fid_23514,-0.001460492604352621,8.809758601556113e-5,1.0298731886326161e-4,3.7081444375594113e-23,8.710641178795221e-23,0.012390410237513194
metabolome,fid_23420,0.013390093337884098,1.7578822581838897e-10,2.1776750362576544e-10,8.139173604733869e-19,1.5470642958616283e-18,0.012101221150329078
metabolome,fid_23556,-0.004860020661585352,6.8449904893138e-282,5.498073005932698e-281,0.0369293678413602,0.037841204084356754,0.12055881347997521
metabolome,fid_23493,0.005220220417326401,6.149335525278855e-81,1.3199866774089957e-80,1.5694360840149472e-9,2.123856439781097e-9,0.03859081756528271
metabolome,fid_23521,-0.005440311490053687,1.3966328915312577e-77,2.89801324992736e-77,4.2798457951767295e-35,2.960226674997238e-34,0.049872642791434774
metabolome,fid_23582,-1.2434698904055783,3.706515087502709e-49,6.364981081297756e-49,0.35056258666717155,0.35197614548437794,0.02134070194490767
metabolome,fid_23612,-0.1975268486833346,1.474873953516881e-21,2.0985349395754478e-21,0.014814900448896252,0.015499622738551122,0.010102051955676261
metabolome,fid_23637,-0.7652549865854469,3.1044023341919706e-258,2.2085605177537162e-257,0.0018674255991300889,0.0020305195379187427,0.1119950025333959
metabolome,fid_23617,-0.6152060650301926,8.818999813604864e-137,3.0499041022050155e-136,3.2551269546892656e-29,1.5892678661129944e-28,0.07207138393252732
metabolome,fid_23592,0.23942180379032615,1.7765970984840206e-21,2.513481122287052e-21,1.632598260851538e-7,2.0531159947072372e-7,0.012155369507812486
metabolome,fid_23642,-0.6135881651345869,0,0,7.0476615204239e-13,1.076605962322424e-12,0.19982111893396826
metabolome,fid_23622,-0.74561105125705,6.585761034216954e-97,1.6733209158367568e-96,1.6173052269618695e-28,7.457574102101953e-28,0.054677220745469324
metabolome,fid_23597,-0.9520972709111688,3.0707020720499085e-176,1.4703938768085138e-175,7.523255019159735e-15,1.248860333180516e-14,0.08356148539318198
metabolome,fid_23647,-0.299679041656828,2.863343688717699e-192,1.5499403880232762e-191,1.5267048966112995e-15,2.639927217057039e-15,0.0900199967400408
metabolome,fid_23627,-0.5072989649888399,7.438379365747916e-42,1.2265936834908815e-41,4.939153795063902e-25,1.4998162133791604e-24,0.02942562505564461
metabolome,fid_23602,-1.0703851995234914,1.601466118777095e-138,5.696643765364238e-138,2.7684510054773125e-37,3.133383183472049e-36,0.07677623546667645
metabolome,fid_23632,3.004151532403818,0,0,0.0027149725643610145,0.002913914519508158,0.17815520002750374
metabolome,fid_23587,-0.7586053449448715,3.7697240934066834e-126,1.2034119221259798e-125,5.980648105107351e-4,6.648131152552367e-4,0.056708594038235804
metabolome,fid_23607,-0.13238738604970246,2.198273999546483e-30,3.358099545319474e-30,1.4728755741297747e-8,1.94045512147256e-8,0.017187819562519024
metabolome,fid_23470,0.02814411404331011,0.21279848207436872,0.22357308876167853,1.305249551972969e-29,6.770982050859777e-29,0.013614872365180108
metabolome,fid_23461,0.008735905492249427,2.0735530283408288e-8,2.4822822310426265e-8,7.933677885032427e-9,1.0507903156239756e-8,0.00689607903697953
metabolome,fid_23462,-0.041273170728823576,8.45407026540366e-251,5.689360800231112e-250,4.2738355010250825e-8,5.5426304153919036e-8,0.11089078655874596
metabolome,fid_23480,-0.004495341215931018,0.04660348191329021,0.05089590787898799,1.707653108691035e-27,7.206874984136741e-27,0.01289748997708795
metabolome,fid_23406,-0.2678324154965923,0,0,5.409569422411987e-6,6.507163218263694e-6,0.1839934289083105
metabolome,fid_23463,0.0019522720662133255,1.887395159690061e-23,2.7483122500750014e-23,8.253773599668057e-15,1.352098438366675e-14,0.016010305899325727
metabolome,fid_23465,0.006961399022697276,4.6393740855098354e-88,1.0501855884472263e-87,0.2898001414544665,0.29214670130430026,0.038349127381223314
metabolome,fid_23405,-0.09437875857970134,5.831481650453396e-28,8.747222475680094e-28,1.5786081240554972e-26,5.696716273765491e-26,0.02472086479397939
metabolome,fid_23471,0.15172474113270354,7.241313152467886e-13,9.246599871612839e-13,0.9342333074258901,0.9342333074258901,0.005075188824452126
metabolome,fid_23466,0.01542749679504316,3.2952448025778336e-177,1.6088548153762366e-176,0.007633128191406393,0.008122431280599111,0.07674973861295642
metabolome,fid_23449,-0.22467294699924475,1.3317427525066769e-62,2.5313278272836835e-62,2.5997964486336087e-18,4.7951801163686564e-18,0.036439349627427564
metabolome,fid_23456,-0.8606010641123,3.8692362403029445e-38,6.097720404021728e-38,3.9940607364627365e-75,4.972605616896107e-73,0.04954261294796225
metabolome,fid_23447,0.05174742742627177,8.397675639274636e-4,9.591840523758644e-4,2.217587668779408e-24,6.0019492339790496e-24,0.012037813148931487
metabolome,fid_23454,1.2231915892747995,6.934096995310924e-126,2.1855571542182532e-125,1.6483622577585786e-10,2.3320579669425346e-10,0.059107557412530154
metabolome,fid_23444,-0.06825633924771296,2.4898641014725026e-57,4.5586482446077436e-57,1.3680150109592331e-89,3.4063573772884903e-87,0.0631012978132447
metabolome,fid_23451,-0.40465996491176015,5.078777515120954e-41,8.319839482007352e-41,3.5836378500106545e-72,2.974419415508843e-70,0.0486643972666736
metabolome,fid_23445,-0.2709646035763654,1.7810343641617642e-92,4.305607346371643e-92,3.364871393081984e-23,7.979552160737276e-23,0.0516209636303987
metabolome,fid_23459,0.6887763475281677,1.0909577424884817e-14,1.4297288309454314e-14,2.8076292538943132e-67,1.74774921054921e-65,0.03570192573468467
metabolome,fid_23452,-0.895357346457503,3.5716163446852255e-38,5.664538024373383e-38,3.308371630795001e-66,1.6475690721359105e-64,0.04532785488643265
metabolome,fid_23468,0.001443877174317221,2.368926726489963e-9,2.9057278566305456e-9,7.368201434843228e-4,8.154142921226506e-4,0.00522611121360228
metabolome,fid_23437,-0.2557139054852925,7.299500919540155e-290,6.267502513674133e-289,2.1700627024849236e-35,1.6374109482386242e-34,0.13688370144844242
metabolome,fid_23434,-0.25231193471444746,3.567074710738503e-250,2.3373726394049665e-249,1.1638226456042216e-37,1.3799611369307199e-36,0.12205306323600051
metabolome,fid_23483,0.012848941521568855,4.430550287458035e-101,1.1991380669315766e-100,1.2898704540895531e-5,1.5221693984279562e-5,0.04608470755887717
metabolome,fid_23414,-0.25524971841299327,0,0,4.680543995545649e-16,8.207432780921597e-16,0.1772320322129397
metabolome,fid_23525,-0.034573243230806135,2.1325780208011255e-157,9.000202155584411e-157,7.208284300355301e-28,3.205112126407982e-27,0.08141358530531617
metabolome,fid_23413,-0.024957992368118877,2.2412176249317764e-19,3.083222036508355e-19,1.2789391852627103e-26,4.825088744400226e-26,0.02083396895048628
metabolome,fid_23560,-0.12965772132051592,0,0,3.321721727801317e-6,4.054454461875137e-6,0.19554162915106454
metabolome,fid_23532,-0.02317157429241394,6.0272480340401546e-46,1.0140437570783773e-45,1.5240823623314371e-26,5.580831003243056e-26,0.032847169641542995
metabolome,fid_23497,0.015499328956199765,5.0683965298202e-96,1.2620307359252298e-95,4.288890640077701e-10,5.966110443460042e-10,0.04529753751391963
metabolome,fid_23567,-0.06734450255576473,6.412955685602627e-287,5.322753219050181e-286,5.951472190867098e-17,1.0510046634935513e-16,0.12782547571942526
metabolome,fid_23539,-4.6185529596928006e-4,0.5755039951780274,0.5872971098333148,1.1877333865567299e-24,3.360745605143475e-24,0.011324488136378208
metabolome,fid_23504,4.867511886520819e-4,0.6045951124651955,0.6144660530768721,8.927616713944084e-21,1.8524804681433977e-20,0.009455785530548155
metabolome,fid_23574,-0.023395261871393718,3.6374631307259493e-40,5.881352724355593e-40,7.218049784749022e-20,1.4494309648407311e-19,0.02646570158552708
metabolome,fid_23546,-0.001324667270691863,3.0173807569821464e-4,3.4783694837433075e-4,2.686392508599116e-25,8.467237147356706e-25,0.013161014313626818
metabolome,fid_23511,5.76376380832847e-4,0.32813799663127297,0.34044317150494574,1.1370323482984436e-23,2.859808633599116e-23,0.010798168748398118
metabolome,fid_23412,0.031709704944909774,1.5177922474958233e-19,2.1113422884159775e-19,9.93465756860796e-18,1.7925577786836103e-17,0.015469293204438905
metabolome,fid_23553,-0.034853421853011525,0,0,0.011364149465734169,0.011939549438682735,0.16324471725610668
metabolome,fid_23490,0.010126335122221778,1.942541133927131e-93,4.789037052949066e-93,6.610347841178815e-9,8.802013970339705e-9,0.04376425499532477
metabolome,fid_23518,-0.0078278297595296,3.744861926987187e-52,6.660504427284354e-52,1.064503169090065e-35,9.140044451842283e-35,0.038927498117689474
metabolome,fid_23579,0.9207776501301801,1.8643725216049482e-32,2.865609616540939e-32,1.2777726429426029e-18,2.3922209631030684e-18,0.022252508889834655
metabolome,fid_23609,0.10335973294676859,6.230159829891028e-9,7.494250230158773e-9,6.344379431706974e-8,8.101284505102751e-8,0.007201324982218704
metabolome,fid_23634,1.387150049773906,9.703337796970083e-130,3.2215081485940674e-129,1.5773931932488028e-23,3.927709051189519e-23,0.06671913320702316
metabolome,fid_23614,0.13052261405433957,3.503826535058196e-19,4.79369674301918e-19,1.1981146116833218e-9,1.639178781918391e-9,0.012449059785778704
metabolome,fid_23589,1.3250659768653605,7.944386523107494e-93,1.9393649453468298e-92,1.435180734640985e-10,2.0420571595748873e-10,0.04462301684226122
metabolome,fid_23639,0.7059912646999894,3.37705801747492e-185,1.7518488465651145e-184,1.3531659407320587e-6,1.6846915962114132e-6,0.08309839026546262
metabolome,fid_23619,0.10713576719047108,1.513434407710418e-11,1.8842258375994706e-11,1.440432863753666e-26,5.353250493651684e-26,0.01638538304347481
metabolome,fid_23594,-0.9002223891378346,1.7292573934158954e-144,6.332133690596441e-144,5.167379089361776e-19,9.897518409623711e-19,0.07213042785106172
metabolome,fid_23644,-0.5982556396092867,2.4093096771244354e-135,8.107001481134924e-135,3.4815630390774653e-22,7.67176280292291e-22,0.066534606645684
metabolome,fid_23624,-0.26570982271956045,9.842135321996158e-15,1.2966622725804462e-14,1.6812693693933178e-4,1.920348958618973e-4,0.007630121486881358
metabolome,fid_23599,-0.9593677985557332,4.410625018925247e-127,1.426293025600502e-126,9.472734009335791e-38,1.1793553841623059e-36,0.07218515324671082
metabolome,fid_23629,-4.4685561836483,9.297831749019802e-304,8.574667057429373e-303,6.3932606159004005e-6,7.653470641149999e-6,0.12910875681921807
metabolome,fid_23584,0.3032340208280342,2.6877998343921023e-10,3.313179003780364e-10,4.2890007474353845e-6,5.209566761519076e-6,0.006435661113806113
metabolome,fid_23604,0.36286737633346444,1.2666945670091733e-100,3.355393055162598e-100,4.2530300926434744e-11,6.193008731393129e-11,0.04944748102366947
metabolome,fid_23446,-0.3392357503390768,1.3766372012315115e-104,3.940030610421223e-104,3.3106424452997537e-35,2.3552856253703963e-34,0.06158976060114796
metabolome,fid_23458,-0.14584397375414468,3.58557933608961e-104,1.0031564659396775e-103,3.1032727418426616e-17,5.5193922337058764e-17,0.052639537424351235
metabolome,fid_23453,-1.3001581393358568,3.7340546966232265e-72,7.49822273757406e-72,1.1256055058528116e-18,2.1233012951314402e-18,0.039444522923890224
metabolome,fid_23472,-0.003918365365805355,8.252994240092623e-13,1.048467125399522e-12,0.002163385260605778,0.00234209969517756,0.006510991912334729
metabolome,fid_23402,-0.10987201550773337,5.1423844727240065e-40,8.260991830375984e-40,3.2346215513940356e-26,1.1343954454888942e-25,0.029909338042297007
metabolome,fid_23448,-0.1254637297649604,3.323514554676323e-12,4.1585684628864545e-12,6.35973677153235e-36,6.090670985044443e-35,0.021264950029926344
metabolome,fid_23455,0.07687961134362686,0.04419873138687873,0.04848230887811808,5.05305709636122e-15,8.501427141850972e-15,0.0072344117861120605
metabolome,fid_23438,-0.049653319054540485,6.31820092197929e-293,5.618685819903011e-292,2.3223207866969617e-27,9.47963730963186e-27,0.13580679716401267
metabolome,fid_23400,-0.4720824864068949,9.43802161248865e-147,3.5075632559845876e-146,2.7380602930537033e-29,1.3635540259407443e-28,0.07766023846965686
metabolome,fid_23401,-0.20425112686067323,1.1162390533736305e-34,1.7371470268127124e-34,7.870645746408535e-27,3.0150627551626545e-26,0.027861993230031246
metabolome,fid_23436,-0.2762836828720675,7.281998067875304e-281,5.666304746565471e-280,2.9827339560466256e-32,1.8114652562331947e-31,0.1324877224302744
metabolome,fid_23464,0.04158076218946284,3.371542433010207e-140,1.2166870519123792e-139,0.008782356230076647,0.009305560431017384,0.06118709552863699
metabolome,fid_23427,-0.001642733425590241,5.1335656688748e-265,3.7595819163230155e-264,1.1023105269747115e-19,2.17837556521193e-19,0.12146971058865719
metabolome,fid_23415,-0.35543159534004437,8.977509149336528e-162,3.991785318187135e-161,9.136689467505241e-29,4.375068610401548e-28,0.08375428669750651
metabolome,fid_23442,-0.41298692304410195,1.6893732058459691e-19,2.336966268086924e-19,5.205061150579109e-36,5.184240905976793e-35,0.024621577481346968
metabolome,fid_23419,-0.11665104745779897,4.910861679263685e-108,1.421865765275183e-107,1.2824994866433768e-29,6.770982050859777e-29,0.061292916683881815
metabolome,fid_23482,0.0818174419144129,6.750269573932375e-100,1.7692811830622751e-99,2.070053009311183e-4,2.3218162131463272e-4,0.04499216442169496
metabolome,fid_23426,-0.5240820254107036,0,0,4.418843670921378e-13,6.920075937480649e-13,0.18384912597788805
metabolome,fid_23524,-0.149035986009069,7.053889819998292e-153,2.879374697015696e-152,2.4083641510708034e-28,1.0903321338484183e-27,0.07977189636459614
metabolome,fid_23425,-0.11676567957226398,3.588725911273189e-23,5.195306697133861e-23,5.0517935575162515e-27,1.9654634309711665e-26,0.022743492058604486
metabolome,fid_23559,-0.2747437134084213,0,0,1.4939265184569982e-4,1.7221652921101506e-4,0.19374245602100182
metabolome,fid_23531,-0.11082316142359351,1.0719383473829136e-50,1.8665220174709476e-50,7.52796224843889e-28,3.2885308769496206e-27,0.035549122997956206
metabolome,fid_23496,0.06664365576825852,5.0447228104423144e-89,1.1630888701853113e-88,5.665341066460807e-10,7.837055141937449e-10,0.04222281020878427
metabolome,fid_23423,-0.576916126591938,1.5797813691779853e-72,3.198093991262751e-72,1.1251952842146779e-32,7.004340644236369e-32,0.04699049129777044
metabolome,fid_23566,-0.158121449737198,2.401409e-316,2.299810913e-315,3.1417445431975265e-14,5.0470605887495747e-14,0.13850250101498318
metabolome,fid_23538,-0.004044116022810145,0.2124720870369502,0.22357308876167853,4.747126711789611e-24,1.2442468960374875e-23,0.01123438014564404
metabolome,fid_23503,0.023832383895238857,2.780607453124e-9,3.377420760135981e-9,1.8268632062150586e-18,3.3946935697578326e-18,0.01141023401725716
metabolome,fid_23573,-0.029169053838052895,2.260313969408483e-22,3.2345872320845533e-22,7.07683584590345e-18,1.295685386492617e-17,0.01775841459390526
metabolome,fid_23545,-0.0018978505610179833,0.13958766533812,0.14853559260338411,1.6684948419816384e-24,4.56544193025745e-24,0.011529368926756711
metabolome,fid_23510,0.01765765145517756,2.5855962840949103e-12,3.2515832057557206e-12,1.5761701454268856e-24,4.391765097096568e-24,0.01546277952903019
metabolome,fid_23424,0.2129629884300222,3.2978625603381825e-38,5.263896009770561e-38,2.7112496303340216e-15,4.655870054849458e-15,0.02247961091795636
metabolome,fid_23552,-0.06204790203367742,0,0,0.008939295108182223,0.009431713906514295,0.16273573701408173
metabolome,fid_23489,0.054034680110496,3.3049234568608925e-101,9.043142206135849e-101,6.018545255063411e-9,8.057084776939728e-9,0.047180901271745124
metabolome,fid_23517,-0.031022665493747974,1.8629557026074322e-71,3.711007759594005e-71,5.069355585059671e-37,5.4881284377385136e-36,0.04797902924013764
metabolome,fid_23411,-0.2830718691857554,8.822592938322421e-219,5.492064104105707e-218,1.0198523311440005e-35,9.069401087673433e-35,0.10929161254843289
metabolome,fid_23407,0.17823509555742056,3.518543616729485e-61,6.587348575681518e-61,7.270404998758379e-16,1.2659656256579275e-15,0.03296343267432145
metabolome,fid_23487,0.05278411517843006,8.966921322885409e-101,2.400820870320932e-100,7.979405599295869e-4,8.791469000994121e-4,0.0451263664390652
metabolome,fid_23410,-9.99022393604819e-4,0.26174679297574976,0.27269854163582297,1.6672992419321773e-39,2.3064306180061787e-38,0.01801822387107388
metabolome,fid_23529,-0.0021048402052304075,1.89062701460449e-5,2.2205949369647077e-5,1.072009861947456e-47,2.9658939513879617e-46,0.023424049742202357
metabolome,fid_23409,0.002571451354575239,8.206027840814334e-4,9.416133328860688e-4,2.9821566486685625e-38,3.908194765886695e-37,0.018271926847471365
metabolome,fid_23564,-0.005496934978947444,8.55679583011734e-128,2.803476528551602e-127,1.4143026185072974e-46,3.52161352008317e-45,0.0742232842769861
metabolome,fid_23536,-4.250304005463906e-4,0.375995053367018,0.38847621696426343,2.0332505958449825e-44,4.218994986378339e-43,0.020206109710476317
metabolome,fid_23501,0.036620950673654465,1.7498470645866416e-99,4.538665823771602e-99,5.173792853979284e-8,6.640589797117742e-8,0.04601264010104689
metabolome,fid_23571,-7.053647545190284e-4,0.04961060381668277,0.05394340764346729,4.43446895436891e-36,4.6007615401577437e-35,0.0167280067407809
metabolome,fid_23543,0.001570947052955908,3.979659264875589e-16,5.327608370720546e-16,9.271795285592942e-32,5.496850062172959e-31,0.020444931520279486
metabolome,fid_23508,0.03653239910711043,8.902199204705533e-63,1.7051135399782138e-62,6.856397935441684e-13,1.0538537567438145e-12,0.032134832666259605
metabolome,fid_23578,0.005742763687144622,1.2120718454699026e-68,2.3764243269449274e-68,8.678503853484835e-25,2.5127296040903763e-24,0.04028057761838255
metabolome,fid_23550,0.0014256505098868685,9.106210363186267e-41,1.4819910983224708e-40,1.585843343302026e-19,3.1092519093086966e-19,0.025673238119661823
metabolome,fid_23515,0.01699567572047752,1.0114290151928994e-50,1.77356214635938e-50,4.504922591116885e-25,1.3848465743063015e-24,0.03250823674516301
metabolome,fid_23408,0.17876741625731307,6.697232190151909e-87,1.4628165046910748e-86,7.794004394619196e-11,1.1217960082428784e-10,0.04189180714905483
metabolome,fid_23557,-5.395037778632007e-4,1.0131632651446717e-26,1.5016526965537098e-26,2.1534232276858984e-35,1.6374109482386242e-34,0.02717364070995354
metabolome,fid_23494,0.03461175064226121,1.4179321940093326e-113,4.2537965820279977e-113,1.7107231143010204e-8,2.241947660320811e-8,0.05245282050915978
metabolome,fid_23522,0.0012225097872569878,0.0023021810048712904,0.002605650319149779,1.286690961234198e-43,2.288471781052252e-42,0.020549608526686414
metabolome,fid_23435,0.1453074762794237,3.7008920547341995e-258,2.559783671191155e-257,1.4985475664690766e-6,1.8564096718945277e-6,0.1121636472786095
metabolome,fid_23583,1.8144146353436805,2.5271146511691555e-13,3.2945107232519354e-13,0.11741981398427663,0.11933687217177502,0.0057661789010126085
metabolome,fid_23613,0.9821002828452866,4.789109785336031e-99,1.229369419122342e-98,2.578358463130126e-43,4.2800750487960096e-42,0.06227850851106376
metabolome,fid_23638,1.6682404271566935,5.0633964423424967e-182,2.573032069680167e-181,6.672817027270742e-10,9.179731711549252e-10,0.08244439754366473
metabolome,fid_23618,0.5017479532993233,1.2759467046469941e-54,2.285688701130227e-54,1.3053604000923868e-49,4.062934245287554e-48,0.045987453433372405
metabolome,fid_23593,0.208490109814764,0.05675207415674971,0.06144028897839425,8.46128985067585e-6,1.008067546803008e-5,0.002993124012470094
metabolome,fid_23643,0.7720228055161918,4.6595657453766195e-110,1.3649786712926803e-109,9.884888714115124e-18,1.7925577786836103e-17,0.055417331904637046
metabolome,fid_23623,0.32500414929124855,5.167349169138572e-29,7.797999655245481e-29,1.8929088059857444e-42,2.9458393293153147e-41,0.03173254267474945
metabolome,fid_23598,4.764621756977565,2.1875061770795067e-189,1.1589128470059514e-188,1.8288211982700858e-22,4.216448873789364e-22,0.09192797550256337
metabolome,fid_23648,0.6397458908860998,4.914412489176916e-149,1.912013609070394e-148,2.2448480422882335e-19,4.36693095726383e-19,0.07260859273667031
metabolome,fid_23628,0.5675754314902883,5.171820744088989e-64,1.0060807541235611e-63,1.1399365585783796e-30,6.405712218724659e-30,0.0417266760447611
metabolome,fid_23603,2.5952927589952473,1.263008501943612e-90,2.966878462112824e-90,3.007761537119024e-30,1.628114397266602e-29,0.05352521318224657
metabolome,fid_23633,1.6441260562444573,4.076222951670725e-155,1.691632524943351e-154,1.5434885065071362e-9,2.1001564924605296e-9,0.07091066555289427
metabolome,fid_23588,3.4051702929292085,1.0024233581956456e-112,2.9714692403656637e-112,4.830671155330577e-8,6.232316671903179e-8,0.052938413049745225
metabolome,fid_23608,2.15960199131723,5.117022894669752e-169,2.4040352844769214e-168,3.260993996584354e-33,2.1368092240776423e-32,0.08740498968386268
metabolome,fid_23469,4.489094468126334e-4,0.10596280538520254,0.11323922120564564,4.27366004479148e-31,2.474747328262973e-30,0.0143842664702033
metabolome,fid_23403,0.0024857588480385,0.6110864956256035,0.6185387699625011,3.888937992368865e-20,7.937258689343011e-20,0.009166323223880335
metabolome,fid_23467,0.019180875329421858,5.018040186232948e-121,1.5425827239160544e-120,1.5577163921627276e-5,1.8209924021057238e-5,0.05417914090351472
proteome,A1BG,-0.10334554648028899,6.350717167504566e-181,1.7324993842940025e-179,5.2600083980152e-51,3.146304203648846e-50,0.09802366242526406
proteome,AAMDC,0.023934698615512832,0.02631949305706808,0.03860633177566921,3.502648933723148e-4,6.988538781639008e-4,0.002265184517368901
proteome,AARSD1,0.18656570623991925,1.5581911696497815e-52,1.0528611167147482e-51,2.5170228957944227e-11,6.892298154619062e-11,0.027695830372405417
proteome,ABCA2,0.028430530562199886,5.515221766098668e-5,1.075412981646093e-4,9.192496252494337e-47,5.200173752137784e-46,0.02289013593438083
proteome,ABHD14B,0.08100329040073326,1.1510686418459577e-10,2.9813392773277287e-10,2.882118236452618e-7,6.806555932204849e-7,0.007314943247889949
proteome,ABL1,0.03184024777705531,0.03665213509661734,0.05236788171660598,0.0015822360314340445,0.0030010051824275346,0.001933307935467088
proteome,ABO,0.06644322904503805,0.025048534827576307,0.03689034972840324,0.2868951819901826,0.35266968184765546,8.98165660157102e-4
proteome,ABRAXAS2,0.0923353664638845,7.903142165640747e-12,2.143984384898266e-11,0.41830120962992734,0.48395609627814423,0.0048278409493043295
proteome,ACAA1,0.1592214946028118,1.458599464320456e-18,4.945007940013253e-18,1.454023348446591e-4,2.9701148734188936e-4,0.0093156349468599409
proteome,ACADM,-6.055161004215074e-4,0.965528142354079,0.9721892540640071,0.3639177607548715,0.43024542067374233,3.1493165405105383e-4
proteome,ACADSB,0.04950754482103712,0.007056025735376578,0.01124879252952716,0.1417337500632669,0.1951513285069227,0.0012394854290445068
proteome,ACAN,0.1023752024174739,1.824588888070935e-58,1.3905939854514516e-57,6.406955428605358e-162,1.3552103547897854e-160,0.09323566119102988
proteome,ACE,0.028590393268957338,7.842622438572394e-8,1.7954992077013976e-7,1.9964361802767554e-18,6.737106601419479e-18,0.011262312732255308
proteome,ACE2,0.44971690318406443,2.5088479753e-314,1.525693174963e-312,1.556320769897677e-63,1.1414322430480703e-62,0.15485924063215983
proteome,ACHE,0.1936630945754389,4.671821492731236e-187,1.3112545132002384e-185,1.705547529054452e-10,4.567424988357748e-10,0.08388380910047144
proteome,ACOT13,0.01864961512411418,0.42734464853917564,0.485631249810432,0.463305802247589,0.5256080982357996,3.0735323673447557e-4
proteome,ACOX1,0.014794999763105868,0.1563816395228554,0.19760952630615364,0.19971448557024185,0.2611857452417276,6.40514397316605e-4
proteome,ACP1,0.07685617471790865,3.343093807481105e-19,1.1575908450815357e-18,7.955419969976271e-5,1.6621810985000248e-4,0.0100779134751392
proteome,ACP5,0.1388106001115922,2.324143896352796e-78,2.3313319702590417e-77,7.451613165382844e-69,5.97562055762432e-68,0.06261964127104103
proteome,ACP6,0.10891159340891515,1.6031491794839763e-13,4.605898085545007e-13,9.157218968792033e-9,2.290481762631015e-8,0.00922616095425599
proteome,ACRBP,0.04443583888647865,2.7641563207136024e-8,6.522693856235251e-8,0.003316807249077441,0.006104514728913651,0.004370019378540868
proteome,ACRV1,1.788372609899989,0,0,1.156333587311229e-63,8.523580154953225e-63,0.583220192045113
proteome,ACSL1,-0.028291239031081914,1.274506560968252e-4,2.42521815610582e-4,0.9705071886588288,0.9738434113768034,0.001483129548283002
proteome,ACTA2,0.02819539589702489,0.0019403075546963217,0.003325753230862339,0,0,0.18036419625888256
proteome,ACTN2,0.20675524595830594,4.3269270130359374e-66,3.6086571288719718e-65,2.6980459125241983e-41,1.3914480598335928e-40,0.04679777908144034
proteome,ACTN4,0.0017997155401665381,0.798801980426411,0.8351371707968102,1.1835064197312872e-9,3.06807747708315e-9,0.0043849070208555885
proteome,ACVRL1,0.08100888656219547,1.094915554832203e-50,7.166050458643947e-50,8.73425853534081e-190,2.4514712177557525e-188,0.10199487651245243
proteome,ACY1,0.4683756533929515,3.843905318406775e-221,1.438507644157612e-219,1.0077678419478102e-13,2.96539751073151e-13,0.09864705438446975
proteome,ACY3,0.059092110138244856,1.7310880547837832e-7,3.8869584860875867e-7,1.4376266617364414e-32,6.377556573873362e-32,0.017267760684882116
proteome,ACYP1,0.11299727564054124,1.1834058470264455e-17,3.885671167008093e-17,0.12760186025106915,0.17907203368888022,0.007713530267009716
proteome,ADA,0.08921128626496969,4.4505672677012193e-33,2.161598311883504e-32,0.023908307264187495,0.03962995394898541,0.014958098815768484
proteome,ADA2,-0.07379010539304276,2.798648138024091e-15,8.448039208782132e-15,6.868144718426547e-115,8.79303264609083e-114,0.055912617663368636
proteome,ADAM12,-0.0649762318027277,6.306268611435093e-19,2.163102006672037e-18,1.4911360220683258e-36,7.065951377301043e-36,0.0234769077450796
proteome,ADAM15,-0.042941453185813244,1.0477568431171018e-10,2.72342139364098e-10,2.2425992257336735e-29,9.378434297874775e-29,0.017087964511594222
proteome,ADAM22,0.015379429553163602,0.044602512338082705,0.06277470275547899,1.072276506779137e-49,6.285090609012653e-49,0.02297299492260818
proteome,ADAM23,0.054969564164672455,8.239945001978829e-13,2.3216601796116027e-12,1.8975079464517464e-25,7.404847186754877e-25,0.01687581221590928
proteome,ADAM8,-0.03269901753693649,2.408292549404857e-7,5.345860039325305e-7,1.0448977387958008e-17,3.458113945062293e-17,0.010419039351929005
proteome,ADAM9,0.03019107374090756,1.175763962342428e-6,2.5422629674648502e-6,1.256981695409681e-63,9.242139972042466e-63,0.031101165926805008
proteome,ADAMTS1,0.027241259213765866,1.0120361153732127e-5,2.0818417341609638e-5,5.065745003729963e-48,2.8993940521348555e-47,0.023767263877689015
proteome,ADAMTS13,-0.050001311354086815,1.9311640010345784e-22,7.339931925807206e-22,3.171483653553536e-31,1.3674388160594936e-30,0.023845557474545864
proteome,ADAMTS15,-0.0797150688714959,2.0244844189942985e-14,5.963138263415093e-14,4.209867608711021e-8,1.0283350250901648e-7,0.00931051861785348
proteome,ADAMTS16,-0.11414958337475409,7.574939460176759e-60,5.865052595293358e-59,3.708595998009271e-213,1.2887371093082218e-211,0.1129067077443795
proteome,ADAMTS4,0.011073748500379687,0.12405179802051544,0.16086503705992208,1.1445189290989508e-113,1.452543806104277e-112,0.0507677761475116
proteome,ADAMTS8,-0.050996523034216326,4.7175122688167117e-7,1.0345919092919593e-6,5.784080378970528e-12,1.6187661194836983e-11,0.008032302295312488
proteome,ADAMTSL2,-0.03968763762851051,1.732270438576603e-8,4.1210247841932385e-8,1.0761950604535422e-50,6.384986547690833e-50,0.02584988711824676
proteome,ADAMTSL4,-0.09996173087702812,1.7502356389552844e-95,2.2021283750476186e-94,3.170377329943907e-44,1.7074412225288313e-43,0.059822643558835376
proteome,ADAMTSL5,-0.038921977148979284,1.490179182585551e-6,3.2054775489810043e-6,2.731805188465494e-16,8.724441296641989e-16,0.009584003592216894
proteome,ADCYAP1R1,-9.65916842728549e-4,0.8939957132132899,0.9143565125681826,0.9155656128125077,0.9273199249825504,5.323711894078542e-5
proteome,ADD1,0.18007814960295218,7.20511549956689e-35,3.6136996809683423e-34,2.258268291225819e-5,4.897388664255695e-5,0.016878395197715057
proteome,ADGRB3,-0.008214548023556905,0.2563383825572927,0.3095336697822073,7.502112496594869e-44,4.018103922488151e-43,0.019936358479295424
proteome,ADGRD1,0.31241733567455104,1.05163854e-316,6.67333238e-315,7.139684666475966e-69,5.7571103705644595e-68,0.15606567678826333
proteome,ADGRE1,-0.11462824433328068,1.380539740901017e-24,5.558338625779405e-24,3.7257703100118285e-11,1.0183074470903116e-10,0.014917538183748191
proteome,ADGRE2,0.016761955179797956,0.0072178879363650195,0.011494279807010089,5.892212343248962e-142,1.0237718946395071e-140,0.06337540063827285
proteome,ADGRE5,0.03298022535785571,1.0169914321834002e-6,2.2038589387849633e-6,1.358405106896624e-144,2.4476447574266952e-143,0.06606432942803875
proteome,ADGRF5,0.1199778671522593,3.4659298855258525e-89,4.03069694655377e-88,4.19264836205095e-10,1.1075421329254953e-9,0.04330260927678531
proteome,ADGRG1,0.21337061814909333,2.596514053857299e-42,1.4978704591323036e-41,4.7804116943306655e-204,1.5167414930164363e-202,0.10532429816527489
proteome,ADGRG2,-0.24868527772167415,0,0,1.262974269562826e-6,2.9028518841369205e-6,0.14428754594075144
proteome,ADGRV1,-0.03679436312045654,0.006828285637579193,0.010921515493749954,0.009838226349561075,0.01712449774261704,0.0017749852111006437
proteome,ADH1B,0.28219189958017266,7.529465353042293e-69,6.600152962621758e-68,2.7693523753283514e-16,8.825043213519059e-16,0.036431485646496564
proteome,ADH4,0.5242548448220948,1.4045711792264177e-154,3.014664170707289e-153,4.0126301176713204e-10,1.0609481262212484e-9,0.07009104255839005
proteome,ADIPOQ,-0.7655978619809042,0,0,2.8091188977375866e-59,1.920332098945203e-58,0.2298477741448247
proteome,ADM,-0.002816360286321452,0.6766242120362854,0.7250609673032001,1e-323,9.3e-322,0.1368148495646483
proteome,ADRA2A,-0.024975301563354285,0.06359146078471277,0.08714717090637397,0.048312438327319455,0.07581935885884165,0.0011110990869394044
proteome,AFAP1,0.0405055749269605,0.017027877434339953,0.02582045414589004,8.619442815402487e-14,2.5439993506733934e-13,0.006796524831791273
proteome,AFM,0.02697818923378727,1.7003441385772295e-10,4.3806747930334803e-10,6.136099128367295e-38,3.000213292412753e-37,0.02095036490061397
proteome,AFP,-0.12262862125479082,1.0045523286506161e-16,3.187269834055596e-16,4.756386457663823e-121,6.580043635033507e-120,0.059894833488081
proteome,AGBL2,0.004331038858380851,0.8123102874062084,0.8468334746209722,0.0018718986963704996,0.003527483728021619,0.001473579136742953
proteome,AGER,-0.13726442048341658,2.2589413443490512e-49,1.4491977547593145e-48,5.360966817972729e-6,1.2000507777348462e-5,0.023802496560338504
proteome,AGR2,-0.042476871256408644,0.05005469645138636,0.06974208064038033,7.771524453468225e-64,5.75763448722684e-63,0.029001699326633545
proteome,AGR3,0.13458397232207958,7.693179143599182e-25,3.1060013720838193e-24,8.098482209794004e-12,2.2535242679112197e-11,0.01572675324499495
proteome,AGRN,0.03017430873991245,5.1093964161360655e-5,9.989503106966628e-5,1.637198417710181e-126,2.413627364290918e-125,0.057668625774354054
proteome,AGRP,0.23770517324069565,1.6741602380930574e-93,2.0533082920141323e-92,0.06755017503014478,0.10253716116120261,0.04162322485290271
proteome,AGT,-0.06689382917055316,3.829168734342692e-39,2.0931354935479998e-38,0.5012245799751652,0.5622884507868975,0.016970471688555366
proteome,AGXT,0.28049956133172155,9.424527895021629e-58,7.072030057986667e-57,1.3924246402218534e-7,3.331547151481631e-7,0.02739804092122966
proteome,AHCY,0.0345665855015839,0.018414138280897465,0.027706633836051393,2.6986849969437774e-21,9.665596939974093e-21,0.010211862227379798
proteome,AHNAK,0.03017393992527701,1.8791553578960845e-6,4.01555965570913e-6,5.3858649088048514e-123,7.631718285825903e-122,0.05660849134331647
proteome,AHNAK2,0.07563596493768227,3.6255764592653927e-37,1.879761578080938e-36,4.163937589675417e-45,2.2676369075116686e-44,0.036063508510360553
proteome,AHSA1,-0.011008698265099818,0.4223398790539785,0.48081517432081256,0.007132688800353455,0.012603098431133011,0.0012502932166301717
proteome,AHSG,-0.008245730091960937,0.14227636712974043,0.18207133522652885,0.7754783470828083,0.8069951141300239,3.175245750437483e-4
proteome,AHSP,0.5413074434786814,1.5969785365879868e-177,4.125292343628614e-176,0.03593934034597475,0.05764117278565951,0.07755990250479217
proteome,AIDA,0.022347562387555617,0.15094938695401622,0.19174119256691616,0.5516611696666933,0.6088086783580634,4.0165485757914787e-4
proteome,AIF1,0.051170370074387433,5.903366923055024e-6,1.2326128789983988e-5,0.0025927233457915958,0.004829712473749629,0.0034081560861095594
proteome,AIF1L,0.014543006424249834,0.20815939887259421,0.25583885697225367,5.633311223737769e-8,1.3714458266964595e-7,0.003786356273340674
proteome,AIFM1,0.23801354916996678,7.218049490812601e-24,2.8357316909397016e-23,0.2673547800092705,0.3324974461948506,0.010201947296220037
proteome,AK1,0.24979438044584565,4.316338439180462e-72,3.912854628561419e-71,0.007059214796862785,0.01248217284201598,0.03238477241510129
proteome,AK2,0.04219903641832496,0.05170250556769277,0.07196929601912026,0.5301899663879195,0.5891223874710076,5.637216029104053e-4
proteome,AKAP12,-0.024642963733208324,7.136461255597844e-10,1.802018201132362e-9,1.6906724715580036e-12,4.805329059861551e-12,0.009485367705235559
proteome,AKR1B1,-0.015044346590242405,0.3676800052847238,0.4240450159723859,0.22888368950568838,0.293031355117151,5.23250430922273e-4
proteome,AKR1B10,0.06617191865719241,2.423065650052403e-7,5.374565830169427e-7,3.053465838201382e-5,6.56337760066998e-5,0.004917781559363843
proteome,AKR1C4,0.04237289040604328,3.09985001140838e-4,5.694438126684117e-4,0.336747485596039,0.4040139377126337,0.0016552214396190479
proteome,AKR7L,0.1628475705167748,5.212190404077016e-34,2.5830872308150777e-33,1.1893287641717106e-12,3.406919197857923e-12,0.019938682444416655
proteome,AKT1S1,0.09689846398720366,2.8334361611305612e-11,7.51890923121828e-11,0.6939539207779497,0.735530680737413,0.004452104568164472
proteome,AKT2,0.028073449084213508,0.28421831286035537,0.3382116817119353,0.26493019947159074,0.3303422692257896,4.8680247558818834e-4
proteome,AKT3,-0.0033967616233601407,0.7852438406195795,0.8237679057830892,0.3015730174058091,0.3681688154778573,3.7186887300044713e-4
proteome,ALCAM,-0.1583982789449228,1.5003314577253676e-286,8.263146273774241e-285,2.0946889131083063e-73,1.8036569136764444e-72,0.14543757715151573
proteome,ALDH1A1,0.31260477665488207,3.7773292489679573e-147,7.6041545363706675e-146,0.0018800941843050319,0.003538359074136936,0.06450312538263692
proteome,ALDH2,0.034653609024860255,9.796315260865752e-4,0.001717444098886915,0.0038818656006054165,0.007073137133687397,0.002327603797945166
proteome,ALDH3A1,0.37571727150166956,4.011855007967813e-139,7.45898392882678e-138,8.149563023826952e-9,2.0489728222696704e-8,0.06331256708266286
proteome,ALDH5A1,0.026753761306962918,0.005329202383507443,0.008666262817525474,0.001986919711287634,0.0037321870252565014,0.0021326176676146336
proteome,ALMS1,-0.02048222971920412,0.02843771512560366,0.041442681204012524,0.4423626776547631,0.5067726279726269,7.149772818637601e-4
proteome,ALPI,0.09647835259822984,9.510163833649859e-5,1.8227293650967786e-4,1.0532493147075687e-4,2.1804501770435414e-4,0.003534538466861137
proteome,ALPP,-0.23399378952233124,1.8857271665035904e-17,6.157089036939575e-17,2.0457066566566185e-17,6.701927868440706e-17,0.01478789448006701
proteome,AMBN,0.015071536909741754,0.01457663834187319,0.02228874139336189,2.378421584367392e-4,4.797935455956059e-4,0.002537934392834451
proteome,AMBP,0.04133900013977763,6.54396214386111e-21,2.3907165829700352e-20,2.0330494148499292e-230,8.129412660201292e-229,0.10714793678972734
proteome,AMDHD2,0.007138972669282061,0.16631816623394832,0.20827229825692628,0.2890552842145962,0.35436890996321135,5.638282226761993e-4
proteome,AMFR,0.0029492782725410284,0.831412021176193,0.8615163968098357,0.6058869152209027,0.6552737701110838,1.8749153144037578e-4
proteome,AMIGO1,-0.011230342845799516,0.24814824804534083,0.3008076146363579,0.25437138443533325,0.3200474444684215,5.539447462953317e-4
proteome,AMIGO2,-0.03675802883745029,2.58736255228527e-13,7.404422833451669e-13,0.5744648176344325,0.6282738114180998,0.005504460930161659
proteome,AMN,0.07409082647906476,3.3041711308723686e-13,9.42803082210796e-13,1.3918245296384599e-6,3.196487649106738e-6,0.008199407992418029
proteome,AMOT,-0.3460552762669805,0,0,5.480628184258168e-5,1.1575943321164684e-4,0.145744132825106
proteome,AMOTL2,-0.001844377459984376,0.8484465335397711,0.8751291277040959,0.034216034159898295,0.055210947326005046,8.593541997670151e-4
proteome,AMPD3,0.13517773557557983,1.359360883822942e-20,4.9230451859543025e-20,1.7322750188236622e-6,3.953487709105763e-6,0.011464454886872977
proteome,AMY1A_AMY1B_AMY1C,-0.018495277807023328,0.06366833433259746,0.08721157574699764,1.8471886414808632e-10,4.939293265096914e-10,0.005046065053054827
proteome,AMY2A,-0.03340920827262512,0.0012931601698175446,0.0022549190774775463,1.6357000307722794e-8,4.053148038900071e-8,0.004805135365713364
proteome,AMY2B,-0.011520002693740454,0.2632506257813944,0.31611863335671503,1.3298303708533593e-4,2.725965486320896e-4,0.0021282421564678966
proteome,ANG,0.22107441400523312,1.1797488694772883e-177,3.102420675679464e-176,6.112655619854992e-11,1.659799232963416e-10,0.08080160342338705
proteome,ANGPT1,-0.01707015939770299,0.3581502660761844,0.4146928308910679,2.3182043800705638e-10,6.18541004152283e-10,0.004765581996963197
proteome,ANGPT2,-0.10290373989811936,1.3484024234652618e-32,6.473662292919571e-32,1.101248294588631e-59,7.653675647390986e-59,0.03907054915275332
proteome,ANGPTL1,-0.09975440757880585,1.6002393461378389e-55,1.147690086333256e-54,1.9125441552803738e-30,8.161866066174577e-30,0.03669467049631536
proteome,ANGPTL2,0.07997674922185076,2.3592231067692737e-18,7.879373282219119e-18,1.716675835427103e-52,1.0549424765498346e-51,0.031014379075120946
proteome,ANGPTL3,-0.3009260179381436,1.5971966617018976e-301,9.324434111015679e-300,1.993283651853416e-104,2.318085649306821e-103,0.16265032891077924
proteome,ANGPTL4,0.058890574777421524,5.820517568778289e-9,1.4170217500637053e-8,1.4320653826042877e-72,1.2222803660297998e-71,0.03614529939692446
proteome,ANGPTL7,0.10703126765830391,1.1691899567263124e-39,6.451541557058801e-39,1.1989941471204052e-78,1.0802049121742169e-77,0.05148829280975198
proteome,ANK2,-0.0389030377220212,0.006511717291986107,0.010461036199949062,0.18688967467911066,0.24707018133529166,0.0012044640897279635
proteome,ANKMY2,-0.005809025404133804,0.7197948480196728,0.7640295132252454,0.5137639493962858,0.5739291880167463,2.424572590340457e-4
proteome,ANKRA2,-0.02259786298878909,0.03499452849124833,0.050122192672205045,0.7804987607458422,0.8108832134427939,5.278457692294847e-4
proteome,ANKRD54,0.14528796787094067,4.189360632970706e-33,2.041526492093738e-32,0.012861577718550487,0.022084085506146395,0.015008601044725789
proteome,ANP32C,-0.008015244879037027,0.3016691099100763,0.35723007376369686,0.2241037393606779,0.28804879577006554,5.47772324503315e-4
proteome,ANPEP,0.046451450101849125,5.617087585285442e-14,1.631470513576936e-13,2.3315044255752917e-4,4.709800289449327e-4,0.007217304479035458
proteome,ANXA1,0.0728868644911086,5.665658063397316e-20,2.0119289400312368e-19,3.168030781160643e-33,1.4183254371484533e-32,0.023091120691888678
proteome,ANXA10,-0.009238698769920575,0.6079941674801104,0.6624259834859876,2.519797145201101e-87,2.4517626222806713e-86,0.03904077334291822
proteome,ANXA11,0.015445144330614443,0.29058902550453664,0.34490679136140195,0.12718323563498174,0.17865089662913325,6.493337799547971e-4
proteome,ANXA2,0.148043130329427,4.2843083862449604e-27,1.82215408555994e-26,1.4038653788898002e-17,4.614733154255999e-17,0.019359950524589276
proteome,ANXA3,-0.027431806120138756,0.07574052215937507,0.1026400112271197,0.39806465733476293,0.4633564402462828,6.211113841082527e-4
proteome,ANXA4,-0.006595268380092851,0.671351511472098,0.721264284868257,0.03313657898767568,0.053676844653177194,8.860913323627262e-4
proteome,ANXA5,-0.016483914908988696,0.009255969530469312,0.01457290995654796,5.717591547218998e-32,2.4984505578341696e-31,0.015106671332572263
proteome,AOC1,-0.01373039474967994,0.25493488984077955,0.30801115208825974,0.6745200632959114,0.7164934733481678,2.711328275064595e-4
proteome,AOC3,-0.11781701457743168,2.972472435137695e-67,2.544471272189716e-66,1.8157832980687668e-133,2.928326766333e-132,0.08464592718878738
proteome,AP1G2,0.029308826283937012,0.07872721967832762,0.10634185758493211,0.3856121351709714,0.45204892472452435,5.952661394188485e-4
proteome,AP2B1,0.041816878896996756,1.9981673674502983e-5,4.030857322451569e-5,0.584436028456365,0.637030906297285,0.001930138628241318
proteome,AP3B1,0.03948600890592701,0.01354581126549997,0.020810643728418114,0.08644552423133636,0.1275705183171238,0.0012358727187607998
proteome,AP3S2,0.026858739163982747,0.006114964053268071,0.009856201033401159,0.05772411173678682,0.08934076466579041,0.001435010730544306
proteome,APBB1IP,0.048280708669742614,2.8901872388961827e-7,6.39125496237724e-7,1.2162241510022983e-19,4.2113384303389193e-19,0.011628179708253139
proteome,APCS,0.2950705378075768,1.37197923093364e-310,8.173076275704687e-309,5.88610259511726e-8,1.4317944562622735e-7,0.13203056699770188
proteome,APEX1,0.12544069386040183,2.2818813809681894e-22,8.6504048714885e-22,0.3932416772630748,0.45933148130781826,0.009649507257970313
proteome,APLP1,-0.16403217280359958,1.2150989546554456e-47,7.5305177253487165e-47,4.641512478933476e-4,9.179251304882667e-4,0.022493723845931513
proteome,APOA1,-0.167131549182485,3.454043348422085e-179,9.165775030949151e-178,1.000085482263793e-21,3.612932577633678e-21,0.08612934786150828
proteome,APOA2,-0.18671326192965115,4.107127841400833e-76,3.9697702546519974e-75,3.1989951361702026e-91,3.3349524294574364e-90,0.07062099796113186
proteome,APOA4,0.045742073095282915,3.5806587007062167e-10,9.120368889495155e-10,6.258562475462675e-38,3.05497389061464e-37,0.020969919486178656
proteome,APOB,0.0024414697134795245,0.5971973140773578,0.65142711501936,0.025286472599483658,0.04170125057508068,9.381621837434295e-4
proteome,APOBR,-0.06355297333778964,5.45086506398245e-14,1.5863484667761488e-13,2.5155173391915686e-6,5.700927882841761e-6,0.008315631903996978
proteome,APOC1,-0.2036097070003779,2.6813305086621456e-144,5.324356295771975e-143,9.566881896074072e-12,2.6545369063346212e-11,0.06846222189141249
proteome,APOD,0.1227666811020734,1.944379760229819e-43,1.1374037114450585e-42,0.010745785625734323,0.018637521236790546,0.01967580223129961
proteome,APOE,-0.1407862485192841,4.98894839311463e-20,1.778112376007522e-19,7.136904920106808e-7,1.6599701563180695e-6,0.011444783253855784
proteome,APOF,-0.09329535331256948,3.9403552726073247e-47,2.431690706287692e-46,1.0804973440904004e-16,3.4850516545855015e-16,0.027830421949339046
proteome,APOH,0.011078926104356353,0.15655534743080776,0.19765789755645669,3.151663687088784e-28,1.2939108723786444e-27,0.013056740925533328
proteome,APOL1,-0.18064636724333208,4.3610509064505806e-44,2.5716985042281302e-43,1.2324139615147652e-34,5.603452264270404e-34,0.034636598613929315
proteome,APOM,-0.07295544261461331,9.019497958605714e-32,4.253297987264957e-31,4.2921146040725073e-19,1.4653429858815963e-18,0.02295926765168632
proteome,APP,-0.014110912656344222,0.33299994173042924,0.3893082784584347,7.567580331525569e-6,1.6785537224713628e-5,0.002681540153515849
proteome,APPL2,-0.03343040101710673,0.1475760459117534,0.1881111257713573,0.0021291040096306124,0.003986436564536086,0.001679746819030048
proteome,APRT,0.11168713226509815,5.912189442906427e-26,2.4409732650415646e-25,0.03599090392841822,0.057692173842423276,0.011672309995715557
proteome,ARAF,0.01859526471050478,0.16700927163473847,0.20895845002220387,0.06770507846035811,0.10266551897443395,8.867246391475181e-4
proteome,AREG,-0.018745920592045863,0.06006750825950223,0.08262853669013992,4.698828968430674e-31,2.022991409859755e-30,0.01426414713238422
proteome,ARF6,0.09932686669216716,7.179898453180269e-6,1.4927438450735902e-5,6.978962251440812e-5,1.4634763514336012e-4,0.0040497655263807
proteome,ARFIP1,-0.01287661291383825,0.36605685013627176,0.42253107379543503,0.16334783860566413,0.22023664706232499,5.935235472918077e-4
proteome,ARG1,0.003559672830113384,0.7531317826621456,0.7939298207261838,0.0625974870493889,0.09591709432922112,7.315142785343509e-4
proteome,ARG2,-0.03673596334713987,1.9300030794243655e-5,3.9041434434093715e-05,0.1279791065921,0.17951514278824598,0.002373584222990055
proteome,ARHGAP1,0.0807368960603432,1.160421563960534e-15,3.5543237620155284e-15,1.6397098138026045e-5,3.590632367959342e-5,0.00850080232604189
proteome,ARHGAP25,0.0913526277336133,1.187189466884371e-12,3.3289203206873e-12,0.23111216439628765,0.29551337595726396,0.005292889257027089
proteome,ARHGAP30,0.017120884728747943,0.017748000071411692,0.026773339642610198,0.7625534387099887,0.7952459762752616,6.880441451273533e-4
proteome,ARHGAP45,0.03562371361676964,0.037163656122112775,0.05302087596307292,0.250224205334619,0.3157822980422623,8.023027799335392e-4
proteome,ARHGAP5,0.009946185086068557,0.5115869310988322,0.5688846673819015,0.0044422075178185225,0.008048916042527788,0.0013287823730983028
proteome,ARHGEF1,0.1026434973988655,3.896697916940897e-8,9.121460480794289e-8,0.27986189119499394,0.3451275286853347,0.003268857028829064
proteome,ARHGEF10,0.08069711125040858,3.766130438162948e-5,7.407907512801647e-5,0.14878982574312904,0.20352272790262121,0.0021581113240143335
proteome,ARHGEF12,0.033427246274375155,0.1543595578303015,0.19547746173824299,0.34848122153036576,0.4154628511971541,5.100067597156865e-4
proteome,ARHGEF5,0.03700551271665706,0.011186927254746076,0.017397251282154393,1.9056553915977194e-4,3.8682949152112257e-4,0.002677811346383119
proteome,ARID3A,0.0016226869641718347,0.835362430824321,0.8648148209931857,0.035194829179494076,0.05663379623756516,8.47971304381745e-4
proteome,ARID4B,0.024668361129050055,0.0021647053202454,0.0036951899589452177,0.5400923517657028,0.5983034439484198,0.0011459522835765013
proteome,ARL13B,-0.0038271516133824095,0.7838125146054559,0.8227072024931052,0.010180483300712756,0.017699124928398174,0.001124036606871659
proteome,ARL2BP,-0.0030458827236565338,0.7092364748651601,0.7544683929050299,0.009807612167221364,0.017081396131336014,0.001139547747953218
proteome,ARMCX2,-0.04684321671071658,1.2900832617221688e-4,2.451662136046231e-4,0.180553635697291,0.2398746108878448,0.0019190512908741075
proteome,ARNT,0.0014692987510712963,0.8514159451500519,0.8775717316006362,0.011969113896940492,0.020624464855471838,0.0010809430499384431
proteome,ARNTL,-0.02568584152775069,0.016128308926986266,0.024532847190137003,0.8601085869747112,0.8793894799927081,6.364680988928395e-4
proteome,ARSA,0.08706895616678481,2.3649329863053328e-17,7.695919049080565e-17,1.537653369149011e-10,4.125377007854746e-10,0.01190967033556567
proteome,ARSB,0.09218418186118646,8.720564999927497e-14,2.5253302812290046e-13,0.4367124642021307,0.5016061609831771,0.005793572230316957
proteome,ART3,0.32780173091769926,0,0,0.008848593308291918,0.015485038289510856,0.1600330684806227
proteome,ART5,-0.03420744434130062,0.004882284183143692,0.007970574681541632,0.08959954502256395,0.13155989533242665,0.0013623170689310848
proteome,ARTN,-0.0031032961132104993,0.7527316534644298,0.7937946880284215,0.9883111207285008,0.9896672937929653,2.2722714516199005e-5
proteome,ASAH1,0.06470105512830368,2.1534526765572014e-11,5.7405738473702924e-11,7.533190203260294e-20,2.6209037191080805e-19,0.013468617031215824
proteome,ASAH2,-0.18637461509819378,8.980128640288709e-54,6.211610308294488e-53,1.1064432414238626e-5,2.4430467637793152e-5,0.02590257691406128
proteome,ASGR1,0.08409695351947208,2.9253718826927862e-34,1.4522381846224904e-33,1.1922605980994472e-59,8.246940013867977e-59,0.041246081937480916
proteome,ASGR2,-0.01840646298985474,7.535542276447623e-4,0.0013387856302465376,5.306397360704323e-22,1.9289382186669886e-21,0.01098449330538942
proteome,ASPN,-0.10147759969589765,1.3259743591123642e-72,1.2171443881286136e-71,4.001346608755627e-64,2.987194565462321e-63,0.058463618089798164
proteome,ASPSCR1,0.1425686713858167,4.773003306989846e-24,1.8853040125985603e-23,0.5331918367215295,0.5915287860352773,0.010121330016925612
proteome,ASRGL1,0.07169075028060831,5.988054417512892e-4,0.0010749772967232553,0.07496414694412178,0.11261983784348506,0.0017905563696323235
proteome,ASS1,0.4586988373521877,9.745866647249571e-171,2.410863113840805e-169,8.252626805007271e-9,2.0730996251132726e-8,0.0762131882581325
proteome,ATF2,-0.0038002680036909944,0.7956934322475269,0.8327820468736217,0.15906752413388,0.21526105838979867,5.135870779363616e-4
proteome,ATF4,-0.002922336897824711,0.6656687697259324,0.7156858706556156,0.2823119940073351,0.347855090969781,3.8718314437768964e-4
proteome,ATG16L1,0.034082900490665265,0.0561713442295184,0.07778185664419555,0.011600259018676439,0.020024338306041705,0.0014217044677231616
proteome,ATG4A,0.16403860137903803,2.5369605545460914e-38,1.3713681219851928e-37,3.4881434944792554e-4,6.964357633642234e-4,0.018140198193679513
proteome,ATOX1,-0.04804418612419782,0.0025040333864711907,0.004241570978849738,1.131485837489233e-10,3.046870073460398e-10,0.005723684296101816
proteome,ATP1B1,0.009329190178372129,0.32326130302950795,0.38017717306330934,0.14965328860091542,0.20441644802343104,6.414402683387888e-4
proteome,ATP1B2,-0.01968634440861922,0.0015311142913435147,0.0026492724460176168,0.9538647940046457,0.9601142529998485,0.0010199266875854374
proteome,ATP1B3,-0.026172844751185344,0.0011397963469850722,0.001992254812484686,0.34856749660220293,0.4154628511971541,0.0013702714981232988
proteome,ATP1B4,-0.01249354094448349,0.13625421732783985,0.17520971822905926,0.5246345689757197,0.5840611391457383,4.2280101772418366e-4
proteome,ATP2B4,-0.015105040930831098,0.18459937741950774,0.22842118808289236,0.831499443799071,0.8531271973460416,2.5728669348401567e-4
proteome,ATP5F1D,-0.020623161907209985,0.03696857109791106,0.05279415804050997,0.15854068825511108,0.2146476201376017,9.239307496935467e-4
proteome,ATP5IF1,0.02958001307657984,0.22372377709044972,0.2735859678789371,0.21527054078260408,0.27816498828880976,5.700756370179416e-4
proteome,ATP5PO,-0.005317216750579311,0.5643538899738112,0.6190714035451165,0.28810464483710985,0.35350040280770223,3.98908136280518e-4
proteome,ATP6AP2,0.05122026118066139,6.4007818204629185e-9,1.5554087031363118e-8,8.808890997246118e-13,2.5333155488631943e-12,0.009236377502310877
proteome,ATP6V1D,0.013780120730780526,0.015908441382561533,0.024223651745277578,0.12685498794933037,0.1782810350621547,0.0011387933863721278
proteome,ATP6V1F,0.09352037122148199,8.815122144986731e-11,2.307743635983522e-10,0.6691093665408936,0.7115228564418464,0.004254983328549344
proteome,ATP6V1G1,0.09788869071890552,3.550492602132175e-11,9.353689445508862e-11,0.24331328924612552,0.30933427321839735,0.004661195411149066
proteome,ATP6V1G2,-0.01685818108631276,0.38789485533176193,0.4448978714001623,0.24567698864553067,0.31152525189239966,4.665728718259432e-4
proteome,ATRAID,0.031142157215919515,2.3000340709392555e-8,5.440680269912226e-8,3.220432873961796e-89,3.241532261756718e-88,0.043110825007758424
proteome,ATRN,-3.267454014585177e-5,0.9923542212175815,0.993715942275856,2.519277056705173e-36,1.1841819208570691e-35,0.01647349830272926
proteome,ATXN10,-0.008761742172462813,0.5740543455468703,0.628295701031614,0.7466398830058609,0.7820028053441364,1.509642765300523e-4
proteome,ATXN2,-0.09629005466458893,1.2419956765293044e-5,2.539673869510703e-5,0.0041861932739061395,0.007613394496281633,0.0031922144312667156
proteome,ATXN2L,0.015073255015163135,0.12230618625162279,0.15902528181224362,0.1122033166539011,0.16000072365058002,7.987782461637005e-4
proteome,ATXN3,0.16506221590631015,5.027681548994913e-38,2.6977578017492926e-37,0.7740344907300236,0.8057798425252992,0.01630290167098425
proteome,AXIN1,0.13620273174543038,1.5840342547708717e-10,4.084625432576126e-10,0.017163020699731687,0.029009182062835433,0.004909555337829441
proteome,AXL,0.03957880692528937,1.1468664309064261e-10,2.973093349747653e-10,1.2188872235084864e-17,4.0157243853513224e-17,0.012092937521014036
proteome,AZI2,0.020620815595460477,0.07674715744710942,0.10390767745274229,0.12804565847812988,0.17952222723230601,8.577383635972602e-4
proteome,AZU1,0.13137349227786885,6.398957545884953e-17,2.043605807050129e-16,0.27926767586780715,0.34483178758804106,0.007391539043220097
proteome,B2M,0.034251730602001686,1.8785093524680953e-8,4.454401949516141e-8,1.034774587966069e-175,2.538241195187358e-174,0.07996122839351705
proteome,B3GAT3,-0.008155244140176486,0.048031945327128504,0.06721248725306238,0.14358111243664484,0.19713700244711493,9.190275427044536e-4
proteome,B3GNT7,0.011117538795669585,0.13158813534221495,0.16973299472555256,1.1580396727822397e-175,2.816931504042798e-174,0.07704849875037534
proteome,B4GALT1,0.07433185359053666,6.690427564732111e-37,3.456523550699651e-36,4.785236583120893e-67,3.705067794729413e-66,0.04600626160816568
proteome,B4GAT1,-0.10423627496347038,2.404601745550318e-80,2.5157822563660856e-79,1.91902607371953e-35,8.89148747490049e-35,0.050699098255200914
proteome,BABAM1,-0.004195125976830974,0.4746565903600112,0.5317968065730706,0.4723009884459882,0.5339452305475754,2.9284982311461594e-4
proteome,BACH1,0.042010232945108236,0.009748434354138564,0.015331724073130642,0.39751435610734287,0.4631486166407942,9.43775095891719e-4
proteome,BAG3,0.0871575340657007,4.2578914436315615e-23,1.6418474404175072e-22,3.93456820363114e-10,1.0421964234482121e-9,0.014175940530979037
proteome,BAG4,0.031016124501360088,0.0011971203633341224,0.0020899487682848705,0.002615287175054783,0.004865534266402111,0.002426463702188797
proteome,BAG6,0.01889654768451025,0.017087008443130606,0.02588322659340853,6.270760367897217e-11,1.6979916061124282e-10,0.005508594408481171
proteome,BAIAP2,0.21686858331844905,2.329730694228075e-54,1.6347317058778248e-53,0.028441645289554153,0.046588755667906045,0.024311074757555673
proteome,BAMBI,-0.040972772287909603,3.15655994734973e-11,8.330920873701502e-11,3.3075672812175355e-63,2.407678028397503e-62,0.032358683750128736
proteome,BANK1,0.1531687638244636,1.1375484302953541e-10,2.9515589938063454e-10,0.009891700037081452,0.01720731371170486,0.0050756800539302205
proteome,BAP18,0.12761516741756293,1.0483366673056784e-22,4.0106090850134667e-22,6.713241447253473e-15,2.0627317667929355e-14,0.016223909791113877
proteome,BATF,-0.028987082788179894,0.07810365763386137,0.10559730274814329,0.09030207367168111,0.13232517723274959,9.283149527975487e-4
proteome,BAX,-0.013561576615607864,0.487587350255862,0.5440624905951305,0.080491548489821,0.1200586765670861,7.126620874176037e-4
proteome,BCAM,-0.005494462718507165,0.29175415126666715,0.3460505353707442,3.1665474736543576e-84,3.020637933201657e-83,0.03773961665458392
proteome,BCAN,-0.1498862107008113,4.508469081503083e-80,4.6833527576183274e-79,5.4380756584044956e-45,2.9505098228406547e-44,0.05476175744567835
proteome,BCAT1,0.0237555686523878,1.418405224627926e-4,2.6902695586022843e-4,3.80723690960286e-64,2.8495703946489097e-63,0.03030115861834326
proteome,BCAT2,-0.04297596255595724,7.980207251157664e-5,1.533523697572694e-4,0.5578746651521422,0.6135780510848166,0.001733436327011284
proteome,BCHE,0.07278904708926123,5.073392334093835e-35,2.548921208815818e-34,3.463693253644596e-15,1.0790310146626015e-14,0.02104812227542663
proteome,BCL2,-0.02326792387747778,0.029760914965327883,0.04321893782833451,1.1617175245132322e-34,5.290254998524376e-34,0.016174104683842727
proteome,BCL2L1,0.0015928133505744865,0.9385106333697315,0.9499003255222769,0.20269663287759393,0.2643750989140736,4.5387966944510083e-4
proteome,BCL2L11,0.0876898362494426,1.618060833377491e-19,5.670011491751376e-19,2.7804049049973164e-35,1.2821488021622697e-34,0.024086318309169963
proteome,BCL2L15,0.05510948055761762,2.3096854398313398e-7,5.137548650674119e-7,9.976058824350783e-18,3.305347980508506e-17,0.010860329664629464
proteome,BCL7A,-0.00908751630881454,0.46553998468620805,0.5228592594455719,0.09200683347022652,0.1344857020027998,6.973721344603057e-4
proteome,BCL7B,0.011425498950550119,0.1768079230312818,0.21989873341640884,0.27543733398082904,0.3409675902841561,5.460632060090287e-4
proteome,BCR,0.10311921333122041,4.2074405592459373e-7,9.255100973955456e-7,0.33843459949620025,0.40553801146527446,0.002802977139802265
proteome,BDNF,-0.12900771905153827,3.320163653405594e-14,9.720719863882575e-14,1.2582536054693833e-6,2.8965633078589354e-6,0.00859781016036043
proteome,BECN1,0.06467762690336809,1.7879480166824205e-7,4.0084641019170393e-7,0.42402119568340224,0.48921654948610716,0.0029044439340232264
proteome,BEX3,0.011098116819291107,0.2436700698324914,0.295993730270929,0.2859440294288042,0.3519832322913806,4.905916143018718e-4
proteome,BGLAP,-0.2023280228680483,4.2885229762921515e-27,1.82215408555994e-26,2.3732581371829357e-13,6.92754050243699e-13,0.01758180338889137
proteome,BGN,-0.32988286779254206,4.981160954746882e-38,2.677718016004816e-37,8.321993212306337e-4,0.0016205402392743295,0.01830189357095724
proteome,BHLHE40,0.005814881270114401,0.6840407386923073,0.7319336203236235,0.3043133020740126,0.3712037311968419,3.731640678624748e-4
proteome,BHMT2,0.005338891041487878,0.3003646996800113,0.35582977206410427,0.11710744039321004,0.16569879714385852,6.983049419361231e-4
proteome,BID,-0.004102476510040371,0.7761091478833457,0.8157949595504091,0.17751491597034647,0.23671358598329892,4.95138077741375e-4
proteome,BIN2,-0.04821128746229597,0.01768144996843833,0.026700544468635016,0.17680674953090356,0.23587701182847692,0.0010585199449522076
proteome,BIRC2,0.019322462043280645,0.1658515099901871,0.2077770633739726,0.234183201617572,0.2987678170986419,5.840691656560093e-4
proteome,BLMH,0.0967496427806925,1.101864847037799e-40,6.1615775641826345e-40,0.05655848512321465,0.08772275136804654,0.01803003860827468
proteome,BLNK,0.03212779229937553,1.4174818059655574e-5,2.8853761447792626e-5,0.6260443054547171,0.6740772141727478,0.0020797130200724823
proteome,BLOC1S2,0.003583141005706633,0.7995514593147277,0.835621449960505,0.5786538188534642,0.6310318974774275,1.9839606253202469e-4
proteome,BLOC1S3,0.01867975006909147,0.028474672492524774,0.04147583283716558,0.2315301623892185,0.29590041331616845,8.61495539618562e-4
proteome,BLVRB,0.25572000522004845,1.7828526675190288e-73,1.6521101385676334e-72,0.8694961223778545,0.8871230972460529,0.03213026405377972
proteome,BMP10,-0.16709886515846886,1.9345704101566295e-173,4.8681129545234496e-172,2.2847099387536762e-38,1.1246320929548029e-37,0.09009704727759338
proteome,BMP4,0.1282148123724234,9.56686101518328e-36,4.873589407211168e-35,7.325322614261894e-14,2.1686223844858487e-13,0.021622752810880552
proteome,BMP6,0.06771090194444003,1.1311500383942804e-13,3.2626748637084035e-13,1.648944979175716e-19,5.682727738151021e-19,0.01445687314202071
proteome,BMPER,0.030193641671037372,3.0904160969758415e-11,8.17853543705574e-11,1.6512454583231525e-20,5.807211437162991e-20,0.013719469348471569
proteome,BNIP2,-0.0041630860310970675,0.5333449573812714,0.5897098221954286,0.7612542680351071,0.7942401294482045,1.586536056544796e-4
proteome,BNIP3L,0.06964963899580298,3.4928915594379026e-15,1.0489455207818145e-14,2.5527622806993076e-9,6.524967685955585e-9,0.010375450769805616
proteome,BOC,0.07106054255606152,6.8420155116961585e-43,3.9705453834276513e-42,7.761744639031506e-26,3.0452328765232484e-25,0.02963025724767976
proteome,BOLA1,0.08756096427103156,1.3726471262083403e-15,4.191168369667516e-15,6.70062509415251e-15,2.0610247260096077e-14,0.013058264862910618
proteome,BOLA2_BOLA2B,0.15078932658966246,1.6496518909027115e-41,9.423353952142887e-41,0.03474867801166368,0.05597758891614033,0.018696530759505614
proteome,BPIFA2,-0.17670335226050898,2.9658908372715013e-15,8.943631564044951e-15,7.262120157164435e-15,2.224357685074815e-14,0.012910348498326285
proteome,BPIFB1,-0.3517072856739203,2.660919176492172e-127,4.438413186388942e-126,7.899696829056699e-10,2.062541596065877e-9,0.059471229385139934
proteome,BPIFB2,-0.2753856385930962,1.0070530676231802e-78,1.0242466565826003e-77,2.2352493456111398e-14,6.726487463751461e-14,0.039703032214922995
proteome,BRAP,0.014614527264163157,0.5211840170366047,0.5784548082623,0.1859779623131157,0.24613791105825103,5.042484775991118e-4
proteome,BRD1,2.827049431742662e-4,0.9622548065563201,0.9695622300096302,0.524139552244816,0.5839088632283719,2.209592285291606e-4
proteome,BRD2,0.005073939368383866,0.43443124155402923,0.49189479988216106,0.04099544307767646,0.06507107033373441,8.837577125274665e-4
proteome,BRD3,0.009711893974066832,0.3191574555083279,0.37565373877419717,0.793706603440264,0.8195364610690239,2.0706262619885063e-4
proteome,BRDT,-0.010439811321957355,0.16263576493766713,0.2042744396958048,0.19714287359172228,0.2581696043132514,6.66697397849525e-4
proteome,BRK1,-0.03952937273397279,4.2389178263151375e-5,8.315457752025461e-5,1.5040260371195126e-41,7.797960927800812e-41,0.020248018429344206
proteome,BRME1,-5.263327435355375e-4,0.9458838512346723,0.9560370366184241,0.024125676733217562,0.03993827785830847,9.284967588930604e-4
proteome,BRSK2,-0.03556061976815421,8.31511913961073e-6,1.7177517882890108e-5,0.09163869189211425,0.1340147002169747,0.002614354150783038
proteome,BSG,0.06464420359286373,8.426096280486327e-45,5.009322819295232e-44,1.0443310602002736e-69,8.562927990799434e-69,0.049669819268338467
proteome,BSND,-0.013449849634380366,0.048671686198409767,0.0679448359699465,0.9325327054496143,0.9415644992069957,4.2484328300929075e-4
proteome,BST1,-0.10399563635809879,2.870217302178085e-23,1.1170885740077105e-22,0.02842968957251124,0.046588755667906045,0.010670503230520767
proteome,BST2,0.06615405642132773,1.4813091900935483e-8,3.535520462700791e-8,3.869783665544003e-8,9.476424932653477e-8,0.006710642280989165
proteome,BTC,-0.01962791376789897,0.2295137424155892,0.2797288576664321,2.393116231701774e-4,4.824244668741353e-4,0.0020188356955284092
proteome,BTD,0.03444444600013968,1.031155015194789e-15,3.1617032451193163e-15,1.0613257663648146e-15,3.33837275002036e-15,0.01278773441164871
proteome,BTLA,-0.019883348102607744,0.2590238878601177,0.31204734984056276,0.137457447870412,0.19043108226565386,6.943345016526825e-4
proteome,BTN1A1,1.31251987044029e-4,0.9875661255755992,0.9906204537990289,0.10315601788253885,0.14906555257382717,6.099519002478182e-4
proteome,BTN2A1,0.005931308620204599,0.2834679371720237,0.3377317994306682,5.641595508961174e-130,8.713130841617814e-129,0.05766536322783988
proteome,BTN3A2,0.005333885117379309,0.5090909877900569,0.5663249212496859,1.155945912531425e-64,8.696407522369148e-64,0.029161010270322585
proteome,BTNL10,-0.011371966856133205,0.153217386838514,0.19432654245518172,0.40560984355737006,0.4707654605741404,4.891017451684743e-4
proteome,C19ORF12,0.2290320502280996,6.861874276841201e-58,5.175661760749217e-57,0.25086546184800307,0.31631804887011705,0.025356653014399377
proteome,C1GALT1C1,-0.028079875344458584,1.1815960327698022e-5,2.420406189231616e-5,0.016728376493274275,0.02834018048976646,0.0029238260583214215
proteome,C1QA,-0.04242888795943997,2.556337089233151e-17,8.309518890280142e-17,1.1870183608596863e-31,5.156111004984262e-31,0.020609666822850814
proteome,C1QBP,0.003179577991200958,0.8233792093075443,0.8550138427494562,0.008289251453771955,0.01455855896122764,0.0011655928068925459
proteome,C1QL2,-0.21498950573680417,2.317784699230488e-137,4.255102853492953e-136,2.5127002306113662e-36,1.1829954795410609e-35,0.07491967334648297
proteome,C1QTNF1,0.05215929795277866,5.44227292721538e-8,1.2617946524655832e-7,5.827325624989914e-48,3.3287599803024573e-47,0.024423384494156597
proteome,C1QTNF5,0.0105000027832296,0.17075173987802758,0.21291086232548592,0.7242530959935414,0.762660457144714,3.0774631658025964e-4
proteome,C1QTNF6,0.016696114299240644,0.010150850173828661,0.015913174896565983,0.1919747767249976,0.2526485001173435,0.0011674486500721226
proteome,C1QTNF9,0.052729582418114734,1.1175007427826607e-7,2.5345646217424915e-7,6.739019294648279e-9,1.6972560242517968e-8,0.00675838954145791
proteome,C1R,-0.019203277064974673,1.8257272848612955e-6,3.904247578395693e-6,2.5288051326925062e-8,6.218687600951496e-8,0.006119737478733511
proteome,C1RL,-0.07103705559388293,8.57401305976265e-67,7.254360614912225e-66,0.010440745584287548,0.018140795452699615,0.030076894802410936
proteome,C1S,-0.016036423847884763,2.1602307507492184e-4,4.022581397468739e-4,1.1865990546481916e-22,4.367821740880292e-22,0.011732313992614651
proteome,C2,-0.050522226594886845,8.462458402341202e-20,2.990546740488374e-19,4.1679037663676055e-12,1.170944282389513e-11,0.013636633289129785
proteome,C2CD2L,-7.539439868418063e-4,0.9332143580087505,0.9456966650547829,0.003010244648568274,0.005554300966606064,0.0013703741834844019
proteome,C2ORF69,0.00809303399319368,0.5031784808120625,0.5603883958376232,0.5304050276752741,0.5891370912420567,2.527587356513372e-4
proteome,C3,0.0024106090085018335,0.804219860745616,0.8398990245139367,1.1454485555218122e-4,2.366287567988797e-4,0.0020564115131106453
proteome,C4BPB,-0.1895862918156637,3.653744504872614e-102,4.8923303714326416e-101,1.5167207388653992e-46,8.563458098158802e-46,0.06350583094484363
proteome,C5,-0.013298233815022011,3.75061481037378e-5,7.382363203965653e-5,2.7555092627407844e-14,8.258040593367915e-14,0.008143393852781289
proteome,C7,-0.04361045863826608,1.4520788851856355e-11,3.895788847294918e-11,5.721712462628271e-91,5.922581091635434e-90,0.044575501086329794
proteome,C7ORF50,0.015164760842500681,7.268846438611885e-5,1.402363698235829e-4,0.4571843197701293,0.5206870969211891,0.0017542865931685636
proteome,C8B,-0.09910884003286645,2.053362246585259e-55,1.4583368364433991e-54,6.104771108087171e-15,1.8817135020598153e-14,0.030869694410246784
proteome,C9,-0.1708274683085391,2.7168329225123384e-56,1.9776646635445178e-55,2.548088183328909e-16,8.164510875013266e-16,0.030973015496791656
proteome,C9ORF40,0.14853121338743805,2.1396003917085031e-19,7.461760505850802e-19,0.25460110248093337,0.32019845676081193,0.008452796369946447
proteome,CA1,0.2847834049407134,1.56203029590201e-104,2.1507388838386638e-103,0.6026137487236707,0.6527011252409628,0.04572598310095244
proteome,CA11,-0.040737649911146825,1.0079615939723296e-8,2.4255893592788376e-8,0.5787161320819025,0.6310318974774275,0.003354797641468843
proteome,CA12,-0.05734397166797068,3.285763076265947e-16,1.0290925342940236e-15,2.545166376290579e-19,8.740400767520236e-19,0.014727467928272509
proteome,CA13,-0.013012145053719951,0.5709927831585049,0.625179270082399,0.46666820187051483,0.5286008852386623,2.8859158201155477e-4
proteome,CA14,0.21865443680749777,8.380751182671525e-148,1.698848104320707e-146,3.409043564871442e-60,2.3806215707798423e-59,0.08646808568002418
proteome,CA2,0.32354366908367066,1.5560048173839457e-99,2.0276687776534543e-98,0.1545967635086104,0.20989207101471338,0.04404237470424843
proteome,CA3,0.25170334138525496,2.378512262792534e-79,2.4533135318344193e-78,5.108066203474118e-37,2.4443352865476968e-36,0.05062267288952138
proteome,CA4,0.05133703842716593,5.936239738577831e-22,2.2272344211964896e-21,5.995387349018915e-8,1.457163669590859e-7,0.012481110079670121
proteome,CA5A,0.5215458454674186,1.4145917659785463e-136,2.58074585305711e-135,0.0018537648973514834,0.003495568304501925,0.06076050817587797
proteome,CA6,0.48236943732200477,1.4903439903605687e-236,6.49300613113806e-235,1.0157196799015696e-52,6.28153759667941e-52,0.11906581569252872
proteome,CA7,-0.0022159525965175925,0.7409742538238997,0.7825267174066437,0.6596658687794561,0.7045608016711424,1.6487100103301788e-4
proteome,CA8,0.0030042578412779225,0.5497548488166031,0.6046474769011546,1.299135698799754e-4,2.672429249328035e-4,0.00205619096286358
proteome,CA9,-0.06941507634894288,8.081076784195495e-12,2.190219418112038e-11,1.7921282733252193e-63,1.31108331574845e-62,0.03267644188843177
proteome,CABP2,0.008002890002912348,0.5236101627739522,0.5809266686192195,0.005398178727647324,0.009661118152055512,0.0012697816928201044
proteome,CACNA1C,-0.008917822132889105,0.1738524895455231,0.21631518200485164,0.7881388087449078,0.8163865091293065,2.9015625518913346e-4
proteome,CACNA1H,-0.007067798885003489,0.5408252690099387,0.59594902236316,0.4338026822121158,0.49853150762880555,3.0141115112891637e-4
proteome,CACNB1,-0.023397575581913705,0.04132649456924208,0.05844575467423335,0.08009613305305208,0.11952996543039826,0.0011015431868878212
proteome,CACNB3,0.005913544430211098,0.7356144421257667,0.7777958150387285,0.03339357375395148,0.05406314020398467,8.625402818416283e-4
proteome,CACYBP,-0.040268627987826836,0.05459335982557151,0.07592092297801012,0.19546302678220792,0.2561996296260732,8.424990744244631e-4
proteome,CADPS,-0.00802807716965299,0.34636327335391115,0.40296309084099907,0.5882601213163234,0.6409597962382786,2.79294104374217e-4
proteome,CALB1,-0.08377291463150073,1.102226615012925e-17,3.627282400476582e-17,2.4466999947655776e-110,2.988249909924988e-109,0.05506954270069209
proteome,CALB2,-0.14339028090558023,9.163144323261637e-102,1.21578264907276e-100,6.887455529343976e-16,2.173457588124872e-15,0.050649944751373965
proteome,CALCA,0.9514318242771006,0,0,1.532708226787001e-35,7.12416451272493e-35,0.3392829436521625
proteome,CALCB,-0.01977736954810953,0.014212248784578706,0.021754354589504584,2.6388390027657587e-25,1.0270361398764333e-24,0.012032146339352345
proteome,CALCOCO1,0.048151478395238256,0.042799502935327846,0.06035350196532463,0.013765787705816778,0.023539738906431854,0.001434415000753364
proteome,CALCOCO2,-0.010418419373782939,0.508251790291511,0.5656069294170495,0.04784128515506619,0.07512033962756225,8.262137141191728e-4
proteome,CALY,-0.020914306371445063,0.005389631885508375,0.00875965226826222,0.01097321928786108,0.018998118090905392,0.0017978484811128626
proteome,CAMKK1,0.017957364435515738,0.05581014040013185,0.07739182889690494,0.3321687040922516,0.3990125297305689,7.124385319156046e-4
proteome,CAMLG,-0.057206748023757234,2.1703240359170361e-7,4.836012107512846e-7,0.035925664143875644,0.05764117278565951,0.003515843188154344
proteome,CAMSAP1,-0.018023502189328064,0.4322580123702212,0.4900043254790974,0.004238272546890646,0.007698517463829368,0.0013681920430669292
proteome,CANT1,0.011710307959824974,0.008894475470527421,0.014049228300037632,7.117129244589073e-25,2.74800268054967e-24,0.012036758223900157
proteome,CAPG,0.057962811785661185,4.948792168001547e-6,1.0377531852296347e-5,1.5936251614318586e-75,1.3927520497663457e-74,0.03604719027491565
proteome,CAPN3,0.06292114608889579,1.6811096378613166e-16,5.293591189770424e-16,0.4540610307582923,0.5175995927957682,0.006945527517219774
proteome,CAPS,-0.06115457512988772,0.0016521257633655014,0.002848526345696337,5.663955123349984e-66,4.350811843436475e-65,0.030436218544470983
proteome,CARHSP1,0.18988669412047615,1.284793587029374e-67,1.1161644287317688e-66,0.2629927015633748,0.3283674074562209,0.030048791369345573
proteome,CASC3,0.038019882992653256,7.008144320986972e-6,1.45807364739565e-5,0.43752013054950245,0.5022104841030269,0.0021976188153789433
proteome,CASP1,0.07768509906583107,3.515983083138683e-8,8.243497686491419e-8,3.352735525212088e-14,1.002728995706361e-13,0.009547876161156932
proteome,CASP10,0.07533418922132497,1.1832133310488869e-6,2.5564764717481134e-6,0.9244262439829073,0.9340256857688151,0.0023794956943922196
proteome,CASP2,0.04352774983943056,0.0037126065742178736,0.006145709575552272,0.0203334013610479,0.03405232276127299,0.0017342461381690821
proteome,CASP3,0.022668228751930645,0.24794051696998726,0.30068066848167546,0.17587348643067763,0.23527713423059027,6.022889333139325e-4
proteome,CASP4,-0.034979435248702,0.30320732870054773,0.35866764467094436,0.005312795476697343,0.009525829236166797,0.001351687338937979
proteome,CASP7,0.0242814417435953,0.16272427889955182,0.20429770757324375,0.6130785987484093,0.6620704512566064,3.5403817786239244e-4
proteome,CASP8,0.123335357528022,3.3852112967918244e-20,1.2139351075350535e-19,9.369782255438372e-13,2.689320983640571e-12,0.01396203883499847
proteome,CASP9,0.03017303403000294,0.013672196186602514,0.020973762678130885,0.34026967314788514,0.40740245115614304,9.00622456962985e-4
proteome,CASQ2,-0.020983651461753867,0.03399875923984177,0.048767753425601044,0.2900653446435376,0.3554579097457961,7.906804683952551e-4
proteome,CAT,0.2509983425242876,3.196679047774399e-114,4.859951114819516e-113,0.9345219524126331,0.9429206979234276,0.04970645189036671
proteome,CBLIF,0.04618769226140446,0.004592738303210902,0.007535808379467468,3.1178119653459022e-62,2.2360916773574173e-61,0.02879906215197159
proteome,CBLN1,-0.04843335711265401,0.011472468012535975,0.017784457848429375,0.019533370797289153,0.03282550912912322,0.00159779446340369
proteome,CBLN4,-0.016042933055411036,0.0216307222446918,0.03216509334297268,1.3071879090360773e-4,2.685208660433715e-4,0.0025430607420871
proteome,CBS,0.1460391909535672,1.2645451274864274e-44,7.502453713684718e-44,1.562167648700611e-7,3.725463534768859e-7,0.021936654064753425
proteome,CBX2,-0.028771255594295345,1.7798173130273973e-4,3.345323075806164e-4,0.1885441299389811,0.24891918375933325,0.0018311443513405745
proteome,CC2D1A,0.11454151923514455,5.537037140017748e-12,1.513353128437435e-11,0.01784499219893109,0.030109556201549047,0.0056020660289215485
proteome,CCAR2,0.02453966421287856,0.02511496269531317,0.036969529050740864,0.21349359809128926,0.2761133419709674,9.103504086525049e-4
proteome,CCDC134,-0.029700536045895183,0.0026929545965769996,0.004549036150120522,0.675071165711089,0.7166718912473278,0.0010418478951053078
proteome,CCDC28A,-0.005458736604850721,0.35637415947903517,0.4131279473865384,0.9969442986320068,0.9972859519214626,8.82973557033706e-5
proteome,CCDC50,0.0024229591335815075,0.8769134589926251,0.8997224558170378,0.11409786836514937,0.1620689429478691,5.903431170554141e-4
proteome,CCDC80,0.03905124465267178,5.14274042188667e-7,1.1261559858580037e-6,0,0,0.18038218650736249
proteome,CCER2,-0.20989418607487953,1.3828674489827789e-64,1.1275391294918244e-63,0.027075028736850595,0.04457530111836824,0.02841824242329105
proteome,CCL11,0.10313846555576912,1.5253161503578031e-33,7.495619264132033e-33,2.5123038275566613e-173,5.914044252127334e-172,0.08818522274558749
proteome,CCL13,0.014617318785526677,0.3397509700183283,0.3965346187459018,1.7548835995540372e-59,1.2024660157507593e-58,0.02689289757249691
proteome,CCL14,-0.08384800730067557,3.283117087688635e-21,1.206979695083517e-20,2.876701988372161e-42,1.5048553949925339e-41,0.02701664062255582
proteome,CCL15,0.05640720471669986,1.3890001750454561e-8,3.3179144934187286e-8,6.185678595673952e-54,3.916701913399624e-53,0.027600905968458878
proteome,CCL16,0.30583212772413243,3.046046168175867e-138,5.627473901838832e-137,2.7798567308447264e-70,2.2986973930129619e-69,0.08820290896303751
proteome,CCL17,0.04024279827369387,0.04496680269049922,0.06319600243310891,4.36025852872099e-32,1.9110502470475329e-31,0.01500298150196655
proteome,CCL18,0.14502541962603555,1.1749113137909947e-19,4.146996523525893e-19,1.3351706192644983e-92,1.417222922775662e-91,0.049166699825588744
proteome,CCL19,-0.10174049875813301,1.5958924502517319e-4,3.007366082817821e-4,3.1368227253648747e-21,1.119362534882649e-20,0.01099562682405586
proteome,CCL2,0.06815335920839691,4.591393652832158e-9,1.1243521873000897e-8,1.7513774885195314e-36,8.285690257679923e-36,0.019814910293778687
proteome,CCL20,-0.021056147027122288,0.28681549480705043,0.3408853539665229,7.19014730162892e-27,2.859405990933899e-26,0.01230266022057136
proteome,CCL21,0.05464905959195751,1.466932434184195e-9,3.6504482313586236e-9,1.1094050593878617e-21,4.002908984367328e-21,0.013552532782256765
proteome,CCL22,-0.1369198829351171,1.4772635552504065e-31,6.955052125445059e-31,3.986515424438058e-18,1.3329482845286016e-17,0.021437075854885634
proteome,CCL23,0.06284788336154526,2.9227225225109965e-11,7.748798404368392e-11,2.1713830803410364e-76,1.9148843539321707e-75,0.03860750895981113
proteome,CCL24,0.2191113837156712,2.067432971155053e-32,9.876983376107363e-32,4.106599329283209e-27,1.6443296902850053e-26,0.0256993889521977
proteome,CCL25,0.022288112397598606,0.040588537700237834,0.05745777960571981,2.4306702048979784e-130,3.7941852021910153e-129,0.058070896139996386
proteome,CCL26,0.29552881497580014,1.8584655897282068e-50,1.2082095894023688e-49,0.6377383397962793,0.6856568006870494,0.022004584338959687
proteome,CCL27,0.07068269543647077,6.317464660637619e-8,1.4589145050950325e-7,5.097733100578916e-243,2.22093774934177e-241,0.10721512917773024
proteome,CCL28,-0.1047298024305052,7.218877630650651e-16,2.234560318543929e-15,1.2730877879399866e-40,6.519549566661089e-40,0.024135361693752633
proteome,CCL3,0.06498991787276008,2.1944209434564957e-6,4.668742517455911e-6,8.307601653004329e-88,8.164945867043648e-87,0.0414735885519254
proteome,CCL4,0.06916283278313068,1.5667311644451922e-6,3.3651863642498278e-6,4.429925191779033e-36,2.0755941628897267e-35,0.018665084681468103
proteome,CCL5,-0.14607240468733704,9.384298036319197e-11,2.445782675715691e-10,1.8701805653435708e-5,4.080012758025324e-5,0.006458298466515799
proteome,CCL7,-0.040190635618249974,0.003305996169571423,0.0055144016108451335,2.0628016252428956e-65,1.5721456773065307e-64,0.030126157134069298
proteome,CCL8,-0.020701717209746805,0.12766619064464577,0.16518511103356429,8.656498030878821e-31,3.715929081196365e-30,0.01417479337860128
proteome,CCN1,-0.02669165041933452,0.10676349459234331,0.1404428304258901,4.303152705901653e-108,5.211992841712417e-107,0.04826181990999889
proteome,CCN2,-0.008947952675667989,0.48178491247164124,0.5388238159021919,2.057200714628088e-19,7.07299044287325e-19,0.008864432382107545
proteome,CCN3,0.0034420732777533415,0.6382637411648796,0.6897785488560841,0,0,0.1385663627075121
proteome,CCN4,-0.0827507135550493,1.0261017157882362e-20,3.725361826350574e-20,7.933021632876675e-38,3.8594150243945025e-37,0.024952158873447927
proteome,CCN5,0.28297442269322526,1.4158102949014443e-219,5.102160803478168e-218,8.244279850020162e-244,3.646220133668008e-242,0.18419839924849724
proteome,CCND2,-0.027241906864903773,2.7445410926547296e-4,5.057648642335325e-4,8.794461538965243e-7,2.0325441989104944e-6,0.004365248619653372
proteome,CCNE1,0.011084035786133503,0.5346593374719573,0.5907155965483131,0.7216715369697784,0.7609189088886229,1.677695486739239e-4
proteome,CCS,0.16897755122051514,3.6009428471832595e-63,2.8956342068671998e-62,0.2562983763771764,0.32177847769676465,0.027541200392089293
proteome,CCT5,0.034391584235440524,9.475161704295903e-4,0.0016671487049330766,0.41202125521148425,0.4774474172141019,0.0013560457598513764
proteome,CD101,0.02780834023676784,0.001547644119870069,0.0026762874324056467,0.0014267615809952336,0.0027273851047315565,0.0024501397577429973
proteome,CD109,-0.049336206931832605,2.8271198655079883e-11,7.508974419852428e-11,2.5596258788603817e-30,1.0907369256048839e-29,0.018038443326454212
proteome,CD14,-0.17260348785853344,3.8838968455060144e-79,3.991934821138048e-78,5.939122706972454e-56,3.843968776419644e-55,0.05762558023528341
proteome,CD160,-0.04522910407050097,1.092238113432138e-5,2.2436615433556727e-5,5.444438093863988e-22,1.9766560691528584e-21,0.011642676600706392
proteome,CD163,-0.026122834976776137,0.007973849587976136,0.012629227860717495,9.273254078772245e-62,6.538316100467678e-61,0.028407998236983145
proteome,CD164,0.02424379233581492,2.1492898147641214e-5,4.3148397312905565e-5,4.528095373291443e-12,1.270914461022858e-11,0.00728723845997481
proteome,CD164L2,-0.008436700568351808,0.23482143667997873,0.28595902113844723,0.01693902017828195,0.028663768058205807,0.0011465791329400288
proteome,CD177,-0.11216463117862994,6.50901375987327e-5,1.2607704820882598e-4,3.6567166041279317e-4,7.281006662653092e-4,0.0032515367151029206
proteome,CD1C,-0.07232601552281115,1.0324324373759492e-40,5.784395939923984e-40,2.3775762447913455e-68,1.896214496870475e-67,0.04786034672727024
proteome,CD2,-0.030071050093406878,1.0258868322648948e-4,1.9623615094241335e-4,9.155677807731306e-5,1.9021653751436074e-4,0.003520404648173714
proteome,CD200,-0.10818490927207568,2.0883335880678174e-76,2.0319485811899863e-75,7.577417783746499e-57,4.970445508035063e-56,0.056790911043490766
proteome,CD200R1,-0.04386955874650304,1.1805723161872019e-8,2.8293026198279493e-8,8.258527283091849e-8,1.9955828757736018e-7,0.006786051140947769
proteome,CD207,0.05037374526262931,1.491935137267894e-9,3.7095048259667652e-9,3.953644650302781e-10,1.0462999759051513e-9,0.00810639514439393
proteome,CD209,-0.07580906712451281,1.4782282355680688e-18,4.996617844205996e-18,5.894201508008041e-14,1.7502720449517265e-13,0.013872857136268624
proteome,CD22,-0.21772959726840596,3.355661724691716e-116,5.182633108134983e-115,1.527089911692398e-9,3.9482510648628075e-9,0.054494102642820064
proteome,CD226,-0.03520232008861826,2.855305548599261e-5,5.67368066464346e-5,0.861180830107396,0.8798693885486486,0.0018254796563277331
proteome,CD244,-0.05671924797435448,4.595239739312592e-21,1.6872333080570385e-20,0.0012325054321470478,0.002373142055697383,0.0100555337755599
proteome,CD248,-0.003625312238778148,0.6626749357831461,0.7129923101920396,2.835710020038156e-155,5.669477772939299e-154,0.0682638514153624
proteome,CD27,0.029546831004107436,7.266595500825265e-4,0.0012917900284353805,2.515657233997218e-118,3.307749309026072e-117,0.05386591076366509
proteome,CD274,0.11496187075076134,2.555449218459185e-54,1.7888144529214295e-53,9.06913573612309e-32,3.951165255782582e-31,0.03796469559689564
proteome,CD276,-0.06424977711631684,1.633392601295724e-16,5.148890932162222e-16,7.798672278633502e-147,1.4227702738331994e-145,0.06990164694992596
proteome,CD28,-0.10125253091717619,7.613031321605253e-38,4.0478029923070556e-37,3.308053404355264e-27,1.3264021823232165e-26,0.027622640832466794
proteome,CD2AP,0.1280750271264397,5.069881465063675e-20,1.8047541459171789e-19,0.17888258549363342,0.2379937406818213,0.008700853790895025
proteome,CD300A,0.005294354015318804,0.3794685768401549,0.43660574528829804,1.1335580485812056e-67,8.894774042496073e-67,0.03054222277350438
proteome,CD300C,-0.015850187830243955,0.03783406062535434,0.053908737339678846,4.064563493745182e-67,3.1638562235312493e-66,0.03043907288933867
proteome,CD300E,-0.13508305231180534,2.137204765734122e-49,1.377152474873709e-48,9.985035889466437e-130,1.53401682954487e-128,0.07551087112115962
proteome,CD300LF,0.07302243816139099,2.1455531366778905e-7,4.784468759329842e-7,6.031396223694956e-51,3.6003365188068665e-50,0.025834127612941016
proteome,CD300LG,-0.24154587356666743,1.1947572226923482e-187,3.385918769940742e-186,7.704976791592209e-44,4.119199130889681e-43,0.09663398903377218
proteome,CD302,0.034218603958064656,1.9353295361850375e-7,4.3289095142713597e-7,9.248794625937447e-213,3.1761448838954597e-211,0.09486223182378861
proteome,CD33,-0.07915548639943593,6.802910104233048e-6,1.4184067567325905e-5,6.803349431437188e-6,1.5101883642863232e-5,0.004585889818001787
proteome,CD34,-0.033751870705848196,3.478291987829797e-10,8.875117406009771e-10,8.435328063045466e-5,1.7575105364760684e-4,0.006104437869002721
proteome,CD36,-0.07415137637316195,9.32529414970936e-16,2.865319328737013e-15,6.028553942418717e-20,2.1049460475981144e-19,0.015286008282971442
proteome,CD38,0.46604382849854004,0,0,9.994833939305433e-59,6.78486517879827e-58,0.3321627872263322
proteome,CD3D,-0.00701758698497756,0.28382016344968575,0.33787563503655493,0.13703981598298234,0.19021361048707822,6.41494884495386e-4
proteome,CD3E,6.663194152357929e-4,0.9235967647437062,0.9393749193118736,0.45955202620283075,0.5227717710389957,2.556223853616979e-4
proteome,CD3G,-0.05236816878338982,0.003702025666246109,0.006132924472061516,0.11559652456325299,0.16387870577957042,0.0013845421398610558
proteome,CD4,0.015208096858198288,0.02102712081602799,0.0313794302975387,2.0618643866186909e-85,1.9863307407722636e-84,0.0387861583192749
proteome,CD40,0.024748800221293867,0.023678518340091628,0.03504689423586301,1.1658796273680588e-20,4.110148106627251e-20,0.009930306475279038
proteome,CD40LG,-0.06231752103153757,3.401491386249733e-4,6.228954426890195e-4,0.16041173667496272,0.2167149460664938,0.0017353727804596542
proteome,CD46,-0.013340990216370873,0.031546952653078185,0.04554181740570486,3.2712332718558996e-71,2.75179536615198e-70,0.03230179577827341
proteome,CD48,-0.06262246399274402,6.899810115432142e-22,2.5854359084655227e-21,2.1901519423500042e-31,9.471190399584685e-31,0.022591024683348837
proteome,CD5,-0.12011169690389903,8.493382748103017e-57,6.292432548658048e-56,3.758456459171353e-12,1.0569300967554124e-11,0.029212683928760863
proteome,CD55,0.06557215798430192,5.9580402105993516e-33,2.8841657337876465e-32,3.473070627610845e-91,3.6077911608526896e-90,0.054350583793003726
proteome,CD58,0.021348979778091554,3.2220951280237623e-8,7.566609556477363e-8,3.1876097748504683e-7,7.521580075558798e-7,0.006208224502684656
proteome,CD59,0.14084837195737102,2.0790742027274053e-193,6.130118785617471e-192,4.8919689793191394e-157,9.985774441001796e-156,0.14307126419994431
proteome,CD5L,-0.09812200461549303,2.1837737874598506e-24,8.684517282827389e-24,0.00115625336963437,0.002230736011872258,0.011364173475658212
proteome,CD6,-0.23621893511465528,1.463954605202455e-86,1.6563114312348704e-85,0.08426510971681943,0.12473116392667136,0.0387203907199426
proteome,CD63,0.09190716963164554,7.844969458180154e-16,2.418106214195129e-15,0.003981732138852357,0.007250577737560842,0.007749149445549497
proteome,CD69,0.008766726592971045,0.6497050010559952,0.7013642374565273,0.6524973514690926,0.6989102654688616,1.770745410302199e-4
proteome,CD7,-0.13077129342431232,8.291514800766121e-53,5.628588768241001e-52,0.001382459928135115,0.002647900610384777,0.023741062747708375
proteome,CD70,-0.25512566646826323,2.0189745763141873e-155,4.498768540657338e-154,5.701467963923018e-69,4.648766756059019e-68,0.093036195421206
proteome,CD72,-0.03783878162449158,2.028534782261277e-5,4.0892907661744946e-5,2.789691152049712e-43,1.4832620169094916e-42,0.021161445710896842
proteome,CD74,0.04207007040870217,3.126063013931312e-8,7.352923398602337e-8,2.9235807017853155e-203,9.176271041410039e-202,0.09121889116685944
proteome,CD79B,0.04737470465249387,1.0566049311082046e-6,2.2880042981489983e-6,4.406223492096533e-71,3.69590987742235e-70,0.03448698690826224
proteome,CD80,-0.049494528856238465,9.395886806183384e-13,2.639710643623609e-12,4.0343806310732427e-137,6.807142810464043e-136,0.06459869232069648
proteome,CD82,-0.01655032679067892,0.04541824109789514,0.06379973328429063,0.9372919486121836,0.9447359109112445,4.4438204957431005e-4
proteome,CD83,-0.1012156564419042,9.12053667077753e-41,5.119778181153771e-40,7.892440735844396e-78,7.06688175089871e-77,0.05058776630296802
proteome,CD84,-0.021822313316981774,0.001628230327672031,0.0028089860085547627,0.02558902613377511,0.04217637904262538,0.0018910858819569665
proteome,CD86,-0.06835753243643014,3.665123663229692e-28,1.59441072622466e-27,1.9863689872946888e-7,4.717828375844749e-7,0.015515060907420386
proteome,CD8A,-0.048126556265044446,1.242430382206675e-5,2.539673869510703e-5,4.947374402230212e-21,1.7547248943025502e-20,0.011398342763119906
proteome,CD93,0.019820366004399036,0.0027126300291025534,0.00457697517627188,2.159276827750801e-40,1.101910674860942e-39,0.019278383043844882
proteome,CD99,0.2298141826977792,0,0,1.022540203927403e-129,1.5627198195099945e-128,0.2683008032279547
proteome,CD99L2,-0.05051260374837569,7.307524877695825e-21,2.6596839299244532e-20,3.8060107519800844e-22,1.3869844425755138e-21,0.018392725728413883
proteome,CDA,0.18813714843406962,4.5460407490853593e-88,5.224367301803214e-87,2.1463431921656467e-6,4.875623173487566e-6,0.04093572336068674
proteome,CDAN1,0.0034370907205799016,0.4436639615351372,0.5007249564192914,0.5032877862235202,0.5639528015303092,2.893573983085984e-4
proteome,CDC123,-0.017978046667516692,0.15354154950823176,0.19461041381438493,0.38492334312599225,0.45142275555836536,5.038735321324372e-4
proteome,CDC25A,-0.003600918711306862,0.6583039810384617,0.709073550055819,0.498952477938438,0.5600284759019827,2.4842521699475206e-4
proteome,CDC26,-0.030361637407032994,0.03918156758304192,0.05560087300675711,0.6207384307663223,0.6695992163366203,6.017355578260553e-4
proteome,CDC27,-0.0035901467783435157,0.7856445233984577,0.8237679057830892,0.3661387350655888,0.432520828675214,3.1833921461932313e-4
proteome,CDC37,-0.0015158183211485413,0.935727937856039,0.9474123658001312,0.07573405026240318,0.11346310509421784,6.794961828630042e-4
proteome,CDC42BPB,0.036843756294234385,0.0914568750260695,0.12190073890461044,0.17300616137229863,0.23186638431852144,7.629044406791685e-4
proteome,CDCP1,0.10308742042813983,8.028583871496291e-19,2.75063806583306e-18,0,0,0.19903379665517906
proteome,CDH1,0.028718828927318484,8.380942090133038e-4,0.0014817668056389059,1.5429934078619906e-54,9.812631280063508e-54,0.025782930295791484
proteome,CDH15,0.6598431546917976,0,0,1.9605117045078283e-108,2.384472360607646e-107,0.23320568723235147
proteome,CDH17,-0.17560020940139537,1.6964527784861693e-30,7.798339622678942e-30,3.946113844989007e-9,1.0033716300978146e-8,0.01706128358920822
proteome,CDH2,0.16513617088780227,5.421456572550465e-91,6.406976411042432e-90,2.841453527248025e-252,1.3377746525866105e-250,0.14064987898469627
proteome,CDH22,-0.004231457299012798,0.4650882814357291,0.5225529998117373,0.9685188431270889,0.9721824288473082,7.817248153596523e-5
proteome,CDH23,-0.0075283052993125954,0.15507274009108452,0.19621037205282865,0.10033949492815603,0.1453846401589926,8.298061674998358e-4
proteome,CDH3,0.06870771070378923,4.704856261758532e-19,1.623342249181224e-18,3.483138720022127e-15,1.083931974812856e-14,0.0151144306315536
proteome,CDH4,-0.01597133023038649,0.08456412951431541,0.11354309754015027,0.5659878604731746,0.6208637973397959,4.74401266595037e-4
proteome,CDH5,0.028184507600603433,2.064864247704817e-5,4.15965406421695e-5,6.044954267476445e-7,1.4082379494623894e-6,0.005030925982818624
proteome,CDH6,-0.07577168043520285,1.2876319273212364e-19,4.533893360495403e-19,4.85150130033938e-58,3.2555246656760116e-57,0.03362384366266247
proteome,CDHR1,0.023205871928284952,0.012430577480302834,0.019208499557969282,7.250550890795164e-4,0.001413784772894528,0.0022715633237008204
proteome,CDHR2,0.9645622830096999,0,0,6.143170315448415e-120,8.301812106849039e-119,0.2663445656514952
proteome,CDHR5,-0.03749228695277649,2.646412502702653e-5,5.262178539093354e-5,5.40355935525187e-4,0.001065022941119528,0.0036206546391730487
proteome,CDK1,0.042451516114332934,3.7927349844495954e-9,9.334733068809755e-9,0.42373355121590606,0.48907798971895206,0.0037504852245064946
proteome,CDK5RAP3,-0.010542163797285432,0.3807023614794558,0.43785271598050884,0.04544413342820348,0.07158738557848136,8.748248678102089e-4
proteome,CDKL5,-0.011813540858819492,0.26050132727557124,0.31343914852324506,0.4923255058503513,0.5540085395440152,3.665901414110495e-4
proteome,CDKN1A,0.18876620161785654,1.6949153749380204e-15,5.158975995249303e-15,0.1371152761453546,0.19022789499443443,0.006726261538648193
proteome,CDKN2D,0.07937830908466662,1.4926638792878158e-4,2.8164743785656974e-4,0.28694432832757166,0.35266968184765546,0.00172227600766639
proteome,CDNF,0.1199247598490071,5.9859605222467274e-65,4.908151338325336e-64,5.0797735866620135e-33,2.2707288054313045e-32,0.04266405622351399
proteome,CDON,0.06113492177787935,4.439906850674877e-25,1.800012235711106e-24,1.092456786283898e-32,4.8610996328699666e-32,0.024227297486239197
proteome,CDSN,0.09824669911498506,3.518722126322151e-25,1.4345181406053574e-24,2.759200866108186e-16,8.802303090895951e-16,0.01811426598681709
proteome,CEACAM1,0.006867691228385104,0.20457022792343685,0.2516394839058205,4.761318493316744e-9,1.208546841912311e-8,0.004210180182618206
proteome,CEACAM16,-0.3332380416578371,3.2004025294371175e-85,3.552081742747888e-84,0.16385090883054682,0.2207110303997998,0.037558761121902595
proteome,CEACAM18,-0.0217645399434822,0.11200759705659144,0.14694389923963613,0.1069427908309868,0.1534739461335548,8.324848401651819e-4
proteome,CEACAM19,0.17070803068359836,1.27961905220605e-97,1.6454660851935948e-96,5.438157468243152e-13,1.5732390138554767e-12,0.04798609643291696
proteome,CEACAM20,-0.007124376635074246,0.43172558797374805,0.4895909057091572,4.924207201445338e-5,1.0423321842653329e-4,0.0022858562025123152
proteome,CEACAM21,0.07530394495445351,7.447668898743526e-5,1.434966700688604e-4,0.0038317804758049487,0.006990604505546653,0.0029839408520945243
proteome,CEACAM3,-0.025381396055536836,0.011676990153488644,0.01808229934113175,0.1362002590734242,0.18936318673729044,0.0012213418883413318
proteome,CEACAM5,0.05340736917994493,2.1973392501209427e-4,4.085371510256708e-4,2.243196016178259e-45,1.23545078702346e-44,0.021938283419122406
proteome,CEACAM6,-0.020771833740233458,0.01516633958828291,0.023141947338315635,2.6939068955974727e-20,9.451339216645461e-20,0.009698035220200851
proteome,CEACAM8,0.178537173687929,3.5326996528248814e-64,2.8724095505837963e-63,5.069015046316468e-27,2.0269116329038042e-26,0.04047709231073904
proteome,CEBPA,0.003718198454271198,0.6137788341069248,0.6671529411088392,0.13915895685038313,0.19247567770032417,5.706174650659257e-4
proteome,CEBPB,0.09303320268128874,2.1060242160381055e-32,1.0044909618652336e-31,4.5424086938804316e-7,1.0650032913604e-6,0.017094642009050087
proteome,CELA2A,-0.0985072676902293,5.295335350712091e-15,1.5804789252278726e-14,8.910151795581473e-11,2.4059882600649694e-10,0.011372291711646554
proteome,CELA3A,-0.11186390244267098,4.808792870676979e-18,1.595098453352966e-17,7.878715742984342e-10,2.0589052151988627e-9,0.012163615672580397
proteome,CELSR2,0.09857621037110899,6.698584372685921e-66,5.5548772113267625e-65,2.1447102841479343e-6,4.875623173487566e-6,0.03163226826350374
proteome,CEMIP2,0.006283461793513611,0.35076118079368135,0.40759231159902704,4.891253053615825e-4,9.660059312249387e-4,0.001822794853443721
proteome,CEND1,-0.048538346835582544,2.3508742133421454e-5,4.700138238866933e-5,5.4235918788802295e-8,1.3225952125690385e-7,0.005233808002426565
proteome,CENPF,0.16726407569175544,6.568326788945755e-54,4.5649871183173e-53,0.1635291283219932,0.22037928235083015,0.023786130930907534
proteome,CENPJ,-0.022168740149074977,0.12139128307729706,0.15804690245433994,0.03687206278817176,0.05891053709834339,0.0010732177939650756
proteome,CEP112,0.004156556240083788,0.6513437559148361,0.7026136080988198,0.10948769495227383,0.15689473812748517,6.09447945645436e-4
proteome,CEP152,-0.02145593873888074,0.006970634644489112,0.011136990983723984,0.16538439897381738,0.22246869152284468,0.0012385031749123643
proteome,CEP164,-0.028325617580428005,0.035731918731885116,0.05110312140047656,0.2642129682094635,0.32958874111257436,8.019649518312688e-4
proteome,CEP170,-0.027524083281334228,0.08372632148690386,0.11252170000933351,0.036193360058978524,0.057984861697123115,0.0011551304757286829
proteome,CEP20,0.09531429308530803,1.9738139550624213e-9,4.8909702332998366e-9,0.009277976546613375,0.016207309120026596,0.004689552478658099
proteome,CEP290,0.00810637879739393,0.4415269169226723,0.49896131261993054,0.781751320787528,0.8112094224595784,1.6939152900030674e-4
proteome,CEP350,-0.018710577676524287,0.01000128409123331,0.015695563581887114,0.12191495211845614,0.1719177513206635,0.0012125676661817186
proteome,CEP43,0.10939198845979746,2.0138066011746003e-13,5.774362935981001e-13,0.14104001632243804,0.1945632361272196,0.005706985097556072
proteome,CEP85,0.08765310527186136,2.3006109112644393e-10,5.895946663723353e-10,0.037725220442905674,0.060207719230640604,0.0047520218723487995
proteome,CERT,0.025306131211473567,0.057626001396565714,0.07956967742505928,0.1671530433543756,0.2246407613036015,8.185909699823801e-4
proteome,CES1,0.14386497130241607,3.4806113902595455e-14,1.0180265178524662e-13,2.2356929572055578e-23,8.313360180997482e-23,0.015860574804027916
proteome,CES2,0.18114328611421818,3.1563568077337048e-46,1.923466706007241e-45,1.36821932060641e-24,5.2275290534687314e-24,0.03023088079729952
proteome,CES3,0.1739188780026247,6.58959037502842e-28,2.8496317488456233e-27,4.5178488670238586e-5,9.604953272281604e-5,0.013527789213626185
proteome,CETN2,0.005262999602982891,0.7204195864407368,0.7644146756890261,0.13956019998892139,0.19288533099887462,5.489972728737191e-4
proteome,CETN3,0.02738879763516286,0.08658016292046683,0.11598324716146978,6.470617837545269e-4,0.0012667829287588625,0.001947912389465123
proteome,CFB,-0.08285977163890201,2.004184271695536e-30,9.184009245022401e-30,3.7887915730838745e-13,1.1015420918159192e-12,0.019064048601037498
proteome,CFC1,0.014125552220930383,0.14668386038864048,0.18713732013743076,8.090863859488742e-36,3.7667036053983474e-35,0.01647809899878072
proteome,CFD,0.05859519673534648,7.909018302678628e-45,4.711515188881411e-44,2.352427635435119e-112,2.9220154331213247e-111,0.06827951731722293
proteome,CFH,0.018965353799434422,2.6753414473608086e-4,4.933241746586355e-4,2.990810560878212e-34,1.355617395528494e-33,0.0167336750225896
proteome,CFHR2,-0.048834174884241306,2.4744815011227335e-5,4.943881931401273e-5,2.406188778972628e-10,6.414305977918814e-10,0.006386560221252169
proteome,CFHR4,-0.0712156244476519,1.7433492772420581e-6,3.736297019287495e-6,1.5532694830291353e-9,4.008836092804638e-9,0.006642256596239182
proteome,CFHR5,0.023268423880185768,0.006526036778543237,0.010478273573469586,2.2846305749634595e-7,5.413016759998651e-7,0.004008746725842616
proteome,CFI,-0.05073985847861175,1.0383952756044794e-29,4.6631935530607314e-29,3.199835163175142e-67,2.4974114548952513e-66,0.042326586712214787
proteome,CFP,0.01943933908439478,3.3453590711515835e-5,6.611444230664504e-5,2.4273402533043025e-7,5.741820258829221e-7,0.004766966156031782
proteome,CGA,-1.7253147400092692,0,0,0,0,0.5483906179918052
proteome,CGB3_CGB5_CGB8,-0.2760705603951114,1.7859345161232498e-199,5.374374074808006e-198,6.799548216431475e-57,4.470243523370152e-56,0.10733879313804717
proteome,CGN,-0.011174381302059277,0.15971409571231268,0.2010372770091594,0.14329797507240263,0.19684084199357332,7.266223012539763e-4
proteome,CGREF1,-2.125109937756403e-4,0.9816267489649262,0.9860180592665587,2.0452886251874446e-38,1.0084793069125254e-37,0.01740810037243601
proteome,CHAC2,0.07357646186500864,1.2500956454052595e-8,2.9910075319163545e-8,0.17621504029865567,0.2354103902204924,0.0036800530393842346
proteome,CHAD,-0.1142085137003649,6.804501787599169e-28,2.9338760292469686e-27,2.0798691812230352e-18,7.010552124699815e-18,0.02049214716447645
proteome,CHCHD10,0.26023256414294754,1.0604678213772187e-210,3.517619966591024e-209,6.759452361436159e-183,1.81016893972772e-181,0.15838417751272327
proteome,CHCHD6,0.05684897713147646,8.486696608591167e-22,3.163814482819619e-21,2.0766244530015543e-37,9.986271463445695e-37,0.02583473655550328
proteome,CHEK2,0.0016652869218519955,0.8064467308729447,0.8419234647418189,0.17852577487103324,0.23784424319878872,4.88515155639857e-4
proteome,CHGA,0.014919224486563276,0.40124435975232686,0.4589468205787783,2.5538595210999753e-129,3.882664553172306e-128,0.057350103722684675
proteome,CHGB,-0.010869251592324623,0.225356380864875,0.2754015735971148,6.073993443484083e-119,8.095884411657552e-118,0.052807810480147155
proteome,CHI3L1,0.17711930155899105,8.752494979897267e-25,3.5288028793259844e-24,1.2725148516438445e-177,3.229974653868158e-176,0.08720847076997162
proteome,CHIT1,0.09095981766246923,0.007759087860541861,0.012315811563307065,3.2747434367148664e-88,3.251352412166903e-87,0.04020033702302872
proteome,CHL1,-0.03975892318907071,1.0386286706303586e-8,2.4973287393492723e-8,1.9959824566795416e-12,5.656575525288914e-12,0.008822927001327696
proteome,CHM,-0.007631832743244971,0.5340910580245504,0.5903111693955557,0.2292773059552146,0.2934066006502724,4.7675840984917617e-4
proteome,CHMP1A,0.024317409402317042,0.16372731911709826,0.20538033713055856,0.8350721059261693,0.8558902658702556,2.650814916244082e-4
proteome,CHMP6,0.027380964352988674,0.019376418540759593,0.029079571064512724,0.001620047567747272,0.0030687338418262733,0.0019772218056304247
proteome,CHP1,0.03423957345355226,0.01607353703859032,0.02446228082150425,0.6354007794829912,0.6833953114630993,7.557477074847663e-4
proteome,CHRDL1,-0.11816260028384261,1.1431445430456031e-66,9.644043124711316e-66,0,0,0.22253403465647803
proteome,CHRDL2,0.1189056361272087,1.1641121271048734e-23,4.5550178271033853e-23,2.2386147537792034e-74,1.9332888953495547e-73,0.04315839351950823
proteome,CHRM1,-0.00992376564924143,0.16784378809060874,0.20982270554025134,0.5187352506695082,0.5788181180062288,4.0504038978816936e-4
proteome,CIAPIN1,0.04778004425012781,6.462510398069353e-4,0.0011573047761941377,0.03578861997559171,0.05746258619843356,0.001973099733068251
proteome,CILP,0.2080647525101416,7.264928434172663e-73,6.710862689667723e-72,4.4054109003037005e-102,5.023200944525977e-101,0.07491253202283543
proteome,CINP,-0.02512828790850551,0.004016424291833954,0.006638699041825204,0.6948397385462383,0.736202249298174,9.516340992830052e-4
proteome,CIRBP,0.050950663108150586,0.010098236675247516,0.015839200889332345,0.021257380069912273,0.03543706020792343,0.0015575369376014114
proteome,CIT,0.07686499136912497,1.5100924424847291e-18,5.084152064144088e-18,0.0037038622817690023,0.006774169173235412,0.009119421225348812
proteome,CKAP4,0.009060615204990859,0.1166378635284189,0.15247018523934383,1.1787470759579603e-126,1.7465800582341556e-125,0.05645547691599506
proteome,CKB,-0.12211220935753851,2.191997767084549e-19,7.635371697040332e-19,3.287787164798186e-120,4.463744527463212e-119,0.05991326623239024
proteome,CKMT1A_CKMT1B,-0.026506205227677514,0.08146204937059069,0.10973129769854834,7.055182276024489e-4,0.001379375556846315,0.0019606453894315257
proteome,CLASP1,0.0376295851709766,0.006593816048424745,0.010575466508435072,0.22764347784905867,0.29169943452212566,0.001100390471736934
proteome,CLC,0.11827018536375866,2.0054256024745382e-16,6.308014368128423e-16,2.6721599348007745e-53,1.670243008497529e-52,0.03078930392264223
proteome,CLEC10A,-0.0364577144163341,5.4939749994809486e-6,1.1487760045476282e-5,1.7504995893412393e-26,6.933118454934977e-26,0.013943336251170724
proteome,CLEC11A,0.10495535265291991,1.9390096599784535e-24,7.721649655494006e-24,5.412588151993056e-12,1.517708435702952e-11,0.015834299204502078
proteome,CLEC12A,-0.007951963097421239,0.039596958133166715,0.05616303245418544,1.6512063679194768e-10,4.4259608704838864e-10,0.005115396811962825
proteome,CLEC14A,0.11229684194650412,7.4987097653799365e-62,5.948025490528271e-61,6.240733905347109e-114,7.95489182083328e-113,0.07576429503765303
proteome,CLEC1A,0.08767278202295382,1.2615867405040149e-37,6.671325535382643e-37,2.1663668361701457e-41,1.12121006999657e-40,0.03480477630019385
proteome,CLEC1B,-0.011661824306050042,0.5870775560833037,0.6415871906428916,0.5752238026282734,0.6286328266087345,2.252632388738407e-4
proteome,CLEC2L,0.00916314344946385,0.3138906901504909,0.37020077759566994,0.0824848314088523,0.12278083777788874,7.525725731331034e-4
proteome,CLEC3B,-0.045161138230018105,1.832955825182821e-25,7.535771906631907e-25,1.850179848051054e-9,4.754021499684536e-9,0.015534207799013156
proteome,CLEC4A,-0.0980947503491809,5.834935472774118e-37,3.019889476068733e-36,2.1354345108831155e-11,5.863907184635761e-11,0.02108391083062633
proteome,CLEC4C,-0.1281151931672853,9.418317528009745e-35,4.699498951155631e-34,0.005157288528699866,0.009281211600046184,0.01613319079773612
proteome,CLEC4D,0.1555395454432544,2.088874543667511e-27,8.91436373240565e-27,1.723736288617963e-14,5.208681393867323e-14,0.018479576174432855
proteome,CLEC4G,0.09785958263230246,1.8887514198403785e-38,1.0228692754200492e-37,0.024573652243040145,0.04059450531829891,0.01736078331531854
proteome,CLEC4M,-0.10835253697656824,5.102392349834242e-27,2.1554100244813536e-26,1.1973201486786326e-7,2.8788941630913745e-7,0.014847292533000989
proteome,CLEC5A,-0.13684877057357248,2.4705315729947243e-101,3.2631138740142984e-100,1.38942765505497e-96,1.530467669851116e-95,0.08216715375857508
proteome,CLEC6A,0.021200457975521475,0.03734568736786868,0.0532545488162231,1.814649847168042e-36,8.571137384924781e-36,0.01703194864309887
proteome,CLEC7A,-0.026350400527731264,0.04204537693025612,0.05937612736304674,3.3547929520555294e-45,1.8441884420056667e-44,0.02077932033886465
proteome,CLGN,-0.010015767769219931,0.2614028422233794,0.3143942713020373,7.92248092588882e-7,1.8368325514431665e-6,0.003194746999668596
proteome,CLIC5,-0.014295122259724515,0.026213505761179538,0.03847019774604478,1.7534773467369536e-9,4.513580577711788e-9,0.0047706113990404475
proteome,CLINT1,-0.0021654384924980454,0.8188871475627773,0.8520533467939426,0.18599044246635937,0.24613791105825103,4.8059518904697285e-4
proteome,CLIP2,0.08958484141314874,3.5007801809150624e-4,6.40274269930518e-4,0.04336561292137677,0.06857216907773499,0.0020077719650624104
proteome,CLMP,-0.15629077691423718,1.1957873110690179e-209,3.835717759352158e-208,1.8680999970736774e-206,6.05887099050896e-205,0.16355312988335458
proteome,CLNS1A,0.02767927218971616,3.429433896051756e-5,6.773015928670552e-5,0.21769246798495512,0.2807973106708281,0.0022051768154831564
proteome,CLPP,0.11837664070550606,2.487266914646259e-8,5.8740551163854615e-8,0.060894322366473116,0.0935600900210528,0.003749815711270643
proteome,CLPS,-0.15274454222252054,3.026417013417657e-23,1.1763130841765835e-22,0.036246335518957624,0.05803787897961454,0.01056722089958817
proteome,CLSPN,0.018801307532922366,0.009776084161792127,0.015366930354481001,0.461347202681203,0.5237932651211324,8.811647939122036e-4
proteome,CLSTN1,-0.0716068137999582,1.057880849864373e-10,2.7472902141940437e-10,0.5449095258865002,0.6027248601980651,0.004278994465015784
proteome,CLSTN2,0.03348173116647893,1.279413759812653e-4,2.4329698794092075e-4,9.63965521311003e-53,5.974130269016598e-52,0.025236003370133098
proteome,CLSTN3,-0.003875209181333321,0.535427155353793,0.5910321499998821,2.7386620847804885e-32,1.2112355493142797e-31,0.014686517000586652
proteome,CLTA,0.02966703467789103,0.0024494761329659177,0.004156988855888089,0.006792275552055094,0.012038040277139537,0.002118703107271358
proteome,CLU,-0.06280115395044404,1.323949349470184e-21,4.898109190245206e-21,2.419341971093907e-7,5.727541941300173e-7,0.012403031195754921
proteome,CLUL1,-0.2721742914051117,5.456251364879077e-155,1.1885669950807483e-153,1.5502431396389983e-13,4.5433330568335703e-13,0.07255075608560968
proteome,CMC1,0.01927125029755491,0.30657268905945356,0.36230189447957284,0.15051241258985368,0.20511005245087904,6.162761346768519e-4
proteome,CMIP,0.05345349206716169,0.0018555441550340555,0.003187953730750093,0.09571134294193027,0.1392728863646533,0.001520655341836541
proteome,CNDP1,-0.08916263259690571,1.1086391065319163e-18,3.767307976678305e-18,4.3128793718065114e-5,9.189266340367305e-5,0.01025411367399709
proteome,CNGB3,-0.005346191059532088,0.6254382506286598,0.6781776573495757,0.4317703952133475,0.4967827290610017,2.907919075092469e-4
proteome,CNP,0.12709290583553678,7.191629125312823e-15,2.1377154192248603e-14,0.10687789580333551,0.15345626062466128,0.006456954547982452
proteome,CNPY2,2.8122428435979185e-5,0.9983211728057264,0.9983211728057264,0.42501915222095543,0.4901742020280399,2.749030255695395e-4
proteome,CNPY4,0.028596255671266432,0.0862830134789988,0.11563825360201906,0.09475692888800963,0.13795285557311726,8.961580862711926e-4
proteome,CNST,0.06533833171174022,0.006361793117553623,0.01024838527049615,0.13672367517753212,0.18986508460666807,0.0012377933652963913
proteome,CNTF,-0.004110246307564866,0.5394650502421072,0.594674653193622,0.20949194568847013,0.27214374252988177,4.7286567206161756e-4
proteome,CNTN1,-0.23305862176393188,2.4923127394578303e-291,1.3990501704764244e-289,1.1059870702350867e-17,3.6520093416473056e-17,0.12975755833189606
proteome,CNTN2,-0.11848805947667834,5.584971467987818e-32,2.637950115704926e-31,9.771734518479552e-82,9.026485145392978e-81,0.049473671663674224
proteome,CNTN3,0.2715707828346404,1.0617273284427495e-261,5.4371615293410274e-260,5.5325150129013495e-30,2.3270045133514463e-29,0.12058951905336412
proteome,CNTN4,-0.07770155621739525,1.1073186109818372e-48,6.96608410658617e-48,1.3589828739214855e-51,8.212983455438543e-51,0.0434997779971511
proteome,CNTN5,-0.2808495144319626,1.324994894095885e-230,5.4474085857266036e-229,3.161144747054137e-30,1.3431414143596833e-29,0.11014372117319671
proteome,CNTNAP2,-0.20495154333204646,1.2236046309697684e-108,1.759459072808253e-107,1.3067932015512884e-17,4.300484053357622e-17,0.05396498929957394
proteome,CNTNAP4,0.04487579275367431,0.020411323351298156,0.030538520175519893,0.001966116243196812,0.003697869403280602,0.0020100170888325275
proteome,COCH,0.07281006092623155,4.837325972684602e-14,1.4106048465800554e-13,4.91624802883075e-81,4.498598117917542e-80,0.04182310635260089
proteome,COL15A1,0.12323638247112519,3.3256895783466245e-107,4.712469844268833e-106,1.1854250892842399e-27,4.8260192965421145e-27,0.05856593337467897
proteome,COL18A1,0.047364476081067974,2.6390107947096785e-20,9.486788805120137e-20,8.470281985427102e-217,3.052438656229841e-215,0.1014728275747303
proteome,COL1A1,-0.04321548948475988,7.957472240379724e-15,2.3629564058665732e-14,1.9102684844145687e-9,4.899889021095014e-9,0.010453824151416602
proteome,COL24A1,-0.13541558602755727,5.48094898265448e-32,2.5930129789900205e-31,4.8202429931153634e-4,9.526262218621358e-4,0.015111899072232982
proteome,COL28A1,0.10996999950294228,1.3490713884254994e-12,3.768363045755056e-12,3.824612269307728e-18,1.2802801851042728e-17,0.013202796267366756
proteome,COL2A1,-0.02123124543976605,0.18869148542327055,0.2329908823817795,6.038636821319965e-6,1.3475006917314488e-5,0.0028232039032828338
proteome,COL3A1,0.04086090895837592,1.3556705395457064e-17,4.4413044948753276e-17,0.06616853252671824,0.10056541671725636,0.007991729406116033
proteome,COL4A1,0.0027682088480974892,0.7555792232611969,0.7962222933932974,4.1543394091645133e-14,1.2411992564330823e-13,0.006443235086933785
proteome,COL4A4,0.00645508702163351,0.5430889217032214,0.5979919134106765,0.13720413252818006,0.19026074244644067,5.92719998053437e-4
proteome,COL5A1,-0.08276101908051983,2.8036976760972844e-24,1.1119556408326051e-23,7.255334047422223e-19,2.462595358654124e-18,0.018403916593415226
proteome,COL6A3,0.06142296382079023,6.465725110581833e-15,1.9278295809794047e-14,3.246813714296909e-137,5.5101449023445794e-136,0.06660246346459253
proteome,COL9A1,0.012526934127558523,0.22292464981417087,0.27283733870338145,2.289652209275726e-93,2.4571672054690605e-92,0.04195154167451687
proteome,COL9A2,0.014497350644394405,0.09533117282398575,0.1265446536940493,0.03292404044356861,0.05336217326750514,0.0011725084972998845
proteome,COLEC12,-0.051652483577835424,2.1099365090575716e-18,7.062964071031023e-18,0,0,0.15035263828052758
proteome,COMMD1,-0.00838347799391249,0.5026345150549886,0.5599962402463785,0.0020178676846744244,0.003787881525121958,0.0015035777855264554
proteome,COMMD9,-0.03667213681034954,4.449927636605251e-6,9.358313235771416e-6,0.06070849460624509,0.09341491605462805,0.002750576363375945
proteome,COMP,0.10112861665993438,1.4480726843582608e-40,8.082072974458438e-40,2.2246969449863217e-172,5.195112305932058e-171,0.09071601747910518
proteome,COMT,0.14429620835699103,3.195501593968448e-15,9.608876347754954e-15,0.14722427329849191,0.2015701940704962,0.006539389770964021
proteome,COPB2,0.026295244988111467,0.0018678381513020138,0.003205302506555308,0.323777529625707,0.3908629482950532,0.0012987244873253756
proteome,COPE,-0.007514242471760775,0.46645169421606925,0.5236817290064254,0.7892695109135744,0.8171334201388861,1.5474653717950648e-4
proteome,COQ7,-0.06690708174294852,3.0248180423228435e-14,8.864903479458213e-14,1.759060824096574e-17,5.76932420846955e-17,0.01410515314383931
proteome,CORO1A,-0.11785701632183461,4.351794711010554e-10,1.1045990227338963e-9,0.004810987940214245,0.00869552557119838,0.005140366850688416
proteome,CORO6,0.08512335205363263,2.0025774756859337e-29,8.910859224889085e-29,6.4921433746181766e-6,1.4422688240340415e-5,0.015312275684514431
proteome,COX5B,0.048576067252143175,0.0015241652469809052,0.002640378846253568,0.5543984140691652,0.6108521334485219,0.0011683168841783997
proteome,COX6B1,0.014367464997295508,0.03379412810747968,0.04852191832057707,0.023924531526042032,0.03963434025227962,0.0013687235111008444
proteome,CPA1,0.08835302632536875,9.325806016692354e-11,2.4327102558288636e-10,7.691468183938092e-15,2.3484723461208462e-14,0.010668980324094246
proteome,CPA2,0.015957588691631712,0.2689315456156055,0.32238652223899483,4.915964521228294e-21,1.74570564932669e-20,0.009718276230173295
proteome,CPA4,0.04472407904997668,2.2732738915569415e-7,5.061545758546691e-7,1.693846643882452e-9,4.363934998669795e-9,0.006915636090826016
proteome,CPB1,0.11005588707760341,1.4882867496865307e-16,4.701633141055176e-16,1.2648719969721827e-18,4.278286627070454e-18,0.014858912958114145
proteome,CPB2,-0.014013199731612512,0.00255882878509615,0.004327474637135378,3.76360307813984e-26,1.4865977517036798e-25,0.012918578664198765
proteome,CPE,0.025572499234589006,0.0028442936101097786,0.004777038577623961,1.9975966738000188e-8,4.9331511766685745e-8,0.0046879093653218185
proteome,CPLX2,-0.014569378313588992,0.013539288994824213,0.020810643728418114,0.30716692725239664,0.3739033614052318,9.177481333003668e-4
proteome,CPM,0.1512175406021608,7.046978555040189e-70,6.309855951583531e-69,4.552414477568407e-53,2.833368413650785e-52,0.052795594624624576
proteome,CPOX,0.05547422332851827,6.037110084046523e-24,2.3749763255164152e-23,2.4396802302434855e-4,4.914718144983254e-4,0.011733867788750074
proteome,CPPED1,0.21344706350618425,1.3549399447925884e-46,8.326462523893822e-46,0.08360454490499335,0.12419423235505118,0.020508377227568264
proteome,CPQ,-0.10953207279553169,4.813216461198667e-48,2.989314648987002e-47,7.760314845016345e-8,1.881425168820823e-7,0.024284383734618942
proteome,CPTP,-0.034259078733635526,1.811622289735669e-5,3.672309349818345e-5,0.4145401296077953,0.4797948605571588,0.0020337119624984634
proteome,CPVL,-0.04675052685616977,1.9031568964940267e-7,4.2602108748972885e-7,0.005266297489067661,0.00946571574543627,0.0039505489544313654
proteome,CPXM1,-0.06830133836706348,8.098031304911191e-6,1.6740901826512582e-5,1.1429964810725103e-9,2.9656948695561397e-9,0.006230656321063344
proteome,CPXM2,0.03411304124504274,1.03841017755356e-10,2.7015323603198234e-10,4.478352774615171e-160,9.337365535072632e-159,0.07427326694560821
proteome,CR1,-0.06842422435902526,1.5564250841083752e-19,5.460582716961955e-19,1.2620236886127231e-11,3.488491616534601e-11,0.013319800759293954
proteome,CR2,-0.02239995547147921,0.03086698154350053,0.0446264086802764,7.030491090648329e-52,4.2576770733615084e-51,0.02389128016040154
proteome,CRACR2A,-0.045954549763311626,0.013673542437986665,0.020973762678130885,0.050952748600017646,0.07970582699005976,0.0013530572155324716
proteome,CRADD,0.05878635306495161,4.88575396459098e-4,8.830659952099734e-4,0.022509892029068272,0.037414755961228195,0.002071607042959722
proteome,CREB3,-0.010462030800635432,0.3670405151114706,0.42347480775113944,0.47228078442156574,0.5339452305475754,3.1721696376074693e-4
proteome,CREBZF,-0.004605334044503329,0.3701947155726639,0.42660812268322384,0.11371508405518817,0.16176136956973405,6.521416741701591e-4
proteome,CREG1,0.07942521666241084,4.6976323561411636e-21,1.7226619155246303e-20,6.556436240802594e-27,2.610946437503789e-26,0.020796162891258407
proteome,CRELD1,0.11851108303928885,1.296345047171956e-50,8.465394167102772e-50,1.0819808469829432e-49,6.3292627101066356e-49,0.04401943122547036
proteome,CRELD2,0.07148176609314036,5.039618256853738e-10,1.2769657718538246e-9,2.810932431388703e-12,7.942992998280372e-12,0.009442248947963527
proteome,CRH,-0.04053204914456012,0.035228611555381754,0.050432720515036465,2.776825232174133e-4,5.57849473690041e-4,0.002278952141981372
proteome,CRHBP,0.09160794450100246,3.15471542542991e-48,1.971866022875783e-47,3.98991407342302e-62,2.8475694817412703e-61,0.04798160976168042
proteome,CRHR1,-0.020193282075087044,0.11221587566478688,0.14715100676797527,0.5717257938847342,0.6257471287399847,4.437850360083928e-4
proteome,CRIM1,-0.030530184562007304,2.421886132602406e-12,6.681933479268831e-12,1.335937038810985e-161,2.8054677815030688e-160,0.074593165982484
proteome,CRIP2,0.16237858250652526,8.525286174257052e-89,9.875123151847753e-88,1.12375950193759e-143,1.9880327188823186e-142,0.0979944517310285
proteome,CRISP2,0.7419070472816911,0,0,0.8904419967702356,0.9053292192867703,0.2372216548057925
proteome,CRISP3,0.0049622315227503865,0.3758418548025718,0.43290419016083653,1.8660202744661063e-24,7.083112069137274e-24,0.011218459566413652
proteome,CRKL,0.06921645001695537,0.0034620919162870003,0.005761599945063714,0.2920545747750401,0.3575953455404119,0.0011729437124020636
proteome,CRLF1,0.08620353252939661,1.0041031807497576e-48,6.330404286411539e-48,4.0588038171637123e-63,2.947176204552457e-62,0.04846137287260632
proteome,CRNN,-0.4634961946542464,1.594826048886841e-214,5.413136321744987e-213,5.46358349160484e-5,1.1548298488048174e-4,0.09473568024045231
proteome,CRTAC1,-0.1157882578283404,7.165043868934886e-67,6.115427793397934e-66,2.3117617059689645e-202,7.178757893322773e-201,0.11196858695040057
proteome,CRTAM,-0.12768323592032368,1.0164002829795909e-30,4.701858044401626e-30,4.100702008510156e-82,3.8242649082559567e-81,0.047623947389370036
proteome,CRTAP,0.05829620722921337,8.386231784914676e-11,2.1974336247904795e-10,0.8927959861714283,0.9074065054437324,0.004192767610128101
proteome,CRX,-0.009343946657375007,0.6895026520331634,0.7372374510200747,0.016281663995482632,0.027631498373728955,0.001027135234351384
proteome,CRYBB1,0.03842102950176354,0.004696437993877469,0.0076929868148868305,0.011345334263214314,0.019607478220439657,0.0018744608681494634
proteome,CRYBB2,-0.06411450686652125,2.0026583660110558e-6,4.2700947921010025e-6,1.8381965053644397e-70,1.5243453406701135e-69,0.03328364743337675
proteome,CRYGD,-0.11020644297193012,3.265900407736993e-8,7.66331454194878e-8,0.638425658889934,0.6861430406110888,0.0031656827605901494
proteome,CRYM,0.025307639845797026,0.07985851981863258,0.1077204340806786,0.030605373424163973,0.04990898604756125,0.0011458379845998845
proteome,CRYZL1,0.05184953869315245,0.006085503083710049,0.009814134531132394,0.22784107694484756,0.291824529882409,0.0011413070148532656
proteome,CSDE1,0.06802170770494519,0.0024054847284452983,0.004084706179366972,0.08833312868095508,0.12996189648170758,0.001507367417379779
proteome,CSF1,-0.026772758592208776,8.961815438115856e-6,1.8461213312533654e-5,1.2967458250792404e-59,8.948465870936885e-59,0.028420932872140647
proteome,CSF1R,-0.11936715470331477,2.1220007356489314e-45,1.274510318386673e-44,8.209877893744447e-12,2.2823460544609562e-11,0.02462423086957255
proteome,CSF2,-0.08689925230210728,1.2651307399972536e-33,6.238034848060783e-33,1.60560802230289e-14,4.8617944160810535e-14,0.020938638013657473
proteome,CSF2RA,0.04609780244266207,5.952582875454886e-4,0.0010694264593688186,1.4441920196008418e-11,3.9807332438289493e-11,0.006379902588862119
proteome,CSF2RB,-0.07244581381912928,8.009509011992198e-17,2.544043178020155e-16,0.8216781659300948,0.8439403822483977,0.006972806701173284
proteome,CSF3,-0.13507352484904767,4.7682559229070124e-35,2.3997481101664775e-34,7.852639439519406e-7,1.8220870050840338e-6,0.018154213007084308
proteome,CSF3R,-0.03581905263824087,1.1574531366248588e-9,2.9000907345991095e-9,0.002360945870238895,0.004409213688565153,0.00484249431588657
proteome,CSH1,-0.01493593248055488,0.021795423541496477,0.03237701848225354,0.20064092124385693,0.26227982494886626,9.483065914016597e-4
proteome,CSNK1D,0.01595581882970044,0.208083467798115,0.25583885697225367,0.00843804225843672,0.014810971348392534,0.0012738937253170546
proteome,CSNK2A1,-0.015999052554337242,0.08451752506539524,0.11353274535935974,0.0035527449249975447,0.006510020361624503,0.0016327711680367285
proteome,CSPG4,-0.06184876703452998,4.762376147883353e-19,1.6412486393945107e-18,9.656684613286693e-200,2.936235665227485e-198,0.09302118728947684
proteome,CSPG5,-0.04813213066749398,2.5740773761136e-6,5.460560945403778e-6,0.07140901313938984,0.10761120772012335,0.002769377164192899
proteome,CSRP3,0.2072947217857424,2.542710367352099e-26,1.0542857332813603e-25,3.871978580756067e-43,2.0549646322230836e-42,0.03069084079788842
proteome,CST3,0.12968826815989243,2.959995815868855e-93,3.615158069674137e-92,8.174124074018448e-233,3.313926135008312e-231,0.13473327383993627
proteome,CST5,0.0683822566639129,2.365262649188195e-8,5.590446698769506e-8,8.97295962838158e-92,9.421607609800659e-91,0.043988439883311914
proteome,CST6,0.27544892624463635,1.990737585408299e-155,4.469971547543711e-154,5.006578438981271e-58,3.3518812989418184e-57,0.08981785472390702
proteome,CST7,0.05734771696368733,0.005974642218475866,0.009652159413252372,0.015536493142010353,0.02639756896480106,0.0018370620828298545
proteome,CSTB,0.03369754387215756,2.66192301498556e-4,4.920933046702248e-4,1.6091664673073808e-72,1.3694335038105669e-71,0.0339564093382827
proteome,CTAG1A_CTAG1B,-0.004896487185216209,0.6245378325411737,0.6774529666249297,0.4066709085677006,0.47162192376206524,3.1266803323948267e-4
proteome,CTBS,0.08389125828993094,7.044702768854832e-49,4.47032334397549e-48,4.533329689912465e-10,1.1921431860229265e-9,0.025505180237425096
proteome,CTF1,0.02745077812148549,0.12751545478261087,0.16506324279842177,0.04959675623177429,0.07766788167411436,9.691536323652716e-4
proteome,CTHRC1,0.21429413773578534,1.037998073570179e-258,5.135451486019242e-257,1.2556392247670526e-221,4.760014152071463e-220,0.18820154779516707
proteome,CTLA4,-4.751581575103029e-4,0.939042944093477,0.950109654699778,0.0053846781828399025,0.009642868475895508,0.0012478352553533245
proteome,CTNNA1,-0.012935382052742328,0.05502579051661435,0.07641493601896625,0.4124108553303709,0.4777092407576797,6.242763641371996e-4
proteome,CTRB1,-0.05233242931789686,2.239829827429278e-5,4.489530634425881e-5,1.590500868689019e-5,3.485489516293729e-5,0.004312189638346009
proteome,CTRC,-0.17049694207913033,1.77030159972507e-33,8.684891377474756e-33,0.013878019108486515,0.02370388401268118,0.015639781718559953
proteome,CTRL,0.027140199681606712,0.05502713104209217,0.07641493601896625,0.3731624267072704,0.43957268908737784,6.67148783774496e-4
proteome,CTSB,-0.05550218666171043,4.169607348417656e-6,8.7751145277802e-6,6.857034902590098e-33,3.060502275330351e-32,0.01678518067959689
proteome,CTSC,0.1353506643425267,2.801050655780367e-48,1.7545637047688608e-47,1.619522391299054e-46,9.126227529347372e-46,0.041084394713497896
proteome,CTSD,0.12313391817522264,2.472403341665214e-45,1.481918963926234e-44,3.01932961907162e-97,3.3639019687290304e-96,0.06160490791659634
proteome,CTSE,0.0413305775780913,7.528800828721973e-5,1.4496417954511505e-4,1.1860969703995793e-24,4.543591937790514e-24,0.012602117186501283
proteome,CTSF,-0.1261764466851417,1.0673278891546032e-45,6.463755411705989e-45,4.863994360692372e-90,4.964335503098264e-89,0.058114586880128605
proteome,CTSH,0.17922941669988493,2.859070102852156e-28,1.2474776726794385e-27,6.786964137225542e-12,1.8939912348529025e-11,0.01746056951753472
proteome,CTSL,0.0756838207684081,2.385976068262671e-46,1.460097304666402e-45,9.835541051977854e-91,1.0109135327719492e-89,0.05953840073324368
proteome,CTSO,0.06435652306650005,2.301952208382903e-20,8.295553699098387e-20,5.068326142859177e-36,2.370904488943259e-35,0.024731642022644662
proteome,CTSS,0.021180123801015124,1.744909756872324e-6,3.736897711159438e-6,1.26751797406944e-60,8.893954245934364e-60,0.029645545192204303
proteome,CTSV,-0.02698870982201534,0.0034007724601527946,0.005662780839239023,8.168049752671458e-236,3.4554401779779684e-234,0.10252019625757502
proteome,CTSZ,0.07616058809221549,1.2798117846252917e-26,5.359785651823854e-26,8.126561054402026e-80,7.366904260186185e-79,0.04666999184572007
proteome,CUZD1,0.019950331677587068,0.007346791210829929,0.011686803021478237,0.2883512715427572,0.35365435362744047,0.001103464894527284
proteome,CWC15,0.08531574217735434,8.327467217836523e-15,2.4678047521690166e-14,1.2102446434029935e-7,2.907575402545957e-7,0.00934159400113077
proteome,CX3CL1,-0.07401489563940447,2.6372698154936703e-25,1.0781779539812357e-24,7.4886124175010355e-47,4.252774250327923e-46,0.030900476959793144
proteome,CXADR,0.09739224537306337,1.1321207100105917e-18,3.842628316884787e-18,2.836664664738652e-16,9.029688283939068e-16,0.014830809493739383
proteome,CXCL1,-0.09092530664985507,2.240920224172151e-5,4.489530634425881e-5,0.6670637043023351,0.7103826898425816,0.0019487909981290574
proteome,CXCL10,-0.06145216180587958,4.8836084716214795e-5,9.554459201516822e-5,8.393970952437654e-153,1.6119737638266782e-151,0.06842368015657496
proteome,CXCL11,-0.19135205161408275,3.163413876271486e-28,1.3782097171397713e-27,8.860780033173005e-27,3.5189954988887077e-26,0.023389869556270093
proteome,CXCL12,-0.058637034371371896,1.0105083756206676e-11,2.726131190791801e-11,2.1365641486714067e-8,5.271877218911104e-8,0.007966471667786967
proteome,CXCL13,-0.025052015515822937,0.06624949032553912,0.09049382064884968,7.343910313703164e-28,2.9981642245733615e-27,0.012838669415685455
proteome,CXCL14,0.133722441987928,3.324035476784693e-23,1.2868514000974163e-22,9.53897274453875e-194,2.7568575684463974e-192,0.09277782017847591
proteome,CXCL16,-0.060838226964473496,8.065709730582076e-31,3.749013806300809e-30,9.081794898782751e-55,5.813543708233959e-54,0.037189540237865026
proteome,CXCL17,0.02322276879547734,0.03591868376256589,0.05134507243042597,0,0,0.18768658107508962
proteome,CXCL3,-0.08660328165767656,2.560403393037973e-5,5.10506660128268e-5,0.6628839570613918,0.7069148853317467,0.0019065978543406636
proteome,CXCL5,-0.4616268829541399,7.929477912924604e-74,7.371384085295197e-73,8.118899030254718e-5,1.6940004481282004e-4,0.033976215664567655
proteome,CXCL6,-0.004365409865340641,0.7961622480271984,0.8329740508929719,1.5524942580139636e-4,3.164616437948855e-4,0.001993751244783848
proteome,CXCL8,0.03310209767000603,0.021239888826225038,0.03168075395184,4.0767078182024466e-56,2.6503140582033276e-55,0.025821252640868764
proteome,CXCL9,-0.08161446623550722,1.678251658855183e-8,3.9957720980410106e-8,1.3440540675156028e-306,1.0898038397439013e-304,0.1320376991320703
proteome,CYB5A,0.0023588281956154087,0.8666349230095787,0.8916839408759112,0.475417314846738,0.5368445423743243,2.4703661495129037e-4
proteome,CYB5R2,0.0947253049097736,2.907315933563813e-17,9.40848692912724e-17,2.1708485510676183e-23,8.082534337457114e-23,0.017519083721843187
proteome,CYP24A1,-0.03026915699072966,0.07733945101248099,0.1046125382323596,0.6609834855012908,0.7057098735107052,4.639722140702407e-4
proteome,CYTH3,-0.0191776442171478,0.1771345333838193,0.22021111709853855,0.766074256623591,0.7983755956687631,2.9149554153418133e-4
proteome,CYTL1,0.15908746059590215,2.6697677695805636e-223,1.0531151512710357e-221,2.938707473003383e-4,5.887499734864018e-4,0.09813254403835792
proteome,DAAM1,-0.0028192549726241346,0.8684128463008707,0.8931984137957159,0.22429899637063416,0.2881728742983632,4.355717622360755e-4
proteome,DAB2,0.08009326584686988,0.0012756441127676037,0.00222570541851084,0.3983156962326806,0.46340514838708435,0.0012846748554794507
proteome,DAG1,0.07682675178642509,3.976568721123655e-13,1.1335550875937451e-12,2.5694792373981665e-8,6.313392166637414e-8,0.008887105116983318
proteome,DAND5,-0.021052881888186034,0.05598287114111146,0.07755766533502817,0.6241252011703282,0.6725069997106636,5.164063156388732e-4
proteome,DAPK2,0.04003765013087435,4.834765536844033e-5,9.465245205934093e-5,0.010800424899465578,0.01872116406267222,0.0026694776566952294
proteome,DAPP1,0.053021700076404964,0.04478110852791945,0.0629653447943145,0.39269370948072346,0.45887627621066124,6.659031792881631e-4
proteome,DARS1,0.08990796883078453,3.1126874220483594e-8,7.327366600773516e-8,0.1359797185948185,0.18929922427519294,0.0034549395060418098
proteome,DBH,-0.2139881817806684,3.2113135420061225e-21,1.1820711512125942e-20,0.10365463208694921,0.14949005487243316,0.00961539229703956
proteome,DBI,0.028274481448674695,0.10752262610051022,0.1413140682518637,0.001545302341066633,0.002938591227083714,0.0017619645257015426
proteome,DBN1,-0.009132579513691305,0.3822121941702712,0.4390702065261793,0.04974637500725648,0.07786041214272477,8.419026194659285e-4
proteome,DBNL,0.07436200181584815,3.545773102006199e-4,6.476915947907443e-4,0.3591084764355671,0.4250760919365046,0.0015435283176380432
proteome,DCBLD2,-0.0801104210633607,4.317591668883187e-26,1.7851345724461788e-25,3.6047437836033984e-180,9.479501895800288e-179,0.0870906148761551
proteome,DCC,-0.021815999998454114,1.9822170223040878e-6,4.229599041012889e-6,1.6386205989122312e-37,7.89295961753268e-37,0.019415234438493467
proteome,DCDC2C,0.0027857740275825916,0.8208977486047663,0.8533477664449121,0.8054666804481881,0.8302108899111091,1.0286669188608322e-4
proteome,DCLRE1C,-0.004478638247569325,0.4670551538634605,0.524157629422315,0.6101579725325688,0.6592792912423877,2.3197220560011722e-4
proteome,DCN,0.04881568494565662,5.370767249474964e-24,2.1185499461104622e-23,2.2129571567403443e-295,1.5755175464695279e-293,0.13430448510640336
proteome,DCTD,-0.004001024874265474,0.835483999726202,0.8648148209931857,0.3692237164207042,0.43528434096608865,3.1708590647916424e-4
proteome,DCTN1,0.10532539387597341,1.324397798761293e-12,3.702985799410167e-12,0.18033554922368975,0.23970831884515043,0.00533638857906138
proteome,DCTN2,0.05752717215158289,0.004201157696053282,0.0069283498953556675,0.7196441298416477,0.7591764419977484,9.195245197587409e-4
proteome,DCTN6,0.025497281101330205,0.09133260423574024,0.12179071346008487,0.17609940203273214,0.2354103902204924,7.586511229931148e-4
proteome,DCTPP1,4.871762051864093e-4,0.94373267618173,0.9541931699946207,8.563608400929257e-119,1.1362351328323864e-117,0.0526847812607566
proteome,DCUN1D1,-0.018732695315207205,0.18730846917357932,0.23147900995667994,0.8843957184483396,0.9001224205546386,2.3657794491893647e-4
proteome,DCUN1D2,-0.020440005977057245,0.19047671489765924,0.23499642045066244,0.5251625542944076,0.584203314018817,3.86354986164017e-4
proteome,DCXR,0.3976773827423456,1.407643303770589e-221,5.406461583824143e-220,3.6422342728549514e-9,9.269121048355363e-9,0.09737162509729269
proteome,DDA1,0.003843184477890781,0.6235324194495,0.6767739686704062,0.25580392851364236,0.32134942271036265,4.2072175038654347e-4
proteome,DDAH1,0.030118716122280488,0.001852537053398442,0.003184661754340431,1.8835122227926636e-38,9.302829404960719e-38,0.018374846898869146
proteome,DDC,-0.03950169082224697,2.0563886252904652e-4,3.84221326739081e-4,3.98718255062522e-24,1.5056385336707655e-23,0.012421552061623209
proteome,DDHD2,0.08542327854328621,1.1379559918935847e-9,2.8536886085372627e-9,0.11108440991115816,0.15879304237545086,0.004138809345363259
proteome,DDI2,0.24601405237988377,1.750089443756864e-56,1.2835454990769562e-55,2.1261756272024246e-4,4.3069442441387077e-4,0.026242010901585733
proteome,DDR1,0.07073567926044871,1.9477742775058913e-44,1.1509216834088456e-43,2.151867084386858e-36,1.0147495992447882e-35,0.035598853310819356
proteome,DDT,0.1545628034848686,1.1058953493205922e-76,1.0832578941834927e-75,0.48133031624770095,0.5428914965714989,0.03353755012321813
proteome,DDX1,-0.015510768090513771,0.128046898865459,0.16560429676042307,9.944717772430524e-5,2.0616925552361293e-4,0.002302043963893885
proteome,DDX25,-0.03590204549315046,3.48222646664157e-6,7.344377930727415e-6,0.17863019088506674,0.23787478430360848,0.002630365843445781
proteome,DDX39A,-1.490549504575664e-4,0.9724778602766619,0.9778377106949969,0.9403737679026364,0.9475150253737644,3.9442817311607925e-5
proteome,DDX4,-0.01528580767431677,0.14416778127577337,0.18424945426619196,0.30529234900955476,0.3722424255467378,5.915468722418327e-4
proteome,DDX53,-0.00507779169641336,0.4749552157368946,0.5317968065730706,0.4601628758359173,0.5230589698462004,3.016603929053563e-4
proteome,DDX58,0.04861217215891525,4.2374434867455384e-5,8.315457752025461e-5,0.02940056525219056,0.04805165171956565,0.0024929992436135695
proteome,DECR1,0.0420419996242217,0.04782344563875052,0.06695282389425072,0.003370667718415775,0.0061958306486496525,0.001679560306136585
proteome,DEFA1_DEFA1B,0.06037113834478523,1.0805346524805938e-8,2.5959511527496738e-8,1.4188073522276685e-24,5.40665621560387e-24,0.014668447644751392
proteome,DEFB103A_DEFB103B,0.03157031959347687,1.4217871103570738e-4,2.6948098449615496e-4,0.011091980420094114,0.019192347863814296,0.0025161600728371702
proteome,DEFB104A_DEFB104B,0.3392547025012461,6.333009109931075e-200,1.9256305824884176e-198,0.007347415951182078,0.012966812068621816,0.08676808174196227
proteome,DEFB116,-0.05854331668067841,1.902492944085904e-4,3.5644267675139624e-4,0.10035972933208978,0.1453846401589926,0.001987676515523007
proteome,DEFB118,-0.0010244989319969113,0.9295456708617248,0.9427869504997813,0.7541977522075892,0.7879395986735694,1.1888620649880277e-4
proteome,DEFB4A_DEFB4B,1.1202619891074626,7.386071894328399e-248,3.3169144399299377e-246,2.114768885398202e-12,5.981599202012937e-12,0.11039470031970522
proteome,DENND2B,-0.02723138636834441,0.007845556529683773,0.012432779321469562,0.3981150915168473,0.4633564402462828,9.662792560520828e-4
proteome,DENR,0.023014834015287214,0.046214695599755176,0.06482493822954606,0.6728012637131617,0.7151882333498613,5.357566513939371e-4
proteome,DFFA,0.002407124310347243,0.8713594730827199,0.8955979936367814,0.1307021891111828,0.18254530622753237,5.568205181101238e-4
proteome,DGCR6,0.009112945478851062,0.2906717049499996,0.34490679136140195,0.015975226963324096,0.02712721786267774,0.0011409508205292296
proteome,DGKA,0.022303978570317833,0.04171198837560501,0.05896237000890606,0.4330744696152743,0.49803480065758376,6.596864770925803e-4
proteome,DGKZ,0.021337933784385095,0.003263046222127237,0.005445873025951632,0.22578329772816136,0.2896973389312101,0.0012339359917097337
proteome,DHODH,-0.012388496658763355,0.16747419435321423,0.2094503741718219,0.2630211199676057,0.3283674074562209,5.946842321357115e-4
proteome,DHPS,0.05184130743173632,2.1125538123717222e-10,5.423522056563815e-10,0.0017257294733621302,0.003262567573020763,0.005452373999911164
proteome,DHRS4L2,0.012742131230646355,0.19901741498538245,0.24491224044786314,0.11056229455685959,0.15813367469225892,7.395921502904024e-4
proteome,DIABLO,-0.08134796234185149,6.993298362510184e-4,0.0012462416312678404,0.042692187280903536,0.06754389955173844,0.0020167734689272576
proteome,DIPK1C,-0.022075807738342775,0.007788456070328868,0.012348996887175428,0.5945034560399526,0.6462380732592151,9.060973415961904e-4
proteome,DIPK2B,-0.17660086145721016,3.767135286758845e-210,1.235535719331356e-208,6.663632592516694e-44,3.575577856168425e-43,0.10610365549630152
proteome,DKK1,-0.01872052793459646,0.15824368415423434,0.19970311891319067,3.855317723022249e-15,1.1984741675720922e-14,0.007069190561169281
proteome,DKK3,-3.6879710337092177e-4,0.9552873152945138,0.9635396245144042,6.893510688726767e-169,1.5478582846456487e-167,0.07399909074885636
proteome,DKK4,0.04868415257184518,5.643459650153532e-7,1.2311852555155578e-6,1.1888446065502459e-86,1.152902792863843e-85,0.04117232634117329
proteome,DKKL1,-0.3072745934081542,5.769424195672269e-57,4.28522881098406e-56,1.873573093087159e-45,1.0377532938750318e-44,0.04393664810932618
proteome,DLG4,0.031672117445765285,0.027411268104046742,0.04004679259044667,0.031741188950767815,0.05161700866144359,0.0013047877373396632
proteome,DLGAP5,-0.01685609055248618,0.11238142140132379,0.14730191696024436,0.06462348928984378,0.09850442048932324,9.352741633333883e-4
proteome,DLK1,0.028451419264120405,0.022064455369531877,0.03274333768361136,5.0736651441449713e-129,7.673589925263819e-128,0.05758515367043082
proteome,DLL1,0.07536729119813756,3.1814964062142154e-32,1.5100468308519178e-31,1.8088434884462676e-115,2.3362894437055998e-114,0.06448064009819876
proteome,DLL4,0.05203783376767573,0.0018395142004062532,0.0031641378615119937,0.8882049558264735,0.9033694306820474,0.0010098528574082888
proteome,DMD,0.0566236739348638,1.4095620163712108e-7,3.1772289774421346e-7,5.822909578475947e-16,1.8455019608655036e-15,0.010098535477686688
proteome,DMP1,-0.2188860298412864,5.625108033545101e-69,4.96063152565503e-68,0.10442179013083544,0.1504477815359865,0.030852850796227127
proteome,DNAJA1,-0.023667002066906744,0.010324691817984137,0.016159665102785898,0.30553978885314587,0.3723885777295753,9.630813981015285e-4
proteome,DNAJA2,0.09890571534947706,6.88183496066954e-8,1.5879902174066712e-7,0.3935553390718922,0.45933148130781826,0.0031035388615178183
proteome,DNAJA4,0.1399645748801701,3.8698822950885853e-22,1.4613436506291824e-21,0.15280359885478992,0.20784422416455348,0.009902387931129852
proteome,DNAJB1,0.23489344898365905,1.4231017667381039e-33,7.005116453808643e-33,0.39954536773024774,0.4645951533267141,0.014508409648635312
proteome,DNAJB14,-0.018470111446606187,0.15866820615397254,0.1999794878080509,0.7926607480137821,0.8187461866426858,3.0817630865820345e-4
proteome,DNAJB2,0.13533196513028267,1.5474816736629269e-35,7.855824357255797e-35,0.10661006397861467,0.15319011617001901,0.01565776201476743
proteome,DNAJB6,0.04852119824727829,0.004625352013530142,0.0075850575997160035,0.11685244490500743,0.16543200300966956,0.0013197320922870848
proteome,DNAJB8,-0.02675044992291534,0.026205264195673927,0.03847019774604478,0.0909046544520876,0.1330078628298966,0.001159240828539354
proteome,DNAJC21,0.01942400228640459,0.0107004767420104,0.016676290234878995,0.37758535771662904,0.4438870959222071,9.088051247848616e-4
proteome,DNAJC6,0.11062167945156423,2.092342684692463e-10,5.381099820808194e-10,0.008151961002696887,0.014343323789555282,0.005107766229148547
proteome,DNAJC9,0.19320444477360815,2.2305244022599334e-34,1.1091824071885428e-33,0.008688536076428426,0.015232334418675423,0.01592113771984882
proteome,DNER,0.07114033847540327,7.135606649565821e-33,3.442782778526055e-32,6.734143142901895e-23,2.491376911803629e-22,0.02327996190263848
proteome,DNLZ,-0.10210437573145269,7.138042772146306e-9,1.7305603697587264e-8,0.04951881491625698,0.07758745074640587,0.004067776355779595
proteome,DNM1,-0.08648249974917178,2.3732847220632062e-4,4.402670159989274e-4,0.23809823215140266,0.30310019173569314,0.0017815829479036482
proteome,DNM3,-0.00908445924807546,0.4274020831664953,0.485631249810432,1.1447485158687462e-26,4.5401099426914e-26,0.012160493531824024
proteome,DNMBP,0.03006256680116533,0.026869554148965167,0.03933411663030558,3.059055255712034e-5,6.570553562489645e-5,0.002834300966601422
proteome,DNPEP,0.06570308029657297,4.088772745658697e-8,9.555746713032614e-8,9.609575784308707e-35,4.389726402879047e-34,0.01865900259584652
proteome,DNPH1,0.14414158567857843,1.6103586800800712e-37,8.454383070420373e-37,0.529123934042152,0.5881617530346693,0.01626957691730646
proteome,DOC2B,-0.008672278154008341,0.22624205471377062,0.276202659016937,0.5242977494078667,0.5839088632283719,3.5874365446508794e-4
proteome,DOCK9,-0.009707925747609116,0.6785018844383212,0.7265396187364122,0.1096205626470243,0.1570080580798155,6.166534559479686e-4
proteome,DOK1,0.046415327530034765,0.10190835572018729,0.13466296529978575,0.13599194015247673,0.18929922427519294,7.800940820401614e-4
proteome,DOK2,0.11046344847429909,4.595261455649425e-5,9.002394757745418e-5,0.10664005346265112,0.15319011617001901,0.0021670096091550572
proteome,DPEP1,0.22270214827275525,8.169241400419266e-92,9.813175163713513e-91,1.400045252112204e-4,2.863862712624754e-4,0.04140936671942874
proteome,DPEP2,-0.07284039869293286,1.3166193797873565e-37,6.9372057212983646e-37,0.004822527832040495,0.008710989320375126,0.017305032129196984
proteome,DPP10,-0.12802440841025933,4.483057745744489e-61,3.5367690702238276e-60,6.3132068896005615e-6,1.4045922950262224e-5,0.029254035128998268
proteome,DPP4,-0.060076114632294474,1.4565176250206507e-19,5.116215339873983e-19,3.2223176690970946e-30,1.3671432087346538e-29,0.022262622939706933
proteome,DPP6,-0.1641455270438163,3.385079425273186e-100,4.450922001068662e-99,4.193087332505069e-25,1.6276092983487096e-24,0.05382917644043439
proteome,DPP7,0.15241094937904331,1.3006707855470395e-30,6.007370289575646e-30,0.005866651008132673,0.010473855836537782,0.014181157672056743
proteome,DPT,-0.0013075017611499434,0.8341557606743394,0.8640527556452791,2.22957e-319,2.033786e-317,0.13513867611627028
proteome,DPY30,0.08319940506650374,1.519530989070004e-10,3.9217603511010984e-10,5.727317572463382e-26,2.2561457481809194e-25,0.01580676827339944
proteome,DRAXIN,-0.12061355340226267,8.77261105806536e-38,4.655863941544144e-37,2.3272433476666548e-51,1.39491238846796e-50,0.03814784200853483
proteome,DRG2,0.0535947338411014,2.112870172680616e-5,4.250494854620757e-5,0.3609898885102999,0.42695684139447543,0.00204201824732686
proteome,DSC2,-0.01079006166194001,0.13645977415588617,0.1753195777997499,1.2010519769388874e-169,2.7177292408407845e-168,0.07439411077505309
proteome,DSCAM,-0.014006070042606778,0.05649897832644984,0.07819844368653725,9.521979840721609e-8,2.2932887091638926e-7,0.003858758082956437
proteome,DSG2,-0.15818451026148803,3.6066876763014015e-155,7.975697975093782e-154,2.2493907581426142e-8,5.5455841410627454e-8,0.06956206024934619
proteome,DSG3,0.24631380462520613,1.2720097811905004e-222,4.950662068393428e-221,5.699020087605724e-30,2.3935884367944043e-29,0.1057813440463029
proteome,DSG4,-0.06624517433372916,4.079947248501992e-9,1.0033164295178868e-8,1.8508413685641893e-53,1.164354731646308e-52,0.027655045537407497
proteome,DTD1,-0.054406958439003825,0.002187452465266529,0.003729657561981892,0.014092691791454354,0.02405647212821945,0.0020320788844669924
proteome,DTNB,0.17343183033096105,2.778973921870086e-78,2.7685409139722803e-77,8.073787369572131e-124,1.1552639868520124e-122,0.08607402464994196
proteome,DTX2,-0.09009645855185736,1.8124312533858117e-12,5.028979875126601e-12,0.13856314511943993,0.19187183140590378,0.005442635044419442
proteome,DTX3,0.07396870769138675,3.2417969171691294e-49,2.075176579214186e-48,0,0,0.1599890847679829
proteome,DTYMK,0.1629497893423558,2.0030517905775344e-30,9.184009245022401e-30,0.013867086184734312,0.023699077618992658,0.013730007113494702
proteome,DUOX2,-0.004922547394270102,0.7434998486401205,0.7846261960160924,0.3774739765774371,0.4438870959222071,3.137409636430055e-4
proteome,DUSP13,0.14502942921557976,4.304490648854524e-63,3.451870385716032e-62,0.009797099127148491,0.01707327304605758,0.02825204555256755
proteome,DUSP29,0.15272927685847223,1.2705180063539e-29,5.679390598081216e-29,4.054345050294205e-17,1.3164219356850705e-16,0.02053515107893955
proteome,DUSP3,-0.04670420576228958,0.011351540551871795,0.017615708065344907,0.6028701278770463,0.6527366110063421,8.387126469272532e-4
proteome,DUT,0.2138646436108247,7.719992330045037e-23,2.961190224888497e-22,0.18558277982476576,0.24589928929118984,0.01002486936584257
proteome,DXO,0.05041457706962897,7.163032841511029e-8,1.6476668923853974e-7,0.5766449220953891,0.629714376205178,0.0029855370176932183
proteome,DYNC1H1,-0.013747897151735402,0.15373247929439546,0.19476784160605048,0.6518356509256538,0.6984978946593184,3.503747205685359e-4
proteome,DYNLT1,0.0055465381409410585,0.7298036882118044,0.7740577646406327,0.06183867077763089,0.09480413865541207,7.328038120445468e-4
proteome,DYNLT3,-0.007628216311641397,0.4037512024536273,0.46145252935087633,0.2798548288426525,0.3451275286853347,4.5898813068434574e-4
proteome,EBAG9,0.04180758046160357,0.04766305872784522,0.06676030154826305,0.5373315516874709,0.5955420268174294,5.834586410997655e-4
proteome,EBI3_IL27,-0.060513282279381964,1.803278221698659e-18,6.050309343837225e-18,3.3385290849706614e-121,4.6405554281092195e-120,0.05976002033138461
proteome,ECE1,0.005808604088906944,0.42777608759006314,0.48586708158575653,0.0011476799405035567,0.002215659885138811,0.001634310674285433
proteome,ECHDC3,0.18235235015765028,5.468719594766469e-31,2.5541107995397317e-30,2.299516098576176e-5,4.9794417594539004e-5,0.014917680857043147
proteome,ECHS1,0.15408636381237906,7.0223612130538925e-15,2.0895282753215403e-14,0.05232436988326202,0.08150204679255169,0.0065153492811461655
proteome,ECI2,0.020696766539118117,0.09677764028701025,0.1283479927295697,0.19541860659299465,0.2561996296260732,7.190183261059913e-4
proteome,ECM1,-0.015781734281281462,0.031923725287191944,0.04601745882138928,5.6074676565186735e-6,1.2523487444053564e-5,0.0032082265952847466
proteome,ECSCR,0.017241554747495086,0.07242202580684348,0.09846292190506573,0.1460986962200654,0.20040511948607656,8.674461786994936e-4
proteome,EDA2R,0.006421503938683851,0.44084092361592697,0.4983790302226533,0,0,0.34695592308537226
proteome,EDAR,-0.07642417281017554,1.606244032357173e-4,3.024920213193928e-4,0.03511358352439533,0.05653422521109209,0.002310651011860121
proteome,EDDM3B,1.4307505446755295,0,0,0.14703171303321433,0.20140101846267133,0.6390217367313061
proteome,EDEM2,-0.0214260782918964,0.0037139539881035316,0.006145709575552272,0.4877458125115165,0.5492785596917888,0.0010681979256795815
proteome,EDF1,-0.013586120502590756,0.32340832312844425,0.3801968969842645,0.8045471578368906,0.8295560415845581,1.8635782985265692e-4
proteome,EDIL3,-0.05662426696222819,3.3428723654039763e-12,9.170906423509591e-12,3.719037985362988e-88,3.6799565692456146e-87,0.04353886728936984
proteome,EDN1,-0.008016014889574534,0.17764571766109868,0.22065865951180727,1.7743740093676515e-154,3.45293182222945e-153,0.06802770030663419
proteome,EDNRB,-9.366835288553707e-4,0.9131155362307397,0.9309759868171601,0.12911593669062055,0.18084904952011582,5.591052861376733e-4
proteome,EEF1D,0.03535024116835121,0.06591215346960952,0.09011596064533499,0.082772300837134,0.1230832125031045,9.89568594761736e-4
proteome,EFCAB14,0.038904541726002335,1.5189842719361328e-12,4.23487592147237e-12,3.480739404219902e-149,6.555018271559931e-148,0.07041781584295803
proteome,EFCAB2,0.01195972164191697,0.08850498972221152,0.1183987465623902,0.46116200931869256,0.5237867335413476,5.234665495644775e-4
proteome,EFEMP1,-0.11186020246088632,4.669498755489656e-59,3.577497865426327e-58,0,0,0.17791292584325136
proteome,EFHD1,0.09411183959829379,1.1342124291883886e-38,6.165299964247498e-38,6.059702689281065e-199,1.8049257295930027e-197,0.10109658813590527
proteome,EFNA1,-0.038372121011463145,9.253369453387849e-11,2.415973652454305e-10,3.6205682295139598e-99,4.0647841007504805e-98,0.047552104172966736
proteome,EFNA4,0.035928161500929555,1.6423392452160547e-8,3.913459801457685e-8,1.1361965023694699e-150,2.153608824945768e-149,0.0694473129493407
proteome,EFNB2,0.035544323922906136,0.0023079839206661926,0.0039237070846969225,0.03908288806685861,0.062204443984274965,0.0017779103337867141
proteome,EGF,-0.002908469454907612,0.8984009702681837,0.9181103785897137,0.8551741298344046,0.8746507655874657,7.742836258106678e-5
proteome,EGFL7,0.10561900724737089,6.105096208478913e-34,3.0153597009390775e-33,1.0698062368903767e-96,1.1828653051072006e-95,0.056726415492954985
proteome,EGFLAM,-0.07225729198053767,9.529054726617431e-31,4.41512868999941e-30,7.774334246777503e-24,2.913129867309824e-23,0.02323275116118273
proteome,EGFR,-0.039423812116815685,6.776456652471531e-28,2.926106060438521e-27,2.6290227452244633e-84,2.516104063380396e-83,0.04979873317438799
proteome,EGLN1,0.11231949064870385,2.6332185907684364e-25,1.0780315661224497e-24,1.5743960304256353e-12,4.487951184387138e-12,0.01645194562393404
proteome,EHBP1,0.016912617027610495,0.2862186370100761,0.34031454233499475,0.030063872712344297,0.04908078548508557,9.758334165133054e-4
proteome,EHD3,0.058591812071332156,0.013640324204551817,0.020944821858541164,0.0029835596459724676,0.005508545608218616,0.00191987448833153
proteome,EIF1AX,0.07888502987758751,1.3916242876560344e-13,4.0021195031211476e-13,0.34948927838955135,0.4163915116812655,0.005715912056371786
proteome,EIF2AK2,0.0503658955715658,0.025690701999593248,0.03774786891070366,0.06884336507776177,0.10412113091294643,0.0011557226205735072
proteome,EIF2AK3,-0.04629365494664183,8.415580704725333e-4,0.0014860907487654715,0.042257220541464025,0.06696461821961644,0.0019028896889395908
proteome,EIF2S2,0.040532636006944144,5.498492412607179e-7,1.2013547419461344e-6,0.011788970862432548,0.02033806498075686,0.0034700103949240058
proteome,EIF4B,0.10051103330184637,1.804034617212128e-15,5.485392757960627e-15,0.26534128056284095,0.3306571983998752,0.006514714271398603
proteome,EIF4E,0.0738617132252446,6.096507149952189e-5,1.1840122668470019e-4,0.13962545543015487,0.19288533099887462,0.0020923191127121266
proteome,EIF4EBP1,0.2092682271589138,1.8516261526542733e-50,1.2064501650888e-49,0.03352114848445815,0.05420954705048938,0.02279883063349264
proteome,EIF4G1,0.06855872272446994,0.00223137946074661,0.003802333126631264,0.2664144057961284,0.3316262901999569,0.0013003905089719048
proteome,EIF4G3,-0.01822926808423259,0.1931400354762028,0.2381815646620346,0.14913534325222713,0.20380433846125984,6.916604640220259e-4
proteome,EIF5,-8.756034831448566e-4,0.9224056859310511,0.9388082975009547,0.5200680377151996,0.5798666891262004,2.249514327601343e-4
proteome,EIF5A,0.02578612779284688,3.529673941673496e-5,6.966273316933695e-5,0.652699343497128,0.6989102654688616,0.0018741691803579874
proteome,ELAC1,0.07099827066451828,6.488959963366268e-5,1.257720725967207e-4,0.07869489100175708,0.11761924569079822,0.0021664300419164118
proteome,ELAVL4,0.00644870323880377,0.7021401563910425,0.7485562879859216,0.1062921677255853,0.15284080669506575,6.199163100827354e-4
proteome,ELN,-0.17742898814582436,1.1706536409182905e-129,1.9983263028306957e-128,0,0,0.4489047072747737
proteome,ELOA,0.1386774116921043,4.1455522486398767e-38,2.232632290365277e-37,0.005181238187915992,0.009318567018192718,0.017776409322904918
proteome,ELOB,0.02363173568772382,0.002772751019829341,0.004667624121615828,0.2598576292415408,0.3252677614734381,0.001299195561639821
proteome,ENAH,0.023357160341117834,0.023688770924069107,0.03504689423586301,4.420906168144856e-35,2.0354298272578605e-34,0.016477236951090046
proteome,ENDOU,0.5231491265408621,0,0,2.5710250838577006e-25,1.0019789345501505e-24,0.21294412367292914
proteome,ENG,0.013751984853772393,3.0271198292367257e-4,5.567840442055452e-4,0.06704198236998818,0.10181870267325467,0.001906312700566959
proteome,ENO1,-0.0010481653821740199,0.9520882473340109,0.9613094410127907,0.0038311955201522398,0.006990604505546653,0.0013213388596713393
proteome,ENO2,0.039143083815210436,0.007319351336938784,0.011649501937036157,0.07927697105514744,0.11842859698565782,0.0013463571257936735
proteome,ENO3,0.3896386821460088,7.597878335905006e-210,2.4642452069451897e-208,1.61253628174429e-11,4.4405598173694174e-11,0.09320862967276056
proteome,ENOPH1,-0.014405703312572406,0.18415356647584738,0.2279727391993639,0.39761919606092166,0.4631486166407942,4.63384849992754e-4
proteome,ENOX2,0.005240099206388926,0.34119811769891606,0.3979054357024115,0.9215220068509123,0.932059160775403,1.4006901152663342e-4
proteome,ENPEP,-0.01862956850908804,0.031743853341307034,0.045780784537191324,0.36541989393700197,0.4318464252640116,7.971815229628199e-4
proteome,ENPP2,-0.43629783424776875,0,0,1.4825499133810748e-15,4.643308151458538e-15,0.3479079655279099
proteome,ENPP5,0.2904247619111294,9.277949523959065e-190,2.6814192733105458e-188,5.76813779038817e-62,4.096640927042109e-61,0.10443998235234986
proteome,ENPP6,-0.17019621196822907,1.0749261486677472e-103,1.4526432536857196e-102,1.7908527266119367e-12,5.0851158647667734e-12,0.05171080869478484
proteome,ENPP7,0.038675425174751955,0.038414717185794894,0.05461887942783015,2.517135557177474e-21,9.026435738821925e-21,0.010086900867698478
proteome,ENSA,-1.8273310829823553e-4,0.9867136717618845,0.9901056060065111,0.8064821767540095,0.8309641630585788,9.646490132775298e-5
proteome,ENTPD2,0.06863298154570499,1.2094516475543465e-13,3.485083276615141e-13,1.5396659553878004e-6,3.522166868163785e-6,0.008009999880775331
proteome,ENTPD5,-0.07462081315042474,3.6740658563061982e-59,2.8222626933046824e-58,1.0119820207187468e-8,2.5247654004085658e-8,0.029270564188327852
proteome,ENTPD6,0.003067498503539514,0.602285048128036,0.6564862044382885,1.7233643453451644e-35,7.997616095488926e-35,0.01614126460435117
proteome,ENTR1,0.12278722374776126,5.471784535185206e-24,2.1554843533340912e-23,1.4137429586409874e-6,3.2442733461266057e-6,0.012818133322690217
proteome,EP300,-0.0010251404232284737,0.8558568859860588,0.8815265526440741,0.13491972460687635,0.1880757765651729,5.505279941343533e-4
proteome,EPB41L5,-0.009218730037299222,0.4535884569639196,0.5102214666195303,0.4677736654689604,0.5294421595594786,2.954818376178503e-4
proteome,EPCAM,-0.3452146513215959,9.410341309720568e-58,7.072030057986667e-57,2.011854587910313e-5,4.3825399567986596e-5,0.027949395119744147
proteome,EPGN,-0.008737077998914723,0.3993049280241374,0.4569075205419275,6.774152214808612e-4,0.001325318385725626,0.001750638517734382
proteome,EPHA1,0.26894227847888147,2.018710395793479e-264,1.052252793807351e-262,7.423717788404356e-61,5.22164631912104e-60,0.1358897485948669
proteome,EPHA10,-0.02519253415576202,0.0677795743882328,0.09249582872335277,0.396761339738264,0.46251851066133887,6.066988632696946e-4
proteome,EPHA2,0.013589503669513295,0.0310564616176487,0.0448781244860973,5.2951823005349755e-256,2.5761061892102656e-254,0.11045321575182165
proteome,EPHA4,-0.03513824491464503,7.152814576503549e-10,1.8045864951438081e-9,1.3688891237632287e-4,2.8020949174367916e-4,0.005561097745333865
proteome,EPHB4,0.04378742884593516,7.033427140634503e-17,2.243778559946679e-16,6.837764003739935e-52,4.149570296656314e-51,0.03067789799674514
proteome,EPHB6,-0.09148065596682903,6.753791882187221e-43,3.9271550804989036e-42,3.1637693072760256e-22,1.1558251073765605e-21,0.027260814006563994
proteome,EPHX2,0.07050579525093235,7.639657955368061e-8,1.750405146916748e-7,0.14293326367637724,0.19652482179526387,0.003284834391570346
proteome,EPN1,-0.0023464019902282524,0.7823618586077778,0.8214799515381668,0.7141824772501852,0.7542325076314367,1.4292683586714094e-4
proteome,EPO,-0.08373172529260836,8.059292070555508e-7,1.7516808305250582e-6,0.0010295751898684764,0.0019955710353426843,0.003806974123240048
proteome,EPPK1,0.058741762762693744,7.432762264667536e-5,1.433040492111264e-4,4.1351906142080044e-8,1.0109398159860273e-7,0.005241112866151032
proteome,EPS8L2,0.061289225159815636,2.855724329017168e-19,9.911842231154712e-19,4.792249183265561e-89,4.7906080020384153e-88,0.0470270566682065
proteome,ERBB2,0.1468689129272159,1.3124610683738438e-150,2.7364813275594646e-149,4.525437147599521e-25,1.7542830058224437e-24,0.07441821494376577
proteome,ERBB3,-0.13093466713793442,1.5853849821561694e-203,4.923126343525381e-202,1.3662647778744226e-21,4.9236134402659746e-21,0.09801023715454671
proteome,ERBB4,-0.08199996082851689,1.9897952918114464e-52,1.3413885581518733e-51,2.928528239622754e-52,1.7921119353163143e-51,0.045277920817555994
proteome,ERBIN,0.03906288286657733,0.09001500972120753,0.12025346149940722,0.021060214436802033,0.03518899162196612,0.0012174545553993443
proteome,ERC2,-0.0417436722654028,0.004805806583479121,0.007858907236512915,0.6586298099374663,0.7037117185971685,9.286204660393649e-4
proteome,ERCC1,-0.006195071800048714,0.3295492514690447,0.3863270140715428,0.008121195733194806,0.014297810823399058,0.0012408396966624435
proteome,EREG,0.03833083662703972,0.030265487366761604,0.043778472558759725,0.2659303725229521,0.33116499888843737,8.342406528771829e-4
proteome,ERI1,0.09264354474599855,1.4037796300926582e-45,8.466183347604276e-45,0.0054675745757507615,0.009779319967289505,0.020521349186217064
proteome,ERMAP,0.21015651763394472,2.5969075601758576e-116,4.0321133873156e-115,7.926032679302375e-13,2.2861748409964065e-12,0.05661670225364801
proteome,ERN1,-0.10573159195370704,7.401031507976184e-41,4.170581268683877e-40,0.015365198074352984,0.02612173161271774,0.01873396175062092
proteome,ERP29,-0.023861588705415028,0.3243580677205311,0.3811599032513004,0.22621162290518684,0.29011938807567683,5.355146227984386e-4
proteome,ERP44,0.03733378477096058,8.997838177628928e-11,2.3532800383065066e-10,9.846145171249984e-12,2.7294299862183006e-11,0.009356036740339801
proteome,ERVV_1,-0.02578049844530042,0.005300104177015824,0.00862374810072976,0.09381611042120311,0.13679687117788736,0.0014163324822067391
proteome,ESAM,0.08673041701479665,1.4838806293507825e-35,7.546075883405808e-35,2.1918444552373625e-52,1.344116379167618e-51,0.038674814382733014
proteome,ESM1,-0.04640375071531974,3.683735677861391e-9,9.074113454580084e-9,8.795659763749992e-65,6.65143286279436e-64,0.03204931171051417
proteome,ESPL1,-0.0379274111415227,6.952693952375045e-4,0.0012397625929739008,0.4895830303072084,0.5511349269058007,0.0013675626921789696
proteome,ESR1,0.0036734404798622507,0.7413675427178394,0.7826588995274407,0.9127329614082627,0.9254142113062588,6.102664886942222e-5
proteome,ESYT2,0.08105646087454432,3.4051413601339535e-6,7.1921907599356084e-6,0.9272784800844398,0.9365833506458408,0.002174937709237379
proteome,EVI2B,-0.012905171871582783,0.10882249777432103,0.14289377912876433,9.630318335925856e-4,0.0018678338353865498,0.0018721024417196475
proteome,EVI5,0.026988022047413743,0.1353898904801184,0.17424675535390077,0.13294193887690736,0.18558045444559632,7.451488726877287e-4
proteome,EVPL,-0.006149954713322274,0.3560312769504619,0.4128944367971388,0.6681092602958107,0.7110203661958897,2.334781778108308e-4
proteome,EXOSC10,-0.03991290129250915,5.042053732387594e-4,9.101889205219164e-4,0.8793124747270411,0.8958859035700639,0.0012819735394119514
proteome,EXTL1,0.02527728984445666,0.005976466947040518,0.009652159413252372,0.027873474194500446,0.0457607824374279,0.001575355341059792
proteome,EZR,0.004132517059622724,0.44331425705219285,0.5005935459711223,5.964250517863574e-21,2.110260274138639e-20,0.009577591541812924
proteome,F10,-0.012523932592301062,0.028992344566617093,0.04216674329345057,6.579741261060952e-15,2.0259772933583248e-14,0.0073736219844553474
proteome,F11,-0.1180440350558698,1.3474261981617706e-72,1.2329583299166799e-71,7.587353490130638e-14,2.2439194364428908e-13,0.038378385626141154
proteome,F11R,0.04534643966732779,3.271835857824702e-4,6.002821413570274e-4,0.06167530180529286,0.09460336624784545,0.001979958114009528
proteome,F12,-0.07800260136995281,1.9879752811434211e-19,6.941267757963692e-19,0.004091752757568255,0.007446275747719288,0.009588579889711402
proteome,F13B,-0.03032290210488207,6.404937516854562e-9,1.5554087031363118e-8,5.070552164088607e-55,3.252954234499922e-54,0.02813729747281901
proteome,F2,-0.023812941497316487,3.1963751057451393e-15,9.608876347754954e-15,3.221574632708927e-5,6.914541435939234e-5,0.00876119627894656
proteome,F2R,0.004055828013093073,0.7498640426935734,0.7910564295708495,3.3374487597165423e-4,6.677185010015482e-4,0.001843773614903732
proteome,F3,-0.0163964054102961,0.005857218056364052,0.009482650863298208,1.277023329575898e-226,4.904777761884271e-225,0.09850261783961423
proteome,F7,-0.10907801415753057,1.112590861039747e-55,8.018895613271658e-55,5.603932687923294e-31,2.4091133307876427e-30,0.0378287807772294
proteome,F9,0.04197281368819106,3.9056078487190103e-23,1.5099959351537473e-22,2.284153050372161e-44,1.2324293445538518e-43,0.029436517292561026
proteome,FABP1,0.32622269240028073,7.183301088608575e-51,4.7225351075784755e-50,1.8244361629256813e-83,1.729067908954566e-82,0.05813419968040001
proteome,FABP2,0.06014866088504004,5.85353852241955e-4,0.0010527713460839598,2.3135121273891496e-35,1.0702285102771676e-34,0.017149099656993738
proteome,FABP3,0.2669193232267405,4.2599193845234285e-134,7.490785953869812e-133,2.4776093146683644e-289,1.7219384736945133e-287,0.17009482813486754
proteome,FABP4,-0.49388059560442016,4.867927601529244e-270,2.6313853090488635e-268,5.990857378930863e-108,7.196424974937937e-107,0.15213273361595936
proteome,FABP5,0.03334319628787081,0.030139437497279917,0.04366105114370227,0.020635356302872367,0.034518398308357845,0.0014215833776295428
proteome,FABP6,-0.03531177400479212,0.0031158558183395075,0.005221115461385203,3.355006758473382e-30,1.4213736905636867e-29,0.014481443406136107
proteome,FABP9,0.13458025609944996,7.927081308955191e-27,3.3293741497611803e-26,4.83609566641653e-64,3.601164094456595e-63,0.03902422399489647
proteome,FADD,0.01850392904011899,0.26708399725284665,0.3203032818328099,0.39626202419250134,0.46212099425405967,4.0624210083317625e-4
proteome,FAM13A,0.02054851461971529,0.14869373276590753,0.18920532081241676,2.7823750042896506e-4,5.585799613150956e-4,0.0020488622408513235
proteome,FAM171A2,-0.077627231964211,0.017299547552020244,0.026178008970630943,0.0018257494113570823,0.0034449660838728655,0.00198769778561092
proteome,FAM171B,-0.03642874233169287,8.325138816706273e-11,2.1833854632493812e-10,0.4269921897718666,0.49225521403794575,0.004354470240782171
proteome,FAM172A,-0.04292328391377325,5.674690092377231e-4,0.0010218643047285093,0.15083956930959655,0.20545996398260025,0.0017612800342250434
proteome,FAM20A,0.04417080763565789,7.304839941268002e-13,2.0641653231908322e-12,2.3989806135425458e-113,3.0183725909184017e-112,0.054997262828896276
proteome,FAM3B,0.052494268728303775,1.4496528701021997e-11,3.892858075279044e-11,6.166987311720118e-69,5.000398878586395e-68,0.03544230164171658
proteome,FAM3C,0.08840466770830947,3.7655110122578586e-45,2.2477559600778507e-44,6.001076564974183e-186,1.637116120856041e-184,0.0984817492175345
proteome,FAM3D,0.03590206016817665,0.03836461222805773,0.05457422178055581,1.13567473596668e-37,5.506701917419831e-37,0.017589726718972964
proteome,FAP,0.048665646449286414,3.627968498333032e-15,1.0861579535009355e-14,4.093258710975683e-24,1.5436979557284264e-23,0.016701385031385407
proteome,FARSA,0.06418282305523287,2.4190874180761107e-6,5.135502671537576e-6,0.4388442542396864,0.50337199250608,0.002443529462400229
proteome,FAS,0.0992368309096059,5.260237465472122e-41,2.9699483871785545e-40,7.099681473387952e-180,1.850354484001735e-178,0.09401014185767964
proteome,FASLG,-0.21909947686544626,3.7765540074886704e-144,7.448487262067181e-143,2.1253444344347458e-57,1.4131846023041055e-56,0.08637150993553644
proteome,FBLN2,0.07580711103208779,4.643656958041875e-31,2.1722491443147808e-30,9.422497416056678e-132,1.5112236240367828e-130,0.07055969721027022
proteome,FBN2,-0.049377416325974734,5.2779876937815906e-5,1.0305315102440443e-4,0.3435854857596198,0.41053050877295544,0.0019096505024358557
proteome,FBP1,0.09518676187078584,8.246212099192203e-9,1.9944747590634664e-8,4.130543943712643e-54,2.6210995155863487e-53,0.027401722345857027
proteome,FCAMR,-0.2730107878350513,1.9874634774663785e-66,1.667070658254126e-65,9.719551183489213e-90,9.851170105765629e-89,0.06590062066967328
proteome,FCAR,0.02023934384632496,0.05359205014280629,0.07456396299659274,5.347858687331917e-8,1.305217350194136e-7,0.0040479473359441576
proteome,FCER1A,-0.021908817366675142,5.357775114776878e-6,1.1219042725992615e-5,0.0017130746347396347,0.0032407419694134762,0.003474402866957216
proteome,FCER2,-0.024497613067076117,0.027911742988667446,0.04073718889196014,4.911326637077626e-34,2.208961857261878e-33,0.01587186808781116
proteome,FCGR2A,-0.09071765224025442,3.643339716806759e-12,9.976462132606874e-12,1.6145867719472886e-7,3.8441915067815134e-7,0.008033932663381926
proteome,FCGR2B,0.0785487659704189,6.394696297055052e-10,1.616114155073913e-9,0.8876081121071882,0.9030770579438419,0.0037904076213306492
proteome,FCGR3B,-0.16511325747709496,2.7938328736931145e-51,1.8450674566312672e-50,6.39526579794778e-5,1.3468817362344567e-4,0.02392366252057443
proteome,FCN1,-0.08071207783620932,2.2204374249234865e-12,6.1377432228708875e-12,6.639957239083487e-7,1.545616840580917e-6,0.007803102437612286
proteome,FCN2,0.010262643666431141,0.2638013281336442,0.3166266763248797,7.695924246886896e-5,1.6103514606926773e-4,0.002210528187621019
proteome,FCRL1,-0.17124298168369254,1.049940540293846e-65,8.657560556829764e-65,0.02761117568537852,0.04535566788160939,0.029672219516408194
proteome,FCRL2,-7.967362480091147e-4,0.9405863770801098,0.951341522763978,2.0169622297501612e-46,1.1343955199693104e-45,0.02098798098977206
proteome,FCRL3,-0.06274346667833543,5.144506431376935e-8,1.1946550734438563e-7,9.492015279842949e-23,3.4983829042754503e-22,0.013064877661547514
proteome,FCRL5,0.34205658383122217,7.271704212672061e-150,1.4947960983654752e-148,1.4734787671593545e-16,4.731666140085979e-16,0.07260730634736756
proteome,FCRL6,-0.17219353254870262,4.4856568687891416e-30,2.0331727329185567e-29,4.322582385670143e-44,2.32368655318069e-43,0.031379821567056765
proteome,FCRLB,0.1976131649719413,1.291301660691633e-48,8.106042037761025e-48,6.188863736238612e-45,3.3516314000149363e-44,0.04141968248852157
proteome,FDX1,-0.004384869574625125,0.7118149118779549,0.7569354199532788,1.4009442511068223e-8,3.480303207643246e-8,0.0038835382301670718
proteome,FDX2,0.0247787818856003,0.027204192665881977,0.03978408737059594,0.02197089801968381,0.036563883306417924,0.0014780262747258188
proteome,FEN1,0.11233860908974198,3.880438660999954e-20,1.3898160063139714e-19,0.328139197703084,0.3953109030521263,0.00872518698024416
proteome,FES,0.02752505869368961,0.006579573280082507,0.01055842463142432,3.2007233001901304e-16,1.0177463304199336e-15,0.008097004286204634
proteome,FETUB,-0.16656472039005893,2.4365926759140683e-111,3.5921282934308914e-110,1.886211382739809e-14,5.6819928031140384e-14,0.05438828641563531
proteome,FGA,-0.09855972219622353,3.261153589423991e-52,2.188346512075547e-51,1.1971705006637968e-131,1.9095850772883184e-130,0.07802519495562188
proteome,FGD3,0.030343351302212287,0.06794042281123837,0.09267200662897421,0.11790830940109004,0.16650912198441306,8.737117600421396e-4
proteome,FGF12,-0.03369343759120735,1.3022840398379574e-4,2.4732381992758604e-4,0.1761971777391907,0.2354103902204924,0.0018544475207644684
proteome,FGF16,-8.718048089058664e-4,0.9298676363442515,0.9427869504997813,0.06997684871597537,0.10567119575888882,6.961997874455061e-4
proteome,FGF19,-0.09161388155385942,1.171057692809644e-7,2.649858453729729e-7,1.2796554457420468e-16,4.118317801676995e-16,0.010271569114111534
proteome,FGF2,0.035200748286892694,0.01722156580615041,0.026073522089291,4.525698863950577e-6,1.0169757493357765e-5,0.0032375871880208074
proteome,FGF20,-0.0019323034025557244,0.8287688713964284,0.8599986973360022,0.47411580522154095,0.5355820570594729,2.48978656234744e-4
proteome,FGF21,0.31086694881700067,6.061451155134604e-29,2.676758838402104e-28,4.080954952013258e-28,1.673076896759368e-27,0.024414551581078303
proteome,FGF23,-0.19666027874909495,2.6484864195517896e-57,1.9772204242127045e-56,8.79850402202233e-18,2.918503777304907e-17,0.031605992469539324
proteome,FGF3,-0.009831822443291123,0.10682184248195672,0.1404562874796539,0.06857743876844946,0.10377270283312803,9.477714838772577e-4
proteome,FGF5,-0.11030135037093611,2.9255760879510846e-53,2.0093544942892272e-52,4.884036078594811e-279,2.970104440295469e-277,0.13626829517885408
proteome,FGF6,-0.012345104279264496,0.1232024595875922,0.1599057267835401,0.5047558937107453,0.5650601015988799,4.720956265491516e-4
proteome,FGF7,-0.04496479167047594,0.003870307887042418,0.006400809474377801,0.9901510982179982,0.9911697721873584,8.363152306204436e-4
proteome,FGF9,-0.008585933385628037,0.2919002089231028,0.34608314778494603,4.23612257445505e-5,9.032316869857042e-5,0.0023731988323599795
proteome,FGFBP1,-0.148081264989785,7.661095379078618e-93,9.2938512109903e-92,6.243795783239875e-11,1.69225997133493e-10,0.046213141681118675
proteome,FGFBP2,-0.05263051226015778,4.163929542872309e-7,9.166297387363703e-7,2.258431799057638e-20,7.933047438567083e-20,0.011736105329980262
proteome,FGFBP3,-0.0441614459076936,5.209433691830705e-9,1.2724968156028307e-8,3.416041808960568e-93,3.652537011119376e-92,0.04447557667896629
proteome,FGFR2,0.10977982557582172,2.9640179024198555e-114,4.5298263126510775e-113,2.2158802442976687e-125,3.2340772165524477e-124,0.10049077852906507
proteome,FGFR4,-0.09819460320906408,8.107730067193939e-20,2.8721436973469787e-19,0.7307091998349997,0.7680735161391301,0.00830816188078154
proteome,FGL1,-0.4270552475427368,7.844026648399494e-219,2.758640215262424e-217,1.6348389641961233e-59,1.122845867409055e-58,0.11432065561755722
proteome,FGR,0.08547882772312583,6.476546358703061e-13,1.8318836066913016e-12,0.390892022913345,0.45732016628619404,0.005439464350575407
proteome,FH,-0.061979585328232334,2.2665447099021858e-4,4.211358375687129e-4,0.6616470490693235,0.7061600498110987,0.0014715578964650256
proteome,FHIP2A,-0.0079343624823879,0.3811782994347268,0.43822743444268125,0.4294495453047096,0.4948927053866748,3.524829102026228e-4
proteome,FHIT,0.055687914402540964,5.953470354485543e-4,0.0010694264593688186,0.14660941728815263,0.20091684932587678,0.0016427243249311774
proteome,FIS1,0.03703712833304869,0.029911609923498304,0.043374063272077275,6.422328111608516e-5,1.3516060387732702e-4,0.002583009277493664
proteome,FKBP14,-0.012835789877771547,0.53171823038434185,0.5883569046595504,0.15845660675652612,0.21463333416348016,5.543929659194147e-4
proteome,FKBP1B,0.09006300992775969,2.1506653948949315e-4,4.01136887392863e-4,0.007766022391899804,0.013680760025320173,0.002450912802377081
proteome,FKBP4,0.05134656619451213,1.5134131571096103e-7,3.406054746031575e-7,0.19872964343774174,0.2600142667838495,0.003197763297464462
proteome,FKBP5,0.054388680751818234,0.009073528895446655,0.01430882271518573,4.63147338960964e-5,9.839352856092093e-5,0.002887015851219421
proteome,FKBP7,-0.0027093443425616464,0.7953411710175954,0.8327820468736217,0.9132722167020733,0.9256394446365804,5.804657451069506e-5
proteome,FKBPL,0.0664053277592763,5.514608956801698e-8,1.2775510749923935e-7,0.07356656759447254,0.11080537193408944,0.003525956167762412
proteome,FLI1,0.14149043650078288,5.308312949666958e-9,1.2955656772640343e-8,0.35313670446534007,0.4200513611794326,0.0035933899581154227
proteome,FLRT2,-0.06263199702607332,1.4275775902935838e-24,5.739805765932467e-24,5.084567474974626e-29,2.111216566066989e-28,0.022655100793860572
proteome,FLT1,0.04639163145818743,4.290904335924264e-22,1.6182364026567089e-21,1.8910671957774622e-22,6.9434278546847945e-22,0.01963622619630223
proteome,FLT3,-0.03804718326472348,9.588011220585625e-9,2.3110986583723733e-8,1.03833281005108e-31,4.516979839849631e-31,0.01761591074627089
proteome,FLT3LG,-0.09460856341324181,2.9346825910171974e-35,1.4846340525440553e-34,9.531892867702201e-187,2.6248674793228987e-185,0.093791341053716
proteome,FLT4,-0.017578236567210217,0.020814390292989298,0.031093759091727614,4.305923923588846e-4,8.532920524749384e-4,0.002316062718830336
proteome,FMNL1,0.10996816451361807,1.4951053389092659e-18,5.039506332882387e-18,0.780603573064149,0.8108832134427939,0.007782294264379486
proteome,FMR1,0.008069780310139224,0.27475826127979364,0.3284272582619646,0.8262367483376554,0.8480256921229311,2.0150317721867594e-4
proteome,FN1,0.05421809540223103,1.757759028097949e-22,6.689567930922964e-22,9.047096460832648e-25,3.474799285417171e-24,0.020303112272474166
proteome,FNDC1,0.029116264787123036,0.0032199584022372498,0.005380113666932188,1.1440208561475362e-42,6.027792200531874e-42,0.02029216363649733
proteome,FNTA,0.04114268562513547,8.604124948015364e-9,2.0773730953893173e-8,3.6365634310118913e-4,7.245821607592977e-4,0.005036472344560616
proteome,FOLH1,0.0634455778213906,0.0020686163399578693,0.0035396798288510967,0.03666169030791807,0.058638615895239915,0.0017220726145977805
proteome,FOLR1,-0.1485132928170443,3.659152103688359e-130,6.282979406274306e-129,1.8169429124450256e-152,3.4664420662921764e-151,0.11436790151221876
proteome,FOLR2,-0.1668716130174598,3.0754027588279372e-142,5.90598727172286e-141,7.165126560865354e-42,3.734822219851066e-41,0.07690286703152827
proteome,FOLR3,-0.11140894674873052,0.0071355298144190945,0.011369329436839158,0.6227634236908594,0.6712874570729759,9.229214496203619e-4
proteome,FOS,0.02310836603541803,0.001194872283930576,0.0020872724098105035,6.779398878414592e-5,1.4236737644670642e-4,0.00326806729089979
proteome,FOSB,0.023061998863769997,0.0059191674190645195,0.009577632869317813,0.8777176678071665,0.8945732794445249,8.263270475884488e-4
proteome,FOXJ3,-0.0018700749166613605,0.8215411911662648,0.8534777542674756,0.5991323651862758,0.6498949736078554,1.8943353027989218e-4
proteome,FOXO1,0.04880705844258294,0.008469426905184112,0.013392338643679535,2.2345085277159836e-5,4.84946497576428e-5,0.00300469256799496
proteome,FOXO3,0.11226632189023295,4.6588613928963003e-8,1.0861993934396406e-7,2.767456446144402e-4,5.563502318385337e-4,0.004689044631341788
proteome,FRMD4B,-0.016764746646095615,0.25925170910134065,0.3121929615787184,3.897518223233639e-4,7.755184521894337e-4,0.0019220019542393052
proteome,FRMD7,-0.021386015936219204,0.0013850705353824445,0.002407993384622606,0.25679138482656316,0.3222523763273355,0.001440072107013135
proteome,FRZB,0.10050561163415751,1.675586958907569e-67,1.4470527612577498e-66,2.9683044064154994e-34,1.3475086411083737e-33,0.04440892769338467
proteome,FSHB,-1.4715692000036855,0,0,0,0,0.6171996591890739
proteome,FST,-0.1173304860003321,3.365540500723781e-25,1.3739877932325477e-24,6.906713436364056e-69,5.58468047666113e-68,0.040611566269952104
proteome,FSTL1,-0.0025956789675475015,0.5685524262339497,0.6234427243339216,7.179502323281062e-39,3.5580589612321594e-38,0.01761397236538076
proteome,FSTL3,-0.02115310263775308,0.0029124343312602555,0.004885859662614187,5.0412969999486385e-285,3.27012132063335e-283,0.12200281519798739
proteome,FTCD,0.3192538185982122,6.626649449447795e-66,5.510880268643338e-65,9.419717304403562e-12,2.616189801289629e-11,0.033309102455385986
proteome,FUCA1,0.1181734096720865,2.09477519643018e-10,5.382613378855367e-10,0.017045129675796068,0.028826612701998103,0.00490037744791072
proteome,FUOM,0.22267730161506635,1.302212207689206e-61,1.0301239659199979e-60,5.12153665665013e-36,2.3919624801218767e-35,0.041939910704113736
proteome,FURIN,-0.028972959083856543,4.422171057698122e-4,8.017588395913552e-4,5.11675231504112e-62,3.6428780506353725e-61,0.02901801431073825
proteome,FUS,0.0692677805028313,6.20246330569027e-17,1.983021948445772e-16,0.006533848180566643,0.011601157444692234,0.008175738815228928
proteome,FUT1,0.028831344369685617,0.02481623390795046,0.036585144837023936,0.05899328214880215,0.09101707216108017,0.0012344748178271248
proteome,FUT3_FUT5,0.17358686788449817,6.872983485851843e-61,5.407611535094752e-60,1.493588320733849e-130,2.3566401666065433e-129,0.0817703930004483
proteome,FUT8,-0.01389995138720134,0.28216867369172394,0.33659597813900377,0.40579537990427283,0.4707936064946631,3.953730450796389e-4
proteome,FXN,0.04701221411971403,0.004503696667707032,0.0073980250833071606,0.7925719710435775,0.8187461866426858,8.799017136618126e-4
proteome,FXYD5,-0.009899473470621614,0.4870302999912838,0.5437792736497479,0.5425587100402199,0.6008076155566775,2.681721885887667e-4
proteome,FYB1,0.05350012535422219,0.009138502232826723,0.01440350324925551,0.263121399808188,0.3283674074562209,0.0010241989017276687
proteome,FZD10,-0.030520451342207693,0.01037465870851572,0.01622916868711543,0.5785231027049567,0.6310318974774275,8.463805315414019e-4
proteome,FZD8,-0.026862838284472276,0.002069772793515532,0.0035396798288510967,1.464105995793383e-7,3.4944606718895216e-7,0.004213704610670277
proteome,GABARAP,0.039025837279526084,1.1643314099606118e-4,2.2199107679131457e-4,1.7327790976701442e-14,5.2305917126154614e-14,0.008118813682600812
proteome,GABARAPL1,0.020393073929691256,0.09537723001724174,0.12654824291833122,0.9992316357305224,0.9992316357305224,2.7866625773720344e-4
proteome,GABRA4,-0.018211898327733712,0.15563243515606556,0.1968332227992008,0.7075648134068022,0.7475141839791732,3.314567149642622e-4
proteome,GAD1,-0.007467777485724849,0.14088478734399096,0.18044874693159701,0.7900831992144546,0.8175302582442372,3.1215779333382265e-4
proteome,GAD2,-0.01829558337027016,0.04957044483632359,0.06910034788788375,0.2606419286852487,0.32576586257845896,7.744222007158852e-4
proteome,GADD45B,-0.027474636937490415,0.005407406719325581,0.008779405128122262,0.3289149883554783,0.39608203424490146,0.0011521144237692793
proteome,GADD45GIP1,0.020165328310176613,0.06044666697635069,0.08303238630774949,0.1483846778079045,0.2030637011351492,8.736217831648574e-4
proteome,GAGE2A,0.02165740147843795,0.08053249951068825,0.10857938386683556,0.21696307792200722,0.27998020532906237,7.631134632544168e-4
proteome,GAL,0.32525497846146456,8.757178256202154e-108,1.2469367477977604e-106,4.911177605007514e-34,2.208961857261878e-33,0.06094084725234328
proteome,GALNT10,0.05321295907851341,1.4789577997238714e-18,4.996617844205996e-18,1.6492267480800607e-91,1.7254813181525798e-90,0.04812041275842871
proteome,GALNT2,0.12420805077964743,1.4966693804469412e-99,1.959093238351848e-98,0.005951121703727987,0.010618168858913198,0.04412577022944797
proteome,GALNT3,-0.01629685941653951,0.07384123169111348,0.10029900200389029,0.7877104650234102,0.8162578558941773,4.068829207914959e-4
proteome,GALNT5,0.048061640681174404,1.2168115856159137e-16,3.856539650828287e-16,5.242050118153549e-65,3.974427089581873e-64,0.035746816350401334
proteome,GALNT7,-0.04874585904818561,7.748124240364398e-27,3.258901247496207e-26,2.155568202025798e-11,5.908078480481975e-11,0.016741691984312523
proteome,GAMT,-0.027081906900810394,2.427340193235608e-4,4.4984998478291184e-4,0.8805921845921122,0.8965638600712856,0.0014127637918458502
proteome,GAPDH,0.04823962968780259,1.576936251644907e-12,4.392248968083477e-12,0.49548922809349305,0.5567240476610584,0.005065696475869297
proteome,GART,0.033119188760777546,1.3391292131669194e-9,3.3438136640156012e-9,0.002899116616126268,0.005361303983266946,0.004966759161199041
proteome,GAS2,0.04650772647646664,1.268373513301477e-5,2.5908903326291193e-5,0.08775829169601258,0.12931168776408922,0.0024491896340121944
proteome,GAS6,-0.10841752960159629,3.4144806047736e-81,3.5852046350122795e-80,2.8728747356474983e-9,7.3239487802227495e-9,0.03856847500506666
proteome,GASK1A,0.020481913189636162,0.020121437426251193,0.030151168299397964,1.9680405780425893e-6,4.477560753941012e-6,0.003330917170454639
proteome,GAST,-0.19624194409449072,3.003980583907099e-13,8.588265743804918e-13,1.2917177441284202e-93,1.3913373044689516e-92,0.04605634091413502
proteome,GATA3,0.0024593664784899067,0.6325735343998254,0.6848969387659831,0.10343672575817134,0.14928738121413213,6.40411030657928e-4
proteome,GATD3,0.0680616346221233,1.46276734363171e-5,2.973410777201227e-5,0.052201498736385354,0.08139752927965216,0.002616092863657715
proteome,GBA,0.02095567034530407,0.04952942038222228,0.06907614815848391,9.793195594643873e-6,2.163992274092768e-5,0.002952698037326229
proteome,GBP1,-0.0748144743201185,6.292279388457502e-9,1.5305969612422875e-8,1.651526251128912e-15,5.166993705300422e-15,0.010314045536844674
proteome,GBP2,-0.04457552987139477,3.769909198651245e-4,6.873432199164886e-4,2.301563503296082e-5,4.980180775479069e-5,0.0035921251462817105
proteome,GBP4,-0.02207114481804896,0.03439679686980772,0.04931446466746991,0.9162515465264378,0.9276927729138648,5.003886245581457e-4
proteome,GBP6,-0.012058553548183009,0.18590970318263425,0.22994509474157176,0.061450072301729615,0.09430744534634529,9.062423681932552e-4
proteome,GC,-0.05227147120174373,1.5057708704529067e-22,5.745549242943836e-22,0.4478046417726449,0.5118017812585555,0.00976236328179636
proteome,GCC1,0.0637389459269316,0.0048685712560090225,0.007952635420419886,0.08268729853676578,0.12301948237962247,0.0013995765170735641
proteome,GCG,0.3110490145306901,6.648471346677031e-30,2.999518989327705e-29,7.95657751969014e-24,2.977596125637887e-23,0.0235081531758895
proteome,GCHFR,0.20681073056010982,6.179594797285044e-98,7.981520890829666e-97,3.445865231986575e-38,1.693346904405524e-37,0.05870056237723542
proteome,GCLM,0.059878745598254506,3.125894087448297e-11,8.257452345033102e-11,0.16630479341414098,0.22360372730349032,0.004786951242293669
proteome,GCNT1,0.08618167371362456,1.0466521792151507e-29,4.6930533197066426e-29,5.913532047538006e-82,5.497324855657146e-81,0.04882643679760623
proteome,GDF15,0.1512517915618035,6.469332459358154e-52,4.321277219420241e-51,0,0,0.2512304616936084
proteome,GDF2,-0.3017860834971649,1.3139668671976853e-292,7.520528010490281e-291,4.777162559933965e-13,1.3833866579808774e-12,0.12874886313777445
proteome,GDNF,0.1882299162143988,3.6769247024264296e-113,5.50407343917064e-112,3.334577088226522e-37,1.5982972940120226e-36,0.06509357123858728
proteome,GET3,0.013356366866839407,0.23607702805351946,0.28712868537009306,0.03712556934881464,0.05928311648205139,9.702814195092779e-4
proteome,GFAP,-0.15359781070230757,2.758781096201269e-57,2.0543066377070163e-56,0,0,0.17473028969267046
proteome,GFER,0.1527369995056256,1.8008029766516692e-26,7.52009140035225e-26,9.5247976410192e-6,2.1062791147072004e-5,0.013404095202447786
proteome,GFOD2,-0.043111290617452495,0.10342321384733423,0.13654109507931644,3.476906914249457e-4,6.946674389249943e-4,0.002057995125418377
proteome,GFRA1,-0.050936969727845095,4.694184875426126e-16,1.467058420917437e-15,1.447995722854006e-209,4.803067630694141e-208,0.09590060291476532
proteome,GFRA2,-0.01524116300697887,6.627721966740114e-4,0.001184710374826356,3.769428716572569e-22,1.3753703029594161e-21,0.011098931269146517
proteome,GFRA3,-0.1085490226975309,2.5820054358083927e-69,2.2908431207065953e-68,1.439222938929723e-76,1.273058108707837e-75,0.0618855998593254
proteome,GFRAL,-0.12254900106405422,9.29967681792829e-22,3.458058169621997e-21,5.893779560518197e-102,6.694141065039928e-101,0.05370033457578005
proteome,GGA1,-0.012518456265500882,0.3944395695131566,0.4516944305252664,5.87811699013337e-10,1.5443945539333308e-9,0.004589877109326679
proteome,GGACT,0.05529417368340795,1.7902066146892911e-4,3.362685397862317e-4,0.2568966357361116,0.3222523763273355,0.001729469057212496
proteome,GGCT,0.04553573473160437,4.48827047259274e-6,9.432153714541545e-6,2.0070487912273354e-5,4.375336386551599e-5,0.004374581962848678
proteome,GGH,-0.023880376311122418,0.0031485487605018648,0.00526984738067944,7.960702897235473e-5,1.6621810985000248e-4,0.0030037967950174993
proteome,GGT1,0.39867362440981363,4.670043239722754e-261,2.350320037370814e-259,1.6151056888867458e-22,5.937649251713365e-22,0.11791657711076031
proteome,GGT5,-0.0035696524394191265,0.47168333386021055,0.5289449295189991,2.0662423207135303e-58,1.3961484569821284e-57,0.026357225561362108
proteome,GH1,-1.3956928773037076,2.0976346159758078e-256,1.0037697449235054e-254,3.7585091207101623e-6,8.465345774192101e-6,0.11037903822837458
proteome,GH2,-0.2520861512816892,1.776337901704491e-12,4.933520775523701e-12,4.2888505121294304e-7,1.0087957006370514e-6,0.008016516391091688
proteome,GHR,-0.04278154594567928,1.4955851904486236e-11,4.008827521505539e-11,1.263191025627599e-7,3.0297901428159097e-7,0.008160623638549414
proteome,GHRHR,-0.01936456721209668,0.10578526077435371,0.1393443935922105,0.5983289212864655,0.6495061811956835,4.517902896702397e-4
proteome,GHRL,-0.5200578218055527,8.186208583064308e-166,1.896471655076565e-164,1.1112040439906588e-15,3.4877468864610032e-15,0.07883670868802406
proteome,GID8,-0.0028669871471480096,0.6757645769248337,0.7244057289914028,0.07867279929862905,0.11761924569079822,6.829685162877963e-4
proteome,GIGYF2,-0.021799929283348594,0.17356821835950487,0.21605357330123443,3.012991895689458e-5,6.48115205859803e-5,0.002500901871285599
proteome,GIMAP7,-0.0717197137786165,9.36852159636164e-37,4.823053710719511e-36,1.282420195908884e-37,6.207934580195742e-37,0.032316687443520675
proteome,GIMAP8,0.07089855922862842,6.251941432578409e-13,1.7717880623006191e-12,1.2691982166002812e-8,3.1556981211722496e-8,0.00902078724538935
proteome,GIP,-0.010067819257797959,0.34111210156968286,0.3979054357024115,2.6511592571460435e-265,1.4330988651128336e-263,0.11365849813967588
proteome,GIPC2,0.06737920647363016,3.523900608052751e-29,1.5608901175881607e-28,8.322403504808009e-160,1.7107813965165199e-158,0.08144930091613378
proteome,GIPC3,-0.008595617112603203,0.6725387429279694,0.7222739479789341,0.03378729643060849,0.05457947884944448,8.804416586144503e-4
proteome,GIPR,-0.02634378211838467,0.0026653154930606567,0.004504954212069518,0.08808402539764255,0.1297261706032889,0.001486855533241238
proteome,GIT1,0.009597798990316687,0.6332317969700197,0.6853554376549825,0.07966675953887739,0.11895001078976118,6.827250210772462e-4
proteome,GJA8,-0.018280385257523263,0.1363338617781392,0.17523493726569278,0.7812330778805635,0.811167378941687,3.13607623000034e-4
proteome,GKN1,-0.03108219465295416,1.2557684767759458e-7,2.8371425570502985e-7,2.003178827823486e-40,1.0240418561150185e-39,0.020849314426302112
proteome,GLA,0.15330102746110205,1.872239990084731e-84,2.0468421464634196e-83,4.336834919784054e-13,1.2571222572839775e-12,0.04195289234437605
proteome,GLB1,0.21879504000606464,2.1185324915965292e-128,3.554020886764522e-127,1.0373961273116022e-14,3.1609178451175016e-14,0.061533226958173426
proteome,GLI2,0.003960751067928062,0.5287726944660566,0.5855415383711756,0.7306642830038537,0.7680735161391301,1.6371196282727318e-4
proteome,GLO1,0.16931002167214393,2.4694782864577228e-40,1.3704196042148465e-39,3.32542005095548e-6,7.507270787887893e-6,0.01985878922940898
proteome,GLOD4,0.07011918545404114,5.563921509609934e-19,1.9152225102065326e-18,0.3834436153871625,0.44986813236138556,0.008093085996047189
proteome,GLP1R,-0.022067304992365675,0.0028271587540529782,0.004753730646935854,0.2461132919353735,0.31167232067650985,0.0012352032828372161
proteome,GLRX,0.13871539214650405,9.349406810294346e-30,4.2050721847841596e-29,0.705614224610128,0.7457233604768152,0.012734376573491413
proteome,GLRX5,0.0508141927561109,0.004715322214220276,0.007719588078131792,0.7524805346417468,0.786439367793834,8.873015357270253e-4
proteome,GLT8D2,-0.04160172041860386,2.621945625820274e-5,5.217081991662835e-5,0.5896113201013036,0.6414742614147243,0.0019483092029163318
proteome,GLYR1,0.027464093556428922,0.0207516772417642,0.031015947705432513,0.031133773102249556,0.05068571315419211,0.0013680862042843023
proteome,GM2A,0.04265696167469862,9.39471049088705e-8,2.1424343689765075e-7,8.436549947725856e-168,1.8656279770766494e-166,0.07636495924106923
proteome,GMFG,-0.020382947810860908,0.17070721233063557,0.21291086232548592,0.5545591482146567,0.6108521334485219,4.078800890722212e-4
proteome,GMPR,0.20716269303721582,8.860647226054692e-76,8.507970148965015e-75,0.05995018604078379,0.09240278518296051,0.03352340257419273
proteome,GMPR2,0.10179482120054735,1.0417615566881496e-13,3.0107940435373356e-13,0.05899427904376967,0.09101707216108017,0.006049580331414894
proteome,GNAS,0.08758363251881038,9.70892882233721e-7,2.1055247572364276e-6,4.6543523141224324e-32,2.0368897158805666e-31,0.016790395002693193
proteome,GNE,0.050253146253975166,4.615686885381531e-4,8.352876638827459e-4,0.32281727896323337,0.3898649719874548,0.0014997495072579525
proteome,GNGT1,-0.015266570912933937,0.14861251720115784,0.1891844473223636,0.5373955802114111,0.5955420268174294,4.255924463649752e-4
proteome,GNLY,-0.08713436681046333,5.603196991925786e-14,1.629056974046949e-13,4.954953037272807e-42,2.5873896092664263e-41,0.0241545871405906
proteome,GNPDA1,0.04082636951486987,2.4153772747382074e-11,6.427061317193098e-11,7.436194635559178e-5,1.5571199527401175e-4,0.0065613232954497835
proteome,GNPDA2,0.012223335522659551,0.09839878559820718,0.13020220088901485,2.820563879169869e-4,5.654688161604978e-4,0.002067495378090811
proteome,GOLGA3,0.027341416277240505,0.09179463972140736,0.12229509509209864,0.22007109051832172,0.2833645845712312,7.049537749062029e-4
proteome,GOLM2,-0.04157883663854895,2.2289036613446707e-15,6.7421448574767805e-15,4.4493017140115914e-10,1.1711011454643675e-9,0.010458054843248465
proteome,GOPC,0.05912073955881533,0.00831905893624113,0.013168835702216844,0.13728800418176204,0.19028664967073286,0.0011895573749729493
proteome,GORASP2,0.049656487271702625,2.027033755845538e-7,4.530560132705303e-7,0.06455007828977795,0.0984439281754764,0.0032831788535605533
proteome,GOT1,0.17479362575922525,8.27586805160984e-96,1.0457687810670615e-94,3.5166759972661802e-12,9.898917296065554e-12,0.04629638800320934
proteome,GP1BA,0.003086353781511136,0.6734146331248315,0.7229486259990376,0.26070197155987673,0.32576586257845896,4.059555948768834e-4
proteome,GP1BB,0.04207473443651579,0.002326279062125301,0.003952507905904397,1.173996431922144e-5,2.5882897166017662e-5,0.0034670551920515935
proteome,GP2,0.40752247314464723,6.924787904499766e-106,9.718007640978278e-105,6.3501192379371245e-24,2.3886595432394932e-23,0.05665143477747969
proteome,GP5,-8.660427301288151e-5,0.9904221173936754,0.9927110555876476,0.15036635530446865,0.2050067216878767,5.235526538633906e-4
proteome,GP6,-0.02685715806713894,0.169186712192195,0.21132050187805615,0.9060913269806963,0.9202785607016885,2.4312282497540583e-4
proteome,GPA33,-0.46577277923319665,1.370144796593831e-54,9.683904748807247e-54,1.383376372060527e-5,3.043011024901792e-5,0.026639390977478916
proteome,GPC1,0.126438997063587,3.042883925732707e-84,3.3142455892588704e-83,4.0372593100515267e-5,8.627203459766038e-5,0.039090338320517004
proteome,GPC5,-0.10580794889113797,7.719505301082485e-17,2.457277641642287e-16,0.0033389215649548107,0.0061413434455596045,0.008401122943009764
proteome,GPD1,-0.002997331464058794,0.7973361254956588,0.8339033143396016,5.10135138405535e-14,1.519473947965058e-13,0.00639708966735919
proteome,GPHA2,-0.10579790562843829,3.8023768126771766e-27,1.6203121045554277e-26,2.2594509831817994e-17,7.393876031286628e-17,0.018901249708012657
proteome,GPI,0.02742268823762392,0.0041156061546145555,0.006791099132458954,0.2018845968246988,0.2634336781990594,0.0012337693040477271
proteome,GPIHBP1,-0.029218993778098473,0.04476089335284229,0.0629653447943145,7.291182702817654e-12,2.032756667576383e-11,0.005750214312308266
proteome,GPKOW,0.04581419943494505,4.254825587898766e-18,1.412950613319283e-17,1.9820653708048333e-11,5.453014907991809e-11,0.01270457208106568
proteome,GPNMB,-0.02053367251877689,8.19037989871565e-4,0.0014515919201184566,5.947088222043159e-62,4.213483135957277e-61,0.028832831050022434
proteome,GPR101,-0.04029663760179514,9.268119194884852e-4,0.0016317032527062051,0.021994726465536733,0.0365826817965252,0.001960016270787124
proteome,GPR158,-0.08971080134034401,1.9520871172470097e-34,9.723792312703108e-34,2.9656955924934455e-12,8.364121192742384e-12,0.019780954136723317
proteome,GPR15L,0.353695581012494,3.075718306379347e-165,7.06930845379631e-164,1.4998454253285783e-29,6.28127517436746e-29,0.0833842854911434
proteome,GPR37,0.295639636576417,6.771348728578737e-95,8.410879548392057e-94,1.517681938447021e-39,7.611879000561605e-39,0.05834358130211004
proteome,GPRC5C,0.03494395380144262,0.002462459439027231,0.004176594481418063,0.042197174625602636,0.06690578638356007,0.0016514006175679663
proteome,GRAP2,0.0444026005377364,0.11451884193813362,0.1497672489325323,0.27333837798818367,0.3389442333676755,6.034633083629171e-4
proteome,GRHPR,0.10770003317555935,5.657733596435638e-16,1.7587778879654553e-15,4.848497525320786e-5,1.0285439154368731e-4,0.008412278330381495
proteome,GRIK2,-0.04174509895949576,5.571742979335283e-7,1.2164485981061847e-6,1.851771992169002e-9,4.754021499684536e-9,0.0066271616561616176
proteome,GRIN2B,-0.03258612331333634,0.0037008717445946734,0.006132924472061516,0.3101170697408412,0.37686583121295397,0.0012079163778631052
proteome,GRK5,6.464084088562095e-4,0.9530612674046697,0.9619591423078253,0.5521095843002879,0.6090732715693653,2.0669871634770853e-4
proteome,GRN,-0.04514648680216007,5.058625050596302e-17,1.6244363611320796e-16,7.844276507981905e-28,3.197966917150724e-27,0.019201947639954087
proteome,GRP,-0.002462952448795187,0.8156988998031045,0.849153027291463,1.6830418300414328e-45,9.339922246940955e-45,0.020574650153980967
proteome,GRPEL1,0.11423781881917626,1.7193412223294752e-17,5.620108653952674e-17,2.385760489715796e-14,7.164644927448979e-14,0.013415386866086898
proteome,GRSF1,0.08526274904214698,6.262950004452197e-8,1.4474703929529662e-7,0.7856087608578713,0.814922520591374,0.0029541730820132894
proteome,GSAP,-0.02345377997467429,0.21374405721057005,0.26226099327349894,0.14156340702816658,0.19500877070090528,6.971306988957648e-4
proteome,GSN,0.023233548982010497,8.247108715963015e-9,1.9944747590634664e-8,0.0015246669846422484,0.0029031330255516784,0.004787536897460809
proteome,GSR,0.014687310562033637,0.0020699669297186783,0.0035396798288510967,2.0510761776923893e-26,8.112589922336157e-26,0.012900659285459137
proteome,GSTA1,0.3245733571473927,4.190501628983104e-58,3.168931154145513e-57,1.1261039852320462e-9,2.9244639972351807e-9,0.029056848128224844
proteome,GSTA3,0.19292586422374497,4.592016332403806e-28,1.9946570943879034e-27,4.0886862385262215e-5,8.730706020671573e-5,0.0138797326376644
proteome,GSTM4,0.026508367995453166,0.061979749683942556,0.08505824604016377,0.4598933300754052,0.5229562253564892,5.899022177440205e-4
proteome,GSTP1,0.012691458908880661,0.37863181213118335,0.43581477113995437,0.5567572247340142,0.6125798488498257,2.7446034905109773e-4
proteome,GSTT2B,-0.09052199221728326,0.066250529197188,0.09049382064884968,0.11734823812902842,0.16587869593154186,9.48609553419022e-4
proteome,GTF2IRD1,-0.016017463879916483,0.2541043265159589,0.30713479465841986,0.3533628239022222,0.4201491172996279,4.5200508268294914e-4
proteome,GTPBP2,0.03564434609887779,0.0323481714478966,0.04654038980239671,0.02120944317553511,0.03537735121679256,0.0013675277346322234
proteome,GUCA2A,-0.025435902225185884,3.304862684812989e-4,6.059606895081102e-4,1.650452987182644e-128,2.4833362214361535e-127,0.057883873030827426
proteome,GUCY2C,-0.04784211119602609,0.00467950980586722,0.007669561551558909,0.001984337529297773,0.00372973679846761,0.002276191659081106
proteome,GUK1,-0.020970650825108964,0.009831374655739179,0.015445523476912089,0.09869122209255562,0.1432420939831514,0.0012398555718994286
proteome,GUSB,0.4648094339303735,1.553275260295939e-227,6.297236784449786e-226,3.7317897616864766e-6,8.411655841206815e-6,0.09944558480643717
proteome,GYS1,0.06252127830008976,0.002168052684411824,0.0036987409618925273,0.8621456163043073,0.8805469048258477,9.790309535981923e-4
proteome,GZMA,-0.0930648093945007,1.0430288078568542e-32,5.015817281934362e-32,7.614453962881725e-24,2.856888318464236e-23,0.024143481739873462
proteome,GZMB,0.267041156797054,1.0591668135798779e-86,1.2029991941010365e-85,1.413433630613922e-8,3.508344190273842e-8,0.04153183284088602
proteome,GZMH,0.21961064995655025,2.128393244718011e-47,1.3162669240109904e-46,3.6313998254213275e-47,2.0703234551571984e-46,0.041680932722390374
proteome,H2AP,-0.002470109928762743,0.8117084511836419,0.8465083847820832,0.5459568662887765,0.6031976126786293,2.1398533464378477e-4
proteome,HADH,-0.021847467158794855,0.10219429397824892,0.13497970322285457,0.4048012005108135,0.4700138044117202,5.281206370431057e-4
proteome,HAGH,0.3710563991091418,6.9299917798872e-118,1.0817457756946918e-116,0.2320262881396824,0.2964046980655286,0.05190226149486077
proteome,HAO1,0.7239882773946016,2.199228352925442e-131,3.7985488533664885e-130,2.5275327974474482e-8,6.218687600951496e-8,0.059135534720013094
proteome,HARS1,0.038692887154464346,0.024717861901717906,0.03645853405311499,0.21809854904868625,0.28119684835384945,8.986478426022959e-4
proteome,HAVCR1,0.024693959781335657,0.07506083201408698,0.10181346126817839,0,0,0.182011556009264
proteome,HAVCR2,-0.04245785240647322,2.992159888707778e-8,7.049325839497985e-8,6.484927738696981e-138,1.1069885420617828e-136,0.0631245247969543
proteome,HBEGF,0.05227655978243758,0.0013420897103640275,0.0023388417101806547,0.6025288838021166,0.6527011252409628,0.001236771206250653
proteome,HBQ1,0.24905581684446307,4.233277067904496e-77,4.1887917834621094e-76,4.811466185051323e-5,1.0214305304847136e-4,0.03552522671649949
proteome,HBZ,0.02925809008932107,0.17150691434702378,0.21366994578700912,0.14049345504509234,0.19390089611187922,6.996366566929257e-4
proteome,HCG22,-0.006883482747075496,0.5298291165161628,0.5864888855178912,0.0602264963134931,0.09272212169783035,7.631193233680333e-4
proteome,HCLS1,0.05785384129333674,3.4050319130266134e-6,7.1921907599356084e-6,0.9609173437571685,0.9658239925714776,0.0021516974520899845
proteome,HDAC8,0.0014331288216624667,0.9009683959347107,0.9201983022160323,0.2728392932290585,0.3384691444690275,3.866441042231772e-4
proteome,HDAC9,0.0033994732453455113,0.7882709201944503,0.8259323096189186,0.06837980671322876,0.10352731109746614,7.080379503788814e-4
proteome,HDDC2,0.06695590351876912,1.6031046289578677e-14,4.726729709018198e-14,0.2798509775388747,0.3451275286853347,0.006148052457455977
proteome,HDGF,0.14208200893161285,1.0903698876617939e-11,2.9388639908446685e-11,0.31313350089382164,0.37989887327891325,0.004906755124933659
proteome,HDGFL2,0.09111374484440098,1.297539557057622e-12,3.631369095926365e-12,0.7860709695984529,0.8151123127026231,0.005014205849482978
proteome,HEBP1,0.04116519569127108,2.0573413281712354e-4,3.84221326739081e-4,0.3151663203296459,0.38157216467948424,0.0017015828219708595
proteome,HEG1,0.08539216436380102,6.461295818071089e-53,4.39639218949872e-52,2.0774369743214361e-44,1.1229700977859763e-43,0.0419098965305843
proteome,HEPACAM2,-0.06087497933885783,1.8516389144878307e-12,5.123160181412301e-12,5.939930560766076e-13,1.716698743255067e-12,0.010739078423032455
proteome,HEPH,0.004369221974888373,0.4231587167168148,0.4815595688484922,2.3843148108837643e-49,1.3891846173592232e-48,0.02233360464052614
proteome,HEXIM1,0.10965358692212133,2.8969919382492345e-9,7.148199042898999e-9,0.55279290050165,0.6093664941708143,0.003637735611414006
proteome,HGF,0.12165635470035276,4.05167716503495e-48,2.527103770242953e-47,2.0658764168121203e-81,1.9023007131465553e-80,0.05648647595220635
proteome,HGFAC,-0.05950137941669519,7.4197169879453695e-25,3.0039048388089507e-24,4.2621677547542915e-30,1.8004728909012704e-29,0.023760216593948558
proteome,HGS,0.053766500021402396,0.0016636165678108538,0.00286664507759143,0.001558692826428302,0.0029582733162186042,0.002464131576050632
proteome,HHEX,0.15294708868976944,8.365351997295686e-22,3.122565534540423e-21,5.668016039564319e-4,0.0011126387908196535,0.010678595847171346
proteome,HIF1A,-0.01611293507150763,0.21011313914888324,0.2580228242219563,0.7011729297200765,0.7424063127497433,2.998293469024249e-4
proteome,HIP1,-0.005241600426683177,0.4037169825449959,0.46145252935087633,0.08422782580196268,0.12473116392667136,7.180727386851826e-4
proteome,HIP1R,0.10877888024614026,2.5318511365184845e-37,1.3244576106626267e-36,2.2577988114583758e-57,1.497844256965227e-56,0.04137028923477226
proteome,HJV,0.019670503519952354,0.03300078299656373,0.047452850032989914,0.31313264209484337,0.37989887327891325,8.211853007782377e-4
proteome,HK2,0.009094914222907638,0.1077414325144043,0.14153791247054281,0.4863142750093121,0.5478777957360795,5.061362194282992e-4
proteome,HLA_A,-3.4108669299520375e-4,0.9594247859485041,0.9673785665574036,1.0548371030232481e-19,3.6612003611472784e-19,0.008968371645010076
proteome,HLA_DRA,0.00416211404531521,0.5870492235341465,0.6415871906428916,2.1845125135182364e-41,1.1286003587539348e-40,0.018777913514357092
proteome,HLA_E,0.03684188638672361,2.135975229873495e-9,5.279349446232627e-9,3.978247885952232e-138,6.830885634761509e-137,0.0644375957508847
proteome,HMBS,0.19716424768024626,5.902312474148443e-94,7.300360216965807e-93,0.1806250067596721,0.2398746108878448,0.04161144456475485
proteome,HMCN2,0.13544988211675782,9.208123111834825e-31,4.2732132533300246e-30,0.5783267630071809,0.6310318974774275,0.013202840386644876
proteome,HMGCL,0.029564417255727574,0.0028586306555661214,0.004798357034846181,0.008178799977018118,0.014381877790913183,0.001981535418494773
proteome,HMGCS1,-0.012927931936375436,0.13012199648322575,0.16806464944006017,0.05224433390636824,0.08142082790853651,9.660866114340472e-4
proteome,HMMR,-0.01824307263018957,0.0482128512992403,0.0673687472199533,0.18152491215096245,0.240890358332727,8.472244131756401e-4
proteome,HMOX1,0.17186681907348095,6.924179074496154e-61,5.433246967326418e-60,4.1806531929281735e-38,2.050979272295351e-37,0.04283115102438262
proteome,HMOX2,0.08936246141410653,5.478669492813786e-20,1.9478972289309916e-19,4.3126422505314463e-7,1.0132997615339405e-6,0.01109931703668432
proteome,HNF1A,-0.006962379624269747,0.620501926717888,0.6738263110452064,0.002078592189616985,0.0038968597312087215,0.001474824008862452
proteome,HNMT,0.11335889884848589,4.807066581061133e-27,2.0395097892612567e-26,7.674327642174344e-125,1.1089783360151936e-123,0.06585070749793964
proteome,HNRNPK,0.12442660960409976,2.964916301238978e-14,8.698081088760378e-14,0.5591060219736552,0.6142380422059088,0.005800871268731744
proteome,HNRNPUL1,0.12385542408833224,2.3054983862549125e-39,1.2673728417096214e-38,1.913933278472772e-6,4.35785588132763e-6,0.019712690363721364
proteome,HPCAL1,0.02617603722988816,0.11087553758753856,0.14552414308364436,0.006078011776233895,0.010837945250352315,0.0014643901831136175
proteome,HPGDS,-0.012667051524787844,0.12255719272101398,0.1592806970403561,7.131900850271519e-4,0.001391578782215412,0.001971209737597346
proteome,HPSE,-0.05262840293734724,0.005822244604625719,0.009431260821810474,0.1503656494660072,0.2050067216878767,0.0012176426925066819
proteome,HRAS,0.03783471968870856,0.06015452716171655,0.08270893301227067,0.0655937662669631,0.09982700924570663,0.0010612273772945269
proteome,HRC,0.02417239028602648,4.6301556107740437e-4,8.373868790489116e-4,8.752660118159806e-10,2.2811620432953995e-9,0.005717875159768515
proteome,HRG,-0.06198828641640203,5.710741196322798e-22,2.1453865575374833e-21,7.411825991599043e-37,3.523635190468665e-36,0.02561168937523073
proteome,HS1BP3,0.02787136742855406,0.12979581207236712,0.16771756327544915,0.09013512415869218,0.13214687464551605,8.508710883649018e-4
proteome,HS3ST3B1,-0.03794693162200679,3.132008445684353e-6,6.624878734023642e-6,5.504486941890628e-7,1.2854077906702994e-6,0.0053848221841880095
proteome,HS6ST1,-0.1179591590553138,6.16374851105453e-53,4.203734089665461e-52,0.00284720058216343,0.0052734635148065055,0.024260525080455175
proteome,HS6ST2,0.2173292065850331,4.084924622561263e-220,1.4904868716570408e-218,1.8576804863127382e-12,5.269746685662665e-12,0.10059199440936273
proteome,HSBP1,-0.09733477641853112,5.290397360543493e-7,1.1576214314412636e-6,0.10075928586904957,0.1457464595895717,0.0031057691760100203
proteome,HSD11B1,0.015410160155353453,0.09032174917839199,0.12060804476291227,5.557571439436499e-4,0.0010931638161533115,0.002013219438767311
proteome,HSD17B14,0.07038390337773207,4.193162057204303e-8,9.791872035983489e-8,1.053688016142267e-19,3.6612003611472784e-19,0.011783458624511578
proteome,HSD17B3,-0.01672598999623112,0.08080400136583094,0.10889514311489404,0.0010601609119300199,0.00205349018044043,0.001865646010468347
proteome,HSDL2,0.10415114126607876,1.8328941507398135e-26,7.643168608585023e-26,0.021447944131202146,0.03571394690187054,0.011790603945492029
proteome,HSP90B1,-0.027089744343668763,0.048209335878125724,0.0673687472199533,0.12939500689993336,0.1809884527961363,9.79108321200739e-4
proteome,HSPA1A,0.034387938277889496,0.02856972046290358,0.0415935232075888,0.21863090097877436,0.28163442186983334,8.832205253018754e-4
proteome,HSPA2,0.12198813113676686,1.250566654936108e-70,1.126667921530401e-69,7.406663253413896e-20,2.579958238271499e-19,0.0395564039555667
proteome,HSPB1,-0.0529292357469624,4.4891783254500376e-4,8.134023297323811e-4,0.0941179192248233,0.1370909212660974,0.0018483451309040388
proteome,HSPB6,0.27950131470750095,3.4927534414559597e-219,1.2433350360499933e-217,0,0,0.22618085660377596
proteome,HSPG2,0.061814789625864404,1.5446586060595547e-27,6.611229429747566e-27,4.3816347898150157e-156,8.82068410446209e-155,0.07947531231946614
proteome,HTR1A,-0.10432937187025593,5.611007387486245e-12,1.5321356935521375e-11,0.005052396451168343,0.009109292922149717,0.005777527471261257
proteome,HTR1B,7.947986313710639e-4,0.924113208059242,0.9395633766370349,0.19279066219573324,0.2533795330703941,4.671445487992587e-4
proteome,HTRA2,0.082042965061379175,1.5033474323806514e-9,3.734698855420529e-9,0.07531959685024432,0.11292136785098263,0.0041377679872129924
proteome,HYAL1,-0.023350177841463458,5.478776722182175e-6,1.1464193012222056e-5,4.170131041069742e-58,2.8112269073631814e-57,0.02792292380550787
proteome,HYOU1,-0.010406814559715984,0.029877457953894983,0.04334607344305142,3.0033373529118414e-32,1.324281228572457e-31,0.015040701828526792
proteome,ICA1,0.009392456089960758,0.5918450291328103,0.6460716679277013,0.18721440053854688,0.2472754910280626,4.954069647611359e-4
proteome,ICAM1,-0.04456004053542779,8.092431062486565e-12,2.191262177309674e-11,8.355090834133349e-58,5.580894769985181e-57,0.030318353882260562
proteome,ICAM2,-0.02633797498320347,1.8005406800358868e-4,3.3799217009805485e-4,0.03261242553110617,0.05288648340294384,0.002180946389379934
proteome,ICAM3,-0.0160756224669707,0.004936986352420508,0.008055373483910264,1.6662293861571874e-14,5.0401280603034503e-14,0.00727086561108381
proteome,ICAM4,0.028742244929209453,0.013179852794326489,0.02030184185046914,4.530961045827346e-16,1.439159444262244e-15,0.007867183059915073
proteome,ICAM5,-0.09140039890891415,1.5997232247246551e-18,5.3797143928240414e-18,5.620907486067327e-17,1.8210243009800808e-16,0.015145741439359761
proteome,ICOSLG,-0.02233163792149431,8.857239642214162e-8,2.021445075498291e-7,0.9371922032736718,0.9447359109112445,0.0028612708568278578
proteome,ID4,-0.021699300124043367,0.01249758222116072,0.01929161422716454,0.6102681209102198,0.6592792912423877,8.240713150983181e-4
proteome,IDI2,0.20344795109395197,2.6341906972085507e-85,2.934810169905252e-84,1.1904803598821419e-19,4.1270928390688504e-19,0.0457848420516096
proteome,IDO1,0.00259979318945126,0.8404024573116105,0.8686737864350533,1.2655335873867376e-72,1.0833115957718144e-71,0.03259887429278474
proteome,IDS,-0.019624562846096975,1.5088868495188594e-22,5.74992260280098e-22,1.8432951700998447e-4,3.746921031700172e-4,0.011284793268465876
proteome,IDUA,-0.058836250111761,6.6847549766554564e-9,1.6220116190238802e-8,2.8455553774667948e-12,8.033052366369027e-12,0.008711920886564473
proteome,IFI30,0.06684534779920152,1.218763571649611e-16,3.858536730634723e-16,6.471079246836008e-191,1.8338912933509033e-189,0.08934565302033182
proteome,IFIT1,0.008835899258650593,0.3919162237878865,0.4493336438479343,4.2178265274421935e-4,8.375398390206641e-4,0.0018543050923366389
proteome,IFIT3,0.02511215583641519,6.860934363430429e-4,0.0012241483745020429,0.33800540725676304,0.40535617771999993,0.0014436409980012055
proteome,IFNAR1,-0.044031981124978685,4.106317734842447e-17,1.3200816594719277e-16,0.04261743222892247,0.06746219342528453,0.007861163257750103
proteome,IFNG,-0.15719913942965064,1.3460099889874047e-10,3.4800736562039277e-10,2.1156744968291963e-27,8.529908641221581e-27,0.016391404949875676
proteome,IFNGR1,0.010719566503534473,0.016983726538628806,0.025780290050055894,2.96914057515515e-77,2.6423540667310617e-76,0.035262016010013886
proteome,IFNGR2,0.017915476275811068,0.12835142797491006,0.16592463164692756,0.0029526962625944456,0.005455012905388093,0.0015930783284395789
proteome,IFNL1,0.05294552410020853,1.8589677097620457e-8,4.4116477599962694e-8,8.136593070790419e-10,2.1224946535868843e-9,0.007677883588874002
proteome,IFNL2,-0.007355688614839258,0.5550485771120259,0.6097805030447888,0.12929238060016032,0.1809884527961363,5.929715014502124e-4
proteome,IFNLR1,0.10721893897614192,2.849427979823373e-37,1.4879213368702014e-36,8.799007701578684e-5,1.8293663447940302e-4,0.017770062360409677
proteome,IFNW1,-0.02155759623676243,0.001530151640780675,0.0026491771289672544,0.060103199962894024,0.09258112965260562,0.0016838313315352682
proteome,IFT20,0.018284278865058155,0.030174810463082714,0.04369061098300518,0.04717295078362828,0.07415069646602636,0.0012170454443122258
proteome,IGBP1,0.1365482550706866,1.4883387163247979e-27,6.388912813164831e-27,0.21117442171373751,0.27372030949484893,0.011918074379638433
proteome,IGDCC3,-0.0068006441570151715,0.4825811924155403,0.5395076601535665,0.701859993459147,0.7425622765158572,1.9018819741556392e-4
proteome,IGDCC4,0.08380840388791852,2.119048684566479e-52,1.425231131393906e-51,2.706599094601427e-210,9.081106617404098e-209,0.10965994199819329
proteome,IGF1R,0.030132764170937368,3.055891811024868e-10,7.817833651517606e-10,2.0406555234939607e-115,2.6240852304312208e-114,0.055020763814269014
proteome,IGF2BP3,0.006172224027505715,0.4780145390871702,0.5350170397221816,0.9757559682885988,0.9784375374216489,7.272524724388774e-5
proteome,IGF2R,0.024767051964163303,1.946284979408666e-6,4.155966243521505e-6,6.869309263523921e-62,4.855088072694026e-61,0.030017116809991973
proteome,IGFBP1,-0.6523964141219596,1.199191960488644e-104,1.6668768250792153e-103,5.175390936931579e-7,1.21049408212366e-6,0.04814277810280343
proteome,IGFBP2,-0.16873629632911802,4.822203093053929e-27,2.0429623844157356e-26,8.588418301165618e-121,1.1769761981738234e-119,0.06314787256461896
proteome,IGFBP3,-0.169717701115306,2.0751110511427534e-144,4.148800793346368e-143,2.782674590724937e-22,1.0178730739757007e-21,0.07295793361031933
proteome,IGFBP4,0.08401035104585546,4.130059794398569e-20,1.4755990868848742e-19,5.482452712776491e-308,4.706846902527817e-306,0.13788056595779163
proteome,IGFBP6,0.3253073882721148,0,0,4.845072459516766e-128,7.252700774015097e-127,0.25133124515946703
proteome,IGFBP7,0.12508712428949043,2.860087264297453e-80,2.981640973030095e-79,2.778999702890649e-194,8.111900132737805e-193,0.11476065791558032
proteome,IGFBPL1,-0.05150480801412216,3.146390447751612e-12,8.6481296770122e-12,2.05432603318142e-267,1.1314297529918046e-265,0.11776908476184234
proteome,IGFL4,-0.02227726478310176,0.1479104886385173,0.1884551358951689,0.35722094254300246,0.4236663991543083,5.412417422488991e-4
proteome,IGHMBP2,-0.0063633228897245426,0.5430750315410944,0.5979919134106765,0.8626032438484298,0.8807061450834441,1.0957468836325646e-4
proteome,IGLC2,0.035828735527160496,8.969297469002402e-12,2.424201788149816e-11,9.659369845331381e-26,3.7795845279520507e-25,0.016602185449694717
proteome,IGLON5,-0.027157902259838246,0.14581628376392616,0.1862747187338733,0.9126312958020535,0.9254142113062588,2.62158324160211e-4
proteome,IGSF21,0.19991531325223172,1.9064867560376397e-131,3.312520738615399e-130,7.866397722976547e-8,1.9055614069185512e-7,0.059936261798189894
proteome,IGSF3,0.03615521575444194,7.452080930495358e-6,1.5460287303564997e-5,8.099421843323628e-46,4.503278544887937e-45,0.022644102895470364
proteome,IGSF8,-0.058026875370056546,2.1641619577284455e-18,7.236184140445972e-18,1.1046557020008554e-34,5.038265615844526e-34,0.022866221185951274
proteome,IGSF9,0.16143731161279634,1.9124616184375257e-17,6.237402753317471e-17,4.5653574653913924e-55,2.9353036214708096e-54,0.03149057569190428
proteome,IKBKG,0.08957983355046052,1.3538252035465453e-5,2.7596478834862892e-5,0.060898996587872664,0.0935600900210528,0.0025228207049768914
proteome,IKZF2,-0.0036910241442091856,0.8443631833161728,0.8718415748496314,0.0015027180476745272,0.0028650777146714207,0.0015197788138988644
proteome,IL10,-0.018192643855786034,0.3051402073108667,0.36075506891066017,6.901101417445113e-5,1.4481894347607681e-4,0.002235311677419416
proteome,IL10RA,-0.017343586383405083,0.16314853458838896,0.20474229254664977,0.04614336668334179,0.07264966955160447,9.731906322747452e-4
proteome,IL10RB,0.05549259522707112,6.212536608975748e-19,2.1334581601882597e-18,7.726381371593492e-106,9.13089361282648e-105,0.05490964008544308
proteome,IL11,0.005440983939069854,0.6934575205089385,0.7401106041556093,0.11255178338243169,0.1602627588747893,6.070620719884623e-4
proteome,IL12A_IL12B,-0.2763875619050757,5.414501214031834e-56,3.9218186212801296e-55,7.52543021102842e-38,3.6672338540888075e-37,0.0395889655157895
proteome,IL12B,-0.21233978374195975,8.518896479928423e-64,6.888271142634644e-63,5.4512697461877294e-39,2.710776216204767e-38,0.043339494153269986
proteome,IL12RB1,0.01256741345980772,0.1127841762442668,0.14769717831180565,2.3186296537154157e-46,1.2990556543561035e-45,0.02126744375255507
proteome,IL12RB2,-0.02058995543826318,0.014093982136451575,0.021584645255142785,0.2459997098399263,0.3116636948883441,0.001052347801343556
proteome,IL13,0.02643656594004227,0.010290562593216028,0.016114888524462224,0.016443281804275255,0.02788956396669347,0.001687377369609444
proteome,IL13RA1,-0.008989395083178323,0.06576096130530124,0.0899513805296037,8.686342260445524e-14,2.5611548543677254e-13,0.006632428444965366
proteome,IL13RA2,-0.005929956921358769,0.30206069451630774,0.35754872964034967,0.0063308058239370385,0.011274937278872615,0.0013072342455774377
proteome,IL15,0.03255457073668993,5.093204061354995e-6,1.067269393761323e-5,7.844837513923199e-7,1.8217247973859841e-6,0.0050220807372541865
proteome,IL15RA,0.06037594976174592,3.0499646107316576e-16,9.562670997557152e-16,1.193011400609109e-95,1.3091730369842062e-94,0.04907704077014852
proteome,IL16,0.05459091142135469,3.55761023886568e-10,9.069575796723947e-10,3.6488059133964064e-45,1.99454390659253e-44,0.024365091293138907
proteome,IL17A,0.013697522503093907,0.12574719516612937,0.162846522932534,0.0027334631920841175,0.005069237012511778,0.0016485049609750169
proteome,IL17C,0.2582996638346097,4.444330723011938e-64,3.6036114945755125e-63,2.890126546202273e-17,9.415490388799592e-17,0.03603411244156085
proteome,IL17D,-0.05087619798629125,1.849455635096892e-11,4.9437371784320766e-11,4.374866995260319e-261,2.3218612289390674e-259,0.11514639198524379
proteome,IL17F,-0.015868833053483702,0.333025957968726,0.3893082784584347,0.12724056666391506,0.17865089662913325,6.467351175084568e-4
proteome,IL17RA,0.0019302325926298283,0.8431037810548907,0.8708492345715592,0.0028952912247626993,0.0053591344864187184,0.001386321471993024
proteome,IL17RB,0.13738368949554916,5.823808928398271e-30,2.6315322386988474e-29,6.25171015050681e-35,2.8692990454920407e-34,0.028307939787048042
proteome,IL18,0.20851974157511047,2.37863308803578e-90,2.7996895096679198e-89,6.891229337016463e-14,2.042182582208229e-13,0.04535257425686012
proteome,IL18BP,0.0572830661069478,5.677168677323276e-18,1.8767446624129834e-17,4.6469608932530815e-184,1.25597026364868e-182,0.08716064424997116
proteome,IL18R1,0.05151836050639785,3.2896588335149524e-11,8.674357845555688e-11,2.771901874286757e-19,9.496691984792305e-19,0.013131830789017918
proteome,IL18RAP,-0.40107745927621175,5.0998304868625684e-27,2.1554100244813536e-26,2.040317545709481e-27,8.237464614005498e-27,0.02375568908456871
proteome,IL19,0.2848874295164294,1.9541443193926119e-78,1.9737533800370358e-77,4.979616082307065e-19,1.694114142686984e-18,0.04307082747826729
proteome,IL1A,0.01116072322212577,0.3558025584734832,0.41279319085218497,0.819309430365658,0.8418036702701005,1.7243566822833234e-4
proteome,IL1B,-0.010260222212678827,0.3924430448634679,0.4497609925231499,0.07575868168161376,0.11346310509421784,7.576308755798955e-4
proteome,IL1R1,0.04251989448254226,1.064409326492758e-17,3.506784225770159e-17,2.966579793698049e-30,1.2623099734409045e-29,0.021268684640226465
proteome,IL1R2,0.06979980341488459,2.6206541123636516e-58,1.9869322997375324e-57,8.450526935888206e-9,2.1209878010195766e-8,0.028108741363037093
proteome,IL1RAP,-0.21925053519731377,1.276408747565017e-104,1.765799589640893e-103,2.751794475902786e-5,5.9367982817148794e-5,0.048505584117017
proteome,IL1RL1,0.4074705910386412,0,0,1.9828363227348727e-21,7.136743805256589e-21,0.14534430675664356
proteome,IL1RL2,-0.219022602939619,6.182018521982722e-141,1.1794321611547428e-139,3.336042556395572e-40,1.6994604227083203e-39,0.07729379366916067
proteome,IL1RN,-0.09677954043808222,3.2272724794086095e-13,9.217620711735549e-13,2.8037380708046495e-28,1.1559479419037814e-27,0.017814214494301428
proteome,IL2,0.008522561767081587,0.19352640270180504,0.23855725062777403,0.4805233602883604,0.542400498330133,4.2796148412882484e-4
proteome,IL20,0.03943532646850768,1.8914057749823678e-4,3.548209162707925e-4,5.647187502978121e-4,0.0011092961185190536,0.003048882298612998
proteome,IL20RA,0.014911659294465453,0.12087611879362585,0.15744640372985,0.2973940533263059,0.36367542591516006,6.058005467605154e-4
proteome,IL20RB,0.008222508346888377,0.3264395366478525,0.38314314735628524,0.567006126862304,0.6215136629031414,2.926126049893618e-4
proteome,IL21R,-0.02050657025300839,0.058894879914674764,0.08116815602971465,0.7024419839661373,0.7426396780866189,4.723786879514691e-4
proteome,IL22,0.3592751312596243,6.645161159188839e-140,1.2595600924462481e-138,5.949000746302184e-18,1.9800607957190508e-17,0.06884268423142781
proteome,IL22RA1,-0.06562325110098784,1.8375597401813895e-12,5.093862185744992e-12,4.3943633484570863e-10,1.1576847124680718e-9,0.009504667125642463
proteome,IL24,0.004918235558428951,0.6382451512503291,0.6897785488560841,0.5566468855190103,0.6125798488498257,2.2503717680455448e-4
proteome,IL25,-6.584878895303011e-4,0.9236060357742641,0.9393749193118736,0.4524709146795277,0.516326270504121,2.605683979971518e-4
proteome,IL2RA,0.05986705697019438,7.044575367253996e-12,1.9164133734402997e-11,2.400136294279789e-56,1.563838804241675e-55,0.030242218293419998
proteome,IL2RB,-0.042991255864095815,2.1103463204318658e-7,4.7095572701380864e-7,0.8368997223346888,0.8568608521553689,0.0027614850575499172
proteome,IL2RG,-0.05144429330425243,1.7016321479418e-11,4.552762822953358e-11,0.014835001798273505,0.025264510063687493,0.005364850070791571
proteome,IL3,-0.007531679359967466,0.5268337676230583,0.5840591597765694,0.509029613074106,0.5688581319155113,2.6027464494127184e-4
proteome,IL31,-0.02460694935628433,0.026749658117073895,0.039178249896507124,0.12121023145512237,0.1710892967202622,0.0010781066082070634
proteome,IL31RA,-0.0042893792950567024,0.5828542853299791,0.6376880280652957,1.6529299072208787e-12,4.7026339173272366e-12,0.005736686794480583
proteome,IL32,-0.13849119803142823,1.055624915713149e-46,6.500778753094265e-46,3.597086599544038e-69,2.941147278450713e-68,0.049718093053114254
proteome,IL33,-5.268657257513419e-4,0.9493618686584082,0.9588883372366415,3.5343070189380645e-5,7.569069837329575e-5,0.0022900275004548165
proteome,IL34,-0.005770429730344921,0.4437737109478269,0.5007249564192914,2.81917996907436e-4,5.654688161604978e-4,0.0019139248824233679
proteome,IL36A,-0.015961809843763396,0.1612676840915451,0.2029053318375949,0.43117488922825364,0.4962931788869371,4.75306679821097e-4
proteome,IL36G,0.1556589877678149,2.184190113347166e-29,9.689439119848598e-29,0.05176026937355426,0.08083907239240497,0.013291619555428458
proteome,IL3RA,0.18639348786190066,5.36158274317567e-160,1.2132139556069598e-158,0.2363692617910237,0.3012933952698682,0.06997752278533531
proteome,IL4,-0.007711554919324572,0.6917803614741798,0.7388609129685805,0.9635655677757496,0.9675431346189932,4.258100136489418e-5
proteome,IL4R,0.06279771687500958,7.449992130353883e-16,2.3012197913759773e-15,3.6877416508635155e-64,2.7672282464962987e-63,0.03537798746799026
proteome,IL5,-0.24722226994303287,1.240828415475175e-15,3.792647272012603e-15,5.888583711810073e-10,1.5457532243501441e-9,0.010733936492162033
proteome,IL5RA,0.07083200831693441,2.1398191282846094e-8,5.0658005153793795e-8,3.6118585433949375e-29,1.5018540011637925e-28,0.01671608254254331
proteome,IL6,0.03127741249752772,0.06990445254693664,0.09526195003945287,1.780736856079346e-86,1.7211824115548384e-85,0.039078164829653206
proteome,IL6R,-0.045704727230196016,1.4017715708954172e-9,3.497240355080105e-9,3.0822792508477303e-18,1.0341578314051178e-17,0.011875903406430965
proteome,IL6ST,0.011448356758950265,0.0027275498740146377,0.004596834920466933,1.3698082873682792e-59,9.430354695349072e-59,0.02766080128537618
proteome,IL7,0.0136497022150625,0.3330017349228117,0.3893082784584347,0.30058050663415153,0.3671106689812085,4.4348751188716395e-4
proteome,IL7R,-0.10872685436690817,1.1788291787939407e-19,4.155799967269943e-19,1.0915841889444817e-8,2.7210369321340238e-8,0.012325063150158244
proteome,IL9,-0.026922167650004807,0.018684611557720148,0.028070191012344373,0.8144093417433673,0.8376535829981991,6.236474169746264e-4
proteome,ILKAP,0.03732203231704406,0.0021390725986695234,0.0036535710447725793,0.779558148501154,0.8106627130298784,0.0010282804011142455
proteome,IMMT,0.14125408389016025,1.3825844198467574e-53,9.518311135690294e-53,7.870787566642179e-36,3.6701004643815525e-35,0.039014518057815084
proteome,IMPA1,0.0018179703523857772,0.8918763626263996,0.9128285773164307,0.12438237945411332,0.17514335051932312,5.664449440769825e-4
proteome,IMPACT,0.09805185499893646,2.962418702321782e-17,9.576190688900643e-17,0.006518205911757946,0.011580554976271437,0.008192335325657107
proteome,IMPG1,-0.010048033212389807,0.09343366143221729,0.12419529040102106,0.5666549196475256,0.6213620249628576,4.543466032660426e-4
proteome,ING1,0.04675284305167466,1.7631385938187156e-7,3.9558812877454503e-7,0.6630808345455027,0.7069148853317467,0.002796003967580729
proteome,INHBB,0.1938735030474778,8.103759492270249e-75,7.630604502560276e-74,2.5897341803683657e-107,3.098128718235762e-106,0.07824189156681838
proteome,INHBC,0.05860716913272466,4.493558246006177e-9,1.1022434050497506e-8,1.38130822279677e-43,7.371185927502324e-43,0.023200664465974796
proteome,INPP1,0.06593513025571976,1.8121981883620263e-8,4.304155013693047e-8,1.6007555080000729e-7,3.814371696205888e-7,0.0064154340975490776
proteome,INPP5D,0.15854112763671932,2.0161504092179966e-41,1.1449694639119323e-40,0.2464952621173156,0.31188542267899616,0.018184786801890285
proteome,INPP5J,0.1358328567235922,1.254762011780528e-58,9.588089823003564e-58,4.333200413427672e-5,9.225829326619529e-5,0.02769686938309135
proteome,INPPL1,0.0837568892741603,1.4226454166103966e-4,2.6948098449615496e-4,0.18715191875388631,0.2472754910280626,0.0018471213412679655
proteome,INSL3,2.5853980390088767,0,0,7.362955617002289e-29,3.0485769426992457e-28,0.7287240215239809
proteome,INSL4,0.08300741913270081,4.2254068868478885e-15,1.2624322111268154e-14,1.3050948164482229e-4,2.682797020572086e-4,0.008388800620469206
proteome,INSL5,0.5388562642807594,3.0905720938717927e-152,6.490201397130765e-151,2.8201043393504636e-23,1.0473135580870232e-22,0.07598178417444323
proteome,INSR,-0.01640360789851324,9.141463016330301e-7,1.983935356480903e-6,2.277684213908738e-14,6.847126900514527e-14,0.008813845346092974
proteome,IPCEF1,0.20398764878060457,3.9731777151056546e-25,1.6175321827605866e-24,0.1527586732456945,0.20784422416455348,0.010865906310666529
proteome,IQGAP2,0.06029354775241742,4.3605105919351994e-7,9.577374279803497e-7,0.002023129645653793,0.0037953184033826617,0.003901459656305617
proteome,IRAG2,-0.021875977340693794,0.2485848526047352,0.3012117827950278,0.031000462480715293,0.050525041865554406,9.965118663816108e-4
proteome,IRAK1,0.0743489562634745,1.364954752156849e-6,2.9404449605504366e-6,0.33460905281911,0.40161341495846303,0.0025927741196590803
proteome,IRAK4,0.03960662638525379,0.0867930096792409,0.11621504369435973,0.37137283913792474,0.43764122625902396,5.770769083502936e-4
proteome,ISLR2,-0.03210679444338724,6.248266949381267e-5,1.2126789378486647e-4,0.20175501562288406,0.2634336781990594,0.002091913276052737
proteome,ISM1,-0.11967692175245796,1.0973757428191085e-41,6.280862339782309e-41,1.9589367552946333e-75,1.6967763764703368e-74,0.050313049707745194
proteome,ISM2,-7.449494162728582e-4,0.9351527655230862,0.9471585435676229,0.28711654412014415,0.3527328250364902,3.714318862183541e-4
proteome,IST1,0.05383972414660565,0.008739142996510813,0.013811347269526294,0.36800830815600755,0.43402676828581255,9.498225430683016e-4
proteome,ITGA11,-0.0720513820115329,7.203131569731961e-21,2.6249614297188007e-20,3.008539455129222e-15,9.392434940665453e-15,0.01580854029662193
proteome,ITGA2,-0.17712665131675598,1.1087923499712214e-139,2.0881063674619324e-138,1.349343593601547e-19,4.661223609139545e-19,0.0685158288558686
proteome,ITGA5,-0.014361328819627246,0.011076542674854806,0.017234769759009158,1.6437824602072203e-84,1.5783555925476565e-83,0.03837402324066286
proteome,ITGA6,-0.04290590213010049,2.6727761690733935e-4,4.931626825237191e-4,0.002309807622456551,0.00431647147884166,0.002782852445384454
proteome,ITGAL,-0.046181711157209905,1.2418726668122067e-7,2.807921235030853e-7,1.453043686763091e-28,6.007697622749946e-28,0.015491635085727373
proteome,ITGAM,-0.12235641430450407,1.389516313038408e-66,1.1688755382591102e-65,0.0014889393007830602,0.002841797398699657,0.03046599462942201
proteome,ITGAV,-0.05335052772647718,4.646336128626458e-46,2.8196788273306924e-45,4.8051836123177396e-144,8.552640831924073e-143,0.08111295453422984
proteome,ITGAX,-0.02540355195249222,0.020514881572101105,0.03067773530172291,0.09320382556576477,0.1361671505637975,0.0011161587731397526
proteome,ITGB1,-0.07700573293747565,1.954741931098003e-56,1.4300480443295916e-55,3.664394810887644e-89,3.675727990715131e-88,0.06231589826549733
proteome,ITGB1BP1,0.0018220060413756919,0.8375884581943205,0.8666858239876717,0.006518277432687212,0.011580554976271437,0.0012082935077467605
proteome,ITGB1BP2,-0.05756422132505249,0.017760811643852736,0.026778827060127137,0.35894283983314895,0.42505239329531924,8.741830859227973e-4
proteome,ITGB2,-0.14167779336672667,4.1129556532913827e-107,5.799863551670312e-106,1.4815431405734325e-32,6.56240429033968e-32,0.05967091532943558
proteome,ITGB5,-0.06329484749662086,1.1363312703753948e-14,3.360639288982551e-14,1.9191898008978846e-83,1.8129822099744095e-82,0.04277126697393541
proteome,ITGB6,0.23233280726619543,2.982374634916379e-255,1.404121219245308e-253,5.6980976231232205e-5,1.2026570471364193e-4,0.1115826201803839
proteome,ITGB7,-0.047889710479560935,1.8080051588506506e-6,3.869184060619537e-6,1.7594258780892822e-4,3.5789297129913694e-4,0.004289727955817613
proteome,ITGBL1,-0.016563770792607457,0.02706728990301658,0.03960371891072952,5.354340649552811e-233,2.2013127262034728e-231,0.10087320488191842
proteome,ITIH1,-0.014953942665054648,8.910190203061759e-5,1.7088597373677577e-4,4.035158802300309e-5,8.627203459766038e-5,0.0037753815727609163
proteome,ITIH3,-0.2685231026315434,1.0414029246570738e-212,3.4940863644528717e-211,2.323228649832992e-82,2.180548047865757e-81,0.12080108979378856
proteome,ITIH4,-0.1612208191477922,8.493575994316546e-184,2.36121412642e-182,5.540926066395659e-7,1.2928827488256539e-6,0.08200352429796276
proteome,ITIH5,-0.030207944545039955,8.287194787983799e-4,0.0014669691683520138,0.06618231089888642,0.10056541671725636,0.0017926053268301212
proteome,ITM2A,0.03640593352360768,0.004242312896911344,0.0069883246874064405,3.096248530800815e-17,1.0075751907923722e-16,0.008775195400357871
proteome,ITPA,0.1459285583581453,2.3055107666007997e-26,9.572952955487532e-26,0.021060352299957112,0.03518899162196612,0.011832843235048185
proteome,ITPR1,0.02296051144525438,0.09792815857861427,0.1296382289754989,1.64178881971006e-7,3.905771446400705e-7,0.003668535283166796
proteome,ITPRIP,-0.035299355913317856,1.1518542197551783e-4,2.1975571682780168e-4,4.483450438803179e-5,9.53876955602513e-5,0.0037190517158307568
proteome,IVD,0.01741636090694514,0.09996903281514666,0.13222003026162804,0.06339807257862766,0.0969402691760158,9.617415416605102e-4
proteome,IZUMO1,0.11108703019478158,2.7685632089683396e-30,1.2647004705756782e-29,0.27772867814493285,0.3435127167394318,0.0133474160135717
proteome,JAM2,0.050771363491529414,2.817006738606095e-20,1.0114197626065426e-19,5.310364949630699e-160,1.0993585310618447e-158,0.07790525351155175
proteome,JAM3,0.017331519222712116,0.09184719136907159,0.12230928449193429,6.19668433884222e-11,1.681052191921974e-10,0.005283628757017489
proteome,JCHAIN,-0.16345216320807163,3.540778348594576e-35,1.78815432518124e-34,2.8158057853225086e-5,6.070411438224818e-5,0.016951363987976364
proteome,JMJD1C,-0.007033359428256415,0.5279147851033485,0.5848133805376373,0.20835938828794148,0.27103433797348536,4.792818032300916e-4
proteome,JPT2,0.019683156306820538,0.27896648136955343,0.33304832683751595,0.6034900490297872,0.6529234444469788,2.862998768424774e-4
proteome,JUN,0.014885423738686844,0.14606064470934213,0.1865052589267584,4.2307745245525696e-4,8.395398257762713e-4,0.00201935641611406
proteome,KAZALD1,0.13330011397564012,4.794777551037729e-41,2.7123945099765753e-40,0.005555805988491458,0.009931045732030967,0.019134535666072705
proteome,KAZN,0.031114461699130586,0.15966536841185644,0.2010372770091594,0.028280363889329075,0.04637661920952336,0.0010717495851401138
proteome,KCNC4,-0.054460069728747035,5.48004405802248e-7,1.1982208693159264e-6,0.5442416976407006,0.6022143727874167,0.0027277043563963543
proteome,KCNH2,-0.03560838222090465,0.02224162598504205,0.032989484883301695,0.0629699644757042,0.09643721212202548,0.0012167266227607332
proteome,KCNIP4,-0.04787570199348704,1.168968165635241e-5,2.396220558630104e-5,0.42319158267078794,0.4886456605284929,0.0021438537343403397
proteome,KCTD5,0.10996684573885561,5.497445036576093e-36,2.8103401158959043e-35,6.082717851445005e-27,2.4289265948519793e-26,0.027316563637822533
proteome,KDM3A,-0.009450329092698287,0.5879948912948191,0.6423492094646619,0.003638738047770033,0.006663410515332952,0.0013637252900731145
proteome,KDR,0.005261877241386339,0.3452120787742372,0.4019441794742714,3.524082999164275e-24,1.332486823129601e-23,0.011036417846678637
proteome,KEL,0.19245563453748216,2.5484790152539777e-134,4.508491057894765e-133,8.795507808223725e-14,2.5907252565292684e-13,0.06404958962682006
proteome,KHDC3L,-0.01900156741761615,0.1474643081650213,0.1880508149994308,0.7910248159673798,0.8179247034391718,3.1478882488367166e-4
proteome,KHK,0.19469073379720278,7.920945915315634e-49,5.015453606682503e-48,6.019432114192404e-9,1.5199586800456423e-8,0.024315840345351836
proteome,KIAA0319,-0.0637060226980821,1.921455002142696e-24,7.662195561823128e-24,3.3057145405694923e-41,1.7018308190339237e-40,0.028083190438794703
proteome,KIAA1549,-9.16296549258148e-4,0.9482704407479317,0.9581174858231958,0.22394008400676224,0.28796524458843126,4.3226261766771135e-4
proteome,KIAA1549L,-0.01469001045947848,0.010610388670579228,0.01657025348863726,0.7014582427419638,0.7424063127497433,7.612514138597426e-4
proteome,KIAA2013,-0.0197071839011314,0.07588056159738842,0.102782069282031,0.1647982946721288,0.22178249061684832,8.020392977844404e-4
proteome,KIF1C,-0.017662552738327963,0.010418573865121693,0.016289136107279178,2.3219609825216378e-35,1.0724373588576995e-34,0.016547987640110895
proteome,KIF20B,-0.01524757435432417,0.3092330045839387,0.365150137694384,0.22050464680463255,0.2837976472763326,5.182407864545713e-4
proteome,KIF22,0.07954070643340588,0.001456972430558956,0.002526977138919544,7.429234218055694e-32,3.2415447955911168e-31,0.015464078902955536
proteome,KIFBP,0.002382786066055559,0.8966450632669822,0.916744987627433,0.38871629850617057,0.455322181115374,2.9779253811712536e-4
proteome,KIR2DL2,0.06841239638751047,1.3421484264156542e-4,2.5472895037108545e-4,7.202944766131998e-56,4.65163623281843e-55,0.02677052078234199
proteome,KIR2DL3,0.05978629268346044,4.005110088409717e-4,7.293148064920752e-4,2.9772591255972968e-50,1.762803121220793e-49,0.024040130343921606
proteome,KIR2DS4,-0.03416605291879273,0.3335968013989806,0.3898194808981683,0.724543211256063,0.7626908163203924,2.1565058480943478e-4
proteome,KIR3DL1,0.13237351865146962,4.870422498437383e-7,1.0673245700404445e-6,0.001261540011964825,0.002424249700411668,0.004047259687300242
proteome,KIR3DL2,-0.04092625832488809,0.011827466827712652,0.01830560746028273,0.5022530413578306,0.5631254912078559,8.892762994565651e-4
proteome,KIRREL1,-0.0280936713468391,0.01646239423539539,0.025001940048449082,0.7498763369657347,0.7845480385673762,6.661828894641841e-4
proteome,KIRREL2,-0.13080414018438938,5.852360771183703e-53,4.000712199317384e-52,0.0021608368447863947,0.004043258173033004,0.024036775207995298
proteome,KIT,-0.10364328829167725,3.5249634164393676e-53,2.4153446508419045e-52,5.934126759859793e-88,5.851931085145518e-87,0.06142528166721417
proteome,KITLG,-0.036051548536684554,1.1347118370935232e-5,2.3292713449198276e-5,3.6936775548043456e-21,1.313257586172215e-20,0.011419271308468981
proteome,KLB,0.06611342295318445,3.554997326730898e-5,7.011511619410466e-5,6.735559240951873e-16,2.130129731780988e-15,0.00892106473174814
proteome,KLF4,0.06109574933072735,1.21808036777433e-15,3.727019490076802e-15,1.5282319821111297e-27,6.21296539802561e-27,0.01884405727063232
proteome,KLHL41,0.21575603775724336,3.188372170318258e-97,4.081955423315348e-96,0.06767903181978055,0.10266551897443395,0.04345586472049501
proteome,KLK1,-0.03888558705476042,0.16208843825018482,0.2037029383978115,5.9599889655150225e-5,1.2561160859450075e-4,0.0023429263310604798
proteome,KLK10,-0.013539975623160156,0.11923774614462575,0.15559006749940213,9.845924475220698e-10,2.56151992363362e-9,0.004629919889781564
proteome,KLK11,0.07252391346639937,1.1669482418761222e-28,5.122288598550978e-28,8.328092311059465e-47,4.7203303798024425e-46,0.033396849067392265
proteome,KLK12,-0.1512330020909215,3.918740944164277e-7,8.633060238502284e-7,0.1836163232724043,0.24351478765658707,0.0029558602180447258
proteome,KLK13,0.2034319496944768,5.865517132600454e-96,7.444106308722054e-95,3.2780292550524485e-8,8.047575605969805e-8,0.04470980329036456
proteome,KLK14,-0.21608142773935882,6.054362370791454e-94,7.456828590860867e-93,0.0010913951210206729,0.002109789641231354,0.04251573644811946
proteome,KLK15,-0.0014752087531086288,0.8886794693326105,0.9105143457289893,2.1569715970036375e-23,8.041123999557622e-23,0.010641571731206056
proteome,KLK3,2.5872066164627743,0,0,5.123966838643919e-70,4.2251014694919775e-69,0.6626086572203561
proteome,KLK4,-0.21174579150773365,7.30348274643152e-54,5.063863690459289e-53,5.006482335257718e-246,2.2482956825565047e-244,0.1228859441784328
proteome,KLK6,0.08900827834198562,4.1963942305802095e-40,2.3243405614921502e-39,1.471122911036158e-16,4.729303719509412e-16,0.024550178957207125
proteome,KLK7,0.047534083214584424,1.2997902448493312e-9,3.2483627780095873e-9,3.127461467335442e-88,3.1157201444205305e-87,0.04238360389349771
proteome,KLK8,0.1903412824790088,2.159639453075519e-135,3.891350347856444e-134,1.2622282158495588e-4,2.6001723091495147e-4,0.06049782520532432
proteome,KLKB1,-0.12193059975689811,6.420073923609707e-127,1.0647838513077691e-125,5.725797453868883e-19,1.945704629551021e-18,0.06467774024817408
proteome,KLRB1,0.06401568378069648,4.766151481665286e-14,1.391239617498097e-13,4.1617989682125433e-45,2.2676369075116686e-44,0.026198685618863293
proteome,KLRC1,-0.015205690821821119,0.2151024831897695,0.26381686908862906,0.44987114649677185,0.5137612975837547,3.970951151578417e-4
proteome,KLRD1,-0.04132388006287482,6.898415904356937e-5,1.3344251838845526e-4,5.686740511523484e-121,7.829997902423136e-120,0.05485281606309622
proteome,KLRF1,0.10204843372172444,2.1710703180947422e-29,9.645896892722303e-29,5.252963659362247e-77,4.660608182880973e-76,0.046466172766756575
proteome,KLRK1,-0.001013003462475683,0.9139484649027916,0.9311747186915353,2.282207312643939e-5,4.945629655239538e-5,0.0023795343308953276
proteome,KRT14,0.035456586635281444,8.812514026553203e-10,2.2156527513788802e-9,0.20541826618231696,0.26756622890949716,0.0042017766325861405
proteome,KRT17,0.013436655879630884,0.07899710890751684,0.10660774891402758,0.11725737734926804,0.16583056418726425,8.678039347904676e-4
proteome,KRT18,0.5325253418436797,3.5713044596376746e-168,8.475315217627944e-167,6.791584883152173e-28,2.7765597022298586e-27,0.08380186355787367
proteome,KRT19,0.05452815656380677,1.951858997931573e-4,3.654571144940514e-4,1.4828854787582313e-122,2.081030150238114e-121,0.055750136747252044
proteome,KRT5,0.33107750104052086,3.318318536288914e-200,1.0195970323607727e-198,0.07430366617224114,0.11180020698802674,0.08647637425884913
proteome,KRT6C,0.06656091722346365,3.8164281041119746e-17,1.2282418562186167e-16,0.003233210273754448,0.0059581696900815875,0.008264042272539407
proteome,KRT8,0.149778507081558,2.9441751621747653e-24,1.1660851151137233e-23,1.4670351054094847e-12,4.1941973287857844e-12,0.015897868784784164
proteome,KYAT1,0.07973703781926383,7.450758462886101e-11,1.9558240965076015e-10,0.006542071031415888,0.011608696255746492,0.005290202780071196
proteome,KYNU,0.19928534876919346,1.4350959430122875e-82,1.5288485611871778e-81,3.2518742151139226e-23,1.2061271707646175e-22,0.04522607839375803
proteome,L1CAM,0.06896199655605491,5.866996487668052e-27,2.4712500357147248e-26,5.069252280823476e-50,2.989322708631056e-49,0.03357585111126227
proteome,L3HYPDH,0.015699152145350212,0.39653162420886534,0.4539120827708541,0.3134802897357952,0.3801615977311119,4.1535875689857615e-4
proteome,LACRT,-0.1330569143830256,3.19692046903499e-36,1.6400370560831522e-35,0.08709501247932476,0.12839916233694393,0.016089339649848045
proteome,LACTB2,0.03414124238082494,0.018430525706671436,0.027717003883448697,0.27897647304680934,0.344737319502231,8.972949503315286e-4
proteome,LAG3,-0.07213193296778432,4.55179546442235e-16,1.4240826324382464e-15,7.631775391313479e-118,9.945157306805378e-117,0.057763816411073754
proteome,LAIR1,-0.02494791581811739,0.004360984293606984,0.007171669381993683,5.264259744884177e-176,1.3022351012980435e-174,0.0774715132211995
proteome,LAIR2,-0.12606999941518834,7.406609263976934e-8,1.6996770787381033e-7,1.5572832113520352e-6,3.559678695330142e-6,0.00574064874384661
proteome,LAMA1,-0.04213102714610002,8.761556507149412e-5,1.6814584776048082e-4,0.34570738991201216,0.41272796366182557,0.0018567440171953775
proteome,LAMA4,-0.07897348122297145,1.0450252228456476e-25,4.308515007749216e-25,4.5000077569677776e-7,1.055910180272423e-6,0.013570022838043538
proteome,LAMB1,-0.07273547631315423,3.520348851197704e-33,1.7212559960881238e-32,4.425360737522383e-34,1.9965421936364508e-33,0.028980136220928432
proteome,LAMP1,0.029824805870940364,2.3418689823249313e-7,5.202371049776617e-7,6.225579445210133e-9,1.5692976166293935e-8,0.006561044254077775
proteome,LAMP2,-0.11051150898941019,1.064228666631534e-143,2.0848882401996293e-142,5.02931245608471e-15,1.5551443918761936e-14,0.06935497640462762
proteome,LAMP3,0.11413525934218069,1.431472920803078e-19,5.034300549185765e-19,1.1326182395974986e-170,2.603238300303227e-169,0.082152972660546
proteome,LAMTOR5,0.02836845738450772,5.825522559331233e-4,0.0010483785666268724,0.8111644364079936,0.8351989382274898,0.0012570562473952496
proteome,LAP3,0.025338101550977613,0.01926721609676989,0.02893055750332886,1.8198516492193305e-6,4.150114815680645e-6,0.0034061401614277065
proteome,LARP1,0.019311641252786678,0.1315387565272414,0.16973299472555256,0.021140453916053237,0.035302622986818875,0.0011682230192457954
proteome,LAT,0.06700967257723817,7.18067289434384e-5,1.3871862461012357e-4,0.7713982443851186,0.8036086635832125,0.0016538923345150724
proteome,LAT2,0.1889674832521763,1.1926988949711894e-11,3.211704865701939e-11,0.033502220247004284,0.05420896945732013,0.005213237491902611
proteome,LATS1,0.07236015645852349,2.5304931129512666e-5,5.048878603352527e-5,0.1708000920754195,0.22912016027948048,0.002202954738570906
proteome,LAYN,-0.09013473531109795,1.284989300604914e-36,6.603668606453776e-36,8.712714591661754e-273,4.986747822168756e-271,0.12799575195389523
proteome,LBP,-0.029790518112016228,0.024222049686454826,0.03578145902568909,3.84624638316026e-5,8.231080053112024e-5,0.0027150006618970046
proteome,LBR,0.09119595344001262,3.216211274974247e-10,8.220771201094419e-10,0.00537820905538926,0.009637195968496777,0.005158453125555962
proteome,LCAT,-0.014181737779170932,0.0032218210478606284,0.005380146246398841,2.60485419723877e-19,8.934864161856602e-19,0.009792266070569933
proteome,LCN15,0.11222054593705366,1.4839409355377347e-18,5.007657330444679e-18,2.3299335562771645e-29,9.729722533294769e-29,0.020997850402324714
proteome,LCN2,0.11448069348998165,2.1919273440851737e-46,1.3441672095345846e-45,1.1390739509918353e-59,7.8977597694659555e-59,0.04699609288748641
proteome,LCP1,-0.08237435536104122,5.452268633170692e-17,1.7450846644983827e-16,1.3820494999170291e-5,3.0423849851114693e-5,0.009566985596384248
proteome,LDLR,0.0019749955071607615,0.8711578613317985,0.8955979936367814,2.4241969581943015e-27,9.746874546789486e-27,0.01242664203833066
proteome,LDLRAP1,0.13087886684817948,1.228110149532738e-10,3.1780616369557287e-10,0.3803787462845333,0.4466313597765698,0.004294566613170403
proteome,LECT2,-0.1842996317237511,1.7322000657566751e-40,9.649412198365906e-40,0,0,0.22856353436404386
proteome,LEFTY2,-0.3388728396239118,2.817100594956841e-179,7.544143703375247e-178,3.510321318980446e-104,4.0500505652584675e-103,0.11494848642880162
proteome,LEG1,0.031232315154214253,0.023993842217821203,0.035462291358896246,6.837082825833539e-16,2.1598966199792317e-15,0.007732236634164447
proteome,LELP1,-0.005499429274197967,0.7086537008379065,0.7541232784345056,0.003674228604718252,0.006724183885374656,0.0013348751422508354
proteome,LEO1,0.013779012284633487,0.024378148645885847,0.03599383707503327,4.1373730330738965e-5,8.828210441186187e-5,0.0027621567952081927
proteome,LEP,-1.3558833180545524,0,0,4.09658519291493e-23,1.517504083517599e-22,0.28076694050130524
proteome,LEPR,-0.09335235339147385,1.7700111388253712e-41,1.0091137723107927e-40,4.1968610466307286e-36,1.9695558513046777e-35,0.0335836214921712
proteome,LETM1,0.07214369597682822,4.3530767136086514e-11,1.1457737535639001e-10,1.0258465208807506e-9,2.6664701642483625e-9,0.008735778819625617
proteome,LGALS1,0.0013193226213608503,0.8607835819244513,0.8859757671500258,3.038316206741659e-112,3.7579851726605526e-111,0.04987258787083482
proteome,LGALS3,-0.1433556745908649,5.5640729859308796e-104,7.589499554173943e-103,1.4422102021929787e-111,1.7762918059921117e-110,0.08999058458336351
proteome,LGALS3BP,-0.046654788689255704,4.207949536651073e-13,1.1983419217058031e-12,1.248149781519774e-7,2.996175339026497e-7,0.008334308480674846
proteome,LGALS4,-0.025863133541366802,0.03228540842378768,0.04650088423008796,1.5110854491677026e-167,3.316434906857536e-166,0.07373961573443166
proteome,LGALS7_LGALS7B,0.24427057454408088,3.257900259544536e-150,6.744546707525178e-149,7.747244152424417e-43,4.0893681158999766e-42,0.08316040823331705
proteome,LGALS8,-0.01799810241783918,0.18802025386384333,0.23226031359651236,0.06965189738910926,0.10523493192484987,8.976590218737757e-4
proteome,LGALS9,-0.04386550978241916,2.0778812230803184e-9,5.14447437673575e-9,4.1289322111847904e-221,1.525614319550431e-219,0.09829062997776206
proteome,LGMN,0.0426065299430618,1.640130221075517e-7,3.6855582104075705e-7,0.5751406560190444,0.6286328266087345,0.0029505732771163418
proteome,LHB,-0.5238482470211226,4.62175104777913e-170,1.1242409423722734e-168,1.7203236707568643e-30,7.352305702692954e-30,0.08501673903107798
proteome,LHPP,0.23546218796865176,5.711414261392781e-75,5.412863061365431e-74,0.9493718834857436,0.9559215342859212,0.03265179019997544
proteome,LIF,0.028078077662430295,0.012229873649397018,0.018908369270439564,0.009470722646240841,0.016514360456617094,0.0017694398396138622
proteome,LIFR,-0.04416870201460944,3.70535990042194e-17,1.1938129745399163e-16,3.837074939930554e-30,1.623249528935839e-29,0.020179707000905656
proteome,LILRA2,-0.1272739026781333,4.222319688976701e-54,2.9415157928694486e-53,1.4854797595174706e-48,8.569398059350784e-48,0.044209178257716086
proteome,LILRA3,-0.08079893730578615,0.004216273185555777,0.006949351456034621,0.34237030457546397,0.4092460765994182,0.0011173352999772623
proteome,LILRA4,-0.0740909133813815,1.607733198190894e-13,4.614526259114276e-13,0.17369562186332704,0.23268357972420908,0.005714388300381401
proteome,LILRA5,0.028541898603602834,1.0058320115301605e-4,1.9252614043649432e-4,4.3789268140722846e-30,1.8471224523521674e-29,0.015288576448599045
proteome,LILRA6,-0.03013132048031797,0.048536647975327425,0.06778874422965586,1.993692753995524e-9,5.109384678589056e-9,0.004606564966072257
proteome,LILRB1,-0.08842120981547548,3.32372777696383e-46,2.021241954366129e-45,5.7833359099139066e-18,1.9271184384747365e-17,0.027484548176910262
proteome,LILRB2,-0.036560214526330514,2.3708573264807175e-6,5.036777682676284e-6,1.3047846942905335e-54,8.315865769943378e-54,0.026633582302460712
proteome,LILRB4,0.07875685675225409,2.0684968760263352e-16,6.499399764392758e-16,2.6594602974304655e-162,5.666397524233232e-161,0.07755787520029034
proteome,LILRB5,0.0521468763186631,8.792857591729784e-4,0.0015499004414407753,0.052447937073257574,0.0816074244759269,0.0018000635877182258
proteome,LIPF,-0.10436166656142414,2.2313055166927452e-17,7.269175003600584e-17,9.747212456888705e-66,7.467746236655677e-65,0.03641414342205618
proteome,LMNB1,0.0396577508712548,5.162730057565869e-4,9.313973447487498e-4,7.0684720467388726e-37,3.365884160592295e-36,0.017908479950313305
proteome,LMNB2,0.04193168120646734,6.073907605879808e-13,1.7230064433005985e-12,4.947486097721627e-168,1.102420757194613e-166,0.07842196095178688
proteome,LMOD1,0.09726309229135047,3.5759110862808896e-39,1.96204595128833e-38,4.085621468552221e-306,3.223224072082144e-304,0.14366794452764142
proteome,LMOD2,-0.016815804345641172,0.16695876793327172,0.20895845002220387,0.024306545701543048,0.040198757452013685,0.0011096509870370808
proteome,LONP1,0.07898882888056641,8.420880297800199e-6,1.7383698436547935e-5,0.8180339656211917,0.8407891357916403,0.002036974724990648
proteome,LPA,-0.056055351982692875,0.12280824333336089,0.15952563339302464,0.00509848764722661,0.009186719408799058,0.0015036594544561854
proteome,LPCAT2,-0.02150082329041349,0.005753216090174249,0.009324618416001462,3.4914055881999364e-12,9.837271150536307e-12,0.006217426571462847
proteome,LPL,-0.5570035307356256,0,0,3.965141515819453e-15,1.229994482962485e-14,0.2232592064443193
proteome,LPO,0.014409662677416623,0.2723592394398774,0.3258070638644513,6.8768853023824385e-15,2.1107916085861553e-14,0.0068992195508015275
proteome,LPP,0.02314711087397482,0.08511151922132733,0.11422552855496756,0.08308528655714924,0.12348571866615,9.158890696491229e-4
proteome,LRCH4,0.08704366597018745,3.2614765613070177e-10,8.32917767493892e-10,0.5892003266688353,0.6413181838837362,0.004131147394668244
proteome,LRFN2,-0.02235594548822606,0.019925264812073816,0.029887897218110724,0.004511498281780999,0.008164329500631578,0.00184332107345353
proteome,LRG1,-0.13365353857968357,6.36497971105297e-135,1.1398390046971546e-133,5.09861894723454e-56,3.307304157106138e-55,0.07987389367916786
proteome,LRIG1,-0.10689637541817097,6.72761469811862e-43,3.9197419768080345e-42,7.606578831446475e-16,2.3977973659818854e-15,0.0247682684758308
proteome,LRIG3,0.02945084647633022,1.0250506848059186e-7,2.3303138231685954e-7,2.0848086093977083e-53,1.3059133757150022e-52,0.0268955504944538
proteome,LRP1,-0.09128554222891025,7.35308726618714e-55,5.209626633495209e-54,1.2558483697259247e-93,1.357711626381472e-92,0.06335477022155889
proteome,LRP11,0.026360156597331787,6.859766491672486e-4,0.0012241483745020429,1.6972038482463534e-75,1.478847174039136e-74,0.03510276363128795
proteome,LRP2,3.460406479495833e-5,0.9962506841610748,0.9965920997485186,0.6580741764738092,0.7033755112145913,1.5824576090406328e-4
proteome,LRP2BP,-0.06350260481274882,9.934527001778858e-5,1.902813931639927e-4,0.011300622055691245,0.019541774751518214,0.0025089032014610213
proteome,LRPAP1,0.10979764545765701,3.4149242504141423e-18,1.1366207396760412e-17,3.558055080543077e-13,1.03548980858477e-12,0.013438457173573393
proteome,LRRC25,-0.1543967653409676,3.0088011686309203e-72,2.736040688857837e-71,1.0605627182224594e-17,3.5059825305677904e-17,0.03845699919969503
proteome,LRRC37A2,-0.02712673554315255,0.0021156275888544783,0.0036156422317717932,7.897890173683409e-8,1.9116037659188946e-7,0.004457620879283031
proteome,LRRC38,0.21612919327561303,6.566305961742508e-110,9.535844329515614e-109,0.0031566756449373304,0.005820806195560371,0.04884075507546204
proteome,LRRC59,0.023891261257391522,0.016229802702305066,0.02467437192084817,0.12581903629562238,0.17699555033586592,0.0011257193628839701
proteome,LRRFIP1,0.023555541044013393,0.02127741267141263,0.031720514600538034,0.3875319394655102,0.4541171141308006,8.15265690781164e-4
proteome,LRRN1,0.08232606195687317,7.735391259010208e-21,2.811906237241693e-20,1.6397986535658625e-27,6.629601481660322e-27,0.02042655346537048
proteome,LRTM1,-0.023900450760634746,0.004031275997618304,0.00665570963633927,0.20304079322663413,0.2647057058635753,0.0012358429266942084
proteome,LRTM2,-0.13394347824783626,8.715953039730673e-122,1.3979047759875734e-120,0.46053307357879925,0.523275999134494,0.052964184429547645
proteome,LSM1,-0.008007369107610244,0.502111216591425,0.5596268198665023,0.4441943878165856,0.5082726060512008,3.0314709736756207e-4
proteome,LSM8,-0.11968190464512357,2.963182747137733e-12,8.159934376316078e-12,0.5430797335993501,0.6011565196725457,0.0050731735970702685
proteome,LSP1,0.10019255751667243,3.650176131817549e-30,1.6622252931006902e-29,3.756327064634558e-18,1.2588655225795951e-17,0.021276365058625846
proteome,LTA,-0.17186094627517282,4.505298321901685e-84,4.8707280746781556e-83,1.7340846848776183e-4,3.5298418376274534e-4,0.03845715573186137
proteome,LTA4H,0.06932396565065084,2.608668836013426e-7,5.777469144403028e-7,1.7740997819000157e-48,1.0194089101114461e-47,0.024433241947456996
proteome,LTB,-0.09332062442580497,3.854229177181657e-39,2.1028962557370572e-38,0.2860240585800462,0.3519832322913806,0.01732201440987413
proteome,LTBP2,-0.09067905222386813,5.520528907417981e-38,2.9513596851196127e-37,0,0,0.281782321420163
proteome,LTBP3,0.20984661275929253,1.7951504410084778e-69,1.5975744321048006e-68,1.189950694003635e-36,5.647912318368472e-36,0.046383643163619426
proteome,LTBR,0.04132760013477037,2.321111974242703e-12,6.409958233504684e-12,3.3580619965737327e-102,3.843993320783814e-101,0.05058513530411701
proteome,LTO1,-0.0024199015170813737,0.7766167690571666,0.8160346828214072,0.1259217959889991,0.17705477962037014,5.75106461100261e-4
proteome,LUZP2,-0.13774365444043102,9.165946319043387e-54,6.325153027254763e-53,2.813355985235991e-17,9.196177067081588e-17,0.03027281786827818
proteome,LXN,0.16941152765678766,2.10285631284003e-37,1.1020175183447122e-36,0.6544039150955718,0.6999651990340691,0.016275302837719496
proteome,LY6D,0.036948607814359935,5.579304718743717e-6,1.1657831405878961e-5,1.7093614069609717e-83,1.625285324729341e-82,0.03946394278115062
proteome,LY75,-0.00398142501097873,0.642100282799906,0.6936679220921266,3.17533976957483e-19,1.0853415441907411e-18,0.008778142049357451
proteome,LY9,-0.0593261259633269,1.48162023540567e-20,5.352536469243999e-20,4.408921294452105e-30,1.8570910906934625e-29,0.021295840873602367
proteome,LY96,0.11707191655964107,2.7782099204580336e-51,1.8389103759222222e-50,8.220447066651532e-41,4.217132686740917e-40,0.04063837290989236
proteome,LYAR,0.018877135949182552,0.05684247044697257,0.0785993231808209,0.051010346702123226,0.07975318801472829,0.0011625817199688582
proteome,LYN,0.10059418014554562,1.0308874997795115e-7,2.341759231016649e-7,0.4482992750570224,0.5121665690377489,0.002975409367313886
proteome,LYPD1,-0.0092526520997975,0.4870573918461021,0.5437792736497479,0.014354711185478573,0.02448942253092458,0.0010851864012147994
proteome,LYPD3,0.04120653329661833,4.737139053013953e-8,1.1026881097087503e-7,6.180410073450527e-25,2.3926547751196405e-24,0.014211641599305658
proteome,LYPD8,-0.005509831301643335,0.635779122956207,0.68785739803898,3.007500082331635e-5,6.474109690505932e-5,0.0023377945360666397
proteome,LYPLA2,-0.019938675412137376,0.35675950926311006,0.4134104833422066,0.5050502929330174,0.5650601015988799,3.0159319068323587e-4
proteome,LYSMD3,-0.08719782494060042,2.911161512448148e-5,5.7728807437745544e-5,6.1667393884634955e-6,1.3741001736583927e-5,0.004453325527639218
proteome,LYVE1,-0.0741441859880272,4.6417000442046034e-77,4.5774062260247423e-76,0.0015523614896179468,0.0029481738374722097,0.03442369982405258
proteome,LYZL2,0.3042238675551409,0,0,1.3100101734642833e-4,2.6891137105079067e-4,0.15617891949146712
proteome,LZTFL1,0.03596229819756839,0.01245282475991195,0.019232696018086234,0.24724655051516622,0.31256504155641845,9.854687535901796e-4
proteome,M6PR,-0.012279954262828479,0.12521389227480562,0.16229988967591366,0.7191217634391095,0.759083774889953,3.59245851917378e-4
proteome,MAD1L1,0.14668366184620824,3.24336307141721e-51,2.1371053736945455e-50,2.544346662649673e-57,1.6841151719443074e-56,0.04738085330900421
proteome,MAEA,0.01871612042144127,0.022915535511389674,0.03397178677386819,0.7967866077597896,0.8221350682399525,6.251723704852052e-4
proteome,MAG,0.022589764215114754,0.017707611967073024,0.026726225094046617,0.23304831159101147,0.29758006191345693,9.978614338782554e-4
proteome,MAGEA3,-0.01506044559381333,0.37595482084882514,0.43290419016083653,0.14154492842468486,0.19500877070090528,6.135584429907137e-4
proteome,MAGED1,0.003459104406295126,0.7379968867241016,0.7799467459622204,0.3934987443087613,0.45933148130781826,3.046420448834519e-4
proteome,MAMDC2,-0.003420151583015412,0.6318946355677886,0.6844157481344619,3.9507794520555324e-119,5.290057440619311e-118,0.05283677160228317
proteome,MAMDC4,-0.024616468366696516,0.029775020203076638,0.04321893782833451,6.661916172164028e-52,4.0512777721972494e-51,0.02388935640208656
proteome,MAN1A2,-0.05698510495411837,6.252609776328253e-28,2.7079180915581856e-27,1.0453030562485993e-165,2.260177497177527e-164,0.08294553527720827
proteome,MAN2B2,0.2020418754871715,2.2993706807313684e-59,1.7709401100408614e-58,1.5338024891544994e-27,6.226939451796917e-27,0.037639311701487044
proteome,MANEAL,0.016348052172492595,0.11327604584697588,0.14827478826337337,0.0012962359417864637,0.002487648069740097,0.001768982332778557
proteome,MANF,-0.013494432930464638,0.6099333200608719,0.6640788367242391,0.6214384143774478,0.6701066610889436,2.021137675086715e-4
proteome,MANSC1,-0.0067073919385676065,0.25248131799855095,0.30542601211677173,2.8842997358238355e-17,9.407006624435503e-17,0.007926704813045804
proteome,MANSC4,0.05015691321437492,1.435620092025793e-4,2.7176232481344295e-4,8.048501290570924e-80,7.318870799743467e-79,0.037253293203858506
proteome,MAP1LC3A,-0.01218325169857016,0.05557669756297832,0.07710474343456925,0.45411872461458114,0.5175995927957682,5.987846683772613e-4
proteome,MAP1LC3B2,-0.02624605145107059,0.04233000997726613,0.05974917752593803,0.16244417225463775,0.21922077614946262,9.551765702846549e-4
proteome,MAP2,0.042873349856435275,1.3292986191916424e-5,2.7134424261681144e-5,0.012450624760072027,0.0214288759874117,0.002894281861081649
proteome,MAP2K1,0.03759950057093725,0.005157614177214441,0.00840126996835321,6.290379310880344e-6,1.4005810227658066e-5,0.0034104120769369306
proteome,MAP2K6,-0.020964996958587872,0.3472612815803805,0.40368605373681027,0.02413536215897778,0.03993827785830847,0.0010332299743022189
proteome,MAP3K5,0.021638095114514467,0.3253674203717245,0.38219215294368764,0.16471704155886197,0.22177538944202865,5.910328932403619e-4
proteome,MAP4K5,0.061898252724270283,0.012747698284417922,0.019656910349823514,0.06388697632706945,0.097483577573819,0.0012861858700708995
proteome,MAPK13,5.4358952676725495e-5,0.994436506896627,0.9954595897226524,1.564583186997809e-9,4.034468483080039e-9,0.004317406493524967
proteome,MAPK9,0.0500350689594329,7.128135262963218e-8,1.6422278478760563e-7,6.359648587420036e-22,2.3032027576524922e-21,0.012792910411084102
proteome,MAPKAPK2,-0.016685144135933045,0.26491430977985503,0.3178318414498137,0.11742894357963188,0.1659124328697703,7.255069591128871e-4
proteome,MAPRE3,0.0013183934695674068,0.9617471826882993,0.9693853681861692,0.5023565533077277,0.5631254912078559,2.3176300223626267e-4
proteome,MAPT,0.004026368274381701,0.7300380356477087,0.7740577646406327,0.02133960441129897,0.03555382721266078,9.701433036021223e-4
proteome,MARCO,-0.03190402912728403,5.3193387765584065e-8,1.2342726461664537e-7,1.1006237973828099e-77,9.82483444819701e-77,0.03745483398712868
proteome,MARS1,0.06246989681374467,3.375292282350396e-4,6.184857609655245e-4,0.16971155086098577,0.22776460550032987,0.001704532376359924
proteome,MASP1,0.020844451939886016,5.792122498953953e-5,1.1271470382964392e-4,1.3244790402933178e-25,5.175574723716459e-25,0.01314307262628489
proteome,MATN2,-0.12949432709843645,1.744995414400016e-85,1.9515868255301328e-84,3.378539433997691e-34,1.526618669944158e-33,0.0511608748951502
proteome,MATN3,0.09313332727840591,2.1300207210840038e-39,1.1731189594045675e-38,3.359823120290198e-21,1.1974754197957373e-20,0.027262848343811097
proteome,MAVS,-0.05343328846600222,0.009535729905526792,0.015005280643791218,0.06946939379081625,0.10501354763096458,0.0013734710917042703
proteome,MAX,0.031913436342193235,0.16847903431550762,0.21052667002010564,5.497628872574365e-8,1.3395307745446218e-7,0.0037687447258397677
proteome,MB,0.5747463240629209,0,0,2.3668919765074095e-101,2.677890573420592e-100,0.22537968398826425
proteome,MBL2,0.21992485219439437,1.683649235743957e-23,6.570283581733436e-23,0.27357096222455374,0.33908859394202645,0.010254250943946386
proteome,MCAM,-0.04666992867459822,5.19265064528836e-10,1.3146008008323263e-9,8.15556520970763e-174,1.9354548656208592e-172,0.07922930919669313
proteome,MCEE,-0.015862739032884404,0.06006774746710411,0.08262853669013992,0.09394082409678248,0.13690128084798206,9.992214820983003e-4
proteome,MCEMP1,-1.8463841835991333e-4,0.9918904507824511,0.993592390471508,0.558702359851416,0.614213873443824,2.0349703739985792e-4
proteome,MCFD2,-0.030661892908539132,0.0014217118856538137,0.0024687549043566227,4.46846780515213e-4,8.849021386186613e-4,0.002768062649102565
proteome,MCTS1,0.026218204243673406,1.130745809360953e-6,2.446736113806243e-6,1.5609966082925564e-5,3.4259767666210315e-5,0.004790753488460031
proteome,MDGA1,-0.3376066097920373,5.283203255004478e-104,7.240220798759658e-103,9.554797449916981e-21,3.376568251368967e-20,0.05428407490939913
proteome,MDH1,0.06368469285024937,3.602295858958537e-15,1.0795792209753564e-14,0.019968890523784456,0.03350214711690695,0.006947342806646661
proteome,MDK,-0.01856896153795351,0.09312760893320869,0.12384487037632627,1.4558848069786674e-75,1.2761945199912102e-74,0.03403729281172896
proteome,MDM1,-0.014373368686772726,0.023988542291375134,0.035462291358896246,0.36760656965472033,0.4337282040509816,8.187888492722228e-4
proteome,MECR,0.08522540818380928,4.90023591494986e-6,1.0283097509517355e-5,0.8743347036279181,0.8914366049213738,0.002123513270125832
proteome,MED18,-0.00977650164759214,0.5593587020233083,0.6138225756413672,0.15224030846758468,0.20727120355264914,5.631833044285051e-4
proteome,MED21,0.007727601370656981,0.38135959297775646,0.43826324878034295,0.03665640305780803,0.058638615895239915,9.271716201509905e-4
proteome,MEGF10,-0.034457147931884466,1.1141183924212964e-4,2.1269532946224752e-4,1.2017044011269908e-4,2.4807462142076986e-4,0.00349686753781564
proteome,MEGF11,-0.04768990202949161,9.326164136647403e-14,2.6980250857159336e-13,0.10215783925951684,0.14769625200521527,0.005923560718426146
proteome,MEGF9,0.0012171730919659572,0.78829990222621,0.8259323096189186,6.994761221574623e-8,1.6986445928266494e-7,0.0035527200531543235
proteome,MELTF,-0.09722599103963842,1.6311674321012758e-55,1.161311642513079e-54,8.035990319278945e-17,2.597680591580868e-16,0.031146849779959407
proteome,MENT,-0.14497777799379918,1.221898067576631e-208,3.876870064408898e-207,2.2509781152040983e-33,1.0108623258893481e-32,0.10309408823055066
proteome,MEP1A,0.3406487943643643,1.0436960234537603e-113,1.5785226385811018e-112,1.7666539873334286e-43,9.410333921580799e-43,0.0674243921868467
proteome,MEP1B,-0.07120498281928017,0.006673258306399703,0.010685266591541818,1.2369603176888814e-19,4.2780653641396263e-19,0.009721950197274953
proteome,MEPE,0.17529626966917325,2.8947965115100555e-204,9.0859258248364e-203,4.2186456941048636e-11,1.1497877480011295e-10,0.09270778204052177
proteome,MERTK,0.0821841421411656,6.1152188852028744e-49,3.8889594609819587e-48,5.96919065531791e-143,1.049642621859818e-141,0.0824518465808809
proteome,MESD,-0.005010127717848889,0.8527567136577627,0.8786434335217118,0.38990883271664106,0.4563527997994688,3.023568286504297e-4
proteome,MET,-0.1007687061531188,1.11238677780399e-109,1.6074539625791324e-108,8.608118010107199e-5,1.7922322732883677e-4,0.05041835441806519
proteome,METAP1,0.001535606646541774,0.8082359158670174,0.8431882195910735,0.3146698047680178,0.3812873225893914,3.5307696456887694e-4
proteome,METAP1D,0.06431528377510846,4.02837351267173e-4,7.330936585716196e-4,0.2680610610603731,0.33296605839796983,0.001562054134842783
proteome,METAP2,0.08974972674307134,3.4455876328083393e-12,9.44382187809159e-12,0.6683452088452903,0.7110203661958897,0.00487087027975075
proteome,MFAP3,-0.004775563841569952,0.6548393642877207,0.7058626677828127,0.3674366208447174,0.4337029907989204,3.278645032915861e-4
proteome,MFAP3L,-0.028668860153998183,0.02664224601378536,0.03904052013767041,0.007059975115508182,0.01248217284201598,0.0017400240459677363
proteome,MFAP4,-0.08805977315397483,2.3338771101574436e-41,1.3228324824368113e-40,2.340293647377139e-105,2.7545633696346243e-104,0.06281314102892366
proteome,MFAP5,0.16860443410472278,1.5046376786452318e-69,1.3431306984603766e-68,2.096543648481163e-45,1.1590550965750976e-44,0.05070387102006191
proteome,MFGE8,0.13466920057983464,8.595642045660335e-44,5.048426384563887e-43,1.549993200751551e-12,4.422707871939176e-12,0.02415590540466328
proteome,MGLL,-0.029808863617181287,0.12048555441277721,0.1570077380941503,0.08556651585640718,0.12652920961745318,9.209904019970017e-4
proteome,MGMT,0.004324275438987913,0.8726123688578387,0.8965700474114858,0.6257233592994207,0.6739802530608889,1.743657754182948e-4
proteome,MIA,0.060964131781892354,2.958470415843352e-14,8.687902559201956e-14,9.809780138905639e-21,3.4624846705520625e-20,0.01548313758779396
proteome,MICALL2,-0.008738091989486958,0.5436105744336657,0.5983405983302678,0.09382231452488198,0.13679687117788736,6.60517460098986e-4
proteome,MICB_MICA,0.10255185818729573,0.0019922325596115195,0.003412750493841564,2.83210674460957e-5,6.101047666062978e-5,0.0033878783643023214
proteome,MIF,0.027645843806004076,0.06901981469009662,0.09410034520335919,0.1578421382351502,0.2139650633690115,8.260193991521669e-4
proteome,MILR1,-0.12953057151144887,6.415736544944103e-33,3.100585260710569e-32,1.2040396512634863e-31,5.222275991141331e-31,0.027417887573645827
proteome,MINDY1,-0.01454201932812087,0.5209396977527678,0.5784035670370213,0.03016285316014195,0.04921485096392083,9.274725566948971e-4
proteome,MINK1,0.025255505498341182,0.18992782142964412,0.23441831321485462,0.22578150780780315,0.2896973389312101,5.766187963883729e-4
proteome,MITD1,0.04409276763885351,0.03996826206672259,0.05663463930716662,0.2125293003794667,0.275109990158609,8.284494033568013e-4
proteome,MKI67,0.015111000794752293,0.038757824314275026,0.055079887620919574,0.44393114260440736,0.5081705902989275,6.89301489636196e-4
proteome,MLLT1,-0.029706908723669878,0.032290953180674306,0.04650088423008796,0.010606750485580891,0.018407315497866006,0.0015497662491908981
proteome,MLN,0.11365288695997879,1.0041192019909856e-8,2.418336592913933e-8,7.583942278291647e-307,6.325007860095234e-305,0.13292063611505633
proteome,MME,0.4080689420332856,3.9329118875186073e-112,5.8572294896259254e-111,3.2210781684131854e-10,8.5631395023662e-10,0.052134405255689575
proteome,MMP1,-0.01487726667327403,0.4458973828936833,0.5029267622359589,6.596337193210447e-25,2.550292485692887e-24,0.011368012018958651
proteome,MMP10,0.0632599264406002,1.3378027206203327e-6,2.884081345266434e-6,1.6815333948294296e-8,4.163185733254542e-8,0.0064233974787554216
proteome,MMP12,0.04438414359426278,2.4287892292492943e-4,4.4984998478291184e-4,0,0,0.14304596577805606
proteome,MMP13,-0.03931496144158964,1.1751672748073929e-8,2.8186633320976007e-8,5.3987963845420996e-21,1.9125105153493188e-20,0.012691373834578301
proteome,MMP15,-0.007340146097198819,0.4515413010712036,0.5081145172809728,0.6542767069660725,0.6999651990340691,2.1063402261845e-4
proteome,MMP3,0.8743734153999586,0,0,3.8675693272476674e-15,1.2010037091740363e-14,0.3997812841547811
proteome,MMP7,-0.10057348599687915,7.691559507835098e-25,3.1060013720838193e-24,2.36702988928175e-176,5.956345040356405e-175,0.08548825248551872
proteome,MMP8,0.15977647814499052,1.2173952947247344e-22,4.65127861950458e-22,3.2086672749483584e-6,7.249303231868621e-6,0.012566387786157485
proteome,MMP9,0.20813557589329104,8.684239631861059e-51,5.696470895596052e-50,1.4979342123522455e-6,3.434776092581465e-6,0.02544969963871746
proteome,MMUT,0.0058604772879658155,0.5515998187797331,0.6064481623420116,0.37745537216073655,0.4438870959222071,3.30459745914613e-4
proteome,MN1,-0.015791924906528546,0.17337438203023944,0.215904360557282,0.5326328577773967,0.5911617155331638,3.812251476914552e-4
proteome,MNAT1,-0.00365848865294853,0.675293692009548,0.7241668945539569,0.10331740625572597,0.14922489305317374,6.31115337757282e-4
proteome,MNDA,0.16931841801591388,5.642500699839102e-16,1.7559125312185865e-15,0.5949077117239534,0.6462730221519242,0.006728077621917183
proteome,MOCS2,0.08933862715136519,5.157011612253048e-11,1.3561546753303285e-10,1.2962634075546208e-7,3.106562304311936e-7,0.007593979094700831
proteome,MOG,-0.062174895337403904,5.2901088061441454e-17,1.6969041324323913e-16,3.7992263018085813e-144,6.8036451380240795e-143,0.06938004134695852
proteome,MORC3,-0.0020923499995754566,0.6939590622419733,0.7403751837296492,0.3005217419415058,0.3671106689812085,0.00037837448679789443
proteome,MORF4L1,-0.009277504355452331,0.24950127553741855,0.30207143230764194,0.4190739852158408,0.48446612389902544,0.00039804021108813537
proteome,MORF4L2,-0.007924584024511398,0.24714538481409123,0.2999656458512816,0.5658358412814051,0.6208637973397959,3.2842989520098786e-4
proteome,MORN4,0.0036689140284576925,0.8140850284427031,0.8477753114606673,0.4663660487639941,0.5284637019961563,2.5615356183350535e-4
proteome,MPHOSPH8,0.05238669527880734,9.480966154492416e-4,0.0016671650725881544,0.46209026199402037,0.5244329217575994,0.00128234788292525
proteome,MPI,0.05109610231511319,0.007027219735468125,0.011221255146516115,8.649890473766557e-7,2.0038912930892523e-6,0.0037371754688479975
proteome,MPIG6B,4.076958566409678e-4,0.9808666415442495,0.9855937096962699,0.7229149514398301,0.7615260711847218,1.3077187212340302e-4
proteome,MPO,0.016957924927637556,0.09281756245946347,0.12348881714638736,6.149821833178468e-9,1.5515410484916117e-8,0.004396145786777161
proteome,MPRIP,-0.0017997612966743992,0.839839395411418,0.8683992898356109,0.007013503160747709,0.012415048954652858,0.0012035862532749908
proteome,MRC1,-0.024184254851749697,6.821938060928398e-5,1.3205064456133948e-4,9.703639367838967e-145,1.7593120071255865e-143,0.06502770316480877
proteome,MRI1,0.16254275794926512,2.3818260117076938e-32,1.1341843602242672e-31,0.0809043199947237,0.12055115368279656,0.014200499684880796
proteome,MRPL24,-0.003430186259316117,0.6568327776211496,0.7077500472041843,0.0014398399890141128,0.002750584376918976,0.0015359067996226772
proteome,MRPL28,0.0021951667792900966,0.775417733595981,0.8153618027257451,0.5325081711263495,0.5911617155331638,2.2287586627345313e-4
proteome,MRPL46,0.012075238344496213,0.034804868820851084,0.04987501820719898,0.7574830481326311,0.791088736135653,5.618621771608101e-4
proteome,MRPL52,0.005056848799165392,0.31469907051619395,0.3708544960988172,0.8252211366147177,0.8472812162428285,1.910488989917969e-4
proteome,MRPL58,0.04311663211683145,0.0027159572649965024,0.004579941800418712,0.9144169545239558,0.9264779903698116,9.238395247810338e-4
proteome,MRPS16,0.03176249521825704,1.1715854814023594e-9,2.93298286467709e-9,0.4813208158083244,0.5428914965714989,0.0038754038221414655
proteome,MSLN,0.04593789625503014,5.219794653579402e-4,9.411105987522097e-4,7.210187055970451e-97,8.002485177329941e-96,0.04447282300660982
proteome,MSLNL,-0.02164569069531162,0.0040208332280085276,0.0066422253494945625,0.4388769170702205,0.50337199250608,0.0010697023782447745
proteome,MSMB,0.5513509519094951,7.610650723288318e-257,3.7025815768797664e-255,1.4472875038357157e-55,9.325898948557293e-55,0.13009906005569805
proteome,MSR1,0.031447325026415326,0.0028348409260127907,0.004763903663230476,8.304334624678998e-243,3.56475776021147e-241,0.10541328568152741
proteome,MSRA,0.02369020235697684,0.14106531023210367,0.18060071954715376,0.3257866568243568,0.39312577563881673,5.367424983743208e-4
proteome,MST1,-0.03306992569293665,0.011515222087462093,0.017841259699204803,0.2927008759269796,0.3582364179584291,9.833073369376333e-4
proteome,MSTN,0.5181788122452076,0,0,1.2635162991125412e-4,2.6009901813184115e-4,0.16848309820670804
proteome,MTDH,0.13425283498374935,9.254910081099084e-13,2.6026091066212167e-12,0.7355488240571733,0.7723262652600319,0.005198938047992208
proteome,MTHFD2,0.00827685915409888,0.12192120207757398,0.15859536045652337,0.910022492425256,0.9236285310811273,2.8611988358806517e-4
proteome,MTHFSD,0.0730705217102136,0.0015654657042600553,0.0027055028956394916,0.017873795028576733,0.030140732344549673,0.0019116731974686552
proteome,MTIF3,0.05684591052044124,0.0015741885495022128,0.0027189682698206858,0.7367765166758002,0.7733371636737364,0.0010938256662327284
proteome,MTPN,-0.013229552706635853,0.05518949969358401,0.07660397033075213,0.6683932459203568,0.7110203661958897,5.28516448413896e-4
proteome,MTR,0.009746201518447321,0.43950808379984896,0.4970647410351643,0.5686157281202946,0.6230440354291066,2.647642244083537e-4
proteome,MTSS1,0.07536474565696996,0.0013508952600000106,0.0023527823770525245,0.0023093711518517145,0.00431647147884166,0.0024108687798295447
proteome,MTSS2,0.08541065344654754,3.95392740910292e-5,7.772063371832609e-5,0.02119794025992534,0.03537735121679256,0.002543751670035288
proteome,MTUS1,0.18159344189124774,1.5136764794402162e-54,1.0672516047067612e-53,3.3418273001686682e-6,7.538480594429941e-6,0.026120862126747135
proteome,MUC13,0.08641652796485279,3.6433930953466086e-15,1.0896582423480276e-14,1.3296441621683441e-42,6.993209566431345e-42,0.025176086414627652
proteome,MUC16,-0.05835771640081093,0.1465404887497564,0.18703615507675508,8.531606963047369e-9,2.1394983440837863e-8,0.004161932320621453
proteome,MUC2,0.07329129550982777,1.0562397736397923e-4,2.0190988207298977e-4,6.115905444367875e-16,1.936261170510827e-15,0.008756056167738224
proteome,MUCL3,-0.028240749924734326,0.001012581488516448,0.0017730806028671338,0.051303867955412925,0.08016915982968432,0.0018116861546572105
proteome,MVK,0.31407213594207783,2.336109242393486e-72,2.130969649545808e-71,8.255060444598242e-8,1.9955828757736018e-7,0.03437469887464173
proteome,MXRA8,-0.18389449949593217,2.209837979820932e-172,5.513262447091709e-171,9.280601254928378e-167,2.0216473927713388e-165,0.13688196784656148
proteome,MYBPC1,0.4256853737702222,2.4964493961306123e-183,6.874656403118167e-182,4.5088858249033865e-127,6.715019246373972e-126,0.12823816625811357
proteome,MYBPC2,0.4311879581107954,9.444983249953459e-135,1.6810918357691551e-133,0.014585274455726865,0.024853716366763992,0.05956148842743725
proteome,MYCBP2,0.030111793675918094,0.03235027437789069,0.04654038980239671,0.7022568687286713,0.7426396780866189,6.023633161208464e-4
proteome,MYDGF,0.03898714001990185,0.060039679150486365,0.08262853669013992,0.0024470006454995067,0.004567004401670754,0.001757513226137486
proteome,MYH4,-0.006480099596578881,0.48076045632029074,0.5378841594476538,0.03239105861545245,0.052582763611097004,9.038047469744903e-4
proteome,MYH7B,-0.02243728834899531,0.011197016634653027,0.017403669625427148,0.23552940970702624,0.300354017883272,0.0010392215784501557
proteome,MYH9,0.09300820053439278,7.9701158858398e-5,1.5325934302217638e-4,0.0015419494138275997,0.002934126687720185,0.0030117864280648776
proteome,MYL1,0.11723208944066696,2.1733969671534385e-49,1.397388931083896e-48,0.06314363907289679,0.09665248162233125,0.022230222476096073
proteome,MYL3,0.42266561636356986,1.2897532077085186e-170,3.1636887506732484e-169,5.575371082085014e-124,8.016999107687761e-123,0.12192404608182783
proteome,MYL4,0.20510038188920038,1.305844414373595e-91,1.5621966580149686e-90,9.500376782784971e-4,0.0018438563716056736,0.042110472883492456
proteome,MYL6B,0.016172087603731657,0.3553694802817101,0.4124546771142393,0.23112608335403687,0.29551337595726396,4.920067893512403e-4
proteome,MYLPF,0.26220646759550775,5.286308595051712e-155,1.1602056232297704e-153,1.9440707432687924e-4,3.943531966366647e-4,0.06932674852152576
proteome,MYO6,-0.01132592233167362,0.13299906093347413,0.17132579826337643,0.26037851137375023,0.3256404775921067,5.932995608726177e-4
proteome,MYO9B,-0.03008963638480632,0.0353655228896482,0.05060390260533485,0.04849038698918903,0.07605773219851841,0.00121424726710595
proteome,MYOC,0.08096658968212177,9.58425436559219e-16,2.9417916396596847e-15,4.409272924453521e-101,4.969369755397617e-100,0.050916761040887715
proteome,MYOM1,0.010424912553097762,0.2800154586533886,0.3341639917453971,0.33111669221165096,0.39840462677898153,4.398189682707221e-4
proteome,MYOM2,0.1832546104253394,4.959167702657839e-71,4.48167508484775e-70,3.3378854904287406e-10,8.857534315055905e-10,0.03567688967957372
proteome,MYOM3,0.5839971342040324,4.909466608741116e-199,1.462319697032175e-197,3.8308002375772726e-59,2.612641563899079e-58,0.10828699346832793
proteome,MZB1,0.09261779893056726,2.111029219243158e-15,6.398851807861658e-15,3.0611417354794766e-24,1.160451003359038e-23,0.01791394750297226
proteome,MZT1,-0.03423377383451242,0.002711133420644112,0.00457697517627188,0.2076253726620229,0.27019993883211985,0.001356512689315914
proteome,NAA10,-0.011368866942067356,0.2695372479858287,0.3229799781899154,0.9104164130135103,0.9237071635684521,1.8034845085268536e-4
proteome,NAA80,0.126894309935522,3.0431162321836654e-7,6.724342378307433e-7,0.007637123766371769,0.01346994820183637,0.0036867060395776585
proteome,NAAA,0.001426602040009422,0.9127086885133293,0.9308863248673683,1.7660917390138133e-9,4.542045626591473e-9,0.00429434140319207
proteome,NACC1,0.05591749250346268,1.1960890224293615e-6,2.582384509224339e-6,0.0044872145437403815,0.008125421372939314,0.003559748493251913
proteome,NADK,0.06987591500367604,7.611258988707716e-10,1.9169339937910115e-9,9.168549028416264e-25,3.51681926595888e-24,0.015128687804059737
proteome,NAGA,0.0649339305152177,4.9049590565633184e-9,1.1991269251347008e-8,0.06815542515486223,0.10324634499871228,0.004009142475201566
proteome,NAGK,0.14541862310744086,8.239544147737215e-37,4.2493338104673025e-36,2.025668350780194e-7,4.807256842217387e-7,0.01861664666935281
proteome,NAGPA,0.004298304939924742,0.3191576814525553,0.37565373877419717,2.924802224710917e-14,8.756407891211453e-14,0.006523803011615259
proteome,NAMPT,0.018784142108259263,0.07134564471389232,0.09708994728198213,0.8346220500652914,0.8557294570216317,4.214101813677651e-4
proteome,NAP1L4,0.06989232467508723,5.140236004436206e-16,1.6013179185644916e-15,0.003484815355607614,0.006397594983030582,0.007713908216517185
proteome,NAPRT,0.10606861542841425,1.4682321485551568e-59,1.1338014924953711e-58,1.5794376916018123e-5,3.463845696307806e-5,0.028173405697225262
proteome,NARS1,0.05329592317347071,3.907226025140361e-8,9.138776255917238e-8,3.2078676032861626e-6,7.249303231868621e-6,0.005644258625235987
proteome,NBL1,0.033678772680507486,1.4527208064966763e-9,3.6181672646448792e-9,1.7426399354416026e-135,2.857733691884291e-134,0.06376676166478468
proteome,NBN,0.10789908529455791,8.694110889424446e-29,3.833551312119329e-28,0.24372063965849022,0.30971726041059333,0.012759053961389766
proteome,NCAM1,0.17816078669245075,1.2466494598951878e-139,2.3326729316884955e-138,3.698402329680025e-17,1.2021866815518924e-16,0.06743733090400805
proteome,NCAM2,-0.07426059507362409,5.800243115372693e-33,2.8124434640818756e-32,3.164490004507947e-6,7.160578545084261e-6,0.016769251002987207
proteome,NCAN,-0.29950522328748397,8.264972163316869e-235,3.5478608448120502e-233,9.087005824826354e-10,2.3661882250373e-9,0.10384144746634927
proteome,NCF2,0.14865975757895736,1.379390080557005e-16,4.362339810558936e-16,0.027595517652085396,0.04535547073560657,0.007768449822936008
proteome,NCK2,0.05939293073080728,0.011365032596251807,0.017627274255291724,0.2500010193777609,0.31563710015730284,0.001010621650643806
proteome,NCLN,0.004996509714713054,0.64327237620681,0.6946770499991411,0.7907382045028511,0.8179180790020631,1.2095824058133697e-4
proteome,NCR1,-0.030980674016218953,1.1953921606568433e-4,2.2776434183794555e-4,3.8958025823366074e-53,2.4298819952650763e-52,0.025177043066296978
proteome,NCR3LG1,0.183484795763598,9.415197765663366e-155,2.0357749835534345e-153,7.591994186124934e-90,7.721613599058775e-89,0.10392240223075044
proteome,NCS1,0.1752403492020613,1.6234154679945558e-168,3.884221107439433e-167,4.551804841155713e-287,3.0197087116667106e-285,0.17959755997271687
proteome,NDRG1,0.03239363600950357,0.027341468883031905,0.03996482106638464,0.16742075089777445,0.2248969957987131,9.99634667270266e-4
proteome,NDST1,-0.028591471567117065,0.028652207525131722,0.041692818427646806,0.7725436024228242,0.8045147254627983,5.65998747630192e-4
proteome,NDUFA5,0.05350148814823608,2.2870306107406738e-14,6.729679791080671e-14,3.7731328947403157e-6,8.491730855626046e-6,0.008549667884611867
proteome,NDUFB7,-0.006942837168025288,0.7069068182434625,0.7529294285151024,0.05883082512971436,0.09086094103366996,7.491731084637854e-4
proteome,NDUFS6,0.10717097970162222,3.888589712564058e-10,9.896070942436344e-10,6.343358646584019e-10,1.6636355695758087e-9,0.008328201057269946
proteome,NEB,0.06098744648778904,4.833292277640599e-16,1.5089176640035197e-15,4.1994735473619156e-10,1.1083420691455181e-9,0.011309223539471946
proteome,NECAP2,-0.03220174454776431,0.014990369179235501,0.022909365253501793,0.3391668308202903,0.4062486578434253,8.97320338504759e-4
proteome,NECTIN1,-0.016440695000814187,0.010517704870174305,0.0164353214753955,0.003509544836116951,0.006434900362201872,0.0020050080647894264
proteome,NECTIN2,0.0170480390147624,0.006447491314968155,0.010380709954987338,1.1556125319063428e-90,1.1835905195209173e-89,0.041371962069185364
proteome,NECTIN4,0.08787449982490987,7.385014797435375e-42,4.243476022384618e-41,1.2109698374693453e-32,5.380244985651475e-32,0.03331172432306517
proteome,NEDD4L,0.0910721180966914,1.0465382046039317e-20,3.794838533215996e-20,0.0011722533171469296,0.002258618767492995,0.009976403463344052
proteome,NEDD9,0.019928510092846876,0.0014303919712529598,0.002482350870444346,0.1975673862091847,0.2586095068809911,0.0014573634730816742
proteome,NEFL,0.021048559215646627,0.02569544896388084,0.03774786891070366,0,0,0.23979081934486635
proteome,NEK7,0.013804598350134619,0.36145482725994826,0.41818733284652754,0.7327544420063399,0.7699460821513701,2.035495988883529e-4
proteome,NELL1,0.009014051990952674,0.32575375986772215,0.3824920454762192,3.9202418970435796e-7,9.22837588505662e-7,0.0032674880994444377
proteome,NELL2,-0.1442974687154332,1.1473395972667274e-114,1.7626759391692513e-113,4.3149421157474757e-7,1.0132997615339405e-6,0.05174016318568264
proteome,NENF,-0.0029301502069726086,0.8912262760860619,0.9124831637654208,0.1932400495227369,0.2537416574704764,4.6832835787458116e-4
proteome,NEO1,0.029684017794320797,2.1656862178477437e-11,5.767917946986828e-11,2.6729209637424028e-31,1.1541799250242713e-30,0.018597610059362446
proteome,NEXN,-0.021733869179825893,0.13108627347031554,0.16923521992916898,0.11390900276676193,0.16195829472780227,8.162496953511011e-4
proteome,NFASC,0.06595778286915008,1.6353785299924634e-25,6.732961818121298e-25,6.242527887234319e-218,2.277742362854622e-216,0.10349706180729445
proteome,NFAT5,-0.048261162246653326,0.006651542582301628,0.01065634072323735,0.0402828126485667,0.06404440638407745,0.0015416694294031474
proteome,NFATC1,0.18541565178392996,1.1817850437603915e-17,3.8847190796583144e-17,0.04922545136230252,0.07716922262436147,0.007796972440556882
proteome,NFATC3,0.119240021309614,3.9906066496002506e-20,1.4275221581106778e-19,0.44043158886269607,0.5047584640322771,0.008552578959903356
proteome,NFE2,-0.0016826397958091639,0.9138275172653858,0.9311747186915353,0.10544657942999838,0.15177444051092964,6.059161376951172e-4
proteome,NFIC,0.015430518484963428,0.07897091028987983,0.10660774891402758,0.38058606110215243,0.44669509946006547,6.350325775626997e-4
proteome,NFKB1,0.08846220686263294,5.719440153230021e-9,1.3935764446810041e-8,0.12236402038454272,0.1724676849360117,0.003842914901423522
proteome,NFKB2,-0.020012583233262972,0.07700851720573605,0.10421319505032152,0.10528185934683869,0.1516121102286246,9.159478509296326e-4
proteome,NFKBIE,0.040715840660269745,1.241196965834642e-4,2.3633750445344555e-4,0.04450634999268874,0.07018586473725469,0.00226108305452688
proteome,NFU1,0.03265559219057035,0.12371929170336789,0.16050516110316926,0.5901068732610173,0.6417742038185206,4.162342940101649e-4
proteome,NFX1,0.06344931209871438,3.9629686500468684e-6,8.346252156916889e-6,0.4398627478851548,0.5043045408785416,0.002313920473180131
proteome,NFYA,0.024632528968014593,4.4988524594258966e-4,8.146495241354958e-4,0.001384648020571322,0.0026503525062607797,0.002794018954610844
proteome,NGF,9.735500852513381e-4,0.7127743404091125,0.7576796429913326,0.14421288515790595,0.19791133604886108,5.473405262166331e-4
proteome,NGFR,0.029997513606570516,6.616484344084737e-7,1.4402324981643063e-6,0.008600059778084007,0.015086282747732703,0.0036486874064188823
proteome,NGRN,0.04116111327355887,1.0911538073526344e-18,3.716543714891879e-18,1.407326277629027e-7,3.3644434106462976e-7,0.011218837446261287
proteome,NHLRC3,-0.057096093140419704,3.39468919652844e-18,1.1311755439117028e-17,1.055909156273283e-93,1.145798820506213e-92,0.04853185098546908
proteome,NID1,0.16773473195107017,4.2471642769248455e-85,4.678291518620236e-84,5.720391871370383e-16,1.8149808557097985e-15,0.04405815226024867
proteome,NID2,-0.0873067551018706,7.548341222308648e-8,1.730841164801174e-7,4.726826322416128e-6,1.0613543103948214e-5,0.0054419796317557445
proteome,NINJ1,0.04806001538716549,3.631161717519584e-5,7.156894701849877e-5,7.073029653647638e-15,2.1687157099787245e-14,0.00846711142392731
proteome,NIT1,0.10650135668291151,1.5264417968227445e-27,6.542854045412029e-27,6.577828245020256e-13,1.8991771164405664e-12,0.01701011628789917
proteome,NIT2,0.08290509739589476,7.404066512084662e-8,1.6996770787381033e-7,0.005284458474997168,0.009486675454192333,0.003980473557791631
proteome,NLGN1,-0.03682545046445787,0.0070399587728467205,0.01123545087913591,0.7524923447235965,0.786439367793834,8.18433481336811e-4
proteome,NLGN2,-0.012707821574064374,0.18111250501475576,0.22458258374599493,0.8319905057079062,0.853331091412993,2.7395113369410584e-4
proteome,NME1,-0.00339742396395377,0.42708224097493375,0.485631249810432,0.9089463710916617,0.922857202510108,1.1112318556860679e-4
proteome,NME3,-0.02615057070708492,2.740686742989993e-7,6.065249888391047e-7,0.4959428978083369,0.5570055093122491,0.002911161444534738
proteome,NMI,-0.005012666920040888,0.7356951851051489,0.7777958150387285,0.05752046069783399,0.08907279829017369,7.589846449526094e-4
proteome,NMNAT1,0.17047953482463368,1.1261684941526684e-29,5.0418494393123297e-29,8.441336642858249e-13,2.432404902320161e-12,0.018340422658649214
proteome,NMRK2,-0.03675781165559313,1.0040854633042646e-5,2.066943206900669e-5,0.04073809714109569,0.06469777233670203,0.002654808937199049
proteome,NMT1,-0.00496852202673543,0.7084180583561915,0.7541232784345056,0.6349725122078418,0.6831864220916661,1.8274818456098796e-4
proteome,NOMO1,0.05975157088322295,1.9125807407131342e-28,8.357519733744967e-28,8.240885240147661e-18,2.7397658332563804e-17,0.019955374455518426
proteome,NOP56,0.02426599694118266,0.25738272716840593,0.3105829601507139,0.5200722823338104,0.5798666891262004,3.441326992249527e-4
proteome,NOS1,0.3317640953967557,1.3737504289788745e-177,3.580337055526192e-176,1.3315098173783224e-92,1.417222922775662e-91,0.11348798819601558
proteome,NOS2,0.049427762993839115,9.495050263456862e-10,2.385202385458742e-9,1.0892943861672179e-4,2.2534729363728623e-4,0.005775730755741448
proteome,NOS3,0.19092625771343227,5.484826767835334e-60,4.280804635109984e-59,2.3178269096799977e-21,8.332188114970336e-21,0.03621838996730642
proteome,NOTCH1,-0.061978813722315125,1.5815984776933855e-70,1.4205187558113823e-69,2.0021373399013348e-11,5.50304980712994e-11,0.03541283053945676
proteome,NOTCH2,-0.04941839161264631,1.3034196519607301e-26,5.450833759417437e-26,9.78516070824936e-11,2.6373854208107e-10,0.015712848410638025
proteome,NOTCH3,-0.15648149448445703,3.438075556553844e-90,4.030418694610711e-89,9.442694962117648e-164,2.0267078378251041e-162,0.10456510787415807
proteome,NPC2,0.06623992824386274,3.2622077637357647e-23,1.2645928900856172e-22,2.671048277305291e-227,1.0536202596559656e-225,0.1069100814712658
proteome,NPDC1,0.021049463022134122,0.0013899170770774966,0.0024149809214221505,1.0495756913701435e-205,3.366715871548845e-204,0.09045471284788109
proteome,NPHS1,0.00887354021272608,0.1793351135905073,0.22247309671512572,2.5759724340764152e-18,8.662746008144074e-18,0.00843816336750236
proteome,NPHS2,-0.008499602787443168,0.6770979940632305,0.7253024017139705,0.19459093113405745,0.2552858103282309,4.901209414189811e-4
proteome,NPL,0.3196628368611186,3.367556355216793e-238,1.4893783334663362e-236,1.6345511526206786e-206,5.360960465730068e-205,0.1759669850933826
proteome,NPPB,-0.24690078526767328,9.46440599161213e-19,3.231181413978457e-18,3.8686114585522454e-125,5.61814768533035e-124,0.06156852927450507
proteome,NPPC,0.5706282625127356,0,0,6.042748905366449e-6,1.3475006917314488e-5,0.23545588967307363
proteome,NPR1,0.008518043324281533,0.31326348218970174,0.3696103898592317,0.3524085180221342,0.4195271060793677,4.202601905557435e-4
proteome,NPTN,-0.05311315005819531,0.0022373658965088765,0.003810309831919143,0.023523262469091484,0.03903604499561003,0.0019373132015939598
proteome,NPTX1,-0.17581686675882638,6.178699079548814e-85,6.78030925308383e-84,3.88327457626175e-49,2.2580236032087744e-48,0.05786593098223369
proteome,NPTX2,0.4273745189672348,0,0,8.9046677171384e-33,3.9683549719583197e-32,0.28399851960228595
proteome,NPTXR,-0.08847055570990132,4.599365557430103e-30,2.081480319711391e-29,0.7877349708989029,0.8162578558941773,0.012789003947355382
proteome,NPY,0.19599037732271343,1.880079492829132e-41,1.0697762260366932e-40,2.1474301164256105e-46,1.2054516365089148e-45,0.038176386677398644
proteome,NRCAM,0.023223210661714434,2.2769431872733437e-4,4.2279880175896244e-4,7.502561698938603e-10,1.9623635841578656e-9,0.005898233454380564
proteome,NRGN,-0.010700830031902784,0.57098765843953,0.625179270082399,0.6152382215002277,0.6641569410351941,2.1559256394476645e-4
proteome,NRN1,-0.005916244302368283,0.4143222157033618,0.47223996393522577,0.4534486467355743,0.5172397810946234,3.170575236159934e-4
proteome,NRP1,0.06546793991622528,3.430752503553588e-26,1.4204775259394219e-25,1.0900493418222576e-41,5.671754061994955e-41,0.02998448002896492
proteome,NRP2,-0.09471883356696635,1.5964537537544459e-49,1.0309841830108912e-48,9.487388079929852e-91,9.785754701524819e-90,0.05994238821430353
proteome,NRTN,0.01522455882483097,0.1558476333368337,0.1970200267259496,0.598812927933329,0.6497899392704042,3.7443939500947376e-4
proteome,NRXN3,0.00494742787622051,0.45438331404006327,0.5109186801552175,0.04401451290753682,0.06948532351384532,8.542497114744085e-4
proteome,NSFL1C,0.20626632287495353,1.418392956276209e-44,8.398152209675972e-44,0.24122788205038942,0.30695038696821564,0.019504291326158496
proteome,NT5C,0.08380474433579685,3.5961626129051096e-8,8.424718031356353e-8,0.36090410509643484,0.42695684139447543,0.0032329743158705515
proteome,NT5C1A,0.023004068815748447,6.045932859020198e-4,0.0010847005541167768,4.109849090577533e-235,1.7138070707708314e-233,0.1025562077068688
proteome,NT5C3A,0.04493565363963019,0.020840191279631184,0.031116377670201242,4.888225204987504e-5,1.0354665728126651e-4,0.002706247423585495
proteome,NT5E,-0.06672817784512199,9.537682559793384e-8,2.1716455063991334e-7,6.414542097257996e-14,1.9028504453146432e-13,0.009278763092389286
proteome,NTF3,-0.05057791818153896,7.43461489122353e-11,1.953343012374571e-10,0.002656438453596114,0.0049326614796737,0.005732509554748688
proteome,NTF4,-0.0028647229161181753,0.734724494461364,0.7777958150387285,1.94710397858152e-7,4.6283359230288736e-7,0.0033558452850961373
proteome,NTPROBNP,-0.41134148650771285,6.390753048046093e-75,6.037090015290145e-74,5.548404890691787e-302,4.048948468982331e-300,0.15119954341657094
proteome,NTRK2,-0.04764771157495779,2.790633551107928e-17,9.040909362579402e-17,3.7526500108717756e-68,2.9766264624279114e-67,0.037373839908314443
proteome,NTRK3,0.010603067621947928,0.03784138499794517,0.053908737339678846,6.684864756152645e-68,5.273816276543127e-67,0.030904229164954278
proteome,NUB1,0.05121412448768365,0.005235273040216518,0.00852301283011267,0.21637416705686024,0.27934373889384123,0.0011766335994699562
proteome,NUBP1,0.015230677970244317,0.4207625568800396,0.47920636111308457,0.42285974141318217,0.48845571238032404,3.3751089872247064e-4
proteome,NUCB2,0.05307298477916325,2.1614757258224343e-10,5.5442422176412e-10,8.693124829654011e-25,3.3476558545857596e-24,0.01536141468885499
proteome,NUDC,-0.0011890341332247852,0.9333854374864095,0.9456966650547829,0.11217632183017096,0.16000072365058002,5.911296604637073e-4
proteome,NUDT10,-0.004344227991947195,0.36607779569327004,0.42253107379543503,0.9022216601684726,0.9166672558412013,1.3992118964778477e-4
proteome,NUDT15,0.009652211039963656,0.33717975515818943,0.39384862157133055,0.04102133338678958,0.06507677834567326,8.900718263628038e-4
proteome,NUDT16,-0.04268004891679711,0.01777765365767952,0.026790382564154114,0.02042352037742388,0.034183633017029993,0.0015156468596911887
proteome,NUDT2,0.03719126146251251,0.002303486280810509,0.0039183429217283655,0.2536029717770382,0.3194937741118578,0.0012772321124331354
proteome,NUDT5,0.09514976281946126,7.582815754946443e-17,2.4164016581537845e-16,0.08424856778916832,0.12473116392667136,0.007435544582995224
proteome,NUMB,0.09350268510860327,4.457103763703094e-8,1.0399908781973886e-7,0.20448303097752457,0.2664669497425867,0.0033204656792148457
proteome,NUP50,-0.022696875472016646,8.317610529739307e-4,0.0014714609173520628,0.814030766427013,0.8376535829981991,0.0012011518190025994
proteome,NXPE4,-0.012203324426782656,0.06230684443415317,0.08542681019412547,0.3759007321583743,0.4426197003510668,6.3378880754561e-4
proteome,NXPH1,-0.04066361172711641,3.246779476912523e-7,7.163529322076837e-7,1.3026904747705973e-9,3.3740492421076958e-9,0.006798712151191322
proteome,NXPH3,-0.10400232462137529,1.309593116548162e-65,1.0768175513250941e-64,3.2858543152744035e-32,1.446667985865156e-31,0.04222444051581442
proteome,OBP2B,0.9324540068485101,0,0,3.017648447553359e-82,2.823242249489825e-81,0.32202997972158864
proteome,OCLN,0.10959496991282766,2.5561446469688465e-32,1.2152094828179257e-31,4.1635302366964544e-134,6.751858200509416e-133,0.07186173742485924
proteome,ODAM,-0.09964590844923346,2.845760633582007e-18,9.493457473629575e-18,1.3986795555461573e-11,3.858927809677914e-11,0.013030993433525428
proteome,OFD1,-2.003867291809733e-4,0.9881656598686919,0.9908813332726594,0.04655089193152225,0.07325178088847087,7.849652193578915e-4
proteome,OGA,0.060641375734633615,3.9935976506187275e-5,7.84475877668645e-5,0.27898400479955376,0.344737319502231,0.0019824648040989157
proteome,OGFR,0.12599196146997232,9.700873305201502e-68,8.452790799368115e-67,6.3434591050400985e-22,2.3001934320014966e-21,0.038903930194283176
proteome,OGN,-0.20242432268140542,5.047210267821768e-108,7.221964103809677e-107,1.3867299762275884e-246,6.324788750950516e-245,0.14159859009349984
proteome,OGT,0.0024638766824550636,0.8381632329200048,0.8669732377368866,0.9239189012692071,0.9338363132980663,5.037861682377631e-5
proteome,OLFM4,0.18908956676934582,2.532556088225365e-15,7.65272383181143e-15,1.6198933925375923e-13,4.742696903527815e-13,0.01229362395435285
proteome,OLR1,0.07194712500045758,1.1036594148419652e-8,2.6493271644109345e-8,3.8747689016702986e-11,1.0580402641698411e-10,0.00850913967291278
proteome,OMD,-0.16684074338726956,1.6282863740114523e-62,1.2950866282668743e-61,2.138605254604793e-51,1.2844832794632492e-50,0.04900599910219583
proteome,OMG,-0.12561315137760876,5.4290652955006006e-17,1.739565488207053e-16,0.0016840244446235325,0.0031878517210480488,0.008667943425832991
proteome,OMP,-0.006061584443471785,0.5276560802177237,0.5847487084872951,0.7814329118136429,0.811167378941687,1.4638514914444567e-4
proteome,OPHN1,0.02798247028705813,0.21656353887079333,0.2654972574396664,0.06324733945785545,0.09676047373033546,8.487724280050735e-4
proteome,OPLAH,0.12196372033207817,3.4614961321182353e-19,1.197169100669802e-18,0.05715003883203133,0.08854615889102943,0.008417852262022407
proteome,OPTC,-0.23299358392657324,1.910371276854056e-111,2.8306465772268983e-110,5.921618468103209e-43,3.1313775921002294e-42,0.06504987353475078
proteome,ORM1,-0.019975182042960345,2.2697187174728312e-6,4.8254252995653275e-6,5.528490323432557e-4,0.0010881768883411755,0.003948618356468647
proteome,OSBPL2,-3.4771998869163575e-4,0.9628579275430282,0.9698351589020358,0.745476058139761,0.7816252204417968,1.2158565204212213e-4
proteome,OSCAR,-0.03116064983247997,3.1858404703853775e-5,6.309001582805235e-5,6.438737390279882e-39,3.1963732044603703e-38,0.0190274288422837
proteome,OSM,0.1435767630926987,1.0513284524798835e-18,3.5850791504541824e-18,7.949172554170212e-4,0.001548974278078962,0.009638078087130464
proteome,OSMR,-0.10373615427527405,2.0601584951076697e-113,3.0997951789790144e-112,2.2251370660205917e-72,1.888132295265729e-71,0.07834070114767311
proteome,OSTN,0.019378354488928367,0.01999830347532859,0.029982048199529612,2.4806968305094507e-9,6.346322566395343e-9,0.004810741717421352
proteome,OTOA,-0.026899588045010487,0.010716819096423398,0.016692846820949785,0.44682254046441405,0.5108793559011455,9.257950750257704e-4
proteome,OTUD6B,0.017962916485178324,0.14013591568698572,0.17964722788331633,0.3542852230597906,0.4210743347359645,5.16813045870701e-4
proteome,OTUD7B,4.0980229718704094e-4,0.9753326920485392,0.98037056752399665,0.0063161888494911575,0.01125577243691373,0.001214105488282713
proteome,OXCT1,-0.005961587612233517,0.6701505216852768,0.7202390916050526,9.317590323208299e-4,0.0018107886919737034,0.0016329249094049203
proteome,OXT,0.5798875220820202,1.336318262470433e-67,1.1574816047926392e-66,1.0001791914270617e-8,2.4995916607667747e-8,0.033402386655670635
proteome,P4HB,0.023311682728251196,0.006955877210903433,0.011119499221592069,1.2308025257136872e-13,3.614398966356391e-13,0.006891505486637195
proteome,PACS2,0.0376992143687017,0.0032103131175874777,0.005370145553144898,0.8634538086537175,0.8812663172937766,9.348272834460714e-4
proteome,PADI2,0.08986987966355352,1.2358611484858713e-13,3.55767129430992e-13,0.24648187587317877,0.31188542267899616,0.005863105881438346
proteome,PADI4,0.11935516228494236,5.8771177601019e-16,1.8250326320997283e-15,0.04245312664440217,0.06723856574878456,0.007296489965068709
proteome,PAEP,-0.26987218159640913,8.188875696029417e-22,3.0645292508602396e-21,0,0,0.16419615988074499
proteome,PAFAH1B3,0.008895203646489547,0.6913424757930511,0.7386635017715653,0.03240712289700703,0.052582763611097004,8.758917233739894e-4
proteome,PAFAH2,0.011318581743862782,0.25970439062192835,0.3126091200929521,0.13062597849375532,0.1825261997239214,6.636825373486088e-4
proteome,PAG1,0.0314069533278735,0.008343057077506932,0.013199665912868691,0.02355772144813747,0.039071016424496174,0.0016032415495683683
proteome,PAGR1,0.024412456376543608,0.003585382219030298,0.005946437896221272,0.9223406908862722,0.9325640722885448,9.030781392381781e-4
proteome,PAIP2B,-0.01016893279781398,0.3084538862549129,0.36437753702067616,0.5154767440072971,0.575402147517132,3.251017074022977e-4
proteome,PAK4,0.07291418520275254,4.712880174259319e-8,1.0979167780257742e-7,0.31205890908153094,0.37906781340365747,0.0031983067306987634
proteome,PALLD,-0.013342305470768017,0.10105850070783556,0.13360043639772282,0.4185991027969965,0.48410886729969604,5.444198295175839e-4
proteome,PALM,-0.07373131855846678,7.366887670783754e-30,3.3185100479965706e-29,5.393345872427256e-122,7.532620383547924e-121,0.0649049956844352
proteome,PALM2,0.00496236281672871,0.5492062382497743,0.604271771372443,2.5957050408541643e-154,5.017790075664441e-153,0.06789935666200142
proteome,PALM3,0.02434944012912246,0.06075806924349048,0.08342088622848012,0.0013203735453670635,0.0025323064250502353,0.0018641565561590134
proteome,PAM,-0.016381656867761434,0.007698541482489623,0.012233011751435605,6.09390471395184e-53,3.784703800005409e-52,0.024515851813967537
proteome,PAMR1,0.007392145877159485,0.2519391457696106,0.3048965035246655,1.8467623996272956e-82,1.7389353046813147e-81,0.03699748928900115
proteome,PAPPA,0.30462549030081815,5.9249517573104114e-189,1.695581782312656e-187,1.4533296512667843e-13,4.263587187987682e-13,0.08760827538274274
proteome,PARD3,-0.007839480946554003,0.5913226537349687,0.6457429204086695,0.6915675379523345,0.7332675783809895,1.7726907195858566e-4
proteome,PARK7,0.11968324027333441,1.520856354893063e-24,6.098049038369301e-24,0.260320540832055,0.3256404775921067,0.010562948454670762
proteome,PARP1,0.13473240508678064,5.0965658383935e-36,2.6099781898720396e-35,1.511798196055464e-8,3.749310904236108e-8,0.01916751100564318
proteome,PAXX,0.0910490087496511,1.4537304101019218e-23,5.680641321402289e-23,5.21575098593853e-7,1.2189573361052497e-6,0.012931826507589173
proteome,PBK,0.005191066132262905,0.38629489104934356,0.44323694456487184,0.44465391764655426,0.5085990539225282,3.380480450980716e-4
proteome,PBLD,0.1460304150075714,1.0789589463943781e-37,5.715936777722668e-37,1.8289223928412377e-5,3.9929876325381994e-5,0.017883121658452183
proteome,PBXIP1,0.11398333510169102,3.344705230361491e-77,3.320814478716052e-76,2.1218473639257727e-5,4.611818656216926e-5,0.03592136828727033
proteome,PCARE,-0.02318636107705239,0.16434519019795926,0.20597836418541995,0.032316949888562624,0.05252404049260262,0.0010246475507152963
proteome,PCBD1,0.1896220654291273,2.0692932541762924e-79,2.1419386556526942e-78,2.504227295223403e-21,8.991192465875909e-21,0.04324348311654269
proteome,PCBP2,0.07763164189245178,2.3109288723313182e-7,5.137548650674119e-7,0.06476202729748845,0.09861260181605049,0.0032970424862719394
proteome,PCDH1,0.06512552115476056,1.2933543942550616e-45,7.816359165280589e-45,1.7435673202469692e-56,1.1411374456952696e-55,0.04453754572721391
proteome,PCDH12,-0.015558286540038387,0.0028135817433768387,0.004733628304851292,3.3128034436787764e-5,7.105123623878287e-5,0.0031656928593293276
proteome,PCDH17,0.08916848464065548,1.3314202669077863e-29,5.942531741748973e-29,1.5988427391947722e-12,4.553192151911746e-12,0.018572738084157492
proteome,PCDH7,-0.06170314257989358,1.6480741242608807e-18,5.535935982413706e-18,3.1493916746119e-39,1.5714656919986556e-38,0.024767321639517892
proteome,PCDH9,-0.03781641311778356,9.923176028393286e-8,2.2576578976523774e-7,2.216033623910549e-49,1.2937204296389785e-48,0.024930838060143623
proteome,PCDHB15,-0.017519368089853653,0.029336835850702774,0.04262529808272842,1.1000933581081138e-12,3.1543934305673716e-12,0.006134000870323564
proteome,PCNA,0.01346094412880528,0.2767949820918513,0.3305910608535655,0.0027807485595593203,0.00515365399704994,0.0014795274221318655
proteome,PCSK7,0.0064542894700429015,0.4905856534548545,0.5471989004335959,0.0051256603098869084,0.009229983000962299,0.0012971595822482973
proteome,PCSK9,-0.11834327822874616,4.633140685346193e-40,2.5613897084328668e-39,3.4930633041813895e-65,2.6552739023191345e-64,0.04596915925069589
proteome,PCYT2,0.04327375385288781,0.00649071788418634,0.010438790911261667,0.5702013497844809,0.6245469943793245,9.117353341236978e-4
proteome,PDAP1,0.022875189411084667,0.2625361715209273,0.3156273001110324,0.5260664783619251,0.5849859239384607,3.304692703034462e-4
proteome,PDCD1,-0.08501506413551273,4.622437835411867e-20,1.6494982935901272e-19,1.4218445528030229e-37,6.871463989456994e-37,0.024372735032739956
proteome,PDCD1LG2,-0.0067681583237185206,0.31715747658373944,0.37360075631474393,6.578898891036514e-29,2.7278133328033503e-28,0.013202637154687613
proteome,PDCD5,0.11261317241937595,7.088602294679008e-18,2.3406821378018126e-17,0.24895878031715668,0.3144572391803463,0.0077549377045591505
proteome,PDCD6,-0.08375550215255864,5.5626057475067765e-8,1.2876483883403872e-7,0.8606987742908797,0.8796847766649432,0.0029395204940247943
proteome,PDCL2,-0.015473392954196852,0.1508043455168729,0.19164035026719722,0.2947214668955624,0.3605582405147304,5.790736952807629e-4
proteome,PDE1C,-0.004790598378754856,0.6652438764321973,0.7154925848583581,0.8147140380388935,0.8376718129748257,1.0792340830223512e-4
proteome,PDE4D,-0.0033242599901895545,0.7856696984241591,0.8237679057830892,2.689698323197231e-4,5.410909307658661e-4,0.001880921930376811
proteome,PDE5A,0.031548753419289435,0.13932553913476625,0.17868684039296254,0.5971887167072079,0.6485096220492336,3.880488976022445e-4
proteome,PDGFA,-0.025384291280296525,0.11350423626713267,0.14850688734368458,7.110277529416543e-4,0.0013882876326666814,0.0018911361224337453
proteome,PDGFB,0.014859596716612465,0.4339621645417123,0.49155434935865666,5.714340229216777e-5,1.2052138099048967e-4,0.0022596671956859327
proteome,PDGFC,0.008636926430352838,0.1614012347353469,0.20298586996659956,2.5590336757228053e-4,5.151599516851634e-4,0.0020816092564885924
proteome,PDGFRA,0.020921288240343706,6.052868381879953e-4,0.001085277813679827,1.857405978392123e-87,1.8133003514804704e-86,0.0402570517320513
proteome,PDGFRB,0.012552971391194854,0.10649018244837165,0.14014645742416448,6.788573609134298e-20,2.367484631429273e-19,0.0093304879883922
proteome,PDIA2,-0.00915967749846906,0.24352894479032594,0.2959454578863287,0.07599545591966708,0.11375935170744012,7.978958574362816e-4
proteome,PDIA3,-0.013072270244347517,0.010251137940938087,0.01606176685432006,1.4394833428313528e-24,5.47829449507786e-24,0.011801315047357819
proteome,PDIA4,-0.002973951681999322,0.813567448688459,0.8475386804859429,0.2686318703268015,0.3333913390662983,3.955643827621147e-4
proteome,PDIA5,0.00895297896255512,0.4714327155607342,0.5288670625371956,0.5892481566208223,0.6413181838837362,2.43401404557142e-4
proteome,PDLIM5,-0.0023170313812790264,0.9250346766021851,0.9401727789003407,0.18864412279216097,0.24893860507699722,4.7325542627352224e-4
proteome,PDLIM7,-0.05837563391476567,0.03909088963540879,0.05549917648139994,0.031117990510471177,0.05068571315419211,0.0013079897581902422
proteome,PDP1,0.007778981839605316,0.44615866903518986,0.5030270973015524,0.013288013913481214,0.022749391562141737,0.001102398220713674
proteome,PDRG1,9.352652792886112e-4,0.9274516859316296,0.9416457291250181,0.9611917432066264,0.9658239925714776,2.9894416181508454e-5
proteome,PDXDC1,-0.033238979827093444,0.00540780076065907,0.008779405128122262,0.2089454843465874,0.2716756653931798,0.001217363752735512
proteome,PDZD2,-0.036324506070466674,0.003212549053374727,0.005370807953494174,0.21086834667931414,0.27356653509196355,0.001259636179808843
proteome,PDZK1,0.124119314354704,1.6124160782294794e-43,9.451089422393274e-43,3.190036359555256e-7,7.521580075558798e-7,0.02157941210261849
proteome,PEAR1,-0.004562498403099909,0.35947801030244264,0.41606515149596757,0.1851528941782835,0.24544109814096712,5.753791399993879e-4
proteome,PEBP1,0.14927738388831077,1.6498233545495392e-31,7.754966782496142e-31,0.23649310276575533,0.301319671310886,0.013696635602106988
proteome,PECAM1,0.013337995247855238,0.04903126296172051,0.06841408058568937,3.9368617182724026e-8,9.632606333308586e-8,0.004048263775643379
proteome,PECR,0.01197666321754272,0.03376669953574098,0.04850639564213972,0.32663130931282525,0.3938194101132329,7.578365466497372e-4
proteome,PENK,-0.007344028010969285,0.22539717688369554,0.2754015735971148,1.6797335141603383e-112,2.0953598836897554e-111,0.05001289547196963
proteome,PEPD,0.008513671193867768,0.11885986906584997,0.15516634964365655,1.4770689401871958e-19,5.096411626957948e-19,0.009093955684379762
proteome,PER3,0.37916738424765856,1.2504283729285243e-55,8.990148819158528e-55,0.06083775557679533,0.0935600900210528,0.024503900804097256
proteome,PF4,-0.02823039688563992,0.15651039515779708,0.19765789755645669,0.002092327072711092,0.003920091607986956,0.0016315092350814853
proteome,PFDN2,0.019023912595764768,0.10534127824137599,0.13882220821064403,0.3065756455611883,0.37333930304259855,6.031276508401406e-4
proteome,PFDN4,9.113277681305958e-4,0.9292906448601719,0.9427869504997813,0.05811640223461581,0.08990025337723559,7.372929852005328e-4
proteome,PFDN6,-0.03824898887664622,0.003327658638340662,0.0055441983820299036,0.3277018047402579,0.3949469727649929,0.0012041477599556982
proteome,PFKFB2,0.1701965277626974,1.5684075513568567e-24,6.280084557490624e-24,0.2669881780858152,0.33219884562339924,0.010492087770857306
proteome,PGA4,0.1775210981389355,8.766022956558979e-35,4.381510446951311e-34,1.4233499978923114e-48,8.227244839302291e-48,0.036317910373308226
proteome,PGD,0.062249808249860775,2.0211372354622186e-8,4.78871719993037e-8,4.455610450808158e-14,1.3298493768823123e-13,0.009485325108263276
proteome,PGF,0.18172595859230892,3.472081217807891e-221,1.316234425296264e-219,1.5351094229263547e-272,8.61727770292698e-271,0.1942311940996433
proteome,PGLYRP1,0.06597160227363048,3.007997229787368e-12,8.27553620523028e-12,7.523656907375746e-22,2.721382219656729e-21,0.015087387731629875
proteome,PGLYRP2,-0.007049936721694553,0.2493636885019822,0.30203012727688217,3.426901806794441e-15,1.0687100826958305e-14,0.007046248645409481
proteome,PGLYRP4,0.1262258696724273,2.0606575553533776e-25,8.459999161851632e-25,0.02745622420315756,0.04515195405578418,0.011572966230464221
proteome,PGM2,0.013000533204065393,0.28262873337155675,0.33700705584623125,0.6018563164163373,0.6523648672927177,2.861885037664935e-4
proteome,PGR,-0.015051993643376806,0.4488441501540862,0.5058594881466323,0.07523912038491731,0.11285868057737597,7.403537203718447e-4
proteome,PHACTR2,0.03384979652837166,0.1523203167759399,0.1933143498560733,0.5143716581415518,0.5743882441144567,4.1139381649790696e-4
proteome,PHLDB1,-0.056268607848501455,8.935621043823483e-7,1.9407051954554126e-6,3.758985333372052e-46,2.09798818128356e-45,0.022992536884606785
proteome,PHLDB2,-0.0010860970637367158,0.9539138913413028,0.9624869162894099,0.12453865820334471,0.1752788540480054,5.667828239986905e-4
proteome,PHOSPHO1,0.12284857345337889,1.0782795984871472e-78,1.0928813013833273e-77,7.642449952332528e-137,1.2747606520490657e-135,0.0917929777536648
proteome,PHYKPL,0.07346428380186436,5.1527677856960245e-18,1.7072564320597838e-17,1.2949767750314809e-12,3.705918829722444e-12,0.012845727007720464
proteome,PI16,-0.09528508534879479,2.5577278279349534e-78,2.5568518937473046e-77,2.0653776502279224e-58,1.3961484569821284e-57,0.058543546700898785
proteome,PI3,0.3966475449789896,3.494300558243316e-226,1.397241551987978e-224,5.663739073859835e-14,1.6835493234823683e-13,0.10281321336706317
proteome,PIBF1,0.03701150155633954,0.021747535200365046,0.032322329556958025,0.43106346208709834,0.4962931788869371,7.780924044556992e-4
proteome,PIGR,0.001922389701331496,0.8190687533757463,0.8520533467939426,6.161655443627136e-27,2.4570863715775427e-26,0.01225900444321526
proteome,PIK3AP1,0.02193699052221033,0.09692890872119136,0.12849022913585723,0.39234141498465736,0.4586482139928774,5.461300995425189e-4
proteome,PIK3IP1,0.0350233981462537,4.1365071834015696e-10,1.0517826191941794e-9,3.747213858712344e-289,2.5437481985072864e-287,0.12671230985474435
proteome,PIKFYVE,0.04719109451547748,1.9561024087134656e-5,3.951462236010108e-5,2.0155267379570437e-4,4.0856406584004233e-4,0.003663859238638989
proteome,PILRA,0.05411888353230078,4.5912704812441955e-9,1.1243521873000897e-8,1.3164130173902237e-113,1.6634673583385554e-112,0.05387995920823996
proteome,PILRB,0.06919029935609604,4.9671067495040174e-8,1.1552975778328466e-7,7.291332496640551e-68,5.736765379432283e-67,0.03353270258971375
proteome,PINLYP,0.0038592698645169097,0.7783461344975283,0.8175575266636507,5.132866252713436e-40,2.605710711594873e-39,0.01812366762768547
proteome,PITHD1,-0.07066676855590825,7.556538484211735e-6,1.566586351947021e-5,0.6489117911118105,0.6958756496162288,0.0021461679464191974
proteome,PKD1,-0.08481738146822258,3.3475807525893337e-54,2.3377005303369055e-53,4.864863508110906e-304,3.7369833105725613e-302,0.14651467866300183
proteome,PKD2,-0.029697855939567558,0.013291857476383078,0.02046357171601382,4.910983703527295e-15,1.520165581187293e-14,0.007397189561646922
proteome,PKLR,0.11222091056675713,1.8434925832917862e-15,5.599536785253615e-15,0.6513009228772565,0.6981811949609665,0.006459154517837962
proteome,PKN3,-0.003999067548132429,0.7956160008823955,0.8327820468736217,0.41345307425901134,0.4787265068473043,2.9280393200503685e-4
proteome,PLA2G10,-0.19654918656529397,6.60044343029159e-50,4.281487638449144e-49,3.413033458377606e-52,2.0842352855657387e-51,0.043480554812896366
proteome,PLA2G15,0.022152015794226678,1.8993381784270592e-4,3.560801633159015e-4,1.0633598070741315e-29,4.459694363289353e-29,0.014981628754693332
proteome,PLA2G1B,-0.1692590028339295,3.1549052910846104e-66,2.6387302420275007e-65,0.027329045986889452,0.04496814274843874,0.029984817623227245
proteome,PLA2G2A,-0.2844744224654384,1.566359470960133e-110,2.297589595845542e-109,1.604570378690346e-37,7.741720554375404e-37,0.06317053394654837
proteome,PLA2G4A,-0.009488014310816747,0.6278698463163157,0.6805614858512163,0.25896898196000917,0.3244336731078398,4.248370621106057e-4
proteome,PLA2G7,0.17965030678981636,4.906716502700142e-134,8.576470342144738e-133,4.034512036052633e-4,8.022302883676863e-4,0.0592397479746718
proteome,PLAT,0.26737337720689386,4.906769237354467e-105,6.853042776955833e-104,2.8372804623940636e-189,7.887639685455497e-188,0.12171373964154408
proteome,PLAU,-0.08998896742022582,4.151124330230735e-48,2.5836102174719653e-47,9.57082783839665e-71,8.004941679163273e-70,0.05111302449960298
proteome,PLAUR,-0.06513414602976539,4.425389139708461e-25,1.796621821809318e-24,1.8762169875698194e-147,3.444451186614027e-146,0.07322949011307311
proteome,PLB1,0.3601844707570438,2.7797192799317682e-179,7.512963498260029e-178,3.979784276774045e-72,3.3672435663488226e-71,0.10414042189242856
proteome,PLCB1,-0.019441741848410177,0.024679360349419876,0.03642014805862316,0.05995576400703227,0.09240278518296051,0.001233252965812781
proteome,PLCB2,0.08915791553525791,1.0240566164048845e-5,2.1050853966801814e-5,0.24547298379007673,0.3114018425394324,0.0022499193284503116
proteome,PLEKHO1,0.027452170918888585,0.05923629792724743,0.08160016689458954,0.03458740952762491,0.05577936376305918,0.0011737677033409888
proteome,PLG,-0.04331373742732284,3.005641537889866e-22,1.1364595400389273e-21,4.8619931731534995e-9,1.2319581660099882e-8,0.013759490718759593
proteome,PLIN1,-0.10425613104021769,6.249000718403717e-38,3.328619178288403e-37,1.7497975804665392e-48,1.0074278377478952e-47,0.03727150453837813
proteome,PLIN3,0.04747542295265327,2.029226236958457e-7,4.531990348647082e-7,6.458361794599901e-4,0.0012652320858011483,0.004382898982229766
proteome,PLPBP,0.05860517031981512,8.064934652704459e-5,1.5487858060029153e-4,0.49901817945222915,0.5600284759019827,0.0017208639609559429
proteome,PLSCR3,0.004796792503051244,0.6978825928056174,0.7442891079282415,0.008840125471511398,0.015479499850834896,0.001156055477723461
proteome,PLTP,-0.17877742000125224,6.833507040245122e-102,9.108222397477401e-101,5.0831010508532645e-17,1.6486191074934088e-16,0.051087217588524414
proteome,PLXDC1,0.007940208394129084,0.23552229869386898,0.28657340137032244,2.223206947412304e-5,4.828527588911098e-5,0.002510730392708105
proteome,PLXDC2,-0.017056005866263414,0.001872261756631599,0.0032110059151631244,4.2554113957790464e-32,1.8679016337261708e-31,0.015462478311522032
proteome,PLXNA4,0.0509063608284885,0.0048163470548603475,0.00787173407230535,0.19257707616600794,0.25321283122908883,0.0012066210797898602
proteome,PLXNB2,-0.0030149594736702708,0.5700191361871758,0.6248163193880459,8.973258446038957e-118,1.1641307290661207e-116,0.05225849666377902
proteome,PLXNB3,0.04313242329736764,2.9619667808402655e-5,5.869640891563296e-5,0.08416797120902923,0.12473116392667136,0.0022932690384778187
proteome,PM20D1,0.5208085257726797,3.4552309819949814e-37,1.7946297573742618e-36,1.5093186450953434e-6,3.458164148377792e-6,0.018715659673807172
proteome,PMCH,-0.040153307293927035,0.01543500419051157,0.023518817331668912,0.07034382613576695,0.10617043872301124,0.0012816358565772568
proteome,PMM2,-0.043234734814581996,4.053517764837814e-4,7.367508316040833e-4,4.2714445510969745e-4,8.470344187942982e-4,0.00301219506520356
proteome,PMS1,-0.0015525274811504003,0.8765718469975945,0.8996881931736914,5.934755187373161e-4,0.0011642170962326787,0.001709505484934759
proteome,PMVK,0.06977419105239387,0.00348193381061232,0.005791318970471432,0.4557203890908508,0.5192224105215432,0.0010771527512071222
proteome,PNLIP,-0.02628293971306457,0.04258380763833722,0.06007836370048639,1.259911636271101e-6,2.898094614874187e-6,0.0034149552879345624
proteome,PNLIPRP1,0.06131744099597588,1.4923896624465622e-4,2.8164743785656974e-4,8.549791742803465e-9,2.1422182057719584e-8,0.005316888939181474
proteome,PNLIPRP2,-0.054177036045096494,0.4062616865893717,0.46414006385689865,0.09873350225902729,0.1432420939831514,7.012845295558678e-4
proteome,PNMA1,0.05669454154675468,5.894819851443487e-7,1.2850619228053425e-6,0.3223688368694215,0.3894845342805635,0.002718247162870946
proteome,PNMA2,-0.01906720762497144,0.02659859122521317,0.038996126462278874,0.038335615158131976,0.06104836914707433,0.0012888476682326733
proteome,PNPT1,-0.05982100995553593,0.02017851382490513,0.030205683002511835,2.9636665042520323e-20,1.038528514515208e-19,0.009791145672511159
proteome,PODXL,-1.2645972310009764e-4,0.9694094884089219,0.9754244386989462,0.43319984887619223,0.49803480065758376,2.699868844711073e-4
proteome,PODXL2,-0.011490674886598181,0.06023382612183556,0.08277897290472598,5.959153734326694e-28,2.439659151542724e-27,0.013011126577266108
proteome,POF1B,-0.045540696521173776,3.177114090083608e-7,7.015125589223941e-7,9.943037240327172e-55,6.350924661819478e-54,0.026860565311328632
proteome,POLR2A,6.709990530877105e-5,0.9906705395432742,0.9927110555876476,0.4860936694403314,0.5478407031259951,2.4034162071895349e-4
proteome,POLR2F,0.05291380191236963,3.175517968574378e-15,9.56587920564356e-15,4.5918839548745927e-63,3.3259824477118946e-62,0.03445120238606525
proteome,POMC,0.4102834242902164,1.3447411751007939e-174,3.4133039044514934e-173,2.8586301619046698e-9,7.2940047575172475e-9,0.07939686937273849
proteome,PON1,-0.07802357583999613,1.6323585585818684e-45,9.824442541238091e-45,8.77844781128944e-13,2.527050213131546e-12,0.026048565109481614
proteome,PON2,0.04382485084360723,9.173183292900909e-9,2.2129357051221284e-8,0.49550156759966757,0.5567240476610584,0.0034034070972909225
proteome,PON3,-0.132812486987049,9.59342142180328e-84,1.0333283073890692e-82,7.424148441554511e-15,2.2692240105651955e-14,0.0435087604642046
proteome,POSTN,-0.05179043440691314,2.97975309725382e-11,7.892830572489928e-11,8.019039140587712e-14,2.369187778479305e-13,0.010248403987506594
proteome,PPBP,-0.0736203328440588,1.724012791869406e-5,3.497146170581512e-5,0.0026126613887521425,0.004863749103168051,0.0031383328945382427
proteome,PPCDC,0.07142920350825865,2.033869435307543e-11,5.4267503488690296e-11,0.08674310001082655,0.1279449767213758,0.005039599836023534
proteome,PPIB,-0.0040622667481341615,0.8450978759099345,0.8722916194416898,0.5216011917059937,0.5813493236310789,2.2748017459017777e-4
proteome,PPIE,-0.038735532643296045,0.0022858976065241966,0.003890691028247306,0.0900942631341358,0.13214687464551605,0.001500512183558289
proteome,PPIF,0.008178976310043103,0.5241587314314842,0.5813143377843853,0.33814398518266525,0.40535617771999993,3.6452721896440554e-4
proteome,PPL,0.04639927270887294,8.119947677718862e-12,2.196675372684092e-11,8.174686255078513e-25,3.1521676589926263e-24,0.01589101988205399
proteome,PPM1A,0.009427047087035836,0.15021857326592744,0.19097910076796262,0.7465423661422457,0.7820028053441364,3.3912467123198287e-4
proteome,PPM1B,0.0012451163142823138,0.9179724780927285,0.9346221358746686,0.47382880601346555,0.5354650734623717,2.474798452311022e-4
proteome,PPM1F,0.024616368771896453,0.025479765274568526,0.03748761836515399,0.6628981489165093,0.7069148853317467,6.265574066114388e-4
proteome,PPME1,0.16624103103330354,6.95124931255188e-36,3.5473246054788354e-35,0.04365224650052218,0.0689880387303867,0.016120724367738926
proteome,PPP1CC,0.029411438435775334,0.08907567651538892,0.11905306765037557,0.06381335613586829,0.09747314838335926,9.630641706808163e-4
proteome,PPP1R12A,0.0022231514899284533,0.9160785357454855,0.9330192762878828,0.21821559038534,0.2812235356886567,4.369266701177432e-4
proteome,PPP1R12B,-0.011516148975672547,0.4283685211918885,0.4861719344908432,0.7918585655891479,0.8184968671935986,1.6271992138150448e-4
proteome,PPP1R14A,-0.048930207198764744,0.0029561360820789533,0.004956324654559715,0.7507337682045138,0.7851636937975549,9.747387947441899e-4
proteome,PPP1R14D,-0.01012400680149578,0.18617907398799183,0.2301807356929048,3.5815165706930597e-45,1.9614346847754296e-44,0.020565929329746435
proteome,PPP1R2,0.021512725515378188,0.21708311075538325,0.2660225022229067,0.05183857389442266,0.08091807336781805,9.000953052572536e-4
proteome,PPP1R9B,0.03570237089096872,0.09500191451151183,0.12616496290223067,0.05593862045820288,0.08680746045587145,0.001011645163782604
proteome,PPP2R5A,0.10790754350607701,8.669120045513118e-6,1.7883506298835892e-5,0.836855722734518,0.8568608521553689,0.002044587074220061
proteome,PPP3R1,0.06214876797153013,5.8591642603453075e-12,1.5984019136399956e-11,7.549453834539314e-26,2.9659294405141664e-25,0.01635437819969232
proteome,PPT1,0.03166805997523983,0.03985516481134941,0.05650180965727485,0.5588736032431644,0.614213873443824,6.374073133267322e-4
proteome,PPY,0.2566535825830044,1.6480276235101756e-29,7.34441623362779e-29,2.581016581089221e-94,2.821718127415519e-93,0.054056421142541056
proteome,PQBP1,0.058682372003348346,7.15098138432271e-8,1.646192007952523e-7,0.09749649832196314,0.1415881983093584,0.003480658972379147
proteome,PRAME,-5.618128886416752e-4,0.9097302352582319,0.9284973974541184,0.43682180925633307,0.5016061609831771,2.6814546293785213e-4
proteome,PRAP1,0.26589556337496323,3.320588546040685e-169,8.010576831316331e-168,1.3526772628869234e-39,6.795980947275266e-39,0.08900363428014046
proteome,PRC1,-0.0011447565574514232,0.8986095757556738,0.9181103785897137,0.1802172354168955,0.23966018687103322,4.819382281765483e-4
proteome,PRCP,0.11573665194996502,9.53557230441112e-57,7.046667229512927e-56,5.2278456803945166e-68,4.1355234528649306e-67,0.05362856036259367
proteome,PRDX1,0.026708998714384563,0.15119461011999796,0.19196914612452112,0.004961110526111395,0.008950235862620002,0.0014457733184913835
proteome,PRDX2,0.23401715590094038,5.73215402037515e-77,5.633723092752547e-76,0.018145113476451213,0.030562946473030057,0.034444470332171684
proteome,PRDX3,0.06980660686379174,7.3927103314223855e-6,1.5348023796174926e-5,0.2582319927618969,0.3236492859046703,0.0022972087543222663
proteome,PRDX5,0.060847934633303846,5.3985341411288135e-5,1.0533637137670459e-4,8.69402076483412e-5,1.8088272710299922e-4,0.003681847143998329
proteome,PRDX6,0.02061533642742916,0.13305924943024214,0.1713277234613484,0.019159846142509304,0.03223492270316119,0.0011947061823578409
proteome,PREB,0.04343604723754923,5.272874489856314e-13,1.5001482101257877e-12,1.0233557143909025e-4,2.12006765813133e-4,0.007290253052428142
proteome,PRELP,0.007462595749312827,0.1389825525643979,0.17832530590570436,1.9113676362306897e-221,7.15292580789408e-220,0.0961988956244878
proteome,PRG2,0.09137653327788539,1.4359485603980315e-17,4.6990289773563385e-17,1.4865193896041792e-53,9.371814467072569e-53,0.031658899150680875
proteome,PRG3,0.025602489073878517,0.014041005068045322,0.021514799891666297,0.006662408456230751,0.011815048775053197,0.0018567018833929305
proteome,PRKAB1,0.047955504463124285,5.209724216424661e-5,1.0178838679881918e-4,0.9349167660893015,0.9429931030458435,0.001660267026965978
proteome,PRKAG3,-0.006598819746615517,0.27245462243683644,0.3258070638644513,0.6906591233710827,0.7325704873256506,2.6396437843878573e-4
proteome,PRKAR1A,-0.0027064351551171857,0.8822430007888021,0.9045547310511111,0.029201573821727052,0.047779929364137476,8.909317020667773e-4
proteome,PRKAR2A,0.06755852161114186,6.033111209067833e-5,1.1724801344386821e-4,0.2093737016289654,0.27211123555429656,0.0019976788320850147
proteome,PRKCQ,0.006748808073165786,0.47427449101827923,0.5316464052543614,0.7594405134107609,0.7928493771981442,1.6884225451652135e-4
proteome,PRKD2,0.01316772739797809,0.14278358367338742,0.18264035089509986,0.015210216149597503,0.02587332222650065,0.001221933683798082
proteome,PRKG1,-0.039463113214266626,0.12544675399342026,0.1625295494481996,0.09945311858150654,0.14421443275678966,8.623860101520942e-4
proteome,PRKRA,0.16803509962238192,2.9972894894128043e-30,1.367045003061871e-29,0.0012571843249409365,0.0024174710438093503,0.014182519776463454
proteome,PRL,-0.1812283744878344,5.679970546728097e-27,2.3959297725288024e-26,2.2606127163309791e-63,1.649682129742532e-62,0.03914836758619333
proteome,PRND,0.009553179245792768,0.3643917346054014,0.42125127655967,1.8492441793770855e-4,3.756397884204393e-4,0.002038413599827593
proteome,PROC,-0.06587186684761683,1.671120001452319e-30,7.697337590480805e-30,3.0494121504677044e-28,1.2536949390443983e-27,0.025962211946963687
proteome,PROCR,0.0025759023698461955,0.7175814990886049,0.761957219294157,2.5011656281200427e-05,5.4040728856272426e-5,0.002393521014368516
proteome,PROK1,1.2058579705204073,0,0,9.393292507312628e-180,2.4264620202518198e-178,0.46542931182671365
proteome,PROS1,0.02570367495601417,1.5104343910052305e-6,3.2466553662328924e-6,3.39291963925104e-24,1.2845567350160551e-23,0.013070309595473173
proteome,PRR4,-0.004837556778193176,0.7338309013820249,0.7772323661589734,2.265490992585453e-6,5.142276988613482e-6,0.0028535952207322524
proteome,PRR5,0.017266232925010786,0.0650693558534698,0.08904709317218863,0.7950476760623395,0.8206308933613752,4.485882327417423e-4
proteome,PRRT3,-0.13180594956630334,9.751795790254118e-65,7.973527146148955e-64,3.726556810287829e-20,1.3042948836007403e-19,0.03577609544811211
proteome,PRSS2,0.03208870112192988,0.005933234097825846,0.009595074975929997,5.976661229330122e-37,2.8552985480220337e-36,0.017435770514754534
proteome,PRSS22,0.08281857513231043,5.515841158824223e-34,2.728939041119984e-33,0.01303625649432691,0.0223577160440307,0.01569862703537883
proteome,PRSS27,0.005184454738890124,0.5524896789525533,0.6071978060476292,0.00648978391243523,0.011543984911882044,0.0012610400937543842
proteome,PRSS53,0.02017515305045864,0.011326134523368064,0.017585631209420947,1.4682894640342194e-9,3.799589490705573e-9,0.004883730371226247
proteome,PRSS8,0.3077495013459057,1.0380523933492639e-220,3.835537893906964e-219,1.6071754658292994e-147,2.9692058131365347e-146,0.1496129598107796
proteome,PRTFDC1,0.0022848879208062314,0.9256087396932822,0.9404287891279814,0.3586754585763755,0.42490814268849025,3.172928790061702e-4
proteome,PRTG,0.024512276339262545,7.887429938147154e-6,1.6317085747307966e-5,2.2983827195139676e-22,8.428365776710141e-22,0.012112123687795018
proteome,PRTN3,0.011070371302848244,0.263269749123047,0.31611863335671503,3.3993836061297023e-4,6.796438867323699e-4,0.001999160916963727
proteome,PRUNE2,0.02404549645194968,4.340705090416008e-5,8.509414478794041e-5,7.230792752777378e-8,1.754504076920795e-7,0.005151344694182547
proteome,PSAP,0.060169505899365205,2.725916866856723e-24,1.0825784128373843e-23,2.2101599810654794e-120,3.0146995255748295e-119,0.06293381721203906
proteome,PSAPL1,0.15196584641345331,4.398350333429616e-49,2.8093620619871e-48,2.3330017315935105e-13,6.816848903424882e-13,0.02734260336884531
proteome,PSCA,-0.09979350308860749,0.05882292806573145,0.08110728721014177,2.3192989239981314e-4,4.688388891378494e-4,0.002257716721541403
proteome,PSG1,-0.24820238733477848,4.3654629043561495e-22,1.644230479718142e-21,2.746119370872677e-78,2.466437674946875e-77,0.043258652800430286
proteome,PSIP1,0.10473205456546049,4.920546685416187e-16,1.5345166425993428e-15,0.005274532718580014,0.009474683695713885,0.007693158765518793
proteome,PSMA1,-0.007565299323664688,0.43342515392683056,0.49113665540078355,0.21030831801096234,0.2730827314386117,5.093535136140304e-4
proteome,PSMC3,0.032486800338840986,3.142667379583064e-8,7.386027440421065e-8,0.09612624173933113,0.1397373006160894,0.003670745048046986
proteome,PSMD1,0.09025149802653427,7.157676482068969e-20,2.5386704314895893e-19,1.7240321094392734e-5,3.766803688213502e-5,0.010674756075529701
proteome,PSMD5,0.010603246281809881,0.330686071656514,0.3873425363641386,0.9748946519016033,0.977909790000268,1.181152487370607e-4
proteome,PSMD9,0.15264512002978067,3.070661751679593e-37,1.5977293499380984e-36,0.34413005612600533,0.4110129434663705,0.016267006065925793
proteome,PSME1,0.13999556201623664,7.041908548354757e-66,5.823039958257092e-65,0.09676196802175709,0.1405914308887551,0.02900775961366253
proteome,PSME2,0.15380642551667384,1.2441797100667923e-81,1.31585528032064e-80,0.08396960558001912,0.12460969938387179,0.0363818205971147
proteome,PSMG3,0.2267188118257326,1.3736486681152722e-91,1.6366042702973386e-90,0.33043347542715756,0.3977465215554115,0.040180955950991804
proteome,PSMG4,0.17325000404800225,2.083094107415891e-54,1.4651931806137314e-53,0.3408512969066991,0.4079315029399978,0.02401774396814027
proteome,PSPN,2.084025490876327,0,0,1.1379565758980688e-4,2.3524753860102427e-4,0.481436010133233
proteome,PSRC1,0.05835839572226657,6.331022053661399e-6,1.3209616422185578e-5,0.25584654278139185,0.32134942271036265,0.0023307227705635647
proteome,PSTPIP2,0.018511735491749864,0.393044693008204,0.4502737279791787,0.019606977096218458,0.03293024519209533,0.0010316606809686046
proteome,PTEN,0.005724240884481753,0.3652578582969124,0.42191835709089326,0.7765384303558156,0.8078102915925252,1.9543568739555095e-4
proteome,PTGDS,0.17806916188557015,2.617081312506303e-166,6.111408280964719e-165,6.502734498997477e-106,7.716049594542129e-105,0.1145437648791866
proteome,PTGES2,0.0955119098329102,3.941390919958527e-18,1.3103553639360978e-17,0.004830072001675971,0.008719220886142338,0.008702376418180835
proteome,PTGR1,0.27642273473124235,2.6867786871708452e-56,1.9606767469629244e-55,5.117813332594061e-4,0.001010067418380126,0.0257693701596593
proteome,PTH,0.20898551338682578,2.927796497452513e-37,1.5261139242971223e-36,8.044128716738008e-23,2.9684970574157075e-22,0.02596963558108878
proteome,PTH1R,-0.019568803719064422,0.018606416591145057,0.027967111240758197,1.2350293923115907e-14,3.7552612459974303e-14,0.007143324336210344
proteome,PTK7,-0.0335992874799145,2.8843583188594982e-5,5.723617901258243e-5,2.1193824600587406e-5,4.609893741364727e-5,0.003959099271222066
proteome,PTN,-0.21490486488348082,5.888089467226729e-86,6.636035967117692e-85,1.2317874827398002e-199,3.706791404244822e-198,0.11652996939483506
proteome,PTP4A3,0.1392123867336731,1.4743049551762593e-38,7.999063502155207e-38,4.097625971742506e-9,1.040989574544506e-8,0.020428275871179458
proteome,PTPN1,0.03313955355778091,0.05810295872913159,0.08015242747180298,0.12850588291469067,0.1800809756255315,9.01168722116763e-4
proteome,PTPN6,-0.048215430535988014,0.0138696281523944,0.021263363748339946,0.03914982544648688,0.062277024783812106,0.0014450129169472081
proteome,PTPN9,0.003799891929301454,0.6136512812495001,0.6671529411088392,0.18155491206988675,0.240890358332727,5.111308435269413e-4
proteome,PTPRB,0.11649714546775465,7.499557555742238e-79,7.681125791302312e-78,1.5163609081243729e-38,7.502131340364482e-38,0.05018205408368537
proteome,PTPRC,-0.03518094827218761,6.193478887726542e-14,1.7953093220728677e-13,6.773694200604021e-24,2.5447121456323214e-23,0.016146802897817114
proteome,PTPRF,0.11969822341977222,1.8396738344867203e-75,1.7606583353661431e-74,1.5902500551869154e-51,9.590784940269848e-51,0.05474816876805122
proteome,PTPRH,0.1786949258103822,5.139161075934114e-69,4.545821569894449e-68,1.6472064425796548e-4,3.355335384431272e-4,0.031420037502155385
proteome,PTPRK,-0.012654950133177812,0.0035065978498075925,0.00582570240386361,4.6870973436655105e-14,1.3975114551746297e-13,0.007197055712457545
proteome,PTPRM,0.062072657258960565,7.088891654946624e-31,3.305507147090925e-30,4.522201495253165e-40,2.2997049067324017e-39,0.03092661727714252
proteome,PTPRN2,-0.05192767464551094,2.439278191379126e-13,6.987490717012434e-13,1.096579896872576e-13,3.223481086577089e-13,0.011044562793191881
proteome,PTPRR,-0.0755199334853697,3.032535597109671e-23,1.1771238574419053e-22,3.198493975315511e-7,7.53543495879417e-7,0.012651207423249655
proteome,PTPRS,-0.0517287013469488,8.285874921199534e-22,3.0968590134419255e-21,0.0032593174782026947,0.006002490674368244,0.010222192421125653
proteome,PTPRZ1,-0.17134765078981917,2.9777998302710735e-136,5.398880561839294e-135,3.3842741828020398e-214,1.1902043782649582e-212,0.14173018538780136
proteome,PTRHD1,0.05339228753701518,1.431424774501645e-5,2.9117274681326142e-5,0.3527347984653445,0.41974434436214453,0.0021125195084952253
proteome,PTS,0.1555463047663111,1.4909258430657578e-37,7.84146402866477e-37,1.1109707223967973e-23,4.152270856179579e-23,0.026509963023452876
proteome,PTTG1,-4.647469094620256e-5,0.9954872995724098,0.99616984143019,0.7346379527098084,0.7716474213601766,1.260501722398777e-4
proteome,PTX3,-0.02794767163017839,0.010616681976581775,0.01657025348863726,1.6568195908460442e-5,3.625379599459972e-5,0.0029869858527882265
proteome,PVALB,0.05439531390986083,0.031161011274235272,0.04500692326051102,0.3337077123868851,0.40069634407952187,7.808158675662868e-4
proteome,PVR,0.008940797810468382,0.2711895685357301,0.3245671322149873,1.4319440916457414e-7,3.420494929225793e-7,0.003545328479719667
proteome,PXDNL,-0.04001787242461523,9.551719148063126e-4,0.001678595315665037,0.0043309958809951594,0.007857164062538764,0.0023862786902232314
proteome,PXN,0.09441016756741788,3.1129498393844195e-19,1.079180591587069e-18,2.1140491563278943e-13,6.183276039399923e-13,0.014106405526285837
proteome,PYDC1,0.158240940148218,2.2703473891680772e-74,2.124084624673595e-73,5.137070325844182e-11,1.397155586668492e-10,0.03741728346032325
proteome,PYY,0.197628967754787,4.0626871987432105e-23,1.5686486684036285e-22,6.791967714966357e-67,5.244908402112909e-66,0.039719916739405114
proteome,PZP,-1.0169458740240307,0,0,0.007216918369033743,0.012744213381251963,0.44989823664165884
proteome,QDPR,0.08371239917518734,9.27614389614282e-19,3.1706163972881607e-18,0.07486244156314871,0.11252495722081929,0.008197563831006116
proteome,QPCT,0.037549480857653604,5.28754887234804e-10,1.3374657849552798e-9,2.2438756866486175e-18,7.554640287574757e-18,0.012471570069424676
proteome,QSOX1,0.019531270062291887,0.021572545812150967,0.032094934365784235,5.6712034295885545e-18,1.8919134641107416e-17,0.008723266629610649
proteome,RAB10,0.008398737262855204,0.449354813811654,0.5061491690719307,0.35492455513825727,0.4214909586853429,3.7085201501263487e-4
proteome,RAB11FIP3,0.04880378336292366,0.030070655773453813,0.04358304081564632,0.035711194703976476,0.05736982792565071,0.0012578448160336375
proteome,RAB27B,0.01683955698523551,0.32207805256750194,0.3789382649917526,0.18601583823038773,0.24613791105825103,5.681948012061788e-4
proteome,RAB2B,-0.0063559441776480825,0.6157756002133538,0.6689426784602828,0.10418062478628935,0.15017444135860675,6.431219775093755e-4
proteome,RAB33A,-0.015190970536857754,0.2627043949490588,0.3156995178494453,0.03676783305316925,0.05877618000120538,9.703787184054402e-4
proteome,RAB37,-0.006039450153376591,0.7354011408914718,0.7777958150387285,6.006234167715311e-9,1.5179391805680513e-8,0.0040622746173559765
proteome,RAB39B,0.05938410494789755,9.786895597118758e-4,0.0017168238129801477,0.11461767639042031,0.16272811156791678,0.0017315287371590937
proteome,RAB3GAP1,-0.008784144534184836,0.4364775485840726,0.49389391911000885,0.04379039335026651,0.06916891676917096,8.404245733998339e-4
proteome,RAB44,0.027349832357967986,4.14162590617121e-4,7.522965787251874e-4,0.03159678585624253,0.051410823809571876,0.002140630151199696
proteome,RAB6A,-0.1928705389636433,1.4956476068951797e-76,1.460132228938806e-75,1.2498569207888206e-8,3.112911562954409e-8,0.03795826474322306
proteome,RAB6B,-0.017035070132242227,0.09243873337892851,0.12304088587920307,0.32162252470429475,0.38890478442909543,6.346410658417678e-4
proteome,RABEP1,0.05451119718059505,7.764152227405324e-4,0.0013768870201577243,0.033594038860488916,0.05429734187916232,0.0019222296644059167
proteome,RABEPK,0.0030651980610903362,0.8133508883416598,0.8475386804859429,0.11164650052546807,0.15944037917506912,5.923791833374326e-4
proteome,RABGAP1L,0.09946577633081587,6.513658125239896e-15,1.9401395987321692e-14,0.1491256246391283,0.20380433846125984,0.006476738452833475
proteome,RAC3,-0.0369923695175315,0.007452515924979704,0.011848526135629495,0.7978827653340219,0.8229751915229716,8.00835994947291e-4
proteome,RAD23B,0.027533587565594903,0.004772778615532043,0.007809271736960781,0.15027033811625592,0.2050067216878767,0.001293289285282495
proteome,RAD51,0.03882061707568612,2.0773653695442432e-4,3.8771288450765e-4,0.11686220973139386,0.16543200300966956,0.0019885409844839774
proteome,RALB,0.001232714972886605,0.8308810774018419,0.861271969082378,0.03809295287318623,0.06072819739859673,8.35866779549943e-4
proteome,RALY,0.03173419622362453,7.659432448154824e-4,0.0013599685715428183,0.04425551129349933,0.069828020251743,0.0019339619581790757
proteome,RANBP1,0.12831979519664602,1.7909680197790852e-33,8.771536325058976e-33,0.7488108368550963,0.7837141745356853,0.01426666727860959
proteome,RANBP2,-0.00870510419376758,0.1775137875661191,0.22058865300361927,0.8731323213579677,0.8905217491418266,2.377842164857924e-4
proteome,RANGAP1,0.015339335540960205,0.12172222443822374,0.1584071213264267,0.047211803368677197,0.07417182671322321,9.93759882276679e-4
proteome,RAP1A,0.015217946802616452,0.2697166278741459,0.32306230478647185,0.04480075085852952,0.07061198258965856,8.887556436136812e-4
proteome,RAPGEF2,0.031825627437831336,0.003311480951168731,0.0055203957147124645,0.020263609286748186,0.0339549227944994,0.001798434573990093
proteome,RARRES1,0.04059414718438798,8.581420137187811e-9,2.0736064056664918e-8,4.309944669969607e-19,1.4697112723880004e-18,0.012050213850562375
proteome,RARRES2,-0.09157191371472273,7.643741291838777e-16,2.358570912354904e-15,6.275017456982679e-70,5.159655199135898e-69,0.037233451991426136
proteome,RASA1,-0.0034740143624346683,0.6103067921992564,0.6642377056038887,0.47225105041432947,0.5339452305475754,2.692969540076806e-4
proteome,RASGRF1,-0.0064350126556150045,0.4628562923706663,0.5202454822602907,0.001071164858319044,0.0020720544873646714,0.0016536479452072816
proteome,RASSF2,0.08019292963828911,2.881501405588625e-12,7.942495375744284e-12,2.9061603539934646e-9,7.402340378103773e-9,0.009085117976179502
proteome,RBFOX3,0.19252537795340594,1.4757881731564032e-122,2.3932364874686337e-121,9.406958983405635e-257,4.654053097044246e-255,0.15421743205493843
proteome,RBKS,0.25268801729747065,1.7730206889218671e-121,2.828113328395044e-120,1.5444553352438604e-9,3.989615153607812e-9,0.05631730012712588
proteome,RBM17,0.006958411119082894,0.6623157813541091,0.7128686451964028,0.5743666808392616,0.6282738114180998,2.121521544617977e-4
proteome,RBM19,0.005516255196743393,0.5371352295657591,0.5923300850405935,0.24587896577401186,0.31164598397496335,4.509012611491059e-4
proteome,RBM25,-0.0036888368771748514,0.6816869077266068,0.7296824655863459,0.7013049404978422,0.7424063127497433,1.5185708868936665e-4
proteome,RBP1,0.014251872031644951,0.2583987457900984,0.31147435306577015,5.354491785074107e-4,0.0010560649676102242,0.0018948843287794892
proteome,RBP2,0.10475282246464493,1.2050565327436202e-9,3.0141902477109063e-9,2.0754763229207372e-53,1.3028635240012111e-52,0.027652144610964657
proteome,RBP5,0.23174361675089744,6.214258096241609e-68,5.430963887104567e-67,1.8328407749152708e-48,1.0510927744553391e-47,0.05023956754013503
proteome,RBP7,-0.07146416017957034,7.52692922180007e-9,1.8233283318202822e-8,5.22561802440085e-57,3.443245826913337e-56,0.028597996102853407
proteome,RBPMS,0.03339007286560612,0.004487809939790052,0.007376079512526555,9.263473919121341e-5,1.921825186205771e-4,0.0028831392669776967
proteome,RBPMS2,0.0048212768287436624,0.8216075674859906,0.8534777542674756,0.17510027407545026,0.2344576605624951,4.915025832001874e-4
proteome,RCC1,0.012087591089599276,0.22850174102187265,0.2787281997671735,6.492433144161461e-6,1.4422688240340415e-5,0.0027942972137676714
proteome,RCOR1,0.03219056663218204,3.4850707055775e-4,6.378007140802961e-4,0.3546333498933474,0.4213165438903871,0.0015904992932762596
proteome,RECK,-0.14750307541713503,4.744449504711162e-266,2.5180087462276147e-264,9.460934256202541e-8,2.2804679681135606e-7,0.11608309180431609
proteome,REEP4,0.026378363908564222,0.04635704758235768,0.06499338227324787,0.5250616894324203,0.584203314018817,6.031222920397372e-4
proteome,REG1A,0.05407041425785145,2.5552876895181785e-7,5.663541963328445e-7,3.2897114916338386e-105,3.856493110071958e-104,0.0494433420487409
proteome,REG1B,0.07097264971843613,1.3694220831027005e-8,3.273827240439625e-8,3.757849860133279e-80,3.4278636692903256e-79,0.039017382642223764
proteome,REG3A,-0.12234032414180972,2.2877701619224373e-19,7.959476880395226e-19,3.2356441202703338e-142,5.655595920400661e-141,0.06902286185822726
proteome,REG3G,0.09446352287156037,1.6718437932048065e-30,7.697337590480805e-30,1.2586406558189512e-8,3.1321160054011246e-8,0.01679092742020083
proteome,REG4,0.05183156068021162,1.7292183279412393e-6,3.7087349737402482e-6,1.431428514663346e-212,4.858534691049194e-211,0.09432537056255885
proteome,RELB,-0.01135901191747492,0.24732227145751143,0.30005557372588354,0.1937864738729293,0.2543447469582197,5.955320126933561e-4
proteome,RELT,0.26308793659015056,0,0,2.9825832179359536e-98,3.335693644886992e-97,0.19370076443429118
proteome,REN,0.4922822822602112,2.8110948857020347e-190,8.205585971364239e-189,8.183174176706541e-64,6.047262132102885e-63,0.10855896309135027
proteome,REPS1,-0.008150647341609609,0.283731484708412,0.33787563503655493,0.2676288137677309,0.3325706715146899,5.230464252491407e-4
proteome,REST,-0.008191462756143894,0.230230886788895,0.2804857923776229,0.22203957798444748,0.2856472138107546,5.970057716556676e-4
proteome,RET,0.012083272425437747,0.1813852267831562,0.22482525561784836,4.273991769360672e-105,4.990312789905521e-104,0.04687611724248497
proteome,RETN,-0.013287872026556884,0.143808794352348,0.18387116544656323,4.268233318207306e-22,1.55348791220039e-21,0.010161903111259973
proteome,REXO2,-0.011399690387732711,0.22579581964479692,0.27577322072935656,0.03471962890944652,0.05596167685625312,9.933079253936494e-4
proteome,RFC4,0.014928163166232043,2.937595541469434e-4,5.406583471342546e-4,0.05859468020585265,0.09059209296656986,0.0019781902682790564
proteome,RGCC,0.031177579072283114,0.04549614926565955,0.06387843179723916,0.2549880919670508,0.32054704584488425,7.636689121377493e-4
proteome,RGL2,-0.018029853051779662,0.17101840852309388,0.2131523204435999,0.7613168489880358,0.7942401294482045,3.0269861692855393e-4
proteome,RGMA,0.08686307118721275,2.489400856086047e-35,1.2615557463394395e-34,9.120210996889625e-7,2.106162650310191e-6,0.018219382838842946
proteome,RGMB,0.12212905628571082,6.175869761110829e-103,8.307540936720051e-102,2.8420381892091615e-32,1.2550543834041667e-31,0.05927025672878772
proteome,RGS10,-0.011230857037653075,0.36463121208461535,0.42136124626880134,0.04670518929453814,0.07345498251657157,8.813969568668423e-4
proteome,RGS8,0.0069566700694545375,0.6236800190898912,0.6767739686704062,0.03818999552328568,0.06084967081466753,8.608290630083282e-4
proteome,RHOC,-0.053001801203126184,0.03825677803308672,0.05444735986278895,0.6273084431278345,0.6751892866851582,5.879049496935185e-4
proteome,RICTOR,-0.027598719174478318,0.003566916370724705,0.005922542028524126,0.44363594792094596,0.5080319074073131,0.0010901949253500076
proteome,RIDA,0.20360085211842027,6.934521784059775e-86,7.785334264488648e-85,2.6705528251056917e-18,8.970476060395298e-18,0.045075516046343855
proteome,RILP,0.07183944160153195,1.0587304925386539e-7,2.403137097760755e-7,0.013154456282483665,0.022533954159958812,0.0038284633620319086
proteome,RILPL2,0.0679002254447194,8.463273657324034e-4,0.0014936091780972703,0.10763445460463217,0.15439065011838884,0.0016291934784153916
proteome,RIPK4,-0.03956024196301296,0.005569449181495178,0.00903179008932468,0.9864323279491694,0.9881249022936256,7.624639917380716e-4
proteome,RLN1,-0.1843739044667757,5.444526923285967e-38,2.916068640196649e-37,1.118535697081874e-68,8.945221095293125e-68,0.04567373633205196
proteome,RLN2,-0.195562595796385,8.21386372189869e-18,2.7091828479347204e-17,5.788614199535988e-137,9.710899338187096e-136,0.06629362442996134
proteome,RNASE1,0.04048333272951192,1.1285368591931664e-14,3.340972709923786e-14,1.9320190554602745e-216,6.877516613278708e-215,0.09924161229973427
proteome,RNASE10,-0.04231195903617587,8.760719036725498e-6,1.8059702590537945e-5,3.2238283079124015e-46,1.802749967585498e-45,0.02250889579193871
proteome,RNASE3,0.07549113475845833,0.0010090122165548388,0.0017678911525351587,7.719876716427395e-7,1.7941337687302203e-6,0.004210353010036583
proteome,RNASE4,0.011769292393616845,0.04091099503325011,0.05788618250220895,7.006860639531894e-157,1.4203490421384443e-155,0.06937975509289429
proteome,RNASE6,0.05270348183155384,1.8856659846616095e-15,5.721682961774676e-15,6.905029325466876e-155,1.3618770676376898e-153,0.07403181551361315
proteome,RNASEH2A,0.019617302826218003,0.03901965553491971,0.055424999759820265,1.0127272814508712e-6,2.3350323337717956e-6,0.0034017131448564886
proteome,RNASET2,0.07958120161084022,9.578975037641313e-43,5.547823042633927e-42,1.138944406983541e-70,9.498796354242732e-70,0.04999239880468154
proteome,RNF149,0.02540039370075868,3.2218800864870605e-5,6.371726268601442e-5,1.4526183190476868e-136,2.4092004961932942e-135,0.06212909744155637
proteome,RNF168,-0.006395772898353667,0.4083507697928358,0.4663442476624756,0.9594443984945792,0.9647324144697473,9.725375281599558e-5
proteome,RNF31,-0.0023826841174836373,0.7400808421300977,0.7818660796879318,0.5885414462081757,0.6410270453289795,2.0496365317723697e-4
proteome,RNF4,0.009825691564834973,0.44222410243562515,0.4995557875424109,0.08569806774016096,0.1266595745486227,7.022604943915933e-4
proteome,RNF41,0.08210419283486158,1.7822215515041452e-8,4.236404486026547e-8,0.06581430367856762,0.10011044942039546,0.003722313891466267
proteome,RNF43,0.0069001958119003365,0.5561959381339696,0.6108111149033323,0.002553846242884514,0.004763372001904087,0.0014433122459406311
proteome,RNF5,0.036064952808583184,0.016396904118288896,0.02491544149988823,0.10060178486774382,0.14566300100642074,0.0011507793664152777
proteome,ROBO1,-0.09386233406067399,7.921358519992042e-67,6.721641139493248e-66,9.182930944355622e-6,2.03221951679864e-5,0.031138743893007415
proteome,ROBO2,-0.16487795142617154,6.735399681581379e-218,2.3130154906512997e-216,1.6163639612689196e-65,1.2351220950115121e-64,0.11769192525744099
proteome,ROBO4,0.0047783268070700985,0.17869600783619327,0.22177450972527557,8.03772642150747e-19,2.721824063153168e-18,0.008770800289834235
proteome,ROR1,-0.06151383281782484,3.685202521493328e-19,1.2730303148211863e-18,1.3681927251387371e-130,2.1705187851521597e-129,0.0642570375461683
proteome,RP2,-0.017651462787638097,0.05706723810559842,0.07883543210139224,0.8143369804227708,0.8376535829981991,4.62477486170787e-4
proteome,RPA2,-0.005743373232215093,0.36878959843745984,0.4251567290043228,0.23791846018681184,0.30300348398137167,5.075929189281014e-4
proteome,RPE,0.0483179555569077,4.997088436464254e-4,9.026300214133142e-4,0.3551178198780083,0.4215489695908525,0.0014661695774461636
proteome,RPGR,-0.0072592938862045394,0.38380721399495377,0.4405557442592489,0.7298659769733107,0.7677401033459798,1.9742786974030757e-4
proteome,RPL14,0.020082849555036413,0.012019941651911321,0.018593645830381107,0.08877567181103461,0.13048146325096174,0.0012768119089286989
proteome,RPS10,-0.011508098705484016,0.15466441993776572,0.19577859574949616,0.012679605394450032,0.02178623376497743,0.0012557518380053034
proteome,RRAS,-0.0462168506718132,0.08328424204115183,0.11197913519950353,0.008246048498747521,0.014491400101049979,0.0014848482016884823
proteome,RRM2,0.034151658866856185,0.0016263853519937477,0.0028074623550974273,0.06370270517139022,0.09735507664674767,0.00171308868323361
proteome,RRM2B,0.11145784374724668,2.860945161240054e-14,8.40996870660596e-14,0.018112000931676444,0.03052478678958634,0.006526777467048661
proteome,RRP15,0.007128086345846205,0.6903746876942576,0.7378995654996477,0.38025104396517245,0.4466313597765698,3.1602292978849533e-4
proteome,RSPO1,-0.048770665469968305,1.3511257233841944e-10,3.490208837662357e-10,2.6193107928826895e-118,3.428595607365278e-117,0.055380225066507305
proteome,RSPO3,-0.05998373785103977,4.394128454057669e-23,1.6921452450388305e-22,0,0,0.16055913859238002
proteome,RTBDN,-0.043400036801947345,2.6822399530585084e-11,7.130654301436964e-11,4.695843372529935e-67,3.6455230862805534e-66,0.03405740007947833
proteome,RTKN2,-0.02560441369720485,0.012735758351003509,0.019648878766690935,0.21071808124178917,0.2734931432391208,0.001023181506618842
proteome,RTN4IP1,0.08309246006193557,1.2117819725258845e-5,2.4804990026669405e-5,0.13623250844409385,0.18936318673729044,0.0023781420577471124
proteome,RTN4R,0.15796462150464402,3.679206524695756e-85,4.068031759692012e-84,1.1161365398219525e-14,3.397291511720834e-14,0.04424888914974645
proteome,RUVBL1,-0.11240112718073692,7.064819579488877e-7,1.5366772244804792e-6,0.003487964438226972,0.006399351474031761,0.0036894931074414883
proteome,RWDD1,0.09256784080558035,9.658591539067742e-11,2.5150248619570686e-10,0.24214273937219186,0.30798024236489235,0.004461570302926154
proteome,RYR1,-0.010043621215734896,0.13214519971524472,0.1703762535197877,0.24411085876161992,0.31007815349224044,6.125715669257348e-4
proteome,S100A11,0.0329926277208783,3.543394920899232e-4,6.476624780278558e-4,4.2480165132797565e-26,1.6756702976031903e-25,0.013164704529047722
proteome,S100A12,0.18584776203286213,4.288852970621632e-30,1.9469925071919975e-29,1.1338913768044021e-10,3.0505335750157145e-10,0.017736181743742585
proteome,S100A13,0.06690956143018628,1.0108017309990651e-21,3.749085454620421e-21,2.6298700882752572e-104,3.046266185585506e-103,0.0548503162704973
proteome,S100A14,-0.0564014508178871,1.3524126266202484e-7,3.050766968396063e-7,9.76211865820539e-11,2.633606687920659e-10,0.007753237937543678
proteome,S100A16,-0.07039713030365051,8.359172960753676e-8,1.9107616188285028e-7,3.0322801569965826e-10,8.068574091406586e-10,0.007532844246367576
proteome,S100A3,-0.029002226535474563,9.706589752028348e-4,0.0017047855286504664,0.02926662744376683,0.04785954370215987,0.0018961301387050433
proteome,S100A4,0.08949201258505396,1.1449873847477046e-12,3.2136713231524516e-12,1.0592253751663605e-11,2.930690872142755e-11,0.010027051260756759
proteome,S100G,0.013501388647726245,0.15928424162131835,0.2006692711664343,1.6491039255783666e-28,6.808676603625533e-28,0.01316071174523592
proteome,S100P,0.047950487491777674,2.3280310502656397e-5,4.6576577352470204e-5,9.639500287385534e-65,7.27072386017529e-64,0.030991569160494836
proteome,SAA4,-0.023959685734738397,3.8575222502504276e-4,7.02878117882709e-4,0.14642425404731724,0.20075734972480933,0.001775569551396683
proteome,SAFB2,0.014891686996422841,0.004353538699979015,0.007163460803404028,0.03539578494218421,0.056894436258940376,0.0016334609077682805
proteome,SAG,-0.02289402822644655,0.029097390571181696,0.042298447747649084,0.6089416183701787,0.6583335496379821,6.45626847520897e-4
proteome,SAMD9L,0.031583402388780484,0.045888799808754745,0.06439875319315148,0.1957145846984679,0.2564142157696714,8.29303759169453e-4
proteome,SAP18,-0.03179021800218876,0.03024466967601962,0.043770049967427505,0.003784640360666583,0.006913244814008609,0.0018004725351782325
proteome,SARG,0.09385934967753508,3.205901057940108e-5,6.344423856357409e-5,0.11252068030305373,0.1602627588747893,0.002212378065006959
proteome,SART1,0.030067444114924693,3.795948430313147e-6,8.000269652046265e-6,2.5465590177413116e-6,5.7668004443653125e-6,0.0050129691329668935
proteome,SAT1,-0.03692323592021515,2.5147742472381493e-4,4.654804075896105e-4,0.10973770335210688,0.15709875237116233,0.0019134281262392916
proteome,SAT2,0.06987310865900226,4.2699001407091327e-7,9.385420565308704e-7,0.5333688814131037,0.5915287860352773,0.0026895466897952636
proteome,SATB1,-0.004430615608198727,0.44960265197407023,0.5061491690719307,0.6652425847598916,0.7087018631073445,2.1999699612451629e-4
proteome,SBSN,0.025652930421473662,2.904633500920443e-4,5.34929034018093e-4,4.3194390003216825e-6,9.713746103188744e-6,0.00405651542279184
proteome,SCAMP3,0.08304672784367201,1.3764608712398726e-5,2.803830623272288e-5,0.018720377082676026,0.03151371436235947,0.0028413141895322624
proteome,SCARA5,0.043830413629766585,1.32371680437604e-11,3.561225209192314e-11,1.1124080787437011e-274,6.626773840516048e-273,0.12119282467144799
proteome,SCARB1,-0.03021800851564102,0.017664231738438035,0.026688350126553118,0.3319221756925842,0.3990125297305689,8.547973772249362e-4
proteome,SCARB2,-0.010996897014205934,0.08892752124528983,0.1189094981745309,0,0,0.1455321742001907
proteome,SCARF1,-0.03155659300449931,7.134058923436343e-4,0.0012697754876530905,2.0975581872969295e-12,5.9386734711151674e-12,0.006685161906484383
proteome,SCARF2,-0.08204703868516403,3.770979411094272e-39,2.0651949157568816e-38,0,0,0.24520768163453743
proteome,SCG2,-0.005809175949427463,0.4131029486704162,0.47103418248786905,3.2824414259376406e-62,2.3483937554686207e-61,0.02803753890638827
proteome,SCG3,-0.150855273874678,6.0595940909427715e-90,7.07518206058478e-89,2.2142650348520293e-4,4.479168147424167e-4,0.04012423044870905
proteome,SCGB1A1,0.07669500138364059,7.25877353782203e-10,1.8297374746893355e-9,2.163800648670314e-118,2.857979227813867e-117,0.0563290790100881
proteome,SCGB2A2,-0.004536476527656372,0.4871472424097605,0.5437792736497479,0.49294962033107215,0.5542834906573187,2.7680784366246325e-4
proteome,SCGB3A1,-0.11269051122543196,3.622976498485305e-95,4.5388276390895297e-94,2.160959801590445e-37,1.0374739573754124e-36,0.05662047813708049
proteome,SCGB3A2,-0.2619409538857295,2.0461108776251112e-43,1.19451953035754e-42,1.2696395835740346e-15,3.980749671807312e-15,0.025274145594933017
proteome,SCGN,-0.0895660515975844,5.7671074945878926e-21,2.1095472151255714e-20,1.6907511016795722e-39,8.45086038664841e-39,0.02603293789361527
proteome,SCIN,0.0020951093255232337,0.8830927452363309,0.9051080489272646,0.7398242888823813,0.775978116869447,1.261405461469023e-4
proteome,SCLY,0.28735067562060024,1.0356424757485802e-142,2.0020135011325204e-141,5.674611451619765e-9,1.4353718221211522e-8,0.0640487382424324
proteome,SCN2A,-0.00657427516051427,0.5004998420570264,0.5580439415448663,0.12190809884266963,0.1719177513206635,6.063111201216609e-4
proteome,SCN2B,-0.012649634791901404,0.02840352350417972,0.041413529025324976,0.8361536411527816,0.856697956660221,5.490361923037312e-4
proteome,SCN3A,-0.009513680919591826,0.19898666162660733,0.24491224044786314,0.3673220411222474,0.4337029907989204,4.964704657055563e-4
proteome,SCN3B,-0.017920847930724394,0.04423541254452261,0.06228807005183864,0.3470528609103706,0.41399562770632276,6.894597623245957e-4
proteome,SCN4B,0.1753273918222435,5.829862364221554e-95,7.272379590240478e-94,1.7382369808419097e-24,6.6066585248405395e-24,0.051999864170040655
proteome,SCP2,-0.022195239782506843,0.17803933493352309,0.22105351708675197,1.1475766535652671e-10,3.0845085191132733e-10,0.005044210466986221
proteome,SCPEP1,0.13427845855945195,9.152774541474636e-39,4.984505389284415e-38,4.589118926707246e-7,1.0750913440656862e-6,0.01963794711776412
proteome,SCRG1,0.15631711455843195,1.5244764276422646e-167,3.5886666873288466e-166,0,0,0.22500900657322576
proteome,SCRIB,-0.006999727274931653,0.6930536351111696,0.7399500954241054,0.01746470824361081,0.02950201583512729,0.0010062975239079064
proteome,SCRN1,0.01200258620800574,0.3308136153325788,0.3873425363641386,7.793935963306274e-11,2.1065276923047238e-10,0.005006270154239045
proteome,SCT,0.0028287876525267854,0.7643869711218023,0.8046323724141872,1.7506892651571425e-14,5.279196244828202e-14,0.00659236957082332
proteome,SDC1,0.19709401453565897,7.971746497516884e-119,1.2646482622962925e-117,1.0542732162507309e-11,2.919756658667821e-11,0.057535157922090296
proteome,SDC4,-0.0050837295874780995,0.6138995545797676,0.6671529411088392,1.2262927045403102e-4,2.527929664232461e-4,0.002073251445692481
proteome,SDCCAG8,0.06922547489798084,0.004249286045113683,0.006995863488825066,0.00116502090880172,0.0022461664681586663,0.0023409743428250973
proteome,SDHB,0.013047223651542166,0.353838867776495,0.41084154933953415,2.5396607700502254e-7,6.002647601438548e-7,0.0033332722013074134
proteome,SDK2,-0.018642681056508518,0.01516197017299553,0.023141947338315635,5.47448146583497e-63,3.955448366032742e-62,0.028861298173601613
proteome,SEC31A,0.05022793281298229,0.0013649331038089808,0.002375813792497564,0.4031320447232356,0.4684484229885051,0.0012622835158497825
proteome,SEL1L,0.03349076165264734,1.4942496774527577e-7,3.365520685559105e-7,1.1066567924869485e-52,6.829452806066392e-52,0.02673666303565636
proteome,SELE,0.18630569543261866,1.6508321808997275e-56,1.2168634181935113e-55,0.00427829032849053,0.007766374047800906,0.025439890651733243
proteome,SELENOP,0.006017766824356025,0.19655145779988303,0.24208173220162807,1.2919437510873624e-30,5.53771484496918e-30,0.014047584317943618
proteome,SELL,-0.08620603085789245,1.6479411749326443e-74,1.5467332120991603e-73,6.163877671638249e-41,3.1676688245619806e-40,0.05004441395334169
proteome,SELP,0.09119606997549934,6.309367556478764e-13,1.7863282150690118e-12,3.750552035098999e-8,9.192159018013416e-8,0.008766635024856861
proteome,SELPLG,-2.257764277176547e-4,0.9723881330956379,0.9778377106949969,1.3837909162839534e-24,5.2801120060560265e-24,0.011187930661708423
proteome,SEMA3F,0.06701959717924079,1.5482055421924608e-28,6.785603570059749e-28,4.730186143530242e-81,4.341953884580119e-80,0.04767210702212099
proteome,SEMA3G,-0.09847185043501347,4.291469025847692e-29,1.897999710068093e-28,1.3065918039560155e-7,3.128746083468096e-7,0.015547684054581179
proteome,SEMA4C,-0.05458777417440293,1.6459595406346166e-19,5.760858392221158e-19,4.259170622742975e-49,2.4716737669556153e-48,0.029673589699131697
proteome,SEMA4D,-0.011052975432817365,0.09353410678652015,0.12427221561668289,5.569090707598092e-4,0.001094691971412716,0.0020024691195750233
proteome,SEMA6C,0.02944430067803852,1.4905739059665104e-8,3.5547264963368005e-8,0.08526063649568015,0.12614079976223536,0.003913787232164179
proteome,SEMA7A,0.03619456848235682,2.3309566730028036e-9,5.756398078253117e-9,4.904567032968519e-47,2.7907273234376425e-46,0.024893886225550554
proteome,SEPTIN3,0.12443117465689937,1.6944843718243271e-15,5.158975995249303e-15,9.095955130289283e-60,6.336776378356663e-59,0.03298213857752008
proteome,SEPTIN7,0.0023262559603442826,0.8292870508791097,0.8602305975537033,0.14153502264465662,0.19500877070090528,5.424747567268629e-4
proteome,SEPTIN8,0.07742430264061502,1.4724473533374384e-32,7.057592486686342e-32,1.627901140783926e-154,3.1891566643948186e-153,0.080682881907154
proteome,SEPTIN9,0.009521577186972411,0.10500189258228869,0.138437454583424,0.14322468003163674,0.1968327876705968,7.742397046056615e-4
proteome,SERPINA1,-0.005936497826374008,4.0453104876841966e-4,7.357172157975184e-4,0.0034289393778965667,0.006298976742655808,0.0025266892514290706
proteome,SERPINA11,-0.428274251667456,0,0,7.770819174054378e-59,5.2874175219265106e-58,0.1906437647915017
proteome,SERPINA12,-0.4046808106137722,7.230375721401322e-56,5.22412542840853e-55,2.1094088903875996e-5,4.5916215891434774e-5,0.026505063754846847
proteome,SERPINA3,-0.030863006236153564,3.6039173733425144e-24,1.4254518716513278e-23,2.229015417716189e-16,7.149995609135775e-16,0.017480384648998815
proteome,SERPINA4,0.034702401766828275,7.432199089806317e-13,2.098122741116503e-12,1.484152698691632e-14,4.498693382638498e-14,0.011330853351867343
proteome,SERPINA5,0.009276578361459481,0.16211097153070098,0.2037029383978115,5.515747978757002e-15,1.7037532645493853e-14,0.006972939310674664
proteome,SERPINA6,-0.1587364906697391,0,0,4.6646871159877345e-15,1.44545877829811e-14,0.1713443648552151
proteome,SERPINA7,-0.07427679546511724,2.1369575769432048e-83,2.2933011643739762e-82,0.43116791407117916,0.4962931788869371,0.03640098386688795
proteome,SERPINA9,-0.11128956059993718,3.3303677194412893e-12,9.145196023564558e-12,2.0614094677249463e-42,1.0802969903571128e-41,0.023564116938839863
proteome,SERPINB1,0.06627951917063947,7.679673710668406e-4,0.0013627335903611598,0.37630039648858193,0.44291163602829464,0.00136798426711926
proteome,SERPINB5,0.0431962091182672,2.564829342975117e-5,5.110400581668509e-5,0.0018767619766966314,0.0035343665870822367,0.0033716335592640645
proteome,SERPINB6,0.024011254742123386,0.07028902310656118,0.0957413245207896,0.17658809931035202,0.23580085173235021,7.958756735081396e-4
proteome,SERPINB8,0.11220335008606903,9.749074433566957e-22,3.6205532152139884e-21,2.7062687448592276e-16,8.652353194133719e-16,0.016457103692383956
proteome,SERPINB9,0.0048094156540635785,0.5067784123827032,0.5641823744260528,0.08623033082130015,0.12738174881952183,6.828881893005123e-4
proteome,SERPINC1,-0.049626680265593054,6.651097427019938e-60,5.17721423719232e-59,9.115635274929528e-16,2.870392596280398e-15,0.03398308321674259
proteome,SERPIND1,-0.08719727583365977,3.063523570606558e-46,1.8708002725105738e-45,5.516071066018767e-12,1.5452410212772345e-11,0.025440096417177926
proteome,SERPINE1,0.09403897812043208,4.689067105631363e-10,1.18917349099374e-9,4.5194163698510255e-4,8.943848395657725e-4,0.00563734234138602
proteome,SERPINE2,-0.01505286396430841,0.2564071303642951,0.3095336697822073,0.5657979499027983,0.6208637973397959,3.250836705287474e-4
proteome,SERPINF1,0.14082654653063065,1.732923114963155e-128,2.923932122877138e-127,1.9479532413194566e-31,8.436313815150584e-31,0.06922051098375825
proteome,SERPINF2,-0.06091922007266676,2.0972030453416522e-110,3.0608678446761415e-109,2.9706225992599375e-10,7.911722050401238e-10,0.05356046936453718
proteome,SERPING1,-0.03902572917392826,8.502949550545579e-24,3.336036255113245e-23,4.56458035211813e-57,3.014481911274394e-56,0.03575882788862583
proteome,SERPINH1,-0.09679081240934757,2.666084394498084e-4,4.925506549075891e-4,0.6171627392238064,0.6659881832880927,0.001486886475682292
proteome,SERPINI1,-0.14613872764542782,2.664811640262532e-123,4.345578311690688e-122,0.08639664812518286,0.12756288107102112,0.05441813473556245
proteome,SERPINI2,-0.08316212596362316,8.194939057766342e-13,2.3112103487555508e-12,1.4083349873006328e-5,3.0955796897067375e-5,0.007762772887990099
proteome,SESTD1,-0.011040653800169758,0.42837760038042094,0.4861719344908432,0.1925513644216076,0.25321283122908883,5.343647143392083e-4
proteome,SETMAR,0.12822199615590196,1.9915262486174667e-78,2.004574179211857e-77,1.1232345792126021e-37,5.4554438215001425e-37,0.04933863009682904
proteome,SEZ6,-0.09843054013955403,1.178577980029298e-57,8.821202881296208e-57,6.672132858197776e-17,2.159196875064225e-16,0.03178233653353646
proteome,SEZ6L,-0.16897556929802557,8.578541484187316e-163,1.9563095775267793e-161,1.4260955723219202e-30,6.10377269150687e-30,0.08140009161600947
proteome,SEZ6L2,-0.23513450999216795,0,0,3.490832059480898e-10,9.254985269413935e-10,0.1700044662107426
proteome,SF3B4,-0.01723767911619187,0.2831484485619712,0.3374889021447096,0.9856986074693395,0.9877288826649508,1.2674716685368015e-4
proteome,SFRP1,-0.0665753004602031,6.672279485281563e-12,1.8168268486508286e-11,4.0212437918922496e-179,1.0296500551345154e-177,0.08179658631635978
proteome,SFRP4,-0.08826606311203437,1.4797874496707023e-24,5.9415399801771385e-24,4.343373464153972e-38,2.1272327419237318e-37,0.02641074767647178
proteome,SFTPA1,-0.06385832759829567,1.149598298231187e-7,2.6033184115879243e-7,1.5592468499941529e-6,3.561378368648617e-6,0.0055985886833639364
proteome,SFTPA2,-0.02275045887206329,0.04402906253161017,0.0620274293097346,1.5965556652945767e-27,6.472702759715095e-27,0.012872589003136814
proteome,SFTPD,0.028693690417227254,0.05667134574662998,0.07839983802578811,7.670910550968704e-82,7.1083771105643335e-81,0.03701961935573572
proteome,SGSH,0.12573423468781744,7.453712199117087e-28,3.2090539689119137e-27,4.1362424241187665e-11,1.128382395888101e-10,0.016701575466236407
proteome,SH2B3,0.1534136697111815,1.2184602857653263e-12,3.4133258868992205e-12,0.012465396529761027,0.021441657319017347,0.0058910434580475846
proteome,SH2D1A,0.09094947267614839,1.2937580409745551e-14,3.8223478963610596e-14,7.784758149160007e-5,1.6277728536818095e-4,0.00804688621888916
proteome,SH3BGRL2,-0.027016439883212024,0.02563857391982598,0.0377022656281975,0.112428782308378,0.16024395290925555,0.0010576669824776674
proteome,SH3BP1,0.04593398587104842,4.6138806868691625e-7,1.0126253928549688e-6,0.0010938067112894463,0.0021130521444433447,0.004113702573469102
proteome,SH3GL3,-0.014605006642198862,0.3616070304201211,0.41819767107620187,0.3143338630509513,0.3810384328262985,4.423986960607751e-4
proteome,SH3GLB2,0.1584621895944026,7.826580285846908e-31,3.6436663244636564e-30,0.12321204937940103,0.17357913713246698,0.013584185660532544
proteome,SHBG,-0.45739223665375295,0,0,4.179491175432513e-20,1.461070028872755e-19,0.1439137599141782
proteome,SHC1,-0.09656212961045407,3.684413346465119e-5,7.256951793746074e-5,0.007644187793481899,0.0134742658026411,0.0028596522877786246
proteome,SHD,-0.06517929992465533,1.0706620058385817e-4,2.0453287925672906e-4,0.6751790684926864,0.7166718912473278,0.0016269379520613692
proteome,SHH,0.008018131279063555,0.34517867758386267,0.4019441794742714,0.030008909869651202,0.049018471130112956,9.62104090188598e-4
proteome,SHISA5,0.04771376181798804,1.5466415406817878e-20,5.580527388442693e-20,2.824566135501789e-274,1.6489817099059445e-272,0.1247284680045484
proteome,SHMT1,0.0823045758856525,1.858664192225006e-5,3.765052586471057e-5,0.07484270446800359,0.11252495722081929,0.002431184494775862
proteome,SHPK,-0.01409493886500474,0.09722640385693726,0.1288260884513844,0.18934887965597522,0.24975570705639027,7.480364496780245e-4
proteome,SIAE,0.11050420552109493,1.965143094437499e-26,8.171300131998661e-26,2.721571678574423e-15,8.505639967621778e-15,0.018174053034240467
proteome,SIGLEC1,-0.020128573299394208,0.03807253937229263,0.0542115816720596,7.374405267362908e-69,5.929996962929016e-68,0.03124599184993515
proteome,SIGLEC10,-0.019411733396991877,0.009181447831908367,0.01446338166289289,6.338577185323146e-64,4.7079661078774207e-63,0.029253145299637406
proteome,SIGLEC15,-0.05897680697965078,4.2574236414879733e-4,7.723691491301053e-4,0.645186949071602,0.692343669626222,0.0013992610263878769
proteome,SIGLEC5,0.07211382828077907,0.006510760455620179,0.010461036199949062,5.1109389092417634e-11,1.3916819660519316e-10,0.005810293231794272
proteome,SIGLEC6,-0.0765222135113437,4.34951692729422e-25,1.7682785391047116e-24,5.663173574825357e-24,2.1330069245051896e-23,0.020661552000141192
proteome,SIGLEC7,0.018212242161756487,0.003584377008385482,0.005946437896221272,5.181869149939221e-130,8.045678749293928e-129,0.05820897294917282
proteome,SIGLEC8,0.09015894337274309,3.133529457167558e-21,1.1548955158424371e-20,9.055837126558164e-58,6.035157208315817e-57,0.03468834118021502
proteome,SIGLEC9,-0.09903498921177588,9.298245139376766e-50,6.018088151184209e-49,1.520522822969799e-12,4.342863131358947e-12,0.026869612696948098
proteome,SIL1,0.027267266453163328,2.2402925009734096e-5,4.489530634425881e-5,0.1931862673532423,0.2537416574704764,0.002188447429686269
proteome,SIRPA,-0.04203600944588812,8.767431908464387e-4,0.0015463524918916947,1.0152917186071434e-16,3.278358989617535e-16,0.008579067446690902
proteome,SIRPB1,0.11794104267393345,4.234937110505795e-33,2.0602969042610692e-32,2.122524988787854e-62,1.5260222764216122e-61,0.04225976709746382
proteome,SIRT1,0.0287717298178107,0.08268712530787305,0.11127880072553317,0.07511629338941564,0.11279036028997132,9.588236266346861e-4
proteome,SIRT2,0.018623695061407496,0.3470400602063818,0.4035896158336368,0.0018252563797281577,0.0034449660838728655,0.0015553672453920697
proteome,SIRT5,-0.007240788286670987,0.5358126790926832,0.5910949396339917,0.8805704712223525,0.8965638600712856,1.0617951494495959e-4
proteome,SIT1,0.0027718831682806,0.8246980153858092,0.8560787720167771,7.78646727943853e-12,2.1687688920497205e-11,0.00537759701062368
proteome,SKAP1,-0.02527635774816126,0.11831756262405481,0.1545275012526246,7.408436775336277e-10,1.9394822374176315e-9,0.004749189065006099
proteome,SKAP2,0.04340921961271501,0.06222989006214859,0.08536139524972355,0.1140185318326153,0.16203509952259207,9.096940132538034e-4
proteome,SKIV2L,-0.013873356012850344,0.07133404015948037,0.09708994728198213,0.20097484342380512,0.262598732298159,7.432107813371003e-4
proteome,SLA2,0.11605394748508843,7.068015838628092e-8,1.6296633675320222e-7,0.009171051441462586,0.016039723881143973,0.003897552529931625
proteome,SLAMF1,0.13921450814926623,1.008715158066345e-27,4.336435267151194e-27,4.6485140112021196e-18,1.5525185810868406e-17,0.02015728228181113
proteome,SLAMF6,-0.07931885900675237,2.2401885745474635e-22,8.503394602215924e-22,8.017147393156946e-6,1.7755730835072173e-5,0.011748500936936135
proteome,SLAMF7,0.06118517926848489,2.115273527866274e-6,4.50363488536955e-6,2.3826822970982626e-5,5.151888611281355e-5,0.004799757530146276
proteome,SLAMF8,0.016782432505148513,0.14021668556004163,0.17967186354247652,1.0917115380459113e-62,7.868409826064234e-62,0.02848864775645299
proteome,SLC12A2,-0.019628828741661695,1.460408436900199e-4,2.7627558180892296e-4,0.3580122674529084,0.42429468481325194,0.0017175832253637502
proteome,SLC13A1,0.0025026126359905454,0.842790562565382,0.8708338591604778,0.5049574214506761,0.5650601015988799,2.3215428061407195e-4
proteome,SLC16A1,0.09489264641577831,4.871511212699506e-14,1.4191558113642573e-13,0.6397398426876475,0.6873023926408697,0.0058160095333693596
proteome,SLC1A4,-0.018312165853987247,0.07834614342591276,0.10587610771307378,0.024917079972213155,0.04113855002199672,0.0012490525144966957
proteome,SLC27A4,0.03831564336912303,0.010621084027831556,0.01657025348863726,0.28600610098742274,0.3519832322913806,0.0010208677083579643
proteome,SLC28A1,0.006429670088641901,0.5836699583443254,0.6383411796204893,0.5706101895591043,0.6247603688383441,2.3196582666296095e-4
proteome,SLC34A3,-0.012046002894467476,0.223554941001235,0.2734940791209577,0.7661014194820849,0.7983755956687631,2.6325027675699886e-4
proteome,SLC39A14,-0.05616770651760434,8.016393970625042e-15,2.3780339431152943e-14,7.397617208923648e-15,2.2634847623530536e-14,0.012356758837176463
proteome,SLC39A5,0.2459126055239927,7.673237896021454e-93,9.2938512109903e-92,9.807383275826524e-72,8.273916700039774e-71,0.07060226475105102
proteome,SLC44A4,-0.025524616785286624,0.058065786368465294,0.08013902147023651,0.7803489839911179,0.8108832134427939,4.4417441475386177e-4
proteome,SLC4A1,0.11228878072333585,2.085200442629824e-30,9.540282275919211e-30,2.6670694185016693e-9,6.811177281370405e-9,0.01685658892566544
proteome,SLC51B,-0.16254579196257324,9.612752458159999e-27,4.0315552335300337e-26,0.0015938849695955161,0.003021136510551501,0.012854481082407831
proteome,SLC9A3R1,0.011231518605308638,0.5154154300730815,0.5729237015930407,0.16213055885935568,0.21889875176246956,5.363027434533985e-4
proteome,SLC9A3R2,0.12102103924073858,3.9377901011156947e-32,1.8659755365514143e-31,0.019970447407817095,0.03350214711690695,0.014577607751347199
proteome,SLIRP,-0.00894368147847806,0.42628636531265107,0.48492981307390043,0.21585533964622058,0.27879722850766275,4.927669241217014e-4
proteome,SLIT2,-0.012104880893617196,0.2711953530223892,0.3245671322149873,7.084676517878137e-4,0.0013842149100191622,0.0017784603911584762
proteome,SLITRK1,-0.1941154724712223,8.163334637400476e-175,2.090243316365964e-173,1.0035802175926481e-6,2.3157712688956047e-6,0.0775580373870145
proteome,SLITRK2,-0.1657130584323899,3.765133194149405e-74,3.511317505981505e-73,4.1907499362086633e-13,1.2159840023651181e-12,0.03788835675714419
proteome,SLITRK6,-0.0381924070129822,1.8283993808346504e-7,4.0960075154691825e-7,3.2033880042774044e-34,1.4497193154241463e-33,0.018009856401176028
proteome,SLK,0.0018616024170826366,0.9082041274706005,0.92726402521395,0.4640810000627007,0.5262829989056035,2.549689679978151e-4
proteome,SLMAP,0.07039619940904916,6.972386263319048e-5,1.3478407617634636e-4,7.713046401280148e-11,2.0865970755641103e-10,0.006568547924335033
proteome,SLURP1,0.06058045466509498,1.527077553951399e-14,4.507117674402562e-14,7.2532344461667855e-40,3.6693572527488474e-39,0.023761428204581936
proteome,SMAD1,0.16311056774373547,2.6847373941384084e-19,9.32946244463097e-19,0.16038655482081757,0.2167149460664938,0.008257568738483378
proteome,SMAD2,0.08618094747681883,2.1271611412779668e-9,5.2620198062630385e-9,0.03776789685344086,0.06024289121048845,0.004227582749043446
proteome,SMAD3,-1.878105397710852e-4,0.9859119870943278,0.9896413653123599,0.21345290540270873,0.2761133419709674,4.4235086346400276e-4
proteome,SMAD5,0.04882667385415426,4.906309847824241e-28,2.128011656136547e-27,1.74702568594714e-70,1.4528683695953568e-69,0.04290575039315181
proteome,SMARCA2,0.009567128508344213,0.4861524198670355,0.543292080241913,0.21113851668099154,0.27372030949484893,4.888020230516821e-4
proteome,SMC3,-0.030550240101120524,0.003504983204344075,0.00582570240386361,0.3126996440482405,0.379688128526129,0.001167840746580051
proteome,SMNDC1,0.12628489115410033,1.8691329615614823e-28,8.17990871783803e-28,0.00922706645933325,0.016128028140595062,0.013249903404072061
proteome,SMOC1,0.11290667073765197,1.2212862021502288e-51,8.139119689672415e-51,2.6350280392181797e-254,1.2609257125373552e-252,0.12789893897018367
proteome,SMOC2,0.28524533408166025,1.0909508367464092e-234,4.61519636588807e-233,8.367518621352206e-73,7.183760839919732e-72,0.12877360900744916
proteome,SMPD1,0.1625443778804868,9.028812133365425e-49,5.704567666080882e-48,2.7958866919388763e-21,1.0001462320796054e-20,0.03079476267500114
proteome,SMPD3,0.035315197863315106,0.001470639978025702,0.0025491675153545275,0.27476343631626066,0.3404221012763857,0.0013594316321702271
proteome,SMPDL3A,0.12655876402720934,2.104587763833502e-18,7.053147741251427e-18,0.05305660189183219,0.082510506618145,0.008156816472385864
proteome,SMPDL3B,0.02381355198994763,0.13276263516228787,0.17109674703696173,0.006487044360351517,0.011543984911882044,0.0014330924483791918
proteome,SMS,-0.004524656367868927,0.7138052212331685,0.7584992503748157,0.1753562891006663,0.23469280508245988,5.025034874485135e-4
proteome,SMTN,-0.08843764507144458,1.5119776668774301e-5,3.071303277394028e-5,7.106125771342181e-5,1.4890725862561256e-4,0.0039051274688458593
proteome,SNAP23,0.0869463950098084,7.244060675052218e-6,1.5050116092866496e-5,0.1361022409008706,0.1893624600522599,0.0024552984007163436
proteome,SNAP25,-0.12306051483610128,6.105058016356004e-38,3.2578911059859556e-37,0.09581906234165372,0.13936016092440817,0.016741028281339054
proteome,SNAP29,0.08568566936336798,2.274995003382628e-5,4.554671066442999e-5,0.3410489131054739,0.4080007284241305,0.0020487611654299576
proteome,SNAPIN,0.07937607085457561,3.117662827887025e-11,8.243168292212161e-11,5.415205872437492e-4,0.0010665982416764534,0.00597778245259295
proteome,SNCA,0.16462445000145787,1.8476360488105067e-12,5.116935129485644e-12,0.11580186751168318,0.16409012197407924,0.0053656253895951744
proteome,SNCG,-0.1982878976666857,1.3139500881352236e-37,6.935660591802382e-37,1.664399458561574e-170,3.7956109527665897e-169,0.08796029390760374
proteome,SNED1,-0.04037325580909145,1.136474369904133e-9,2.852423633491113e-9,1.0290621466745414e-48,5.959984932823386e-48,0.0254605308458965
proteome,SNRPB2,0.04816530852291669,9.005186032162959e-11,2.3532800383065066e-10,6.018386900936759e-26,2.367610695934555e-25,0.01592508109619506
proteome,SNU13,0.054820048244329116,2.0763452244513873e-6,4.423979350491679e-6,0.3079377151435249,0.3745773397587318,0.002490811865125453
proteome,SNX15,0.112638149219592,2.3878707224287002e-25,9.789599211754741e-25,0.24537701446233218,0.3114018425394324,0.010976723900754992
proteome,SNX18,-0.03100827895901305,7.251120997313695e-4,0.0012898246307835879,1.847793163921148e-10,4.939293265096914e-10,0.005894627245727313
proteome,SNX2,-0.09823340399423577,8.214815331514057e-10,2.067159133852546e-9,0.28217036833360803,0.34782740927609873,0.004090971600682725
proteome,SNX5,0.005300164711977079,0.35805074880327514,0.4146928308910679,0.08402471791924128,0.1246281258161917,7.186444438080919e-4
proteome,SNX9,0.015949274428392883,0.2893568364448582,0.3437658142379085,0.1861115317184439,0.24615295019761566,5.812910128393245e-4
proteome,SOD1,0.1375417122527618,5.5356255696572476e-42,3.187079100163611e-41,0.10072083849231764,0.1457464595895717,0.01862471253905873
proteome,SOD2,0.17067138086310019,1.3957284795472232e-92,1.6835253850406383e-91,2.1676932707532486e-7,5.140127260218304e-7,0.04264866204582207
proteome,SOD3,-0.17422723230169704,2.9830898894110156e-45,1.7843523334407283e-44,6.352474196614133e-37,3.02988107514978e-36,0.03549021781376038
proteome,SORBS1,0.03814383565712865,2.6544699017166264e-6,5.627013538933067e-6,1.4850468239816397e-53,9.371814467072569e-53,0.026447995161834492
proteome,SORCS2,0.011691383179321925,0.11932952875644913,0.15564025667563675,2.0185307856346151e-249,9.352525973440385e-248,0.10755917011912342
proteome,SORD,0.2728049493145285,2.1318313886162177e-67,1.8356388859500707e-66,4.860455716365107e-9,1.2319581660099882e-8,0.03259002363543706
proteome,SORT1,-0.0019842752206190297,0.807497706480403,0.842719272512083,3.3626882430505693e-45,1.8450539438843255e-44,0.02044528249074984
proteome,SOST,0.22416098180548177,1.2804842996437416e-152,2.7085026598986096e-151,5.623245691206375e-192,1.6092406051599418e-190,0.13940939468424307
proteome,SOWAHA,-0.026701797377064497,0.0068165365049119445,0.010908700689604148,0.10586857034329167,0.15230673081915644,0.0012947553377781196
proteome,SOX2,0.006091431215899627,0.21061997740544797,0.2585364651162753,0.07082842285934407,0.10679140822645938,8.580585557016462e-4
proteome,SOX9,0.023215504997534803,2.0825498060804623e-5,4.192388195826806e-5,2.5865438312031954e-29,1.0785887776117324e-28,0.01509469042353695
proteome,SPACA5_SPACA5B,0.09531198560082037,1.6264718310107954e-55,1.1607998226700518e-54,1.737784838666418e-18,5.871057805633419e-18,0.032271679579605306
proteome,SPAG1,-0.01105961570550538,0.34383566681364275,0.4006612021672747,0.7482360350184758,0.7833934670799608,2.0464147351184625e-4
proteome,SPARC,0.036735350819163765,0.018058485696930894,0.027199545794293747,0.01210948010080958,0.02085402502316411,0.0016623098920112156
proteome,SPARCL1,-0.06394160814137262,1.866177007874762e-26,7.770856898696762e-26,7.852803726005362e-19,2.662291994914013e-18,0.01936034397485553
proteome,SPART,0.06782747293668309,2.1325301666051568e-5,4.287090603526483e-5,0.1552956851523,0.21074295906999707,0.002235152108765015
proteome,SPESP1,0.2721314634836644,0,0,0.13300250452216084,0.18558045444559632,0.1589625382418216
proteome,SPINK1,-0.030072394265947305,9.783390117187034e-4,0.0017168238129801477,4.554411811349826e-108,5.493523998896753e-107,0.04885729842435527
proteome,SPINK2,0.3503761554001144,0,0,9.179173742941598e-4,0.0017862672103764348,0.1716917871749699
proteome,SPINK4,0.0715279918543596,6.099389902856261e-7,1.3286656064505542e-6,1.4465046076723916e-87,1.4168949495958761e-86,0.041549429342246036
proteome,SPINK5,0.12440281797602057,9.731514323662712e-63,7.782545290622317e-62,3.106317981373954e-11,8.497977682877763e-11,0.03219797073852104
proteome,SPINK6,0.289251041991747,6.870272679761425e-122,1.1079738095151161e-120,1.0684388049267577e-49,6.275196924710675e-49,0.0729952859832983
proteome,SPINK8,-0.040192972336976766,1.613869122975224e-7,3.6293405007432037e-7,0.2875688071303468,0.3531398182639808,0.0030858535142600507
proteome,SPINT1,0.01543774788401444,0.005978452969907602,0.009652159413252372,0.019311654794315524,0.032471613101732154,0.0017836969783010526
proteome,SPINT2,0.08821338643637125,4.469225071934806e-22,1.6811427815692912e-21,4.151370059871772e-46,2.3125666421308594e-45,0.030118614153679335
proteome,SPINT3,5.092074246243061,0,0,3.1452459594884305e-13,9.162647660425877e-13,0.7311024590608457
proteome,SPOCK1,0.06844327911094188,7.31930984827252e-33,3.525588357608496e-32,1.2610169514593426e-39,6.346393933292795e-39,0.030903330120277794
proteome,SPON1,-0.09195507914126748,2.6604213999414265e-38,1.435447332057121e-37,4.86623804742121e-261,2.5365265822183057e-259,0.12415141990365086
proteome,SPON2,-0.04063566813328858,9.469779013719142e-8,2.1578676768966571e-7,4.2698656375410104e-76,3.754137890356087e-75,0.036307149387840965
proteome,SPP1,-0.06349965829360953,4.306191258779907e-10,1.0939749594759398e-9,8.142837296655172e-149,1.5139453547093278e-147,0.06874667873544027
proteome,SPRED2,-0.002566331094745102,0.7746114832897084,0.8151012688257603,0.31000679963969635,0.37686583121295397,3.6296541025604423e-4
proteome,SPRING1,0.0010277589333349225,0.9260466517062094,0.9405463383195635,1.5361945326081283e-4,3.135770517960228e-4,0.001988870082319294
proteome,SPRR1B,-0.003675267591989119,0.830706184171935,0.861271969082378,0.1121228143666557,0.16000072365058002,5.935825688526686e-4
proteome,SPRR3,-0.5502887545534215,1.989356e-316,1.235517065e-314,2.888558569486683e-25,1.1227300218817082e-24,0.14274932915545357
proteome,SPRY2,0.06057138239099788,0.0027416477684637933,0.004617928353228974,0.028493238532025116,0.04664709101232827,0.0017309636495145275
proteome,SPTBN2,0.0174755216014541,0.004987888860859437,0.008133881332317707,0.9953853563491004,0.9960678283109442,7.848596276981423e-4
proteome,SPTLC1,0.016968546964964745,0.014385507330619348,0.022008016718070168,0.5082980318222696,0.5684487850866126,8.160442259492751e-4
proteome,SRC,-0.07238509273027668,0.006599914110268948,0.010579433985653518,2.6176166994491184e-5,5.651496409535486e-5,0.0031303931088740855
proteome,SRP14,0.20203312553584216,1.6146218167271104e-55,1.1551669321143224e-54,5.56795672327848e-6,1.2444766979517523e-5,0.026755282856488427
proteome,SRPK2,0.07825536882192084,1.9830835983702732e-5,4.0031957286603235e-5,0.3265869548218679,0.3938194101132329,0.0020966418671878317
proteome,SRPX,-0.13409233303158194,2.0800680742441815e-75,1.9842218002348906e-74,4.831732762897433e-302,3.616366137153232e-300,0.15232960788312266
proteome,SSB,0.01206908920623625,0.34614678038079905,0.40287179104128884,0.08395352844699557,0.12460969938387179,7.558885182519237e-4
proteome,SSBP1,-0.011688605880929433,0.08322018483675547,0.11194457121589366,0.03234317209527403,0.0525374064252114,0.00113276301485421
proteome,SSC4D,0.9660042713686077,1.385728203490013e-253,6.420540676170394e-252,0.0037214769270257245,0.006802123450211703,0.10870804519537847
proteome,SSC5D,0.13619974519835565,6.690984359485779e-44,3.937698255108667e-43,4.4611720787880794e-58,3.000497994926821e-57,0.04424449947764497
proteome,SSH3,0.03261077438303277,5.5419615095607366e-9,1.3514607891735832e-8,0.226507940711401,0.2903718396735088,0.0036857179813551966
proteome,SSNA1,0.05045349681157548,1.2906008307726703e-6,2.7843782890062264e-6,0.0012464401913826922,0.0023983908494700583,0.003869061874205215
proteome,ST13,0.11254048292156021,8.217499898099233e-23,3.14788480348447e-22,0.002572571243310563,0.004795233371151682,0.01069995551108427
proteome,ST3GAL1,-0.20249363451265145,4.88374911462826e-97,6.225180639999952e-96,2.8335516307956096e-17,9.251831331423249e-17,0.04928932200138425
proteome,ST6GAL1,-0.044921234002064644,9.380749694882583e-12,2.5330627529474802e-11,2.867205163058042e-68,2.2804827986284536e-67,0.0348984660304531
proteome,ST8SIA1,-0.004602995687619432,0.630705018794783,0.6833808277141692,0.3312882351161668,0.39844678957729335,3.545253123572456e-4
proteome,STAB2,0.0794661024797747,8.28649927460383e-41,4.660557106467935e-40,4.168683556288407e-13,1.2107848060503344e-12,0.023012145235952408
proteome,STAM,-0.009342966728621805,0.218046004140672,0.2670903424618638,0.02252063248505582,0.037414755961228195,0.0011009153371986935
proteome,STAMBP,0.10381116485035434,5.63549232291135e-13,1.601752881263703e-12,0.39437858171809914,0.4601083453377824,0.005323728433898389
proteome,STAT2,0.012921497571111416,0.4121570798611591,0.47013931852861407,0.13553977202083103,0.18884992578940613,6.145501406640275e-4
proteome,STAT5B,0.12980888614665365,2.1384481314228857e-5,4.296028971523333e-5,0.2468843614160282,0.31224239643560936,0.0021304038064970943
proteome,STAU1,0.030160159533276304,0.018383765096944397,0.027675198719948786,0.24843090822044928,0.31392632947856774,9.108383652797203e-4
proteome,STC1,0.19616737137389165,3.303160761010699e-84,3.584359204977781e-83,1.2652514971736147e-41,6.571653238878615e-41,0.05476435696343285
proteome,STC2,0.10281182790448215,7.578666577972848e-67,6.44959992451975e-66,2.1298080993387525e-51,1.2818370808185194e-50,0.051304193544300714
proteome,STEAP4,-0.027274658793818112,0.06648163630898386,0.09076702356684933,0.4218998473880121,0.4875398473973109,6.158673362397504e-4
proteome,STIP1,0.11635856605157363,1.4365504663795181e-15,4.381704087107433e-15,0.040639958996744746,0.06457704970685788,0.007009520310507389
proteome,STK11,0.1261871357825447,2.213136046026515e-15,6.701394313642528e-15,0.8482896664831283,0.8682179300365539,0.006222053242831427
proteome,STK24,0.005630760389433496,0.6738063739510957,0.7231032373394295,0.5550693961519895,0.611183541066638,2.1852300803493208e-4
proteome,STK4,0.014816979245998663,0.4365352214127519,0.49389391911000885,0.26540932368993064,0.3306571983998752,4.44577693685555e-4
proteome,STOML2,-7.192227065337647e-4,0.9674871166760368,0.9738258253715004,0.978085837903888,0.9804370057834648,1.9629023897516085e-5
proteome,STX16,2.839649877785313e-4,0.9821353619930187,0.9861895843335471,0.16803321806808288,0.2256158985927939,4.975510415744511e-4
proteome,STX1B,-0.02912296324636164,3.684704697034357e-4,6.722283131652055e-4,5.984641506224091e-7,1.3953010029287634e-6,0.004295933592156187
proteome,STX3,0.0190712842221414,0.009879351233223699,0.015512547740602461,0.11056897226683811,0.15813367469225892,0.0012031441792859088
proteome,STX4,0.04203373308230462,0.0018647152223903547,0.003201825725974968,1.6811894107955177e-5,3.67594898135739e-5,0.0034260315571055244
proteome,STX5,-0.019420854447476616,0.021415126691213215,0.0318769784863087,0.6452927163639315,0.692343669626222,6.916365236556699e-4
proteome,STX6,0.024710527577944764,0.08692076934770723,0.11633274907196581,0.09355970294540604,0.13661869579671848,9.075033007232003e-4
proteome,STX7,0.18938468690069973,6.728604690073213e-76,6.482111250931918e-75,0.13393484440212805,0.18679207396550968,0.03389127816227744
proteome,STX8,0.025376512509085063,0.017548836175194996,0.026541478132328596,0.08821569742971902,0.12985457428005537,0.0011981761858237405
proteome,STXBP1,0.01140813672525848,0.4749312160123912,0.5317968065730706,0.15328098353456593,0.20839645595593756,5.599136538707583e-4
proteome,STXBP3,0.020303585582263375,0.02806570305613163,0.04094142289897463,0.1136894437476772,0.16176136956973405,0.0010286778486814363
proteome,SUGP1,0.005019217926177219,0.5353637385506838,0.5910321499998821,0.0015039056209290166,0.002865470305151305,0.0015383241066223574
proteome,SUGT1,-0.005071803303083584,0.7751239621094905,0.815346610954091,0.28774143282377185,0.35320321379839786,3.8406273788638146e-4
proteome,SULT1A1,-0.03264407136128255,0.2584415495461786,0.31147435306577015,0.008707109818277072,0.015255734429502265,0.0012876377022316143
proteome,SULT2A1,0.18736122160803007,2.2126570834819822e-51,1.4678968242463423e-50,1.1685152389161916e-16,3.764785852534617e-16,0.029288996467290995
proteome,SUMF1,-0.002037491604955887,0.8762158693759461,0.8996391567739666,0.21414758688513302,0.27683649518055947,4.463438290777111e-4
proteome,SUMF2,0.08213812583028368,1.4692220689504064e-12,4.100056614977281e-12,1.521210218732115e-10,4.0850162175520185e-10,0.009646055593502734
proteome,SUOX,0.2521504563741568,1.1557129630448981e-87,1.3229514271090423e-86,9.055362820357493e-13,2.601634259116488e-12,0.04327134795762366
proteome,SUSD1,0.04009088310051208,1.9649925156979065e-4,3.67680330341166e-4,0.7460193717142103,0.7819140201198492,0.0014839651743193683
proteome,SUSD2,0.012770067913809094,0.0502457689553504,0.06997490438008962,1.566822856019332e-119,2.1076294547098755e-118,0.053402469208860714
proteome,SUSD4,-0.17402544419294075,2.6480303842567017e-91,3.1421141022948424e-90,7.89048204183619e-6,1.7488471587031008e-5,0.04121425180994609
proteome,SUSD5,0.17017802982425867,1.7768796586404657e-129,3.0155300718439066e-128,3.9979670175e-314,3.536383552797e-312,0.17701035766606854
proteome,SV2A,0.028246038578917988,0.024917635312148613,0.03671609160836033,0.6453809952219767,0.692343669626222,6.515128681160443e-4
proteome,SWAP70,0.021320557377111037,0.002487758745090133,0.004217054458140591,7.400105482259274e-9,1.8621472329926572e-8,0.004942130016921675
proteome,SYAP1,-0.036225436186849834,0.0018252145565618532,0.003141392270403331,4.075433885788278e-4,8.098156237315169e-4,0.002835760467630788
proteome,SYNGAP1,-0.006392402470297838,0.5702683976682155,0.6248548996972676,0.07726382130982253,0.11559871573724856,7.017322453501951e-4
proteome,SYT1,-0.05578694012272046,6.286276803091247e-12,1.713318579666046e-11,7.395382067631682e-35,3.3888728815411114e-34,0.020029334771084484
proteome,SYTL4,-0.022708629724694722,0.13826049332392734,0.17747686016382758,0.25410148437400554,0.3198457235393368,6.28231857738526e-4
proteome,TAB2,-0.011694415986374607,0.5981467230764558,0.6522190080912119,6.152729721834388e-4,0.0012061664243139408,0.0017355990187629677
proteome,TACC3,0.04777726131405762,0.06403343553857684,0.08767054331008714,0.2863767288033146,0.35226871950142236,6.846035308974985e-4
proteome,TACSTD2,-0.022875782753705207,2.1621891787010797e-4,4.022581397468739e-4,3.0250208133709994e-4,6.056265949403257e-4,0.0032148908107981766
proteome,TADA3,0.013582596912109557,0.097923102971887,0.1296382289754989,0.07523494361189971,0.11285868057737597,9.394889466820544e-4
proteome,TAFA5,-0.011820757056514425,0.12285495850206214,0.15952563339302464,4.5493645609019456e-111,5.579661829106211e-110,0.04948751203829216
proteome,TAGLN3,-0.02380841175219108,0.04817562808353879,0.0673687472199533,0.9480771411499487,0.9549472653611802,4.3250254302218405e-4
proteome,TALDO1,0.14491623140002266,1.67003376231011e-56,1.22791651188494e-55,0.016688524897674348,0.02828908488752115,0.0252024893701579
proteome,TANK,0.03494829829508925,0.02017406783725399,0.030205683002511835,0.24449604611087908,0.3104323438876277,9.169534050167405e-4
proteome,TAP1,0.001904206385298141,0.8779120283691297,0.900430502744023,0.2592921417918916,0.3246991685502066,3.9657406763227154e-4
proteome,TARBP2,0.06021415143972658,6.59254672686909e-4,0.001179399986227341,0.46774912854578954,0.5294421595594786,0.0013713520018546754
proteome,TARM1,-0.06594238023453623,2.5291850842120885e-5,5.048878603352527e-5,0.08854578145735462,0.13020913656121819,0.002393994023238699
proteome,TARS1,-0.010504069441100319,0.15849833943004374,0.19985168587313074,0.656205111818823,0.7016346964832031,3.667208520098386e-4
proteome,TAX1BP1,0.04495880349002995,8.413450089023854e-4,0.0014860907487654715,0.5042275483244442,0.5647890305291836,0.0013328207853845475
proteome,TBC1D17,0.09632695491988519,1.7324895818903556e-24,6.918108193622364e-24,0.013086469999509982,0.022430655272207656,0.011452539309894538
proteome,TBC1D23,0.0062040517935720305,0.7588718710387392,0.7994034614081847,0.020257468294152717,0.0339549227944994,9.723528752627608e-4
proteome,TBC1D5,-0.05227405320301257,0.002558069655228465,0.004327474637135378,0.11504908946887689,0.16318187179769272,0.0014860003004683042
proteome,TBCA,0.10511490532212688,1.4491458153334022e-9,3.612345546505722e-9,0.7220821671252534,0.7609234100500415,0.0036833467949987098
proteome,TBCB,0.021886178287889014,0.3271239803260195,0.38379216180532594,0.5527775340561163,0.6093664941708143,2.9505744680446977e-4
proteome,TBCC,-0.00344659003042834,0.8475014666623482,0.8744633372878735,0.5484919707345823,0.6055401144380657,2.144769757624898e-4
proteome,TBL1X,-0.03604677481857951,0.05495367466004084,0.07638560777745676,0.06815885810637841,0.10324634499871228,0.0011023262238942788
proteome,TBR1,-0.024578258561111004,0.011265168784515249,0.017500280831293246,0.7265858088857224,0.7645652401360576,7.635135095382939e-4
proteome,TCL1A,-0.020648784457186053,0.34337531143959854,0.40028455834352555,2.157508949874359e-4,4.3673846218330475e-4,0.002042147824114493
proteome,TCL1B,-0.0055841077790988805,0.7354030246274899,0.7777958150387285,0.11127762521645726,0.15899137934744922,6.012437048490415e-4
proteome,TCN1,-0.03757626567569003,4.986412717816795e-8,1.1588645480340146e-7,5.10336291058081e-5,1.0794721982598106e-4,0.005037690835163144
proteome,TCN2,-0.1435301315231726,1.371316339558709e-98,1.779054397854165e-97,2.9825806821168243e-27,1.1975451184455308e-26,0.05362398299351934
proteome,TCOF1,0.06606947305648896,1.029826787115268e-28,4.527205409020282e-28,2.5113077422566094e-22,9.197625219130543e-22,0.022177275611287017
proteome,TCP11,-0.027080735954484937,0.023097119660588823,0.0342062365749664,0.3320780869462504,0.3990125297305689,8.245189293215605e-4
proteome,TCTN3,0.12307871586217192,2.1254773616013325e-87,2.4235423509821445e-86,0.035356416965307565,0.05686246893759382,0.038366640939555774
proteome,TDGF1,0.054451913243919535,0.08222353440171838,0.11070594876319925,1.4418955126434156e-5,3.166962378785651e-5,0.0027898541264819166
proteome,TDO2,0.061171754044361405,3.5633456537778255e-15,1.0690036961333477e-14,0.13051574679663677,0.18245951384070055,0.006476724350616081
proteome,TDP1,0.07174125392254797,1.184818641602296e-8,2.8371498070853995e-8,0.001279257173858728,0.002456678743745807,0.004718729547674161
proteome,TDRKH,0.022225989403579414,0.24523918637999012,0.2977758673224589,0.37786196061151645,0.4440334392210211,4.274427339435727e-4
proteome,TEF,-0.007241907623856725,0.38334331119983,0.4401963514525192,0.7192962388988045,0.759083774889953,1.9818552485584284e-4
proteome,TEK,0.03600892901460392,4.761538358091567e-14,1.391239617498097e-13,0.13919703858355065,0.19247567770032417,0.006035929459740186
proteome,TERF1,-0.002465296166406825,0.6516756888564708,0.7027119821839816,0.1034629572443266,0.14928738121413213,6.213766082884264e-4
proteome,TET2,-0.0275804496123775,0.1705036372558215,0.21278329078655106,0.06471492908272945,0.0985923162800038,9.297958028493536e-4
proteome,TEX101,1.0898890961693046,0,0,1.9076967681790893e-8,4.7191244629786116e-8,0.5374418271577237
proteome,TEX33,-0.0026904778676830796,0.7316320373112537,0.775466200766721,0.7218172177843771,0.7609189088886229,1.4328860001600052e-4
proteome,TF,-0.017793002143305592,5.547817712049823e-5,1.0810467223947552e-4,4.927147712537192e-19,1.67821985681401e-18,0.01028253544013491
proteome,TFAP2A,-0.011963420038585148,0.30325171190403927,0.35866764467094436,0.9628616365194307,0.967169001032422,1.277597830446897e-4
proteome,TFF1,-0.061632503730233025,3.578294562851665e-4,6.532233789220769e-4,2.8556231573100993e-172,6.615526981101731e-171,0.07622514199138108
proteome,TFF2,-0.15414796146980203,1.885395756051504e-32,9.022082314613673e-32,5.723645778334713e-149,1.070982181215322e-147,0.07693750157203827
proteome,TFF3,-0.13361072865045018,2.4108386849622066e-40,1.3404263088389868e-39,3.7235803593949133e-50,2.200228961350962e-49,0.03834807330711565
proteome,TFPI,0.06925708484941653,9.187215095118348e-22,3.420597048807456e-21,2.7412851838558214e-66,2.1112958975396152e-65,0.03812952128405711
proteome,TFPI2,-0.22291646094794274,4.082106279742522e-153,8.697568051509798e-152,2.246537710043732e-56,1.4670343569614438e-55,0.08796092058773652
proteome,TFRC,-0.008300763585618105,0.3387975780855368,0.3955800521726727,6.770956621284397e-5,1.4229245772159218e-4,0.002224257405039176
proteome,TG,-0.39922323307287266,5.792997882122838e-69,5.093301451179688e-68,0.11502223939558447,0.16318187179769272,0.03023436918040523
proteome,TGFA,-0.08918565273515967,2.6822865527273904e-17,8.699549386012503e-17,2.423757448637587e-33,1.086781565679434e-32,0.021385038511039345
proteome,TGFB1,0.005572993630483653,0.5161926918947645,0.5735692682302312,5.834888542824689e-50,3.4338789630050944e-49,0.022629301961727077
proteome,TGFB2,-0.01722568484467764,0.10495422207538403,0.13843713250702486,0.025171807381384706,0.04153561658918144,0.0011704819219164886
proteome,TGFBI,0.10841584595108843,7.401314932044676e-73,6.815280216605176e-72,2.3518829964247994e-4,4.7476808205836713e-4,0.03288801613939829
proteome,TGFBR1,0.004046745688630757,0.3292646986971749,0.3861485156677596,1.474027211175008e-14,4.472645976527909e-14,0.006738818111739597
proteome,TGFBR2,-0.0020952723875770525,0.7631840766025068,0.8036559594526397,3.947173641447536e-227,1.536239981251381e-225,0.0981631342776057
proteome,TGFBR3,0.0029711548141859814,0.674263356884127,0.7233277246397526,4.7772859427867316e-45,2.5968152080064193e-44,0.020404977177669648
proteome,TGM2,0.24793585684897837,6.154896885151564e-52,4.1206752311370215e-51,0.08056515985128647,0.12010709990087089,0.02304007549476539
proteome,TGOLN2,0.009372729281969232,0.07271127048062158,0.0988101482928,3.0988964646430284e-94,3.3752532762287317e-93,0.04247165421785293
proteome,THAP12,0.017568462983754363,0.30958756570402046,0.36542098839063314,0.31509071827555485,0.38157216467948424,4.4625568501288626e-4
proteome,THBD,0.13165315692243024,5.657543145224678e-104,7.681101600423644e-103,1.8224665028772056e-75,1.5832677743745724e-74,0.07684430409815934
proteome,THBS2,-0.09358403946873137,4.0432774985671494e-30,1.8383686944419796e-29,0.009389286939496734,0.016391942928463497,0.013638383022690714
proteome,THBS4,-0.09684840371516248,2.3621501618763514e-20,8.501992999404525e-20,1.0339661778431634e-50,6.1469394564647535e-50,0.03050245315605149
proteome,THOP1,0.16204041417876539,9.840026221718796e-126,1.6136537382695035e-124,0.0014895340938713515,0.002841797398699657,0.05524518074036189
proteome,THPO,-0.07974593802530851,1.4689945441815524e-21,5.4278418664125975e-21,5.928925977042178e-15,1.8294434383706255e-14,0.01566623518535415
proteome,THRAP3,-0.13332410651225907,4.470467559620339e-9,1.0975016658142783e-8,0.02447245111190744,0.040450217891085966,0.004365066386388672
proteome,THSD1,-0.0015114908731104055,0.8204510755418621,0.8531872780572481,0.3889097233649982,0.4553660178509546,3.009664059582251e-4
proteome,THTPA,0.050021287782652704,0.0060330402574332144,0.009734905755360726,0.3461267944979596,0.41305973554355846,0.0010358542240404
proteome,THY1,-0.1167736111500566,4.0996039413645876e-75,3.897962183988023e-74,7.687475934886946e-40,3.88230834843166e-39,0.04844838783906691
proteome,TIA1,0.09967103624768842,1.5335366761415497e-4,2.891727104429705e-4,0.5469341828337103,0.6040487626528946,0.0015805207790022813
proteome,TIE1,-0.025913167067781507,0.004557797766983253,0.007482683735559119,0.026807694993100727,0.044160079957596514,0.0017120575454658837
proteome,TIGAR,0.03148888967404338,9.216234188361037e-4,0.0016235478331820077,1.219518078887492e-6,2.8096079497021222e-6,0.0040817401907564665
proteome,TIGIT,-0.03025269652523237,1.9554472919286315e-5,3.951462236010108e-5,1.2905287662672102e-5,2.843059221686028e-5,0.004190205282964765
proteome,TIMD4,-0.14564200593613383,5.570650467020926e-49,3.550377448304385e-48,5.918311585439523e-12,1.654746313974901e-11,0.02595643549667348
proteome,TIMM10,0.009551325703399656,0.2539121820367366,0.30702968490689064,0.017822838039553732,0.0300895686740644,0.0011132927824079042
proteome,TIMM8A,0.0805199176794291,6.989689512620099e-6,1.4563100419227744e-5,0.0026975537340686116,0.00500582285425701,0.003311502687833534
proteome,TIMP1,0.054759534669066995,5.927413637820919e-19,2.037941155335602e-18,7.737423791064696e-113,9.69336482666002e-112,0.057715302414261815
proteome,TIMP2,-0.01006160086284335,0.057049958658076466,0.07883543210139224,5.695667030948834e-35,2.6182129233605744e-34,0.01615064191443827
proteome,TIMP3,-0.17244194783861128,3.1743770919863973e-9,7.826019198909031e-9,6.988104950395916e-10,1.8310842325139748e-9,0.007862792857144085
proteome,TIMP4,-0.21416215628943852,4.075103544557139e-126,6.720467370939146e-125,1.551397587507684e-135,2.558491275669452e-134,0.10725722398136917
proteome,TINAGL1,0.03917415755192717,6.735233789948824e-16,2.0870644833185367e-15,3.574838508411912e-134,5.829583020142107e-133,0.06528325215638353
proteome,TJAP1,0.09859226914104831,1.2673212457034103e-7,2.861029169534613e-7,0.05875226965513645,0.09078765226222514,0.0033903496727752946
proteome,TJP3,-0.024446517351222014,0.005013960305305549,0.00817183145236566,0.48421682733655513,0.545936237541678,9.899999648850244e-4
proteome,TK1,0.054975234852833656,1.5204843177785617e-9,3.774059288771787e-9,0.6422725249506556,0.6897694997538498,0.0037882077543369697
proteome,TLR1,-0.024057531819417735,7.88322694764261e-6,1.6317085747307966e-5,8.575782852141582e-9,2.1468876625558556e-8,0.005899380369136953
proteome,TLR2,-0.011142222951655262,0.017025837341751518,0.02582045414589004,9.389784171036643e-4,0.0018236047901035236,0.0021229228055151816
proteome,TLR3,-0.024728562704242202,0.07185546024042026,0.09773815864016158,3.4259813396731585e-8,8.40373069790416e-8,0.0040421641007687414
proteome,TLR4,-0.0029847315262458807,0.6081882959035446,0.6624259834859876,0.09067475675514527,0.13273802154878087,6.633952449868197e-4
proteome,TMCO5A,0.004017498942157881,0.707015951887597,0.7529294285151024,0.320289521098258,0.3874534239891484,3.5283330182034334e-4
proteome,TMED1,-0.01328398771473315,0.20904204230675932,0.2568155393490869,0.8092024661863553,0.8334728294982255,2.390309718445227e-4
proteome,TMED10,-0.030850668546636158,0.001743135055366941,0.003001894528977051,0.39965687906933167,0.4645951533267141,0.0012637053375057494
proteome,TMED4,-0.01191130464139303,0.2860674522346795,0.3402733875603217,0.17680420602685673,0.23587701182847692,5.921829500759035e-4
proteome,TMED8,0.0038504336911275687,0.856842172133781,0.8822300883451524,0.2906430242404895,0.3560163607880775,3.69884581197244e-4
proteome,TMEM106A,0.06284068193855924,1.3524465708324278e-5,2.758764179077468e-5,0.8489809289251071,0.8686208662924598,0.0019808274105053147
proteome,TMEM132A,-0.017902748257063807,0.15325101087078738,0.19432654245518172,0.1595272831999088,0.21578319724769868,7.199818120220414e-4
proteome,TMEM25,-0.06203051898708279,1.637481607584682e-11,4.385145699577694e-11,1.3391756487047524e-4,2.7431955919783666e-4,0.006548475061415648
proteome,TMOD4,0.018786857430461705,0.021355021091335455,0.03181996251434824,0.0017697539097743182,0.003343632144097887,0.0020175799136376016
proteome,TMPRSS11B,-0.040271379591840364,0.008924172163569385,0.014088511922909159,0.02334133618306604,0.038756177655500434,0.0015655377963565975
proteome,TMPRSS11D,-0.15530065859635747,7.416855026874465e-82,7.872654481253296e-81,1.008671839812103e-8,2.518659623961958e-8,0.03901986868967566
proteome,TMPRSS15,-0.0935486645904312,3.438309972475156e-6,7.2569969701048304e-6,8.76669703406891e-25,3.3715400055925095e-24,0.013343975338937941
proteome,TMPRSS5,-0.10008205208641971,3.1301755954185292e-31,1.4666103632466592e-30,8.160431380626662e-35,3.7335892163086562e-34,0.028651123190637562
proteome,TMSB10,-0.032274521707326455,0.05594898919384993,0.07754753060629058,9.223844495797308e-26,3.614013702447294e-25,0.012028401519526222
proteome,TNC,-0.03602975699515729,6.593973201517712e-4,0.001179399986227341,1.2275468480911446e-24,4.696211336275296e-24,0.012144608336754348
proteome,TNF,-0.016584638786811334,0.04738766875302964,0.06640643547292056,6.065987254180555e-69,4.932205235362964e-68,0.031244992008914285
proteome,TNFAIP2,0.035889350893819304,1.4776817444415953e-4,2.791814247265383e-4,8.275604818346213e-15,2.5241891812698636e-14,0.008147950466105947
proteome,TNFAIP8,0.006153217778902167,0.42958413030576825,0.4873517591770453,0.07067441392718296,0.10661427093201399,7.425021554977596e-4
proteome,TNFAIP8L2,-0.03499204939198749,0.0055426847677642905,0.008993383455866573,0.004190643018072037,0.007616741575188216,0.002133436267499844
proteome,TNFRSF10A,-0.043240881261488645,4.227055444342785e-9,1.0386174109458409e-8,6.4516566855616616e-155,1.281114684704387e-153,0.07069668960798936
proteome,TNFRSF10B,0.06887170183635616,1.1002344272075108e-18,3.743105236618559e-18,2.555072581697629e-280,1.5868631629734848e-278,0.12636441606591597
proteome,TNFRSF10C,-0.01418782113030677,0.19482867142132174,0.2400611616204467,1.205590685418111e-4,2.4870100429225903e-4,0.002157159217884841
proteome,TNFRSF11A,-0.02775505296115953,0.0010505858763955169,0.0018385252836921545,1.9201183906519397e-126,2.816495267493976e-125,0.05668562318227077
proteome,TNFRSF11B,-0.09837558710516703,1.834752048282985e-51,1.219963833471078e-50,0,0,0.17250241554861456
proteome,TNFRSF12A,0.12505489410578913,2.3378779354607025e-58,1.7771525243775495e-57,1.5593502125889257e-258,7.985514509731709e-257,0.13184753599710586
proteome,TNFRSF13B,-0.004311126191448644,0.5570521383333726,0.6115213207202387,5.5139905346328836e-43,2.9211140418499796e-42,0.019453033441628076
proteome,TNFRSF13C,-0.04332742527999151,2.6806959476155484e-6,5.678484376697958e-6,1.5375900803519377e-4,3.136425887174917e-4,0.004204651151165195
proteome,TNFRSF14,0.0569891984342289,1.4700557219912326e-18,4.978065722148965e-18,3.912663829896918e-92,4.123128418580904e-91,0.0487624585738724
proteome,TNFRSF17,0.04557605406741852,2.9331796727049088e-8,6.915954333300185e-8,4.230957090703327e-32,1.859964419843827e-31,0.017903280456975756
proteome,TNFRSF19,0.1276294937608751,2.9323584615403668e-81,3.0900918228290003e-80,3.3364499948369335e-176,8.324014987118811e-175,0.10870356296192563
proteome,TNFRSF1A,0.06220544767215519,2.74691617584973e-22,1.0399803264987499e-21,2.441284729095328e-201,7.501168551820277e-200,0.09620070551159787
proteome,TNFRSF1B,0.035668537496481745,7.003828849423679e-6,1.45807364739565e-5,1.71405926832729e-123,2.44065317280359e-122,0.056860825347968325
proteome,TNFRSF21,-0.05832853684531001,1.0993467876565811e-23,4.3073735210329666e-23,2.927217120385909e-89,2.9565905793794004e-88,0.04858648179667013
proteome,TNFRSF4,-0.019977073325250144,0.015437497090605563,0.023518817331668912,2.1364908333791516e-130,3.352912227222443e-129,0.05800856168559376
proteome,TNFRSF6B,0.15542190557019037,4.718167763140872e-35,2.3786410536456314e-34,1.8165008203516587e-79,1.6415993481753846e-78,0.04988586331517497
proteome,TNFRSF8,-0.0846416416196347,5.316586170483475e-18,1.759536851660007e-17,8.152264469759482e-51,4.85642040555672e-50,0.029332077106435483
proteome,TNFRSF9,0.010266266567031354,0.2354408539614025,0.28657340137032244,1.473363893660574e-181,3.909772005086559e-180,0.07953104547722178
proteome,TNFSF10,-9.029056075343486e-4,0.8750448234499556,0.8987529344301267,2.0273413497738337e-9,5.191060877184053e-9,0.004281280357321671
proteome,TNFSF11,0.060632985673592155,7.656573316288398e-6,1.586198545794594e-5,2.943822508673582e-67,2.303758150889594e-66,0.03192810577176686
proteome,TNFSF12,-0.05990036124445428,4.730685534491828e-21,1.7326061574882867e-20,5.133089565761792e-9,1.299521981132582e-8,0.012643460199831646
proteome,TNFSF13,-0.015888613802978468,0.0070451737169957215,0.011237629551863667,3.388513971066625e-257,1.7053572899212895e-255,0.11080553259528059
proteome,TNFSF13B,-0.162094425409974,1.0753668118924689e-149,2.1951019048350465e-148,2.665656921311842e-29,1.109993231570509e-28,0.07616092073542657
proteome,TNFSF14,-0.008080748915319711,0.5320892730993512,0.588544368388407,6.577745785708985e-5,1.383316999170355e-4,0.002188167641306138
proteome,TNFSF8,-0.04869192411222679,1.9456548113516038e-11,5.196126618788044e-11,2.6109640218897966e-16,8.356802609535435e-16,0.011640078946455468
proteome,TNIP1,0.06312227807423684,7.130695379199608e-4,0.0012697754876530905,0.09367741324206429,0.13672218462679284,0.001716011266111761
proteome,TNN,-0.0820209586118165,1.7664601640974925e-19,6.175206250300096e-19,2.8402179589533095e-13,8.282313908276435e-13,0.013781856944710458
proteome,TNNI3,0.17873142529036964,5.509956553629171e-23,2.116258313163625e-22,1.5391814150757909e-6,3.522166868163785e-6,0.012676838481859298
proteome,TNPO1,-0.004248498374787265,0.5355532842582008,0.5910321499998821,0.3028335997733279,0.36955320975683287,4.0351590842613305e-4
proteome,TNR,-0.22044155174345875,4.32556933341417e-118,6.788353163567722e-117,3.553109599405214e-4,7.084376311928839e-4,0.0536880798814342
proteome,TNXB,-0.04558625523544133,6.39823567802118e-16,1.984744946242702e-15,1.3848308271563846e-52,8.528103764703558e-52,0.030147506578566685
proteome,TOMM20,0.08707737226046866,7.309979420897013e-8,1.6801440889447543e-7,5.140613566570607e-11,1.397155586668492e-10,0.007854429905652327
proteome,TOP1,0.43341135577794515,2.820056944374963e-76,2.7347994088473475e-75,1.088699178520507e-15,3.4207889150714317e-15,0.03971234325537476
proteome,TOP1MT,-0.023402263656745134,0.017054648542979806,0.02584762154566877,0.35161040240380553,0.41874776198152114,8.573007345352712e-4
proteome,TOP2B,0.1278850119475969,8.069792609167625e-16,2.4847810787088918e-15,0.2122204560391816,0.2748320812681327,0.00685139681535063
proteome,TOR1AIP1,0.04291044709644177,1.1489156730762413e-5,2.3567708009202728e-5,0.0015470809813963606,0.002940058193161443,0.0034564927372197074
proteome,TP53,0.03139150606139061,5.634778279420447e-4,0.0010153035677548325,0.1901013119999592,0.25052177414351284,0.001580765028974973
proteome,TP53BP1,-0.06582955612805665,1.6600871605710861e-4,3.122290220172036e-4,0.05517716059902748,0.08571694081349719,0.0022375221660224653
proteome,TP53I3,0.09910080600170432,6.875381895823668e-21,2.508654969238661e-20,0.0010627044315207924,0.002057051880377449,0.010269022767679159
proteome,TP53INP1,-0.04609850651419578,1.654040833426725e-12,4.602616961651677e-12,0.9203443991712854,0.9311907456433214,0.004929517711643294
proteome,TP73,0.005691278974143672,0.41005811989227947,0.4681109315469549,0.4113250290177065,0.4768299283966185,3.536574962177408e-4
proteome,TPBGL,-0.009386902742256701,0.23969218455398905,0.2914042010466864,0.13872741461664287,0.19200821397154125,6.545065923254656e-4
proteome,TPD52L2,0.054421887088549746,0.013371320203913233,0.020564216899485104,0.1428385447096221,0.19648714043703436,0.0011076558924328905
proteome,TPK1,0.01166951017822771,0.03703643495627424,0.05286520960262323,1.1639775690461108e-17,3.8391531345148e-17,0.008481235058764192
proteome,TPM3,0.10177941759189434,1.9245347083638298e-31,9.031699057418036e-31,9.223659335900467e-5,1.9149261451986818e-4,0.01561223090038244
proteome,TPMT,-0.023081200576212196,0.13659513590398006,0.17541627879618027,1.451118762431663e-4,2.9662574702647227e-4,0.0022321155132866144
proteome,TPP1,0.15903487569125774,1.3069761232121534e-52,8.85165499688231e-52,8.573173511295681e-8,2.0681895437580243e-7,0.026393503261519458
proteome,TPPP2,-0.06055047284824689,2.1567110258069642e-4,4.0200762990616403e-4,0.0013597665144129286,0.0026061447508675894,0.002788653104153105
proteome,TPPP3,-0.014188152406656029,0.09072847243280968,0.12104040723554454,0.012904735219781607,0.02214516290802029,0.001333569456363981
proteome,TPR,0.06325142833746104,1.1043621668729895e-13,3.1885590159270585e-13,6.324979964755589e-12,1.76675756144704e-11,0.010915704510084279
proteome,TPRKB,0.020869480171985692,0.10623531375253505,0.13987410051585467,0.6823232137980519,0.7239918070070933,4.0898308368397807e-4
proteome,TPSAB1,0.0442754425510299,1.4705725432110812e-4,2.780182159088825e-4,1.661037863533703e-39,8.316585803867716e-39,0.019324902235364205
proteome,TPSD1,0.007901423109813305,0.2902659426692911,0.3447055682065341,1.402799200771542e-14,4.260947832520428e-14,0.006757633827351284
proteome,TPSG1,-0.003851198413243332,0.4496213756092896,0.5061491690719307,0.5084685775474975,0.5684487850866126,2.87324639767772e-4
proteome,TPT1,-0.017420597481855767,0.22644355772993222,0.2763330873802977,0.005717883172585545,0.010214504884196576,0.00135900883382023
proteome,TRAF2,0.055725320360304774,3.249294566284025e-4,5.965214364140295e-4,0.028177604750319316,0.046234079969748224,0.002116909284505475
proteome,TRAF3,0.06556112033783493,1.201068291687188e-21,4.449134953597591e-21,0.9202234548526398,0.9311907456433214,0.00904348268846722
proteome,TRAF3IP2,-0.025671079832384962,0.007746678371679568,0.012302804225752263,0.39187880414365384,0.45829095724972974,0.001017453558841419
proteome,TRDMT1,0.0033401237321091827,0.8506878323787889,0.8771309723467626,0.0104958649257331,0.0182257166675877,0.0011116522198088008
proteome,TREH,0.13117663046190006,3.5204816159433843e-17,1.1367572828472055e-16,3.509870409845254e-21,1.2494282593095483e-20,0.016308496685629725
proteome,TREM2,-0.11506488702919955,5.078750420207146e-23,1.9532111299848036e-22,1.979150546245358e-280,1.2559000966283043e-278,0.1265614472814114
proteome,TREML1,-0.02630299814897566,0.015176248724625967,0.023144968666239912,0.3573369903110336,0.4236663991543083,8.794410894950033e-4
proteome,TREML2,-0.07699645631180888,1.7006482006707994e-24,6.800263147613785e-24,0.00436944994309005,0.007922002722906742,0.011237222249534606
proteome,TRIAP1,0.052390083013068495,2.0211091026811978e-4,3.7793833893186524e-4,8.459077227650553e-8,2.0423528889588058e-7,0.004852819500951733
proteome,TRIM21,0.23093883888912986,7.739594166009095e-42,4.438482391076729e-41,0.00530806267480906,0.009523192961135615,0.018735832760254034
proteome,TRIM24,0.0625699003697113,1.6172564504232466e-6,3.4711555726363658e-6,0.1294014734448566,0.1809884527961363,0.0027798219465497986
proteome,TRIM25,0.048547337196514655,0.03390332477408,0.04865477139407056,0.055079215670276606,0.08561034640124462,0.0011551690921767221
proteome,TRIM26,0.00441778146653801,0.685235895088909,0.7329437807858283,0.9331016033457642,0.9418131328375815,5.733884634939734e-5
proteome,TRIM40,0.0589987722186211,7.238327300561848e-5,1.3973992983029124e-4,0.07395524193486198,0.11133334255175975,0.002233504991945523
proteome,TRIM5,0.06992272966530537,2.1614279388497667e-4,4.022581397468739e-4,0.012680647881704917,0.02178623376497743,0.0023370962450753874
proteome,TRIM58,0.12558488496657438,4.8157854896328075e-12,1.3174580922435018e-11,8.734472732555412e-7,2.0202793903588946e-6,0.007705728397590983
proteome,TRPV3,0.010241266782677097,0.3141108584040341,0.37031082216533745,0.6642067454413947,0.7078566958537537,2.6192890611764774e-4
proteome,TSC1,0.0019666767959395435,0.8923902793708827,0.9130344288410819,0.25779020649336654,0.3232343697397495,3.984906899907603e-4
proteome,TSC22D1,0.11433432358632767,3.6179233703932975e-17,1.1669302009036503e-16,0.3181402394844855,0.3850130012666721,0.0072087846060099325
proteome,TSHB,0.114604684417759,7.651853316344314e-12,2.0796796862578263e-11,0.30797725776668594,0.3745773397587318,0.0050443769897613455
proteome,TSLP,0.014878266298324326,0.2578289278648217,0.3109928266270308,0.06111353143591764,0.0938402936672507,8.69805511540922e-4
proteome,TSNAX,0.06642403174626513,1.266383323502946e-17,4.1534527205675274e-17,0.5754652295639141,0.6286613043027939,0.007262201356420306
proteome,TSPAN1,0.4027831248623801,8.018077499060418e-219,2.7862819309234953e-217,2.1596874364405785e-140,3.730253033710088e-139,0.1480074326059896
proteome,TSPAN15,-0.02329184087137313,0.021376232790591167,0.03183531812027327,0.1632691770976686,0.2202323142089162,0.0010053151766558077
proteome,TSPAN7,0.07263273650976576,7.743561041398546e-5,1.490010196429951e-4,0.6529496091013522,0.698921858807058,0.0017306007885887764
proteome,TSPAN8,0.475873860350586,1.9565779817786087e-118,3.0871627723306804e-117,9.129320181444135e-40,4.60250183240681e-39,0.0671384979596148
proteome,TSPYL1,0.01084560426304973,0.18356571863138268,0.22743138059635232,0.7385566746186879,0.7749270069058052,2.98975656531808e-4
proteome,TST,0.028079926259015783,0.08605686915048287,0.1153881493110976,0.40447451612759666,0.46982137388637274,5.532504606144961e-4
proteome,TTF2,0.01169986037213765,0.22895565139616814,0.27916522407076644,0.10830709337015156,0.15527917757734402,7.229914849897767e-4
proteome,TTN,0.15100942661983374,8.185853992447789e-35,4.098543362599502e-34,3.274764465619881e-10,8.697941287665543e-10,0.01955483152665438
proteome,TTR,0.17144403349847853,3.5869891380400205e-232,1.4957744705626886e-230,5.553122876391705e-6,1.2421123123515239e-5,0.10001167135614186
proteome,TUBB3,-0.002998659393466924,0.5949222694889976,0.6491880765003305,0.06386835984487486,0.097483577573819,7.319715753389966e-4
proteome,TWF2,0.05944459016243932,6.631903580769632e-4,0.0011847323471399361,0.1425084235589668,0.1961254542049147,0.0016093173368190161
proteome,TXK,-0.03366377786275438,0.021993458241355148,0.03265458016608122,0.5455598057339563,0.6029871537059518,7.480577186067539e-4
proteome,TXLNA,0.16542494614861306,7.803152005284551e-17,2.4811983337064927e-16,0.05580497112877678,0.08664612272601034,0.0074807235228923075
proteome,TXN,0.07812576448237689,2.5707581590040312e-17,8.347100184797293e-17,0.49253466503465604,0.5540303226343587,0.00730114977607188
proteome,TXNDC15,-0.02542673880418104,1.925712797384856e-5,3.898166196647986e-5,2.1524491422529322e-11,5.905074291575478e-11,0.006735521039010761
proteome,TXNDC5,0.024032670963495834,0.11272960284312648,0.14769197069079273,4.3815932008720043e-10,1.1553631936174688e-9,0.004833495103208962
proteome,TXNDC9,-0.01472463698485664,0.18415886229260023,0.2279727391993639,0.67366471619115,0.7158453973651135,3.2704241728553907e-4
proteome,TXNL1,0.015275580142557744,0.41050117624649407,0.4684335158184192,0.011861736394514323,0.020451511243701894,0.001140510589946131
proteome,TXNRD1,0.07002834388244314,1.3408068375628639e-11,3.603881361736648e-11,0.002900136687077255,0.005361303983266946,0.005792122572797376
proteome,TYMP,0.019694754831104822,0.17017207820935498,0.21246034914161985,0.1535905428084325,0.20872010915168274,6.95058397818249e-4
proteome,TYRO3,-0.023600799684899632,1.6125898834665363e-4,3.0349128754602315e-4,0.21142240463185616,0.2739201061342158,0.0019054699330436353
proteome,TYRP1,-0.05249053700740941,2.8736470801721814e-5,5.706242059199046e-5,4.7509922316801135e-6,1.0659605168542854e-5,0.004335186587056561
proteome,UBAC1,0.1260389729716525,1.3509862376136854e-60,1.0572463344756965e-59,0.5946541503166329,0.6462380732592151,0.02665178696457926
proteome,UBE2B,0.026984367106850277,1.4102376768589381e-6,3.035754999079086e-6,0.9564552629416472,0.9621159272874178,0.002321267272124228
proteome,UBE2L6,0.0749802599033273,4.649526504117667e-9,1.1376335176462256e-8,1.721926015057594e-17,5.653883057315091e-17,0.01129291216023287
proteome,UBE2Z,-0.030146742419944167,0.010641412861436881,0.016593100503490523,0.26745597933042453,0.3324974461948506,0.0010787111008309092
proteome,UBQLN3,0.03949495875010051,5.842268235626521e-5,1.1361479666751375e-4,0.056681911892537684,0.0878674991047889,0.002360412907878362
proteome,UBXN1,0.12784735770707648,8.158168135039949e-20,2.886508216506862e-19,0.1716567854991754,0.23016359984937665,0.008527049781416052
proteome,UFD1,0.09918302856397342,6.118320265614927e-4,0.001096339892899323,0.20706505317815338,0.2695909412252586,0.001564426815091613
proteome,UGDH,0.009298256438805021,0.6116670022439237,0.665469988650769,0.19130660119662407,0.2519392919215337,4.833331413883757e-4
proteome,UHRF2,-0.019254558652036718,0.007768992711751105,0.012324831372609497,0.5597156635692766,0.6146764567188556,8.703109951296861e-4
proteome,ULBP2,-0.06167740283497614,5.6342713591202005e-14,1.6348348009216567e-13,1.1901576298914712e-106,1.41798780475641e-105,0.0519762729063038
proteome,UMOD,-0.31194141455463065,1.9278860851791262e-143,3.75166632175858e-142,2.3077374734839621e-10,6.163115905855156e-10,0.06733841399027407
proteome,UNC5D,-0.04777449434636149,1.4028325244138507e-20,5.074186045556419e-20,1.942507842455596e-8,4.8011688333004955e-8,0.011897855082424025
proteome,UNC79,0.010748862807954306,0.3318277474384711,0.38837417593139417,0.01498341306916314,0.025502380611596036,0.00111107749282513
proteome,UNG,0.0031696952640579085,0.6596753911529563,0.7102886266231941,0.7894197481300647,0.8171334201388861,1.234682335320425e-4
proteome,UPB1,0.33392134558859704,1.2872955275000805e-62,1.0266709411947364e-61,9.56211512538916e-8,2.3010563933232448e-7,0.029886012867708867
proteome,UPK3A,-0.023934468001534127,0.015100072759706177,0.023064946303287457,8.229173946094297e-5,1.715782767760661e-4,0.002638085902005649
proteome,UPK3BL1,0.005038603842180297,0.6379519084414393,0.6897785488560841,0.27564651838182636,0.34108189366534597,3.9527056400834315e-4
proteome,UROD,0.1688233429043757,4.007924555701817e-33,1.9563765515206695e-32,1.1726629422607438e-5,2.5873039519721173e-5,0.01630654497266526
proteome,UROS,0.07091620787266935,1.1236918186553287e-7,2.5466276542351743e-7,0.17883260307595591,0.2379937406818213,0.0031967038078900556
proteome,USO1,0.009011220407139175,0.6506739945197604,0.7021506062858338,0.18981500623455716,0.25025745401927385,4.854868226981113e-4
proteome,USP25,0.023654642816545852,0.11997718696319787,0.15641509993102928,0.27495020452788144,0.3405089720054671,6.106506561456282e-4
proteome,USP28,0.03804031120062248,3.542484231505415e-7,7.810053981695096e-7,1.7456735932319094e-19,6.008987286136726e-19,0.0115619314183395
proteome,USP47,0.03062345029561025,0.07558188827186886,0.10247261117769865,0.09062949256875441,0.13273802154878087,9.178511480700813e-4
proteome,USP8,0.17074250704613683,2.6412269068236813e-16,8.290044452707877e-16,0.2682719327433036,0.3330862491185467,0.006847793601567287
proteome,UXS1,0.18148313559278573,7.235913082195107e-60,5.617454863544552e-59,4.915885217549478e-6,1.1012639255584748e-5,0.028718755069434332
proteome,VAMP5,0.04682296650058495,2.5917828674634788e-5,5.160582667207295e-5,8.712069986866385e-7,2.016695661511735e-6,0.004757119901119378
proteome,VAMP8,-0.0015693686157082923,0.9298024726937827,0.9427869504997813,0.16043884838975442,0.2167149460664938,5.097510073340805e-4
proteome,VASH1,0.006460076949811017,0.7168900469471133,0.7615000171174031,0.14979033650053253,0.2045079477292116,5.324276743963186e-4
proteome,VASN,0.025814934599586413,1.5924150256736387e-5,3.232447468665752e-5,1.622500326767141e-27,6.568763458853378e-27,0.014364920083089427
proteome,VASP,-0.021060360030136914,0.1584154992095122,0.1998335532379283,0.2790730681684727,0.344737319502231,5.977593953184757e-4
proteome,VAT1,-0.010705480770439244,0.013358736868870923,0.020555694739185146,2.4112089299197807e-27,9.708026022670124e-27,0.01298940280186145
proteome,VAV3,-0.08166343921348644,6.292697277975019e-5,1.2204905883328293e-4,0.2516733654929658,0.31719972101639343,0.002039644385563033
proteome,VCAM1,0.021041371140200188,4.2339588911026384e-4,7.685899255676992e-4,1.9898433964791587e-92,2.1044756791024143e-91,0.042676441013917876
proteome,VCAN,-0.04731829558365329,1.6821492369448247e-12,4.676374878706612e-12,1.3541023027954206e-103,1.556151425929068e-102,0.05027020940182836
proteome,VCPKMT,0.0058776023426883985,0.7324522761480079,0.7760537909531887,0.011450415034520888,0.019777373660216847,0.0010966441363873258
proteome,VEGFA,-0.023145421503376656,0.07444372309896465,0.10107033847715247,1.5399543820366304e-42,8.08476050569231e-42,0.019493211976473468
proteome,VEGFB,-0.03205515195719279,8.3051783004412e-8,1.8999071676322777e-7,2.9898813639026797e-60,2.092916954731876e-59,0.029531439807440774
proteome,VEGFC,-0.04907940739018173,5.731749924823379e-5,1.1161426304576013e-4,1.2720622088245225e-11,3.5129135170849397e-11,0.006833696814826484
proteome,VEGFD,-0.16275325315685008,4.303145455042285e-88,4.964775329355111e-87,9.199247485534928e-4,0.0017889809067472653,0.0397904702706634
proteome,VGF,-0.08516503537349261,1.5136567283747174e-42,8.749235624011484e-42,4.6886136994707703e-7,1.097519116981169e-6,0.021252810773929043
proteome,VIM,0.05151997336508957,0.031597037973634515,0.04559157382354876,0.6014818688325354,0.6522011794658881,6.662437341311556e-4
proteome,VIPR1,-0.0074590520363821715,0.11829818188117476,0.1545275012526246,0.4523309745784604,0.516326270504121,5.024463553940928e-4
proteome,VIT,0.3566410367246992,0,0,2.1314170134550002e-23,7.956018238203511e-23,0.18141148730073942
proteome,VMO1,0.04769658702370007,0.0013810779072657698,0.0024024829626393216,6.414913347821028e-52,3.9092133741731906e-51,0.024489383611463023
proteome,VNN1,0.12515536532484572,7.260056471344933e-16,2.2449263601542225e-15,4.8803385510216665e-6,1.0941404170838896e-5,0.008824748298425278
proteome,VNN2,-0.06601417910399711,1.848301104233562e-10,4.757663953490095e-10,0.0013994591835410019,0.0026769471538376044,0.005363481025568717
proteome,VPS28,0.027513210654888206,0.04174856841932395,0.058985513657312014,0.45869074853113423,0.5219954366325071,6.441854453607121e-4
proteome,VPS37A,0.12775714589315199,5.887465850752644e-13,1.671742492057098e-12,0.014498501710292598,0.02472028416608884,0.006078839599364283
proteome,VPS4B,-0.02032166280877728,0.2952143059892118,0.34987030417479054,0.20182097617401362,0.2634336781990594,5.780289208600076e-4
proteome,VPS53,0.03515332734135649,0.04361234967086191,0.06147003799577302,0.306375202065477,0.37325092438611324,7.344221559604236e-4
proteome,VSIG10,-0.019451663492203577,0.006462236864401645,0.010398715218957223,0.17799960637582035,0.23725153014201808,0.001267117146648622
proteome,VSIG10L,0.0660789094554931,1.999442709517085e-23,7.792220652977799e-23,0.009435686561912675,0.016463101658232577,0.010900999399698352
proteome,VSIG2,-0.02988011680384594,0.013072185053890384,0.02014662522297045,1.9318101924564916e-175,4.660292522132644e-174,0.07711209888134984
proteome,VSIG4,0.057650316524859656,2.5665280256807243e-10,6.571662549966696e-10,3.437204922852429e-196,1.013454663616792e-194,0.08933109660697325
proteome,VSIR,0.048809510414839836,3.0531872401599945e-4,5.612250348883517e-4,0.0038755159646100185,0.007065978201559428,0.0025857182572366355
proteome,VSNL1,0.34058122495485643,0,0,2.4542191676938393e-6,5.5663292544664475e-6,0.1591968509102859
proteome,VSTM1,0.03483113803645807,8.276162294809603e-4,0.0014659052025818708,0.016863465198241903,0.028552468047371295,0.002198857175507607
proteome,VSTM2B,-0.010698135511892104,0.16419106728084157,0.20587359338177685,0.4647583878010787,0.5268464986374171,4.648356872777315e-4
proteome,VSTM2L,-0.0320175720516824,0.008986725534576336,0.014179595586718014,0.34128086304786137,0.40811095421413657,9.686387274485675e-4
proteome,VTA1,0.02289443897114877,0.14998843983935972,0.19076961041006144,3.454331893359855e-5,7.403226722993699e-5,0.002471615910939473
proteome,VTCN1,0.011577153750640922,0.09056565694834112,0.12087844199003556,5.443287300611362e-14,1.6196692793562248e-13,0.006672616515319807
proteome,VTI1A,0.03618275575886455,0.0025051279093994345,0.004241570978849738,0.034204565345538035,0.055210947326005046,0.0017531268311754555
proteome,VWA1,0.05263134817549991,5.969947517023168e-8,1.3808460223605884e-7,2.8406242070288843e-28,1.1695038166879144e-27,0.015601924750427987
proteome,VWA5A,-0.01481635095979061,0.35257250584851263,0.40953408060955365,0.013674294349640615,0.023396990156272543,0.0011260710332252621
proteome,VWC2,-0.16361515773317661,7.726160812093514e-79,7.88554664702831e-78,1.0059527901389184e-122,1.4185392243553155e-121,0.08385156622610279
proteome,VWC2L,-0.15130065482614122,3.143172875123255e-56,2.2823188115633787e-55,4.861083659324519e-5,1.0304650110071367e-4,0.026154106600087323
proteome,VWF,0.004159566720232642,0.8001434370541118,0.8359408349180216,2.1584677809420762e-45,1.1910335449092477e-44,0.020538057132211573
proteome,WARS,0.008287180117309684,0.2767135036371839,0.3305910608535655,6.860187123718251e-40,3.476542745509301e-39,0.01819954958479908
proteome,WAS,-0.03664712183509823,0.011029794594616966,0.01717118422489969,0.010940859583488909,0.018953334791812538,0.0017503623701938809
proteome,WASF1,0.04665170793032869,0.023041023454681026,0.03414048094630148,0.23406333378610186,0.29874546188090567,9.054066112581527e-4
proteome,WASF3,0.011292241323566163,0.5195892277580036,0.5771236513796091,0.052421347001772256,0.0816074244759269,7.916048191867198e-4
proteome,WASHC3,0.022943211713689796,0.1481941978595603,0.18873423366145575,0.13635193789904845,0.1894389846393729,7.387725431815539e-4
proteome,WASL,0.02002703757387829,0.08588940918155431,0.11521653740852805,0.25380004294615777,0.31960410930105027,6.902716641027373e-4
proteome,WDR46,0.03673380186691463,8.530155456225793e-8,1.9483195443445297e-7,0.35637465759628917,0.422868953464865,0.0031378333112477286
proteome,WFDC1,0.07267154291209833,8.49919979443818e-13,2.392397704914662e-12,3.1252265315133564e-21,1.1165895037316386e-20,0.01474319209635322
proteome,WFDC12,0.6454030388201746,0,0,2.640635978071472e-14,7.921907934214416e-14,0.17677829190103655
proteome,WFDC2,0.08002226087517067,2.4057671905098975e-21,8.87791963223564e-21,0,0,0.16703639940837778
proteome,WFIKKN1,0.31164416790951305,1.1405602012050774e-249,5.202023792683783e-248,8.479176216301733e-18,2.815781043843545e-17,0.11194755083678876
proteome,WFIKKN2,-0.08936926467653315,9.596483090247208e-29,4.225057939733273e-28,2.3804270445993723e-8,5.8636848465700986e-8,0.015572713466813437
proteome,WIF1,-0.1356249517297365,2.6658068786718374e-67,2.2886736114244394e-66,0.05202870077439761,0.081171447119437,0.02980314101008441
proteome,WNT9A,0.008964644532809759,0.1354456621781435,0.17424675535390077,0,0,0.21579897702863216
proteome,WWP2,0.03507718425446275,0.0031428546640063846,0.005263334919239608,1.883486423705783e-6,4.291878899919736e-6,0.0036758691792180276
proteome,XCL1,-0.040847517627677174,0.0010727820905556036,0.001876243812062197,1.1914749933941045e-20,4.19531424091362e-20,0.010340784050357876
proteome,XG,-0.562067963683672,0,0,5.612147972093179e-175,1.342775404142622e-173,0.4177056678404357
proteome,XIAP,0.009440943337945183,0.4184119575453995,0.4767152631050044,0.08200237634034802,0.12212496762116115,7.172370889173552e-4
proteome,XPNPEP2,-0.37222404754908184,1.0242355257746715e-63,8.258959944022835e-63,0.00464431139021988,0.00839947022803707,0.029424252977390486
proteome,XRCC4,0.014001152628044763,0.07473272147942103,0.10141553416942352,0.08938990302043583,0.13131813131185313,9.739518852777129e-4
proteome,YAP1,-0.034857240615158554,1.5410470096646352e-9,3.82184895599921e-9,0,0,0.17660130869197266
proteome,YARS1,0.06279462478423517,0.04039543310055312,0.057212163619851805,0.14014130601321634,0.1935063728725537,9.303436117755748e-4
proteome,YES1,0.09250977189413126,2.6679030486674723e-4,4.925748892511291e-4,0.15449677653064564,0.20985392773055123,0.0017879822474257123
proteome,YJU2,0.02948821430498937,4.889550588264774e-6,1.0268056235356025e-5,0.32224178109414353,0.3894845342805635,0.0023221167850312474
proteome,YOD1,0.24423746101916133,9.348593603962535e-83,9.99580393039071e-82,0.2245345908226924,0.28834864523160536,0.036300033848785995
proteome,YTHDF3,0.06808554941413966,2.6323404575378536e-4,4.869329401491125e-4,0.4579500777800327,0.5213558022776582,0.001549462247144473
proteome,YWHAQ,0.03326329758814376,0.027762089835576223,0.040539039634840915,0.09011858221725581,0.13214687464551605,0.0010960931922243677
proteome,YY1,7.224518599151703e-4,0.8902730527011551,0.9118270318718146,0.25033512632122956,0.31578575355733324,4.0458149562150325e-4
proteome,ZBP1,0.06383836541863716,8.622754639333168e-19,2.9507410072934956e-18,0.0026316494726072942,0.004889742081820937,0.009207066687472731
proteome,ZBTB16,0.13130188587174957,1.535948809045151e-16,4.846956295786806e-16,0.15788994398658815,0.2139650633690115,0.007169387560287732
proteome,ZBTB17,0.08490599504175811,1.9004465050503862e-27,8.122113247792207e-27,7.189936046557951e-23,2.6566358632788176e-22,0.022152401399007537
proteome,ZCCHC8,-0.004265590147499092,0.7027782581029853,0.7489630286245397,0.9565126485056823,0.9621159272874178,4.687441629058764e-5
proteome,ZFYVE19,0.0447181985007867,0.017562218134122034,0.02654796205774325,0.29878773398113484,0.3652267150297038,8.785982269996495e-4
proteome,ZHX2,0.045275081069419354,9.012740925507356e-16,2.772201344737194e-15,1.3177105866503687e-4,2.7030198189967856e-4,0.008429448803587536
proteome,ZNF174,-0.01640893989063548,0.03303955159015194,0.04748520487033654,0.19134957526208982,0.2519392919215337,9.138670094804846e-4
proteome,ZNF75D,0.001360619918493283,0.910799853100453,0.9292641632996234,0.6032259966892537,0.6528797494756884,1.842113422295677e-4
proteome,ZNF830,-0.07581136929495252,2.6846576165672473e-6,5.68275241679463e-6,2.9272804329276987e-19,1.0017270320886229e-18,0.01095059913079921
proteome,ZNRD2,0.09827037583964542,7.696103665840347e-12,2.0897606140081836e-11,3.349051563700213e-39,1.6682391662868468e-38,0.02234895530474934
proteome,ZNRF4,-0.010584480524339718,0.33042928677813255,0.387203166642059,0.5455237056796067,0.6029871537059518,2.936066421278527e-4
proteome,ZP3,-0.19335360509347832,2.3740331729438566e-4,4.402670159989274e-4,0.006818071835362861,0.012076426994796231,0.0024341458616785605
proteome,ZP4,-0.010040502631543637,0.10463000924505696,0.13807187928857198,0.00261700076291164,0.004865621163655463,0.0016475749844137022
proteome,ZPR1,-0.023533304145915774,0.2209057683794355,0.2704798397229749,0.15612067869115,0.21176406184919466,6.687275829304618e-4
