module,ID,Description,GeneRatio,BgRatio,RichFactor,FoldEnrichment,zScore,pvalue,p.adjust,qvalue,geneID,Count
1,GO:0030193,regulation of blood coagulation,9/50,69/18986,0.13043478260869565,49.52869565217391,20.751199823561393,1.432774696872723e-13,1.3222343485733203e-10,9.555228439111416e-11,F7/TFPI/PROC/PROS1/CPB2/PLG/KLKB1/SERPINF2/F12,9
1,GO:1900046,regulation of hemostasis,9/50,71/18986,0.1267605633802817,48.13352112676056,20.445703907070246,1.8755097142883976e-13,1.3222343485733203e-10,9.555228439111416e-11,F7/TFPI/PROC/PROS1/CPB2/PLG/KLKB1/SERPINF2/F12,9
1,GO:0050818,regulation of coagulation,9/50,76/18986,0.11842105263157894,44.96684210526316,19.73478893457689,3.552994997391192e-13,1.5969350862042915e-10,1.1540374493809289e-10,F7/TFPI/PROC/PROS1/CPB2/PLG/KLKB1/SERPINF2/F12,9
1,GO:0061045,negative regulation of wound healing,9/50,78/18986,0.11538461538461539,43.81384615384615,19.46950585751312,4.5303123012887703e-13,1.5969350862042915e-10,1.1540374493809289e-10,APCS/TFPI/PROC/PROS1/CPB2/PLG/KLKB1/SERPINF2/F12,9
1,GO:0030195,negative regulation of blood coagulation,8/50,50/18986,0.16,60.7552,21.740161424180084,6.346163319301845e-13,1.7653256615810206e-10,1.2757261966483225e-10,TFPI/PROC/PROS1/CPB2/PLG/KLKB1/SERPINF2/F12,8
1,GO:1900047,negative regulation of hemostasis,8/50,51/18986,0.1568627450980392,59.56392156862745,21.51933092000904,7.51202409183413e-13,1.7653256615810206e-10,1.2757261966483225e-10,TFPI/PROC/PROS1/CPB2/PLG/KLKB1/SERPINF2/F12,8
1,GO:0050819,negative regulation of coagulation,8/50,54/18986,0.14814814814814814,56.25481481481481,20.89368006044689,1.2202219399454409e-12,2.457875621890102e-10,1.7762027637100553e-10,TFPI/PROC/PROS1/CPB2/PLG/KLKB1/SERPINF2/F12,8
1,GO:0061041,regulation of wound healing,10/50,140/18986,0.07142857142857142,27.122857142857143,15.941209902919256,2.7432104356446975e-12,4.83490839282378e-10,3.493983818031668e-10,APCS/F7/TFPI/PROC/PROS1/CPB2/PLG/KLKB1/SERPINF2/F12,10
1,GO:1903035,negative regulation of response to wounding,9/50,101/18986,0.0891089108910891,33.83643564356436,17.002171070813617,4.960201370901937e-12,7.325075761868845e-10,5.293522461731274e-10,APCS/TFPI/PROC/PROS1/CPB2/PLG/KLKB1/SERPINF2/F12,9
1,GO:0042060,wound healing,14/50,444/18986,0.03153153153153153,11.973153153153152,12.022390158097023,5.195089192814784e-12,7.325075761868845e-10,5.293522461731274e-10,APCS/CCN1/F7/TFPI/ERBB3/PROC/F10/PROS1/CPB2/PLG/KLKB1/SERPINF2/F13B/F12,14
1,GO:0007596,blood coagulation,11/50,234/18986,0.04700854700854701,17.850085470085467,13.327000686835548,1.928431958860946e-11,2.4718991472672127e-9,1.7863369724185607e-9,F7/TFPI/PROC/F10/PROS1/CPB2/PLG/KLKB1/SERPINF2/F13B/F12,11
1,GO:0007599,hemostasis,11/50,241/18986,0.04564315352697095,17.33161825726141,13.111162477302264,2.6502936165331285e-11,2.874549230239778e-9,2.0773151585458045e-9,F7/TFPI/PROC/F10/PROS1/CPB2/PLG/KLKB1/SERPINF2/F13B/F12,11
1,GO:0050817,coagulation,11/50,241/18986,0.04564315352697095,17.33161825726141,13.111162477302264,2.6502936165331285e-11,2.874549230239778e-9,2.0773151585458045e-9,F7/TFPI/PROC/F10/PROS1/CPB2/PLG/KLKB1/SERPINF2/F13B/F12,11
1,GO:1903034,regulation of response to wounding,10/50,181/18986,0.055248618784530384,20.979005524861876,13.877865239788028,3.5677601874651246e-11,3.593244188804161e-9,2.596685610124993e-9,APCS/F7/TFPI/PROC/PROS1/CPB2/PLG/KLKB1/SERPINF2/F12,10
1,GO:0042730,fibrinolysis,6/50,27/18986,0.2222222222222222,84.38222222222223,22.278903613280047,6.940376950400365e-11,6.523954333376344e-9,4.7145858863070555e-9,PROS1/CPB2/PLG/KLKB1/SERPINF2/F12,6
1,GO:0050878,regulation of body fluid levels,12/50,381/18986,0.031496062992125984,11.959685039370079,11.10431836381508,2.192936920264554e-10,1.932525660983138e-8,1.3965545650105843e-8,F7/TFPI/PROC/F10/PROS1/CPB2/PLG/KLKB1/SERPINF2/EGFR/F13B/F12,12
1,GO:0051917,regulation of fibrinolysis,5/50,18/18986,0.2777777777777778,105.47777777777777,22.787442677377683,8.610717738352268e-10,7.141830594750999e-8,5.1610989292414836e-8,CPB2/PLG/KLKB1/SERPINF2/F12,5
1,GO:0032102,negative regulation of response to external stimulus,12/50,437/18986,0.02745995423340961,10.427093821510297,10.244823428774252,1.0467762904380732e-9,8.199747608431573e-8,5.925610813707923e-8,LDLR/APCS/TFPI/PROC/PLA2G10/PROS1/CPB2/PLG/KLKB1/SERPINF2/GHRL/F12,12
1,GO:0030194,positive regulation of blood coagulation,5/50,27/18986,0.18518518518518517,70.31851851851852,18.52122132909357,7.97015159517648e-9,5.618956874599418e-7,4.060582496910965e-7,F7/CPB2/PLG/SERPINF2/F12,5
1,GO:1900048,positive regulation of hemostasis,5/50,27/18986,0.18518518518518517,70.31851851851852,18.52122132909357,7.97015159517648e-9,5.618956874599418e-7,4.060582496910965e-7,F7/CPB2/PLG/SERPINF2/F12,5
1,GO:0050820,positive regulation of coagulation,5/50,31/18986,0.16129032258064516,61.24516129032258,17.2499287033398,1.664250167872106e-8,1.1174251127141283e-6,8.075158709274179e-7,F7/CPB2/PLG/SERPINF2/F12,5
1,GO:0034368,protein-lipid complex remodeling,5/50,33/18986,0.15151515151515152,57.53333333333334,16.702010881003464,2.315493344721229e-8,1.4194980939377969e-6,1.0258112392174598e-6,PLA2G7/APOM/APOC1/LCAT/PLA2G10,5
1,GO:0034369,plasma lipoprotein particle remodeling,5/50,33/18986,0.15151515151515152,57.53333333333334,16.702010881003464,2.315493344721229e-8,1.4194980939377969e-6,1.0258112392174598e-6,PLA2G7/APOM/APOC1/LCAT/PLA2G10,5
1,GO:0034367,protein-containing complex remodeling,5/50,35/18986,0.14285714285714285,54.245714285714286,16.201260095151014,3.154671141956739e-8,1.8533692958995842e-6,1.3393516076377734e-6,PLA2G7/APOM/APOC1/LCAT/PLA2G10,5
1,GO:0034638,phosphatidylcholine catabolic process,4/50,16/18986,0.25,94.93,19.314204643868536,7.56604103588502e-8,4.267247144239152e-6,3.0837590411522944e-6,LDLR/PLA2G7/APOC1/PLA2G10,4
1,GO:0097006,regulation of plasma lipoprotein particle levels,6/50,91/18986,0.06593406593406594,25.036483516483518,11.810393293985713,1.376011536714441e-7,7.462216410643699e-6,5.3926282086622625e-6,LDLR/PLA2G7/APOM/APOC1/LCAT/PLA2G10,6
1,GO:0071827,plasma lipoprotein particle organization,5/50,50/18986,0.1,37.972,13.451168235982577,1.9987903906169642e-7,1.0438127595444146e-5,7.543193364979421e-6,PLA2G7/APOM/APOC1/LCAT/PLA2G10,5
1,GO:0016485,protein processing,8/50,246/18986,0.032520325203252036,12.348617886178863,9.206020000008765,2.3797084144710482e-7,1.198353165858635e-5,8.659991523338252e-6,PLA2G7/F7/BCHE/CPB2/PLG/KLKB1/SERPINF2/F12,8
1,GO:0006869,lipid transport,10/50,459/18986,0.02178649237472767,8.27276688453159,8.104936931200148,2.6725497324774263e-7,1.2648598649511106e-5,9.140607310732923e-6,LDLR/APOM/APOC1/LCAT/PLA2G10/SERPINA5/FIS1/GHRL/TNFSF11/APOL1,10
1,GO:0071825,protein-lipid complex organization,5/50,53/18986,0.09433962264150944,35.822641509433964,13.044760493634044,2.6911912020236395e-7,1.2648598649511106e-5,9.140607310732923e-6,PLA2G7/APOM/APOC1/LCAT/PLA2G10,5
1,GO:0009395,phospholipid catabolic process,5/50,54/18986,0.09259259259259259,35.15925925925926,12.916750086970914,2.9599465541961196e-7,1.3462982714246867e-5,9.729128232468062e-6,LDLR/PLA2G7/APOC1/PLA2G10/ANGPTL3,5
1,GO:0031639,plasminogen activation,4/50,27/18986,0.14814814814814814,56.25481481481481,14.763539044907093,7.141834993020269e-7,3.146871043799556e-5,2.2741106161985596e-5,CPB2/KLKB1/SERPINF2/F12,4
1,GO:0090303,positive regulation of wound healing,5/50,66/18986,0.07575757575757576,28.76666666666667,11.61131290928995,8.168470043729624e-7,3.4901644732299304e-5,2.5221942591165153e-5,F7/CPB2/PLG/SERPINF2/F12,5
1,GO:0046470,phosphatidylcholine metabolic process,5/50,77/18986,0.06493506493506493,24.657142857142855,10.68856873844545,1.7670613112478746e-6,7.292038442831638e-5,5.269647788474077e-5,LDLR/PLA2G7/APOC1/LCAT/PLA2G10,5
1,GO:0050727,regulation of inflammatory response,9/50,438/18986,0.02054794520547945,7.802465753424657,7.4011815259590525,1.8467071112769818e-6,7.292038442831638e-5,5.269647788474077e-5,LDLR/PLA2G7/APCS/PROC/PLA2G10/KLKB1/GHRL/F12/TNFSF11,9
1,GO:0046475,glycerophospholipid catabolic process,4/50,34/18986,0.11764705882352941,44.67294117647059,13.096961648979384,1.8617970492336099e-6,7.292038442831638e-5,5.269647788474077e-5,LDLR/PLA2G7/APOC1/PLA2G10,4
1,GO:0008343,adult feeding behavior,3/50,10/18986,0.3,113.916,18.35267312903255,2.0356717217102927e-6,7.757559804355439e-5,5.606060388664476e-5,NPY/AGRP/GHRL,3
1,GO:1903036,positive regulation of response to wounding,5/50,81/18986,0.06172839506172839,23.439506172839504,10.399528374135311,2.273456218552525e-6,8.435719126734368e-5,6.0961374503015074e-5,F7/CPB2/PLG/SERPINF2/F12,5
1,GO:0051918,negative regulation of fibrinolysis,3/50,13/18986,0.23076923076923078,87.6276923076923,16.054862798819034,4.824724491848863e-6,1.7443234701299736e-4,1.2605488011092306e-4,CPB2/PLG/SERPINF2,3
1,GO:0042157,lipoprotein metabolic process,5/50,102/18986,0.049019607843137254,18.613725490196078,9.165380387272519,7.090316846110831e-6,2.4993366882540677e-4,1.8061649229040222e-4,LDLR/APOM/APOC1/LCAT/APOL1,5
1,GO:0002673,regulation of acute inflammatory response,4/50,48/18986,0.08333333333333333,31.64333333333333,10.922844435506766,7.60247062180018e-6,2.6145081894483543e-4,1.889394495995526e-4,APCS/KLKB1/F12/TNFSF11,4
1,GO:0042632,cholesterol homeostasis,5/50,106/18986,0.04716981132075472,17.911320754716982,8.971718631812085,8.558894239910875e-6,2.8733430662557935e-4,2.076443514845546e-4,LDLR/APOM/LCAT/PLA2G10/ANGPTL3,5
1,GO:0055092,sterol homeostasis,5/50,107/18986,0.04672897196261682,17.74392523364486,8.924951240975746,8.960732866356027e-6,2.938286823619069e-4,2.1233756216970952e-4,LDLR/APOM/LCAT/PLA2G10/ANGPTL3,5
1,GO:0002526,acute inflammatory response,5/50,110/18986,0.045454545454545456,17.26,8.788364881120808,1.0255420585919425e-5,3.286396142305998e-4,2.3749395041076563e-4,APCS/KLKB1/SERPINF2/F12/TNFSF11,5
1,GO:0034375,high-density lipoprotein particle remodeling,3/50,17/18986,0.17647058823529413,67.00941176470589,13.991178116622073,1.1386484248843189e-5,3.5677650646375326e-4,2.578272924650341e-4,APOM/APOC1/LCAT,3
1,GO:0010755,regulation of plasminogen activation,3/50,18/18986,0.16666666666666666,63.28666666666666,13.585222392943082,1.3638437751929444e-5,4.1804776587435905e-4,3.0210544036310535e-4,CPB2/SERPINF2/F12,3
1,GO:0031638,zymogen activation,4/50,58/18986,0.06896551724137931,26.187586206896555,9.871754888771553,1.625873529747927e-5,4.8776205892437806e-4,3.5248501160044644e-4,CPB2/KLKB1/SERPINF2/F12,4
1,GO:0030301,cholesterol transport,5/50,123/18986,0.04065040650406504,15.435772357723577,8.253409218151962,1.76461724240318e-5,5.183563149559341e-4,3.745941865452364e-4,LDLR/APOM/APOC1/LCAT/PLA2G10,5
1,GO:0072376,protein activation cascade,3/50,20/18986,0.15,56.958,12.865761284661055,1.8983093188477145e-5,5.462481917500566e-4,3.9475046630388567e-4,KLKB1/F13B/F12,3
1,GO:0015918,sterol transport,5/50,132/18986,0.03787878787878788,14.383333333333335,7.928585056154923,2.481664600103927e-5,6.998294172293074e-4,5.05737122715916e-4,LDLR/APOM/APOC1/LCAT/PLA2G10,5
1,GO:0046503,glycerolipid catabolic process,4/50,66/18986,0.06060606060606061,23.013333333333335,9.205415420522307,2.7194665643328493e-5,7.518525207273172e-4,5.433320194580388e-4,LDLR/PLA2G7/APOC1/PLA2G10,4
1,GO:0070613,regulation of protein processing,4/50,67/18986,0.05970149253731343,22.669850746268658,9.130412803528316,2.8865375898678103e-5,7.826957695603101e-4,5.656211309700487e-4,CPB2/KLKB1/SERPINF2/F12,4
1,GO:1903317,regulation of protein maturation,4/50,73/18986,0.0547945205479452,20.806575342465752,8.712379601646399,4.0516605164364254e-5,0.001077894590221766,7.789488341430904e-4,CPB2/KLKB1/SERPINF2/F12,4
1,GO:0008203,cholesterol metabolic process,5/50,148/18986,0.033783783783783786,12.82837837837838,7.423092127718674,4.296358361090433e-5,0.0011218269053958352,8.106968603383117e-4,LDLR/APOC1/LCAT/ANGPTL3/APOL1,5
1,GO:0034377,plasma lipoprotein particle assembly,3/50,27/18986,0.1111111111111111,42.19111111111111,11.005856760720615,4.8078059546038445e-5,0.0012325466174529856,8.907093136950279e-4,APOM/APOC1/LCAT,3
1,GO:0051346,negative regulation of hydrolase activity,6/50,252/18986,0.023809523809523808,9.040952380952382,6.602960254198282,5.019647827620954e-5,0.0012638756137402759,9.13349454349076e-4,APCS/APOC1/TFPI/SERPINA5/SERPINF2/ANGPTL3,6
1,GO:0032368,regulation of lipid transport,5/50,156/18986,0.03205128205128205,12.170512820512819,7.1987390504085855,5.5219579174966505e-5,0.001365958011170224,9.871200857131594e-4,APOC1/PLA2G10/FIS1/GHRL/TNFSF11,5
1,GO:0016125,sterol metabolic process,5/50,159/18986,0.031446540880503145,11.940880503144653,7.118794495798878,6.045330619537038e-5,0.0014447315548385125,0.001044046394239403,LDLR/APOC1/LCAT/ANGPTL3/APOL1,5
1,GO:1902652,secondary alcohol metabolic process,5/50,159/18986,0.031446540880503145,11.940880503144653,7.118794495798878,6.045330619537038e-5,0.0014447315548385125,0.001044046394239403,LDLR/APOC1/LCAT/ANGPTL3/APOL1,5
1,GO:0065005,protein-lipid complex assembly,3/50,30/18986,0.1,37.972,10.413732128281259,6.636368691071952e-5,0.0015595466424019088,0.001127018402273272,APOM/APOC1/LCAT,3
1,GO:0032107,regulation of response to nutrient levels,3/50,34/18986,0.08823529411764706,33.504705882352944,9.747749404656307,9.709008641711731e-5,0.002208016481421539,0.0015956401299111979,NPY/GHR/GHRL,3
1,GO:2000191,regulation of fatty acid transport,3/50,34/18986,0.08823529411764706,33.504705882352944,9.747749404656307,9.709008641711731e-5,0.002208016481421539,0.0015956401299111979,PLA2G10/FIS1/TNFSF11,3
1,GO:0055088,lipid homeostasis,5/50,180/18986,0.027777777777777776,10.547777777777778,6.61357860179327,1.0865428852096106e-4,0.0024317864573738905,0.0017573492278745247,LDLR/APOM/LCAT/PLA2G10/ANGPTL3,5
1,GO:0015850,organic hydroxy compound transport,6/50,292/18986,0.02054794520547945,7.802465753424657,6.0193951085527235,1.1313293909751118e-4,0.0024924600644920434,0.0018011954777366914,LDLR/APOM/APOC1/LCAT/PLA2G10/GHRL,6
1,GO:1905952,regulation of lipid localization,5/50,188/18986,0.026595744680851064,10.098936170212765,6.442581198865271,1.3324901481340189e-4,0.0028904786290291796,0.0020888266613663647,APOC1/PLA2G10/FIS1/GHRL/TNFSF11,5
1,GO:0060416,response to growth hormone,3/50,39/18986,0.07692307692307693,29.20923076923077,9.061487590816803,1.469119245899801e-4,0.003094481591371739,0.0022362509745784574,GHR/F7/GHRL,3
1,GO:0051897,positive regulation of phosphatidylinositol 3-kinase/protein kinase B signal transduction,5/50,192/18986,0.026041666666666668,9.888541666666667,6.360887229187616,1.4704274228504008e-4,0.003094481591371739,0.0022362509745784574,ERBB3/PROS1/EGFR/THPO/TNFSF11,5
1,GO:0032094,response to food,3/50,40/18986,0.075,28.479,8.939605081487608,1.585296619773055e-4,0.003287159167470599,0.00237549091012433,NPY/GHR/GHRL,3
1,GO:0050728,negative regulation of inflammatory response,5/50,203/18986,0.024630541871921183,9.352709359605912,6.148074056331531,1.9065191808309166e-4,0.003879071577716234,0.00280324097590841,LDLR/APCS/PROC/PLA2G10/GHRL,5
1,GO:0044403,biological process involved in symbiotic interaction,6/50,322/18986,0.018633540372670808,7.075527950310559,5.650095344920638,1.925780215887492e-4,0.003879071577716234,0.00280324097590841,LDLR/APCS/PLG/EGFR/PVR/APOL1,6
1,GO:0043410,positive regulation of MAPK cascade,7/50,472/18986,0.014830508474576272,5.631440677966102,5.235801290380824,2.224218824900058e-4,0.004417110624097298,0.0031920590400344793,GHR/SERPINF2/EGFR/IGFBP3/THPO/GHRL/TNFSF11,7
1,GO:0030198,extracellular matrix organization,6/50,339/18986,0.017699115044247787,6.72070796460177,5.461240751451332,2.541008707848139e-4,0.004976142052869272,0.003596047411106723,CCN1/SMOC1/CPB2/PLG/SERPINF2/COL4A1,6
1,GO:0043062,extracellular structure organization,6/50,340/18986,0.01764705882352941,6.700941176470589,5.450537838208662,2.581514336262871e-4,0.004986212622096778,0.0036033249855839354,CCN1/SMOC1/CPB2/PLG/SERPINF2/COL4A1,6
1,GO:0045229,external encapsulating structure organization,6/50,341/18986,0.017595307917888565,6.681290322580646,5.439877989348899,2.622527516301008e-4,0.0049960380436783434,0.0036104254022251863,CCN1/SMOC1/CPB2/PLG/SERPINF2/COL4A1,6
1,GO:0043086,negative regulation of catalytic activity,7/50,486/18986,0.01440329218106996,5.469218106995885,5.12873193802529,2.657467044509757e-4,0.0049960380436783434,0.0036104254022251863,APCS/APOC1/HHEX/TFPI/SERPINA5/SERPINF2/ANGPTL3,7
1,GO:0006953,acute-phase response,3/50,48/18986,0.0625,23.7325,8.103020596002096,2.734409008015916e-4,0.005073048291187423,0.0036660774511903145,APCS/SERPINF2/TNFSF11,3
1,GO:0032369,negative regulation of lipid transport,3/50,49/18986,0.061224489795918366,23.248163265306122,8.01277215686149,2.907351623433496e-4,0.005318703166177114,0.003843601840133965,APOC1/PLA2G10/FIS1,3
1,GO:0045743,positive regulation of fibroblast growth factor receptor signaling pathway,2/50,10/18986,0.2,75.944,12.180937466631969,3.017703924072121e-4,0.005318703166177114,0.003843601840133965,FGFBP1/FGFBP3,2
1,GO:0150172,regulation of phosphatidylcholine metabolic process,2/50,10/18986,0.2,75.944,12.180937466631969,3.017703924072121e-4,0.005318703166177114,0.003843601840133965,LDLR/APOC1,2
1,GO:2000253,positive regulation of feeding behavior,2/50,10/18986,0.2,75.944,12.180937466631969,3.017703924072121e-4,0.005318703166177114,0.003843601840133965,AGRP/GHRL,2
1,GO:0140353,lipid export from cell,3/50,52/18986,0.057692307692307696,21.906923076923075,7.757410741756879,3.4681176997404696e-4,0.006037093773622299,0.004362752350030896,PLA2G10/GHRL/TNFSF11,3
1,GO:0044242,cellular lipid catabolic process,5/50,238/18986,0.02100840336134454,7.977310924369749,5.566026415281828,3.9707460688145695e-4,0.006827746289059199,0.004934123484740056,LDLR/PLA2G7/APOC1/PLA2G10/ANGPTL3,5
1,GO:0034381,plasma lipoprotein particle clearance,3/50,55/18986,0.05454545454545454,20.712,7.522660075917744,4.0942198903046054e-4,0.00695524101846927,0.005026258533690372,LDLR/APOM/APOC1,3
1,GO:0046434,organophosphate catabolic process,5/50,242/18986,0.02066115702479339,7.845454545454547,5.507126046549374,4.2849569160348985e-4,0.007118926518799402,0.005144547122208153,LDLR/PLA2G7/APOC1/PLA2G10/ANGPTL3,5
1,GO:0006644,phospholipid metabolic process,6/50,374/18986,0.016042780748663103,6.091764705882354,5.110386956632903,4.291551447503185e-4,0.007118926518799402,0.005144547122208153,LDLR/PLA2G7/APOC1/LCAT/PLA2G10/ANGPTL3,6
1,GO:0045860,positive regulation of protein kinase activity,5/50,243/18986,0.0205761316872428,7.813168724279835,5.4926118405128,4.36636496287071e-4,0.007148990145972972,0.005166272834118579,CCN1/GHR/SYAP1/EGFR/TNFSF11,5
1,GO:0060192,negative regulation of lipase activity,2/50,12/18986,0.16666666666666666,63.28666666666666,11.09053368251735,4.411079026238642e-4,0.007148990145972972,0.005166272834118579,APOC1/ANGPTL3,2
1,GO:0061900,glial cell activation,3/50,58/18986,0.05172413793103448,19.640689655172412,7.305833823136913,4.78871383621124e-4,0.007672825578474827,0.005544826547191963,LDLR/EGFR/IFNGR2,3
1,GO:0034380,high-density lipoprotein particle assembly,2/50,13/18986,0.15384615384615385,58.41846153846154,10.641464612089296,5.204321168296848e-4,0.008245048143032086,0.005958347594218036,APOM/LCAT,2
1,GO:0071902,positive regulation of protein serine/threonine kinase activity,4/50,142/18986,0.028169014084507043,10.696338028169015,5.95952371147107,5.288808088448894e-4,0.008285799338569934,0.0059877967597877545,GHR/SYAP1/EGFR/TNFSF11,4
1,GO:0033674,positive regulation of kinase activity,5/50,258/18986,0.01937984496124031,7.358914728682171,5.284371411211861,5.733301568967586e-4,0.008883467266202524,0.006419706094575621,CCN1/GHR/SYAP1/EGFR/TNFSF11,5
1,GO:0032308,positive regulation of prostaglandin secretion,2/50,14/18986,0.14285714285714285,54.245714285714286,10.240904063979373,6.061492754234198e-4,0.009190005143516365,0.006641228054441091,PLA2G10/TNFSF11,2
1,GO:0051004,regulation of lipoprotein lipase activity,2/50,14/18986,0.14285714285714285,54.245714285714286,10.240904063979373,6.061492754234198e-4,0.009190005143516365,0.006641228054441091,APOC1/ANGPTL3,2
1,GO:0071900,regulation of protein serine/threonine kinase activity,5/50,262/18986,0.019083969465648856,7.246564885496183,5.2316510074070015,6.146826150774291e-4,0.009220239226161437,0.006663076947311886,GHR/HHEX/SYAP1/EGFR/TNFSF11,5
1,GO:0001890,placenta development,4/50,152/18986,0.02631578947368421,9.992631578947368,5.719834888883503,6.83009205113297e-4,0.010137294517997357,0.0073257940227110414,CCN1/PLG/EGFR/GHRL,4
1,GO:0032306,regulation of prostaglandin secretion,2/50,15/18986,0.13333333333333333,50.629333333333335,9.880641438707729,6.982265112251254e-4,0.010255201883619029,0.0074110006893193135,PLA2G10/TNFSF11,2
1,GO:0031100,animal organ regeneration,3/50,67/18986,0.04477611940298507,17.00238805970149,6.742474165517066,7.311918657581698e-4,0.010520209497132851,0.007602510483930273,F7/CPB2/EGFR,3
1,GO:0050994,regulation of lipid catabolic process,3/50,67/18986,0.04477611940298507,17.00238805970149,6.742474165517066,7.311918657581698e-4,0.010520209497132851,0.007602510483930273,LDLR/APOC1/ANGPTL3,3
1,GO:1905953,negative regulation of lipid localization,3/50,68/18986,0.04411764705882353,16.752352941176472,6.686647977393289,7.635264065737811e-4,0.010874467002717488,0.007858517400993303,APOC1/PLA2G10/FIS1,3
1,GO:0034374,low-density lipoprotein particle remodeling,2/50,16/18986,0.125,47.465,9.554290628950831,7.966310798378783e-4,0.011121285371994142,0.00803688259805176,PLA2G7/PLA2G10,2
1,GO:0072378,"blood coagulation, fibrin clot formation",2/50,16/18986,0.125,47.465,9.554290628950831,7.966310798378783e-4,0.011121285371994142,0.00803688259805176,F13B/F12,2
1,GO:0046718,symbiont entry into host cell,4/50,159/18986,0.025157232704402517,9.552704402515724,5.564903574929282,8.082465623484551e-4,0.011172820126581585,0.008074124585689417,LDLR/APCS/EGFR/PVR,4
1,GO:0051896,regulation of phosphatidylinositol 3-kinase/protein kinase B signal transduction,5/50,280/18986,0.017857142857142856,6.780714285714286,5.007445553107578,8.291204815964018e-4,0.011350095913115792,0.00820223429928786,ERBB3/PROS1/EGFR/THPO/TNFSF11,5
1,GO:0045859,regulation of protein kinase activity,6/50,427/18986,0.01405152224824356,5.335644028103045,4.65625171376597,8.597065336344784e-4,0.011655636657928986,0.00842303567366574,CCN1/GHR/HHEX/SYAP1/EGFR/TNFSF11,6
1,GO:0032095,regulation of response to food,2/50,17/18986,0.11764705882352941,44.67294117647059,9.256799637221867,9.0133035924975e-4,0.012066024544889692,0.00871960564348878,NPY/GHRL,2
1,GO:0044409,symbiont entry into host,4/50,164/18986,0.024390243902439025,9.261463414634147,5.4599944831002,9.070912069207854e-4,0.012066024544889692,0.00871960564348878,LDLR/APCS/EGFR/PVR,4
1,GO:0033344,cholesterol efflux,3/50,74/18986,0.04054054054054054,15.394054054054054,6.374944966786698,9.76715062811616e-4,0.012870731201536248,0.009301133111673824,APOM/APOC1/PLA2G10,3
1,GO:0034384,high-density lipoprotein particle clearance,2/50,18/18986,0.1111111111111111,42.19111111111111,8.984112250725783,0.0010122918494369782,0.01321603247876055,0.009550667741276754,LDLR/APOM,2
1,GO:0006650,glycerophospholipid metabolic process,5/50,294/18986,0.017006802721088437,6.457823129251701,4.846312522781626,0.00103119550918336,0.013339318054573739,0.009639761012935708,LDLR/PLA2G7/APOC1/LCAT/PLA2G10,5
1,GO:0070372,regulation of ERK1 and ERK2 cascade,5/50,296/18986,0.016891891891891893,6.41418918918919,4.824150105834266,0.001062806277302647,0.013582321466819284,0.009815369301889563,CCN1/SERPINF2/EGFR/THPO/TNFSF11,5
1,GO:0043434,response to peptide hormone,6/50,446/18986,0.013452914798206279,5.108340807174888,4.511544113199952,0.0010765585315347177,0.013582321466819284,0.009815369301889563,AGRP/GHR/F7/TNFSF10/SYAP1/GHRL,6
1,GO:0031348,negative regulation of defense response,5/50,297/18986,0.016835016835016835,6.392592592592592,4.8131454272499985,0.0010788794356622411,0.013582321466819284,0.009815369301889563,LDLR/APCS/PROC/PLA2G10/GHRL,5
1,GO:1903532,positive regulation of secretion by cell,5/50,298/18986,0.016778523489932886,6.371140939597316,4.8021912075248485,0.0010951327929680213,0.01366493131048593,0.009875067942180203,PLA2G10/CPB2/EGFR/GHRL/TNFSF11,5
1,GO:0032310,prostaglandin secretion,2/50,19/18986,0.10526315789473684,39.97052631578947,8.732929014400353,0.0011294831719683058,0.013830308212095571,0.009994578834870113,PLA2G10/TNFSF11,2
1,GO:0045780,positive regulation of bone resorption,2/50,19/18986,0.10526315789473684,39.97052631578947,8.732929014400353,0.0011294831719683058,0.013830308212095571,0.009994578834870113,EGFR/TNFSF11,2
1,GO:0032890,regulation of organic acid transport,3/50,78/18986,0.038461538461538464,14.604615384615386,6.186670031190072,0.0011378125904986428,0.013830308212095571,0.009994578834870113,PLA2G10/FIS1/TNFSF11,3
1,GO:0001934,positive regulation of protein phosphorylation,6/50,455/18986,0.013186813186813187,5.007296703296704,4.445841237764357,0.001192932031724249,0.01429725827054966,0.010332023893909721,CCN1/GHR/SYAP1/EGFR/THPO/TNFSF11,6
1,GO:0051347,positive regulation of transferase activity,5/50,304/18986,0.01644736842105263,6.245394736842105,4.737502634953023,0.0011965081389538014,0.01429725827054966,0.010332023893909721,CCN1/GHR/SYAP1/EGFR/TNFSF11,5
1,GO:0032305,positive regulation of icosanoid secretion,2/50,20/18986,0.1,37.972,8.500534797821375,0.00125287206961051,0.01458117866421027,0.010537201154875357,PLA2G10/TNFSF11,2
1,GO:0043691,reverse cholesterol transport,2/50,20/18986,0.1,37.972,8.500534797821375,0.00125287206961051,0.01458117866421027,0.010537201154875357,APOM/LCAT,2
1,GO:0060716,labyrinthine layer blood vessel development,2/50,20/18986,0.1,37.972,8.500534797821375,0.00125287206961051,0.01458117866421027,0.010537201154875357,CCN1/PLG,2
1,GO:0043549,regulation of kinase activity,6/50,460/18986,0.013043478260869565,4.952869565217391,4.4100828699384484,0.0012616338986054276,0.01458117866421027,0.010537201154875357,CCN1/GHR/HHEX/SYAP1/EGFR/TNFSF11,6
1,GO:0010985,negative regulation of lipoprotein particle clearance,2/50,21/18986,0.09523809523809523,36.163809523809526,8.284672082467534,0.0013824264059350783,0.015719526067487583,0.01135983668034937,LDLR/APOC1,2
1,GO:2000047,regulation of cell-cell adhesion mediated by cadherin,2/50,21/18986,0.09523809523809523,36.163809523809526,8.284672082467534,0.0013824264059350783,0.015719526067487583,0.01135983668034937,PLG/SERPINF2,2
1,GO:0043491,phosphatidylinositol 3-kinase/protein kinase B signal transduction,5/50,317/18986,0.015772870662460567,5.989274447949526,4.60312403831688,0.0014398813940290716,0.016241862124647927,0.011737306858274874,ERBB3/PROS1/EGFR/THPO/TNFSF11,5
1,GO:0070371,ERK1 and ERK2 cascade,5/50,319/18986,0.01567398119122257,5.951724137931034,4.5831144248544,0.0014803409670475227,0.016465699788813744,0.01189906487164741,CCN1/SERPINF2/EGFR/THPO/TNFSF11,5
1,GO:0150076,neuroinflammatory response,3/50,86/18986,0.03488372093023256,13.246046511627908,5.848714316949701,0.0015081824543275468,0.016465699788813744,0.01189906487164741,LDLR/EGFR/IFNGR2,3
1,GO:0006662,glycerol ether metabolic process,2/50,22/18986,0.09090909090909091,34.52,8.083446298841551,0.0015181141649260898,0.016465699788813744,0.01189906487164741,PLA2G7/PLA2G10,2
1,GO:0032303,regulation of icosanoid secretion,2/50,22/18986,0.09090909090909091,34.52,8.083446298841551,0.0015181141649260898,0.016465699788813744,0.01189906487164741,PLA2G10/TNFSF11,2
1,GO:0046485,ether lipid metabolic process,2/50,22/18986,0.09090909090909091,34.52,8.083446298841551,0.0015181141649260898,0.016465699788813744,0.01189906487164741,PLA2G7/PLA2G10,2
1,GO:0051047,positive regulation of secretion,5/50,322/18986,0.015527950310559006,5.896273291925465,4.5534167829403565,0.0015425978322556606,0.016529503830032367,0.01194517335384198,PLA2G10/CPB2/EGFR/GHRL/TNFSF11,5
1,GO:0042327,positive regulation of phosphorylation,6/50,479/18986,0.012526096033402923,4.756409185803758,4.278768782358859,0.0015508118742377178,0.016529503830032367,0.01194517335384198,CCN1/GHR/SYAP1/EGFR/THPO/TNFSF11,6
1,GO:0001892,embryonic placenta development,3/50,87/18986,0.034482758620689655,13.093793103448277,5.809636081417577,0.001559165964109436,0.016529503830032367,0.01194517335384198,CCN1/PLG/EGFR,3
1,GO:0050673,epithelial cell proliferation,6/50,482/18986,0.012448132780082987,4.726804979253112,4.258665767811471,0.001600749093818548,0.016828290586446804,0.012161093906443082,FGFBP1/CPB2/EGFR/IGFBP3/GHRL/TNFSF11,6
1,GO:0032370,positive regulation of lipid transport,3/50,88/18986,0.03409090909090909,12.945,5.771194994228159,0.0016112193114683109,0.016828290586446804,0.012161093906443082,PLA2G10/GHRL/TNFSF11,3
1,GO:0032098,regulation of appetite,2/50,23/18986,0.08695652173913043,33.01913043478261,7.89525405252971,0.0016599034505892147,0.017083677849129876,0.01234565148037157,NPY/GHRL,2
1,GO:0038128,ERBB2 signaling pathway,2/50,23/18986,0.08695652173913043,33.01913043478261,7.89525405252971,0.0016599034505892147,0.017083677849129876,0.01234565148037157,ERBB3/EGFR,2
1,GO:0061515,myeloid cell development,3/50,90/18986,0.03333333333333333,12.657333333333334,5.696153839289633,0.0017185683811120327,0.017559285633101204,0.012689353111490831,PLA2G10/THPO/TNFSF11,3
1,GO:0070374,positive regulation of ERK1 and ERK2 cascade,4/50,197/18986,0.02030456852791878,7.710050761421319,4.8646686686838665,0.001783316782472847,0.01808976016753032,0.013072704622746808,SERPINF2/EGFR/THPO/TNFSF11,4
1,GO:2000193,positive regulation of fatty acid transport,2/50,24/18986,0.08333333333333333,31.64333333333333,7.718727972760061,0.0018077624865619351,0.01811108177509128,0.013088112846799818,PLA2G10/TNFSF11,2
1,GO:0008202,steroid metabolic process,5/50,334/18986,0.014970059880239521,5.68443113772455,4.4382684748926025,0.001811108177509128,0.01811108177509128,0.013088112846799818,LDLR/APOC1/LCAT/ANGPTL3/APOL1,5
1,GO:0033273,response to vitamin,3/50,93/18986,0.03225806451612903,12.249032258064515,5.587947981775645,0.001887818997960422,0.018745244979747853,0.013546395774838316,F7/BCHE/EGFR,3
1,GO:0010954,positive regulation of protein processing,2/50,25/18986,0.08,30.3776,7.552693816812838,0.001961659615724864,0.019342238169035374,0.013977817504760166,KLKB1/F12,2
1,GO:0031099,regeneration,4/50,204/18986,0.0196078431372549,7.445490196078431,4.756048757393319,0.0020253148725056166,0.01969444117402013,0.0142323397211284,F7/CPB2/PLG/EGFR,4
1,GO:0051701,biological process involved in interaction with host,4/50,204/18986,0.0196078431372549,7.445490196078431,4.756048757393319,0.0020253148725056166,0.01969444117402013,0.0142323397211284,LDLR/APCS/EGFR/PVR,4
1,GO:0007623,circadian rhythm,4/50,206/18986,0.019417475728155338,7.373203883495145,4.725957467518703,0.0020984318372123155,0.019942695018254193,0.014411742275229608,AGRP/F7/EGFR/GHRL,4
1,GO:0048143,astrocyte activation,2/50,26/18986,0.07692307692307693,29.20923076923077,7.3961367359696135,0.0021215632998142758,0.019942695018254193,0.014411742275229608,LDLR/EGFR,2
1,GO:0048520,positive regulation of behavior,2/50,26/18986,0.07692307692307693,29.20923076923077,7.3961367359696135,0.0021215632998142758,0.019942695018254193,0.014411742275229608,AGRP/GHRL,2
1,GO:0060259,regulation of feeding behavior,2/50,26/18986,0.07692307692307693,29.20923076923077,7.3961367359696135,0.0021215632998142758,0.019942695018254193,0.014411742275229608,AGRP/GHRL,2
1,GO:0060396,growth hormone receptor signaling pathway,2/50,26/18986,0.07692307692307693,29.20923076923077,7.3961367359696135,0.0021215632998142758,0.019942695018254193,0.014411742275229608,GHR/GHRL,2
1,GO:0016042,lipid catabolic process,5/50,351/18986,0.014245014245014245,5.409116809116809,4.284366794651338,0.002248363365526538,0.02094346355740508,0.01513495537407101,LDLR/PLA2G7/APOC1/PLA2G10/ANGPTL3,5
1,GO:0018904,ether metabolic process,2/50,27/18986,0.07407407407407407,28.127407407407404,7.248174476534139,0.002287442119035732,0.02094346355740508,0.01513495537407101,PLA2G7/PLA2G10,2
1,GO:0071378,cellular response to growth hormone stimulus,2/50,27/18986,0.07407407407407407,28.127407407407404,7.248174476534139,0.002287442119035732,0.02094346355740508,0.01513495537407101,GHR/GHRL,2
1,GO:1903319,positive regulation of protein maturation,2/50,27/18986,0.07407407407407407,28.127407407407404,7.248174476534139,0.002287442119035732,0.02094346355740508,0.01513495537407101,KLKB1/F12,2
1,GO:0006066,alcohol metabolic process,5/50,363/18986,0.013774104683195593,5.2303030303030305,4.181635265931583,0.0026003578787278992,0.023654868445202183,0.0170943730160177,LDLR/APOC1/LCAT/ANGPTL3/APOL1,5
1,GO:0015914,phospholipid transport,3/50,105/18986,0.02857142857142857,10.849142857142857,5.200280508879682,0.002667477244656928,0.024109890480553002,0.017423198197219342,LDLR/APOC1/PLA2G10,3
1,GO:0010955,negative regulation of protein processing,2/50,30/18986,0.06666666666666667,25.314666666666668,6.848599628235314,0.002820616958506659,0.025171328553761956,0.018190254602494647,CPB2/SERPINF2,2
1,GO:0015732,prostaglandin transport,2/50,30/18986,0.06666666666666667,25.314666666666668,6.848599628235314,0.002820616958506659,0.025171328553761956,0.018190254602494647,PLA2G10/TNFSF11,2
1,GO:0007631,feeding behavior,3/50,108/18986,0.027777777777777776,10.547777777777778,5.113077431658031,0.002889043293236493,0.025619817883417953,0.018514358873571172,NPY/AGRP/GHRL,3
1,GO:0032372,negative regulation of sterol transport,2/50,31/18986,0.06451612903225806,24.49806451612903,6.728174161844531,0.0030100844762404187,0.026038154058276017,0.018816672734909435,APOC1/PLA2G10,2
1,GO:0032375,negative regulation of cholesterol transport,2/50,31/18986,0.06451612903225806,24.49806451612903,6.728174161844531,0.0030100844762404187,0.026038154058276017,0.018816672734909435,APOC1/PLA2G10,2
1,GO:0040018,positive regulation of multicellular organism growth,2/50,31/18986,0.06451612903225806,24.49806451612903,6.728174161844531,0.0030100844762404187,0.026038154058276017,0.018816672734909435,GHR/GHRL,2
1,GO:0097421,liver regeneration,2/50,31/18986,0.06451612903225806,24.49806451612903,6.728174161844531,0.0030100844762404187,0.026038154058276017,0.018816672734909435,CPB2/EGFR,2
1,GO:0071674,mononuclear cell migration,4/50,231/18986,0.017316017316017316,6.575238095238095,4.380836603670109,0.0031723385834320403,0.027226350778084607,0.01967533225321829,PLA2G7/CD99L2/PLG/TNFSF11,4
1,GO:0042116,macrophage activation,3/50,112/18986,0.026785714285714284,10.171071428571429,5.001995450302995,0.0032016590009388305,0.027226350778084607,0.01967533225321829,LDLR/PLA2G10/IFNGR2,3
1,GO:1903318,negative regulation of protein maturation,2/50,32/18986,0.0625,23.7325,6.613295539988707,0.0032053717937319463,0.027226350778084607,0.01967533225321829,CPB2/SERPINF2,2
1,GO:1905954,positive regulation of lipid localization,3/50,113/18986,0.02654867256637168,10.081061946902656,4.975097204270274,0.0032829267957748477,0.027718124443368478,0.02003071628307629,PLA2G10/GHRL/TNFSF11,3
1,GO:0046486,glycerolipid metabolic process,5/50,385/18986,0.012987012987012988,4.9314285714285715,4.004596729760673,0.0033475031684236673,0.02807863024538958,0.02029123857972162,LDLR/PLA2G7/APOC1/LCAT/PLA2G10,5
1,GO:0090277,positive regulation of peptide hormone secretion,3/50,114/18986,0.02631578947368421,9.992631578947368,4.948532686464842,0.003365452845014779,0.02807863024538958,0.02029123857972162,EGFR/GHRL/TNFSF11,3
1,GO:0060674,placenta blood vessel development,2/50,33/18986,0.06060606060606061,23.013333333333335,6.503542444466206,0.003406448193953592,0.02825348207926215,0.020417596605245062,CCN1/PLG,2
1,GO:0002793,positive regulation of peptide secretion,3/50,116/18986,0.02586206896551724,9.820344827586206,4.896376320848748,0.003534304542569381,0.02914251114048437,0.02106006030906224,EGFR/GHRL/TNFSF11,3
1,GO:0016486,peptide hormone processing,2/50,35/18986,0.05714285714285714,21.698285714285714,6.297939935249625,0.0038258459530839746,0.03118175025345898,0.02253373217271243,PLA2G7/BCHE,2
1,GO:0060191,regulation of lipase activity,2/50,35/18986,0.05714285714285714,21.698285714285714,6.297939935249625,0.0038258459530839746,0.03118175025345898,0.02253373217271243,APOC1/ANGPTL3,2
1,GO:0015908,fatty acid transport,3/50,120/18986,0.025,9.493,4.795766310372527,0.003887376187544195,0.03132114528249894,0.022634467064918985,PLA2G10/FIS1/TNFSF11,3
1,GO:0032355,response to estradiol,3/50,120/18986,0.025,9.493,4.795766310372527,0.003887376187544195,0.03132114528249894,0.022634467064918985,GHR/F7/EGFR,3
1,GO:0010984,regulation of lipoprotein particle clearance,2/50,36/18986,0.05555555555555555,21.095555555555556,6.201444206135329,0.004044106455414161,0.03221576328889247,0.023280969663044354,LDLR/APOC1,2
1,GO:1903725,regulation of phospholipid metabolic process,2/50,36/18986,0.05555555555555555,21.095555555555556,6.201444206135329,0.004044106455414161,0.03221576328889247,0.023280969663044354,LDLR/APOC1,2
1,GO:0050900,leukocyte migration,5/50,404/18986,0.012376237623762377,4.69950495049505,3.8621954505651757,0.00410823253319961,0.032542740852873314,0.023517262520030884,PLA2G7/F7/CD99L2/PLG/TNFSF11,5
1,GO:0042755,eating behavior,2/50,39/18986,0.05128205128205128,19.472820512820512,5.933916993826406,0.004732771722041213,0.036864527414408085,0.02664043489148714,AGRP/GHRL,2
1,GO:0140448,signaling receptor ligand precursor processing,2/50,39/18986,0.05128205128205128,19.472820512820512,5.933916993826406,0.004732771722041213,0.036864527414408085,0.02664043489148714,PLA2G7/BCHE,2
1,GO:0043200,response to amino acid,3/50,129/18986,0.023255813953488372,8.830697674418605,4.585695277764293,0.004758399992498065,0.036864527414408085,0.02664043489148714,F7/COL4A1/EGFR,3
1,GO:0051702,biological process involved in interaction with symbiont,3/50,129/18986,0.023255813953488372,8.830697674418605,4.585695277764293,0.004758399992498065,0.036864527414408085,0.02664043489148714,APCS/PLG/APOL1,3
1,GO:0045834,positive regulation of lipid metabolic process,3/50,132/18986,0.022727272727272728,8.63,4.520182115451711,0.005072840177859023,0.03908581776383182,0.02824566748442643,LDLR/CCN1/ANGPTL3,3
1,GO:0040036,regulation of fibroblast growth factor receptor signaling pathway,2/50,41/18986,0.04878048780487805,18.522926829268293,5.771616302807059,0.005219818369909683,0.039999695117242676,0.028906087998126852,FGFBP1/FGFBP3,2
1,GO:0051384,response to glucocorticoid,3/50,134/18986,0.022388059701492536,8.501194029850746,4.477651235945324,0.005289281865907957,0.04031290503205524,0.029132431557319507,GHR/BCHE/EGFR,3
1,GO:0021782,glial cell development,3/50,136/18986,0.022058823529411766,8.376176470588236,4.4359971225066985,0.005511221323834414,0.0417786132613254,0.03019163690702724,LDLR/ERBB3/EGFR,3
1,GO:0045124,regulation of bone resorption,2/50,43/18986,0.046511627906976744,17.66139534883721,5.620402240551568,0.005728936311457437,0.04296702233593078,0.03105044988516685,EGFR/TNFSF11,2
1,GO:0071364,cellular response to epidermal growth factor stimulus,2/50,43/18986,0.046511627906976744,17.66139534883721,5.620402240551568,0.005728936311457437,0.04296702233593078,0.03105044988516685,SYAP1/EGFR,2
1,GO:0032868,response to insulin,4/50,276/18986,0.014492753623188406,5.5031884057971014,3.8724332923916935,0.005955367832748565,0.04442893462526707,0.03210691206962189,AGRP/GHR/TNFSF10/SYAP1,4
1,GO:0014002,astrocyte development,2/50,44/18986,0.045454545454545456,17.26,5.5485581745375505,0.00599169814752033,0.04446470730528245,0.032132763472574405,LDLR/EGFR,2
1,GO:0001101,response to acid chemical,3/50,144/18986,0.020833333333333332,7.910833333333333,4.277542626888837,0.006454704553131104,0.0476499131932715,0.034434577059415314,F7/COL4A1/EGFR,3
1,GO:0032309,icosanoid secretion,2/50,47/18986,0.0425531914893617,16.158297872340423,5.346468647858927,0.006812443224403733,0.04914723936922895,0.035516631362010914,PLA2G10/TNFSF11,2
1,GO:0032892,positive regulation of organic acid transport,2/50,47/18986,0.0425531914893617,16.158297872340423,5.346468647858927,0.006812443224403733,0.04914723936922895,0.035516631362010914,PLA2G10/TNFSF11,2
1,GO:0060711,labyrinthine layer development,2/50,47/18986,0.0425531914893617,16.158297872340423,5.346468647858927,0.006812443224403733,0.04914723936922895,0.035516631362010914,CCN1/PLG,2
1,GO:0001503,ossification,5/50,456/18986,0.010964912280701754,4.16359649122807,3.5137590510247168,0.006815553972729493,0.04914723936922895,0.035516631362010914,CCN1/SMOC1/EGFR/IGFBP3/TNFSF11,5
1,GO:0046887,positive regulation of hormone secretion,3/50,147/18986,0.02040816326530612,7.74938775510204,4.221242519369039,0.006831814834304165,0.04914723936922895,0.035516631362010914,EGFR/GHRL/TNFSF11,3
2,GO:0042060,wound healing,20/176,444/18986,0.04504504504504504,4.859234234234234,7.959422752683316,5.944887298951394e-9,1.974297071981758e-5,1.4981115993357513e-5,SERPIND1/HBEGF/SERPINE1/DAG1/PLAT/SELP/GLA/ITGA5/ERBB2/CHMP6/TGFB1/CDKN1A/F11R/KDR/FN1/MYH9/AHNAK/CD36/BLOC1S3/NFATC1,20
2,GO:0018108,peptidyl-tyrosine phosphorylation,12/176,204/18986,0.058823529411764705,6.345588235294117,7.425178610916927,4.614819292137956e-7,5.670390873053785e-4,4.3027356218294305e-4,HBEGF/CD4/FGFR2/ITGA5/ERBB2/CHMP6/TGFB1/NRP1/YES1/ABL1/KDR/CD36,12
2,GO:0018212,peptidyl-tyrosine modification,12/176,206/18986,0.05825242718446602,6.283980582524271,7.37588719489195,5.122304311701703e-7,5.670390873053785e-4,4.3027356218294305e-4,HBEGF/CD4/FGFR2/ITGA5/ERBB2/CHMP6/TGFB1/NRP1/YES1/ABL1/KDR/CD36,12
2,GO:0001934,positive regulation of protein phosphorylation,17/176,455/18986,0.03736263736263736,4.030494505494506,6.32902787008746,1.2064808433315413e-6,0.0010016807201760122,7.600829312988711e-4,FAM20A/HBEGF/CD4/VEGFC/ITGA5/ERBB2/TGFB1/CDKN1A/NRP1/LATS1/PSRC1/YES1/SNCA/ABL1/KDR/CD36/GH1,17
2,GO:0006898,receptor-mediated endocytosis,13/176,275/18986,0.04727272727272727,5.099545454545455,6.62400711866428,1.8062419036841945e-6,0.001199705872427042,9.10345919456834e-4,SERPINE1/STAB2/DKK1/CD63/PCSK9/EZR/NUMB/IGF2R/SNCA/CD36/LDLRAP1/ARF6/DNAJC6,13
2,GO:0042327,positive regulation of phosphorylation,17/176,479/18986,0.03549060542797495,3.8285490605427976,6.06499848860254,2.421722643506784e-6,0.001340423483181005,0.0010171235102728494,FAM20A/HBEGF/CD4/VEGFC/ITGA5/ERBB2/TGFB1/CDKN1A/NRP1/LATS1/PSRC1/YES1/SNCA/ABL1/KDR/CD36/GH1,17
2,GO:0070372,regulation of ERK1 and ERK2 cascade,13/176,296/18986,0.04391891891891892,4.737753378378379,6.269300463537032,4.056765987302823e-6,0.0015138141989906122,0.001148693701131088,FGF21/CD4/CCN2/FGFR2/ERBB2/TGFB1/NRP1/EZR/ABL1/KDR/FN1/CD36/PDGFC,13
2,GO:0045785,positive regulation of cell adhesion,17/176,499/18986,0.03406813627254509,3.6751002004008013,5.857662467304696,4.1833922164516864e-6,0.0015138141989906122,0.001148693701131088,CD4/P4HB/DAG1/SELP/ITGA5/ERBB2/TGFB1/F11R/NRP1/RET/YES1/ABL1/KDR/FN1/CD36/VNN1/CD6,17
2,GO:0030509,BMP signaling pathway,10/176,172/18986,0.05813953488372093,6.271802325581396,6.718154818125629,4.762014317235815e-6,0.0015138141989906122,0.001148693701131088,SLC39A5/DKK1/SMAD1/HJV/ABL1/KDR/SMAD2/SOST/FST/SMAD5,10
2,GO:0009410,response to xenobiotic stimulus,16/176,451/18986,0.03547671840354767,3.8270509977827047,5.877502946515932,4.8823297141560665e-6,0.0015138141989906122,0.001148693701131088,FGF21/PTH/GSTA1/VEGFC/GSTA3/NPPC/TGFB1/CDKN1A/RET/SNCA/ABL1/ACAA1/CES2/BLOC1S3/BECN1/CES3,16
2,GO:0007034,vacuolar transport,10/176,173/18986,0.057803468208092484,6.235549132947977,6.691500276833576,5.014139171603955e-6,0.0015138141989906122,0.001148693701131088,LAMP2/PCSK9/SORT1/NAGPA/CHMP6/VPS37A/IGF2R/SNAPIN/AP1G2/BECN1,10
2,GO:0050900,leukocyte migration,15/176,404/18986,0.03712871287128713,4.005259900990098,5.906003883338309,5.674848295206993e-6,0.001539789641912817,0.0011684040643240886,SERPINE1/VEGFC/SELP/CCL23/CCL22/IL16/TGFB1/F11R/RET/YES1/ABL1/CXCL6/MYH9/SELPLG/CXCL10,15
2,GO:0030100,regulation of endocytosis,13/176,307/18986,0.04234527687296417,4.56799674267101,6.09654891661667,6.027481284211569e-6,0.001539789641912817,0.0011684040643240886,SERPINE1/DKK1/CD63/PCSK9/TGFB1/NUMB/SNCA/ABL1/CD36/FCN2/LDLRAP1/ARF6/DNAJC6,13
2,GO:0071772,response to BMP,10/176,184/18986,0.05434782608695652,5.862771739130435,6.4114758130456,8.648563642854335e-6,0.001681830629895629,0.0012761858438232415,SLC39A5/DKK1/SMAD1/HJV/ABL1/KDR/SMAD2/SOST/FST/SMAD5,10
2,GO:0071773,cellular response to BMP stimulus,10/176,184/18986,0.05434782608695652,5.862771739130435,6.4114758130456,8.648563642854335e-6,0.001681830629895629,0.0012761858438232415,SLC39A5/DKK1/SMAD1/HJV/ABL1/KDR/SMAD2/SOST/FST/SMAD5,10
2,GO:0043603,amide metabolic process,16/176,472/18986,0.03389830508474576,3.6567796610169494,5.653841695981007,8.64883756788854e-6,0.001681830629895629,0.0012761858438232415,ST6GAL1/P4HB/GSTA1/FTCD/GSTA3/GGT1/GLA/MME/NPL/NT5C1A/SNCA/BTD/ENPP7/VNN1/BECN1/NAGK,16
2,GO:0070371,ERK1 and ERK2 cascade,13/176,319/18986,0.04075235109717868,4.39615987460815,5.917161749652486,9.102015261845646e-6,0.001681830629895629,0.0012761858438232415,FGF21/CD4/CCN2/FGFR2/ERBB2/TGFB1/NRP1/EZR/ABL1/KDR/FN1/CD36/PDGFC,13
2,GO:0007229,integrin-mediated signaling pathway,8/176,111/18986,0.07207207207207207,7.774774774774775,6.924367477686792,9.11561317016601e-6,0.001681830629895629,0.0012761858438232415,CCN2/CD63/ITGA5/NRP1/FYB1/ABL1/FN1/MYH9,8
2,GO:0044403,biological process involved in symbiotic interaction,13/176,322/18986,0.040372670807453416,4.355201863354037,5.873695983596177,1.0059255210923207e-5,0.0017252425016237786,0.0013091271015031384,CD4/P4HB/DAG1/ITGA5/CHMP6/F11R/NRP1/IGF2R/FN1/CXCL6/HAVCR1/SELPLG/BECN1,13
2,GO:0007178,cell surface receptor protein serine/threonine kinase signaling pathway,15/176,425/18986,0.03529411764705882,3.807352941176471,5.6618457348704165,1.0389897630977287e-5,0.0017252425016237786,0.0013091271015031384,SLC39A5/NOMO1/DKK1/SMAD1/TGFB1/HJV/LATS1/ABL1/KDR/SMAD2/SOST/FST/PBLD/SMAD5/BECN1,15
2,GO:0043254,regulation of protein-containing complex assembly,15/176,433/18986,0.03464203233256351,3.7370092378752884,5.572888782646536,1.2949412412324501e-5,0.0020478570772061748,0.0015539294894789401,MEGF9/LAMP2/DKK1/SELP/TGFB1/LATS1/PSRC1/SNCA/ABL1/ELN/CD36/ARF6/SOST/MAPK9/DNAJC6,15
2,GO:0050731,positive regulation of peptidyl-tyrosine phosphorylation,8/176,118/18986,0.06779661016949153,7.313559322033899,6.654563478274765,1.4295278815439511e-5,0.0020895068115817945,0.0015855336239645054,HBEGF/CD4/ITGA5/TGFB1/NRP1/YES1/ABL1/CD36,8
2,GO:0034383,low-density lipoprotein particle clearance,5/176,34/18986,0.14705882352941177,15.863970588235293,8.391005559459735,1.447114021872366e-5,0.0020895068115817945,0.0015855336239645054,FGF21/PCSK9/CD36/LDLRAP1/CES3,5
2,GO:0070374,positive regulation of ERK1 and ERK2 cascade,10/176,197/18986,0.050761421319796954,5.475888324873096,6.108404085042767,1.5697189453838596e-5,0.0021720985906749156,0.0016482048926530525,FGF21/CD4/CCN2/FGFR2/TGFB1/NRP1/ABL1/KDR/CD36/PDGFC,10
2,GO:0009791,post-embryonic development,7/176,89/18986,0.07865168539325842,8.484550561797754,6.845915515420612,1.897516291252201e-5,0.0023913372665187544,0.0018145648634830657,FGFR2/NPPC/IGF2R/HEG1/ABL1/KDR/SMAD2,7
2,GO:0050730,regulation of peptidyl-tyrosine phosphorylation,9/176,162/18986,0.05555555555555555,5.993055555555556,6.173553062920371,2.0656956990624536e-5,0.0023913372665187544,0.0018145648634830657,HBEGF/CD4/ITGA5/CHMP6/TGFB1/NRP1/YES1/ABL1/CD36,9
2,GO:0141091,transforming growth factor beta receptor superfamily signaling pathway,14/176,397/18986,0.03526448362720403,3.804156171284635,5.461811073002228,2.0874467550112085e-5,0.0023913372665187544,0.0018145648634830657,SLC39A5/NOMO1/DKK1/SMAD1/TGFB1/HJV/LATS1/ABL1/KDR/SMAD2/SOST/FST/PBLD/SMAD5,14
2,GO:0051701,biological process involved in interaction with host,10/176,204/18986,0.049019607843137254,5.2879901960784315,5.956143961393472,2.1224229681985862e-5,0.0023913372665187544,0.0018145648634830657,CD4/P4HB/DAG1/ITGA5/CHMP6/F11R/NRP1/HAVCR1/SELPLG/BECN1,10
2,GO:0016054,organic acid catabolic process,11/176,249/18986,0.04417670682730924,4.765562248995984,5.7855774719994475,2.1601962660512688e-5,0.0023913372665187544,0.0018145648634830657,FTCD/SCLY/KYNU/RIDA/SORD/NPL/DCXR/DDAH1/HAO1/ACAA1/NAGK,11
2,GO:0046395,carboxylic acid catabolic process,11/176,249/18986,0.04417670682730924,4.765562248995984,5.7855774719994475,2.1601962660512688e-5,0.0023913372665187544,0.0018145648634830657,FTCD/SCLY/KYNU/RIDA/SORD/NPL/DCXR/DDAH1/HAO1/ACAA1/NAGK,11
2,GO:0010811,positive regulation of cell-substrate adhesion,8/176,126/18986,0.06349206349206349,6.849206349206349,6.3720416811505665,2.3049825849808907e-5,0.002469305537006948,0.0018737277787586597,P4HB/DAG1/ITGA5/NRP1/ABL1/KDR/FN1/CD36,8
2,GO:0048259,regulation of receptor-mediated endocytosis,8/176,128/18986,0.0625,6.7421875,6.305242227165779,2.5830993696083295e-5,0.0026807728145216447,0.00203419075356656,SERPINE1/DKK1/CD63/PCSK9/NUMB/LDLRAP1/ARF6/DNAJC6,8
2,GO:1901136,carbohydrate derivative catabolic process,11/176,258/18986,0.04263565891472868,4.599321705426356,5.630566017860647,2.9950755081219043e-5,0.0030141350795372256,0.0022871485698385454,GUSB/STAB2/GPD1/GLA/TGFB1/NPL/ENO3/NT5C1A/NT5E/ENPP7/NAGK,11
2,GO:0032535,regulation of cellular component size,13/176,361/18986,0.036011080332409975,3.884695290858726,5.352696786821549,3.342404673154971e-5,0.003264742917514017,0.002477311698926626,MEGF9/CDHR2/GLA/NRP1/LATS1/RET/EZR/ABL1/SNAPIN/FN1/NAA80/ELN/ARF6,13
2,GO:0006935,chemotaxis,15/176,472/18986,0.03177966101694915,3.4282309322033897,5.167471542110232,3.5242606178756136e-5,0.0033440198605614035,0.0025374676448704416,SERPIND1/ST6GAL1/HBEGF/SERPINE1/CCL27/VEGFC/CCL23/CCL22/IL16/TGFB1/NRP1/LECT2/KDR/CXCL6/CXCL10,15
2,GO:0042330,taxis,15/176,474/18986,0.03164556962025317,3.4137658227848107,5.147837990414203,3.6988004879141076e-5,0.0034121434501007642,0.0025891603415398754,SERPIND1/ST6GAL1/HBEGF/SERPINE1/CCL27/VEGFC/CCL23/CCL22/IL16/TGFB1/NRP1/LECT2/KDR/CXCL6/CXCL10,15
2,GO:0007041,lysosomal transport,8/176,136/18986,0.058823529411764705,6.345588235294117,6.051687815667153,3.9934111235170584e-5,0.0035843563084324735,0.002719836765206213,LAMP2/PCSK9/SORT1/NAGPA/CHMP6/IGF2R/SNAPIN/BECN1,8
2,GO:0010810,regulation of cell-substrate adhesion,10/176,223/18986,0.04484304932735426,4.8374439461883405,5.575843476532294,4.5340803194304716e-5,0.003962547563375946,0.0030068111592012605,ST6GAL1/SERPINE1/P4HB/DAG1/ITGA5/NRP1/ABL1/KDR/FN1/CD36,10
2,GO:0044282,small molecule catabolic process,13/176,375/18986,0.034666666666666665,3.7396666666666665,5.183173444784348,4.940670182453618e-5,0.0041026850095268715,0.003113148516714157,ADH4/FTCD/SCLY/KYNU/RIDA/SORD/NPL/ENO3/DCXR/DDAH1/HAO1/ACAA1/NAGK,13
2,GO:0170033,L-amino acid metabolic process,9/176,181/18986,0.049723756906077346,5.363950276243094,5.706234943233778,4.941505582085964e-5,0.0041026850095268715,0.003113148516714157,P4HB/FTCD/GGT1/SCLY/KYNU/PCBD1/RIDA/DDAH1/HAO1,9
2,GO:0031623,receptor internalization,8/176,141/18986,0.05673758865248227,6.120567375886524,5.903326547048125,5.164875657688579e-5,0.004183549282727749,0.0031745089408232244,DKK1/CD63/PCSK9/EZR/NUMB/SNCA/CD36/LDLRAP1,8
2,GO:0090287,regulation of cellular response to growth factor stimulus,13/176,381/18986,0.03412073490813648,3.6807742782152233,5.11299226075322,5.807680739964472e-5,0.004592216127957622,0.003484608443978683,VEGFC/DKK1/CD63/ITGA5/HJV/NRP1/LATS1/ABL1/KDR/SMAD2/SOST/FST/PBLD,13
2,GO:0006623,protein targeting to vacuole,5/176,47/18986,0.10638297872340426,11.476063829787234,6.955618912976011,7.237452131492236e-5,0.005589669425275749,0.004241483574734985,LAMP2/SORT1/NAGPA/VPS37A/BECN1,5
2,GO:0051897,positive regulation of phosphatidylinositol 3-kinase/protein kinase B signal transduction,9/176,192/18986,0.046875,5.056640625,5.464806331783132,7.796064862940508e-5,0.005884257138596688,0.004465018966956836,HBEGF/SELP/TGFB1/RET/KDR/FN1/GH1/PDGFC/BECN1,9
2,GO:0032970,regulation of actin filament-based process,13/176,395/18986,0.03291139240506329,3.550316455696203,4.954598677612262,8.361876563570091e-5,0.0060028885255558415,0.0045550373635654074,MEGF9/CCN2/TGFB1/F11R/NRP1/DSG2/LATS1/ABL1/MYH9/NAA80/ELN/ARF6/MTSS1,13
2,GO:0016032,viral process,14/176,452/18986,0.030973451327433628,3.3412610619469025,4.873059535045924,8.499686313586218e-5,0.0060028885255558415,0.0045550373635654074,ST6GAL1/CD4/P4HB/DAG1/ITGA5/CHMP6/F11R/NRP1/VPS37A/IGF2R/HAVCR1/SELPLG/PCBP2/BECN1,14
2,GO:0007160,cell-matrix adhesion,10/176,241/18986,0.04149377593360996,4.476141078838174,5.253278553066966,8.676261644886492e-5,0.0060028885255558415,0.0045550373635654074,SERPINE1/DAG1/CCN2/CD63/ITGA5/NRP1/ABL1/KDR/FN1/CD36,10
2,GO:0007599,hemostasis,10/176,241/18986,0.04149377593360996,4.476141078838174,5.253278553066966,8.676261644886492e-5,0.0060028885255558415,0.0045550373635654074,SERPIND1/SERPINE1/PLAT/SELP/GLA/F11R/FLI1/MYH9/CD36/BLOC1S3,10
2,GO:0030324,lung development,9/176,198/18986,0.045454545454545456,4.903409090909091,5.340766925474042,9.86604969354511e-5,0.0066867655167884305,0.0050739684138232,DAG1/HS6ST1/CCN2/FGFR2/MME/TGFB1/HEG1/KDR/SMAD2,9
2,GO:0016485,protein processing,10/176,246/18986,0.04065040650406504,4.385162601626016,5.169273745609981,1.0279914878113398e-4,0.0068279194620429196,0.005181077098569153,SERPINE1/P4HB/PLAT/GGT1/PCSK9/MME/HJV/MYH9/IL1R2/MASP1,10
2,GO:0030323,respiratory tube development,9/176,202/18986,0.04455445544554455,4.806311881188119,5.260817696197478,1.1487686526874746e-4,0.0074805111677943206,0.005676268636808698,DAG1/HS6ST1/CCN2/FGFR2/MME/TGFB1/HEG1/KDR/SMAD2,9
2,GO:0046718,symbiont entry into host cell,8/176,159/18986,0.050314465408805034,5.427672955974843,5.4231394571184515,1.200556295004151e-4,0.007667398953286125,0.005818080506558578,CD4/P4HB/DAG1/ITGA5/F11R/NRP1/HAVCR1/SELPLG,8
2,GO:0043410,positive regulation of MAPK cascade,14/176,472/18986,0.029661016949152543,3.199682203389831,4.681101388239457,1.3391546630233187e-4,0.008391193652642341,0.006367301416639175,FGF21/CD4/DKK1/CCN2/FGFR2/ERBB2/TGFB1/NRP1/RET/ABL1/KDR/CD36/GH1/PDGFC,14
2,GO:0048146,positive regulation of fibroblast proliferation,5/176,54/18986,0.09259259259259259,9.988425925925926,6.398077738947655,1.4160735833464698e-4,0.008660163056911781,0.006571397441559075,TGFB1/CDKN1A/ABL1/FN1/PDGFC,5
2,GO:0031589,cell-substrate adhesion,12/176,361/18986,0.0332409972299169,3.5858725761772856,4.798216253028848,1.4342335685942425e-4,0.008660163056911781,0.006571397441559075,ST6GAL1/SERPINE1/P4HB/DAG1/CCN2/CD63/ITGA5/NRP1/ABL1/KDR/FN1/CD36,12
2,GO:1901605,alpha-amino acid metabolic process,9/176,209/18986,0.0430622009569378,4.645334928229666,5.1258360793913145,1.4862544996100272e-4,0.00866504233946392,0.006575099878184003,P4HB/FTCD/GGT1/SCLY/KYNU/PCBD1/RIDA/DDAH1/HAO1,9
2,GO:0044409,symbiont entry into host,8/176,164/18986,0.04878048780487805,5.262195121951219,5.302608993266023,1.4872249724463818e-4,0.00866504233946392,0.006575099878184003,CD4/P4HB/DAG1/ITGA5/F11R/NRP1/HAVCR1/SELPLG,8
2,GO:0034381,plasma lipoprotein particle clearance,5/176,55/18986,0.09090909090909091,9.806818181818182,6.32675233776137,1.5460899033426328e-4,0.008750374477817898,0.006639850552273744,FGF21/PCSK9/CD36/LDLRAP1/CES3,5
2,GO:0030510,regulation of BMP signaling pathway,7/176,124/18986,0.056451612903225805,6.089717741935484,5.500192730475649,1.5803176899147113e-4,0.008750374477817898,0.006639850552273744,DKK1/HJV/ABL1/KDR/SMAD2/SOST/FST,7
2,GO:0007492,endoderm development,6/176,87/18986,0.06896551724137931,7.439655172413794,5.823312053647732,1.5809167981604153e-4,0.008750374477817898,0.006639850552273744,DKK1/ITGA5/TGFB1/FN1/MYH9/SMAD2,6
2,GO:0001954,positive regulation of cell-matrix adhesion,5/176,56/18986,0.08928571428571429,9.631696428571429,6.257229749660396,1.6850370591872722e-4,0.009173783727149068,0.006961136703527747,DAG1/NRP1/ABL1/KDR/CD36,5
2,GO:1901342,regulation of vasculature development,12/176,369/18986,0.032520325203252036,3.508130081300813,4.70625686993351,1.757447439524606e-4,0.00941368217203422,0.007143173463874205,SERPINE1/SMAD1/ITGA5/ERBB2/TGFB1/NRP1/DDAH1/ABL1/KDR/ISM1/CD36/CXCL10,12
2,GO:0014850,response to muscle activity,4/176,31/18986,0.12903225806451613,13.919354838709676,6.9634909577904205,1.8465513145926593e-4,0.009581870180878471,0.007270795801208596,DAG1/ITGA5/FN1/NFATC1,4
2,GO:0150117,positive regulation of cell-substrate junction organization,4/176,31/18986,0.12903225806451613,13.919354838709676,6.9634909577904205,1.8465513145926593e-4,0.009581870180878471,0.007270795801208596,NRP1/ABL1/KDR/ARF6,4
2,GO:0043491,phosphatidylinositol 3-kinase/protein kinase B signal transduction,11/176,317/18986,0.03470031545741325,3.743296529968454,4.764409635372133,1.8789170638825877e-4,0.009599820875621652,0.007284416924590955,HBEGF/DAG1/SELP/ERBB2/TGFB1/RET/KDR/FN1/GH1/PDGFC/BECN1,11
2,GO:0007159,leukocyte cell-cell adhesion,13/176,430/18986,0.030232558139534883,3.261337209302326,4.588012702742906,1.9371375769372973e-4,0.00974732408031631,0.007396343475578771,CD4/SELP/ITGA5/ERBB2/TGFB1/F11R/EZR/YES1/ABL1/SELPLG/NT5E/VNN1/CD6,13
2,GO:0060348,bone development,9/176,217/18986,0.041474654377880185,4.474078341013825,4.978702136337689,1.9695973164418992e-4,0.009762735355079922,0.007408037667811323,PTH/FGFR2/NPPC/SMAD1/TGFB1/KDR/GH1/SMAD5/PDGFC,9
2,GO:0097006,regulation of plasma lipoprotein particle levels,6/176,91/18986,0.06593406593406594,7.112637362637363,5.653834825118557,2.0240788863059656e-4,0.009800023202107917,0.007436331969079178,FGF21/LPL/PCSK9/CD36/LDLRAP1/CES3,6
2,GO:0006054,N-acetylneuraminate metabolic process,3/176,13/18986,0.23076923076923078,24.89423076923077,8.336120109133772,2.0917237090096506e-4,0.009800023202107917,0.007436331969079178,ST6GAL1/NPL/NAGK,3
2,GO:0006622,protein targeting to lysosome,4/176,32/18986,0.125,13.484375,6.836890011086352,2.095157023034213e-4,0.009800023202107917,0.007436331969079178,LAMP2/SORT1/NAGPA/BECN1,4
2,GO:0009069,serine family amino acid metabolic process,4/176,32/18986,0.125,13.484375,6.836890011086352,2.095157023034213e-4,0.009800023202107917,0.007436331969079178,GGT1/SCLY/RIDA/HAO1,4
2,GO:0048008,platelet-derived growth factor receptor signaling pathway,5/176,59/18986,0.0847457627118644,9.141949152542374,6.058717979225699,2.1595620552868717e-4,0.009960979980010696,0.0075584671935040515,PLAT/NRP1/SNCA/ABL1/PDGFC,5
2,GO:0019058,viral life cycle,11/176,323/18986,0.034055727554179564,3.6737616099071206,4.688138715452254,2.208974626666581e-4,0.010011444110549045,0.007596759758682203,CD4/P4HB/DAG1/ITGA5/CHMP6/F11R/NRP1/VPS37A/HAVCR1/SELPLG/PCBP2,11
2,GO:0170039,proteinogenic amino acid metabolic process,8/176,174/18986,0.04597701149425287,4.959770114942528,5.075681352560573,2.2307945323114405e-4,0.010011444110549045,0.007596759758682203,FTCD/GGT1/SCLY/KYNU/PCBD1/RIDA/DDAH1/HAO1,8
2,GO:0001704,formation of primary germ layer,7/176,132/18986,0.05303030303030303,5.7206439393939394,5.264458367628301,0.00023256538600660594,0.010070730788475129,0.007641746939764326,DKK1/FGFR2/SMAD1/ITGA5/FN1/MYH9/SMAD2,7
2,GO:0002065,columnar/cuboidal epithelial cell differentiation,7/176,132/18986,0.05303030303030303,5.7206439393939394,5.264458367628301,0.00023256538600660594,0.010070730788475129,0.007641746939764326,SERPINE1/FGFR2/TGFB1/CDKN1A/ABL1/SMAD2/FST,7
2,GO:0099172,presynapse organization,5/176,60/18986,0.08333333333333333,8.989583333333332,5.995667980336242,2.3383720991093846e-4,0.010070730788475129,0.007641746939764326,DKK1/SNCA/SNAPIN/DAAM1/ARF6,5
2,GO:0090092,regulation of transmembrane receptor protein serine/threonine kinase signaling pathway,11/176,326/18986,0.03374233128834356,3.639953987730061,4.650681250272728,2.391618429618714e-4,0.010070730788475129,0.007641746939764326,NOMO1/DKK1/TGFB1/HJV/LATS1/ABL1/KDR/SMAD2/SOST/FST/PBLD,11
2,GO:0110053,regulation of actin filament organization,10/176,273/18986,0.03663003663003663,3.9514652014652016,4.751322600829855,2.3956270168308798e-4,0.010070730788475129,0.007641746939764326,MEGF9/CCN2/F11R/NRP1/LATS1/ABL1/NAA80/ELN/ARF6/MTSS1,10
2,GO:0060326,cell chemotaxis,11/176,328/18986,0.03353658536585366,3.6177591463414633,4.6259538950932555,2.5203503599208026e-4,0.010365715560724586,0.007865583623314049,HBEGF/SERPINE1/CCL27/VEGFC/CCL23/CCL22/IL16/NRP1/KDR/CXCL6/CXCL10,11
2,GO:0001706,endoderm formation,5/176,61/18986,0.08196721311475409,8.842213114754097,5.934072533756184,2.528223307493801e-4,0.010365715560724586,0.007865583623314049,DKK1/ITGA5/FN1/MYH9/SMAD2,5
2,GO:0060541,respiratory system development,9/176,225/18986,0.04,4.315,4.838536671536222,2.577240756956355e-4,0.010405650845837066,0.007895886820689374,DAG1/HS6ST1/CCN2/FGFR2/MME/TGFB1/HEG1/KDR/SMAD2,9
2,GO:0032536,regulation of cell projection size,3/176,14/18986,0.21428571428571427,23.116071428571427,8.007236955595136,2.644074032984e-4,0.010405650845837066,0.007895886820689374,CDHR2/GLA/EZR,3
2,GO:0007435,salivary gland morphogenesis,4/176,34/18986,0.11764705882352941,12.691176470588234,6.599900489508276,2.663295157772209e-4,0.010405650845837066,0.007895886820689374,DAG1/FGFR2/TGFB1/NRP1,4
2,GO:0030212,hyaluronan metabolic process,4/176,34/18986,0.11764705882352941,12.691176470588234,6.599900489508276,2.663295157772209e-4,0.010405650845837066,0.007895886820689374,GUSB/STAB2/TGFB1/ITIH3,4
2,GO:0060395,SMAD protein signal transduction,6/176,97/18986,0.061855670103092786,6.672680412371135,5.417974262830381,2.8665556642980597e-4,0.011069571350155648,0.008399674737245478,DKK1/SMAD1/TGFB1/SMAD2/SMAD5/BECN1,6
2,GO:0051896,regulation of phosphatidylinositol 3-kinase/protein kinase B signal transduction,10/176,280/18986,0.03571428571428571,3.852678571428571,4.651667108547971,2.9318283156959493e-4,0.011105878703646042,0.008427225032576941,HBEGF/DAG1/SELP/TGFB1/RET/KDR/FN1/GH1/PDGFC/BECN1,10
2,GO:0097352,autophagosome maturation,5/176,63/18986,0.07936507936507936,8.561507936507935,5.815016203695074,2.942840487566551e-4,0.011105878703646042,0.008427225032576941,LAMP2/CHMP6/SNAP29/SNAPIN/BECN1,5
2,GO:0050867,positive regulation of cell activation,12/176,391/18986,0.030690537084398978,3.3107416879795397,4.465899275626305,2.984909390848765e-4,0.011138072007874998,0.00845165355611111,CD4/SELP/IL16/TGFB1/CDKN1A/YES1/ABL1/INPP5D/HAVCR1/BLOC1S3/VNN1/CD6,12
2,GO:2000351,regulation of endothelial cell apoptotic process,5/176,64/18986,0.078125,8.427734375,5.757448596855956,3.1685209803902553e-4,0.011691842417640042,0.008871858745092717,FGF21/SERPINE1/TGFB1/ABL1/KDR,5
2,GO:2000352,negative regulation of endothelial cell apoptotic process,4/176,36/18986,0.1111111111111111,11.986111111111112,6.3820156842489135,3.3343470111357515e-4,0.012022107504235406,0.009122466398877815,FGF21/SERPINE1/ABL1/KDR,4
2,GO:0001657,ureteric bud development,6/176,100/18986,0.06,6.472499999999999,5.307414595616852,3.3798732064821283e-4,0.012022107504235406,0.009122466398877815,FGFR2/SMAD1/TGFB1/RET/SMAD2/SMAD5,6
2,GO:0072666,establishment of protein localization to vacuole,5/176,65/18986,0.07692307692307693,8.298076923076923,5.701121661728396,3.4070713758206097e-4,0.012022107504235406,0.009122466398877815,LAMP2/SORT1/NAGPA/VPS37A/BECN1,5
2,GO:0001503,ossification,13/176,456/18986,0.02850877192982456,3.0753837719298245,4.339206966188424,3.4112410851397054e-4,0.012022107504235406,0.009122466398877815,PTH/VEGFC/DKK1/CCN2/FGFR2/NPPC/SMAD1/SORT1/TGFB1/PTPRB/GRP/SOST/SMAD5,13
2,GO:0007596,blood coagulation,9/176,234/18986,0.038461538461538464,4.149038461538462,4.688450481503009,3.4390250313229856e-4,0.012022107504235406,0.009122466398877815,SERPIND1/SERPINE1/PLAT/SELP/GLA/F11R/MYH9/CD36/BLOC1S3,9
2,GO:0072163,mesonephric epithelium development,6/176,101/18986,0.0594059405940594,6.4084158415841586,5.271564265699018,3.5660841791978717e-4,0.012209242844449622,0.009264466115029521,FGFR2/SMAD1/TGFB1/RET/SMAD2/SMAD5,6
2,GO:0072164,mesonephric tubule development,6/176,101/18986,0.0594059405940594,6.4084158415841586,5.271564265699018,3.5660841791978717e-4,0.012209242844449622,0.009264466115029521,FGFR2/SMAD1/TGFB1/RET/SMAD2/SMAD5,6
2,GO:1902903,regulation of supramolecular fiber organization,12/176,400/18986,0.03,3.2362499999999996,4.3724476620567065,3.664760084083268e-4,0.012419049223714828,0.009423668787642689,MEGF9/CCN2/F11R/NRP1/LATS1/PSRC1/SNCA/ABL1/NAA80/ELN/ARF6/MTSS1,12
2,GO:0007431,salivary gland development,4/176,37/18986,0.10810810810810811,11.662162162162163,6.279430158894277,3.7116431087375203e-4,0.012450875519310409,0.009447818822240961,DAG1/FGFR2/TGFB1/NRP1,4
2,GO:0150115,cell-substrate junction organization,6/176,103/18986,0.05825242718446602,6.283980582524271,5.201295951678689,3.9625456691758695e-4,0.013155409590459686,0.009982424621487027,ITGA5/NRP1/ABL1/KDR/FN1/ARF6,6
2,GO:0030214,hyaluronan catabolic process,3/176,16/18986,0.1875,20.2265625,7.442094952390581,4.0126561657604065e-4,0.013155409590459686,0.009982424621487027,GUSB/STAB2/TGFB1,3
2,GO:0010742,macrophage derived foam cell differentiation,4/176,38/18986,0.10526315789473684,11.355263157894736,6.1807117125199484,4.118503142501102e-4,0.013155409590459686,0.009982424621487027,LPL/TGFB1/CD36/MAPK9,4
2,GO:0071404,cellular response to low-density lipoprotein particle stimulus,4/176,38/18986,0.10526315789473684,11.355263157894736,6.1807117125199484,4.118503142501102e-4,0.013155409590459686,0.009982424621487027,FGF21/LPL/TGFB1/CD36,4
2,GO:0050921,positive regulation of chemotaxis,7/176,145/18986,0.04827586206896552,5.207758620689655,4.91982983272966,4.1197307961692486e-4,0.013155409590459686,0.009982424621487027,SERPINE1/VEGFC/IL16/TGFB1/NRP1/KDR/CXCL10,7
2,GO:0050817,coagulation,9/176,241/18986,0.03734439834024896,4.028526970954356,4.576826838459865,4.2630642083421366e-4,0.013483463081813559,0.010231354100021128,SERPIND1/SERPINE1/PLAT/SELP/GLA/F11R/MYH9/CD36/BLOC1S3,9
2,GO:1904018,positive regulation of vasculature development,8/176,192/18986,0.041666666666666664,4.494791666666666,4.707924954102367,4.3268099534926e-4,0.013507374685631833,0.0102494984064415,SERPINE1/SMAD1/ITGA5/TGFB1/NRP1/DDAH1/ABL1/KDR,8
2,GO:0021700,developmental maturation,11/176,350/18986,0.03142857142857143,3.390357142857143,4.366039915409552,4.368543469179307e-4,0.013507374685631833,0.0102494984064415,PTH/DAG1/CD63/NPPC/TGFB1/CDKN1A/RET/KDR/SNAPIN/GH1/BLOC1S3,11
2,GO:0001823,mesonephros development,6/176,105/18986,0.05714285714285714,6.164285714285714,5.132862753398135,4.3926421741892144e-4,0.013507374685631833,0.0102494984064415,FGFR2/SMAD1/TGFB1/RET/SMAD2/SMAD5,6
2,GO:0003180,aortic valve morphogenesis,4/176,39/18986,0.10256410256410256,11.064102564102564,6.085613503018074,4.5562270662773206e-4,0.013586386798338144,0.010309453397112953,TGFB1/SMAD2/ELN/NFATC1,4
2,GO:0055094,response to lipoprotein particle,4/176,39/18986,0.10256410256410256,11.064102564102564,6.085613503018074,4.5562270662773206e-4,0.013586386798338144,0.010309453397112953,FGF21/LPL/TGFB1/CD36,4
2,GO:0090077,foam cell differentiation,4/176,39/18986,0.10256410256410256,11.064102564102564,6.085613503018074,4.5562270662773206e-4,0.013586386798338144,0.010309453397112953,LPL/TGFB1/CD36/MAPK9,4
2,GO:0032956,regulation of actin cytoskeleton organization,11/176,352/18986,0.03125,3.37109375,4.343444222696753,4.5819792876057575e-4,0.013586386798338144,0.010309453397112953,MEGF9/CCN2/TGFB1/F11R/NRP1/LATS1/ABL1/NAA80/ELN/ARF6/MTSS1,11
2,GO:0072577,endothelial cell apoptotic process,5/176,70/18986,0.07142857142857142,7.705357142857142,5.436551651674338,4.809754264088218e-4,0.014029985931062876,0.010646059785088362,FGF21/SERPINE1/TGFB1/ABL1/KDR,5
2,GO:0090399,replicative senescence,3/176,17/18986,0.17647058823529413,19.03676470588235,7.196612504995114,4.839389635488124e-4,0.014029985931062876,0.010646059785088362,SERPINE1/MME/CDKN1A,3
2,GO:0002532,production of molecular mediator involved in inflammatory response,6/176,107/18986,0.056074766355140186,6.049065420560748,5.066180166291369,4.858320933671276e-4,0.014029985931062876,0.010646059785088362,SERPINE1/CD36/IL1R2/MAPK9/CD6/PBXIP1,6
2,GO:0050918,positive chemotaxis,5/176,72/18986,0.06944444444444445,7.491319444444444,5.3379533552847915,5.478080451510333e-4,0.015562282646331011,0.01180877815981757,VEGFC/IL16/NRP1/KDR/CXCL10,5
2,GO:0045765,regulation of angiogenesis,11/176,360/18986,0.030555555555555555,3.2961805555555554,4.254658653798994,5.525288243528905e-4,0.015562282646331011,0.01180877815981757,SERPINE1/SMAD1/ITGA5/ERBB2/NRP1/DDAH1/ABL1/KDR/ISM1/CD36/CXCL10,11
2,GO:0030279,negative regulation of ossification,4/176,41/18986,0.0975609756097561,10.524390243902438,5.905396222591616,5.52950723356537e-4,0.015562282646331011,0.01180877815981757,PTH/DKK1/TGFB1/SOST,4
2,GO:0072073,kidney epithelium development,7/176,153/18986,0.0457516339869281,4.935457516339869,4.727683859883299,5.684623868898552e-4,0.015732196557176743,0.01193771012468696,FGFR2/SMAD1/TGFB1/RET/SMAD2/SMAD5/MTSS1,7
2,GO:1904375,regulation of protein localization to cell periphery,7/176,153/18986,0.0457516339869281,4.935457516339869,4.727683859883299,5.684623868898552e-4,0.015732196557176743,0.01193771012468696,DAG1/TGFB1/EZR/NUMB/SNCA/LDLRAP1/ARF6,7
2,GO:0071895,odontoblast differentiation,3/176,18/18986,0.16666666666666666,17.979166666666664,6.971224843531965,5.767808983016677e-4,0.015747343232927466,0.011949203537180732,SERPINE1/TGFB1/SMAD2,3
2,GO:1990778,protein localization to cell periphery,11/176,362/18986,0.03038674033149171,3.2779696132596685,4.23285086358287,5.7849318711748e-4,0.015747343232927466,0.011949203537180732,DAG1/ERBB2/TGFB1/F11R/EZR/FYB1/NUMB/SNCA/CACNB3/LDLRAP1/ARF6,11
2,GO:0033002,muscle cell proliferation,9/176,252/18986,0.03571428571428571,3.852678571428571,4.409659837359561,5.881897666240487e-4,0.015753080242889076,0.011953556823872469,HBEGF/FGFR2/NPPC/SMAD1/TGFB1/CDKN1A/ABL1/ELN/LDLRAP1,9
2,GO:0071560,cellular response to transforming growth factor beta stimulus,10/176,306/18986,0.032679738562091505,3.5253267973856213,4.307815567934814,5.881908913334072e-4,0.015753080242889076,0.011953556823872469,FGFR2/SMAD1/TGFB1/LATS1/YES1/ABL1/SMAD2/PBLD/SMAD5/NFATC1,10
2,GO:0007369,gastrulation,8/176,202/18986,0.039603960396039604,4.272277227722772,4.522712400827875,6.052186996643222e-4,0.015997058963222777,0.012138689728190722,DAG1/DKK1/FGFR2/SMAD1/ITGA5/FN1/MYH9/SMAD2,8
2,GO:0007040,lysosome organization,6/176,112/18986,0.05357142857142857,5.779017857142857,4.906625664785696,6.191458709202004e-4,0.015997058963222777,0.012138689728190722,LAMP2/CREG1/NAGPA/CHMP6/SNAPIN/BECN1,6
2,GO:0022600,digestive system process,6/176,112/18986,0.05357142857142857,5.779017857142857,4.906625664785696,6.191458709202004e-4,0.015997058963222777,0.012138689728190722,NPPC/F11R/EZR/CD36/ENPP7/PBLD,6
2,GO:0080171,lytic vacuole organization,6/176,112/18986,0.05357142857142857,5.779017857142857,4.906625664785696,6.191458709202004e-4,0.015997058963222777,0.012138689728190722,LAMP2/CREG1/NAGPA/CHMP6/SNAPIN/BECN1,6
2,GO:2000379,positive regulation of reactive oxygen species metabolic process,5/176,74/18986,0.06756756756756757,7.288851351351352,5.243070490522024,6.213853075145251e-4,0.015997058963222777,0.012138689728190722,TGFB1/CDKN1A/DCXR/SNCA/CD36,5
2,GO:0034762,regulation of transmembrane transport,13/176,487/18986,0.026694045174537988,2.8796201232032854,4.0646923227253575,6.331144586171195e-4,0.016173639362057336,0.012272680274731856,FGF21/PTH/CD63/PCSK9/TGFB1/YES1/SNCA/ABL1/AHNAK/GH1/CACNB3/GRP/CXCL10,13
2,GO:0006959,humoral immune response,10/176,310/18986,0.03225806451612903,3.479838709677419,4.258234616169906,6.501775082922598e-4,0.016482744313271715,0.012507231457225152,ST6GAL1/RNASE4/CCL27/CCL23/CCL22/C9/CXCL6/FCN2/CXCL10/MASP1,10
2,GO:0003170,heart valve development,5/176,75/18986,0.06666666666666667,7.191666666666666,5.196945817495558,6.608352122011877e-4,0.016501005561805598,0.0125210882311804,DKK1/TGFB1/SMAD2/ELN/NFATC1,5
2,GO:0170035,L-amino acid catabolic process,5/176,75/18986,0.06666666666666667,7.191666666666666,5.196945817495558,6.608352122011877e-4,0.016501005561805598,0.0125210882311804,FTCD/SCLY/KYNU/RIDA/DDAH1,5
2,GO:0010744,positive regulation of macrophage derived foam cell differentiation,3/176,19/18986,0.15789473684210525,17.032894736842106,6.763268925773247,6.802754514511767e-4,0.01673477610569895,0.012698475093755298,LPL/CD36/MAPK9,3
2,GO:0031053,primary miRNA processing,3/176,19/18986,0.15789473684210525,17.032894736842106,6.763268925773247,6.802754514511767e-4,0.01673477610569895,0.012698475093755298,SMAD1/TGFB1/SMAD2,3
2,GO:0071559,response to transforming growth factor beta,10/176,313/18986,0.03194888178913738,3.4464856230031944,4.221580012580002,7.001308977163497e-4,0.01709657875967645,0.01297301369297942,FGFR2/SMAD1/TGFB1/LATS1/YES1/ABL1/SMAD2/PBLD/SMAD5/NFATC1,10
2,GO:0002696,positive regulation of leukocyte activation,11/176,371/18986,0.029649595687331536,3.19845013477089,4.1365596450798545,7.083011745230395e-4,0.01716984088022638,0.013028605545971237,CD4/IL16/TGFB1/CDKN1A/YES1/ABL1/INPP5D/HAVCR1/BLOC1S3/VNN1/CD6,11
2,GO:0045807,positive regulation of endocytosis,7/176,159/18986,0.0440251572327044,4.7492138364779874,4.592143478515251,7.142612153025935e-4,0.01718885142043415,0.013043030888134315,SERPINE1/CD63/PCSK9/SNCA/CD36/FCN2/LDLRAP1,7
2,GO:0050892,intestinal absorption,4/176,44/18986,0.09090909090909091,9.806818181818182,5.657175987961068,7.25383209944067e-4,0.01720712600160176,0.013056897778993208,F11R/EZR/CD36/ENPP7,4
2,GO:0060563,neuroepithelial cell differentiation,4/176,44/18986,0.09090909090909091,9.806818181818182,5.657175987961068,7.25383209944067e-4,0.01720712600160176,0.013056897778993208,SERPINE1/TGFB1/ABL1/SMAD2,4
2,GO:0043393,regulation of protein binding,6/176,116/18986,0.05172413793103448,5.579741379310345,4.785763523468017,7.449123480390552e-4,0.017431191661189938,0.013226920501715943,DKK1/PCSK9/CDKN1A/ABL1/SNAPIN/LDLRAP1,6
2,GO:0009880,embryonic pattern specification,5/176,77/18986,0.06493506493506493,7.004870129870128,5.10718909106492,7.453264727157396e-4,0.017431191661189938,0.013226920501715943,FGFR2/SMAD1/NRP1/SMAD2/SMAD5,5
2,GO:0003176,aortic valve development,4/176,45/18986,0.08888888888888889,9.58888888888889,5.579676579321909,7.904436022283801e-4,0.01798064381961136,0.013643848968810787,TGFB1/SMAD2/ELN/NFATC1,4
2,GO:0035196,miRNA processing,4/176,45/18986,0.08888888888888889,9.58888888888889,5.579676579321909,7.904436022283801e-4,0.01798064381961136,0.013643848968810787,SMAD1/TGFB1/SMAD2/PRKRA,4
2,GO:0071402,cellular response to lipoprotein particle stimulus,4/176,45/18986,0.08888888888888889,9.58888888888889,5.579676579321909,7.904436022283801e-4,0.01798064381961136,0.013643848968810787,FGF21/LPL/TGFB1/CD36,4
2,GO:0043536,positive regulation of blood vessel endothelial cell migration,5/176,78/18986,0.0641025641025641,6.915064102564102,5.063504460758571,7.904769640660218e-4,0.01798064381961136,0.013643848968810787,VEGFC/TGFB1/NRP1/ABL1/KDR,5
2,GO:0002009,morphogenesis of an epithelium,13/176,500/18986,0.026,2.80475,3.955922867771203,8.071691551509311e-4,0.01823543377045063,0.013837185516873103,HBEGF/DAG1/VEGFC/FGFR2/ITGA5/TGFB1/NRP1/RET/ABL1/KDR/FST/CXCL10/MTSS1,13
2,GO:0051017,actin filament bundle assembly,7/176,164/18986,0.042682926829268296,4.604420731707318,4.484270015943316,8.571227313922512e-4,0.01923313912806531,0.014594251912895088,CCN2/F11R/NRP1/EZR/ABL1/ELN/MTSS1,7
2,GO:0001822,kidney development,10/176,322/18986,0.031055900621118012,3.3501552795031055,4.114237589342966,8.693555103602343e-4,0.01937670905977408,0.014703193866495238,FGFR2/PCSK9/SMAD1/MME/TGFB1/NRP1/RET/SMAD2/SMAD5/MTSS1,10
2,GO:0050878,regulation of body fluid levels,11/176,381/18986,0.028871391076115485,3.1145013123359577,4.03295008206517,8.801088146710674e-4,0.01948560915681743,0.014785828086473933,SERPIND1/SERPINE1/PLAT/SELP/GLA/F11R/FLI1/HEG1/MYH9/CD36/BLOC1S3,11
2,GO:1901888,regulation of cell junction assembly,9/176,268/18986,0.033582089552238806,3.622667910447761,4.182618123096811,9.106202768150506e-4,0.02002761549207141,0.015197106606449854,DKK1/F11R/NRP1/LATS1/SNCA/ABL1/KDR/ARF6/CC2D1A,9
2,GO:0048638,regulation of developmental growth,10/176,325/18986,0.03076923076923077,3.3192307692307694,4.079297930756187,9.327267864971216e-4,0.020320406386013307,0.015419278558492483,FGFR2/NPPC/CDKN1A/NRP1/LATS1/EZR/ATRN/ABL1/FN1/GH1,10
2,GO:0050920,regulation of chemotaxis,8/176,216/18986,0.037037037037037035,3.99537037037037,4.282649236406123,9.361704839084722e-4,0.020320406386013307,0.015419278558492483,ST6GAL1/SERPINE1/VEGFC/IL16/TGFB1/NRP1/KDR/CXCL10,8
2,GO:0061572,actin filament bundle organization,7/176,168/18986,0.041666666666666664,4.494791666666666,4.40105136321638,9.869087437323156e-4,0.021248844695417636,0.01612378459272883,CCN2/F11R/NRP1/EZR/ABL1/ELN/MTSS1,7
2,GO:0014823,response to activity,5/176,82/18986,0.06097560975609756,6.577743902439025,4.896163126511267,9.917407189972097e-4,0.021248844695417636,0.01612378459272883,FGF21/DAG1/ITGA5/FN1/NFATC1,5
2,GO:0006911,"phagocytosis, engulfment",4/176,48/18986,0.08333333333333333,8.989583333333332,5.360989175834186,0.0010102456127123638,0.02150657487062667,0.01631935220535357,MYH9/HAVCR1/CD36/BECN1,4
2,GO:0055074,calcium ion homeostasis,10/176,329/18986,0.030395136778115502,3.2788753799392096,4.033340214731561,0.0010230784621935377,0.021641041865890057,0.016421386781705193,FAM20A/PTH/CCL23/NPPC/TGFB1/SNCA/ABL1/KDR/NT5E/CXCL10,10
2,GO:0010988,regulation of low-density lipoprotein particle clearance,3/176,22/18986,0.13636363636363635,14.710227272727273,6.223837686939765,0.0010592790306930364,0.022124941263720593,0.01678857331664435,FGF21/PCSK9/LDLRAP1,3
2,GO:0060445,branching involved in salivary gland morphogenesis,3/176,22/18986,0.13636363636363635,14.710227272727273,6.223837686939765,0.0010592790306930364,0.022124941263720593,0.01678857331664435,DAG1/FGFR2/NRP1,3
2,GO:0035272,exocrine system development,4/176,49/18986,0.08163265306122448,8.806122448979592,5.292307214976238,0.0010921665367129147,0.022387621307887438,0.01698789692739426,DAG1/FGFR2/TGFB1/NRP1,4
2,GO:1905314,semi-lunar valve development,4/176,49/18986,0.08163265306122448,8.806122448979592,5.292307214976238,0.0010921665367129147,0.022387621307887438,0.01698789692739426,TGFB1/SMAD2/ELN/NFATC1,4
2,GO:0072001,renal system development,10/176,332/18986,0.030120481927710843,3.2492469879518073,3.9993318341285957,0.0010954504293083601,0.022387621307887438,0.01698789692739426,FGFR2/PCSK9/SMAD1/MME/TGFB1/NRP1/RET/SMAD2/SMAD5/MTSS1,10
2,GO:0001952,regulation of cell-matrix adhesion,6/176,125/18986,0.048,5.178,4.533235921617011,0.001099807715774793,0.022387621307887438,0.01698789692739426,SERPINE1/DAG1/NRP1/ABL1/KDR/CD36,6
2,GO:0035023,regulation of Rho protein signal transduction,5/176,84/18986,0.05952380952380952,6.421130952380952,4.8166257008198325,0.0011055615460685154,0.022387621307887438,0.01698789692739426,ERBB2/F11R/NRP1/HEG1/ABL1,5
2,GO:0048660,regulation of smooth muscle cell proliferation,7/176,174/18986,0.040229885057471264,4.339798850574713,4.280994667644069,0.0012100785981966331,0.024355581967339508,0.018481200408821306,HBEGF/FGFR2/NPPC/TGFB1/CDKN1A/ELN/LDLRAP1,7
2,GO:0010720,positive regulation of cell development,12/176,460/18986,0.02608695652173913,2.8141304347826086,3.8099899683564065,0.0012427299487196381,0.02486208529938505,0.018865538980563184,CD4/DAG1/VEGFC/MME/TGFB1/F11R/NRP1/RET/NUMB/FN1/INPP5D/VNN1,12
2,GO:0038084,vascular endothelial growth factor signaling pathway,4/176,51/18986,0.0784313725490196,8.46078431372549,5.160647021912707,0.0012697923917024663,0.025251380436190962,0.019160939084372542,VEGFC/CD63/NRP1/KDR,4
2,GO:0072665,protein localization to vacuole,5/176,88/18986,0.056818181818181816,6.129261363636363,4.665041159907695,0.0013618881260430843,0.02663721477946843,0.020212520699867644,LAMP2/SORT1/NAGPA/VPS37A/BECN1,5
2,GO:0032924,activin receptor signaling pathway,4/176,52/18986,0.07692307692307693,8.298076923076923,5.097487375743737,0.001365764649881055,0.02663721477946843,0.020212520699867644,NOMO1/HJV/SMAD2/FST,4
2,GO:0035987,endodermal cell differentiation,4/176,52/18986,0.07692307692307693,8.298076923076923,5.097487375743737,0.001365764649881055,0.02663721477946843,0.020212520699867644,DKK1/ITGA5/FN1/MYH9,4
2,GO:0007042,lysosomal lumen acidification,3/176,24/18986,0.125,13.484375,5.919671293135204,0.001373385174457099,0.02663721477946843,0.020212520699867644,LAMP2/CREG1/SNAPIN,3
2,GO:0048659,smooth muscle cell proliferation,7/176,178/18986,0.03932584269662921,4.242275280898877,4.203933284146385,0.0013795847461814423,0.02663721477946843,0.020212520699867644,HBEGF/FGFR2/NPPC/TGFB1/CDKN1A/ELN/LDLRAP1,7
2,GO:0051235,maintenance of location,10/176,345/18986,0.028985507246376812,3.1268115942028984,3.856303445006496,0.0014591959466748725,0.028011501380966773,0.021255339801275603,CD4/LPL/GLA/NUCB2/TGFB1/LATS1/SNCA/ABL1/CD36/CXCL10,10
2,GO:0048145,regulation of fibroblast proliferation,5/176,90/18986,0.05555555555555555,5.993055555555556,4.592719796288552,0.0015053338313329773,0.0287311129532001,0.021801386522753465,TGFB1/CDKN1A/ABL1/FN1/PDGFC,5
2,GO:0035265,organ growth,7/176,181/18986,0.03867403314917127,4.17196132596685,4.147608339020848,0.0015184717654616359,0.02874893461589116,0.02181490973563557,FGFR2/NPPC/SMAD1/LATS1/HEG1/ABL1/SMAD2,7
2,GO:0010959,regulation of metal ion transport,11/176,408/18986,0.02696078431372549,2.908394607843137,3.7693461337839684,0.0015235809974094682,0.02874893461589116,0.02181490973563557,CD4/CD63/IL16/PCSK9/TGFB1/SNCA/ABL1/AHNAK/CACNB3/GRP/CXCL10,11
2,GO:0006520,amino acid metabolic process,9/176,289/18986,0.031141868512110725,3.3594290657439445,3.9096431511937904,0.001538136575530472,0.028859613374783603,0.021898893617721977,P4HB/FTCD/GGT1/SCLY/KYNU/PCBD1/RIDA/DDAH1/HAO1,9
2,GO:0048286,lung alveolus development,4/176,54/18986,0.07407407407407407,7.99074074074074,4.9760996063924585,0.0015726939688970464,0.029342228487118493,0.022265105627081783,HS6ST1/FGFR2/TGFB1/KDR,4
2,GO:0001933,negative regulation of protein phosphorylation,8/176,236/18986,0.03389830508474576,3.6567796610169494,3.972630203588458,0.0016456064409042135,0.03053105581141281,0.02316719682166826,DKK1/CHMP6/TGFB1/CDKN1A/LATS1/SNCA/HEG1/ABL1,8
2,GO:0050927,positive regulation of positive chemotaxis,3/176,26/18986,0.11538461538461539,12.447115384615385,5.649770475886432,0.001740413965517192,0.031767480118382034,0.024105404967877962,VEGFC/IL16/KDR,3
2,GO:0051894,positive regulation of focal adhesion assembly,3/176,26/18986,0.11538461538461539,12.447115384615385,5.649770475886432,0.001740413965517192,0.031767480118382034,0.024105404967877962,NRP1/ABL1/KDR,3
2,GO:0033273,response to vitamin,5/176,93/18986,0.053763440860215055,5.799731182795699,4.488230611865653,0.0017409459143467418,0.031767480118382034,0.024105404967877962,PTH/KYNU/TGFB1/CXCL10/BECN1,5
2,GO:0048565,digestive tract development,6/176,137/18986,0.043795620437956206,4.724452554744525,4.232001465917885,0.0017594564533188588,0.03184568340663789,0.024164746216418995,FGFR2/TGFB1/CDKN1A/RET/SMAD2/PDGFC,6
2,GO:0032496,response to lipopolysaccharide,10/176,354/18986,0.02824858757062147,3.0473163841807906,3.7611797750908775,0.0017644100411988472,0.03184568340663789,0.024164746216418995,SERPINE1/SELP/FGFR2/SNCA/ABL1/CXCL6/GFER/CD36/CXCL10/CD6,10
2,GO:0006909,phagocytosis,8/176,239/18986,0.03347280334728033,3.6108786610878663,3.9290448507074034,0.001781346845990728,0.03197758311100112,0.024264832712954782,TGFB1/YES1/ABL1/MYH9/HAVCR1/CD36/FCN2/BECN1,8
2,GO:0048260,positive regulation of receptor-mediated endocytosis,4/176,56/18986,0.07142857142857142,7.705357142857142,4.860801181272261,0.001800486521252114,0.03214739643590468,0.024393688352447998,SERPINE1/CD63/PCSK9/LDLRAP1,4
2,GO:0007266,Rho protein signal transduction,6/176,139/18986,0.04316546762589928,4.6564748201438855,4.185198960457261,0.001893524391205479,0.033290694519733266,0.025261231613889736,PTH/ERBB2/F11R/NRP1/HEG1/ABL1,6
2,GO:0099024,plasma membrane invagination,4/176,57/18986,0.07017543859649122,7.570175438596491,4.805270005432754,0.0019225359133522018,0.033290694519733266,0.025261231613889736,MYH9/HAVCR1/CD36/BECN1,4
2,GO:0045766,positive regulation of angiogenesis,7/176,189/18986,0.037037037037037035,3.99537037037037,4.0031733586016705,0.0019425212209261851,0.033290694519733266,0.025261231613889736,SERPINE1/SMAD1/ITGA5/NRP1/DDAH1/ABL1/KDR,7
2,GO:0002070,epithelial cell maturation,3/176,27/18986,0.1111111111111111,11.986111111111112,5.525675699937848,0.0019447138623391307,0.033290694519733266,0.025261231613889736,TGFB1/CDKN1A/KDR,3
2,GO:0006929,substrate-dependent cell migration,3/176,27/18986,0.1111111111111111,11.986111111111112,5.525675699937848,0.0019447138623391307,0.033290694519733266,0.025261231613889736,VEGFC/NRP1/FN1,3
2,GO:0030194,positive regulation of blood coagulation,3/176,27/18986,0.1111111111111111,11.986111111111112,5.525675699937848,0.0019447138623391307,0.033290694519733266,0.025261231613889736,SERPINE1/PLAT/CD36,3
2,GO:0050926,regulation of positive chemotaxis,3/176,27/18986,0.1111111111111111,11.986111111111112,5.525675699937848,0.0019447138623391307,0.033290694519733266,0.025261231613889736,VEGFC/IL16/KDR,3
2,GO:1900048,positive regulation of hemostasis,3/176,27/18986,0.1111111111111111,11.986111111111112,5.525675699937848,0.0019447138623391307,0.033290694519733266,0.025261231613889736,SERPINE1/PLAT/CD36,3
2,GO:0008360,regulation of cell shape,6/176,140/18986,0.04285714285714286,4.623214285714286,4.1621303881419,0.0019633916989828487,0.03331020989572885,0.025276040029279346,DAG1/F11R/EZR/KDR/FN1/MYH9,6
2,GO:0043086,negative regulation of catalytic activity,12/176,486/18986,0.024691358024691357,2.66358024691358,3.5937119376261695,0.0019701239973111437,0.03331020989572885,0.025276040029279346,SERPIND1/SERPINE1/GLA/SORT1/CHMP6/CDKN1A/SERPINA4/LATS1/SNCA/HEG1/ABL1/ITIH3,12
2,GO:0045860,positive regulation of protein kinase activity,8/176,243/18986,0.03292181069958848,3.5514403292181074,3.8720079201048363,0.001975944399114298,0.03331020989572885,0.025276040029279346,CD4/VEGFC/ERBB2/CDKN1A/PSRC1/SNCA/ABL1/GH1,8
2,GO:0007044,cell-substrate junction assembly,5/176,96/18986,0.052083333333333336,5.618489583333334,4.388204342524791,0.002002538185580872,0.033588026839970087,0.02548684963466565,ITGA5/NRP1/ABL1/KDR/FN1,5
2,GO:0031638,zymogen activation,4/176,58/18986,0.06896551724137931,7.439655172413794,4.751070584659862,0.0020501952030511452,0.03421456416750177,0.02596227091300948,SERPINE1/PLAT/GGT1/MASP1,4
2,GO:0006027,glycosaminoglycan catabolic process,3/176,28/18986,0.10714285714285714,11.558035714285714,5.407955630872951,0.0021633443856068435,0.0356873614641395,0.02707984067739582,GUSB/STAB2/TGFB1,3
2,GO:0045859,regulation of protein kinase activity,11/176,427/18986,0.02576112412177986,2.7789812646370025,3.5964602352703943,0.002175689303106547,0.0356873614641395,0.02707984067739582,CD4/VEGFC/ERBB2/CHMP6/CDKN1A/LATS1/PSRC1/SNCA/HEG1/ABL1/GH1,11
2,GO:0061462,protein localization to lysosome,4/176,59/18986,0.06779661016949153,7.313559322033899,4.698147170984279,0.0021835944028709624,0.0356873614641395,0.02707984067739582,LAMP2/SORT1/NAGPA/BECN1,4
2,GO:0002274,myeloid leukocyte activation,8/176,247/18986,0.032388663967611336,3.493927125506073,3.816157291320961,0.002186938424770665,0.0356873614641395,0.02707984067739582,IL16/TGFB1/LAT2/SNCA/FN1/CXCL6/HAVCR1/GRP,8
2,GO:1901606,alpha-amino acid catabolic process,5/176,98/18986,0.05102040816326531,5.503826530612245,4.323833306346069,0.0021921775786463284,0.0356873614641395,0.02707984067739582,FTCD/SCLY/KYNU/RIDA/DDAH1,5
2,GO:1905475,regulation of protein localization to membrane,7/176,194/18986,0.03608247422680412,3.892396907216494,3.9168729832358307,0.0022508089521390646,0.036463105024652845,0.027668480777514354,DAG1/ERBB2/TGFB1/EZR/NUMB/LDLRAP1/ARF6,7
2,GO:0007586,digestion,6/176,144/18986,0.041666666666666664,4.494791666666666,4.0719859857632,0.0022625440476753576,0.036475285351115834,0.027677723301659716,NPPC/F11R/EZR/CD36/ENPP7/PBLD,6
2,GO:0051781,positive regulation of cell division,5/176,99/18986,0.050505050505050504,5.4482323232323235,4.292307286791703,0.0022917542265980455,0.03676770911368169,0.02789961667162838,VEGFC/FGFR2/TGFB1/ARF6/PDGFC,5
2,GO:0002040,sprouting angiogenesis,7/176,196/18986,0.03571428571428571,3.852678571428571,3.883154965424971,0.0023841899283150504,0.03790121413597021,0.028759728883663033,VEGFC/SMAD1/ITGA5/TGFB1/NRP1/ABL1/KDR,7
2,GO:0001778,plasma membrane repair,3/176,29/18986,0.10344827586206896,11.15948275862069,5.296061606671781,0.002396644073638586,0.03790121413597021,0.028759728883663033,CHMP6/MYH9/AHNAK,3
2,GO:0032801,receptor catabolic process,3/176,29/18986,0.10344827586206896,11.15948275862069,5.296061606671781,0.002396644073638586,0.03790121413597021,0.028759728883663033,PCSK9/TGFB1/BECN1,3
2,GO:0032233,positive regulation of actin filament bundle assembly,4/176,61/18986,0.06557377049180328,7.073770491803279,4.595921345715529,0.0024681287697999976,0.03877383478858974,0.029421880056382466,CCN2/NRP1/ABL1/MTSS1,4
2,GO:0048738,cardiac muscle tissue development,8/176,252/18986,0.031746031746031744,3.4246031746031744,3.7479424943511623,0.002475174036489318,0.03877383478858974,0.029421880056382466,DKK1/FGFR2/SMAD1/TGFB1/DSG2/HEG1/ABL1/SMAD5,8
2,GO:0034109,homotypic cell-cell adhesion,5/176,101/18986,0.04950495049504951,5.340346534653466,4.230520796294384,0.002500728628640462,0.0388080363351167,0.02944783244941105,CDHR2/GLA/F11R/DSG2/MYH9,5
2,GO:0034446,substrate adhesion-dependent cell spreading,5/176,101/18986,0.04950495049504951,5.340346534653466,4.230520796294384,0.002500728628640462,0.0388080363351167,0.02944783244941105,ST6GAL1/P4HB/NRP1/ABL1/FN1,5
2,GO:0003158,endothelium development,6/176,148/18986,0.04054054054054054,4.3733108108108105,3.9850801119966652,0.0025948452620887575,0.039723405789456455,0.030142421737256925,F11R/NRP1/EZR/HEG1/KDR/CXCL10,6
2,GO:0055123,digestive system development,6/176,148/18986,0.04054054054054054,4.3733108108108105,3.9850801119966652,0.0025948452620887575,0.039723405789456455,0.030142421737256925,FGFR2/TGFB1/CDKN1A/RET/SMAD2/PDGFC,6
2,GO:0003179,heart valve morphogenesis,4/176,62/18986,0.06451612903225806,6.959677419354838,4.546522714420071,0.002619519984309233,0.039723405789456455,0.030142421737256925,TGFB1/SMAD2/ELN/NFATC1,4
2,GO:0048010,vascular endothelial growth factor receptor signaling pathway,4/176,62/18986,0.06451612903225806,6.959677419354838,4.546522714420071,0.002619519984309233,0.039723405789456455,0.030142421737256925,VEGFC/ITGA5/NRP1/KDR,4
2,GO:1900024,regulation of substrate adhesion-dependent cell spreading,4/176,62/18986,0.06451612903225806,6.959677419354838,4.546522714420071,0.002619519984309233,0.039723405789456455,0.030142421737256925,ST6GAL1/P4HB/NRP1/ABL1,4
2,GO:0010955,negative regulation of protein processing,3/176,30/18986,0.1,10.787500000000001,5.189509236724241,0.002644938437412478,0.03992654795748564,0.030296567555815657,SERPINE1/PLAT/IL1R2,3
2,GO:0002237,response to molecule of bacterial origin,10/176,375/18986,0.02666666666666667,2.876666666666667,3.5504643501807855,0.0026802243021635326,0.04027613080309996,0.030561833671728968,SERPINE1/SELP/FGFR2/SNCA/ABL1/CXCL6/GFER/CD36/CXCL10/CD6,10
2,GO:0042326,negative regulation of phosphorylation,8/176,256/18986,0.03125,3.37109375,3.6945968583452924,0.00272653516855966,0.0407874923188587,0.030949858670136682,DKK1/CHMP6/TGFB1/CDKN1A/LATS1/SNCA/HEG1/ABL1,8
2,GO:0003229,ventricular cardiac muscle tissue development,4/176,63/18986,0.06349206349206349,6.849206349206349,4.498207233926286,0.0027771630985839848,0.041358558970391986,0.03138318837861723,FGFR2/TGFB1/DSG2/HEG1,4
2,GO:0033674,positive regulation of kinase activity,8/176,258/18986,0.031007751937984496,3.3449612403100772,3.6683186870972584,0.0028594793286264054,0.04192133693527071,0.031810228568769104,CD4/VEGFC/ERBB2/CDKN1A/PSRC1/SNCA/ABL1/GH1,8
2,GO:0051924,regulation of calcium ion transport,8/176,258/18986,0.031007751937984496,3.3449612403100772,3.6683186870972584,0.0028594793286264054,0.04192133693527071,0.031810228568769104,CD4/IL16/TGFB1/SNCA/ABL1/AHNAK/CACNB3/CXCL10,8
2,GO:0001945,lymph vessel development,3/176,31/18986,0.0967741935483871,10.439516129032258,5.087869017536634,0.0029085402201931778,0.04192133693527071,0.031810228568769104,VEGFC/HEG1/KDR,3
2,GO:0036010,protein localization to endosome,3/176,31/18986,0.0967741935483871,10.439516129032258,5.087869017536634,0.0029085402201931778,0.04192133693527071,0.031810228568769104,NRP1/EZR/ARF6,3
2,GO:0050820,positive regulation of coagulation,3/176,31/18986,0.0967741935483871,10.439516129032258,5.087869017536634,0.0029085402201931778,0.04192133693527071,0.031810228568769104,SERPINE1/PLAT/CD36,3
2,GO:0070723,response to cholesterol,3/176,31/18986,0.0967741935483871,10.439516129032258,5.087869017536634,0.0029085402201931778,0.04192133693527071,0.031810228568769104,DAG1/TGFB1/SMAD2,3
2,GO:1903055,positive regulation of extracellular matrix organization,3/176,31/18986,0.0967741935483871,10.439516129032258,5.087869017536634,0.0029085402201931778,0.04192133693527071,0.031810228568769104,DAG1/TGFB1/ABL1,3
2,GO:1904062,regulation of monoatomic cation transmembrane transport,9/176,318/18986,0.02830188679245283,3.053066037735849,3.5713697816378893,0.0029321017692063647,0.04192133693527071,0.031810228568769104,CD63/PCSK9/TGFB1/SNCA/ABL1/AHNAK/CACNB3/GRP/CXCL10,9
2,GO:0010324,membrane invagination,4/176,64/18986,0.0625,6.7421875,4.450933177690379,0.0029411838319536514,0.04192133693527071,0.031810228568769104,MYH9/HAVCR1/CD36/BECN1,4
2,GO:0033619,membrane protein proteolysis,4/176,64/18986,0.0625,6.7421875,4.450933177690379,0.0029411838319536514,0.04192133693527071,0.031810228568769104,DAG1/TGFB1/RET/MYH9,4
2,GO:0002687,positive regulation of leukocyte migration,6/176,152/18986,0.039473684210526314,4.2582236842105265,3.9012038493521586,0.002962534301644866,0.04204519835795983,0.03190421555617548,SERPINE1/VEGFC/SELP/TGFB1/ABL1/CXCL10,6
2,GO:2000377,regulation of reactive oxygen species metabolic process,6/176,153/18986,0.0392156862745098,4.230392156862745,3.880685485152286,0.003060251522655279,0.043080541721618015,0.032689841956783317,TGFB1/CDKN1A/DCXR/SNCA/CD36/BECN1,6
2,GO:0090101,negative regulation of transmembrane receptor protein serine/threonine kinase signaling pathway,7/176,205/18986,0.03414634146341464,3.683536585365854,3.736735272907929,0.003061429643571771,0.043080541721618015,0.032689841956783317,NOMO1/DKK1/HJV/ABL1/SOST/FST/PBLD,7
2,GO:0040014,regulation of multicellular organism growth,4/176,65/18986,0.06153846153846154,6.638461538461539,4.40466105722995,0.0031117068938796553,0.04360328520917441,0.033086503681758354,NPPC/EZR/ATRN/GH1,4
2,GO:0071900,regulation of protein serine/threonine kinase activity,8/176,262/18986,0.030534351145038167,3.2938931297709924,3.6165272932569716,0.0031405241146884068,0.04382218733142941,0.033252608273171363,ERBB2/CDKN1A/LATS1/PSRC1/SNCA/HEG1/ABL1/GH1,8
2,GO:0035751,regulation of lysosomal lumen pH,3/176,32/18986,0.09375,10.11328125,4.990758571922546,0.0031877496530783264,0.04387067927237542,0.03328940432592173,LAMP2/CREG1/SNAPIN,3
2,GO:1903318,negative regulation of protein maturation,3/176,32/18986,0.09375,10.11328125,4.990758571922546,0.0031877496530783264,0.04387067927237542,0.03328940432592173,SERPINE1/PLAT/IL1R2,3
2,GO:0032231,regulation of actin filament bundle assembly,5/176,107/18986,0.04672897196261682,5.040887850467289,4.054585190930552,0.003210659014657371,0.04387067927237542,0.03328940432592173,CCN2/F11R/NRP1/ABL1/MTSS1,5
2,GO:0032526,response to retinoic acid,5/176,107/18986,0.04672897196261682,5.040887850467289,4.054585190930552,0.003210659014657371,0.04387067927237542,0.03328940432592173,DKK1/FGFR2/RET/IGF2R/YES1,5
2,GO:0050829,defense response to Gram-negative bacterium,5/176,107/18986,0.04672897196261682,5.040887850467289,4.054585190930552,0.003210659014657371,0.04387067927237542,0.03328940432592173,CD4/SERPINE1/SELP/CXCL6/FCN2,5
2,GO:0032271,regulation of protein polymerization,7/176,207/18986,0.033816425120772944,3.647946859903381,3.7053176389900138,0.0032301232566999323,0.04387067927237542,0.03328940432592173,MEGF9/LATS1/PSRC1/SNCA/ABL1/ELN/ARF6,7
2,GO:0022411,cellular component disassembly,11/176,450/18986,0.024444444444444446,2.6369444444444445,3.3993777202801896,0.0032515518844978956,0.04387067927237542,0.03328940432592173,ADAMTS15/LAMP2/DKK1/CHMP6/TGFB1/SNAP29/SNAPIN/ARF6/PBXIP1/DNAJC6/BECN1,11
2,GO:0048732,gland development,11/176,450/18986,0.024444444444444446,2.6369444444444445,3.3993777202801896,0.0032515518844978956,0.04387067927237542,0.03328940432592173,DAG1/FGFR2/PCSK9/TGFB1/NRP1/LATS1/IGF2R/ABL1/GFER/SMAD2/ARF6,11
2,GO:0006469,negative regulation of protein kinase activity,6/176,155/18986,0.03870967741935484,4.175806451612903,3.840169738170444,0.003262890027183598,0.04387067927237542,0.03328940432592173,CHMP6/CDKN1A/LATS1/SNCA/HEG1/ABL1,6
2,GO:0090303,positive regulation of wound healing,4/176,66/18986,0.06060606060606061,6.537878787878788,4.359353469607829,0.0032888559378019154,0.04404149423161355,0.0334190200131485,HBEGF/SERPINE1/PLAT/CD36,4
2,GO:0051216,cartilage development,7/176,209/18986,0.03349282296650718,3.613038277511962,3.674286764702322,0.0034058325392865886,0.045424778566147635,0.03446866666265945,PTH/CCN2/NPPC/SMAD1/TGFB1/SMAD5/PBXIP1,7
2,GO:0031100,animal organ regeneration,4/176,67/18986,0.05970149253731343,6.440298507462686,4.314974957448563,0.0034727535167307405,0.045537639686440375,0.03455430653713632,TGFB1/CDKN1A/IGF2R/GFER,4
2,GO:0070613,regulation of protein processing,4/176,67/18986,0.05970149253731343,6.440298507462686,4.314974957448563,0.0034727535167307405,0.045537639686440375,0.03455430653713632,SERPINE1/PLAT/MYH9/IL1R2,4
2,GO:0048144,fibroblast proliferation,5/176,109/18986,0.045871559633027525,4.9483944954128445,3.998844677855682,0.0034766175250549236,0.045537639686440375,0.03455430653713632,TGFB1/CDKN1A/ABL1/FN1/PDGFC,5
2,GO:0010743,regulation of macrophage derived foam cell differentiation,3/176,33/18986,0.09090909090909091,9.806818181818182,4.897836189715828,0.0034828547065208835,0.045537639686440375,0.03455430653713632,LPL/CD36/MAPK9,3
2,GO:0048799,animal organ maturation,3/176,33/18986,0.09090909090909091,9.806818181818182,4.897836189715828,0.0034828547065208835,0.045537639686440375,0.03455430653713632,PTH/RET/GH1,3
2,GO:0048754,branching morphogenesis of an epithelial tube,6/176,158/18986,0.0379746835443038,4.0965189873417724,3.78065835027888,0.00358539753566068,0.046085429453232934,0.03496997356884884,DAG1/FGFR2/TGFB1/NRP1/ABL1/KDR,6
2,GO:0003140,determination of left/right asymmetry in lateral mesoderm,2/176,10/18986,0.2,21.575000000000003,6.295130606046551,0.0036616679656186844,0.046085429453232934,0.03496997356884884,NOMO1/SMAD2,2
2,GO:0009128,purine nucleoside monophosphate catabolic process,2/176,10/18986,0.2,21.575000000000003,6.295130606046551,0.0036616679656186844,0.046085429453232934,0.03496997356884884,NT5C1A/NT5E,2
2,GO:0009169,purine ribonucleoside monophosphate catabolic process,2/176,10/18986,0.2,21.575000000000003,6.295130606046551,0.0036616679656186844,0.046085429453232934,0.03496997356884884,NT5C1A/NT5E,2
2,GO:0035646,endosome to melanosome transport,2/176,10/18986,0.2,21.575000000000003,6.295130606046551,0.0036616679656186844,0.046085429453232934,0.03496997356884884,CD63/BLOC1S3,2
2,GO:0043485,endosome to pigment granule transport,2/176,10/18986,0.2,21.575000000000003,6.295130606046551,0.0036616679656186844,0.046085429453232934,0.03496997356884884,CD63/BLOC1S3,2
2,GO:0048757,pigment granule maturation,2/176,10/18986,0.2,21.575000000000003,6.295130606046551,0.0036616679656186844,0.046085429453232934,0.03496997356884884,CD63/BLOC1S3,2
2,GO:0071838,cell proliferation in bone marrow,2/176,10/18986,0.2,21.575000000000003,6.295130606046551,0.0036616679656186844,0.046085429453232934,0.03496997356884884,PTH/FGFR2,2
2,GO:1902460,regulation of mesenchymal stem cell proliferation,2/176,10/18986,0.2,21.575000000000003,6.295130606046551,0.0036616679656186844,0.046085429453232934,0.03496997356884884,VEGFC/TGFB1,2
2,GO:0150116,regulation of cell-substrate junction organization,4/176,68/18986,0.058823529411764705,6.345588235294117,4.271491880287378,0.0036635210405460686,0.046085429453232934,0.03496997356884884,NRP1/ABL1/KDR/ARF6,4
2,GO:0009063,amino acid catabolic process,5/176,111/18986,0.04504504504504504,4.859234234234234,3.944449359380425,0.0037580559988825116,0.04709624140486347,0.03573698534786388,FTCD/SCLY/KYNU/RIDA/DDAH1,5
2,GO:0006026,aminoglycan catabolic process,3/176,34/18986,0.08823529411764706,9.518382352941176,4.808795419556816,0.003794131337883176,0.04719217293299636,0.03580977891934683,GUSB/STAB2/TGFB1,3
2,GO:0060055,angiogenesis involved in wound healing,3/176,34/18986,0.08823529411764706,9.518382352941176,4.808795419556816,0.003794131337883176,0.04719217293299636,0.03580977891934683,SERPINE1/DAG1/KDR,3
2,GO:0060562,epithelial tube morphogenesis,9/176,331/18986,0.027190332326283987,2.933157099697885,3.4320274744380876,0.003816113374267171,0.047288479537094315,0.03588285710131817,DAG1/FGFR2/TGFB1/NRP1/RET/ABL1/KDR/CXCL10/MTSS1,9
2,GO:0043549,regulation of kinase activity,11/176,460/18986,0.02391304347826087,2.5796195652173917,3.3174762861078175,0.003836398033498623,0.047318474829608756,0.035905617756884695,CD4/VEGFC/ERBB2/CHMP6/CDKN1A/LATS1/PSRC1/SNCA/HEG1/ABL1/GH1,11
2,GO:0034605,cellular response to heat,4/176,69/18986,0.057971014492753624,6.253623188405797,4.228872296182234,0.003861278734966568,0.047318474829608756,0.035905617756884695,CDKN1A/DNAJB1/EEF1D/CXCL10,4
2,GO:0070918,regulatory ncRNA processing,4/176,69/18986,0.057971014492753624,6.253623188405797,4.228872296182234,0.003861278734966568,0.047318474829608756,0.035905617756884695,SMAD1/TGFB1/SMAD2/PRKRA,4
2,GO:0030038,contractile actin filament bundle assembly,5/176,112/18986,0.044642857142857144,4.815848214285714,3.917737773914595,0.0039047340422452294,0.04750044598643372,0.03604369885149442,CCN2/F11R/NRP1/ABL1/ELN,5
2,GO:0043149,stress fiber assembly,5/176,112/18986,0.044642857142857144,4.815848214285714,3.917737773914595,0.0039047340422452294,0.04750044598643372,0.03604369885149442,CCN2/F11R/NRP1/ABL1/ELN,5
2,GO:0034764,positive regulation of transmembrane transport,7/176,216/18986,0.032407407407407406,3.4959490740740735,3.56859856194351,0.004078773653694284,0.049239723180546646,0.037363475584154635,FGF21/PTH/SNCA/ABL1/GH1/CACNB3/CXCL10,7
2,GO:0003007,heart morphogenesis,8/176,274/18986,0.029197080291970802,3.1496350364963503,3.466946547340277,0.0041142095188549405,0.049239723180546646,0.037363475584154635,DAG1/DKK1/FGFR2/TGFB1/NRP1/HEG1/SMAD2/ELN,8
2,GO:0048333,mesodermal cell differentiation,3/176,35/18986,0.08571428571428572,9.246428571428572,4.72336051532842,0.004121843735077377,0.049239723180546646,0.037363475584154635,DKK1/FGFR2/SMAD1,3
2,GO:0060191,regulation of lipase activity,3/176,35/18986,0.08571428571428572,9.246428571428572,4.72336051532842,0.004121843735077377,0.049239723180546646,0.037363475584154635,FGFR2/SORT1/SNCA,3
2,GO:0090050,positive regulation of cell migration involved in sprouting angiogenesis,3/176,35/18986,0.08571428571428572,9.246428571428572,4.72336051532842,0.004121843735077377,0.049239723180546646,0.037363475584154635,NRP1/ABL1/KDR,3
2,GO:0007015,actin filament organization,11/176,465/18986,0.023655913978494623,2.5518817204301074,3.2773295594366325,0.004158866542809889,0.049503927557962867,0.03756395587054093,MEGF9/CCN2/F11R/NRP1/LATS1/EZR/ABL1/NAA80/ELN/ARF6/MTSS1,11
2,GO:0097305,response to alcohol,8/176,275/18986,0.02909090909090909,3.1381818181818186,3.454854139726885,0.0042047961370275475,0.04958317214410069,0.03762408726381625,ST6GAL1/PTH/DAG1/FGFR2/NPPC/TGFB1/CDKN1A/SMAD2,8
2,GO:0051251,positive regulation of lymphocyte activation,9/176,336/18986,0.026785714285714284,2.8895089285714284,3.3802311992761545,0.004207041279950012,0.04958317214410069,0.03762408726381625,CD4/TGFB1/CDKN1A/YES1/ABL1/INPP5D/BLOC1S3/VNN1/CD6,9
2,GO:0007173,epidermal growth factor receptor signaling pathway,5/176,114/18986,0.043859649122807015,4.731359649122807,3.8652519627125614,0.004210314527141342,0.04958317214410069,0.03762408726381625,HBEGF/ERBB2/CHMP6/TGFB1/ABL1,5
2,GO:0170040,proteinogenic amino acid catabolic process,4/176,71/18986,0.056338028169014086,6.077464788732394,4.1461036859640394,0.004278239382901745,0.04960668284825345,0.037641927364528364,FTCD/SCLY/RIDA/DDAH1,4
2,GO:0071695,anatomical structure maturation,8/176,276/18986,0.028985507246376812,3.1268115942028984,3.442816719126944,0.004296914231562282,0.04960668284825345,0.037641927364528364,PTH/DAG1/NPPC/TGFB1/CDKN1A/RET/KDR/GH1,8
2,GO:0051098,regulation of binding,7/176,219/18986,0.0319634703196347,3.4480593607305936,3.524632258483474,0.004396200436382013,0.04960668284825345,0.037641927364528364,DKK1/PCSK9/CDKN1A/ABL1/SNAPIN/SMAD2/LDLRAP1,7
2,GO:0001867,"complement activation, lectin pathway",2/176,11/18986,0.18181818181818182,19.613636363636363,5.973156758403155,0.004448185937996929,0.04960668284825345,0.037641927364528364,FCN2/MASP1,2
2,GO:0007343,egg activation,2/176,11/18986,0.18181818181818182,19.613636363636363,5.973156758403155,0.004448185937996929,0.04960668284825345,0.037641927364528364,PLAT/MYH9,2
2,GO:0038130,ERBB4 signaling pathway,2/176,11/18986,0.18181818181818182,19.613636363636363,5.973156758403155,0.004448185937996929,0.04960668284825345,0.037641927364528364,HBEGF/ERBB2,2
2,GO:0046085,adenosine metabolic process,2/176,11/18986,0.18181818181818182,19.613636363636363,5.973156758403155,0.004448185937996929,0.04960668284825345,0.037641927364528364,NT5C1A/NT5E,2
2,GO:0097168,mesenchymal stem cell proliferation,2/176,11/18986,0.18181818181818182,19.613636363636363,5.973156758403155,0.004448185937996929,0.04960668284825345,0.037641927364528364,VEGFC/TGFB1,2
2,GO:0140059,dendrite arborization,2/176,11/18986,0.18181818181818182,19.613636363636363,5.973156758403155,0.004448185937996929,0.04960668284825345,0.037641927364528364,NRP1/CC2D1A,2
2,GO:2000650,negative regulation of sodium ion transmembrane transporter activity,2/176,11/18986,0.18181818181818182,19.613636363636363,5.973156758403155,0.004448185937996929,0.04960668284825345,0.037641927364528364,PCSK9/GRP,2
2,GO:0001569,branching involved in blood vessel morphogenesis,3/176,36/18986,0.08333333333333333,8.989583333333332,4.6412825820027654,0.004466244556346818,0.04960668284825345,0.037641927364528364,NRP1/ABL1/KDR,3
2,GO:0007035,vacuolar acidification,3/176,36/18986,0.08333333333333333,8.989583333333332,4.6412825820027654,0.004466244556346818,0.04960668284825345,0.037641927364528364,LAMP2/CREG1/SNAPIN,3
2,GO:0010984,regulation of lipoprotein particle clearance,3/176,36/18986,0.08333333333333333,8.989583333333332,4.6412825820027654,0.004466244556346818,0.04960668284825345,0.037641927364528364,FGF21/PCSK9/LDLRAP1,3
2,GO:0030224,monocyte differentiation,3/176,36/18986,0.08333333333333333,8.989583333333332,4.6412825820027654,0.004466244556346818,0.04960668284825345,0.037641927364528364,CD4/MYH9/INPP5D,3
2,GO:0030947,regulation of vascular endothelial growth factor receptor signaling pathway,3/176,36/18986,0.08333333333333333,8.989583333333332,4.6412825820027654,0.004466244556346818,0.04960668284825345,0.037641927364528364,VEGFC/ITGA5/NRP1,3
2,GO:0036314,response to sterol,3/176,36/18986,0.08333333333333333,8.989583333333332,4.6412825820027654,0.004466244556346818,0.04960668284825345,0.037641927364528364,DAG1/TGFB1/SMAD2,3
2,GO:1905606,regulation of presynapse assembly,3/176,36/18986,0.08333333333333333,8.989583333333332,4.6412825820027654,0.004466244556346818,0.04960668284825345,0.037641927364528364,DKK1/SNCA/ARF6,3
3,GO:0050863,regulation of T cell activation,14/98,393/18986,0.035623409669211195,6.901490367139222,8.515469439166733,1.4188275563876595e-8,2.153196000207871e-5,1.7016980526280674e-5,SIT1/LGALS9/PAG1/IGFBP2/LGALS1/VSIG4/THY1/CD5/TNFRSF1B/HAVCR2/CD27/TNFRSF9/IL7R/LAG3,14
3,GO:0002697,regulation of immune effector process,14/98,410/18986,0.03414634146341464,6.615331010452962,8.279736976119533,2.4141134660711584e-8,2.153196000207871e-5,1.7016980526280674e-5,APOA1/LGALS9/APOA2/LGALS1/VSIG4/MZB1/TNFRSF1B/HAVCR2/TNFRSF4/IL7R/CD22/FCER2/SPON2/LAG3,14
3,GO:0034113,heterotypic cell-cell adhesion,7/98,63/18986,0.1111111111111111,21.52607709750567,11.754565691264084,3.43229968152158e-8,2.153196000207871e-5,1.7016980526280674e-5,APOA1/ADIPOQ/IL1RN/SKAP1/THY1/ITGAV/DSC2,7
3,GO:0032368,regulation of lipid transport,9/98,156/18986,0.057692307692307696,11.177001569858712,9.193530733354669,1.1422414174951817e-7,5.37424586931483e-5,4.2473345340018204e-5,PLTP/APOA1/ADIPOQ/APOA2/TNFRSF11A/ITGAV/PON1/GAL/RETN,9
3,GO:0002698,negative regulation of immune effector process,8/98,128/18986,0.0625,12.108418367346939,9.083113656787983,3.241870598342885e-7,9.530756579691836e-5,7.532277558646774e-5,APOA1/LGALS9/APOA2/LGALS1/VSIG4/HAVCR2/IL7R/CD22,8
3,GO:0032370,positive regulation of lipid transport,7/98,88/18986,0.07954545454545454,15.410714285714286,9.75987539451605,3.54592406204178e-7,9.530756579691836e-5,7.532277558646774e-5,PLTP/APOA1/ADIPOQ/TNFRSF11A/PON1/GAL/RETN,7
3,GO:0046651,lymphocyte proliferation,11/98,297/18986,0.037037037037037035,7.1753590325018886,7.726321160631652,3.8229535638273625e-7,9.530756579691836e-5,7.532277558646774e-5,LGALS9/IGFBP2/VSIG4/MZB1/TNFRSF1B/HAVCR2/TNFRSF4/TNFRSF9/GAL/IL7R/CD22,11
3,GO:0050670,regulation of lymphocyte proliferation,10/98,240/18986,0.041666666666666664,8.072278911564625,7.942112705756634,4.571413663299321e-7,9.530756579691836e-5,7.532277558646774e-5,LGALS9/IGFBP2/VSIG4/MZB1/TNFRSF1B/HAVCR2/TNFRSF4/TNFRSF9/GAL/CD22,10
3,GO:0032943,mononuclear cell proliferation,11/98,305/18986,0.036065573770491806,6.987152893944463,7.5926881000943975,4.975481441834489e-7,9.530756579691836e-5,7.532277558646774e-5,LGALS9/IGFBP2/VSIG4/MZB1/TNFRSF1B/HAVCR2/TNFRSF4/TNFRSF9/GAL/IL7R/CD22,11
3,GO:0032944,regulation of mononuclear cell proliferation,10/98,245/18986,0.04081632653061224,7.907538525614326,7.838542712969322,5.522180631171996e-7,9.530756579691836e-5,7.532277558646774e-5,LGALS9/IGFBP2/VSIG4/MZB1/TNFRSF1B/HAVCR2/TNFRSF4/TNFRSF9/GAL/CD22,10
3,GO:1905952,regulation of lipid localization,9/98,188/18986,0.047872340425531915,9.274533217542336,8.212813433707593,5.570580360074931e-7,9.530756579691836e-5,7.532277558646774e-5,PLTP/APOA1/ADIPOQ/APOA2/TNFRSF11A/ITGAV/PON1/GAL/RETN,9
3,GO:1903037,regulation of leukocyte cell-cell adhesion,12/98,392/18986,0.030612244897959183,5.930653894210745,7.105366599930086,8.333671187995404e-7,1.3069974313172794e-4,1.0329366130383777e-4,LGALS9/PAG1/IGFBP2/SKAP1/LGALS1/VSIG4/THY1/CD5/HAVCR2/CD27/IL7R/LAG3,12
3,GO:0022408,negative regulation of cell-cell adhesion,9/98,207/18986,0.043478260869565216,8.423247559893523,7.73514105095626,1.2449701073513616e-6,1.795450992322515e-4,1.418967644807715e-4,APOA1/ADIPOQ/IL1RN/LGALS9/PAG1/LGALS1/VSIG4/HAVCR2/LAG3,9
3,GO:0070663,regulation of leukocyte proliferation,10/98,270/18986,0.037037037037037035,7.1753590325018886,7.361442559966839,1.335617103746823e-6,1.795450992322515e-4,1.418967644807715e-4,LGALS9/IGFBP2/VSIG4/MZB1/TNFRSF1B/HAVCR2/TNFRSF4/TNFRSF9/GAL/CD22,10
3,GO:0070661,leukocyte proliferation,11/98,341/18986,0.03225806451612903,6.249506254114548,7.045954018287611,1.4863276485802853e-6,1.8648457564187314e-4,1.4738112052238198e-4,LGALS9/IGFBP2/VSIG4/MZB1/TNFRSF1B/HAVCR2/TNFRSF4/TNFRSF9/GAL/IL7R/CD22,11
3,GO:0046718,symbiont entry into host cell,8/98,159/18986,0.050314465408805034,9.747657553587473,7.978571212681591,1.685347820232014e-6,1.8970926904793035e-4,1.499296365371249e-4,LGALS9/LGALS1/MRC1/ITGAV/TNFRSF4/SIGLEC1/ITGA2/CTSB,8
3,GO:0045785,positive regulation of cell adhesion,13/98,499/18986,0.026052104208416832,5.047196433683694,6.599282007017677,1.713633142303303e-6,1.8970926904793035e-4,1.499296365371249e-4,APOA1/LGALS9/IGFBP2/SKAP1/EPHA1/LGALS1/THY1/CD5/ITGAV/HAVCR2/CD27/IL7R/ITGA2,13
3,GO:1905954,positive regulation of lipid localization,7/98,113/18986,0.061946902654867256,12.001264222503162,8.448637933170856,1.9423866511474195e-6,2.0308731541441354e-4,1.6050247591060257e-4,PLTP/APOA1/ADIPOQ/TNFRSF11A/PON1/GAL/RETN,7
3,GO:0044409,symbiont entry into host,8/98,164/18986,0.04878048780487805,9.45047287207566,7.828803686827614,2.125737578400951e-6,2.0579834138016913e-4,1.626450340456284e-4,LGALS9/LGALS1/MRC1/ITGAV/TNFRSF4/SIGLEC1/ITGA2/CTSB,8
3,GO:0007159,leukocyte cell-cell adhesion,12/98,430/18986,0.027906976744186046,5.406549596582819,6.6575748826848855,2.1870174429348473e-6,2.0579834138016913e-4,1.626450340456284e-4,LGALS9/PAG1/IGFBP2/SKAP1/LGALS1/VSIG4/THY1/CD5/HAVCR2/CD27/IL7R/LAG3,12
3,GO:0001818,negative regulation of cytokine production,11/98,388/18986,0.028350515463917526,5.492478434672838,6.440121986543768,5.142626853992775e-6,4.608773209149715e-4,3.6423718018505216e-4,APOA1/ORM1/ADIPOQ/LGALS9/APOA2/CLEC4A/VSIG4/HAVCR2/SIGLEC1/PTPRS/LAG3,11
3,GO:0034114,regulation of heterotypic cell-cell adhesion,4/98,24/18986,0.16666666666666666,32.2891156462585,11.047962456220642,6.551298260519273e-6,5.604337875589669e-4,4.429179158906092e-4,APOA1/ADIPOQ/IL1RN/SKAP1,4
3,GO:0051701,biological process involved in interaction with host,8/98,204/18986,0.0392156862745098,7.597438975590236,6.824092404834352,1.0653510005840055e-5,8.384645295887327e-4,6.626491304373172e-4,LGALS9/LGALS1/MRC1/ITGAV/TNFRSF4/SIGLEC1/ITGA2/CTSB,8
3,GO:0010875,positive regulation of cholesterol efflux,4/98,27/18986,0.14814814814814814,28.701436130007554,10.375327284204413,1.0692427582428047e-5,8.384645295887327e-4,6.626491304373172e-4,PLTP/APOA1/ADIPOQ/PON1,4
3,GO:1903039,positive regulation of leukocyte cell-cell adhesion,9/98,284/18986,0.03169014084507042,6.139479735556194,6.285786896104348,1.624776532092147e-5,0.0012231317733589681,9.666565220405067e-4,LGALS9/IGFBP2/SKAP1/LGALS1/THY1/CD5/HAVCR2/CD27/IL7R,9
3,GO:0034115,negative regulation of heterotypic cell-cell adhesion,3/98,11/18986,0.2727272727272727,52.83673469387755,12.387065625047159,2.135333677838076e-5,0.0014884066598856516,0.0011763066225283438,APOA1/ADIPOQ/IL1RN,3
3,GO:0070587,regulation of cell-cell adhesion involved in gastrulation,3/98,11/18986,0.2727272727272727,52.83673469387755,12.387065625047159,2.135333677838076e-5,0.0014884066598856516,0.0011763066225283438,APOA1/ADIPOQ/IL1RN,3
3,GO:0006869,lipid transport,11/98,459/18986,0.023965141612200435,4.642879373971811,5.690808012625457,2.4718092137058812e-5,0.0016614089072123101,0.001313032488333237,PLTP/APOA1/ADIPOQ/FABP4/APOF/APOA2/TNFRSF11A/ITGAV/PON1/GAL/RETN,11
3,GO:0051250,negative regulation of lymphocyte activation,7/98,169/18986,0.04142011834319527,8.024513947590872,6.607083425781982,2.739737995080422e-5,0.0017779954850832256,0.0014051723364967828,LGALS9/PAG1/LGALS1/VSIG4/HAVCR2/GAL/LAG3,7
3,GO:0070586,cell-cell adhesion involved in gastrulation,3/98,12/18986,0.25,48.433673469387756,11.83922532198024,2.8364432920277882e-5,0.0017793954251987658,0.0014062787268895665,APOA1/ADIPOQ/IL1RN,3
3,GO:0006909,phagocytosis,8/98,239/18986,0.03347280334728033,6.484843309708821,6.1464257205655795,3.3304457304018754e-5,0.0019235511746864024,0.0015202068403332887,APOA1/ADIPOQ/COLEC12/APOA2/LEPR/ITGAV/ITGA2/SPON2,8
3,GO:0032373,positive regulation of sterol transport,4/98,36/18986,0.1111111111111111,21.52607709750567,8.879284074961488,3.4632833710410336e-5,0.0019235511746864024,0.0015202068403332887,PLTP/APOA1/ADIPOQ/PON1,4
3,GO:0032376,positive regulation of cholesterol transport,4/98,36/18986,0.1111111111111111,21.52607709750567,8.879284074961488,3.4632833710410336e-5,0.0019235511746864024,0.0015202068403332887,PLTP/APOA1/ADIPOQ/PON1,4
3,GO:0033209,tumor necrosis factor-mediated signaling pathway,6/98,119/18986,0.05042016806722689,9.768135825758876,6.9112193398811,3.514581350449944e-5,0.0019235511746864024,0.0015202068403332887,APOA1/ADIPOQ/TNFRSF1A/TNFRSF11A/TNFRSF1B/TNFRSF4,6
3,GO:0007162,negative regulation of cell adhesion,9/98,314/18986,0.028662420382165606,5.552905238528532,5.859807745633672,3.577273704252077e-5,0.0019235511746864024,0.0015202068403332887,APOA1/ADIPOQ/IL1RN/LGALS9/PAG1/LGALS1/VSIG4/HAVCR2/LAG3,9
3,GO:0033344,cholesterol efflux,5/98,74/18986,0.06756756756756757,13.090182018753449,7.505944019709193,4.017467510858737e-5,0.002077891301615247,0.001642183796175594,PLTP/APOA1/ADIPOQ/APOA2/PON1,5
3,GO:0002443,leukocyte mediated immunity,11/98,485/18986,0.02268041237113402,4.393982747738271,5.453913550069104,4.085121049934333e-5,0.002077891301615247,0.001642183796175594,CFI/LGALS9/PTGDS/C1RL/TNFRSF1B/HAVCR2/CD27/IL7R/FCER2/SPON2/LAG3,11
3,GO:0019058,viral life cycle,9/98,323/18986,0.02786377708978328,5.3981803247614835,5.742604620997292,4.455446492214578e-5,0.00220661849956522,0.0017439185300551798,LGALS9/LGALS1/MRC1/ITGAV/IL32/TNFRSF4/SIGLEC1/ITGA2/CTSB,9
3,GO:0032371,regulation of sterol transport,5/98,77/18986,0.06493506493506493,12.580174927113701,7.334179806008159,4.8677354619618326e-5,0.0022902695348530422,0.0018100290020400184,PLTP/APOA1/ADIPOQ/APOA2/PON1,5
3,GO:0032374,regulation of cholesterol transport,5/98,77/18986,0.06493506493506493,12.580174927113701,7.334179806008159,4.8677354619618326e-5,0.0022902695348530422,0.0018100290020400184,PLTP/APOA1/ADIPOQ/APOA2/PON1,5
3,GO:0032640,tumor necrosis factor production,7/98,188/18986,0.03723404255319149,7.21352583586626,6.167179116195329,5.403281730780036e-5,0.002410522730365482,0.0019050666245351673,ORM1/ADIPOQ/LGALS9/CLEC4A/HAVCR2/SPON2/TNFRSF8,7
3,GO:0032680,regulation of tumor necrosis factor production,7/98,188/18986,0.03723404255319149,7.21352583586626,6.167179116195329,5.403281730780036e-5,0.002410522730365482,0.0019050666245351673,ORM1/ADIPOQ/LGALS9/CLEC4A/HAVCR2/SPON2/TNFRSF8,7
3,GO:0032720,negative regulation of tumor necrosis factor production,5/98,79/18986,0.06329113924050633,12.261689485920952,7.2248882424504846,5.5075705316533325e-5,0.002410522730365482,0.0019050666245351673,ORM1/ADIPOQ/LGALS9/CLEC4A/HAVCR2,5
3,GO:0050870,positive regulation of T cell activation,8/98,260/18986,0.03076923076923077,5.961067503924647,5.801825365270813,6.0378045668621706e-5,0.00244950044147476,0.0019358712029777033,LGALS9/IGFBP2/LGALS1/THY1/CD5/HAVCR2/CD27/IL7R,8
3,GO:0022409,positive regulation of cell-cell adhesion,9/98,336/18986,0.026785714285714284,5.189322157434402,5.580836906046916,6.041625992956979e-5,0.00244950044147476,0.0019358712029777033,LGALS9/IGFBP2/SKAP1/LGALS1/THY1/CD5/HAVCR2/CD27/IL7R,9
3,GO:0051251,positive regulation of lymphocyte activation,9/98,336/18986,0.026785714285714284,5.189322157434402,5.580836906046916,6.041625992956979e-5,0.00244950044147476,0.0019358712029777033,LGALS9/IGFBP2/LGALS1/THY1/CD5/HAVCR2/CD27/TNFRSF4/IL7R,9
3,GO:1903556,negative regulation of tumor necrosis factor superfamily cytokine production,5/98,81/18986,0.06172839506172839,11.958931720836482,7.119471260509252,6.210503058410193e-5,0.00244950044147476,0.0019358712029777033,ORM1/ADIPOQ/LGALS9/CLEC4A/HAVCR2,5
3,GO:0071706,tumor necrosis factor superfamily cytokine production,7/98,193/18986,0.03626943005181347,7.026646928201331,6.061522173661773,6.377551627644167e-5,0.00244950044147476,0.0019358712029777033,ORM1/ADIPOQ/LGALS9/CLEC4A/HAVCR2/SPON2/TNFRSF8,7
3,GO:1903555,regulation of tumor necrosis factor superfamily cytokine production,7/98,193/18986,0.03626943005181347,7.026646928201331,6.061522173661773,6.377551627644167e-5,0.00244950044147476,0.0019358712029777033,ORM1/ADIPOQ/LGALS9/CLEC4A/HAVCR2/SPON2/TNFRSF8,7
3,GO:0050868,negative regulation of T cell activation,6/98,134/18986,0.04477611940298507,8.674687785561986,6.421844010307903,6.832205254754536e-5,0.0024788328671484176,0.0019590529902571248,LGALS9/PAG1/LGALS1/VSIG4/HAVCR2/LAG3,6
3,GO:0051384,response to glucocorticoid,6/98,134/18986,0.04477611940298507,8.674687785561986,6.421844010307903,6.832205254754536e-5,0.0024788328671484176,0.0019590529902571248,ADIPOQ/IL1RN/SERPINF1/IGFBP2/APOA2/PTGDS,6
3,GO:0002695,negative regulation of leukocyte activation,7/98,196/18986,0.03571428571428571,6.919096209912536,5.999919123338639,7.028040683900222e-5,0.0024788328671484176,0.0019590529902571248,LGALS9/PAG1/LGALS1/VSIG4/HAVCR2/GAL/LAG3,7
3,GO:0002700,regulation of production of molecular mediator of immune response,7/98,196/18986,0.03571428571428571,6.919096209912536,5.999919123338639,7.028040683900222e-5,0.0024788328671484176,0.0019590529902571248,APOA1/APOA2/MZB1/TNFRSF1B/TNFRSF4/CD22/SPON2,7
3,GO:0070571,negative regulation of neuron projection regeneration,3/98,16/18986,0.1875,36.32525510204081,10.182091237009644,7.112485378640517e-5,0.0024788328671484176,0.0019590529902571248,RTN4R/THY1/PTPRS,3
3,GO:0034375,high-density lipoprotein particle remodeling,3/98,17/18986,0.17647058823529413,34.188475390156064,9.860862345912967,8.604261936487464e-5,0.002912313020205185,0.002301637841909462,PLTP/APOA1/APOA2,3
3,GO:0032102,negative regulation of response to external stimulus,10/98,437/18986,0.02288329519450801,4.4332881894176435,5.230173295840096,8.665756064372496e-5,0.002912313020205185,0.002301637841909462,APOA1/ADIPOQ/LGALS9/TNFRSF1A/RTN4R/VSIG4/TNFRSF1B/HAVCR2/PTPRS/SIGLEC10,10
3,GO:0097006,regulation of plasma lipoprotein particle levels,5/98,91/18986,0.054945054945054944,10.644763399865441,6.642998858513125,1.0823225839775357e-4,0.0035735633386767057,0.0028242323382460903,PLTP/APOA1/ADIPOQ/APOA2/HMOX1,5
3,GO:0042113,B cell activation,8/98,284/18986,0.028169014084507043,5.457315320494395,5.451472848415997,1.1162834940224986e-4,0.003622147475431625,0.0028626289964678595,LGALS1/MZB1/CD27/CD79B/TNFRSF4/IL7R/CD22/FCRL1,8
3,GO:0042098,T cell proliferation,7/98,215/18986,0.03255813953488372,6.3076411960132885,5.637706113812555,1.2525715656384174e-4,0.003995490994121189,0.003157687104811925,LGALS9/IGFBP2/VSIG4/TNFRSF1B/HAVCR2/TNFRSF4/TNFRSF9,7
3,GO:0002696,positive regulation of leukocyte activation,9/98,371/18986,0.02425876010781671,4.699763463336817,5.183877680632692,1.284293317753536e-4,0.0040284000400202585,0.0031836955403258716,LGALS9/IGFBP2/LGALS1/THY1/CD5/HAVCR2/CD27/TNFRSF4/IL7R,9
3,GO:0050866,negative regulation of cell activation,7/98,219/18986,0.0319634703196347,6.192433137638617,5.566995815362387,1.4040106923129966e-4,0.004308950821899068,0.0034054183742621975,LGALS9/PAG1/LGALS1/VSIG4/HAVCR2/GAL/LAG3,7
3,GO:1903038,negative regulation of leukocyte cell-cell adhesion,6/98,153/18986,0.0392156862745098,7.597438975590236,5.901829998819909,1.4195268382451764e-4,0.004308950821899068,0.0034054183742621975,LGALS9/PAG1/LGALS1/VSIG4/HAVCR2/LAG3,6
3,GO:0071356,cellular response to tumor necrosis factor,7/98,221/18986,0.03167420814479638,6.13639301874596,5.532296541175646,1.4851188301074584e-4,0.004436497838511487,0.003506220395892796,APOA1/ADIPOQ/FABP4/TNFRSF1A/TNFRSF11A/TNFRSF1B/TNFRSF4,7
3,GO:0031348,negative regulation of defense response,8/98,297/18986,0.026936026936026935,5.218442932728647,5.277919020500031,1.5185205813035335e-4,0.004465399584395703,0.003529061811483376,APOA1/ADIPOQ/LGALS9/TNFRSF1A/VSIG4/TNFRSF1B/HAVCR2/SIGLEC10,8
3,GO:0008037,cell recognition,6/98,156/18986,0.038461538461538464,7.451334379905809,5.8278993557858945,1.5783199290755429e-4,0.00450060319169723,0.003556883667916654,COLEC12/CD5/HAVCR2/FOLR2/NCAM2/SPON2,6
3,GO:0031960,response to corticosteroid,6/98,156/18986,0.038461538461538464,7.451334379905809,5.8278993557858945,1.5783199290755429e-4,0.00450060319169723,0.003556883667916654,ADIPOQ/IL1RN/SERPINF1/IGFBP2/APOA2/PTGDS,6
3,GO:0002449,lymphocyte mediated immunity,9/98,386/18986,0.023316062176165803,4.517130168129428,5.028644954624277,1.7286716644606743e-4,0.004792978692458274,0.0037879517268547135,CFI/LGALS9/C1RL/TNFRSF1B/HAVCR2/CD27/IL7R/FCER2/LAG3,9
3,GO:0010874,regulation of cholesterol efflux,4/98,54/18986,0.07407407407407407,14.350718065003777,7.076664529853785,1.7317882629498547e-4,0.004792978692458274,0.0037879517268547135,PLTP/APOA1/ADIPOQ/PON1,4
3,GO:0050764,regulation of phagocytosis,5/98,102/18986,0.049019607843137254,9.496798719487794,6.197745974281505,1.8537722672179268e-4,0.00497339554234277,0.0039305374469099695,APOA1/ADIPOQ/APOA2/ITGAV/ITGA2,5
3,GO:0034381,plasma lipoprotein particle clearance,4/98,55/18986,0.07272727272727272,14.089795918367347,7.002494785892438,1.860262646050335e-4,0.00497339554234277,0.0039305374469099695,APOA1/ADIPOQ/APOA2/HMOX1,4
3,GO:0002440,production of molecular mediator of immune response,7/98,230/18986,0.030434782608695653,5.896273291925467,5.381270311727453,1.8985467197425138e-4,0.00497339554234277,0.0039305374469099695,APOA1/APOA2/MZB1/TNFRSF1B/TNFRSF4/CD22/SPON2,7
3,GO:0050867,positive regulation of cell activation,9/98,391/18986,0.023017902813299233,4.459366355237748,4.978656876135727,1.902680547548775e-4,0.00497339554234277,0.0039305374469099695,LGALS9/IGFBP2/LGALS1/THY1/CD5/HAVCR2/CD27/TNFRSF4/IL7R,9
3,GO:0032760,positive regulation of tumor necrosis factor production,5/98,108/18986,0.046296296296296294,8.969198790627361,5.98237866237983,2.421204086320189e-4,0.006242063137609035,0.004933181505364711,ORM1/LGALS9/HAVCR2/SPON2/TNFRSF8,5
3,GO:0007160,cell-matrix adhesion,7/98,241/18986,0.029045643153526972,5.627148784825133,5.207204271803443,2.525406186416111e-4,0.00642272222004746,0.005075958664873349,SKAP1/EPHA1/THY1/ITGAV/ITGA11/SIGLEC1/ITGA2,7
3,GO:0044403,biological process involved in symbiotic interaction,8/98,322/18986,0.024844720496894408,4.8132843199391555,4.971072672239999,2.628826942951371e-4,0.006575837792643556,0.0051969678399269225,LGALS9/LGALS1/MRC1/ITGAV/TNFRSF4/SIGLEC1/ITGA2/CTSB,8
3,GO:0034612,response to tumor necrosis factor,7/98,243/18986,0.02880658436213992,5.580834803057026,5.176706776724395,2.655492413607387e-4,0.006575837792643556,0.0051969678399269225,APOA1/ADIPOQ/FABP4/TNFRSF1A/TNFRSF11A/TNFRSF1B/TNFRSF4,7
3,GO:0007229,integrin-mediated signaling pathway,5/98,111/18986,0.04504504504504504,8.726788012502297,5.8808805483168785,2.7501601809343116e-4,0.006721820078595292,0.005312339488257256,APOA1/THY1/ITGAV/ITGA11/ITGA2,5
3,GO:0008211,glucocorticoid metabolic process,3/98,25/18986,0.12,23.24816326530612,8.017867955156422,2.8243330065503766e-4,0.006744656157564872,0.005330387130510188,APOA1/SERPINA6/GAL,3
3,GO:0031341,regulation of cell killing,5/98,112/18986,0.044642857142857144,8.648870262390671,5.847896561543938,2.867016432546173e-4,0.006744656157564872,0.005330387130510188,LGALS9/HAVCR2/IL7R/FCER2/LAG3,5
3,GO:1903557,positive regulation of tumor necrosis factor superfamily cytokine production,5/98,112/18986,0.044642857142857144,8.648870262390671,5.847896561543938,2.867016432546173e-4,0.006744656157564872,0.005330387130510188,ORM1/LGALS9/HAVCR2/SPON2/TNFRSF8,5
3,GO:0001911,negative regulation of leukocyte mediated cytotoxicity,3/98,26/18986,0.11538461538461539,22.354003139717424,7.848237938616773,3.180796668836076e-4,0.007390443618209253,0.005840761134587882,LGALS9/HAVCR2/IL7R,3
3,GO:0008202,steroid metabolic process,8/98,334/18986,0.023952095808383235,4.640351949162898,4.834808253550434,3.3600408909687635e-4,0.007711703605857577,0.006094656969112789,APOA1/APOF/APOA2/HSD11B1/LEPR/SERPINA6/PON1/GAL,8
3,GO:0032757,positive regulation of interleukin-8 production,4/98,65/18986,0.06153846153846154,11.922135007849294,6.353565734609408,3.550146287559511e-4,0.008049849774924097,0.006361898166546087,ADIPOQ/LGALS9/APOA2/GDF2,4
3,GO:0042129,regulation of T cell proliferation,6/98,182/18986,0.03296703296703297,6.3868580399192645,5.259826938373495,3.6251904947211814e-4,0.00812215298936341,0.006419040312081491,LGALS9/IGFBP2/VSIG4/TNFRSF1B/HAVCR2/TNFRSF9,6
3,GO:0006956,complement activation,4/98,67/18986,0.05970149253731343,11.566250380749315,6.2407180491068415,3.987602884810453e-4,0.008829021916721497,0.006977687772429932,CFI/CFB/C1RL/VSIG4,4
3,GO:0030301,cholesterol transport,5/98,123/18986,0.04065040650406504,7.87539406006305,5.51023498100719,4.4162358769321553e-4,0.009562183272625797,0.007557114471849796,PLTP/APOA1/ADIPOQ/APOA2/PON1,5
3,GO:0031342,negative regulation of cell killing,3/98,29/18986,0.10344827586206896,20.04152005629838,7.391646007701895,4.420350397016176e-4,0.009562183272625797,0.007557114471849796,LGALS9/HAVCR2/IL7R,3
3,GO:0032703,negative regulation of interleukin-2 production,3/98,30/18986,0.1,19.373469387755105,7.2544384284405,4.893167586918256e-4,0.010464706134750179,0.008270389713296047,VSIG4/HAVCR2/LAG3,3
3,GO:0016032,viral process,9/98,452/18986,0.01991150442477876,3.857549214376016,4.428979890634255,5.489975644372572e-4,0.011564628031650011,0.009139671910465613,LGALS9/LGALS1/MRC1/ITGAV/IL32/TNFRSF4/SIGLEC1/ITGA2/CTSB,9
3,GO:0032722,positive regulation of chemokine production,4/98,73/18986,0.0547945205479452,10.615599664523344,5.929020391000859,5.530374722893204e-4,0.011564628031650011,0.009139671910465613,ADIPOQ/LGALS9/HAVCR2/HMOX1,4
3,GO:0031589,cell-substrate adhesion,8/98,361/18986,0.0221606648199446,4.293289615014981,4.550516950659469,5.622061114634523e-4,0.011587918930045286,0.00915807900226746,APOA1/SKAP1/EPHA1/THY1/ITGAV/ITGA11/SIGLEC1/ITGA2,8
3,GO:0002706,regulation of lymphocyte mediated immunity,6/98,198/18986,0.030303030303030304,5.870748299319728,4.96264670472484,5.664657500340948e-4,0.011587918930045286,0.00915807900226746,LGALS9/TNFRSF1B/HAVCR2/IL7R/FCER2/LAG3,6
3,GO:0015918,sterol transport,5/98,132/18986,0.03787878787878788,7.338435374149661,5.263718221191371,6.095729178202163e-4,0.012335658401480076,0.00974902697091076,PLTP/APOA1/ADIPOQ/APOA2/PON1,5
3,GO:0034368,protein-lipid complex remodeling,3/98,33/18986,0.09090909090909091,17.612244897959183,6.879734287851083,6.502318634494483e-4,0.012881435442230122,0.01018036147428333,PLTP/APOA1/APOA2,3
3,GO:0034369,plasma lipoprotein particle remodeling,3/98,33/18986,0.09090909090909091,17.612244897959183,6.879734287851083,6.502318634494483e-4,0.012881435442230122,0.01018036147428333,PLTP/APOA1/APOA2,3
3,GO:0070570,regulation of neuron projection regeneration,3/98,34/18986,0.08823529411764706,17.094237695078032,6.765621494188504,7.104978838376061e-4,0.013928718931066404,0.011008042871299754,RTN4R/THY1/PTPRS,3
3,GO:0010614,negative regulation of cardiac muscle hypertrophy,3/98,35/18986,0.08571428571428572,16.60583090379009,6.6562588837023196,7.742095563847341e-4,0.014717801869859288,0.011631665105493134,TNFRSF1A/TNFRSF1B/BMP10,3
3,GO:0034367,protein-containing complex remodeling,3/98,35/18986,0.08571428571428572,16.60583090379009,6.6562588837023196,7.742095563847341e-4,0.014717801869859288,0.011631665105493134,PLTP/APOA1/APOA2,3
3,GO:0050858,negative regulation of antigen receptor-mediated signaling pathway,3/98,35/18986,0.08571428571428572,16.60583090379009,6.6562588837023196,7.742095563847341e-4,0.014717801869859288,0.011631665105493134,THY1/CD72/CD22,3
3,GO:0014741,negative regulation of muscle hypertrophy,3/98,37/18986,0.08108108108108109,15.708218422504137,6.450496387787879,9.122761219648496e-4,0.017118110726871503,0.013528659576637077,TNFRSF1A/TNFRSF1B/BMP10,3
3,GO:0043086,negative regulation of catalytic activity,9/98,486/18986,0.018518518518518517,3.5876795162509443,4.162632876788988,9.186658785409254e-4,0.017118110726871503,0.013528659576637077,ADIPOQ/SERPINF1/APOA2/EPHA1/THY1/SERPINA6/WFIKKN2/CSTB/TIMP4,9
3,GO:0002819,regulation of adaptive immune response,6/98,221/18986,0.027149321266968326,5.259765444639394,4.588100160869645,0.0010042846897199975,0.01853003711816701,0.014644522874864362,SKAP1/LGALS1/TNFRSF1B/HAVCR2/IL7R/FCER2,6
3,GO:0008203,cholesterol metabolic process,5/98,148/18986,0.033783783783783786,6.5450910093767245,4.8780639715964265,0.0010208871920247657,0.01860175334784177,0.014701201118910687,APOA1/APOF/APOA2/LEPR/PON1,5
3,GO:0009612,response to mechanical stimulus,6/98,222/18986,0.02702702702702703,5.23607280750138,4.5730141223991705,0.0010279396111453475,0.01860175334784177,0.014701201118910687,TNFRSF1A/IGFBP2/TNFRSF11A/RETN/ITGA2/TNFRSF8,6
3,GO:0043123,positive regulation of canonical NF-kappaB signal transduction,6/98,223/18986,0.026905829596412557,5.212592660382539,4.55801878316919,0.0010520209242720698,0.018856222661714623,0.014902311438560748,ADIPOQ/LGALS9/TNFRSF1A/LGALS1/SHISA5/HMOX1,6
3,GO:0002460,adaptive immune response based on somatic recombination of immune receptors built from immunoglobulin superfamily domains,8/98,400/18986,0.02,3.874693877551021,4.185563979496097,0.0010926892466913143,0.019400388323330697,0.015332372448608016,CFI/C1RL/LGALS1/TNFRSF1B/HAVCR2/CD27/IL7R/FCER2,8
3,GO:0018158,protein oxidation,2/98,10/18986,0.2,38.74693877551021,8.600124778234933,0.0011551790409757973,0.019931914470308017,0.015752444290254058,APOA1/APOA2,2
3,GO:0050859,negative regulation of B cell receptor signaling pathway,2/98,10/18986,0.2,38.74693877551021,8.600124778234933,0.0011551790409757973,0.019931914470308017,0.015752444290254058,CD72/CD22,2
3,GO:1905918,regulation of CoA-transferase activity,2/98,10/18986,0.2,38.74693877551021,8.600124778234933,0.0011551790409757973,0.019931914470308017,0.015752444290254058,APOA1/APOA2,2
3,GO:0033627,cell adhesion mediated by integrin,4/98,89/18986,0.0449438202247191,8.70717725292364,5.249516081958248,0.0011649896874250168,0.019931914470308017,0.015752444290254058,SKAP1/ITGAV/ITGA11/ITGA2,4
3,GO:0050672,negative regulation of lymphocyte proliferation,4/98,90/18986,0.044444444444444446,8.610430839002268,5.212798164712885,0.0012143984163316805,0.020590070446272275,0.016272593288541155,LGALS9/VSIG4/HAVCR2/GAL,4
3,GO:0032945,negative regulation of mononuclear cell proliferation,4/98,92/18986,0.043478260869565216,8.423247559893523,5.141043207893656,0.001317587009425063,0.02184033096077838,0.017260689998087057,LGALS9/VSIG4/HAVCR2/GAL,4
3,GO:0042100,B cell proliferation,4/98,92/18986,0.043478260869565216,8.423247559893523,5.141043207893656,0.001317587009425063,0.02184033096077838,0.017260689998087057,MZB1/TNFRSF4/IL7R/CD22,4
3,GO:0070232,regulation of T cell apoptotic process,3/98,42/18986,0.07142857142857142,13.838192419825072,5.999541128169242,0.0013229530975179251,0.02184033096077838,0.017260689998087057,LGALS9/CD27/IL7R,3
3,GO:0030217,T cell differentiation,7/98,320/18986,0.021875,4.237946428571428,4.207696135295121,0.0013510220563787668,0.02210976965308556,0.01747363080698579,LGALS9/LGALS1/LEPR/CD27/TNFRSF9/IL7R/LAG3,7
3,GO:0016125,sterol metabolic process,5/98,159/18986,0.031446540880503145,6.092285970992171,4.644576677357261,0.0014041560520829358,0.022586510171111837,0.017850404872633275,APOA1/APOF/APOA2/LEPR/PON1,5
3,GO:1902652,secondary alcohol metabolic process,5/98,159/18986,0.031446540880503145,6.092285970992171,4.644576677357261,0.0014041560520829358,0.022586510171111837,0.017850404872633275,APOA1/APOF/APOA2/LEPR/PON1,5
3,GO:0030098,lymphocyte differentiation,8/98,426/18986,0.018779342723004695,3.6382102136629304,3.966893696116679,0.0016284721853894637,0.02554201048657332,0.02018617418061866,LGALS9/LGALS1/LEPR/CD27/CD79B/TNFRSF9/IL7R/LAG3,8
3,GO:0051345,positive regulation of hydrolase activity,7/98,331/18986,0.021148036253776436,4.097108329736729,4.094474002974468,0.0016386303314587878,0.02554201048657332,0.02018617418061866,APOA1/LGALS9/RTN4R/EPHA1/NTRK3/THY1/PSME2,7
3,GO:0001910,regulation of leukocyte mediated cytotoxicity,4/98,98/18986,0.04081632653061224,7.907538525614326,4.938200489215927,0.001663751196682998,0.02554201048657332,0.02018617418061866,LGALS9/HAVCR2/IL7R/LAG3,4
3,GO:0034370,triglyceride-rich lipoprotein particle remodeling,2/98,12/18986,0.16666666666666666,32.2891156462585,7.809618424358843,0.0016828954837062122,0.02554201048657332,0.02018617418061866,APOA1/APOA2,2
3,GO:0034372,very-low-density lipoprotein particle remodeling,2/98,12/18986,0.16666666666666666,32.2891156462585,7.809618424358843,0.0016828954837062122,0.02554201048657332,0.02018617418061866,APOA1/APOA2,2
3,GO:1904729,regulation of intestinal lipid absorption,2/98,12/18986,0.16666666666666666,32.2891156462585,7.809618424358843,0.0016828954837062122,0.02554201048657332,0.02018617418061866,APOA1/APOA2,2
3,GO:2000833,positive regulation of steroid hormone secretion,2/98,12/18986,0.16666666666666666,32.2891156462585,7.809618424358843,0.0016828954837062122,0.02554201048657332,0.02018617418061866,GAL/RETN,2
3,GO:0002701,negative regulation of production of molecular mediator of immune response,3/98,46/18986,0.06521739130434782,12.634871339840283,5.6908333142113054,0.001723449626024385,0.025795636072335978,0.020386617691263906,APOA1/APOA2/CD22,3
3,GO:0070664,negative regulation of leukocyte proliferation,4/98,99/18986,0.04040404040404041,7.8276643990929715,4.906068692838402,0.001727019205693057,0.025795636072335978,0.020386617691263906,LGALS9/VSIG4/HAVCR2/GAL,4
3,GO:1902105,regulation of leukocyte differentiation,7/98,337/18986,0.020771513353115726,4.0241627808393385,4.034759860430199,0.0018144610562094903,0.026888312659734338,0.021250173828628344,ADIPOQ/LGALS9/LGALS1/TNFRSF11A/CD27/IL7R/LAG3,7
3,GO:0032480,negative regulation of type I interferon production,3/98,47/18986,0.06382978723404255,12.366044290056447,5.619596101174313,0.0018341115269753278,0.026967171045059118,0.02131249660868535,HAVCR2/SIGLEC1/PTPRS,3
3,GO:0050727,regulation of inflammatory response,8/98,438/18986,0.0182648401826484,3.5385332215077807,3.8716555687276917,0.00193743270244182,0.027839516971069612,0.022001922635562034,APOA1/ADIPOQ/FABP4/TNFRSF1A/LGALS1/TNFRSF11A/TNFRSF1B/SIGLEC10,8
3,GO:0006953,acute-phase response,3/98,48/18986,0.0625,12.108418367346939,5.55048766691123,0.0019491119722545218,0.027839516971069612,0.022001922635562034,ORM1/IL1RN/TNFRSF11A,3
3,GO:0051346,negative regulation of hydrolase activity,6/98,252/18986,0.023809523809523808,4.612730806608358,4.158588674014845,0.0019597464906334675,0.027839516971069612,0.022001922635562034,SERPINF1/APOA2/SERPINA6/WFIKKN2/CSTB/TIMP4,6
3,GO:0034380,high-density lipoprotein particle assembly,2/98,13/18986,0.15384615384615385,29.805337519623237,7.4834522637288625,0.0019821972763673368,0.027839516971069612,0.022001922635562034,APOA1/APOA2,2
3,GO:0070278,extracellular matrix constituent secretion,2/98,13/18986,0.15384615384615385,29.805337519623237,7.4834522637288625,0.0019821972763673368,0.027839516971069612,0.022001922635562034,TNFRSF1A/TNFRSF1B,2
3,GO:1902337,regulation of apoptotic process involved in morphogenesis,2/98,13/18986,0.15384615384615385,29.805337519623237,7.4834522637288625,0.0019821972763673368,0.027839516971069612,0.022001922635562034,TNFRSF1A/TNFRSF1B,2
3,GO:0042269,regulation of natural killer cell mediated cytotoxicity,3/98,49/18986,0.061224489795918366,11.86130778842149,5.4833999393948,0.0020685104702583097,0.028591813438106482,0.022596472055508954,LGALS9/HAVCR2/LAG3,3
3,GO:0043029,T cell homeostasis,3/98,49/18986,0.061224489795918366,11.86130778842149,5.4833999393948,0.0020685104702583097,0.028591813438106482,0.022596472055508954,SIT1/LGALS9/IL7R,3
3,GO:0052547,regulation of peptidase activity,7/98,346/18986,0.02023121387283237,3.919488026424443,3.947727303744721,0.002105347989215223,0.028591813438106482,0.022596472055508954,SERPINF1/LGALS9/SERPINA6/WFIKKN2/CSTB/TIMP4/PSME2,7
3,GO:0032602,chemokine production,4/98,105/18986,0.0380952380952381,7.380369290573373,4.722297253203653,0.0021421071704426217,0.028591813438106482,0.022596472055508954,ADIPOQ/LGALS9/HAVCR2/HMOX1,4
3,GO:0032637,interleukin-8 production,4/98,105/18986,0.0380952380952381,7.380369290573373,4.722297253203653,0.0021421071704426217,0.028591813438106482,0.022596472055508954,ADIPOQ/LGALS9/APOA2/GDF2,4
3,GO:0032642,regulation of chemokine production,4/98,105/18986,0.0380952380952381,7.380369290573373,4.722297253203653,0.0021421071704426217,0.028591813438106482,0.022596472055508954,ADIPOQ/LGALS9/HAVCR2/HMOX1,4
3,GO:0032677,regulation of interleukin-8 production,4/98,105/18986,0.0380952380952381,7.380369290573373,4.722297253203653,0.0021421071704426217,0.028591813438106482,0.022596472055508954,ADIPOQ/LGALS9/APOA2/GDF2,4
3,GO:0071827,plasma lipoprotein particle organization,3/98,50/18986,0.06,11.62408163265306,5.418232416817471,0.0021923652883842322,0.0288186761764605,0.022775764549101567,PLTP/APOA1/APOA2,3
3,GO:0140894,endolysosomal toll-like receptor signaling pathway,3/98,50/18986,0.06,11.62408163265306,5.418232416817471,0.0021923652883842322,0.0288186761764605,0.022775764549101567,COLEC12/HAVCR2/PTPRS,3
3,GO:0002703,regulation of leukocyte mediated immunity,6/98,258/18986,0.023255813953488372,4.505457997152349,4.08351609699731,0.002205042172906648,0.0288186761764605,0.022775764549101567,LGALS9/TNFRSF1B/HAVCR2/IL7R/FCER2/LAG3,6
3,GO:0002291,T cell activation via T cell receptor contact with antigen bound to MHC molecule on antigen presenting cell,2/98,14/18986,0.14285714285714285,27.676384839650144,7.19216737078235,0.0023048002701867663,0.028917560723276628,0.022853914258062463,LGALS9/HAVCR2,2
3,GO:0010745,negative regulation of macrophage derived foam cell differentiation,2/98,14/18986,0.14285714285714285,27.676384839650144,7.19216737078235,0.0023048002701867663,0.028917560723276628,0.022853914258062463,ADIPOQ/ITGAV,2
3,GO:0033700,phospholipid efflux,2/98,14/18986,0.14285714285714285,27.676384839650144,7.19216737078235,0.0023048002701867663,0.028917560723276628,0.022853914258062463,APOA1/APOA2,2
3,GO:0071639,positive regulation of monocyte chemotactic protein-1 production,2/98,14/18986,0.14285714285714285,27.676384839650144,7.19216737078235,0.0023048002701867663,0.028917560723276628,0.022853914258062463,ADIPOQ/LGALS9,2
3,GO:1904478,regulation of intestinal absorption,2/98,14/18986,0.14285714285714285,27.676384839650144,7.19216737078235,0.0023048002701867663,0.028917560723276628,0.022853914258062463,APOA1/APOA2,2
3,GO:1904748,regulation of apoptotic process involved in development,2/98,14/18986,0.14285714285714285,27.676384839650144,7.19216737078235,0.0023048002701867663,0.028917560723276628,0.022853914258062463,TNFRSF1A/TNFRSF1B,2
3,GO:0140353,lipid export from cell,3/98,52/18986,0.057692307692307696,11.177001569858712,5.293289883430123,0.0024536708304101758,0.030581513263787753,0.024168957011987298,TNFRSF11A/GAL/RETN,3
3,GO:0071825,protein-lipid complex organization,3/98,53/18986,0.05660377358490566,10.966114747785907,5.233346039715481,0.002591232004926021,0.031975432260273134,0.025270588838171005,PLTP/APOA1/APOA2,3
3,GO:0038065,collagen-activated signaling pathway,2/98,15/18986,0.13333333333333333,25.8312925170068,6.92987171493846,0.0026504609099907593,0.031975432260273134,0.025270588838171005,ITGA11/ITGA2,2
3,GO:0046598,positive regulation of viral entry into host cell,2/98,15/18986,0.13333333333333333,25.8312925170068,6.92987171493846,0.0026504609099907593,0.031975432260273134,0.025270588838171005,LGALS9/LGALS1,2
3,GO:0048681,negative regulation of axon regeneration,2/98,15/18986,0.13333333333333333,25.8312925170068,6.92987171493846,0.0026504609099907593,0.031975432260273134,0.025270588838171005,RTN4R/PTPRS,2
3,GO:0075294,positive regulation by symbiont of entry into host,2/98,15/18986,0.13333333333333333,25.8312925170068,6.92987171493846,0.0026504609099907593,0.031975432260273134,0.025270588838171005,LGALS9/LGALS1,2
3,GO:0050771,negative regulation of axonogenesis,3/98,54/18986,0.05555555555555555,10.763038548752835,5.1749837173671756,0.0027334704271984402,0.032766823847053914,0.025896035626090486,RTN4R/THY1/PTPRS,3
3,GO:0002699,positive regulation of immune effector process,6/98,272/18986,0.022058823529411766,4.273559423769508,3.916938204105273,0.0028672215298045046,0.034094245238189436,0.026945113553085556,LGALS9/MZB1/TNFRSF4/FCER2/SPON2/LAG3,6
3,GO:0002715,regulation of natural killer cell mediated immunity,3/98,55/18986,0.05454545454545454,10.56734693877551,5.11813151797065,0.002880438359655749,0.034094245238189436,0.026945113553085556,LGALS9/HAVCR2/LAG3,3
3,GO:0007565,female pregnancy,5/98,189/18986,0.026455026455026454,5.125256451787064,4.105470493158002,0.002982554693991915,0.03479619360572019,0.027499872232721424,LGALS9/IGFBP2/HAVCR2/ITGA2/CTSB,5
3,GO:0002768,immune response-regulating cell surface receptor signaling pathway,7/98,369/18986,0.018970189701897018,3.6751838946960897,3.7379830390592836,0.0030138069323452153,0.03479619360572019,0.027499872232721424,SKAP1/THY1/CD72/BPIFB1/CD79B/CD22/FCER2,7
3,GO:0001954,positive regulation of cell-matrix adhesion,3/98,56/18986,0.05357142857142857,10.378644314868804,5.062722503586386,0.0030321869029426734,0.03479619360572019,0.027499872232721424,SKAP1/EPHA1/THY1,3
3,GO:0002448,mast cell mediated immunity,3/98,56/18986,0.05357142857142857,10.378644314868804,5.062722503586386,0.0030321869029426734,0.03479619360572019,0.027499872232721424,LGALS9/PTGDS/SPON2,3
3,GO:0002455,humoral immune response mediated by circulating immunoglobulin,3/98,56/18986,0.05357142857142857,10.378644314868804,5.062722503586386,0.0030321869029426734,0.03479619360572019,0.027499872232721424,CFI/C1RL/FCER2,3
3,GO:0045580,regulation of T cell differentiation,5/98,191/18986,0.02617801047120419,5.0715888449620685,4.073660068944197,0.003120268112307142,0.03558996719613359,0.028127201548261514,LGALS9/LGALS1/CD27/IL7R/LAG3,5
3,GO:0098742,cell-cell adhesion via plasma-membrane adhesion molecules,6/98,280/18986,0.02142857142857143,4.151457725947522,3.826708561564729,0.0033069849091715156,0.0374924433678361,0.02963075254698384,APOA1/ADIPOQ/IL1RN/CDHR5/DSC2/PTPRS,6
3,GO:0052372,modulation by symbiont of entry into host,3/98,58/18986,0.05172413793103448,10.02076002814919,4.9559864975677925,0.0033502244924105947,0.037699410315589814,0.029794321145437893,LGALS9/LGALS1/ITGAV,3
3,GO:0010721,negative regulation of cell development,6/98,281/18986,0.021352313167259787,4.136683855036677,3.8156664530948596,0.003365303365047337,0.037699410315589814,0.029794321145437893,ADIPOQ/RTN4R/LGALS1/THY1/PTPRS/LAG3,6
3,GO:0060135,maternal process involved in female pregnancy,3/98,59/18986,0.05084745762711865,9.850916637841578,4.904544921749371,0.0035166100456949694,0.03916130240235463,0.030949672965225737,LGALS9/HAVCR2/CTSB,3
3,GO:0010466,negative regulation of peptidase activity,5/98,198/18986,0.025252525252525252,4.892290249433107,3.9657276855959904,0.0036385396922991604,0.040230600700001305,0.031794752944293216,SERPINF1/SERPINA6/WFIKKN2/CSTB/TIMP4,5
3,GO:0043500,muscle adaptation,4/98,122/18986,0.03278688524590164,6.351957176313148,4.271702538024266,0.0036827201784059302,0.040230600700001305,0.031794752944293216,TNFRSF1A/TNFRSF1B/BMP10/HMOX1,4
3,GO:0002707,negative regulation of lymphocyte mediated immunity,3/98,60/18986,0.05,9.686734693877552,4.854316810422574,0.0036879692490864348,0.040230600700001305,0.031794752944293216,LGALS9/HAVCR2/IL7R,3
3,GO:0030336,negative regulation of cell migration,7/98,383/18986,0.018276762402088774,3.540842969041403,3.6183541433377018,0.0036981370462806726,0.040230600700001305,0.031794752944293216,ADIPOQ/SERPINF1/EPHA1/THY1/GDF2/BMP10/HMOX1,7
3,GO:0006957,"complement activation, alternative pathway",2/98,18/18986,0.1111111111111111,21.52607709750567,6.275622182345686,0.003823380812617194,0.04062962096967856,0.03211010371394139,CFB/VSIG4,2
3,GO:0030299,intestinal cholesterol absorption,2/98,18/18986,0.1111111111111111,21.52607709750567,6.275622182345686,0.003823380812617194,0.04062962096967856,0.03211010371394139,APOA1/APOA2,2
3,GO:0034384,high-density lipoprotein particle clearance,2/98,18/18986,0.1111111111111111,21.52607709750567,6.275622182345686,0.003823380812617194,0.04062962096967856,0.03211010371394139,APOA1/APOA2,2
3,GO:0031102,neuron projection regeneration,3/98,61/18986,0.04918032786885246,9.527935764469722,4.805252854802339,0.003864347584257419,0.04062962096967856,0.03211010371394139,RTN4R/THY1/PTPRS,3
3,GO:0070228,regulation of lymphocyte apoptotic process,3/98,61/18986,0.04918032786885246,9.527935764469722,4.805252854802339,0.003864347584257419,0.04062962096967856,0.03211010371394139,LGALS9/CD27/IL7R,3
3,GO:0070231,T cell apoptotic process,3/98,61/18986,0.04918032786885246,9.527935764469722,4.805252854802339,0.003864347584257419,0.04062962096967856,0.03211010371394139,LGALS9/CD27/IL7R,3
3,GO:0007369,gastrulation,5/98,202/18986,0.024752475247524754,4.795413214790867,3.9063042116757978,0.003961031173465635,0.041414781491457366,0.0327306260123213,APOA1/ADIPOQ/IL1RN/ITGAV/ITGA2,5
3,GO:0050728,negative regulation of inflammatory response,5/98,203/18986,0.024630541871921183,4.771790489594853,3.8916919172667055,0.004044751666759781,0.041739465495563406,0.032987227890391574,APOA1/ADIPOQ/TNFRSF1A/TNFRSF1B/SIGLEC10,5
3,GO:0002823,negative regulation of adaptive immune response based on somatic recombination of immune receptors built from immunoglobulin superfamily domains,3/98,62/18986,0.04838709677419355,9.374259381171823,4.7573065256687395,0.004045789446315454,0.041739465495563406,0.032987227890391574,LGALS1/HAVCR2/IL7R,3
3,GO:0015850,organic hydroxy compound transport,6/98,292/18986,0.02054794520547945,3.9808498741962537,3.6974793919914046,0.004058619652331617,0.041739465495563406,0.032987227890391574,PLTP/APOA1/ADIPOQ/APOA2/PON1/GAL,6
3,GO:0002718,regulation of cytokine production involved in immune response,4/98,126/18986,0.031746031746031744,6.150307742144476,4.178043523203704,0.004131581511453279,0.04203046705164903,0.03321721010346221,APOA1/APOA2/TNFRSF1B/SPON2,4
3,GO:0010811,positive regulation of cell-substrate adhesion,4/98,126/18986,0.031746031746031744,6.150307742144476,4.178043523203704,0.004131581511453279,0.04203046705164903,0.03321721010346221,APOA1/SKAP1/EPHA1/THY1,4
3,GO:0002367,cytokine production involved in immune response,4/98,127/18986,0.031496062992125984,6.101880122127591,4.155259313929391,0.004249315426643071,0.04286202945837878,0.033874404398841776,APOA1/APOA2/TNFRSF1B/SPON2,4
3,GO:0045721,negative regulation of gluconeogenesis,2/98,19/18986,0.10526315789473684,20.393125671321158,6.091870206925452,0.004258873277745394,0.04286202945837878,0.033874404398841776,ADIPOQ/LEPR,2
3,GO:0002822,regulation of adaptive immune response based on somatic recombination of immune receptors built from immunoglobulin superfamily domains,5/98,206/18986,0.024271844660194174,4.702298395086189,3.848421094863255,0.004303514704641847,0.04308092911774445,0.034047403570318754,LGALS1/TNFRSF1B/HAVCR2/IL7R/FCER2,5
3,GO:0050777,negative regulation of immune response,5/98,207/18986,0.024154589371980676,4.679581977718623,3.8341824621323015,0.004392337665809376,0.04373745760345633,0.03456626634245975,LGALS9/LGALS1/VSIG4/HAVCR2/IL7R,5
3,GO:2000146,negative regulation of cell motility,7/98,398/18986,0.017587939698492462,3.4073941134242642,3.496211926224172,0.0045566169503451544,0.04460276731868999,0.03525013156290002,ADIPOQ/SERPINF1/EPHA1/THY1/GDF2/BMP10/HMOX1,7
3,GO:0032612,interleukin-1 production,4/98,130/18986,0.03076923076923077,5.961067503924647,4.088343514556293,0.004616080344796036,0.04460276731868999,0.03525013156290002,APOA1/ORM1/LGALS9/HAVCR2,4
3,GO:0032652,regulation of interleukin-1 production,4/98,130/18986,0.03076923076923077,5.961067503924647,4.088343514556293,0.004616080344796036,0.04460276731868999,0.03525013156290002,APOA1/ORM1/LGALS9/HAVCR2,4
3,GO:0051057,positive regulation of small GTPase mediated signal transduction,3/98,65/18986,0.046153846153846156,8.94160125588697,4.61974564323484,0.004620924101045597,0.04460276731868999,0.03525013156290002,APOA1/RTN4R/ITGAV,3
3,GO:0044703,multi-organism reproductive process,5/98,210/18986,0.023809523809523808,4.612730806608358,3.7920064122256703,0.0046666580316576415,0.04460276731868999,0.03525013156290002,LGALS9/IGFBP2/HAVCR2/ITGA2/CTSB,5
3,GO:0034162,toll-like receptor 9 signaling pathway,2/98,20/18986,0.1,19.373469387755105,5.921662429950452,0.004716233101179228,0.04460276731868999,0.03525013156290002,HAVCR2/PTPRS,2
3,GO:0043691,reverse cholesterol transport,2/98,20/18986,0.1,19.373469387755105,5.921662429950452,0.004716233101179228,0.04460276731868999,0.03525013156290002,APOA1/APOA2,2
3,GO:0045953,negative regulation of natural killer cell mediated cytotoxicity,2/98,20/18986,0.1,19.373469387755105,5.921662429950452,0.004716233101179228,0.04460276731868999,0.03525013156290002,LGALS9/HAVCR2,2
3,GO:0071605,monocyte chemotactic protein-1 production,2/98,20/18986,0.1,19.373469387755105,5.921662429950452,0.004716233101179228,0.04460276731868999,0.03525013156290002,ADIPOQ/LGALS9,2
3,GO:0071637,regulation of monocyte chemotactic protein-1 production,2/98,20/18986,0.1,19.373469387755105,5.921662429950452,0.004716233101179228,0.04460276731868999,0.03525013156290002,ADIPOQ/LGALS9,2
3,GO:0032623,interleukin-2 production,3/98,66/18986,0.045454545454545456,8.806122448979592,4.575853511196814,0.004823042713837441,0.04493547716555477,0.03551307636608809,VSIG4/HAVCR2/LAG3,3
3,GO:0032663,regulation of interleukin-2 production,3/98,66/18986,0.045454545454545456,8.806122448979592,4.575853511196814,0.004823042713837441,0.04493547716555477,0.03551307636608809,VSIG4/HAVCR2/LAG3,3
3,GO:1901224,positive regulation of non-canonical NF-kappaB signal transduction,3/98,66/18986,0.045454545454545456,8.806122448979592,4.575853511196814,0.004823042713837441,0.04493547716555477,0.03551307636608809,LGALS9/HAVCR2/CD27,3
3,GO:0050851,antigen receptor-mediated signaling pathway,5/98,212/18986,0.02358490566037736,4.569214478244128,3.764328547268427,0.004856184874840297,0.04494740914514008,0.0355225063605811,SKAP1/THY1/CD72/CD79B/CD22,5
3,GO:0045834,positive regulation of lipid metabolic process,4/98,132/18986,0.030303030303030304,5.870748299319728,4.04488569506093,0.00487208898278883,0.04494740914514008,0.0355225063605811,APOA1/ADIPOQ/TNFRSF1A/APOA2,4
3,GO:0050864,regulation of B cell activation,4/98,133/18986,0.03007518796992481,5.826607334663189,4.023489819595649,0.005003601061123639,0.04551572621468257,0.0359716545340044,MZB1/CD27/TNFRSF4/CD22,4
3,GO:0043122,regulation of canonical NF-kappaB signal transduction,6/98,305/18986,0.019672131147540985,3.811174305787889,3.565028332654573,0.005008537144743793,0.04551572621468257,0.0359716545340044,ADIPOQ/LGALS9/TNFRSF1A/LGALS1/SHISA5/HMOX1,6
3,GO:0002820,negative regulation of adaptive immune response,3/98,67/18986,0.04477611940298507,8.674687785561986,4.53288166177451,0.005030430952526022,0.04551572621468257,0.0359716545340044,LGALS1/HAVCR2/IL7R,3
3,GO:0030888,regulation of B cell proliferation,3/98,67/18986,0.04477611940298507,8.674687785561986,4.53288166177451,0.005030430952526022,0.04551572621468257,0.0359716545340044,MZB1/TNFRSF4/CD22,3
3,GO:0030100,regulation of endocytosis,6/98,307/18986,0.019543973941368076,3.7863458086817787,3.5452979800163305,0.0051680421698633355,0.04633847590017788,0.03662188402424708,APOA1/ADIPOQ/APOA2/ITGAV/CD22/ITGA2,6
3,GO:0002716,negative regulation of natural killer cell mediated immunity,2/98,21/18986,0.09523809523809523,18.45092322643343,5.763376392893642,0.005195227638117711,0.04633847590017788,0.03662188402424708,LGALS9/HAVCR2,2
3,GO:0048535,lymph node development,2/98,21/18986,0.09523809523809523,18.45092322643343,5.763376392893642,0.005195227638117711,0.04633847590017788,0.03662188402424708,TNFRSF11A/IL7R,2
3,GO:0006959,humoral immune response,6/98,310/18986,0.01935483870967742,3.7497037524687298,3.516010571423255,0.005414263444395305,0.047582952895159084,0.037605409945108664,CFI/CFB/C1RL/VSIG4/FCER2/SPON2,6
3,GO:0044706,multi-multicellular organism process,5/98,218/18986,0.022935779816513763,4.443456281595207,3.6833176531905822,0.005457577155908967,0.047582952895159084,0.037605409945108664,LGALS9/IGFBP2/HAVCR2/ITGA2/CTSB,5
3,GO:0010611,regulation of cardiac muscle hypertrophy,3/98,69/18986,0.043478260869565216,8.423247559893523,4.449566575692186,0.0054611678136845705,0.047582952895159084,0.037605409945108664,TNFRSF1A/TNFRSF1B/BMP10,3
3,GO:0010803,regulation of tumor necrosis factor-mediated signaling pathway,3/98,69/18986,0.043478260869565216,8.423247559893523,4.449566575692186,0.0054611678136845705,0.047582952895159084,0.037605409945108664,APOA1/ADIPOQ/TNFRSF1A,3
3,GO:0043903,regulation of biological process involved in symbiotic interaction,3/98,69/18986,0.043478260869565216,8.423247559893523,4.449566575692186,0.0054611678136845705,0.047582952895159084,0.037605409945108664,LGALS9/LGALS1/ITGAV,3
3,GO:0050854,regulation of antigen receptor-mediated signaling pathway,3/98,70/18986,0.04285714285714286,8.302915451895045,4.40916134787816,0.005684589691576154,0.04894597337779069,0.03868262228470174,THY1/CD72/CD22,3
3,GO:0044241,lipid digestion,2/98,22/18986,0.09090909090909091,17.612244897959183,5.61565014601552,0.005695626020051095,0.04894597337779069,0.03868262228470174,APOA1/APOA2,2
3,GO:1903054,negative regulation of extracellular matrix organization,2/98,22/18986,0.09090909090909091,17.612244897959183,5.61565014601552,0.005695626020051095,0.04894597337779069,0.03868262228470174,TNFRSF1A/TNFRSF1B,2
3,GO:0040013,negative regulation of locomotion,7/98,416/18986,0.016826923076923076,3.2599587912087915,3.3571178340586423,0.005776934948069889,0.049419052601216054,0.039056502782883994,ADIPOQ/SERPINF1/EPHA1/THY1/GDF2/BMP10/HMOX1,7
4,GO:0007631,feeding behavior,8/68,108/18986,0.07407407407407407,20.681917211328972,12.297686967947566,4.6961293505761365e-9,7.274304364042436e-6,5.6897314552769825e-6,GCG/LEP/OXT/ACE2/PPY/PYY/GDF15/REN,8
4,GO:0022600,digestive system process,6/68,112/18986,0.05357142857142857,14.957457983193276,8.881892482977424,2.99334231550164e-6,0.00231834362335602,0.0018133352658644146,PRAP1/LEP/OXT/MUC13/FABP1/HEPH,6
4,GO:0042756,drinking behavior,3/68,11/18986,0.2727272727272727,76.1470588235294,14.946502677036952,7.103132736350938e-6,0.0028061469658345706,0.0021948796559244275,OXT/ACE2/REN,3
4,GO:0016486,peptide hormone processing,4/68,35/18986,0.11428571428571428,31.90924369747899,10.973078385251895,7.2463446503152245e-6,0.0028061469658345706,0.0021948796559244275,FURIN/ACE2/REN/MEP1A,4
4,GO:0007250,activation of NF-kappaB-inducing kinase activity,3/68,12/18986,0.25,69.80147058823529,14.293251731460632,9.446546989629151e-6,0.002820948792114391,0.00220645717761793,TNFRSF10A/CHI3L1/TNFRSF10B,3
4,GO:0140448,signaling receptor ligand precursor processing,4/68,39/18986,0.10256410256410256,28.636500754147814,10.357794151045008,1.1261059319271323e-5,0.002820948792114391,0.00220645717761793,FURIN/ACE2/REN/MEP1A,4
4,GO:0007586,digestion,6/68,144/18986,0.041666666666666664,11.633578431372548,7.679259285805586,1.2747993250355546e-5,0.002820948792114391,0.00220645717761793,PRAP1/LEP/OXT/MUC13/FABP1/HEPH,6
4,GO:0050892,intestinal absorption,4/68,44/18986,0.09090909090909091,25.38235294117647,9.707584557508211,1.83371308552203e-5,0.0035505269618420305,0.002777110212415601,PRAP1/LEP/FABP1/HEPH,4
4,GO:1905952,regulation of lipid localization,6/68,188/18986,0.031914893617021274,8.910826032540674,6.5353233859606545,5.722714969640682e-5,0.009849428319970464,0.007703912198896405,PRAP1/CES1/FURIN/LEP/OXT/REN,6
4,GO:0032147,activation of protein kinase activity,4/68,61/18986,0.06557377049180328,18.30858244937319,8.11765558394769,6.733876046763118e-5,0.01043077399643607,0.008158622452446683,LEP/TNFRSF10A/CHI3L1/TNFRSF10B,4
4,GO:0032890,regulation of organic acid transport,4/68,78/18986,0.05128205128205128,14.318250377073907,7.066328551185506,1.7583939097996936e-4,0.021482826044801468,0.016803189003137164,CES1/LEP/OXT/ACE2,4
4,GO:0043434,response to peptide hormone,8/68,446/18986,0.017937219730941704,5.008177261936164,5.135486961985488,1.8742321705188892e-4,0.021482826044801468,0.016803189003137164,RARRES2/GCG/LEP/IGFBP1/OXT/GDF15/GIP/AREG,8
4,GO:0008203,cholesterol metabolic process,5/68,148/18986,0.033783783783783786,9.432631160572338,6.174456180692805,1.8888696188764094e-4,0.021482826044801468,0.016803189003137164,CES1/LEP/MVK/SULT2A1/SMPD1,5
4,GO:0001934,positive regulation of protein phosphorylation,8/68,455/18986,0.017582417582417582,4.909114414996768,5.060073191123822,2.1465781604082849e-4,0.021482826044801468,0.016803189003137164,RARRES2/GCG/LEP/KITLG/TNFRSF10A/CHI3L1/TNFRSF10B/AREG,8
4,GO:0042445,hormone metabolic process,6/68,241/18986,0.024896265560165973,6.951183793019282,5.5743124549416825,2.2294664180956525e-4,0.021482826044801468,0.016803189003137164,FURIN/LEP/ACE2/SULT2A1/REN/MEP1A,6
4,GO:0032368,regulation of lipid transport,5/68,156/18986,0.03205128205128205,8.948906485671191,5.9767717888981755,2.4125864555155945e-4,0.021482826044801468,0.016803189003137164,PRAP1/CES1/FURIN/OXT/REN,5
4,GO:0062012,regulation of small molecule metabolic process,7/68,348/18986,0.020114942528735632,5.616210277214334,5.21071953839224,2.4303872823014933e-4,0.021482826044801468,0.016803189003137164,CES1/IGFBP4/GCG/LEP/GDF15/GIP/FABP1,7
4,GO:0016125,sterol metabolic process,5/68,159/18986,0.031446540880503145,8.780059193488716,5.906266629668116,2.63507872725131e-4,0.021482826044801468,0.016803189003137164,CES1/LEP/MVK/SULT2A1/SMPD1,5
4,GO:1902652,secondary alcohol metabolic process,5/68,159/18986,0.031446540880503145,8.780059193488716,5.906266629668116,2.63507872725131e-4,0.021482826044801468,0.016803189003137164,CES1/LEP/MVK/SULT2A1/SMPD1,5
4,GO:0042327,positive regulation of phosphorylation,8/68,479/18986,0.016701461377870562,4.663146260591919,4.868286740249521,0.00030357623721158047,0.023511979572036906,0.01839032889634364,RARRES2/GCG/LEP/KITLG/TNFRSF10A/CHI3L1/TNFRSF10B/AREG,8
4,GO:0042755,eating behavior,3/68,39/18986,0.07692307692307693,21.47737556561086,7.674648927122335,3.6617117947529074e-4,0.02700948366701073,0.021125966294539333,LEP/OXT/GDF15,3
4,GO:0032094,response to food,3/68,40/18986,0.075,20.94044117647059,7.568819326604571,3.948489544155698e-4,0.027800955926805346,0.02174503093456081,LEP/OXT/GDF15,3
4,GO:0044058,regulation of digestive system process,3/68,43/18986,0.06976744186046512,19.479480164158687,7.273136608714508,4.894304659552999e-4,0.03296207790281563,0.02578189777183296,PRAP1/LEP/OXT,3
4,GO:0002002,regulation of angiotensin levels in blood,2/68,10/18986,0.2,55.84117647058824,10.39983798207325,5.583380764051997e-4,0.03603607001465226,0.02818627745361337,ACE2/REN,2
4,GO:1901890,positive regulation of cell junction assembly,4/68,110/18986,0.03636363636363636,10.152941176470588,5.771971473599546,6.531176793089964e-4,0.04046717140998542,0.031652145216196,OXT/ACE2/THBS2/SLITRK1,4
4,GO:0008206,bile acid metabolic process,3/68,51/18986,0.058823529411764705,16.42387543252595,6.612536601407021,8.091764340146045e-4,0.04208696856320247,0.03291909946399786,CES1/LEP/SULT2A1,3
4,GO:0032096,negative regulation of response to food,2/68,12/18986,0.16666666666666666,46.53431372549019,9.459585717184126,8.151123672666715e-4,0.04208696856320247,0.03291909946399786,LEP/GDF15,2
4,GO:0032099,negative regulation of appetite,2/68,12/18986,0.16666666666666666,46.53431372549019,9.459585717184126,8.151123672666715e-4,0.04208696856320247,0.03291909946399786,LEP/GDF15,2
4,GO:0032108,negative regulation of response to nutrient levels,2/68,12/18986,0.16666666666666666,46.53431372549019,9.459585717184126,8.151123672666715e-4,0.04208696856320247,0.03291909946399786,LEP/GDF15,2
4,GO:1904729,regulation of intestinal lipid absorption,2/68,12/18986,0.16666666666666666,46.53431372549019,9.459585717184126,8.151123672666715e-4,0.04208696856320247,0.03291909946399786,PRAP1/LEP,2
4,GO:0140353,lipid export from cell,3/68,52/18986,0.057692307692307696,16.108031674208146,6.540493503334715,8.565266244170325e-4,0.0427987013297414,0.033475794387232756,LEP/OXT/REN,3
4,GO:0036462,TRAIL-activated apoptotic signaling pathway,2/68,13/18986,0.15384615384615385,42.95475113122172,9.072082032566335,9.610875230281288e-4,0.04652264291158036,0.03638854404622949,TNFRSF10A/TNFRSF10B,2
4,GO:0043270,positive regulation of monoatomic ion transport,5/68,215/18986,0.023255813953488372,6.493160054719562,4.856461217522826,0.001038382942841136,0.04829572706548354,0.03777539455157592,PRSS8/GCG/LEP/PDZK1/HEPH,5
4,GO:0034764,positive regulation of transmembrane transport,5/68,216/18986,0.023148148148148147,6.463099128540304,4.841232796303373,0.0010600740608304971,0.04829572706548354,0.03777539455157592,ACE2/OCLN/GIP/PDZK1/HEPH,5
4,GO:1904478,regulation of intestinal absorption,2/68,14/18986,0.14285714285714285,39.88655462184874,8.726278559989563,0.001118677165808941,0.04950945513822999,0.038724734371311006,PRAP1/LEP,2
4,GO:0006869,lipid transport,7/68,459/18986,0.015250544662309368,4.258041778803025,4.23625981073901,0.0012536724843073817,0.04987000439105726,0.03900674462580742,PRAP1/CES1/FURIN/LEP/OXT/FABP1/REN,7
4,GO:0046321,positive regulation of fatty acid oxidation,2/68,15/18986,0.13333333333333333,37.227450980392156,8.415122482046375,0.0012877986931196194,0.04987000439105726,0.03900674462580742,GDF15/FABP1,2
4,GO:0046598,positive regulation of viral entry into host cell,2/68,15/18986,0.13333333333333333,37.227450980392156,8.415122482046375,0.0012877986931196194,0.04987000439105726,0.03900674462580742,FURIN/SMPD1,2
4,GO:0060456,positive regulation of digestive system process,2/68,15/18986,0.13333333333333333,37.227450980392156,8.415122482046375,0.0012877986931196194,0.04987000439105726,0.03900674462580742,PRAP1/OXT,2
4,GO:0075294,positive regulation by symbiont of entry into host,2/68,15/18986,0.13333333333333333,37.227450980392156,8.415122482046375,0.0012877986931196194,0.04987000439105726,0.03900674462580742,FURIN/SMPD1,2
5,GO:0007599,hemostasis,32/487,241/18986,0.13278008298755187,5.176514693227227,10.58706227479265,2.3722362475269002e-14,1.0713018893831481e-10,7.738484348511434e-11,CD40LG/GP5/FGA/PDGFB/PDGFA/SERPING1/TREML1/SERPINE2/PF4/GP6/F2R/HPSE/GP1BA/MPIG6B/LYN/GPI/C4BPB/AP3B1/PLA2G4A/F11/PTPN6/DGKA/SRC/PRKG1/STXBP1/CD59/GP1BB/VAV3/NFE2/TFPI2/SH2B3/ANXA2,32
5,GO:0050900,leukocyte migration,41/487,404/18986,0.10148514851485149,3.956462073312054,9.745686164506022,5.947709155425444e-14,1.3429927272950654e-10,9.70102666982287e-11,IL1B/PDGFB/ITGA6/APP/PPBP/PF4/CCL5/GP1BA/CXCL16/LYN/PPIB/LGALS3/MIF/LBP/CD69/FADD/IRAK4/CRKL/CCL18/MDK/BCR/STAT5B/CCL20/LGMN/JAM3/CCL26/C5/SRC/CXCL3/CXCL11/TREM2/CCL28/CCL3/VAV3/CXCL5/CCL13/ADAM8/AIF1/CCL11/VEGFB/TNF,41
5,GO:0050817,coagulation,31/487,241/18986,0.12863070539419086,5.014748609063877,10.177000840131832,1.4602052621151101e-13,1.7674051939123068e-10,1.2766744431341753e-10,CD40LG/GP5/FGA/PDGFB/ANGPT1/PDGFA/SERPING1/TREML1/SERPINE2/PF4/GP6/F2R/HPSE/GP1BA/MPIG6B/LYN/C4BPB/AP3B1/PLA2G4A/F11/PTPN6/DGKA/SRC/PRKG1/STXBP1/CD59/GP1BB/VAV3/TFPI2/SH2B3/ANXA2,31
5,GO:0097529,myeloid leukocyte migration,31/487,243/18986,0.12757201646090535,4.97347495796047,10.114623456768562,1.830762293358177e-13,1.7674051939123068e-10,1.2766744431341753e-10,IL1B/PDGFB/APP/PPBP/PF4/CCL5/LYN/PPIB/LGALS3/MIF/LBP/IRAK4/CCL18/MDK/BCR/STAT5B/LGMN/JAM3/CCL26/C5/CXCL3/CXCL11/TREM2/CCL3/VAV3/CXCL5/CCL13/ADAM8/AIF1/CCL11/VEGFB,31
5,GO:0006959,humoral immune response,35/487,310/18986,0.11290322580645161,4.401602967476982,9.797565851599723,1.9568259454299233e-13,1.7674051939123068e-10,1.2766744431341753e-10,FGA/IL1B/APP/CFHR5/SERPING1/C2/PPBP/PF4/CCL5/LGALS3/GPI/C4BPB/CCL18/CCL17/IL7/CCL20/PTPN6/RGCC/CCL26/PGLYRP1/C5/CXCL3/C8B/MMP7/CD59/CXCL11/TREM2/CCL28/CCL3/B2M/CXCL5/CCL13/CCL11/C1R/TNF,35
5,GO:0007596,blood coagulation,30/487,234/18986,0.1282051282051282,4.998157215816353,9.984806528941814,3.976739178386909e-13,2.9931590215992134e-10,2.1620903006703561e-10,CD40LG/GP5/FGA/PDGFB/PDGFA/SERPING1/TREML1/SERPINE2/PF4/GP6/F2R/HPSE/GP1BA/MPIG6B/LYN/C4BPB/AP3B1/PLA2G4A/F11/PTPN6/DGKA/SRC/PRKG1/STXBP1/CD59/GP1BB/VAV3/TFPI2/SH2B3/ANXA2,30
5,GO:0006935,chemotaxis,43/487,472/18986,0.09110169491525423,3.5516566317474676,9.108330003555158,5.901605944728131e-13,3.807378920913177e-10,2.750237116197365e-10,IL1B/PDGFB/ANGPT1/PDGFA/APP/SEMA4D/PPBP/PF4/CCL5/CXCL16/PLXNB3/LYN/PPIB/LGALS3/PLXNA4/MIF/LBP/MAP2K1/CRKL/CCL18/MDK/PPM1F/S100A4/CCL17/CCL20/LGMN/JAM3/CCL26/C5/CXCL3/CXCL11/TREM2/TYMP/CCL28/CCL3/VAV3/CXCL5/CCL13/BIN2/ADAM8/AIF1/CCL11/VEGFB,43
5,GO:0042330,taxis,43/487,474/18986,0.09071729957805907,3.5366707387865084,9.07449058541735,6.81113320044587e-13,3.844884691651694e-10,2.7773291826554935e-10,IL1B/PDGFB/ANGPT1/PDGFA/APP/SEMA4D/PPBP/PF4/CCL5/CXCL16/PLXNB3/LYN/PPIB/LGALS3/PLXNA4/MIF/LBP/MAP2K1/CRKL/CCL18/MDK/PPM1F/S100A4/CCL17/CCL20/LGMN/JAM3/CCL26/C5/CXCL3/CXCL11/TREM2/TYMP/CCL28/CCL3/VAV3/CXCL5/CCL13/BIN2/ADAM8/AIF1/CCL11/VEGFB,43
5,GO:0060326,cell chemotaxis,34/487,328/18986,0.10365853658536585,4.041192968397857,9.01454913623692,4.982284438964617e-12,2.4999996140404677e-9,1.8058595878773508e-9,IL1B/PDGFB/APP/PPBP/PF4/CCL5/CXCL16/PLXNB3/LYN/PPIB/LGALS3/MIF/LBP/CRKL/CCL18/MDK/CCL17/CCL20/LGMN/JAM3/CCL26/C5/CXCL3/CXCL11/CCL28/CCL3/VAV3/CXCL5/CCL13/BIN2/ADAM8/AIF1/CCL11/VEGFB,34
5,GO:0042060,wound healing,40/487,444/18986,0.09009009009009009,3.512218584087167,8.690930477096604,5.603794654429247e-12,2.530673665940248e-9,1.8280168035869722e-9,CD40LG/GP5/FGA/EREG/SDC4/PDGFB/PDGFA/SERPING1/TREML1/SERPINE2/PF4/GP6/F2R/HPSE/GP1BA/MPIG6B/LYN/VPS4B/C4BPB/CHMP1A/LRG1/AP3B1/PLA2G4A/CASP7/F11/PTPN6/SYTL4/DGKA/RHOC/SRC/PRKG1/STXBP1/CD59/GP1BB/VAV3/TFPI2/SH2B3/VEGFB/TNF/ANXA2,40
5,GO:0042327,positive regulation of phosphorylation,41/487,479/18986,0.08559498956158663,3.3369742747767637,8.405224758613684,1.533645767508496e-11,6.296312987334881e-9,4.548103572735721e-9,MMP9/IL1B/EREG/PDGFB/EGF/ANGPT1/ITGA6/PDGFA/APP/SEMA4D/LILRA5/LAT/HCLS1/MYDGF/CCL5/LYN/ERP29/MIF/DAB2/EIF4G1/PARK7/STK11/MAP2K1/CRKL/PIBF1/RSPO1/FLT4/RGCC/SRC/STK4/AXIN1/SPRY2/PTPN1/CTF1/BANK1/TREM2/PDE5A/ARL2BP/VEGFB/TNF/MAVS,41
5,GO:2001233,regulation of apoptotic signaling pathway,37/487,403/18986,0.09181141439205956,3.5793254900362275,8.49173464932506,2.083870554821559e-11,7.8422995213118e-9,5.664837587185974e-9,MMP9/CD40LG/FGA/IL1B/BID/ITGA6/APP/BDNF/TRIAP1/PF4/LGALS3/ERP29/MIF/FXN/PARK7/HSPA1A/FADD/CRADD/ENO1/NCK2/BCL2L1/IL7/HTRA2/BAX/SRC/CDKN2D/CASP2/STK4/PTPN1/HNRNPK/TREM2/INHBB/PPIF/TNFSF12/COL2A1/SOD1/TNF,37
5,GO:0030595,leukocyte chemotaxis,28/487,240/18986,0.11666666666666667,4.548323066392881,8.975737110765778,2.4407348834129453e-11,8.4787374873022e-9,6.1245646993495685e-9,IL1B/PDGFB/APP/PPBP/PF4/CCL5/CXCL16/LYN/PPIB/LGALS3/MIF/LBP/CCL18/MDK/LGMN/JAM3/CCL26/C5/CXCL3/CXCL11/CCL3/VAV3/CXCL5/CCL13/ADAM8/AIF1/CCL11/VEGFB,28
5,GO:0032496,response to lipopolysaccharide,34/487,354/18986,0.096045197740113,3.744382185408184,8.456918395797283,4.1186391630157034e-11,1.3285553185842083e-8,9.596738921944108e-9,MMP8/MMP9/IL1B/C2/PPBP/PF4/F2R/CASP1/CD14/LYN/MIF/LBP/IRAK4/CASP3/CASP7/PLSCR3/PRDX3/BCR/ERBIN/SRC/CXCL3/CNP/TNIP1/ACP5/CASP8/CXCL11/TREM2/NFKB1/MAPKAPK2/B2M/CXCL5/IRAK1/GIT1/TNF,34
5,GO:0001934,positive regulation of protein phosphorylation,39/487,455/18986,0.08571428571428572,3.3416251100029335,8.202935411043635,4.716572401578325e-11,1.420002731035181e-8,1.0257303770169283e-8,MMP9/IL1B/EREG/PDGFB/EGF/ANGPT1/PDGFA/APP/SEMA4D/LILRA5/LAT/HCLS1/MYDGF/LYN/ERP29/MIF/DAB2/EIF4G1/PARK7/STK11/MAP2K1/CRKL/PIBF1/RSPO1/FLT4/RGCC/SRC/STK4/AXIN1/SPRY2/PTPN1/CTF1/BANK1/TREM2/PDE5A/ARL2BP/VEGFB/TNF/MAVS,39
5,GO:0050878,regulation of body fluid levels,35/487,381/18986,0.09186351706036745,3.581356745191245,8.258312907733686,7.29504419289146e-11,2.0590262234436146e-8,1.4873251285375416e-8,CD40LG/GP5/FGA/PDGFB/PDGFA/SERPING1/TREML1/SERPINE2/PF4/GP6/F2R/HPSE/GP1BA/MPIG6B/LYN/GPI/VAMP8/C4BPB/AP3B1/PLA2G4A/STAT5B/F11/PTPN6/DGKA/SRC/PRKG1/STXBP1/CD59/GP1BB/VAV3/NFE2/TFPI2/SH2B3/ANXA2/BTC,35
5,GO:0030168,platelet activation,21/487,141/18986,0.14893617021276595,5.8063698719909125,9.294463564600859,8.20006285049312e-11,2.1774352936203328e-8,1.5728572036104168e-8,CD40LG/GP5/FGA/PDGFB/PDGFA/TREML1/SERPINE2/PF4/GP6/F2R/GP1BA/LYN/PLA2G4A/PTPN6/DGKA/SRC/PRKG1/STXBP1/GP1BB/VAV3/SH2B3,21
5,GO:0051402,neuron apoptotic process,31/487,307/18986,0.10097719869706841,3.9366593315452585,8.416695214069687,8.678882924084586e-11,2.1774352936203328e-8,1.5728572036104168e-8,BID/ANGPT1/APP/BDNF/F2R/GPI/PARK7/FADD/SRPK2/BCL2L1/AKT2/MDK/DIABLO/CASP3/CASP7/HTRA2/LGMN/BAX/STAMBP/CASP2/GRN/STXBP1/CASP8/TREM2/CCL3/AKT1S1/ADAM8/CASP10/VEGFB/SOD1/TNF,31
5,GO:0002237,response to molecule of bacterial origin,34/487,375/18986,0.09066666666666667,3.5346967830253258,8.043636720824896,1.9526765274076172e-10,4.641203788301473e-8,3.35254546173751e-8,MMP8/MMP9/IL1B/C2/PPBP/PF4/F2R/CASP1/CD14/LYN/MIF/LBP/IRAK4/CASP3/CASP7/PLSCR3/PRDX3/BCR/ERBIN/SRC/CXCL3/CNP/TNIP1/ACP5/CASP8/CXCL11/TREM2/NFKB1/MAPKAPK2/B2M/CXCL5/IRAK1/GIT1/TNF,34
5,GO:1903034,regulation of response to wounding,23/487,181/18986,0.1270718232044199,4.953974610593668,8.67225720765464,2.7370415673056627e-10,6.180239858976187e-8,4.464258851094867e-8,FGA/PDGFB/PDGFA/SERPING1/SCARF1/SERPINE2/PF4/F2R/HPSE/GP1BA/MAP2K1/MDK/F11/PTPN6/STK24/GRN/PRKG1/FKBP1B/SH2B3/VEGFB/GIT1/TNF/ANXA2,23
5,GO:0052547,regulation of peptidase activity,32/487,346/18986,0.09248554913294797,3.605607055109138,7.936329161734101,4.104504102166543e-10,8.826638345421004e-8,6.37586877825269e-8,MMP9/APP/ITIH4/SERPING1/SERPINE2/SERPINA3/TRIAP1/F2R/VSIR/CASP1/SERPINB6/SPINT2/SERPINB1/LYN/FADD/CRADD/PEBP1/DIABLO/PPM1F/HTRA2/LGMN/DNAJB6/SERPINH1/SRC/UBXN1/CDKN2D/GRN/CASP8/PZP/TFPI2/SPINK2/TNF,32
5,GO:0050866,negative regulation of cell activation,25/487,219/18986,0.1141552511415525,4.450413959288533,8.332810159805904,4.6201087931359786e-10,9.140518009987456e-8,6.60259785393481e-8,CD84/SDC4/PDGFB/PDGFA/SERPINE2/VSIR/TNFAIP8L2/CLEC4G/LYN/LGALS3/CD69/MDK/CASP3/ADGRF5/PIBF1/PTPN6/PRKAR1A/PGLYRP1/GRN/PRKG1/IL2RA/BANK1/TREM2/PDE5A/SH2B3,25
5,GO:0043523,regulation of neuron apoptotic process,27/487,254/18986,0.1062992125984252,4.144141376578442,8.185072014353828,4.6552682513222205e-10,9.140518009987456e-8,6.60259785393481e-8,ANGPT1/APP/BDNF/F2R/GPI/PARK7/SRPK2/BCL2L1/MDK/CASP3/CASP7/HTRA2/LGMN/BAX/STAMBP/CASP2/GRN/STXBP1/CASP8/TREM2/CCL3/AKT1S1/ADAM8/CASP10/VEGFB/SOD1/TNF,27
5,GO:0051896,regulation of phosphatidylinositol 3-kinase/protein kinase B signal transduction,28/487,280/18986,0.1,3.898562628336756,7.928059379965381,9.012268077094546e-10,1.6958084431732904e-7,1.2249569636366666e-7,PDGFB/EGF/ANGPT1/PDGFA/APP/SEMA4D/SERPINE2/HCLS1/F2R/HPSE/MYDGF/CCL5/PARK7/STK11/RRAS/PTPN6/STAMBP/SRC/SPRY2/PTPN1/BANK1/TREM2/CCL3/VAV3/ADAM8/SH2B3/VEGFB/TNF,28
5,GO:0045088,regulation of innate immune response,37/487,470/18986,0.07872340425531915,3.06908121805234,7.369678401622697,1.620777116656909e-9,2.9277717835290403e-7,2.1148582250609523e-7,EREG/APP/SERPING1/CD226/CASP1/CCL5/CD14/LYN/LBP/HSPA1A/FADD/AP3B1/IRAK4/STAT2/EIF2AK2/SIRT2/CDC37/ERBIN/STAT5B/MAP2K6/PTPN6/TARBP2/HEXIM1/SRC/GRN/PTPN1/TNIP1/GIGYF2/CASP8/TREM2/MAPKAPK2/ADAM8/IRAK1/TRIM25/TNF/MAVS/TAX1BP1,37
5,GO:0070098,chemokine-mediated signaling pathway,16/487,93/18986,0.17204301075268819,6.707204521869687,8.951794487362703,1.7032756537321732e-9,2.9584587893286515e-7,2.137024797941702e-7,PPBP/PF4/CCL5/LYN/CCL18/CCL17/CCL20/CCL26/CXCL3/CXCL11/TREM2/CCL3/CXCL5/CCL13/CCL11/SH2B3,16
5,GO:0061844,antimicrobial humoral immune response mediated by antimicrobial peptide,19/487,136/18986,0.13970588235294118,5.44652131899988,8.443641989977543,1.98429329463827e-9,3.3189142661431215e-7,2.3973976296623773e-7,APP/PPBP/PF4/CCL5/LGALS3/CCL18/CCL17/CCL20/CCL26/PGLYRP1/CXCL3/MMP7/CXCL11/CCL28/CCL3/B2M/CXCL5/CCL13/CCL11,19
5,GO:0097191,extrinsic apoptotic signaling pathway,25/487,236/18986,0.1059322033898305,4.1298332927296135,7.85004644970723,2.224636348218443e-9,3.52889553858408e-7,2.5490763307239907e-7,CD40LG/FGA/IL1B/BID/ITGA6/APP/PF4/LGALS3/PARK7/HSPA1A/FADD/CRADD/BCL2L1/DIABLO/IL7/HTRA2/BAX/SRC/CASP2/STK4/CASP8/CASP10/TNFSF12/COL2A1/TNF,25
5,GO:0050867,positive regulation of cell activation,33/487,391/18986,0.08439897698209718,3.2903469753225814,7.424842115881036,2.2661198099853484e-9,3.52889553858408e-7,2.5490763307239907e-7,MMP8/CD40LG/GP5/IL1B/APP/LILRA5/CD226/VSIR/CCL5/GP1BA/LYN/MIF/LBP/FADD/AP3B1/PLA2G4A/NCK2/MDK/IL7/STAT5B/PTPN6/SRC/IL2RA/TREM2/GP1BB/CCL3/B2M/VAV3/TNFSF13/ADAM8/AIF1/TNFSF13B/TNF,33
5,GO:0097530,granulocyte migration,20/487,156/18986,0.1282051282051282,4.998157215816353,8.135657587962745,3.449845144972811e-9,5.168832216080835e-7,3.733674662634493e-7,IL1B/PPBP/PF4/CCL5/PPIB/LGALS3/LBP/IRAK4/CCL18/MDK/JAM3/CCL26/CXCL3/CXCL11/CCL3/VAV3/CXCL5/CCL13/ADAM8/CCL11,20
5,GO:0043491,phosphatidylinositol 3-kinase/protein kinase B signal transduction,29/487,317/18986,0.0914826498422713,3.5665083981629624,7.476656840773595,3.5481354893380393e-9,5.168832216080835e-7,3.733674662634493e-7,PDGFB/EGF/ANGPT1/PDGFA/APP/SEMA4D/SERPINE2/HCLS1/F2R/HPSE/MYDGF/CCL5/PARK7/STK11/RRAS/PTPN6/STAMBP/SRC/SPRY2/PTPN1/BANK1/TREM2/CCL3/INPPL1/VAV3/ADAM8/SH2B3/VEGFB/TNF,29
5,GO:0071219,cellular response to molecule of bacterial origin,25/487,242/18986,0.10330578512396695,4.027440731752847,7.69038088889642,3.738317825926816e-9,5.27570103183922e-7,3.8108707047852644e-7,MMP8/MMP9/IL1B/PPBP/PF4/CASP1/CD14/LYN/MIF/LBP/IRAK4/CASP7/PLSCR3/BCR/SRC/CXCL3/TNIP1/CXCL11/TREM2/NFKB1/B2M/CXCL5/IRAK1/GIT1/TNF,25
5,GO:0071222,cellular response to lipopolysaccharide,24/487,228/18986,0.10526315789473684,4.103750135091321,7.649914202428765,5.302426759995833e-9,7.167345946093574e-7,5.177288957844386e-7,MMP8/MMP9/IL1B/PPBP/PF4/CASP1/CD14/LYN/MIF/LBP/IRAK4/CASP7/PLSCR3/BCR/SRC/CXCL3/TNIP1/CXCL11/NFKB1/B2M/CXCL5/IRAK1/GIT1/TNF,24
5,GO:0071621,granulocyte chemotaxis,18/487,129/18986,0.13953488372093023,5.4398548302373335,8.20961857610855,5.396141766323771e-9,7.167345946093574e-7,5.177288957844386e-7,IL1B/PPBP/PF4/CCL5/PPIB/LGALS3/LBP/CCL18/MDK/JAM3/CCL26/CXCL3/CXCL11/CCL3/VAV3/CXCL5/CCL13/CCL11,18
5,GO:0043410,positive regulation of MAPK cascade,36/487,472/18986,0.07627118644067797,2.973479970765322,7.044484984967169,6.2631276655201455e-9,7.806527633100102e-7,5.638997980275329e-7,FGA/IL1B/PDGFB/EGF/ANGPT1/PDGFA/APP/LILRA5/F2R/MYDGF/LYN/ERP29/MIF/DOK2/TMEM106A/MAP2K1/CRKL/EIF2AK2/MINK1/MAP2K6/FLT4/SRC/MARCO/DOK1/AXIN1/SPRY2/PTPN1/BANK1/TREM2/CCL3/EDAR/PDE5A/ADAM8/VEGFB/SOD1/TNF,36
5,GO:0007159,leukocyte cell-cell adhesion,34/487,430/18986,0.07906976744186046,3.082584403801156,7.087454971319081,6.808055286280686e-9,7.806527633100102e-7,5.638997980275329e-7,OLR1/CD40LG/IL1B/SDC4/SEMA4D/VSIR/TNFAIP8L2/CCL5/GP1BA/CLEC4G/LYN/LGALS3/CD69/FADD/LRG1/AP3B1/NCK2/MDK/CASP3/IL7/STAT5B/PTPN6/PRKAR1A/SRC/IL2RA/TNIP1/CCL28/B2M/PDE5A/ADAM8/AIF1/TNFSF13B/IRAK1/TNF,34
5,GO:1990868,response to chemokine,16/487,102/18986,0.1568627450980392,6.115392358175303,8.404806038997377,6.8624447978834855e-9,7.806527633100102e-7,5.638997980275329e-7,PPBP/PF4/CCL5/LYN/CCL18/CCL17/CCL20/CCL26/CXCL3/CXCL11/TREM2/CCL3/CXCL5/CCL13/CCL11/SH2B3,16
5,GO:1990869,cellular response to chemokine,16/487,102/18986,0.1568627450980392,6.115392358175303,8.404806038997377,6.8624447978834855e-9,7.806527633100102e-7,5.638997980275329e-7,PPBP/PF4/CCL5/LYN/CCL18/CCL17/CCL20/CCL26/CXCL3/CXCL11/TREM2/CCL3/CXCL5/CCL13/CCL11/SH2B3,16
5,GO:0071674,mononuclear cell migration,24/487,231/18986,0.1038961038961039,4.050454678791435,7.568462925061694,6.872796092141585e-9,7.806527633100102e-7,5.638997980275329e-7,PDGFB/APP/PF4/CCL5/CXCL16/LYN/LGALS3/MIF/CD69/FADD/CRKL/MDK/BCR/CCL20/LGMN/JAM3/CCL26/C5/CXCL11/TREM2/CCL3/ADAM8/AIF1/TNF,24
5,GO:0050818,regulation of coagulation,14/487,76/18986,0.18421052631578946,7.181562736409813,8.761025978189375,7.110586363065306e-9,7.806527633100102e-7,5.638997980275329e-7,FGA/PDGFB/ANGPT1/PDGFA/SERPING1/SERPINE2/PF4/F2R/HPSE/GP1BA/F11/PRKG1/SH2B3/ANXA2,14
5,GO:0097193,intrinsic apoptotic signaling pathway,29/487,327/18986,0.08868501529051988,3.4574408630509454,7.272913539529665,7.179855225778427e-9,7.806527633100102e-7,5.638997980275329e-7,MMP9/BID/APP/TRIAP1/ERP29/MIF/PARK7/HSPA1A/STK11/ENO1/NCK2/BCL2L1/DIABLO/CASP3/FHIT/PPM1F/HTRA2/BAX/SRC/CDKN2D/CASP2/STK24/PTPN1/HNRNPK/ITPR1/TREM2/PPIF/SOD1/TNF,29
5,GO:0002697,regulation of immune effector process,33/487,410/18986,0.08048780487804878,3.1378674813442182,7.1005544754204335,7.383109404481125e-9,7.806527633100102e-7,5.638997980275329e-7,CD40LG/IL1B/CD84/ANGPT1/SERPING1/CD226/STX7/CLEC4G/LYN/LGALS3/MIF/LBP/GPI/CD69/FADD/VAMP8/C4BPB/BCR/STAT5B/PTPN6/PGLYRP1/BST2/GRN/CLC/STXBP1/CD59/ACP5/TREM2/MAPKAPK2/B2M/TNFSF13/TNF/MAVS,33
5,GO:0071675,regulation of mononuclear cell migration,19/487,147/18986,0.1292517006802721,5.038958499210772,7.976177135034974,7.433141900427467e-9,7.806527633100102e-7,5.638997980275329e-7,APP/CCL5/LYN/LGALS3/MIF/CD69/FADD/CRKL/MDK/BCR/CCL20/LGMN/JAM3/C5/TREM2/CCL3/ADAM8/AIF1/TNF,19
5,GO:0007162,negative regulation of cell adhesion,28/487,314/18986,0.08917197452229299,3.4764252736760874,7.179435323488365,1.1627442453821029e-8,1.1933984118512674e-6,8.620441187653437e-7,SDC4/ANGPT1/SEMA4D/SERPINE2/VSIR/TNFAIP8L2/CLEC4G/SPINT2/PLXNB3/LGALS3/PLXNA4/CD69/MDK/CASP3/FXYD5/PPM1F/PTPN6/RGCC/PRKAR1A/JAM3/SRC/PTPN1/PRKG1/IL2RA/GBP1/CCL28/PDE5A/SH2B3,28
5,GO:0070371,ERK1 and ERK2 cascade,28/487,319/18986,0.0877742946708464,3.4219358493237984,7.078094694912355,1.6395427226489995e-8,1.6453722078850849e-6,1.1885246543834501e-6,FGA/IL1B/PDGFB/EGF/ANGPT1/PDGFA/APP/F2R/LYN/MIF/DAB2/MAP2K1/CRKL/RRAS/PTPN6/FLT4/SRC/MARCO/SPRY2/PTPN1/TNIP1/GBP1/TREM2/CCL3/INPPL1/CCL11/VEGFB/TNF,28
5,GO:0070661,leukocyte proliferation,29/487,341/18986,0.08504398826979472,3.315493144333311,7.000598172344824,1.833119167954359e-8,1.734770637273007e-6,1.2531010686935455e-6,CD40LG/IL1B/BID/SDC4/VSIR/CCL5/CLEC4G/LYN/LGALS3/MIF/FADD/NCK2/BCL2L1/CASP3/IL7/STAT5B/PTPN6/PRKAR1A/BAX/BST2/CLC/IL2RA/TREM2/VAV3/PDE5A/AIF1/TNFSF13B/FKBP1B/AZI2,29
5,GO:0030193,regulation of blood coagulation,13/487,69/18986,0.18840579710144928,7.345117995417076,8.567098719603138,1.8511547044303742e-8,1.734770637273007e-6,1.2531010686935455e-6,FGA/PDGFB/PDGFA/SERPING1/SERPINE2/PF4/F2R/HPSE/GP1BA/F11/PRKG1/SH2B3/ANXA2,13
5,GO:0031640,killing of cells of another organism,17/487,124/18986,0.13709677419354838,5.344803603364906,7.875584171264293,1.882279920867523e-8,1.734770637273007e-6,1.2531010686935455e-6,CFHR5/PPBP/GZMB/PF4/LGALS3/CCL18/CCL17/CCL20/PGLYRP1/C5/CXCL3/C8B/GBP1/CXCL11/CCL28/CCL13/CCL11,17
5,GO:0141061,disruption of cell in another organism,17/487,124/18986,0.13709677419354838,5.344803603364906,7.875584171264293,1.882279920867523e-8,1.734770637273007e-6,1.2531010686935455e-6,CFHR5/PPBP/GZMB/PF4/LGALS3/CCL18/CCL17/CCL20/PGLYRP1/C5/CXCL3/C8B/GBP1/CXCL11/CCL28/CCL13/CCL11,17
5,GO:2001234,negative regulation of apoptotic signaling pathway,24/487,244/18986,0.09836065573770492,3.834651765577137,7.230732836361719,2.0110380782027005e-8,1.816369592232679e-6,1.3120435798631934e-6,MMP9/FGA/IL1B/BID/ITGA6/BDNF/TRIAP1/PF4/LGALS3/MIF/FXN/PARK7/HSPA1A/ENO1/BCL2L1/IL7/HTRA2/BAX/SRC/CDKN2D/PTPN1/PPIF/COL2A1/TNF,24
5,GO:0032944,regulation of mononuclear cell proliferation,24/487,245/18986,0.09795918367346938,3.819000125717638,7.205720496878253,2.1771435590163698e-8,1.8936476405208556e-6,1.3678649102545641e-6,CD40LG/IL1B/BID/SDC4/VSIR/CCL5/CLEC4G/LYN/LGALS3/MIF/FADD/NCK2/BCL2L1/CASP3/IL7/STAT5B/PTPN6/PRKAR1A/CLC/IL2RA/VAV3/PDE5A/AIF1/TNFSF13B,24
5,GO:0001906,cell killing,25/487,264/18986,0.0946969696969697,3.691820670773443,7.146075855596793,2.180462296436769e-8,1.8936476405208556e-6,1.3678649102545641e-6,CFHR5/PPBP/GZMB/PF4/CD226/STX7/LGALS3/FADD/CCL18/EBAG9/CCL17/STAT5B/CCL20/PTPN6/PGLYRP1/C5/CXCL3/C8B/GBP1/CD59/CXCL11/CCL28/B2M/CCL13/CCL11,25
5,GO:0045862,positive regulation of proteolysis,28/487,325/18986,0.08615384615384615,3.3587616490285894,6.959113780352385,2.4519300050590908e-8,2.0378499058343265e-6,1.472028543699729e-6,IL1B/EGF/APP/F2R/VSIR/CASP1/LYN/DAB2/HSPA1A/FADD/IST1/CRADD/ATP5IF1/ENO1/DIABLO/PPM1F/SIRT2/NUB1/HTRA2/LGMN/SRC/AXIN1/GRN/CASP8/TREM2/ADAM8/TNF/ANXA2,28
5,GO:0051897,positive regulation of phosphatidylinositol 3-kinase/protein kinase B signal transduction,21/487,192/18986,0.109375,4.264052874743326,7.37554035474204,2.4675651359090023e-8,2.0378499058343265e-6,1.472028543699729e-6,PDGFB/EGF/ANGPT1/PDGFA/APP/SEMA4D/HCLS1/F2R/HPSE/MYDGF/CCL5/PARK7/PTPN6/SRC/SPRY2/TREM2/CCL3/VAV3/ADAM8/VEGFB/TNF,21
5,GO:0032943,mononuclear cell proliferation,27/487,305/18986,0.08852459016393442,3.451186589019423,7.0019964531995145,2.481880974776084e-8,2.0378499058343265e-6,1.472028543699729e-6,CD40LG/IL1B/BID/SDC4/VSIR/CCL5/CLEC4G/LYN/LGALS3/MIF/FADD/NCK2/BCL2L1/CASP3/IL7/STAT5B/PTPN6/PRKAR1A/BAX/CLC/IL2RA/VAV3/PDE5A/AIF1/TNFSF13B/FKBP1B/AZI2,27
5,GO:1900046,regulation of hemostasis,13/487,71/18986,0.18309859154929578,7.1382132631518065,8.407437160706355,2.655866631141141e-8,2.141766733255963e-6,1.5470922349448112e-6,FGA/PDGFB/PDGFA/SERPING1/SERPINE2/PF4/F2R/HPSE/GP1BA/F11/PRKG1/SH2B3/ANXA2,13
5,GO:0141060,disruption of anatomical structure in another organism,17/487,127/18986,0.13385826771653545,5.218548400135815,7.7392918017546,2.7089061342056357e-8,2.146214052995202e-6,1.5503047294373527e-6,CFHR5/PPBP/GZMB/PF4/LGALS3/CCL18/CCL17/CCL20/PGLYRP1/C5/CXCL3/C8B/GBP1/CXCL11/CCL28/CCL13/CCL11,17
5,GO:0071216,cellular response to biotic stimulus,25/487,269/18986,0.09293680297397769,3.6231994687144566,7.030480219548738,3.165807303642742e-8,2.4232330508829007e-6,1.750407725673887e-6,MMP8/MMP9/IL1B/PPBP/PF4/CASP1/CD14/LYN/MIF/LBP/IRAK4/CASP7/PLSCR3/BCR/SRC/CXCL3/TNIP1/CXCL11/TREM2/NFKB1/B2M/CXCL5/IRAK1/GIT1/TNF,25
5,GO:0006457,protein folding,23/487,231/18986,0.09956709956709957,3.881685733841791,7.149731412138769,3.165871346370486e-8,2.4232330508829007e-6,1.750407725673887e-6,TXNDC5/TBCC/MESD/DNAJB14/DNAJA2/PPIB/DFFA/ERP29/PDIA4/PDCD5/HSPA1A/TBCA/TBCB/CDC37/DNAJB6/NUDC/FKBP5/GRN/FKBP4/B2M/PPIF/FKBP1B/ST13,23
5,GO:0070663,regulation of leukocyte proliferation,25/487,270/18986,0.09259259259259259,3.6097802114229216,7.007691147262333,3.407001482338717e-8,2.564336449040274e-6,1.852332911187313e-6,CD40LG/IL1B/BID/SDC4/VSIR/CCL5/CLEC4G/LYN/LGALS3/MIF/FADD/NCK2/BCL2L1/CASP3/IL7/STAT5B/PTPN6/PRKAR1A/BST2/CLC/IL2RA/VAV3/PDE5A/AIF1/TNFSF13B,25
5,GO:0032102,negative regulation of response to external stimulus,33/487,437/18986,0.07551487414187644,2.943994662130731,6.670696643323262,3.470017484235878e-8,2.5689506489851184e-6,1.8556659505861921e-6,FGA/PDGFB/PDGFA/SERPING1/SERPINE2/PF4/TNFAIP8L2/GP1BA/LYN/MIF/STAT2/MDK/BCR/F11/PTPN6/PGLYRP1/TARBP2/C5/SRC/GRN/PRKG1/IL2RA/GIGYF2/ACP5/TREM2/NFKB1/AIF1/SH2B3/SOD1/GIT1/TNF/MAVS/ANXA2,33
5,GO:0030195,negative regulation of blood coagulation,11/487,50/18986,0.22,8.576837782340862,8.704113070936756,4.277026533763757e-8,3.1153309397543753e-6,2.2503404462026965e-6,FGA/PDGFB/PDGFA/SERPING1/SERPINE2/PF4/GP1BA/F11/PRKG1/SH2B3/ANXA2,11
5,GO:1903035,negative regulation of response to wounding,15/487,101/18986,0.1485148514851485,5.789944497529834,7.8312002363611946,4.347546814409419e-8,3.1164319704560214e-6,2.2511357690651275e-6,FGA/PDGFB/PDGFA/SERPING1/SERPINE2/PF4/GP1BA/MDK/F11/PTPN6/PRKG1/SH2B3/GIT1/TNF/ANXA2,15
5,GO:2001236,regulation of extrinsic apoptotic signaling pathway,19/487,164/18986,0.11585365853658537,4.516627435268193,7.338563467849426,4.534169346508032e-8,3.19942324512973e-6,2.311084013952038e-6,CD40LG/FGA/IL1B/BID/ITGA6/APP/PF4/LGALS3/PARK7/HSPA1A/FADD/BCL2L1/IL7/HTRA2/SRC/STK4/TNFSF12/COL2A1/TNF,19
5,GO:0002685,regulation of leukocyte migration,23/487,236/18986,0.09745762711864407,3.799446629311245,7.02139188199507,4.7169455795349604e-8,3.2771886518738277e-6,2.3672573847739016e-6,APP/CCL5/GP1BA/LYN/LGALS3/MIF/LBP/CD69/FADD/CRKL/MDK/BCR/CCL20/LGMN/JAM3/C5/TREM2/CCL28/CCL3/ADAM8/AIF1/VEGFB/TNF,23
5,GO:1900047,negative regulation of hemostasis,11/487,51/18986,0.21568627450980393,8.408664492491042,8.595833928121937,5.3284318357081666e-8,3.6459391166754665e-6,2.6336220508548017e-6,FGA/PDGFB/PDGFA/SERPING1/SERPINE2/PF4/GP1BA/F11/PRKG1/SH2B3/ANXA2,11
5,GO:0050670,regulation of lymphocyte proliferation,23/487,240/18986,0.09583333333333334,3.7361225188227243,6.921217705456766,6.436140558926166e-8,4.292200692272199e-6,3.1004451879519703e-6,CD40LG/IL1B/BID/SDC4/VSIR/CCL5/CLEC4G/LYN/LGALS3/MIF/FADD/NCK2/CASP3/IL7/STAT5B/PTPN6/PRKAR1A/CLC/IL2RA/VAV3/PDE5A/AIF1/TNFSF13B,23
5,GO:0019730,antimicrobial humoral response,20/487,185/18986,0.10810810810810811,4.214662300904601,7.128963675196912,6.463012557008625e-8,4.292200692272199e-6,3.1004451879519703e-6,FGA/APP/PPBP/PF4/CCL5/LGALS3/CCL18/CCL17/CCL20/CCL26/PGLYRP1/CXCL3/MMP7/CXCL11/CCL28/CCL3/B2M/CXCL5/CCL13/CCL11,20
5,GO:0045785,positive regulation of cell adhesion,35/487,499/18986,0.07014028056112225,2.734462765366462,6.370561144261186,8.284700726797194e-8,5.422276591625525e-6,3.916748673126545e-6,CD40LG/FGA/IL1B/SDC4/PDGFB/ANGPT1/ITGA6/GP6/VSIR/CCL5/GP1BA/LYN/DAB2/NID1/FADD/AP3B1/CRKL/NCK2/MDK/RRAS/PPM1F/IL7/STAT5B/PTPN6/SRC/STK4/IL2RA/CCL28/B2M/VAV3/ADAM8/AIF1/TNFSF13B/IRAK1/TNF,35
5,GO:2001242,regulation of intrinsic apoptotic signaling pathway,20/487,189/18986,0.10582010582010581,4.125463098769053,7.006427980606462,9.231600254173644e-8,5.955700963978311e-6,4.302064539501372e-6,MMP9/BID/APP/TRIAP1/ERP29/MIF/PARK7/HSPA1A/ENO1/NCK2/BCL2L1/HTRA2/BAX/SRC/CDKN2D/PTPN1/HNRNPK/TREM2/PPIF/SOD1,20
5,GO:0010543,regulation of platelet activation,11/487,54/18986,0.2037037037037037,7.9415164651304275,8.287979063087235,9.991281192176717e-8,6.266753592204174e-6,4.526751522595855e-6,GP5/PDGFB/PDGFA/SERPINE2/GP6/GP1BA/LYN/PLA2G4A/PRKG1/GP1BB/SH2B3,11
5,GO:0050819,negative regulation of coagulation,11/487,54/18986,0.2037037037037037,7.9415164651304275,8.287979063087235,9.991281192176717e-8,6.266753592204174e-6,4.526751522595855e-6,FGA/PDGFB/PDGFA/SERPING1/SERPINE2/PF4/GP1BA/F11/PRKG1/SH2B3/ANXA2,11
5,GO:1990266,neutrophil migration,15/487,108/18986,0.1388888888888889,5.414670317134383,7.464965733034133,1.0856413476519482e-7,6.631451206380444e-6,4.790188636560765e-6,IL1B/PPBP/PF4/PPIB/LGALS3/LBP/IRAK4/MDK/JAM3/CXCL3/CXCL11/CCL3/VAV3/CXCL5/ADAM8,15
5,GO:0002274,myeloid leukocyte activation,23/487,247/18986,0.0931174089068826,3.6302405041192465,6.7509732560127205,1.0902593539057817e-7,6.631451206380444e-6,4.790188636560765e-6,MMP8/CD84/APP/ANXA3/LAT/CD226/CCL5/LYN/SNAP23/MIF/LBP/TMEM106A/VAMP8/PLA2G4A/ADGRF5/BCR/PTPN6/GRN/STXBP1/TREM2/CCL3/AIF1/TNF,23
5,GO:1903037,regulation of leukocyte cell-cell adhesion,30/487,392/18986,0.07653061224489796,2.983593848216905,6.438801374307828,1.101326041803661e-7,6.631451206380444e-6,4.790188636560765e-6,CD40LG/IL1B/SDC4/VSIR/TNFAIP8L2/CCL5/GP1BA/CLEC4G/LYN/LGALS3/CD69/FADD/AP3B1/NCK2/MDK/CASP3/IL7/STAT5B/PTPN6/PRKAR1A/SRC/IL2RA/CCL28/B2M/PDE5A/ADAM8/AIF1/TNFSF13B/IRAK1/TNF,30
5,GO:0050863,regulation of T cell activation,30/487,393/18986,0.07633587786259542,2.9760020063639354,6.422506861370906,1.1643557687819023e-7,6.882761611719807e-6,4.9717211865926255e-6,CD40LG/IL1B/BID/SDC4/LAT/VSIR/TNFAIP8L2/CCL5/CLEC4G/LYN/LGALS3/CD69/FADD/AP3B1/NCK2/MDK/CASP3/IL7/STAT5B/PTPN6/PRKAR1A/SRC/CLC/IL2RA/B2M/PDE5A/ADAM8/AIF1/TNFSF13B/SOD1,30
5,GO:0052548,regulation of endopeptidase activity,23/487,248/18986,0.09274193548387097,3.615602437570378,6.727157746784115,1.1735443846377882e-7,6.882761611719807e-6,4.9717211865926255e-6,MMP9/SERPING1/SERPINE2/SERPINA3/TRIAP1/F2R/VSIR/CASP1/SERPINB6/SERPINB1/LYN/FADD/CRADD/DIABLO/PPM1F/HTRA2/LGMN/DNAJB6/SERPINH1/SRC/CDKN2D/CASP8/TNF,23
5,GO:0050727,regulation of inflammatory response,32/487,438/18986,0.0730593607305936,2.8482649339446615,6.349629584155754,1.2017150604147455e-7,6.9576220677346035e-6,5.0257961838398065e-6,MMP8/MMP9/IL1B/APP/LILRA5/TNFAIP8L2/CASP1/CCL5/LYN/LBP/PARK7/VAMP8/MDK/MGLL/CASP3/BCR/STAT5B/PTPN6/PGLYRP1/SRC/GRN/IL2RA/TNIP1/GBP1/ACP5/TREM2/NFKB1/CCL3/ADAM8/SOD1/GIT1/TNF,32
5,GO:0002833,positive regulation of response to biotic stimulus,31/487,416/18986,0.07451923076923077,2.9051788816932556,6.374881664095301,1.2251067540028801e-7,7.0032684823759574e-6,5.058768595143139e-6,EREG/APP/CD226/CASP1/CCL5/CD14/LYN/MIF/LBP/HSPA1A/FADD/AP3B1/IRAK4/EIF2AK2/SIRT2/ERBIN/STAT5B/MAP2K6/TARBP2/HEXIM1/SRC/GRN/TNIP1/TREM2/MAPKAPK2/ADAM8/IRAK1/TRIM25/TNF/MAVS/TAX1BP1,31
5,GO:0002443,leukocyte mediated immunity,34/487,485/18986,0.07010309278350516,2.733012976565973,6.272934279683202,1.2909191686623583e-7,7.287238707099013e-6,5.263892768006116e-6,CD40LG/IL1B/CD84/SERPING1/C2/ANXA3/GZMB/LAT/CD226/STX7/CLEC4G/LYN/SNAP23/FADD/VAMP8/C4BPB/IRAK4/EBAG9/BCR/STAT5B/PTPN6/SLA2/BST2/C5/C8B/CLC/STXBP1/TREM2/CCL3/B2M/TNFSF13/C1R/TNF/MAVS,34
5,GO:0043086,negative regulation of catalytic activity,34/487,486/18986,0.06995884773662552,2.727389493075097,6.25919092688617,1.355451517115615e-7,7.557060557153232e-6,5.458796948071853e-6,MMP9/IL1B/APP/ITIH4/SERPING1/SERPINE2/SERPINA3/TRIAP1/SERPINB6/PPP1R12A/SPINT2/SERPINB1/PLXNB3/LYN/DFFA/ATP5IF1/PEBP1/PPM1F/PRDX3/DNAJB6/TARBP2/SERPINH1/SRC/UBXN1/CDKN2D/CEP43/PTPN1/PRDX5/PZP/NFKB1/TFPI2/SPINK2/AKT1S1/TNF,34
5,GO:0051346,negative regulation of hydrolase activity,23/487,252/18986,0.09126984126984126,3.5582119226883084,6.633109798123108,1.5689618749946536e-7,8.64077052131202e-6,6.241608280626998e-6,MMP9/APP/ITIH4/SERPING1/SERPINE2/SERPINA3/TRIAP1/SERPINB6/SPINT2/SERPINB1/PLXNB3/DFFA/ATP5IF1/PEBP1/DNAJB6/SERPINH1/SRC/UBXN1/CDKN2D/PZP/TFPI2/SPINK2/TNF,23
5,GO:0042098,T cell proliferation,21/487,215/18986,0.09767441860465116,3.8078983811661336,6.718194402279872,1.7460824901055996e-7,9.500371717249264e-6,6.86253600106183e-6,CD40LG/IL1B/BID/SDC4/VSIR/CCL5/CLEC4G/LGALS3/FADD/NCK2/CASP3/STAT5B/PTPN6/PRKAR1A/BAX/CLC/IL2RA/PDE5A/AIF1/TNFSF13B/FKBP1B,21
5,GO:0050729,positive regulation of inflammatory response,18/487,162/18986,0.1111111111111111,4.331736253707507,6.909837273856887,1.9434554741964237e-7,1.0448386811275058e-5,7.547328965582353e-6,MMP8/IL1B/APP/LILRA5/CASP1/LBP/PARK7/VAMP8/MDK/CASP3/STAT5B/GRN/TNIP1/GBP1/TREM2/CCL3/ADAM8/TNF,18
5,GO:0010466,negative regulation of peptidase activity,20/487,198/18986,0.10101010101010101,3.937942048825006,6.742659048655972,1.986785537025242e-7,1.0538726636558581e-5,7.612585391519053e-6,MMP9/APP/ITIH4/SERPING1/SERPINE2/SERPINA3/TRIAP1/SERPINB6/SPINT2/SERPINB1/PEBP1/DNAJB6/SERPINH1/SRC/UBXN1/CDKN2D/PZP/TFPI2/SPINK2/TNF,20
5,GO:0002275,myeloid cell activation involved in immune response,14/487,98/18986,0.14285714285714285,5.569375183338222,7.3582158689130095,2.0162449558821425e-7,1.0538726636558581e-5,7.612585391519053e-6,CD84/ANXA3/LAT/LYN/SNAP23/LBP/VAMP8/BCR/PTPN6/GRN/STXBP1/TREM2/CCL3/TNF,14
5,GO:0070372,regulation of ERK1 and ERK2 cascade,25/487,296/18986,0.08445945945945946,3.292704922581719,6.450375888829172,2.0302684175832519e-7,1.0538726636558581e-5,7.612585391519053e-6,FGA/IL1B/PDGFB/ANGPT1/PDGFA/APP/F2R/LYN/MIF/DAB2/MAP2K1/CRKL/RRAS/PTPN6/FLT4/SRC/MARCO/SPRY2/PTPN1/TNIP1/GBP1/TREM2/CCL3/VEGFB/TNF,25
5,GO:0046651,lymphocyte proliferation,25/487,297/18986,0.08417508417508418,3.2816183740208382,6.430190706020981,2.1648787408621585e-7,1.1011416593895152e-5,7.954030120852424e-6,CD40LG/IL1B/BID/SDC4/VSIR/CCL5/CLEC4G/LYN/LGALS3/MIF/FADD/NCK2/CASP3/IL7/STAT5B/PTPN6/PRKAR1A/BAX/CLC/IL2RA/VAV3/PDE5A/AIF1/TNFSF13B/FKBP1B,25
5,GO:0048872,homeostasis of number of cells,27/487,339/18986,0.07964601769911504,3.105049880976177,6.34531826550252,2.170097601542667e-7,1.1011416593895152e-5,7.954030120852424e-6,LAT/HCLS1/F2R/MPIG6B/LYN/MIF/GPI/HSPA1A/FADD/AP3B1/ATP5IF1/CASP3/ADGRF5/IL7/BCR/STAT5B/JAM3/BAX/AKT3/IL2RA/PRDX5/GIGYF2/B2M/TNFSF13B/TRIM58/SH2B3/SOD1,27
5,GO:0042129,regulation of T cell proliferation,19/487,182/18986,0.1043956043956044,4.069928018593316,6.752030889682263,2.395008717837382e-7,1.2017621521948462e-5,8.680856159740403e-6,CD40LG/IL1B/BID/SDC4/VSIR/CCL5/CLEC4G/LGALS3/FADD/NCK2/CASP3/STAT5B/PTPN6/PRKAR1A/CLC/IL2RA/PDE5A/AIF1/TNFSF13B,19
5,GO:0030593,neutrophil chemotaxis,13/487,85/18986,0.15294117647058825,5.962507549220921,7.439845338247496,2.4355895966121973e-7,1.2086947932198552e-5,8.73093367252886e-6,IL1B/PPBP/PF4/PPIB/LGALS3/LBP/MDK/JAM3/CXCL3/CXCL11/CCL3/VAV3/CXCL5,13
5,GO:0045089,positive regulation of innate immune response,29/487,387/18986,0.07493540051679587,2.9214035199422717,6.196192795322344,2.800906641403928e-7,1.3748798252804499e-5,9.931361191888754e-6,EREG/APP/CD226/CASP1/CCL5/CD14/LYN/LBP/HSPA1A/FADD/AP3B1/IRAK4/EIF2AK2/SIRT2/ERBIN/STAT5B/MAP2K6/TARBP2/HEXIM1/SRC/TNIP1/TREM2/MAPKAPK2/ADAM8/IRAK1/TRIM25/TNF/MAVS/TAX1BP1,29
5,GO:0008625,extrinsic apoptotic signaling pathway via death domain receptors,13/487,87/18986,0.14942528735632185,5.8254384101583705,7.319352205205493,3.219658873296131e-7,1.5634386528822936e-5,1.1293404468980994e-5,FGA/BID/LGALS3/PARK7/FADD/CRADD/BCL2L1/DIABLO/BAX/STK4/CASP8/CASP10/TNF,13
5,GO:0001959,regulation of cytokine-mediated signaling pathway,19/487,187/18986,0.10160427807486631,3.9611064138180945,6.6024192672776,3.658767417879145e-7,1.75776528288747e-5,1.2697111117589551e-5,MMP8/ANGPT1/CASP1/CCL5/HSPA1A/FADD/STAT2/CDC37/IL7/PTPN6/PTPN1/GIGYF2/CASP8/TREM2/MAPKAPK2/USP25/SH2B3/IRAK1/MAVS,19
5,GO:0002696,positive regulation of leukocyte activation,28/487,371/18986,0.07547169811320754,2.9423114176126455,6.130133785874908,3.8986069651229946e-7,1.8532746373153096e-5,1.3387017157801837e-5,MMP8/CD40LG/IL1B/CD226/VSIR/CCL5/LYN/MIF/LBP/FADD/AP3B1/PLA2G4A/NCK2/MDK/IL7/STAT5B/PTPN6/SRC/IL2RA/TREM2/CCL3/B2M/VAV3/TNFSF13/ADAM8/AIF1/TNFSF13B/TNF,28
5,GO:0022408,negative regulation of cell-cell adhesion,20/487,207/18986,0.0966183574879227,3.766727177136962,6.4939797945743285,4.084821686674259e-7,1.921568201773016e-5,1.3880331586626677e-5,SDC4/SERPINE2/VSIR/TNFAIP8L2/CLEC4G/SPINT2/LGALS3/CD69/MDK/CASP3/FXYD5/PPM1F/PTPN6/RGCC/PRKAR1A/PRKG1/IL2RA/CCL28/PDE5A/SH2B3,20
5,GO:0072678,T cell migration,12/487,76/18986,0.15789473684210525,6.155625202636982,7.306981787641598,4.95758053719918e-7,2.3080859490712884e-5,1.6672319137037718e-5,APP/CCL5/CXCL16/CD69/FADD/CRKL/CCL20/CCL26/CXCL11/CCL3/ADAM8/AIF1,12
5,GO:0071887,leukocyte apoptotic process,15/487,122/18986,0.12295081967213115,4.793314706971421,6.819892851484281,5.495929302005748e-7,2.532613951822241e-5,1.8294183573486373e-5,HCLS1/CCL5/LYN/DFFA/LGALS3/MIF/FADD/CRKL/BCL2L1/CASP3/CASP7/BAX/CLC/IL2RA/ADAM8,15
5,GO:0061045,negative regulation of wound healing,12/487,78/18986,0.15384615384615385,5.9977886589796245,7.1762580473627935,6.625709724982521e-7,3.0223944563657642e-5,2.183208340002215e-5,FGA/PDGFB/PDGFA/SERPING1/SERPINE2/PF4/GP1BA/F11/PRKG1/SH2B3/TNF/ANXA2,12
5,GO:0097192,extrinsic apoptotic signaling pathway in absence of ligand,11/487,65/18986,0.16923076923076924,6.597567524877587,7.334654005962524,7.244787652304291e-7,3.271746103780618e-5,2.363325993104316e-5,IL1B/PF4/HSPA1A/FADD/BCL2L1/IL7/HTRA2/BAX/CASP2/COL2A1/TNF,11
5,GO:0002695,negative regulation of leukocyte activation,19/487,196/18986,0.09693877551020408,3.7792188744080795,6.3457513567904895,7.557684378264967e-7,3.3792576883410485e-5,2.4409863354083513e-5,CD84/SDC4/VSIR/TNFAIP8L2/CLEC4G/LYN/LGALS3/CD69/MDK/CASP3/ADGRF5/PIBF1/PTPN6/PRKAR1A/PGLYRP1/GRN/IL2RA/BANK1/PDE5A,19
5,GO:0071677,positive regulation of mononuclear cell migration,13/487,94/18986,0.13829787234042554,5.391629166848705,6.925422510719085,8.050738208533841e-7,3.5644248774253753e-5,2.5747407335651574e-5,APP/CCL5/LGALS3/FADD/MDK/CCL20/LGMN/JAM3/TREM2/CCL3/ADAM8/AIF1/TNF,13
5,GO:0072677,eosinophil migration,8/487,31/18986,0.25806451612903225,10.06080678280453,8.191840298792759,8.30391738212909e-7,3.640824358999511e-5,2.6299274366088957e-5,CCL5/LGALS3/CCL18/CCL26/CCL3/CCL13/ADAM8/CCL11,8
5,GO:0060759,regulation of response to cytokine stimulus,19/487,199/18986,0.09547738693467336,3.7222457255476558,6.263553628798113,9.529295714088301e-7,4.137913408156035e-5,2.9889967022226365e-5,MMP8/ANGPT1/CASP1/CCL5/HSPA1A/FADD/STAT2/CDC37/IL7/PTPN6/PTPN1/GIGYF2/CASP8/TREM2/MAPKAPK2/USP25/SH2B3/IRAK1/MAVS,19
5,GO:0002548,monocyte chemotaxis,10/487,54/18986,0.18518518518518517,7.219560422845843,7.425983475670368,9.779340918695654e-7,4.1918321755483226e-5,3.0279445974603167e-05,PDGFB/APP/PF4/CCL5/LYN/LGALS3/LGMN/CCL26/CCL3/AIF1,10
5,GO:0006956,complement activation,11/487,67/18986,0.16417910447761194,6.4006252107021355,7.18502042948271,9.931931859691552e-7,4.1918321755483226e-5,3.0279445974603167e-05,IL1B/CFHR5/SERPING1/C2/C4BPB/RGCC/C5/C8B/CD59/TREM2/C1R,11
5,GO:0038034,signal transduction in absence of ligand,11/487,67/18986,0.16417910447761194,6.4006252107021355,7.18502042948271,9.931931859691552e-7,4.1918321755483226e-5,3.0279445974603167e-05,IL1B/PF4/HSPA1A/FADD/BCL2L1/IL7/HTRA2/BAX/CASP2/COL2A1/TNF,11
5,GO:0002698,negative regulation of immune effector process,15/487,128/18986,0.1171875,4.568628080082136,6.572855924070046,1.0249607632498463e-6,4.285854450774358e-5,3.095861018821904e-5,CD84/ANGPT1/SERPING1/CLEC4G/LGALS3/CD69/C4BPB/BCR/PTPN6/PGLYRP1/BST2/GRN/CD59/ACP5/TNF,15
5,GO:1903828,negative regulation of protein localization,20/487,223/18986,0.08968609865470852,3.4964687249657,6.084474524969615,1.330548132390221e-6,5.4915685094961744e-5,3.966801270553504e-5,IL1B/ANGPT1/APP/F2R/ERP29/DAB2/LZTFL1/PARK7/BCL2L1/PPM1F/SYTL4/COMMD1/RAB11FIP3/NSFL1C/GOPC/GBP1/INHBB/WWP2/FOXO1/FKBP1B,20
5,GO:0010563,negative regulation of phosphorus metabolic process,24/487,306/18986,0.0784313725490196,3.0576961790876513,5.8877475930987915,1.349787654016996e-6,5.4915685094961744e-5,3.966801270553504e-5,IL1B/PDGFB/PDGFA/SEMA4D/LYN/EIF4G1/PARK7/ATP5IF1/CRKL/NCK2/PIBF1/PPM1F/SIRT2/PRDX3/PTPN6/TARBP2/CDKN2D/SPRY2/CEP43/PTPN1/PRKG1/AKT1S1/GIT1/TNF,24
5,GO:0045936,negative regulation of phosphate metabolic process,24/487,306/18986,0.0784313725490196,3.0576961790876513,5.8877475930987915,1.349787654016996e-6,5.4915685094961744e-5,3.966801270553504e-5,IL1B/PDGFB/PDGFA/SEMA4D/LYN/EIF4G1/PARK7/ATP5IF1/CRKL/NCK2/PIBF1/PPM1F/SIRT2/PRDX3/PTPN6/TARBP2/CDKN2D/SPRY2/CEP43/PTPN1/PRKG1/AKT1S1/GIT1/TNF,24
5,GO:0018108,peptidyl-tyrosine phosphorylation,19/487,204/18986,0.09313725490196079,3.631014212666586,6.130035857144907,1.3877288221843417e-6,5.595520858021863e-5,4.041890620253078e-5,PDGFB/EGF/ANGPT1/PDGFA/APP/SEMA4D/LILRA5/HCLS1/LYN/PIBF1/PTPN6/FLT4/SRC/PTPN1/CTF1/BANK1/TREM2/ARL2BP/VEGFB,19
5,GO:0051051,negative regulation of transport,31/487,467/18986,0.06638115631691649,2.5879109524291097,5.637304238558106,1.4945978533712495e-6,5.941112215891485e-5,4.291526445631371e-5,MMP9/IL1B/CD84/EGF/ANGPT1/SERPINE2/F2R/LGALS3/ERP29/PARK7/VPS4B/VAMP8/PPP3R1/AKT2/PPM1F/BCR/SYTL4/COMMD1/RAB11FIP3/PRKG1/GOPC/YWHAQ/NFKB1/ARFIP1/INHBB/WWP2/FOXO1/PPIF/FKBP1B/TNF/ANXA2,31
5,GO:0070227,lymphocyte apoptotic process,12/487,84/18986,0.14285714285714285,5.569375183338222,6.809860844315404,1.4997493193348744e-6,5.941112215891485e-5,4.291526445631371e-5,CCL5/LYN/DFFA/LGALS3/MIF/FADD/CRKL/CASP7/BAX/CLC/IL2RA/ADAM8,12
5,GO:0043525,positive regulation of neuron apoptotic process,11/487,70/18986,0.15714285714285714,6.1263127016720444,6.971642629474571,1.5604736806819267e-6,6.127912297356157e-5,4.426460353714682e-5,APP/SRPK2/CASP3/CASP7/BAX/CASP2/GRN/CASP8/CCL3/CASP10/TNF,11
5,GO:0018212,peptidyl-tyrosine modification,19/487,206/18986,0.09223300970873786,3.595761647495066,6.0777982924542195,1.6071878560912285e-6,6.256948584575851e-5,4.5196689346884905e-5,PDGFB/EGF/ANGPT1/PDGFA/APP/SEMA4D/LILRA5/HCLS1/LYN/PIBF1/PTPN6/FLT4/SRC/PTPN1/CTF1/BANK1/TREM2/ARL2BP/VEGFB,19
5,GO:0031638,zymogen activation,10/487,58/18986,0.1724137931034483,6.72165970402889,7.0807508448403675,1.945342761797134e-6,7.508690523312699e-5,5.423857146926962e-5,FGA/SERPINE2/VSIR/FADD/ENO1/F11/LGMN/CASP8/C1R/ANXA2,10
5,GO:0071706,tumor necrosis factor superfamily cytokine production,18/487,193/18986,0.09326424870466321,3.6359651455990467,5.971946607214131,2.5729692438880447e-6,9.764310172603706e-5,7.053190346580318e-5,MMP8/ANGPT1/APP/LILRA5/PF4/VSIR/CD14/MIF/LBP/FADD/TMEM106A/PTPN6/ACP5/TREM2/MAPKAPK2/CCL3/ADAM8/MAVS,18
5,GO:1903555,regulation of tumor necrosis factor superfamily cytokine production,18/487,193/18986,0.09326424870466321,3.6359651455990467,5.971946607214131,2.5729692438880447e-6,9.764310172603706e-5,7.053190346580318e-5,MMP8/ANGPT1/APP/LILRA5/PF4/VSIR/CD14/MIF/LBP/FADD/TMEM106A/PTPN6/ACP5/TREM2/MAPKAPK2/CCL3/ADAM8/MAVS,18
5,GO:0061041,regulation of wound healing,15/487,140/18986,0.10714285714285714,4.177031387503667,6.121693548552362,3.201270357262491e-6,1.1988204177844789e-4,8.659606719300032e-5,FGA/PDGFB/PDGFA/SERPING1/SERPINE2/PF4/F2R/HPSE/GP1BA/F11/PRKG1/SH2B3/VEGFB/TNF/ANXA2,15
5,GO:0002221,pattern recognition receptor signaling pathway,22/487,278/18986,0.07913669064748201,3.085193446885202,5.68264758782949,3.2120741929123545e-6,1.1988204177844789e-4,8.659606719300032e-5,APP/CASP1/CD14/LYN/LBP/HSPA1A/AP3B1/IRAK4/EIF2AK2/SIRT2/ERBIN/MAP2K6/TARBP2/SRC/TNIP1/TREM2/MAPKAPK2/IRAK1/TRIM25/TNF/MAVS/TAX1BP1,22
5,GO:0051235,maintenance of location,25/487,345/18986,0.07246376811594203,2.8250453828527218,5.550655424118093,3.4020928505261486e-6,1.2593320748341055e-4,9.096709011027208e-5,GP5/IL1B/F2R/GP1BA/LYN/PARK7/MSR1/STAT5B/PTPN6/TWF2/BAX/PKD2/PLIN3/LETM1/PLCB2/ITPR1/NFKBIE/CXCL11/TREM2/NFKB1/GP1BB/CCL3/ARL2BP/FKBP1B/TNF,25
5,GO:0001936,regulation of endothelial cell proliferation,17/487,179/18986,0.09497206703910614,3.7025455129455223,5.894343277586015,3.80862413710324e-6,1.398353382370588e-4,1.0100921010597294e-4,PDGFB/EGF/SPARC/MYDGF/PLXNB3/LRG1/ATP5IF1/MDK/VASH1/FLT4/RGCC/CCL26/AKT3/TNFSF12/CCL11/VEGFB/TNF,17
5,GO:0045861,negative regulation of proteolysis,23/487,303/18986,0.07590759075907591,2.959304965404138,5.578220811084275,3.883921626762255e-6,1.414499198907931e-4,1.0217549338995098e-4,MMP9/APP/ITIH4/SERPING1/SERPINE2/SERPINA3/TRIAP1/SERPINB6/SPINT2/SERPINB1/PARK7/PEBP1/FHIT/DNAJB6/SERPINH1/SRC/UBXN1/CDKN2D/PZP/USP25/TFPI2/SPINK2/TNF,23
5,GO:0048245,eosinophil chemotaxis,7/487,27/18986,0.25925925925925924,10.10738459198418,7.6835779322221915,3.9809858260813335e-6,1.4382505592466641e-4,1.0389115852653517e-4,CCL5/LGALS3/CCL18/CCL26/CCL3/CCL13/CCL11,7
5,GO:0007264,small GTPase-mediated signal transduction,31/487,491/18986,0.06313645621181263,2.461414286729927,5.323320103205956,4.204086217554836e-6,1.5067978855934635e-4,1.0884263315123172e-4,SEMA4D/LAT/F2R/USP8/DOK2/PARK7/ARHGEF1/CRKL/USO1/RRAS/DBNL/FGD3/BCR/GRAP2/STAMBP/RHOC/SRC/DOK1/ARHGAP45/DNMBP/SPRY2/YWHAQ/ARHGEF12/VAV3/FAM13A/BRAP/AIF1/RAB33A/WASF1/GIT1/CHM,31
5,GO:0007249,canonical NF-kappaB signal transduction,24/487,327/18986,0.07339449541284404,2.8613303694214722,5.5086960784466035,4.289007284882745e-6,1.5251304644512187e-4,1.1016687588770515e-4,CD40LG/IL1B/ANGPT1/F2R/CASP1/FADD/TMEM106A/IRAK4/S100A4/BST2/RHOC/TNIP1/CASP8/TREM2/NFKB1/EDAR/ADAM8/CASP10/TRIM58/IRAK1/TRIM25/TNF/MAVS/AZI2,24
5,GO:0050730,regulation of peptidyl-tyrosine phosphorylation,16/487,162/18986,0.09876543209876543,3.8504322255177827,5.911639259130484,4.414797092950624e-6,1.557595599356642e-4,1.1251197525537816e-4,EGF/ANGPT1/PDGFA/APP/SEMA4D/LILRA5/HCLS1/PIBF1/PTPN6/SRC/PTPN1/CTF1/BANK1/TREM2/ARL2BP/VEGFB,16
5,GO:0006413,translational initiation,14/487,127/18986,0.11023622047244094,4.297628094229494,6.049783872121586,4.859665006705719e-6,1.7012594705645756e-4,1.2288944802758893e-4,CCL5/EIF4G1/NCK2/AKT2/EIF2AK2/MTIF3/EIF4E/EIF4B/GIGYF2/BANK1/EIF4EBP1/IMPACT/TNF/DENR,14
5,GO:0051345,positive regulation of hydrolase activity,24/487,331/18986,0.07250755287009064,2.826752358914868,5.439909844159114,5.279124720244367e-6,1.8338867105095047e-4,1.3246969642135458e-4,ITGA6/SEMA4D/F2R/VSIR/CASP1/CCL5/LYN/HSPA1A/FADD/CRADD/RGS10/DIABLO/PPM1F/BCR/HTRA2/LGMN/CCL26/RHOC/EVI5/GRN/PSAP/CASP8/CCL11/TNF,24
5,GO:0051209,release of sequestered calcium ion into cytosol,14/487,129/18986,0.10852713178294573,4.230998201295703,5.974353636988758,5.841610412616344e-6,2.0137948567462143e-4,1.454652524604102e-4,GP5/F2R/GP1BA/LYN/PTPN6/BAX/PKD2/LETM1/PLCB2/ITPR1/CXCL11/GP1BB/CCL3/FKBP1B,14
5,GO:1903557,positive regulation of tumor necrosis factor superfamily cytokine production,13/487,112/18986,0.11607142857142858,4.525117336462306,6.070804795943617,5.972402402224372e-6,2.0279224998831028e-4,1.464857542104735e-4,MMP8/APP/LILRA5/PF4/CD14/MIF/LBP/FADD/TMEM106A/MAPKAPK2/CCL3/ADAM8/MAVS,13
5,GO:2001243,negative regulation of intrinsic apoptotic signaling pathway,13/487,112/18986,0.11607142857142858,4.525117336462306,6.070804795943617,5.972402402224372e-6,2.0279224998831028e-4,1.464857542104735e-4,MMP9/BID/TRIAP1/MIF/PARK7/HSPA1A/ENO1/BCL2L1/HTRA2/SRC/CDKN2D/PTPN1/PPIF,13
5,GO:0051283,negative regulation of sequestering of calcium ion,14/487,130/18986,0.1076923076923077,4.198452061285737,5.9372097558479195,6.3956417393397815e-6,2.1554267234968997e-4,1.5569594462069112e-4,GP5/F2R/GP1BA/LYN/PTPN6/BAX/PKD2/LETM1/PLCB2/ITPR1/CXCL11/GP1BB/CCL3/FKBP1B,14
5,GO:0090199,regulation of release of cytochrome c from mitochondria,8/487,40/18986,0.2,7.797125256673512,6.982197954227439,6.609299507204741e-6,2.2109330795953044e-4,1.5970541265362566e-4,MMP9/BID/TRIAP1/FXN/BCL2L1/PLSCR3/BAX/PPIF,8
5,GO:0050678,regulation of epithelial cell proliferation,27/487,406/18986,0.0665024630541872,2.592640171554,5.263243744377243,6.893315843695456e-6,2.2889863492741674e-4,1.6534354334065185e-4,BID/EREG/PDGFB/EGF/SPARC/MYDGF/CCL5/PLXNB3/DAB2/STK11/LRG1/ATP5IF1/MDK/VASH1/FLT4/RGCC/CCL26/BAX/AKT3/STK4/GRN/B2M/TNFSF12/CCL11/VEGFB/TNF/TRIM24,27
5,GO:0032640,tumor necrosis factor production,17/487,188/18986,0.09042553191489362,3.5252959937087684,5.645872247598232,7.3768727928460165e-6,2.414054893658885e-4,1.743777939361541e-4,MMP8/ANGPT1/APP/LILRA5/PF4/VSIR/CD14/MIF/LBP/FADD/TMEM106A/PTPN6/ACP5/TREM2/MAPKAPK2/CCL3/MAVS,17
5,GO:0032680,regulation of tumor necrosis factor production,17/487,188/18986,0.09042553191489362,3.5252959937087684,5.645872247598232,7.3768727928460165e-6,2.414054893658885e-4,1.743777939361541e-4,MMP8/ANGPT1/APP/LILRA5/PF4/VSIR/CD14/MIF/LBP/FADD/TMEM106A/PTPN6/ACP5/TREM2/MAPKAPK2/CCL3/MAVS,17
5,GO:0051250,negative regulation of lymphocyte activation,16/487,169/18986,0.09467455621301775,3.690946867064384,5.701234935112092,7.616593482382235e-6,2.466169031486177e-4,1.7814222713569676e-4,SDC4/VSIR/TNFAIP8L2/CLEC4G/LYN/LGALS3/CD69/MDK/CASP3/PIBF1/PTPN6/PRKAR1A/PGLYRP1/IL2RA/BANK1/PDE5A,16
5,GO:0051282,regulation of sequestering of calcium ion,14/487,132/18986,0.10606060606060606,4.134839151266256,5.864029297712995,7.645342435962462e-6,2.466169031486177e-4,1.7814222713569676e-4,GP5/F2R/GP1BA/LYN/PTPN6/BAX/PKD2/LETM1/PLCB2/ITPR1/CXCL11/GP1BB/CCL3/FKBP1B,14
5,GO:0050673,epithelial cell proliferation,30/487,482/18986,0.06224066390041494,2.426491262450263,5.147015549027869,7.953120014680568e-6,2.5472546089572656e-4,1.839993947405381e-4,BID/EREG/PDGFB/EGF/SPARC/MYDGF/CCL5/SERPINB1/PLXNB3/DAB2/STK11/LRG1/ATP5IF1/MAP2K1/BCL2L1/MDK/VASH1/FLT4/RGCC/CCL26/BAX/AKT3/STK4/GRN/B2M/TNFSF12/CCL11/VEGFB/TNF/TRIM24,30
5,GO:0016050,vesicle organization,26/487,386/18986,0.06735751295336788,2.6259748273770893,5.236566862347926,8.132781530823394e-6,2.57570044895161e-4,1.860541627733215e-4,SDC4/SERPINE2/F2R/STX7/USP8/VTA1/STX8/SNAP23/VPS4B/IST1/VAMP8/CHMP1A/AP3B1/USO1/SEC31A/VTI1A/ACRBP/STXBP1/AP3S2/VAV3/DNM3/SPINK2/HGS/ATP6V1G1/ANXA2/DNM1,26
5,GO:0002218,activation of innate immune response,23/487,317/18986,0.07255520504731862,2.8286101088878675,5.327038980082897,8.190162745475978e-6,2.57570044895161e-4,1.860541627733215e-4,APP/CASP1/CD14/LYN/LBP/HSPA1A/AP3B1/IRAK4/EIF2AK2/SIRT2/ERBIN/MAP2K6/TARBP2/HEXIM1/SRC/TNIP1/TREM2/MAPKAPK2/IRAK1/TRIM25/TNF/MAVS/TAX1BP1,23
5,GO:0043524,negative regulation of neuron apoptotic process,16/487,170/18986,0.09411764705882353,3.669235414905182,5.672092987466874,8.213039518357658e-6,2.57570044895161e-4,1.860541627733215e-4,ANGPT1/BDNF/F2R/GPI/PARK7/BCL2L1/MDK/HTRA2/LGMN/BAX/STAMBP/GRN/STXBP1/ADAM8/VEGFB/SOD1,16
5,GO:0001836,release of cytochrome c from mitochondria,9/487,54/18986,0.16666666666666666,6.497604380561259,6.563987888253501,8.511119922384027e-6,2.6507736254818116e-4,1.914770282357031e-4,MMP9/BID/TRIAP1/FXN/BCL2L1/PLSCR3/BAX/GGCT/PPIF,9
5,GO:0002687,positive regulation of leukocyte migration,15/487,152/18986,0.09868421052631579,3.847265751648114,5.718395253117692,8.843875900695661e-6,2.7355440799686027e-4,1.9760037070119574e-4,APP/CCL5/LGALS3/LBP/FADD/MDK/CCL20/LGMN/JAM3/TREM2/CCL3/ADAM8/AIF1/VEGFB/TNF,15
5,GO:0002758,innate immune response-activating signaling pathway,22/487,297/18986,0.07407407407407407,2.8878241691383373,5.320376783959161,9.278582712896463e-6,2.8504816007782603e-4,2.0590281294139733e-4,APP/CASP1/CD14/LYN/LBP/HSPA1A/AP3B1/IRAK4/EIF2AK2/SIRT2/ERBIN/MAP2K6/TARBP2/SRC/TNIP1/TREM2/MAPKAPK2/IRAK1/TRIM25/TNF/MAVS/TAX1BP1,22
5,GO:2001235,positive regulation of apoptotic signaling pathway,15/487,153/18986,0.09803921568627451,3.822120223859564,5.686658237241694,9.57847874979866e-6,2.922730407708834e-4,2.1112166177543422e-4,CD40LG/BID/APP/PARK7/FADD/CRADD/NCK2/HTRA2/BAX/CASP2/STK4/INHBB/TNFSF12/SOD1/TNF,15
5,GO:1903532,positive regulation of secretion by cell,22/487,298/18986,0.0738255033557047,2.878133484007001,5.302111177089042,9.783966614776857e-6,2.9653955189484755e-4,2.1420355025922625e-4,FGA/IL1B/SDC4/MIF/DAB2/VPS4B/VAMP8/PLA2G4A/MAP2K6/RGCC/PRKAR1A/SYTL4/RAB27B/PFKFB2/ITPR1/STXBP1/TREM2/INHBB/HGS/ADAM8/ANXA2/RAB2B,22
5,GO:0050731,positive regulation of peptidyl-tyrosine phosphorylation,13/487,118/18986,0.11016949152542373,4.2950266244387985,5.825492576149722,1.0636514396780204e-5,3.202299934390627e-4,2.3131619730260952e-4,EGF/ANGPT1/SEMA4D/LILRA5/HCLS1/PIBF1/SRC/PTPN1/CTF1/BANK1/TREM2/ARL2BP/VEGFB,13
5,GO:0051208,sequestering of calcium ion,14/487,136/18986,0.10294117647058823,4.013226235052542,5.721911970797477,1.0810259474527337e-5,3.2330550852295e-4,2.3353777700634517e-4,GP5/F2R/GP1BA/LYN/PTPN6/BAX/PKD2/LETM1/PLCB2/ITPR1/CXCL11/GP1BB/CCL3/FKBP1B,14
5,GO:0002455,humoral immune response mediated by circulating immunoglobulin,9/487,56/18986,0.16071428571428573,6.265547081255501,6.402621991394628,1.1586552164367396e-5,3.44242562988705e-4,2.4866153156076563e-4,SERPING1/C2/C4BPB/PTPN6/C5/C8B/TREM2/C1R/TNF,9
5,GO:2001237,negative regulation of extrinsic apoptotic signaling pathway,12/487,102/18986,0.11764705882352941,4.586544268631477,5.892843953592237,1.1817149657413739e-5,3.48799005574382e-4,2.5195285028087495e-4,FGA/IL1B/ITGA6/PF4/LGALS3/PARK7/HSPA1A/BCL2L1/IL7/SRC/COL2A1/TNF,12
5,GO:0002703,regulation of leukocyte mediated immunity,20/487,258/18986,0.07751937984496124,3.0221415723540743,5.3060503351129045,1.2145162101202415e-5,3.554742229438075e-4,2.5677465314038025e-4,IL1B/CD84/CD226/STX7/CLEC4G/LYN/FADD/VAMP8/C4BPB/BCR/STAT5B/PTPN6/BST2/CLC/STXBP1/TREM2/B2M/TNFSF13/TNF/MAVS,20
5,GO:0006446,regulation of translational initiation,11/487,86/18986,0.12790697674418605,4.986533594384222,6.011867591804912,1.220073174408551e-5,3.554742229438075e-4,2.5677465314038025e-4,CCL5/EIF4G1/NCK2/AKT2/EIF2AK2/EIF4B/GIGYF2/BANK1/EIF4EBP1/IMPACT/TNF,11
5,GO:0070374,positive regulation of ERK1 and ERK2 cascade,17/487,197/18986,0.08629441624365482,3.3642418620164896,5.412137701272399,1.3693368648571358e-5,3.9640546677530933e-4,2.863410893517047e-4,FGA/PDGFB/ANGPT1/PDGFA/APP/F2R/MIF/MAP2K1/CRKL/FLT4/SRC/MARCO/SPRY2/TREM2/CCL3/VEGFB/TNF,17
5,GO:0034341,response to type II interferon,13/487,121/18986,0.10743801652892562,4.188538361022961,5.708888775335088,1.3993562575957802e-5,4.02400018349667e-4,2.9067121739443806e-4,CASP1/CCL5/CXCL16/STX8/CDC37/NUB1/BST2/CALCOCO2/GBP1/STXBP1/CCL3/AIF1/TNF,13
5,GO:0043122,regulation of canonical NF-kappaB signal transduction,22/487,305/18986,0.07213114754098361,2.812077961423234,5.176335214808058,1.407865431781386e-5,4.02400018349667e-4,2.9067121739443806e-4,CD40LG/IL1B/ANGPT1/F2R/CASP1/FADD/TMEM106A/IRAK4/S100A4/BST2/RHOC/TNIP1/CASP8/TREM2/EDAR/CASP10/TRIM58/IRAK1/TRIM25/TNF/MAVS/AZI2,22
5,GO:0050918,positive chemotaxis,10/487,72/18986,0.1388888888888889,5.414670317134383,6.089315656488281,1.4506657141106838e-5,4.120255575423804e-4,2.976241673637212e-4,PDGFB/ANGPT1/APP/CCL5/PLXNB3/LGALS3/MIF/S100A4/CCL3/VEGFB,10
5,GO:1903039,positive regulation of leukocyte cell-cell adhesion,21/487,284/18986,0.07394366197183098,2.8827399716574598,5.186819583010824,1.5167200335560008e-5,4.275810893795628e-4,3.088606116235292e-4,CD40LG/IL1B/VSIR/CCL5/GP1BA/LYN/FADD/AP3B1/NCK2/MDK/IL7/STAT5B/PTPN6/SRC/IL2RA/B2M/ADAM8/AIF1/TNFSF13B/IRAK1/TNF,21
5,GO:1905897,regulation of response to endoplasmic reticulum stress,11/487,88/18986,0.125,4.873203285420945,5.908800954564804,1.524370137070629e-5,4.275810893795628e-4,3.088606116235292e-4,APP/ERP29/PARK7/HSPA1A/MANF/NCK2/BCL2L1/BAX/UBXN1/PTPN1/USP25,11
5,GO:0032602,chemokine production,12/487,105/18986,0.11428571428571428,4.455500146670578,5.7608786125305915,1.5926477976315533e-5,4.4125137755239845e-4,3.187352615344e-4,IL1B/APP/MIF/LBP/EIF2AK2/IL7/ERBIN/C5/TREM2/AIF1/TNF/MAVS,12
5,GO:0032642,regulation of chemokine production,12/487,105/18986,0.11428571428571428,4.455500146670578,5.7608786125305915,1.5926477976315533e-5,4.4125137755239845e-4,3.187352615344e-4,IL1B/APP/MIF/LBP/EIF2AK2/IL7/ERBIN/C5/TREM2/AIF1/TNF/MAVS,12
5,GO:0032722,positive regulation of chemokine production,10/487,73/18986,0.136986301369863,5.34049675114624,6.0285977818883705,1.642920602178641e-5,4.4966239026901473e-4,3.24810905655605e-4,IL1B/APP/MIF/LBP/EIF2AK2/IL7/C5/AIF1/TNF/MAVS,10
5,GO:0051881,regulation of mitochondrial membrane potential,10/487,73/18986,0.136986301369863,5.34049675114624,6.0285977818883705,1.642920602178641e-5,4.4966239026901473e-4,3.24810905655605e-4,BID/PARK7/ATP5IF1/BCL2L1/PRDX3/BAX/SRC/SPART/PPIF/SOD1,10
5,GO:2001239,regulation of extrinsic apoptotic signaling pathway in absence of ligand,8/487,45/18986,0.17777777777777778,6.9307780059320105,6.462672202242935,1.6554770813252488e-5,4.5036954814848336e-4,3.2532171686917855e-4,IL1B/PF4/HSPA1A/BCL2L1/IL7/HTRA2/COL2A1/TNF,8
5,GO:0030099,myeloid cell differentiation,28/487,451/18986,0.06208425720620843,2.420393649521711,4.953319625519299,1.6696181455786094e-5,4.51496739247485e-4,3.2613593653628176e-4,MMP9/GP5/APP/PF4/HCLS1/GP1BA/MPIG6B/LYN/HSPA1A/FADD/AP3B1/ATP5IF1/CASP3/ADGRF5/PRDX3/STAT5B/PTPN6/SRC/CASP8/TREM2/GP1BB/CCL3/B2M/CASP10/TRIM58/SH2B3/TNF/ANXA2,28
5,GO:0007005,mitochondrion organization,28/487,452/18986,0.061946902654867256,2.4150387963148043,4.9402467411366695,1.7381265194234433e-5,4.672249620069208e-4,3.3749712303842425e-4,MMP9/BID/TRIAP1/FXN/PARK7/HSPA1A/AP3B1/LONP1/STAT2/ATP5IF1/NDUFB7/BCL2L1/PLSCR3/PRDX3/HTRA2/TIMM10/BAX/AKT3/CNP/LETM1/GGCT/TIMM8A/CLPP/TYMP/HMGCL/PPIF/DDHD2/WASF1,28
5,GO:0006979,response to oxidative stress,26/487,405/18986,0.06419753086419754,2.5027809465865594,4.9600300221128775,1.8837287031654246e-5,5.012749783039785e-4,3.6209294619458986e-4,APP/MSRA/ATOX1/FXN/PARK7/HSPA1A/LONP1/RWDD1/CASP3/SIRT2/FUT8/PRDX3/HTRA2/SRC/PKD2/STK24/COMT/PRDX5/USP25/FOXO1/PPIF/AIF1/FKBP1B/SOD1/TRIM25/HMOX2,26
5,GO:0061515,myeloid cell development,11/487,90/18986,0.12222222222222222,4.764909879078257,5.808801750928189,1.8924085661898846e-5,5.012749783039785e-4,3.6209294619458986e-4,GP5/APP/GP1BA/MPIG6B/ADGRF5/PTPN6/SRC/GP1BB/TRIM58/SH2B3/ANXA2,11
5,GO:0001935,endothelial cell proliferation,17/487,202/18986,0.08415841584158416,3.28096854860024,5.288062714555508,1.8985460888354444e-5,5.012749783039785e-4,3.6209294619458986e-4,PDGFB/EGF/SPARC/MYDGF/PLXNB3/LRG1/ATP5IF1/MDK/VASH1/FLT4/RGCC/CCL26/AKT3/TNFSF12/CCL11/VEGFB/TNF,17
5,GO:0043123,positive regulation of canonical NF-kappaB signal transduction,18/487,223/18986,0.08071748878923767,3.14682185246913,5.232303829953234,1.9153411473852652e-5,5.012749783039785e-4,3.6209294619458986e-4,CD40LG/IL1B/F2R/CASP1/FADD/TMEM106A/IRAK4/S100A4/BST2/RHOC/CASP8/EDAR/CASP10/TRIM58/IRAK1/TRIM25/TNF/MAVS,18
5,GO:0035855,megakaryocyte development,6/487,23/18986,0.2608695652173913,10.170163378269796,7.139751952542743,1.9230916149985262e-5,5.012749783039785e-4,3.6209294619458986e-4,GP5/GP1BA/MPIG6B/PTPN6/GP1BB/SH2B3,6
5,GO:0001938,positive regulation of endothelial cell proliferation,12/487,107/18986,0.11214953271028037,4.372219770097296,5.675627978483854,1.9313960634387127e-5,5.012749783039785e-4,3.6209294619458986e-4,PDGFB/EGF/MYDGF/PLXNB3/LRG1/MDK/FLT4/CCL26/AKT3/TNFSF12/CCL11/VEGFB,12
5,GO:1902235,regulation of endoplasmic reticulum stress-induced intrinsic apoptotic signaling pathway,7/487,34/18986,0.20588235294117646,8.026452470105085,6.653401054171622,2.0644490279537032e-5,5.327458177279385e-4,3.8482571654908427e-4,APP/ERP29/PARK7/HSPA1A/NCK2/BCL2L1/PTPN1,7
5,GO:0022409,positive regulation of cell-cell adhesion,23/487,336/18986,0.06845238095238096,2.6686589420162314,5.007182905505449,2.0890764394900023e-5,5.360380227691392e-4,3.8720382093178926e-4,CD40LG/FGA/IL1B/GP6/VSIR/CCL5/GP1BA/LYN/FADD/AP3B1/NCK2/MDK/IL7/STAT5B/PTPN6/SRC/IL2RA/B2M/ADAM8/AIF1/TNFSF13B/IRAK1/TNF,23
5,GO:0016485,protein processing,19/487,246/18986,0.07723577235772358,3.011084956845462,5.151204990970294,2.1025259709591878e-5,5.364410895396436e-4,3.874949737735666e-4,FGA/SERPINE2/VSIR/CASP1/FXN/FADD/ENO1/CASP3/CASP7/HTRA2/F11/LGMN/METAP2/SRC/CASP2/CASP8/ADAM8/C1R/ANXA2,19
5,GO:0032760,positive regulation of tumor necrosis factor production,12/487,108/18986,0.1111111111111111,4.331736253707507,5.633783539600374,2.1231601322984404e-5,5.386624245763908e-4,3.890995416908851e-4,MMP8/APP/LILRA5/PF4/CD14/MIF/LBP/FADD/TMEM106A/MAPKAPK2/CCL3/MAVS,12
5,GO:0010951,negative regulation of endopeptidase activity,12/487,109/18986,0.11009174311926606,4.291995554132209,5.592444157789991,2.331298383661986e-5,5.881644413752809e-4,4.24857023873478e-4,MMP9/SERPING1/SERPINE2/SERPINA3/TRIAP1/SERPINB6/SERPINB1/DNAJB6/SERPINH1/SRC/CDKN2D/TNF,12
5,GO:0061077,chaperone-mediated protein folding,10/487,76/18986,0.13157894736842105,5.129687668864152,5.8529375970938204,2.3566686009868646e-5,5.912619667809267e-4,4.270945025999002e-4,DNAJB14/PPIB/DFFA/PDIA4/PDCD5/HSPA1A/DNAJB6/FKBP5/FKBP4/ST13,10
5,GO:0043549,regulation of kinase activity,28/487,460/18986,0.06086956521739131,2.373038121596286,4.8368913993265235,2.385311586606586e-5,5.951418301168698e-4,4.2989709839452223e-4,IL1B/EREG/PDGFB/ANGPT1/PDGFA/LILRA5/LAT/LYN/ERP29/MIF/STK11/MAP2K1/PIBF1/PPM1F/CDC37/PRDX3/RGCC/TARBP2/SRC/CDKN2D/AXIN1/CEP43/PTPN1/TREM2/PDE5A/HGS/AKT1S1/TNF,28
5,GO:0070665,positive regulation of leukocyte proliferation,15/487,166/18986,0.09036144578313253,3.522797555725984,5.296906307906615,2.5435130307038735e-5,6.241780522809514e-4,4.508712377088872e-4,CD40LG/IL1B/CCL5/LYN/MIF/FADD/NCK2/BCL2L1/IL7/STAT5B/BST2/IL2RA/VAV3/AIF1/TNFSF13B,15
5,GO:0032611,interleukin-1 beta production,12/487,110/18986,0.10909090909090909,4.252977412731005,5.551598645518925,2.556973863418423e-5,6.241780522809514e-4,4.508712377088872e-4,APP/LILRA5/F2R/CASP1/SERPINB1/TMEM106A/ACP5/CASP8/TREM2/CCL3/GIT1/TNF,12
5,GO:0032651,regulation of interleukin-1 beta production,12/487,110/18986,0.10909090909090909,4.252977412731005,5.551598645518925,2.556973863418423e-5,6.241780522809514e-4,4.508712377088872e-4,APP/LILRA5/F2R/CASP1/SERPINB1/TMEM106A/ACP5/CASP8/TREM2/CCL3/GIT1/TNF,12
5,GO:0072676,lymphocyte migration,12/487,110/18986,0.10909090909090909,4.252977412731005,5.551598645518925,2.556973863418423e-5,6.241780522809514e-4,4.508712377088872e-4,APP/CCL5/CXCL16/CD69/FADD/CRKL/CCL20/CCL26/CXCL11/CCL3/ADAM8/AIF1,12
5,GO:2000116,regulation of cysteine-type endopeptidase activity,15/487,167/18986,0.08982035928143713,3.501702959583912,5.268553105032086,2.7299938001148397e-5,6.628307527590655e-4,4.787917819216688e-4,MMP9/TRIAP1/F2R/CASP1/FADD/CRADD/DIABLO/PPM1F/HTRA2/LGMN/DNAJB6/SRC/CDKN2D/CASP8/TNF,15
5,GO:0006898,receptor-mediated endocytosis,20/487,275/18986,0.07272727272727272,2.835318275154004,4.97421888255358,3.0568579167223535e-5,7.287196713916897e-4,5.263862434485214e-4,EGF/ANGPT1/APP/SCARF1/CD14/CXCL16/DAB2/PPP3R1/RSPO1/MSR1/PDLIM7/MARCO/HNRNPK/B2M/DNM3/HGS/RABEP1/WASF1/ANXA2/DNM1,20
5,GO:1901099,negative regulation of signal transduction in absence of ligand,7/487,36/18986,0.19444444444444445,7.580538443988136,6.4121508229568365,3.064510095480909e-5,7.287196713916897e-4,5.263862434485214e-4,IL1B/PF4/HSPA1A/BCL2L1/IL7/COL2A1/TNF,7
5,GO:2001240,negative regulation of extrinsic apoptotic signaling pathway in absence of ligand,7/487,36/18986,0.19444444444444445,7.580538443988136,6.4121508229568365,3.064510095480909e-5,7.287196713916897e-4,5.263862434485214e-4,IL1B/PF4/HSPA1A/BCL2L1/IL7/COL2A1/TNF,7
5,GO:0042116,macrophage activation,12/487,112/18986,0.10714285714285714,4.177031387503667,5.471346211549546,3.065915357936693e-5,7.287196713916897e-4,5.263862434485214e-4,MMP8/APP/MIF/LBP/TMEM106A/PLA2G4A/ADGRF5/GRN/TREM2/CCL3/AIF1/TNF,12
5,GO:0062197,cellular response to chemical stress,22/487,321/18986,0.06853582554517133,2.671912081726125,4.9017099644151525,3.090098158225641e-5,7.306221613898949e-4,5.277604955823235e-4,CASP1/SERPINB6/MSRA/FXN/PARK7/HSPA1A/LONP1/RWDD1/CASP3/SIRT2/FUT8/PRDX3/HTRA2/SRC/PKD2/STK24/LETM1/PRDX5/FOXO1/PPIF/AIF1/SOD1,22
5,GO:0051047,positive regulation of secretion,22/487,322/18986,0.06832298136645963,2.6636142181182807,4.8851044227401665,3.239232123175791e-5,7.618943889719724e-4,5.503497998750974e-4,FGA/IL1B/SDC4/MIF/DAB2/VPS4B/VAMP8/PLA2G4A/MAP2K6/RGCC/PRKAR1A/SYTL4/RAB27B/PFKFB2/ITPR1/STXBP1/TREM2/INHBB/HGS/ADAM8/ANXA2/RAB2B,22
5,GO:0001776,leukocyte homeostasis,12/487,113/18986,0.10619469026548672,4.140066507968236,5.431918605657078,3.3518416423480056e-5,7.802534462290512e-4,5.636113537513005e-4,LAT/F2R/LYN/MIF/FADD/CASP3/STAT5B/JAM3/BAX/IL2RA/TNFSF13B/SH2B3,12
5,GO:1905954,positive regulation of lipid localization,12/487,113/18986,0.10619469026548672,4.140066507968236,5.431918605657078,3.3518416423480056e-5,7.802534462290512e-4,5.636113537513005e-4,IL1B/TRIAP1/DBI/MIF/DAB2/PLA2G4A/MSR1/MAP2K6/PLIN3/TREM2/NFKB1/ANXA2,12
5,GO:0019058,viral life cycle,22/487,323/18986,0.06811145510835913,2.6553677344708553,4.868561654508078,3.394795993546632e-5,7.861999336849534e-4,5.679067629690155e-4,CCL5/CLEC4G/PPIB/VPS4B/HSPA1A/JPT2/VAMP8/CHMP1A/SRPK2/ATG16L1/EIF2AK2/BST2/TARBP2/SRC/MPHOSPH8/TNIP1/WWP2/TRIM58/TRIM25/TNF/MAVS/DYNLT1,22
5,GO:0097194,execution phase of apoptosis,11/487,96/18986,0.11458333333333333,4.467103011635865,5.525633016064744,3.494349850966955e-5,8.051267309676924e-4,5.815784204160362e-4,DFFA/FADD/BCL2L1/CASP3/CASP7/SIRT2/HTRA2/BAX/CASP2/STK24/CASP8,11
5,GO:0051223,regulation of protein transport,27/487,446/18986,0.06053811659192825,2.3601163893518478,4.7161139888211405,3.657966728272675e-5,8.3491962839344e-4,6.030991395252599e-4,FGA/IL1B/ANGPT1/APP/HCLS1/F2R/CCL5/ERP29/PARK7/PPM1F/PRKAR1A/SYTL4/SRC/CNST/RAB11FIP3/PTPN1/PFKFB2/ITPR1/TREM2/ARFIP1/INHBB/WWP2/FOXO1/ADAM8/FKBP1B/TNF/MAVS,27
5,GO:0010821,regulation of mitochondrion organization,12/487,114/18986,0.10526315789473684,4.103750135091321,5.392943474981778,3.660630788793204e-5,8.3491962839344e-4,6.030991395252599e-4,MMP9/BID/TRIAP1/FXN/HSPA1A/STAT2/ATP5IF1/BCL2L1/PLSCR3/BAX/PPIF/DDHD2,12
5,GO:2000404,regulation of T cell migration,8/487,50/18986,0.16,6.237700205338809,6.0169606541124585,3.685372370333154e-5,8.363387750967097e-4,6.041242515558025e-4,APP/CCL5/CD69/FADD/CRKL/CCL20/ADAM8/AIF1,8
5,GO:0032757,positive regulation of interleukin-8 production,9/487,65/18986,0.13846153846153847,5.398009793081662,5.762838948118678,3.98617749832294e-5,9.000788791213198e-4,6.501665298580416e-4,IL1B/F2R/CD14/LBP/PARK7/HSPA1A/FADD/TNF/MAVS,9
5,GO:0033674,positive regulation of kinase activity,19/487,258/18986,0.07364341085271318,2.8710344937363708,4.909549033671381,4.053094236064449e-5,9.106355009983608e-4,6.577920417681972e-4,IL1B/EREG/PDGFB/ANGPT1/PDGFA/LILRA5/LAT/ERP29/MIF/STK11/MAP2K1/PIBF1/RGCC/SRC/AXIN1/PTPN1/TREM2/PDE5A/TNF,19
5,GO:1904375,regulation of protein localization to cell periphery,14/487,153/18986,0.0915032679738562,3.567312208935593,5.173212323516259,4.096653547625097e-5,9.113628526108613e-4,6.583174398025872e-4,STX7/CNPY4/LGALS3/STX8/DAB2/EIF4G1/LZTFL1/VAMP8/BCL2L1/PPP1R9B/CNST/GBP1/TREM2/TNF,14
5,GO:0044282,small molecule catabolic process,24/487,375/18986,0.064,2.495080082135524,4.744504798276317,4.1237428281826146e-5,9.113628526108613e-4,6.583174398025872e-4,SCARF1/MPI/DPEP2/ECHS1/NUDT5/DECR1/PARK7/ENO1/AKT2/PMM2/QDPR/FUT8/DCTD/ENO2/PFKFB2/OXCT1/ACADSB/SULT1A1/SHMT1/KYAT1/ASRGL1/HMGCL/TST/PGD,24
5,GO:0009117,nucleotide metabolic process,29/487,500/18986,0.058,2.2611663244353184,4.636940772493508,4.1307490869141256e-5,9.113628526108613e-4,6.583174398025872e-4,APP/AK2/NUDT5/NUDT16/GPI/PARK7/HSPA1A/ATP5IF1/ENO1/NDUFB7/FHIT/DCTD/ENO2/GMPR2/NT5C/SRC/CNP/PFKFB2/PRDX5/MDH1/TREM2/TYMP/SULT1A1/SHMT1/PDE5A/ABHD14B/PGD/NT5C3A/GIT1,29
5,GO:0045921,positive regulation of exocytosis,10/487,81/18986,0.12345679012345678,4.813040281897229,5.579833205449333,4.137054578946559e-5,9.113628526108613e-4,6.583174398025872e-4,FGA/SDC4/VPS4B/VAMP8/SYTL4/RAB27B/STXBP1/HGS/ANXA2/RAB2B,10
5,GO:1905475,regulation of protein localization to membrane,16/487,194/18986,0.08247422680412371,3.2153093841952622,5.0320437164119385,4.248063991465954e-5,9.312746109446722e-4,6.727005779025544e-4,STX7/MESD/CNPY4/LGALS3/STX8/DAB2/LZTFL1/VAMP8/CRKL/BCL2L1/AKT2/PPP1R9B/CNST/GBP1/TREM2/TNF,16
5,GO:0050920,regulation of chemotaxis,17/487,216/18986,0.0787037037037037,3.0683131797094836,4.960285726346187,4.471883086717232e-5,9.756050251021749e-4,7.04722384222563e-4,PDGFB/APP/CCL5/LYN/PLXNA4/MIF/LBP/MDK/PPM1F/LGMN/JAM3/CCL26/C5/TREM2/CCL3/AIF1/VEGFB,17
5,GO:0070059,intrinsic apoptotic signaling pathway in response to endoplasmic reticulum stress,9/487,66/18986,0.13636363636363635,5.316221765913758,5.699159444921661,4.512183504412396e-5,9.796644570156912e-4,7.076546902922071e-4,APP/ERP29/PARK7/HSPA1A/NCK2/BCL2L1/BAX/PTPN1/ITPR1,9
5,GO:0016032,viral process,27/487,452/18986,0.059734513274336286,2.328787410732133,4.639122045719824,4.601075693207852e-5,9.932363343900222e-4,7.174582537584909e-4,CCL5/CLEC4G/PPIB/VPS4B/HSPA1A/JPT2/VAMP8/CHMP1A/SRPK2/ATG16L1/EIF2AK2/FUT8/BST2/TARBP2/HEXIM1/SRC/MPHOSPH8/CALCOCO2/TNIP1/CCL3/WWP2/TRIM58/TRIM25/TNF/MAVS/DENR/DYNLT1,27
5,GO:0045859,regulation of protein kinase activity,26/487,427/18986,0.06088992974238876,2.373832045357275,4.658712919803681,4.618680917225523e-5,9.932363343900222e-4,7.174582537584909e-4,IL1B/EREG/PDGFB/ANGPT1/PDGFA/LILRA5/LAT/LYN/ERP29/MIF/STK11/MAP2K1/PIBF1/PPM1F/CDC37/RGCC/TARBP2/SRC/CDKN2D/AXIN1/CEP43/PTPN1/PDE5A/HGS/AKT1S1/TNF,26
5,GO:0051048,negative regulation of secretion,15/487,175/18986,0.08571428571428572,3.3416251100029335,5.0492410496250795,4.710818396182299e-5,0.0010082490937042305,7.283026295719105e-4,IL1B/CD84/EGF/F2R/ERP29/VPS4B/VAMP8/BCR/SYTL4/RAB11FIP3/PRKG1/INHBB/FOXO1/FKBP1B/TNF,15
5,GO:1903076,regulation of protein localization to plasma membrane,12/487,117/18986,0.10256410256410256,3.9985257726530827,5.27863860692883,4.739691342877675e-5,0.0010096436841714896,7.293100035540176e-4,STX7/CNPY4/LGALS3/STX8/DAB2/VAMP8/BCL2L1/PPP1R9B/CNST/GBP1/TREM2/TNF,12
5,GO:0043269,regulation of monoatomic ion transport,28/487,480/18986,0.058333333333333334,2.2741615331964407,4.587588808092035,5.063438322035249e-5,0.001073544012315079,7.754680187787118e-4,MMP9/CD84/PDGFB/EGF/LILRA5/SERPINE2/F2R/CCL5/LYN/LGALS3/PARK7/PPP3R1/FXYD5/PTPN6/BAX/PKD2/COMMD1/GOPC/YWHAQ/CXCL11/TREM2/CCL3/B2M/WWP2/EHD3/SLMAP/PPIF/FKBP1B,28
5,GO:0034394,protein localization to cell surface,9/487,67/18986,0.13432835820895522,5.236875172392657,5.636761205070096,5.095619917662294e-5,0.0010753186704749028,7.767499323578676e-4,EGF/ANGPT1/BDNF/MESD/AP3B1/JAM3/COMMD1/GOPC/TNF,9
5,GO:0045860,positive regulation of protein kinase activity,18/487,243/18986,0.07407407407407407,2.8878241691383373,4.805524339638033,5.96098729699968e-5,0.001252084587593049,9.044357225655817e-4,IL1B/EREG/PDGFB/ANGPT1/PDGFA/LILRA5/LAT/ERP29/MIF/STK11/MAP2K1/PIBF1/RGCC/SRC/AXIN1/PTPN1/PDE5A/TNF,18
5,GO:0031334,positive regulation of protein-containing complex assembly,16/487,200/18986,0.08,3.1188501026694047,4.887578297947409,6.128877482699805e-5,0.0012813893848089039,9.256038654428214e-4,BID/LGALS3/EIF4G1/PARK7/HSPA1A/NCK2/VASP/CCL26/BAX/RHOC/SRC/MMP1/CCL11/GIT1/TNF/MAVS,16
5,GO:0010720,positive regulation of cell development,27/487,460/18986,0.058695652173913045,2.2882867601107044,4.538332222415807,6.19864232591945e-5,0.0012900031679194577,9.318259795306511e-4,IL1B/SEMA4D/BDNF/SERPINE2/PF4/HCLS1/VSIR/PLXNB3/LYN/PLXNA4/FADD/IST1/STK11/AP3B1/MAP2K1/MDK/SIRT2/IL7/STAT5B/TWF2/IL2RA/CASP8/PPP1CC/TREM2/PDE5A/ADAM8/TNF,27
5,GO:0007265,Ras protein signal transduction,12/487,121/18986,0.09917355371900827,3.866343102482733,5.132017279156388,6.59948663094051e-5,0.0013608804395126642,9.830237476224292e-4,LAT/USP8/DOK2/PARK7/CRKL/RRAS/GRAP2/STAMBP/SRC/DOK1/SPRY2/BRAP,12
5,GO:0051224,negative regulation of protein transport,12/487,121/18986,0.09917355371900827,3.866343102482733,5.132017279156388,6.59948663094051e-5,0.0013608804395126642,9.830237476224292e-4,IL1B/ANGPT1/F2R/ERP29/PARK7/PPM1F/SYTL4/RAB11FIP3/INHBB/WWP2/FOXO1/FKBP1B,12
5,GO:1990778,protein localization to cell periphery,23/487,362/18986,0.06353591160220995,2.476987305296834,4.603521984472379,6.635952076055976e-5,0.0013621799807031268,9.839624633348073e-4,STX7/CNPY4/LGALS3/STX8/DAB2/EIF4G1/LZTFL1/VAMP8/BCL2L1/AKT2/RILPL2/RAB10/GORASP2/PPP1R9B/CNST/RAB11FIP3/GBP1/STXBP1/TREM2/EHD3/SLMAP/RABEP1/TNF,23
5,GO:0150076,neuroinflammatory response,10/487,86/18986,0.11627906976744186,4.533212358531111,5.328239276132024,6.957665715247252e-5,0.0014186726333363126,0.0010247695889956721,MMP8/MMP9/IL1B/APP/LYN/GRN/TREM2/CCL3/AIF1/TNF,10
5,GO:0051651,maintenance of location in cell,17/487,224/18986,0.07589285714285714,2.9587305661484304,4.784700950956349,7.043866341589841e-5,0.0014186726333363126,0.0010247695889956721,GP5/F2R/GP1BA/LYN/PARK7/PTPN6/TWF2/BAX/PKD2/LETM1/PLCB2/ITPR1/CXCL11/GP1BB/CCL3/ARL2BP/FKBP1B,17
5,GO:0010544,negative regulation of platelet activation,5/487,18/18986,0.2777777777777778,10.829340634268766,6.769327456107341,7.068231676277023e-5,0.0014186726333363126,0.0010247695889956721,PDGFB/PDGFA/SERPINE2/PRKG1/SH2B3,5
5,GO:0035234,ectopic germ cell programmed cell death,5/487,18/18986,0.2777777777777778,10.829340634268766,6.769327456107341,7.068231676277023e-5,0.0014186726333363126,0.0010247695889956721,IL1B/BCL2L1/BAX/CASP2/SOD1,5
5,GO:0150078,positive regulation of neuroinflammatory response,5/487,18/18986,0.2777777777777778,10.829340634268766,6.769327456107341,7.068231676277023e-5,0.0014186726333363126,0.0010247695889956721,MMP8/IL1B/TREM2/CCL3/TNF,5
5,GO:0016049,cell growth,28/487,490/18986,0.05714285714285714,2.227750073335289,4.467501999349907,7.234464255854253e-5,0.0014406321107923142,0.0010406318846080324,APP/SEMA4D/BDNF/SERPINE2/CXCL16/PLXNA4/DAB2/FXN/EIF4G1/HSPA1A/IST1/STK11/ENO1/CRKL/EBAG9/TWF2/BST2/PPP1R9B/CDKN2D/CEP43/PRKG1/SSNA1/IMPACT/SPART/PAK4/MAP2/PDLIM5/WASF1,28
5,GO:2000401,regulation of lymphocyte migration,9/487,70/18986,0.12857142857142856,5.012437665004399,5.4568035742981635,7.241441300926823e-5,0.0014406321107923142,0.0010406318846080324,APP/CCL5/CD69/FADD/CRKL/CCL20/CCL3/ADAM8/AIF1,9
5,GO:0150077,regulation of neuroinflammatory response,7/487,41/18986,0.17073170731707318,6.656082536184706,5.882419829544495,7.388334357413543e-5,0.0014634086823719107,0.0010570844032144306,MMP8/MMP9/IL1B/GRN/TREM2/CCL3/TNF,7
5,GO:0045071,negative regulation of viral genome replication,8/487,55/18986,0.14545454545454545,5.670636550308008,5.628158191939188,7.471477587743975e-5,0.0014734145321507331,0.001064312068233444,CCL5/SRPK2/EIF2AK2/BST2/MPHOSPH8/TNIP1/TNF/MAVS,8
5,GO:0002262,myeloid cell homeostasis,15/487,183/18986,0.08196721311475409,3.195543137980947,4.842276689058875,7.857382820276073e-5,0.0015391975212546408,0.0011118300122064544,HCLS1/MPIG6B/LYN/GPI/HSPA1A/ATP5IF1/CASP3/ADGRF5/STAT5B/JAM3/BAX/B2M/TRIM58/SH2B3/SOD1,15
5,GO:0090594,inflammatory response to wounding,6/487,29/18986,0.20689655172413793,8.065991644834668,6.178498827931767,7.941152429268737e-5,0.0015391975212546408,0.0011118300122064544,F2R/MDK/PTPN6/GRN/GIT1/TNF,6
5,GO:1904896,ESCRT complex disassembly,4/487,10/18986,0.4,15.594250513347024,7.489884421702331,7.941386679635325e-5,0.0015391975212546408,0.0011118300122064544,VTA1/VPS4B/IST1/CHMP1A,4
5,GO:1904903,ESCRT III complex disassembly,4/487,10/18986,0.4,15.594250513347024,7.489884421702331,7.941386679635325e-5,0.0015391975212546408,0.0011118300122064544,VTA1/VPS4B/IST1/CHMP1A,4
5,GO:0072659,protein localization to plasma membrane,20/487,295/18986,0.06779661016949153,2.643093307346953,4.6147972066395155,8.159429752194846e-5,0.0015747002034577746,0.0011374751597864072,STX7/CNPY4/LGALS3/STX8/DAB2/VAMP8/BCL2L1/AKT2/RILPL2/RAB10/GORASP2/PPP1R9B/CNST/RAB11FIP3/GBP1/STXBP1/TREM2/EHD3/SLMAP/TNF,20
5,GO:0002263,cell activation involved in immune response,21/487,319/18986,0.06583072100313479,2.5664518869928483,4.577947344994768,8.2969399089271e-5,0.0015944247076048843,0.0011517230359581222,CD40LG/CD84/APP/ANXA3/LAT/LYN/LGALS3/SNAP23/LBP/CD69/VAMP8/MDK/BCR/PTPN6/PGLYRP1/GRN/STXBP1/TREM2/CCL3/TNFSF13/TNF,21
5,GO:0002691,regulation of cellular extravasation,7/487,42/18986,0.16666666666666666,6.497604380561259,5.787059421148609,8.672053903343242e-5,0.0016455040095587428,0.0011886198605245777,GP1BA/FADD/MDK/BCR/JAM3/CCL28/ADAM8,7
5,GO:0006958,"complement activation, classical pathway",7/487,42/18986,0.16666666666666666,6.497604380561259,5.787059421148609,8.672053903343242e-5,0.0016455040095587428,0.0011886198605245777,SERPING1/C2/C4BPB/C5/C8B/TREM2/C1R,7
5,GO:2000403,positive regulation of lymphocyte migration,7/487,42/18986,0.16666666666666666,6.497604380561259,5.787059421148609,8.672053903343242e-5,0.0016455040095587428,0.0011886198605245777,APP/CCL5/FADD/CCL20/CCL3/ADAM8/AIF1,7
5,GO:0034599,cellular response to oxidative stress,18/487,251/18986,0.07171314741035857,2.795781964544287,4.646856623070972,9.038332054570193e-5,0.0017078287681355226,0.0012336397726101312,MSRA/FXN/PARK7/HSPA1A/LONP1/RWDD1/SIRT2/FUT8/PRDX3/HTRA2/SRC/PKD2/STK24/PRDX5/FOXO1/PPIF/AIF1/SOD1,18
5,GO:0050777,negative regulation of immune response,16/487,207/18986,0.07729468599033816,3.0133817417095696,4.725749780271727,9.217688265138303e-5,0.001734461675223524,0.001252877891827351,SERPING1/CLEC4G/LYN/LGALS3/CD69/C4BPB/STAT2/BCR/PTPN6/PGLYRP1/SRC/GRN/GIGYF2/CD59/TREM2/MAVS,16
5,GO:0048668,collateral sprouting,6/487,30/18986,0.2,7.797125256673512,6.045165645805821,9.712996144164917e-5,0.0018181236500481339,0.001313310612908295,APP/SEMA4D/BDNF/IST1/PRKG1/SPART,6
5,GO:0002688,regulation of leukocyte chemotaxis,12/487,126/18986,0.09523809523809523,3.712916788892148,4.957315465567315,9.783083413677958e-5,0.0018181236500481339,0.001313310612908295,APP/CCL5/LYN/MIF/LBP/MDK/LGMN/JAM3/C5/CCL3/AIF1/VEGFB,12
5,GO:0010811,positive regulation of cell-substrate adhesion,12/487,126/18986,0.09523809523809523,3.712916788892148,4.957315465567315,9.783083413677958e-5,0.0018181236500481339,0.001313310612908295,FGA/SDC4/PDGFB/ITGA6/DAB2/NID1/CRKL/MDK/RRAS/PPM1F/STK4/CCL28,12
5,GO:0008637,apoptotic mitochondrial changes,11/487,108/18986,0.10185185185185185,3.9707582325652138,5.023389475122455,1.0377853218938915e-4,0.0019207534892101696,0.0013874446559746202,MMP9/BID/TRIAP1/FXN/HSPA1A/ATP5IF1/BCL2L1/PLSCR3/BAX/GGCT/PPIF,11
5,GO:1905952,regulation of lipid localization,15/487,188/18986,0.0797872340425532,3.11055528856656,4.718625286075607,1.064742586897687e-4,0.001962603070379573,0.0014176744476029784,IL1B/EGF/TRIAP1/DBI/MIF/DAB2/PLA2G4A/AKT2/MSR1/MAP2K6/PLIN3/TREM2/NFKB1/TNF/ANXA2,15
5,GO:0010952,positive regulation of peptidase activity,13/487,147/18986,0.08843537414965986,3.447708446828423,4.833760027650637,1.0860258827259667e-4,0.001993696295280677,0.001440134450392713,F2R/VSIR/CASP1/LYN/FADD/CRADD/DIABLO/PPM1F/HTRA2/LGMN/GRN/CASP8/TNF,13
5,GO:0061900,glial cell activation,8/487,58/18986,0.13793103448275862,5.377327763223112,5.417093791118051,1.0997918922683824e-4,0.0020026855586629095,0.0014466277903818834,MMP8/IL1B/APP/GRN/TREM2/CCL3/AIF1/TNF,8
5,GO:2001238,positive regulation of extrinsic apoptotic signaling pathway,8/487,58/18986,0.13793103448275862,5.377327763223112,5.417093791118051,1.0997918922683824e-4,0.0020026855586629095,0.0014466277903818834,CD40LG/BID/APP/FADD/HTRA2/STK4/TNFSF12/TNF,8
5,GO:0097553,calcium ion transmembrane import into cytosol,15/487,189/18986,0.07936507936507936,3.09409732407679,4.694389798204075,1.1298859340600085e-4,0.002049222842656626,0.0014802437157691677,GP5/F2R/GP1BA/LYN/PPP3R1/PTPN6/BAX/PKD2/LETM1/PLCB2/ITPR1/CXCL11/GP1BB/CCL3/FKBP1B,15
5,GO:0042326,negative regulation of phosphorylation,18/487,256/18986,0.0703125,2.7411768480492813,4.550819736838174,1.1607260269353605e-4,0.002093122514984971,0.0015119543783363074,IL1B/SEMA4D/LYN/EIF4G1/PARK7/CRKL/NCK2/PIBF1/PPM1F/SIRT2/PRDX3/PTPN6/TARBP2/CDKN2D/SPRY2/CEP43/PTPN1/AKT1S1,18
5,GO:0032946,positive regulation of mononuclear cell proliferation,13/487,148/18986,0.08783783783783784,3.4244131194849885,4.804140963859213,1.1633608309593177e-4,0.002093122514984971,0.0015119543783363074,CD40LG/IL1B/CCL5/MIF/FADD/NCK2/BCL2L1/IL7/STAT5B/IL2RA/VAV3/AIF1/TNFSF13B,13
5,GO:0010975,regulation of neuron projection development,26/487,452/18986,0.05752212389380531,2.2425360251494615,4.337997350302978,1.1715195187003076e-4,0.002099437359702615,0.0015165158681922526,ITGA6/SEMA4D/SCARF1/BDNF/ARSB/PLXNB3/LYN/PLXNA4/DAB2/IST1/STK11/MAP2K1/CRKL/MDK/RTN4IP1/TWF2/STK24/GRN/PTPN1/FKBP4/B2M/DNM3/SPART/MAP2/PDLIM5/FKBP1B,26
5,GO:0002523,leukocyte migration involved in inflammatory response,5/487,20/18986,0.25,9.74640657084189,6.349688804599439,1.225876815514443e-4,0.002183828969100802,0.0015774756363907004,LBP/MDK/JAM3/ADAM8/TNF,5
5,GO:0051347,positive regulation of transferase activity,20/487,304/18986,0.06578947368421052,2.564843834432076,4.462639099128497,1.228282901132869e-4,0.002183828969100802,0.0015774756363907004,IL1B/EREG/PDGFB/ANGPT1/PDGFA/LILRA5/LAT/DBI/ERP29/MIF/STK11/MAP2K1/PIBF1/RGCC/SRC/AXIN1/PTPN1/TREM2/PDE5A/TNF,20
5,GO:0045123,cellular extravasation,9/487,75/18986,0.12,4.6782751540041065,5.178610566339849,1.2489740920950253e-4,0.0022119086274122097,0.0015977588075964842,GP1BA/FADD/CRKL/MDK/BCR/JAM3/CCL28/ADAM8/TNF,9
5,GO:0032612,interleukin-1 production,12/487,130/18986,0.09230769230769231,3.5986731953877746,4.823854649775359,1.320564391435898e-4,0.0023204936932780217,0.0016761945726233246,APP/LILRA5/F2R/CASP1/SERPINB1/TMEM106A/ACP5/CASP8/TREM2/CCL3/GIT1/TNF,12
5,GO:0032652,regulation of interleukin-1 production,12/487,130/18986,0.09230769230769231,3.5986731953877746,4.823854649775359,1.320564391435898e-4,0.0023204936932780217,0.0016761945726233246,APP/LILRA5/F2R/CASP1/SERPINB1/TMEM106A/ACP5/CASP8/TREM2/CCL3/GIT1/TNF,12
5,GO:0006892,post-Golgi vesicle-mediated transport,11/487,111/18986,0.0990990990990991,3.863440442495884,4.909099321889075,1.328976443300228e-4,0.002326223882923965,0.0016803337404273384,SCAMP3/SNAP23/VTI1A/RAB10/CNST/COMMD1/RAB11FIP3/GOPC/AP3S2/EHD3/RABEP1,11
5,GO:0060338,regulation of type I interferon-mediated signaling pathway,7/487,45/18986,0.15555555555555556,6.064430755190509,5.518627712758316,1.3651236849307794e-4,0.002380269714728726,0.0017193734198742065,FADD/STAT2/CDC37/PTPN6/PTPN1/GIGYF2/MAVS,7
5,GO:0050870,positive regulation of T cell activation,18/487,260/18986,0.06923076923076923,2.699004896540831,4.475632822400873,1.4104242530618713e-4,0.002449798433395158,0.0017695970689225664,CD40LG/IL1B/VSIR/CCL5/LYN/FADD/AP3B1/NCK2/MDK/IL7/STAT5B/PTPN6/SRC/IL2RA/B2M/ADAM8/AIF1/TNFSF13B,18
5,GO:0043254,regulation of protein-containing complex assembly,25/487,433/18986,0.057736720554272515,2.2509022103560947,4.27224245004845,1.4897052583068133e-4,0.002577589634679528,0.0018619062696079104,BID/HCLS1/LGALS3/EIF4G1/PARK7/HSPA1A/NCK2/VASP/EIF2AK2/SIRT2/TWF2/JAM3/CCL26/BAX/RHOC/SRC/MMP1/STXBP1/FKBP4/TREM2/CCL11/MAP2/GIT1/TNF/MAVS,25
5,GO:0007259,cell surface receptor signaling pathway via JAK-STAT,12/487,132/18986,0.09090909090909091,3.544147843942505,4.759082292488909,1.5270970047554425e-4,0.00263220231812045,0.001901355410902819,EGF/F2R/STAT2/PIBF1/STAT5B/STAMBP/PKD2/CTF1/HGS/ARL2BP/SH2B3/TNF,12
5,GO:0050792,regulation of viral process,14/487,173/18986,0.08092485549132948,3.154906173220496,4.619745427214405,1.5455872009087962e-4,0.0026539436499255224,0.0019170601303247386,CCL5/CLEC4G/SRPK2/EIF2AK2/BST2/TARBP2/HEXIM1/MPHOSPH8/TNIP1/TRIM58/TRIM25/TNF/MAVS/DYNLT1,14
5,GO:0006909,phagocytosis,17/487,239/18986,0.07112970711297072,2.7730361791516676,4.475548970891884,1.5528680518309848e-4,0.0026563455007836087,0.0019187950927528792,C2/ANXA3/MESD/CD14/LYN/LBP/C4BPB/BCR/MSR1/SRC/MARCO/TREM2/VAV3/BIN2/AIF1/ANXA11/SOD1,17
5,GO:1903573,negative regulation of response to endoplasmic reticulum stress,7/487,46/18986,0.15217391304347827,5.932595303990715,5.434505952520994,1.5749758774391044e-4,0.0026623229323640583,0.001923112854271646,PARK7/HSPA1A/NCK2/BCL2L1/UBXN1/PTPN1/USP25,7
5,GO:1905521,regulation of macrophage migration,7/487,46/18986,0.15217391304347827,5.932595303990715,5.434505952520994,1.5749758774391044e-4,0.0026623229323640583,0.001923112854271646,CCL5/MIF/MDK/BCR/C5/TREM2/CCL3,7
5,GO:0043030,regulation of macrophage activation,8/487,61/18986,0.13114754098360656,5.112869020769516,5.220204391523948,1.579943635681062e-4,0.0026623229323640583,0.001923112854271646,MMP8/MIF/LBP/PLA2G4A/ADGRF5/GRN/TREM2/CCL3,8
5,GO:0070231,T cell apoptotic process,8/487,61/18986,0.13114754098360656,5.112869020769516,5.220204391523948,1.579943635681062e-4,0.0026623229323640583,0.001923112854271646,CCL5/DFFA/LGALS3/FADD/BAX/CLC/IL2RA/ADAM8,8
5,GO:1903038,negative regulation of leukocyte cell-cell adhesion,13/487,153/18986,0.08496732026143791,3.312504194011623,4.659766409790824,1.6254559064453396e-4,0.002728832294984072,0.0019711554897570366,SDC4/VSIR/TNFAIP8L2/CLEC4G/LGALS3/CD69/MDK/CASP3/PTPN6/PRKAR1A/IL2RA/CCL28/PDE5A,13
5,GO:0051656,establishment of organelle localization,27/487,488/18986,0.055327868852459015,2.1569916181371394,4.201200333605832,1.646942980928558e-4,0.002754664630323469,0.001989815320817778,CD84/SDC4/LAT/LYN/SNAP23/VPS4B/STK11/VAMP8/CHMP1A/AP3B1/PIBF1/SIRT2/NUDC/TACC3/KIFBP/SPRY2/NSFL1C/STXBP1/AP3S2/TBC1D23/DNM3/ABRAXAS2/HGS/MAP2/TRIM58/DNM1/DYNLT1,27
5,GO:0006887,exocytosis,22/487,360/18986,0.06111111111111111,2.3824549395391283,4.296730263910697,1.6629130405065848e-4,0.00277111265347887,0.0020016964507787553,FGA/CD84/SDC4/ANXA3/LAT/CCL5/LYN/SNAP23/VPS4B/VAMP8/BCR/RAB10/SYTL4/WASHC3/RAB27B/STXBP1/CCL3/TNFAIP2/HGS/GIT1/ANXA2/RAB2B,22
5,GO:0051251,positive regulation of lymphocyte activation,21/487,336/18986,0.0625,2.4366016427104724,4.310843280358577,1.7118632108872506e-4,0.0028421964192525085,0.0020530433786917915,CD40LG/IL1B/VSIR/CCL5/LYN/MIF/FADD/AP3B1/NCK2/MDK/IL7/STAT5B/PTPN6/SRC/IL2RA/B2M/VAV3/TNFSF13/ADAM8/AIF1/TNFSF13B,21
5,GO:0031589,cell-substrate adhesion,22/487,361/18986,0.060941828254847646,2.37585534136866,4.282268454012843,1.729536830905762e-4,0.0028591369878963827,0.002065280295904827,FGA/SDC4/PDGFB/ANGPT1/ITGA6/NID2/HPSE/DAB2/NID1/CRKL/MDK/RRAS/PPM1F/MINK1/BCR/JAM3/SRC/STK4/PTPN1/GBP1/CCL28/ANXA2,22
5,GO:1903531,negative regulation of secretion by cell,13/487,154/18986,0.08441558441558442,3.2909944265180404,4.631608320654572,1.7347288190513926e-4,0.0028591369878963827,0.002065280295904827,IL1B/CD84/F2R/ERP29/VPS4B/VAMP8/BCR/SYTL4/RAB11FIP3/PRKG1/INHBB/FOXO1/FKBP1B,13
5,GO:0050868,negative regulation of T cell activation,12/487,134/18986,0.08955223880597014,3.4912501149284374,4.695552174184911,1.7606554995877174e-4,0.002891316449504775,0.002088524935204722,SDC4/VSIR/TNFAIP8L2/CLEC4G/LGALS3/CD69/MDK/CASP3/PTPN6/PRKAR1A/IL2RA/PDE5A,12
5,GO:1905517,macrophage migration,8/487,62/18986,0.12903225806451613,5.030403391402265,5.157432418386824,1.7738954705156547e-4,0.0029025043278437307,0.0020966064313989374,CCL5/LGALS3/MIF/MDK/BCR/C5/TREM2/CCL3,8
5,GO:0106014,regulation of inflammatory response to wounding,4/487,12/18986,0.3333333333333333,12.995208761122518,6.743954643169287,1.7968691538092191e-4,0.002929480541011709,0.002116092535684883,MDK/PTPN6/GRN/GIT1,4
5,GO:0045840,positive regulation of mitotic nuclear division,7/487,47/18986,0.14893617021276595,5.8063698719909125,5.352827533623647,1.8101898264760222e-4,0.0029405817468941427,0.0021241114245547873,IL1B/EREG/PDGFB/EGF/RGCC/TNF/BTC,7
5,GO:0001818,negative regulation of cytokine production,23/487,388/18986,0.059278350515463915,2.3110036198903448,4.233331587251939,1.858223503104086e-4,0.0030077911612967924,0.00217265973820772,CD84/ANGPT1/LILRA5/VSIR/ANXA4/SERPINB1/LBP/TIA1/CASP3/PIBF1/ERBIN/PTPN6/RGCC/PGLYRP1/BST2/GBP1/ACP5/BANK1/TREM2/NFKB1/INHBB/GIT1/TNF,23
5,GO:0034612,response to tumor necrosis factor,17/487,243/18986,0.06995884773662552,2.727389493075097,4.397132099858762,1.8935579935283023e-4,0.003054038535276362,0.0022060662488512066,MMP8/CASP1/CCL5/CD14/CXCL16/HSPA1A/CASP3/ERBIN/NUB1/ASAH1/GBP1/CASP8/NFKB1/MAPKAPK2/CCL3/TNFSF13B/TNF,17
5,GO:0032635,interleukin-6 production,14/487,177/18986,0.07909604519774012,3.0836088585714454,4.518722070031837,1.9642252782574546e-4,0.003139996181137097,0.002268157234008639,IL1B/EREG/APP/LILRA5/F2R/LBP/TMEM106A/PTPN6/BANK1/TREM2/MAPKAPK2/AIF1/TNF/MAVS,14
5,GO:0032675,regulation of interleukin-6 production,14/487,177/18986,0.07909604519774012,3.0836088585714454,4.518722070031837,1.9642252782574546e-4,0.003139996181137097,0.002268157234008639,IL1B/EREG/APP/LILRA5/F2R/LBP/TMEM106A/PTPN6/BANK1/TREM2/MAPKAPK2/AIF1/TNF/MAVS,14
5,GO:0002444,myeloid leukocyte mediated immunity,11/487,116/18986,0.09482758620689655,3.696912837215889,4.727217777304638,1.9685435133757727e-4,0.003139996181137097,0.002268157234008639,CD84/ANXA3/LAT/LYN/SNAP23/VAMP8/IRAK4/BCR/STXBP1/CCL3/MAVS,11
5,GO:0002366,leukocyte activation involved in immune response,20/487,315/18986,0.06349206349206349,2.475277859261432,4.28391620429791,1.974665446064959e-4,0.003139996181137097,0.002268157234008639,CD40LG/CD84/ANXA3/LAT/LYN/LGALS3/SNAP23/LBP/CD69/VAMP8/MDK/BCR/PTPN6/PGLYRP1/GRN/STXBP1/TREM2/CCL3/TNFSF13/TNF,20
5,GO:0021782,glial cell development,12/487,136/18986,0.08823529411764706,3.439908201473608,4.633219963125449,0.00020240598468139131,0.0031960329609131578,0.002308635062670709,IL1B/APP/LYN/MAP2K1/PPP3R1/AKT2/MDK/SIRT2/GRN/TREM2/SOD1/TNF,12
5,GO:1904950,negative regulation of establishment of protein localization,12/487,136/18986,0.08823529411764706,3.439908201473608,4.633219963125449,0.00020240598468139131,0.0031960329609131578,0.002308635062670709,IL1B/ANGPT1/F2R/ERP29/PARK7/PPM1F/SYTL4/RAB11FIP3/INHBB/WWP2/FOXO1/FKBP1B,12
5,GO:1904019,epithelial cell apoptotic process,9/487,80/18986,0.1125,4.38588295687885,4.923940124292211,2.0598450232122567e-4,0.0032412056184064637,0.0023412652583659575,BID/TIA1/BCL2L1/MDK/CASP3/BAX/STK4/ANXA2/BTC,9
5,GO:0002920,regulation of humoral immune response,7/487,48/18986,0.14583333333333334,5.685403832991103,5.273467164821747,2.0729915447110855e-4,0.0032505659083039103,0.0023480266071124463,IL1B/SERPING1/C4BPB/PTPN6/CD59/TREM2/TNF,7
5,GO:0002753,cytoplasmic pattern recognition receptor signaling pathway,14/487,178/18986,0.07865168539325842,3.066285213298572,4.493912540906698,2.0829981400086889e-4,0.003254954878989356,0.0023511969535191866,HSPA1A/IRAK4/EIF2AK2/SIRT2/ERBIN/MAP2K6/TARBP2/SRC/TREM2/IRAK1/TRIM25/TNF/MAVS/TAX1BP1,14
5,GO:0010950,positive regulation of endopeptidase activity,12/487,137/18986,0.08759124087591241,3.4147993824847496,4.6024898311143385,2.1678933912945735e-4,0.0033759332948573428,0.00243858497989905,F2R/VSIR/CASP1/LYN/FADD/CRADD/DIABLO/PPM1F/HTRA2/LGMN/CASP8/TNF,12
5,GO:0010810,regulation of cell-substrate adhesion,16/487,223/18986,0.07174887892376682,2.79717497997256,4.380133134936853,2.180918229835603e-4,0.0033845452666452177,0.0024448057855889073,FGA/SDC4/PDGFB/ITGA6/DAB2/NID1/CRKL/MDK/RRAS/PPM1F/MINK1/SRC/STK4/PTPN1/GBP1/CCL28,16
5,GO:0051785,positive regulation of nuclear division,8/487,64/18986,0.125,4.873203285420945,5.035845699140397,2.2206697798610848e-4,0.003434433125292006,0.0024808419782947014,IL1B/EREG/PDGFB/EGF/SIRT2/RGCC/TNF/BTC,8
5,GO:0002260,lymphocyte homeostasis,9/487,81/18986,0.1111111111111111,4.331736253707507,4.875514341796185,2.265612468876955e-4,0.003461797118124007,0.0025006081928735952,LAT/LYN/MIF/FADD/CASP3/STAT5B/BAX/IL2RA/TNFSF13B,9
5,GO:0043299,leukocyte degranulation,9/487,81/18986,0.1111111111111111,4.331736253707507,4.875514341796185,2.265612468876955e-4,0.003461797118124007,0.0025006081928735952,CD84/ANXA3/LAT/LYN/SNAP23/VAMP8/BCR/STXBP1/CCL3,9
5,GO:0048525,negative regulation of viral process,10/487,99/18986,0.10101010101010101,3.937942048825006,4.755267881305214,2.2766911959318646e-4,0.003461797118124007,0.0025006081928735952,CCL5/SRPK2/EIF2AK2/BST2/HEXIM1/MPHOSPH8/TNIP1/TRIM25/TNF/MAVS,10
5,GO:0050848,regulation of calcium-mediated signaling,10/487,99/18986,0.10101010101010101,3.937942048825006,4.755267881305214,2.2766911959318646e-4,0.003461797118124007,0.0025006081928735952,APP/JPT2/PPP3R1/SLA2/ITPR1/GBP1/TREM2/CCL3/FKBP1B/TNF,10
5,GO:0051781,positive regulation of cell division,10/487,99/18986,0.10101010101010101,3.937942048825006,4.755267881305214,2.2766911959318646e-4,0.003461797118124007,0.0025006081928735952,IL1B/EREG/PDGFB/PDGFA/PPBP/MDK/SIRT2/RAB11FIP3/VEGFB/BTC,10
5,GO:0001774,microglial cell activation,7/487,49/18986,0.14285714285714285,5.569375183338222,5.196308469190783,2.3657238661318282e-4,0.0035731133710539585,0.002581016814343438,MMP8/APP/GRN/TREM2/CCL3/AIF1/TNF,7
5,GO:1905710,positive regulation of membrane permeability,7/487,49/18986,0.14285714285714285,5.569375183338222,5.196308469190783,2.3657238661318282e-4,0.0035731133710539585,0.002581016814343438,BID/HSPA1A/ATP5IF1/BCL2L1/JAM3/BAX/PPIF,7
5,GO:2000406,positive regulation of T cell migration,6/487,35/18986,0.17142857142857143,6.683250220005867,5.460223112233924,2.382092643485211e-4,0.003585843459326404,0.002590212316547603,APP/CCL5/FADD/CCL20/ADAM8/AIF1,6
5,GO:0030449,regulation of complement activation,5/487,23/18986,0.21739130434782608,8.475136148558164,5.820029121690613,2.496755883591185e-4,0.0037335594603635073,0.0026969140757229287,IL1B/SERPING1/C4BPB/CD59/TREM2,5
5,GO:0038128,ERBB2 signaling pathway,5/487,23/18986,0.21739130434782608,8.475136148558164,5.820029121690613,2.496755883591185e-4,0.0037335594603635073,0.0026969140757229287,EREG/EGF/MAP2K1/SRC/BTC,5
5,GO:0097696,cell surface receptor signaling pathway via STAT,13/487,160/18986,0.08125,3.167582135523614,4.4673726632933075,2.5321869909452867e-4,0.0037407738169018133,0.002702125322497487,EGF/F2R/CCL5/STAT2/PIBF1/STAT5B/STAMBP/PKD2/CTF1/HGS/ARL2BP/SH2B3/TNF,13
5,GO:0010572,positive regulation of platelet activation,4/487,13/18986,0.3076923076923077,11.995577317959249,6.434537921140879,2.542997258168416e-4,0.0037407738169018133,0.002702125322497487,GP5/GP1BA/PLA2G4A/GP1BB,4
5,GO:0030213,hyaluronan biosynthetic process,4/487,13/18986,0.3076923076923077,11.995577317959249,6.434537921140879,2.542997258168416e-4,0.0037407738169018133,0.002702125322497487,IL1B/PDGFB/EGF/NFKB1,4
5,GO:0048680,positive regulation of axon regeneration,4/487,13/18986,0.3076923076923077,11.995577317959249,6.434537921140879,2.542997258168416e-4,0.0037407738169018133,0.002702125322497487,SCARF1/STK24/GRN/FKBP1B,4
5,GO:0070572,positive regulation of neuron projection regeneration,4/487,13/18986,0.3076923076923077,11.995577317959249,6.434537921140879,2.542997258168416e-4,0.0037407738169018133,0.002702125322497487,SCARF1/STK24/GRN/FKBP1B,4
5,GO:0031348,negative regulation of defense response,19/487,297/18986,0.06397306397306397,2.494029964255837,4.210562861897342,2.5746494076277096e-4,0.003775037897677512,0.0027268757738339957,SERPING1/TNFAIP8L2/LYN/STAT2/MDK/BCR/PTPN6/PGLYRP1/TARBP2/SRC/GRN/IL2RA/GIGYF2/ACP5/TREM2/NFKB1/SOD1/GIT1/MAVS,19
5,GO:0007006,mitochondrial membrane organization,11/487,120/18986,0.09166666666666666,3.5736824093086925,4.5888231154778865,2.6523869761534965e-4,0.003863928898164255,0.0027910856499489592,BID/HSPA1A/AP3B1/ATP5IF1/BCL2L1/TIMM10/BAX/CNP/LETM1/TIMM8A/PPIF,11
5,GO:0051928,positive regulation of calcium ion transport,11/487,120/18986,0.09166666666666666,3.5736824093086925,4.5888231154778865,2.6523869761534965e-4,0.003863928898164255,0.0027910856499489592,PDGFB/LILRA5/F2R/CCL5/LGALS3/PPP3R1/BAX/PKD2/CXCL11/CCL3/EHD3,11
5,GO:0048661,positive regulation of smooth muscle cell proliferation,10/487,101/18986,0.09900990099009901,3.8599629983532235,4.6758251416562535,2.6828144258033326e-4,0.0038956880858288905,0.0028140267069096383,MMP9/EREG/PDGFB/CCL5/IRAK4/RBPMS2/SRC/AIF1/IRAK1/TNF,10
5,GO:0009166,nucleotide catabolic process,13/487,161/18986,0.08074534161490683,3.147907712321604,4.440754025159661,2.6916891380547955e-4,0.0038960474831588,0.0028142863153953475,APP/NUDT16/GPI/ENO1/FHIT/ENO2/NT5C/SRC/CNP/PFKFB2/TYMP/PDE5A/GIT1,13
5,GO:0017157,regulation of exocytosis,14/487,183/18986,0.07650273224043716,2.9825069287822172,4.372424718545039,2.7741980992839583e-4,0.004002644925356663,0.0028912863324973893,FGA/CD84/SDC4/LYN/VPS4B/VAMP8/BCR/SYTL4/RAB27B/STXBP1/HGS/GIT1/ANXA2/RAB2B,14
5,GO:0042176,regulation of protein catabolic process,22/487,374/18986,0.058823529411764705,2.2932721343157385,4.098499197645193,2.8368287322068754e-4,0.0040799740619892515,0.0029471445662450912,IL1B/APP/SERPINE2/USP8/DAB2/PARK7/HSPA1A/C4BPB/FHIT/SIRT2/NUB1/UBXN1/AXIN1/COMMD1/TREM2/USP25/FOXO1/HGS/ADAM8/TNFSF12/TNF/ANXA2,22
5,GO:0002460,adaptive immune response based on somatic recombination of immune receptors built from immunoglobulin superfamily domains,23/487,400/18986,0.0575,2.2416735112936346,4.072303155172839,2.878257633654204e-4,0.0041264163408198055,0.0029806918652278626,CD40LG/IL1B/SERPING1/C2/CD226/STX7/CLEC4G/CD69/FADD/C4BPB/PLA2G4A/EBAG9/PTPN6/SLA2/C5/C8B/CLC/TREM2/B2M/TNFSF13/TNFSF13B/C1R/TNF,23
5,GO:0002822,regulation of adaptive immune response based on somatic recombination of immune receptors built from immunoglobulin superfamily domains,15/487,206/18986,0.07281553398058252,2.8387591953908413,4.305328845876707,2.9049997398025615e-4,0.004151575577515306,0.0029988654875576742,IL1B/CD226/STX7/CLEC4G/CD69/FADD/C4BPB/PLA2G4A/PTPN6/CLC/TREM2/B2M/TNFSF13/TNFSF13B/TNF,15
5,GO:1901292,nucleoside phosphate catabolic process,14/487,184/18986,0.07608695652173914,2.9662976519953577,4.348623446298231,2.9338342519330454e-4,0.004179556934299569,0.0030190776512503755,APP/NUDT5/NUDT16/GPI/ENO1/FHIT/ENO2/NT5C/SRC/CNP/PFKFB2/TYMP/PDE5A/GIT1,14
5,GO:0032755,positive regulation of interleukin-6 production,10/487,103/18986,0.0970873786407767,3.785012260521122,4.598390850715563,3.1478586540463905e-4,0.004470355245809276,0.0032291340512710237,IL1B/EREG/APP/LILRA5/F2R/LBP/TMEM106A/AIF1/TNF/MAVS,10
5,GO:0010799,regulation of peptidyl-threonine phosphorylation,6/487,37/18986,0.16216216216216217,6.321993451356901,5.257480918256545,3.2670689274225746e-4,0.004582101125252315,0.003309853010851924,EGF/APP/EIF4G1/SIRT2/AXIN1/SPRY2,6
5,GO:0034110,regulation of homotypic cell-cell adhesion,6/487,37/18986,0.16216216216216217,6.321993451356901,5.257480918256545,3.2670689274225746e-4,0.004582101125252315,0.003309853010851924,SERPINE2/GP6/CCL5/LYN/PRKG1/SH2B3,6
5,GO:0045069,regulation of viral genome replication,9/487,85/18986,0.10588235294117647,4.127889841768329,4.6893665001044065,3.267131448917727e-4,0.004582101125252315,0.003309853010851924,CCL5/SRPK2/EIF2AK2/BST2/TARBP2/MPHOSPH8/TNIP1/TNF/MAVS,9
5,GO:0060337,type I interferon-mediated signaling pathway,9/487,85/18986,0.10588235294117647,4.127889841768329,4.6893665001044065,3.267131448917727e-4,0.004582101125252315,0.003309853010851924,FADD/STAT2/CDC37/PTPN6/PTPN1/GIGYF2/IRAK1/MAVS/AZI2,9
5,GO:0043281,regulation of cysteine-type endopeptidase activity involved in apoptotic process,12/487,144/18986,0.08333333333333333,3.2488021902806294,4.395058469413507,3.440157662197939e-4,0.004806892607710287,0.003472229777468224,MMP9/TRIAP1/F2R/CASP1/CRADD/DIABLO/PPM1F/HTRA2/DNAJB6/SRC/CDKN2D/TNF,12
5,GO:0002269,leukocyte activation involved in inflammatory response,7/487,52/18986,0.1346153846153846,5.248065076607171,4.976996114670126,3.4487006308638903e-4,0.004806892607710287,0.003472229777468224,MMP8/APP/GRN/TREM2/CCL3/AIF1/TNF,7
5,GO:0032308,positive regulation of prostaglandin secretion,4/487,14/18986,0.2857142857142857,11.138750366676444,6.15726074244404,3.4882711339119353e-4,0.004847086904845015,0.003501263884694117,IL1B/MIF/PLA2G4A/MAP2K6,4
5,GO:0048678,response to axon injury,9/487,86/18986,0.10465116279069768,4.079891122678,4.644610960459136,3.567680590431189e-4,0.004927108729782034,0.003559067165538791,SCARF1/LYN/MAP2K1/BAX/STK24/GRN/TREM2/FKBP1B/SOD1,9
5,GO:0071357,cellular response to type I interferon,9/487,86/18986,0.10465116279069768,4.079891122678,4.644610960459136,3.567680590431189e-4,0.004927108729782034,0.003559067165538791,FADD/STAT2/CDC37/PTPN6/PTPN1/GIGYF2/IRAK1/MAVS/AZI2,9
5,GO:0050671,positive regulation of lymphocyte proliferation,12/487,145/18986,0.08275862068965517,3.2263966579338668,4.366467408211633,3.6653227177482544e-4,0.0050185623960090475,0.0036251281677385757,CD40LG/IL1B/CCL5/MIF/FADD/NCK2/IL7/STAT5B/IL2RA/VAV3/AIF1/TNFSF13B,12
5,GO:0050921,positive regulation of chemotaxis,12/487,145/18986,0.08275862068965517,3.2263966579338668,4.366467408211633,3.6653227177482544e-4,0.0050185623960090475,0.0036251281677385757,PDGFB/APP/CCL5/LBP/MDK/PPM1F/LGMN/CCL26/TREM2/CCL3/AIF1/VEGFB,12
5,GO:0032637,interleukin-8 production,10/487,105/18986,0.09523809523809523,3.712916788892148,4.522871840061271,3.678352863328155e-4,0.0050185623960090475,0.0036251281677385757,IL1B/F2R/ANXA4/CD14/LBP/PARK7/HSPA1A/FADD/TNF/MAVS,10
5,GO:0032677,regulation of interleukin-8 production,10/487,105/18986,0.09523809523809523,3.712916788892148,4.522871840061271,3.678352863328155e-4,0.0050185623960090475,0.0036251281677385757,IL1B/F2R/ANXA4/CD14/LBP/PARK7/HSPA1A/FADD/TNF/MAVS,10
5,GO:0045576,mast cell activation,8/487,69/18986,0.11594202898550725,4.520072612564355,4.752757883114495,3.751954162940915e-4,0.005103561746940113,0.0036865269343544374,CD84/LAT/CD226/LYN/SNAP23/VAMP8/PTPN6/STXBP1,8
5,GO:0010623,programmed cell death involved in cell development,5/487,25/18986,0.2,7.797125256673512,5.5177283259953205,3.778969925986835e-4,0.00512487332905602,0.0037019212266898058,IL1B/BCL2L1/BAX/CASP2/SOD1,5
5,GO:1902229,regulation of intrinsic apoptotic signaling pathway in response to DNA damage,6/487,38/18986,0.15789473684210525,6.155625202636982,5.161632775892875,3.7965405134691033e-4,0.005131462563511166,0.0037066809203116645,BID/TRIAP1/MIF/BCL2L1/CDKN2D/HNRNPK,6
5,GO:0010959,regulation of metal ion transport,23/487,408/18986,0.056372549019607844,2.1977191287192492,3.9680875269463276,3.806554381701153e-4,0.005131462563511166,0.0037066809203116645,CD84/PDGFB/EGF/LILRA5/SERPINE2/F2R/CCL5/LYN/LGALS3/PPP3R1/FXYD5/PTPN6/BAX/PKD2/COMMD1/CXCL11/TREM2/CCL3/B2M/WWP2/EHD3/SLMAP/FKBP1B,23
5,GO:0030100,regulation of endocytosis,19/487,307/18986,0.06188925081433225,2.4127912032051584,4.049170031663018,3.8951756485934054e-4,0.0052300222795235215,0.0037778749345586202,EGF/ANGPT1/APP/C2/CD14/LGALS3/DAB2/PARK7/PPP3R1/RSPO1/BCR/SRC/PTPN1/HNRNPK/TREM2/B2M/RABEP1/SOD1/ANXA2,19
5,GO:1903900,regulation of viral life cycle,12/487,146/18986,0.0821917808219178,3.2042980506877443,4.338123887848134,3.9028288489801303e-4,0.0052300222795235215,0.0037778749345586202,CCL5/CLEC4G/SRPK2/EIF2AK2/BST2/TARBP2/MPHOSPH8/TNIP1/TRIM58/TRIM25/TNF/MAVS,12
5,GO:0050767,regulation of neurogenesis,22/487,383/18986,0.057441253263707574,2.2393832329871706,3.975659352938849,3.930461568820891e-4,0.005251468770649451,0.003793366677600729,IL1B/SEMA4D/BDNF/SERPINE2/PLXNB3/LYN/PLXNA4/IST1/STK11/MAP2K1/MDK/SIRT2/TWF2/PPP1CC/TREM2/B2M/SPART/CCL11/MAP2/TNF/ANXA2/DYNLT1,22
5,GO:0008630,intrinsic apoptotic signaling pathway in response to DNA damage,10/487,106/18986,0.09433962264150944,3.6778892720158076,4.485803115363288,3.9703145896395115e-4,0.00528906804920709,0.0038205262888659666,BID/TRIAP1/MIF/BCL2L1/HTRA2/BAX/CDKN2D/CASP2/HNRNPK/TNF,10
5,GO:0002718,regulation of cytokine production involved in immune response,11/487,126/18986,0.0873015873015873,3.403507056484469,4.391930763042769,4.0474941012576574e-4,0.005376024518023406,0.003883338767739158,IL1B/ANGPT1/CD226/MIF/BST2/CLC/ACP5/MAPKAPK2/B2M/TNF/MAVS,11
5,GO:0051302,regulation of cell division,14/487,190/18986,0.07368421052631578,2.872625094563925,4.2091129148106345,4.0669377069034804e-4,0.005386008998350768,0.003890550996664264,IL1B/EREG/PDGFB/PDGFA/PPBP/BCL2L1/MDK/SIRT2/RAB11FIP3/ZFYVE19/CETN2/VEGFB/GIT1/BTC,14
5,GO:0001933,negative regulation of protein phosphorylation,16/487,236/18986,0.06779661016949153,2.643093307346953,4.121100895002509,4.1128683608637333e-4,0.005421881006057613,0.0039164629242861735,IL1B/SEMA4D/LYN/EIF4G1/PARK7/CRKL/NCK2/PIBF1/PPM1F/SIRT2/PTPN6/TARBP2/SPRY2/CEP43/PTPN1/AKT1S1,16
5,GO:0006091,generation of precursor metabolites and energy,26/487,490/18986,0.053061224489795916,2.068625068097054,3.888482462322162,4.11803628228025e-4,0.005421881006057613,0.0039164629242861735,BID/APP/GYS1/PPP1R2/THTPA/GPI/FXN/PARK7/ATP5IF1/ENO1/NDUFB7/AKT2/ADGRF5/ENO2/COX5B/SRC/COMT/PFKFB2/MDH1/PPP1CC/OXCT1/HMGCL/PPIF/PGD/GIT1/TNF,26
5,GO:0032370,positive regulation of lipid transport,9/487,88/18986,0.10227272727272728,3.987166324435319,4.557099105979138,4.2373800830129856e-4,0.005562793155490303,0.004018249962441016,IL1B/TRIAP1/DBI/MIF/DAB2/PLA2G4A/MAP2K6/TREM2/ANXA2,9
5,GO:0045765,regulation of angiogenesis,21/487,360/18986,0.058333333333333334,2.2741615331964407,3.9601496325233727,4.325863083371143e-4,0.0056530818760483605,0.0040834694731886325,IL1B/ANXA3/PF4/SPARC/MYDGF/LRG1/MDK/RRAS/VASH1/PTPN6/RGCC/AKT3/SPRY2/GRN/FKBPL/PAK4/HGS/TNFSF12/CCL11/VEGFB/TNF,21
5,GO:0002367,cytokine production involved in immune response,11/487,127/18986,0.08661417322834646,3.376707788323174,4.360275942488573,4.3311920485224377e-4,0.0056530818760483605,0.0040834694731886325,IL1B/ANGPT1/CD226/MIF/BST2/CLC/ACP5/MAPKAPK2/B2M/TNF/MAVS,11
5,GO:0033138,positive regulation of peptidyl-serine phosphorylation,7/487,54/18986,0.12962962962962962,5.05369229599209,4.839996713419766,4.368603525780994e-4,0.005653682295229004,0.004083903182349234,APP/EIF4G1/PARK7/STK4/AXIN1/SPRY2/TNF,7
5,GO:0046365,monosaccharide catabolic process,7/487,54/18986,0.12962962962962962,5.05369229599209,4.839996713419766,4.368603525780994e-4,0.005653682295229004,0.004083903182349234,MPI/NUDT5/ENO1/PMM2/FUT8/ENO2/PFKFB2,7
5,GO:0002449,lymphocyte mediated immunity,22/487,386/18986,0.05699481865284974,2.221978700088306,3.9354687782588877,4.3692097454271973e-4,0.005653682295229004,0.004083903182349234,CD40LG/IL1B/SERPING1/C2/GZMB/CD226/STX7/CLEC4G/FADD/C4BPB/EBAG9/STAT5B/PTPN6/SLA2/C5/C8B/CLC/TREM2/B2M/TNFSF13/C1R/TNF,22
5,GO:0002429,immune response-activating cell surface receptor signaling pathway,20/487,336/18986,0.05952380952380952,2.3205729930575925,3.9626734677851405,4.5570496085144146e-4,0.005877091235128201,0.004245281277717191,LAT/CD226/CD14/LYN/LGALS3/LBP/STK11/IRAK4/CRKL/PTPN6/BAX/SLA2/SRC/GBP1/BANK1/TREM2/NFKB1/VAV3/IRAK1/TAX1BP1,20
5,GO:0048011,neurotrophin TRK receptor signaling pathway,5/487,26/18986,0.19230769230769232,7.49723582372453,5.37887922386625,4.5809037085144523e-4,0.005877091235128201,0.004245281277717191,CASP3/SRC/SPRY2/AKT1S1/WASF1,5
5,GO:0048143,astrocyte activation,5/487,26/18986,0.19230769230769232,7.49723582372453,5.37887922386625,4.5809037085144523e-4,0.005877091235128201,0.004245281277717191,IL1B/APP/GRN/TREM2/TNF,5
5,GO:0032306,regulation of prostaglandin secretion,4/487,15/18986,0.26666666666666666,10.396167008898015,5.906727015807128,4.660718384600564e-4,0.005945707408151454,0.004294845754944141,IL1B/MIF/PLA2G4A/MAP2K6,4
5,GO:0035791,platelet-derived growth factor receptor-beta signaling pathway,4/487,15/18986,0.26666666666666666,10.396167008898015,5.906727015807128,4.660718384600564e-4,0.005945707408151454,0.004294845754944141,PDGFB/PDGFA/SRC/PTPN1,4
5,GO:1902105,regulation of leukocyte differentiation,20/487,337/18986,0.05934718100890208,2.313687019784425,3.9479781452273124,4.7320617422685435e-4,0.006019715726221055,0.004348305215504882,PF4/HCLS1/VSIR/CLEC4G/LYN/CD69/FADD/AP3B1/MDK/IL7/STAT5B/PTPN6/PGLYRP1/IL2RA/CASP8/TREM2/CCL3/ADAM8/SOD1/TNF,20
5,GO:0050679,positive regulation of epithelial cell proliferation,15/487,216/18986,0.06944444444444445,2.7073351585671914,4.094578277705209,4.805267595980448e-4,0.0060956709166987925,0.004403170987564579,PDGFB/EGF/MYDGF/CCL5/PLXNB3/LRG1/MDK/FLT4/CCL26/AKT3/GRN/TNFSF12/CCL11/VEGFB/TNF,15
5,GO:0034101,erythrocyte homeostasis,12/487,150/18986,0.08,3.1188501026694047,4.2271453141127315,4.987214229193128e-4,0.006308756150990523,0.004557091816679788,HCLS1/MPIG6B/LYN/GPI/HSPA1A/ATP5IF1/CASP3/ADGRF5/STAT5B/B2M/TRIM58/SH2B3,12
5,GO:0050672,negative regulation of lymphocyte proliferation,9/487,90/18986,0.1,3.898562628336756,4.472132457730892,5.007222037715435e-4,0.006316372827464498,0.004562593676824502,SDC4/VSIR/CLEC4G/LYN/CASP3/PTPN6/PRKAR1A/IL2RA/PDE5A,9
5,GO:0038179,neurotrophin signaling pathway,6/487,40/18986,0.15,5.847843942505134,4.979841444666654,5.055056436184155e-4,0.006323721569475802,0.004567901996132001,BDNF/CASP3/SRC/SPRY2/AKT1S1/WASF1,6
5,GO:0048873,homeostasis of number of cells within a tissue,6/487,40/18986,0.15,5.847843942505134,4.979841444666654,5.055056436184155e-4,0.006323721569475802,0.004567901996132001,F2R/IL7/BAX/AKT3/PRDX5/GIGYF2,6
5,GO:0070269,pyroptotic inflammatory response,6/487,40/18986,0.15,5.847843942505134,4.979841444666654,5.055056436184155e-4,0.006323721569475802,0.004567901996132001,GZMB/CASP1/CASP3/GBP1/CASP8/TREM2,6
5,GO:1903829,positive regulation of protein localization,26/487,497/18986,0.052313883299798795,2.0394895037576593,3.8101076533101437,5.095023533193422e-4,0.006356112230912016,0.004591299194349059,FGA/IL1B/EGF/APP/GZMB/HCLS1/MESD/CNPY4/LGALS3/EIF4G1/PARK7/STK11/CRKL/AKT2/HTRA2/PRKAR1A/SYTL4/PPP1R9B/SRC/CNST/PFKFB2/ITPR1/TREM2/ADAM8/TNF/MAVS,26
5,GO:0019079,viral genome replication,11/487,130/18986,0.08461538461538462,3.2987837624387937,4.267177096739078,5.284137033065211e-4,0.006573874060970384,0.004748598134107319,CCL5/PPIB/SRPK2/ATG16L1/EIF2AK2/BST2/TARBP2/MPHOSPH8/TNIP1/TNF/MAVS,11
5,GO:0007034,vacuolar transport,13/487,173/18986,0.07514450867052024,2.929555732276175,4.136633131184635,5.382102175354497e-4,0.006677355336236514,0.004823347206889411,ARSB/VTA1/VPS4B/HSPA1A/CHMP1A/AP3B1/VTI1A/VPS53/GRN/PSAP/AP3S2/EHD3/HGS,13
5,GO:0031329,regulation of cellular catabolic process,25/487,472/18986,0.05296610169491525,2.0649166463648068,3.8012999557574716,5.428794842765499e-4,0.006716832194501093,0.004851863076490348,IL1B/APP/EIF4G1/PARK7/STK11/ATP5IF1/ATG16L1/BCL2L1/AKT2/CASP3/SIRT2/CDC37/HTRA2/SRC/CALCOCO2/PTPN1/ITPR1/PSAP/TREM2/FOXO1/ADAM8/TRIM58/ATP6V1G1/TNF/ANXA2,25
5,GO:0002279,mast cell activation involved in immune response,7/487,56/18986,0.125,4.873203285420945,4.7096068366110115,5.47449978135133e-4,0.006736468940758203,0.0048660475612814485,CD84/LAT/LYN/SNAP23/VAMP8/PTPN6/STXBP1,7
5,GO:0048260,positive regulation of receptor-mediated endocytosis,7/487,56/18986,0.125,4.873203285420945,4.7096068366110115,5.47449978135133e-4,0.006736468940758203,0.0048660475612814485,EGF/ANGPT1/APP/DAB2/HNRNPK/B2M/ANXA2,7
5,GO:0031639,plasminogen activation,5/487,27/18986,0.18518518518518517,7.219560422845843,5.24722292447841,5.504550244936068e-4,0.006736734120902787,0.004866239112553666,FGA/SERPINE2/ENO1/F11/ANXA2,5
5,GO:0042730,fibrinolysis,5/487,27/18986,0.18518518518518517,7.219560422845843,5.24722292447841,5.504550244936068e-4,0.006736734120902787,0.004866239112553666,FGA/SERPING1/GP1BA/F11/ANXA2,5
5,GO:0002700,regulation of production of molecular mediator of immune response,14/487,196/18986,0.07142857142857142,2.784687591669111,4.074952070370299,5.554368716376097e-4,0.0067793321954471505,0.004897009573840547,CD40LG/IL1B/ANGPT1/CD226/MIF/GPI/BST2/CLC/ACP5/MAPKAPK2/B2M/TNFSF13/TNF/MAVS,14
5,GO:0042742,defense response to bacterium,20/487,342/18986,0.05847953216374269,2.279861186161845,3.8752705651142194,5.697551567697914e-4,0.006935348485100749,0.005009706996253607,FGA/IL1B/APP/PPBP/ANXA3/CASP1/LBP/CASP7/CCL20/LCN2/PGLYRP1/GRN/GBP1/MMP7/ACP5/TREM2/NFKB1/B2M/TNF/MAVS,20
5,GO:0032945,negative regulation of mononuclear cell proliferation,9/487,92/18986,0.09782608695652174,3.813811266851174,4.389576049484117,5.888258033613243e-4,0.007129054498605202,0.005149629362541961,SDC4/VSIR/CLEC4G/LYN/CASP3/PTPN6/PRKAR1A/IL2RA/PDE5A,9
5,GO:0034340,response to type I interferon,9/487,92/18986,0.09782608695652174,3.813811266851174,4.389576049484117,5.888258033613243e-4,0.007129054498605202,0.005149629362541961,FADD/STAT2/CDC37/PTPN6/PTPN1/GIGYF2/IRAK1/MAVS/AZI2,9
5,GO:0062013,positive regulation of small molecule metabolic process,12/487,153/18986,0.0784313725490196,3.0576961790876513,4.146320496065388,5.957954355097617e-4,0.007185551598955389,0.005190439700984278,IL1B/APP/DAB2/PARK7/STK11/ENO1/AKT2/SIRT2/SRC/TREM2/FOXO1/TNF,12
5,GO:1901342,regulation of vasculature development,21/487,369/18986,0.056910569105691054,2.218694178728235,3.835736149521166,5.96674457397757e-4,0.007185551598955389,0.005190439700984278,IL1B/ANXA3/PF4/SPARC/MYDGF/LRG1/MDK/RRAS/VASH1/PTPN6/RGCC/AKT3/SPRY2/GRN/FKBPL/PAK4/HGS/TNFSF12/CCL11/VEGFB/TNF,21
5,GO:0042130,negative regulation of T cell proliferation,8/487,74/18986,0.10810810810810811,4.214662300904601,4.49550145532304,6.049638742854819e-4,0.007266002277322437,0.005248552761508142,SDC4/VSIR/CLEC4G/CASP3/PTPN6/PRKAR1A/IL2RA/PDE5A,8
5,GO:0072378,"blood coagulation, fibrin clot formation",4/487,16/18986,0.25,9.74640657084189,5.678735519562256,6.088964442447478e-4,0.0072689086821491385,0.00525065218544128,GP5/FGA/GP1BA/GP1BB,4
5,GO:1900120,regulation of receptor binding,4/487,16/18986,0.25,9.74640657084189,5.678735519562256,6.088964442447478e-4,0.0072689086821491385,0.00525065218544128,MMP9/BDNF/B2M/ANXA2,4
5,GO:0002819,regulation of adaptive immune response,15/487,221/18986,0.06787330316742081,2.646083231902775,3.993643540295527,6.100346303220823e-4,0.0072689086821491385,0.00525065218544128,IL1B/CD226/STX7/CLEC4G/CD69/FADD/C4BPB/PLA2G4A/PTPN6/CLC/TREM2/B2M/TNFSF13/TNFSF13B/TNF,15
5,GO:0022411,cellular component disassembly,24/487,450/18986,0.05333333333333334,2.0792334017796033,3.7593198660728575,6.32472623376387e-4,0.00751643780833622,0.0054294533513668235,MMP8/MMP9/VTA1/DFFA/VPS4B/IST1/VAMP8/CHMP1A/ELAC1/MTIF3/TWF2/BAX/PPP1R9B/CALCOCO2/MMP1/PLIN3/GIGYF2/MMP7/TREM2/NFE2/ADAM8/TRIM58/TNF/DENR,24
5,GO:0014910,regulation of smooth muscle cell migration,9/487,93/18986,0.0967741935483871,3.7728025435516988,4.349162261278103,6.37413013832838e-4,0.00753548997504999,0.005443215568663447,PDGFB/PDGFA/S100A11/CCL5/MDK/SRC/PTPN1/PRKG1/AIF1,9
5,GO:2000106,regulation of leukocyte apoptotic process,9/487,93/18986,0.0967741935483871,3.7728025435516988,4.349162261278103,6.37413013832838e-4,0.00753548997504999,0.005443215568663447,HCLS1/CCL5/LYN/LGALS3/MIF/FADD/BCL2L1/BAX/ADAM8,9
5,GO:0010595,positive regulation of endothelial cell migration,11/487,133/18986,0.08270676691729323,3.224375106143181,4.176757565566765,6.406208440158524e-4,0.007553638985837049,0.005456325396743511,PDGFB/EGF/ANGPT1/ANXA3/SPARC/GPI/RRAS/LGMN/FLT4/AKT3/GRN,11
5,GO:0010818,T cell chemotaxis,5/487,28/18986,0.17857142857142858,6.961718979172779,5.122121924099933,6.561264987374517e-4,0.007716321011193572,0.005573837772991674,CCL5/CXCL16/CCL26/CXCL11/CCL3,5
5,GO:0048246,macrophage chemotaxis,6/487,42/18986,0.14285714285714285,5.569375183338222,4.80995791494194,6.616276210581011e-4,0.00772837250262531,0.005582543094875724,CCL5/LGALS3/MIF/MDK/C5/CCL3,6
5,GO:1902686,mitochondrial outer membrane permeabilization involved in programmed cell death,6/487,42/18986,0.14285714285714285,5.569375183338222,4.80995791494194,6.616276210581011e-4,0.00772837250262531,0.005582543094875724,BID/HSPA1A/ATP5IF1/BCL2L1/BAX/PPIF,6
5,GO:0090559,regulation of membrane permeability,8/487,75/18986,0.10666666666666667,4.1584668035592065,4.446777056507038,6.622852432497774e-4,0.00772837250262531,0.005582543094875724,BID/HSPA1A/ATP5IF1/BCL2L1/JAM3/BAX/CNP/PPIF,8
5,GO:1902905,positive regulation of supramolecular fiber organization,13/487,177/18986,0.07344632768361582,2.8633510829591993,4.041049080852112,6.677302823993608e-4,0.007764988406502102,0.005608992371392944,SDC4/APP/USP8/HSPA1A/NCK2/VASP/PPM1F/RGCC/CCL26/RHOC/CCL11/WASF1/GIT1,13
5,GO:0009615,response to virus,23/487,425/18986,0.05411764705882353,2.1098103635704795,3.7543798541754807,6.688619331552962e-4,0.007764988406502102,0.005608992371392944,IL1B/CASP1/CCL5/LGALS8/FADD/VAMP8/STAT2/ENO1/ATG16L1/BCL2L1/EIF2AK2/BAX/BST2/TARBP2/GBP1/NFKB1/CCL11/NT5C3A/TRIM25/TNF/MAVS/RAB2B/AZI2,23
5,GO:0002699,positive regulation of immune effector process,17/487,272/18986,0.0625,2.4366016427104724,3.871980427256835,6.956140218095158e-4,0.008013757455336157,0.005788689187936866,IL1B/CD226/STX7/MIF/LBP/GPI/FADD/VAMP8/STAT5B/PTPN6/STXBP1/TREM2/MAPKAPK2/B2M/TNFSF13/TNF/MAVS,17
5,GO:0032386,regulation of intracellular transport,17/487,272/18986,0.0625,2.4366016427104724,3.871980427256835,6.956140218095158e-4,0.008013757455336157,0.005788689187936866,IL1B/ANGPT1/HCLS1/PPP1R12A/DAB2/PARK7/STK11/MAP2K1/SRC/RAB11FIP3/PTPN1/PPP1CC/ARFIP1/MAP2/TRIM58/MAVS/ANXA2,17
5,GO:0050708,regulation of protein secretion,17/487,272/18986,0.0625,2.4366016427104724,3.871980427256835,6.956140218095158e-4,0.008013757455336157,0.005788689187936866,FGA/IL1B/F2R/CCL5/ERP29/PRKAR1A/SYTL4/RAB11FIP3/PFKFB2/ITPR1/TREM2/ARFIP1/INHBB/FOXO1/ADAM8/FKBP1B/TNF,17
5,GO:1902903,regulation of supramolecular fiber organization,22/487,400/18986,0.055,2.1442094455852154,3.7526513153853776,7.03123284182033e-4,0.008077021088024905,0.0058343872900538845,SDC4/APP/HCLS1/USP8/GMFG/PARK7/HSPA1A/NCK2/VASP/PPM1F/TWF2/RGCC/CCL26/WASHC3/RHOC/FKBP4/TREM2/ARFIP1/CCL11/MAP2/WASF1/GIT1,22
5,GO:0014812,muscle cell migration,10/487,114/18986,0.08771929824561403,3.419791779242768,4.204526691481842,7.07504289373669e-4,0.008077021088024905,0.0058343872900538845,PDGFB/PDGFA/S100A11/CCL5/MDK/SRC/PTPN1/PLEKHO1/PRKG1/AIF1,10
5,GO:2001056,positive regulation of cysteine-type endopeptidase activity,10/487,114/18986,0.08771929824561403,3.419791779242768,4.204526691481842,7.07504289373669e-4,0.008077021088024905,0.0058343872900538845,F2R/CASP1/FADD/CRADD/DIABLO/PPM1F/HTRA2/LGMN/CASP8/TNF,10
5,GO:0032368,regulation of lipid transport,12/487,156/18986,0.07692307692307693,2.9988943294898123,4.067453814701735,7.08259599392795e-4,0.008077021088024905,0.0058343872900538845,IL1B/EGF/TRIAP1/DBI/MIF/DAB2/PLA2G4A/AKT2/MAP2K6/TREM2/NFKB1/ANXA2,12
5,GO:0050709,negative regulation of protein secretion,8/487,76/18986,0.10526315789473684,4.103750135091321,4.398893406546044,7.239059778799835e-4,0.008234658428478604,0.0059482556686996394,IL1B/F2R/ERP29/SYTL4/RAB11FIP3/INHBB/FOXO1/FKBP1B,8
5,GO:0046902,regulation of mitochondrial membrane permeability,7/487,59/18986,0.11864406779661017,4.625413287857168,4.525205352016373,7.539060594503662e-4,0.008554371267532295,0.006179198302662483,BID/HSPA1A/ATP5IF1/BCL2L1/BAX/CNP/PPIF,7
5,GO:0001778,plasma membrane repair,5/487,29/18986,0.1724137931034483,6.72165970402889,5.0030157905733095,7.762754517467755e-4,0.00878611513806626,0.006346597084720373,VPS4B/CHMP1A/CASP7/SYTL4/ANXA2,5
5,GO:0045651,positive regulation of macrophage differentiation,4/487,17/18986,0.23529411764705882,9.173088537262954,5.469959378296445,7.802048899455123e-4,0.008786546840383875,0.006346908922276263,PF4/HCLS1/FADD/CASP8,4
5,GO:0051044,positive regulation of membrane protein ectodomain proteolysis,4/487,17/18986,0.23529411764705882,9.173088537262954,5.469959378296445,7.802048899455123e-4,0.008786546840383875,0.006346908922276263,IL1B/APP/ADAM8/TNF,4
5,GO:0050728,negative regulation of inflammatory response,14/487,203/18986,0.06896551724137931,2.688663881611556,3.924681419995172,7.851172532965851e-4,0.008809643934329302,0.006363592968273391,TNFAIP8L2/LYN/MDK/BCR/PTPN6/PGLYRP1/SRC/GRN/IL2RA/ACP5/TREM2/NFKB1/SOD1/GIT1,14
5,GO:0033135,regulation of peptidyl-serine phosphorylation,8/487,77/18986,0.1038961038961039,4.050454678791435,4.351823908166544,7.900588559352008e-4,0.008809643934329302,0.006363592968273391,APP/EIF4G1/PARK7/PPM1F/STK4/AXIN1/SPRY2/TNF,8
5,GO:0043406,positive regulation of MAP kinase activity,8/487,77/18986,0.1038961038961039,4.050454678791435,4.351823908166544,7.900588559352008e-4,0.008809643934329302,0.006363592968273391,IL1B/PDGFB/PDGFA/ERP29/MIF/PTPN1/PDE5A/TNF,8
5,GO:0070527,platelet aggregation,8/487,77/18986,0.1038961038961039,4.050454678791435,4.351823908166544,7.900588559352008e-4,0.008809643934329302,0.006363592968273391,FGA/SERPINE2/GP6/LYN/PTPN6/PRKG1/STXBP1/SH2B3,8
5,GO:0070555,response to interleukin-1,10/487,116/18986,0.08620689655172414,3.360829852014445,4.138122927678729,8.104155314081773e-4,0.009014375713889973,0.006511479729929845,IL1B/APP/CCL5/IRAK4/SRC/GBP1/NFKB1/CCL3/INHBB/IRAK1,10
5,GO:0045807,positive regulation of endocytosis,12/487,159/18986,0.07547169811320754,2.9423114176126455,3.990455932150873,8.379720390676541e-4,0.009297989504740851,0.006716346434942868,EGF/ANGPT1/APP/C2/CD14/DAB2/BCR/HNRNPK/TREM2/B2M/SOD1/ANXA2,12
5,GO:0034976,response to endoplasmic reticulum stress,17/487,277/18986,0.061371841155234655,2.3926196636001746,3.788286141612841,8.516659828418844e-4,0.009392117059916723,0.006784338904638926,APP/ERP29/PDIA4/EIF4G1/PARK7/HSPA1A/MANF/NCK2/BCL2L1/EIF2AK2/GORASP2/BAX/UBXN1/PTPN1/ITPR1/USP25/TRIM25,17
5,GO:0035794,positive regulation of mitochondrial membrane permeability,6/487,44/18986,0.13636363636363635,5.316221765913758,4.650641125370582,8.526944186372579e-4,0.009392117059916723,0.006784338904638926,BID/HSPA1A/ATP5IF1/BCL2L1/BAX/PPIF,6
5,GO:0046006,regulation of activated T cell proliferation,6/487,44/18986,0.13636363636363635,5.316221765913758,4.650641125370582,8.526944186372579e-4,0.009392117059916723,0.006784338904638926,FADD/CASP3/STAT5B/PRKAR1A/CLC/IL2RA,6
5,GO:0032890,regulation of organic acid transport,8/487,78/18986,0.10256410256410256,3.9985257726530827,4.305543146080069,8.609836693475127e-4,0.009437384103818853,0.006817037279785237,IL1B/MIF/PLA2G4A/AKT2/MAP2K6/PRKG1/STXBP1/TNF,8
5,GO:0050772,positive regulation of axonogenesis,8/487,78/18986,0.10256410256410256,3.9985257726530827,4.305543146080069,8.609836693475127e-4,0.009437384103818853,0.006817037279785237,SEMA4D/BDNF/PLXNB3/PLXNA4/IST1/STK11/MAP2K1/TWF2,8
5,GO:0055074,calcium ion homeostasis,19/487,329/18986,0.057750759878419454,2.2514495422005583,3.7152328844677434,9.00446790394431e-4,0.009846047712884382,0.007112232964017691,GP5/APP/F2R/CCL5/GP1BA/LYN/PTPN6/BAX/PKD2/LETM1/PLCB2/ITPR1/CXCL11/GP1BB/CCL3/CCL13/CCL11/FKBP1B/TRIM24,19
5,GO:0001558,regulation of cell growth,22/487,408/18986,0.05392156862745098,2.1021661231227604,3.6515169048547285,9.110702627221716e-4,0.009877851671299847,0.00713520636085922,SEMA4D/BDNF/SERPINE2/CXCL16/PLXNA4/DAB2/FXN/EIF4G1/HSPA1A/IST1/STK11/ENO1/CRKL/EBAG9/TWF2/BST2/PPP1R9B/CDKN2D/CEP43/SPART/PAK4/MAP2,22
5,GO:0043032,positive regulation of macrophage activation,5/487,30/18986,0.16666666666666666,6.497604380561259,4.889409548981164,9.121045498078025e-4,0.009877851671299847,0.00713520636085922,MMP8/LBP/PLA2G4A/TREM2/CCL3,5
5,GO:0090330,regulation of platelet aggregation,5/487,30/18986,0.16666666666666666,6.497604380561259,4.889409548981164,9.121045498078025e-4,0.009877851671299847,0.00713520636085922,SERPINE2/GP6/LYN/PRKG1/SH2B3,5
5,GO:1902230,negative regulation of intrinsic apoptotic signaling pathway in response to DNA damage,5/487,30/18986,0.16666666666666666,6.497604380561259,4.889409548981164,9.121045498078025e-4,0.009877851671299847,0.00713520636085922,BID/TRIAP1/MIF/BCL2L1/CDKN2D,5
5,GO:0006874,intracellular calcium ion homeostasis,18/487,304/18986,0.05921052631578947,2.3083594509888683,3.7311940739545126,9.175302272259496e-4,0.00989754749103415,0.007149433517018982,GP5/APP/F2R/CCL5/GP1BA/LYN/PTPN6/BAX/PKD2/LETM1/PLCB2/ITPR1/CXCL11/GP1BB/CCL3/CCL13/CCL11/FKBP1B,18
5,GO:0002440,production of molecular mediator of immune response,15/487,230/18986,0.06521739130434782,2.542540844567449,3.8187931384656024,9.185722278444384e-4,0.00989754749103415,0.007149433517018982,CD40LG/IL1B/ANGPT1/CD226/MIF/GPI/BST2/CLC/MMP7/ACP5/MAPKAPK2/B2M/TNFSF13/TNF/MAVS,15
5,GO:0001961,positive regulation of cytokine-mediated signaling pathway,7/487,61/18986,0.11475409836065574,4.473760393173326,4.409024252406788,9.226898790357346e-4,0.00989754749103415,0.007149433517018982,MMP8/CASP1/HSPA1A/FADD/IL7/TREM2/MAVS,7
5,GO:0070228,regulation of lymphocyte apoptotic process,7/487,61/18986,0.11475409836065574,4.473760393173326,4.409024252406788,9.226898790357346e-4,0.00989754749103415,0.007149433517018982,CCL5/LYN/LGALS3/MIF/FADD/BAX/ADAM8,7
5,GO:0030218,erythrocyte differentiation,11/487,139/18986,0.07913669064748201,3.085193446885202,4.003393607811266,9.249973348651456e-4,0.009898786645144545,0.007150328612489615,HCLS1/MPIG6B/LYN/HSPA1A/ATP5IF1/CASP3/ADGRF5/STAT5B/B2M/TRIM58/SH2B3,11
5,GO:0071346,cellular response to type II interferon,9/487,98/18986,0.09183673469387756,3.5803126178602858,4.155162684107976,9.32020610381614e-4,0.009950366611071794,0.007187587088646564,CASP1/CCL5/STX8/CDC37/GBP1/STXBP1/CCL3/AIF1/TNF,9
5,GO:0051960,regulation of nervous system development,24/487,463/18986,0.05183585313174946,2.020853198273912,3.608226410644078,9.384594544266716e-4,0.009995478528752003,0.0072201734093055,IL1B/APP/SEMA4D/BDNF/SERPINE2/PLXNB3/LYN/PLXNA4/IST1/STK11/MAP2K1/MDK/SIRT2/TWF2/PPP1CC/TREM2/TYMP/B2M/SPART/CCL11/MAP2/TNF/ANXA2/DYNLT1,24
5,GO:0062207,regulation of pattern recognition receptor signaling pathway,13/487,184/18986,0.07065217391304347,2.754419248281403,3.8800375263487537,9.576056371884369e-4,0.010175404841277602,0.007350142092004869,APP/CD14/LYN/LBP/HSPA1A/EIF2AK2/SIRT2/ERBIN/TARBP2/SRC/TREM2/MAVS/TAX1BP1,13
5,GO:0002921,negative regulation of humoral immune response,4/487,18/18986,0.2222222222222222,8.663472507415014,5.277724802079511,9.829256251405816e-4,0.010371243278352493,0.007491604801551063,SERPING1/C4BPB/PTPN6/CD59,4
5,GO:0002923,regulation of humoral immune response mediated by circulating immunoglobulin,4/487,18/18986,0.2222222222222222,8.663472507415014,5.277724802079511,9.829256251405816e-4,0.010371243278352493,0.007491604801551063,C4BPB/PTPN6/TREM2/TNF,4
5,GO:0030730,sequestering of triglyceride,4/487,18/18986,0.2222222222222222,8.663472507415014,5.277724802079511,9.829256251405816e-4,0.010371243278352493,0.007491604801551063,IL1B/PLIN3/TREM2/TNF,4
5,GO:0051262,protein tetramerization,9/487,99/18986,0.09090909090909091,3.544147843942505,4.117883990404166,0.001002455759460456,0.01052811676679865,0.007604921416323018,APP/VASP/ACOT13/PKD2/STK4/ITPR1/B2M/SHMT1/DNM1,9
5,GO:0070664,negative regulation of leukocyte proliferation,9/487,99/18986,0.09090909090909091,3.544147843942505,4.117883990404166,0.001002455759460456,0.01052811676679865,0.007604921416323018,SDC4/VSIR/CLEC4G/LYN/CASP3/PTPN6/PRKAR1A/IL2RA/PDE5A,9
5,GO:0023061,signal release,25/487,493/18986,0.05070993914807302,1.976958736479085,3.5660846734681333,0.0010094405864681062,0.010576876307401317,0.007640142575319724,FGA/IL1B/F2R/CCL5/LYN/SNAP23/MIF/DAB2/PARK7/VAMP8/PLA2G4A/MAP2K6/PRKAR1A/SYTL4/RAB11FIP3/COMT/PFKFB2/ITPR1/STXBP1/INHBB/FOXO1/ADAM8/FKBP1B/GIT1/TNF,25
5,GO:0032731,positive regulation of interleukin-1 beta production,7/487,62/18986,0.11290322580645161,4.401602967476982,4.352799388857905,0.0010175462849246301,0.010612561253394064,0.0076659193800448005,APP/LILRA5/CASP1/TMEM106A/CASP8/CCL3/TNF,7
5,GO:0048010,vascular endothelial growth factor receptor signaling pathway,7/487,62/18986,0.11290322580645161,4.401602967476982,4.352799388857905,0.0010175462849246301,0.010612561253394064,0.0076659193800448005,IL1B/FLT4/SRC/PTPN1/MAPKAPK2/HGS/VEGFB,7
5,GO:0140014,mitotic nuclear division,17/487,282/18986,0.06028368794326241,2.350197329139179,3.7063822467300676,0.001036674623757344,0.010787148849972731,0.007792031673596917,IL1B/EREG/PDGFB/EGF/VPS4B/HSPA1A/CHMP1A/PIBF1/SIRT2/RGCC/NUDC/PPP1R9B/NSFL1C/PPP1CC/ABRAXAS2/TNF/BTC,17
5,GO:0001516,prostaglandin biosynthetic process,5/487,31/18986,0.16129032258064516,6.288004239252831,4.780864139991097,0.001064845315320205,0.010982413316780595,0.007933079779195157,IL1B/MIF/PLA2G4A/PIBF1/PTGES2,5
5,GO:0046457,prostanoid biosynthetic process,5/487,31/18986,0.16129032258064516,6.288004239252831,4.780864139991097,0.001064845315320205,0.010982413316780595,0.007933079779195157,IL1B/MIF/PLA2G4A/PIBF1/PTGES2,5
5,GO:0090025,regulation of monocyte chemotaxis,5/487,31/18986,0.16129032258064516,6.288004239252831,4.780864139991097,0.001064845315320205,0.010982413316780595,0.007933079779195157,APP/CCL5/LYN/LGMN/AIF1,5
5,GO:0006163,purine nucleotide metabolic process,23/487,440/18986,0.05227272727272727,2.0378850102669404,3.5739305208818206,0.0010651676334698628,0.010982413316780595,0.007933079779195157,APP/AK2/NUDT5/NUDT16/GPI/HSPA1A/ATP5IF1/ENO1/NDUFB7/FHIT/ENO2/GMPR2/NT5C/SRC/PFKFB2/PRDX5/MDH1/TREM2/SULT1A1/PDE5A/ABHD14B/PGD/GIT1,23
5,GO:0051924,regulation of calcium ion transport,16/487,258/18986,0.06201550387596899,2.417713257883259,3.720045129346811,0.0010731981726131113,0.011040006714170412,0.007974682021167802,CD84/PDGFB/EGF/LILRA5/F2R/CCL5/LYN/LGALS3/PPP3R1/PTPN6/BAX/PKD2/CXCL11/CCL3/EHD3/FKBP1B,16
5,GO:0014909,smooth muscle cell migration,9/487,100/18986,0.09,3.50870636550308,4.081083627937688,0.00107714369544983,0.011055411201480528,0.007985809359327805,PDGFB/PDGFA/S100A11/CCL5/MDK/SRC/PTPN1/PRKG1/AIF1,9
5,GO:0071902,positive regulation of protein serine/threonine kinase activity,11/487,142/18986,0.07746478873239436,3.0200133036411483,3.9201935451316725,0.0011022600296264392,0.011287542616310656,0.008153488081662094,IL1B/PDGFB/PDGFA/ERP29/MIF/MAP2K1/RGCC/SRC/PTPN1/PDE5A/TNF,11
5,GO:1903036,positive regulation of response to wounding,8/487,81/18986,0.09876543209876543,3.8504322255177827,4.171195478143036,0.0011048917139633294,0.011288893620494107,0.008154463971355937,SCARF1/F2R/HPSE/MDK/STK24/GRN/FKBP1B/VEGFB,8
5,GO:0019722,calcium-mediated signaling,15/487,235/18986,0.06382978723404255,2.488444230853248,3.725202935259553,0.001140946574955826,0.011604762911037184,0.008382630241318408,APP/TREML1/LAT/JPT2/PPP3R1/CCL20/SLA2/PPP1R9B/PKD2/ITPR1/GBP1/TREM2/CCL3/FKBP1B/TNF,15
5,GO:0031331,positive regulation of cellular catabolic process,15/487,235/18986,0.06382978723404255,2.488444230853248,3.725202935259553,0.001140946574955826,0.011604762911037184,0.008382630241318408,IL1B/APP/PARK7/STK11/ATP5IF1/ATG16L1/AKT2/CDC37/SRC/CALCOCO2/PTPN1/FOXO1/ADAM8/TRIM58/TNF,15
5,GO:0034109,homotypic cell-cell adhesion,9/487,101/18986,0.0891089108910891,3.4739666985179007,4.044750122715265,0.0011562715245348918,0.011734207201796791,0.008476133541179492,FGA/SERPINE2/GP6/CCL5/LYN/PTPN6/PRKG1/STXBP1/SH2B3,9
5,GO:0006839,mitochondrial transport,13/487,188/18986,0.06914893617021277,2.6958145834243523,3.7913783245529817,0.0011660791692246636,0.011807205220221032,0.008528863217907086,BID/HSPA1A/ATP5IF1/BCL2L1/TIMM10/BAX/CNP/LETM1/ITPR1/TIMM8A/MDH1/PPIF/TST,13
5,GO:0043154,negative regulation of cysteine-type endopeptidase activity involved in apoptotic process,6/487,47/18986,0.1276595744680851,4.976888461706496,4.4290386763669725,0.0012157802594987104,0.012108795713732816,0.008746715285268285,MMP9/TRIAP1/DNAJB6/SRC/CDKN2D/TNF,6
5,GO:0048247,lymphocyte chemotaxis,6/487,47/18986,0.1276595744680851,4.976888461706496,4.4290386763669725,0.0012157802594987104,0.012108795713732816,0.008746715285268285,CCL5/CXCL16/CCL26/CXCL11/CCL3/ADAM8,6
5,GO:0050798,activated T cell proliferation,6/487,47/18986,0.1276595744680851,4.976888461706496,4.4290386763669725,0.0012157802594987104,0.012108795713732816,0.008746715285268285,FADD/CASP3/STAT5B/PRKAR1A/CLC/IL2RA,6
5,GO:0002281,macrophage activation involved in immune response,4/487,19/18986,0.21052631578947367,8.207500270182642,5.099854677448446,0.0012199960251878723,0.012108795713732816,0.008746715285268285,LBP/GRN/TREM2/TNF,4
5,GO:0002693,positive regulation of cellular extravasation,4/487,19/18986,0.21052631578947367,8.207500270182642,5.099854677448446,0.0012199960251878723,0.012108795713732816,0.008746715285268285,FADD/MDK/JAM3/ADAM8,4
5,GO:0032310,prostaglandin secretion,4/487,19/18986,0.21052631578947367,8.207500270182642,5.099854677448446,0.0012199960251878723,0.012108795713732816,0.008746715285268285,IL1B/MIF/PLA2G4A/MAP2K6,4
5,GO:0032695,negative regulation of interleukin-12 production,4/487,19/18986,0.21052631578947367,8.207500270182642,5.099854677448446,0.0012199960251878723,0.012108795713732816,0.008746715285268285,LILRA5/PIBF1/ACP5/NFKB1,4
5,GO:0033003,regulation of mast cell activation,4/487,19/18986,0.21052631578947367,8.207500270182642,5.099854677448446,0.0012199960251878723,0.012108795713732816,0.008746715285268285,CD84/CD226/LYN/PTPN6,4
5,GO:0090201,negative regulation of release of cytochrome c from mitochondria,4/487,19/18986,0.21052631578947367,8.207500270182642,5.099854677448446,0.0012199960251878723,0.012108795713732816,0.008746715285268285,TRIAP1/FXN/BCL2L1/PPIF,4
5,GO:0034142,toll-like receptor 4 signaling pathway,7/487,64/18986,0.109375,4.264052874743326,4.243842994999579,0.001230162548518414,0.012129725041723051,0.008761833458649884,CD14/LYN/LBP/IRAK4/TREM2/IRAK1/TAX1BP1,7
5,GO:0051289,protein homotetramerization,7/487,64/18986,0.109375,4.264052874743326,4.243842994999579,0.001230162548518414,0.012129725041723051,0.008761833458649884,VASP/ACOT13/PKD2/ITPR1/B2M/SHMT1/DNM1,7
5,GO:2000351,regulation of endothelial cell apoptotic process,7/487,64/18986,0.109375,4.264052874743326,4.243842994999579,0.001230162548518414,0.012129725041723051,0.008761833458649884,CD40LG/FGA/ANGPT1/RGCC/PTPN1/PAK4/TNF,7
5,GO:0036258,multivesicular body assembly,5/487,32/18986,0.15625,6.09150410677618,4.676988527161937,0.0012357549453418544,0.012131889854703945,0.008763397198202303,VTA1/VPS4B/IST1/CHMP1A/HGS,5
5,GO:0048679,regulation of axon regeneration,5/487,32/18986,0.15625,6.09150410677618,4.676988527161937,0.0012357549453418544,0.012131889854703945,0.008763397198202303,SCARF1/MAP2K1/STK24/GRN/FKBP1B,5
5,GO:0045787,positive regulation of cell cycle,20/487,365/18986,0.0547945205479452,2.1361987004584964,3.5562712231780504,0.0012659279438091183,0.012401150963648543,0.008957896330321858,IL1B/EREG/PDGFB/EGF/APP/NUDT16/EIF4G1/VPS4B/SRPK2/SIRT2/EIF4E/STAT5B/LGMN/RGCC/RAB11FIP3/NSFL1C/EIF4EBP1/AIF1/TNF/BTC,20
5,GO:0043405,regulation of MAP kinase activity,10/487,123/18986,0.08130081300813008,3.1695631124689068,3.9166531828323836,0.0012720282080746085,0.012433938068538812,0.00898157989706815,IL1B/PDGFB/PDGFA/LYN/ERP29/MIF/PTPN1/PDE5A/HGS/TNF,10
5,GO:0060560,developmental growth involved in morphogenesis,15/487,238/18986,0.06302521008403361,2.4570772867668627,3.6701959329190275,0.0012949644084025258,0.012630797555822476,0.009123780156051897,APP/SEMA4D/BDNF/PLXNA4/IST1/STK11/TWF2/SPRY2/PRKG1/SSNA1/IMPACT/SPART/CCL11/MAP2/WASF1,15
5,GO:0008585,female gonad development,9/487,103/18986,0.08737864077669903,3.40651103446901,3.973439715119133,0.0013286182473333816,0.01293112070033955,0.009340716761538451,EREG/BCL2L1/CASP3/STAT5B/BAX/SRC/CASP2/INHBB/SOD1,9
5,GO:0040014,regulation of multicellular organism growth,7/487,65/18986,0.1076923076923077,4.198452061285737,4.191023890274832,0.0013487428997810333,0.013098759000884185,0.009461809273166774,APP/PPIB/FXN/HTRA2/STAT5B/LGMN/SOD1,7
5,GO:0006690,icosanoid metabolic process,10/487,124/18986,0.08064516129032258,3.1440021196264154,3.8863135593539395,0.001352674034938182,0.01310874665618204,0.009469023795512595,IL1B/CASP1/DPEP2/MIF/PLA2G4A/MGLL/PIBF1/COMT/MAPKAPK2/PTGES2,10
5,GO:0006953,acute-phase response,6/487,48/18986,0.125,4.873203285420945,4.359327621778947,0.0013598489887883664,0.013121961609761245,0.009478569537236048,IL1B/ITIH4/SERPINA3/LBP/CD163/TNF,6
5,GO:0090279,regulation of calcium ion import,6/487,48/18986,0.125,4.873203285420945,4.359327621778947,0.0013598489887883664,0.013121961609761245,0.009478569537236048,PDGFB/EGF/LGALS3/PPP3R1/PKD2/CCL3,6
5,GO:0000910,cytokinesis,13/487,192/18986,0.06770833333333333,2.6396517796030112,3.705000602705491,0.0014111225204187791,0.013545157619662733,0.009784262613242927,USP8/VPS4B/IST1/CHMP1A/BCL2L1/MITD1/STAMBP/RHOC/RAB11FIP3/ZFYVE19/CETN2/ANXA11/GIT1,13
5,GO:0031400,negative regulation of protein modification process,19/487,342/18986,0.05555555555555555,2.1658681268537534,3.530112861966163,0.001415702922161384,0.013545157619662733,0.009784262613242927,IL1B/SEMA4D/DBI/LYN/EIF4G1/PARK7/HSPA1A/CRKL/NCK2/PIBF1/PPM1F/SIRT2/PTPN6/TARBP2/UBXN1/SPRY2/CEP43/PTPN1/AKT1S1,19
5,GO:0071214,cellular response to abiotic stimulus,19/487,342/18986,0.05555555555555555,2.1658681268537534,3.530112861966163,0.001415702922161384,0.013545157619662733,0.009784262613242927,MMP9/IL1B/TRIAP1/CASP1/SERPINB6/FADD/CRADD/STK11/BCL2L1/AKT2/CASP3/BAX/CASP2/PKD2/MMP1/LETM1/CASP8/NFKB1/TNF,19
5,GO:0104004,cellular response to environmental stimulus,19/487,342/18986,0.05555555555555555,2.1658681268537534,3.530112861966163,0.001415702922161384,0.013545157619662733,0.009784262613242927,MMP9/IL1B/TRIAP1/CASP1/SERPINB6/FADD/CRADD/STK11/BCL2L1/AKT2/CASP3/BAX/CASP2/PKD2/MMP1/LETM1/CASP8/NFKB1/TNF,19
5,GO:0042102,positive regulation of T cell proliferation,9/487,104/18986,0.08653846153846154,3.3737561206760383,3.9384417420862943,0.001422234206497201,0.013578878808755518,0.009808620910058586,CD40LG/IL1B/CCL5/FADD/NCK2/STAT5B/IL2RA/AIF1/TNFSF13B,9
5,GO:0036257,multivesicular body organization,5/487,33/18986,0.15151515151515152,5.906913073237509,4.577433126437358,0.0014261131169006592,0.013587187417559867,0.009814622583333649,VTA1/VPS4B/IST1/CHMP1A/HGS,5
5,GO:0002768,immune response-regulating cell surface receptor signaling pathway,20/487,369/18986,0.05420054200542006,2.1130420749792718,3.5032051497868752,0.0014417729552121206,0.013707466664711447,0.009901505569423515,LAT/CD226/CD14/LYN/LGALS3/LBP/STK11/IRAK4/CRKL/PTPN6/BAX/SLA2/SRC/GBP1/BANK1/TREM2/NFKB1/VAV3/IRAK1/TAX1BP1,20
5,GO:0043087,regulation of GTPase activity,13/487,193/18986,0.06735751295336788,2.6259748273770893,3.6837493356018762,0.0014786491844962183,0.014028528817615382,0.01013342287207824,ITGA6/SEMA4D/F2R/PLXNB3/RGS10/FGD3/BCR/CCL26/EVI5/PRKG1/VAV3/CCL11/SOD1,13
5,GO:0032305,positive regulation of icosanoid secretion,4/487,20/18986,0.2,7.797125256673512,4.93455567108465,0.0014943481110969803,0.014059325145237422,0.010155668412915661,IL1B/MIF/PLA2G4A/MAP2K6,4
5,GO:0072376,protein activation cascade,4/487,20/18986,0.2,7.797125256673512,4.93455567108465,0.0014943481110969803,0.014059325145237422,0.010155668412915661,GP5/FGA/GP1BA/GP1BB,4
5,GO:1902236,negative regulation of endoplasmic reticulum stress-induced intrinsic apoptotic signaling pathway,4/487,20/18986,0.2,7.797125256673512,4.93455567108465,0.0014943481110969803,0.014059325145237422,0.010155668412915661,PARK7/HSPA1A/BCL2L1/PTPN1,4
5,GO:1903978,regulation of microglial cell activation,4/487,20/18986,0.2,7.797125256673512,4.93455567108465,0.0014943481110969803,0.014059325145237422,0.010155668412915661,MMP8/GRN/TREM2/CCL3,4
5,GO:0006693,prostaglandin metabolic process,6/487,49/18986,0.12244897959183673,4.773750157147047,4.2915210757255435,0.0015165852588593252,0.014209334085080318,0.010264026462557434,IL1B/MIF/PLA2G4A/PIBF1/COMT/PTGES2,6
5,GO:0071985,multivesicular body sorting pathway,6/487,49/18986,0.12244897959183673,4.773750157147047,4.2915210757255435,0.0015165852588593252,0.014209334085080318,0.010264026462557434,VTA1/VPS4B/CHMP1A/SYTL4/RAB27B/HGS,6
5,GO:1905477,positive regulation of protein localization to membrane,9/487,105/18986,0.08571428571428572,3.3416251100029335,3.90386845382661,0.0015210841052626124,0.014221978922082728,0.010273160384022742,MESD/CNPY4/LGALS3/CRKL/AKT2/PPP1R9B/CNST/TREM2/TNF,9
5,GO:0046434,organophosphate catabolic process,15/487,242/18986,0.06198347107438017,2.416464439051708,3.5981384995033934,0.0015271924685534737,0.014249589231379107,0.010293104523808643,APP/NUDT5/NUDT16/GPI/PLA2G4A/ENO1/FHIT/ENO2/NT5C/SRC/CNP/PFKFB2/TYMP/PDE5A/GIT1,15
5,GO:0009306,protein secretion,20/487,371/18986,0.05390835579514825,2.1016510125804615,3.476923438345142,0.0015372364142371866,0.014313731230299248,0.01033943710845587,FGA/IL1B/F2R/CCL5/ERP29/PDIA4/PARK7/PRKAR1A/SYTL4/RAB11FIP3/COMT/PFKFB2/ITPR1/TREM2/ARFIP1/INHBB/FOXO1/ADAM8/FKBP1B/TNF,20
5,GO:0030219,megakaryocyte differentiation,7/487,67/18986,0.1044776119402985,4.0731251340831776,4.088501980657483,0.0016125726146333744,0.014984316723630285,0.010823830480287693,GP5/PF4/GP1BA/MPIG6B/PTPN6/GP1BB/SH2B3,7
5,GO:1902107,positive regulation of leukocyte differentiation,13/487,195/18986,0.06666666666666667,2.5990417522245037,3.641646770996672,0.0016217647980533276,0.015004313258336597,0.010838274856087156,PF4/HCLS1/VSIR/FADD/AP3B1/MDK/IL7/STAT5B/IL2RA/CASP8/TREM2/ADAM8/TNF,13
5,GO:1903708,positive regulation of hemopoiesis,13/487,195/18986,0.06666666666666667,2.5990417522245037,3.641646770996672,0.0016217647980533276,0.015004313258336597,0.010838274856087156,PF4/HCLS1/VSIR/FADD/AP3B1/MDK/IL7/STAT5B/IL2RA/CASP8/TREM2/ADAM8/TNF,13
5,GO:0016197,endosomal transport,17/487,294/18986,0.05782312925170068,2.2542709075416614,3.5166794469759783,0.0016246920246515935,0.015004313258336597,0.010838274856087156,VTA1/STX8/DAB2/VPS4B/CHMP1A/MAP2K1/VTI1A/RAB10/WASHC3/EVI5/SRC/VPS53/RAB11FIP3/ARFIP1/TBC1D23/EHD3/HGS,17
5,GO:0030212,hyaluronan metabolic process,5/487,34/18986,0.14705882352941177,5.7331803357893465,4.481884303595702,0.0016372187938592173,0.015027805026561434,0.010855243992660921,IL1B/PDGFB/EGF/ITIH4/NFKB1,5
5,GO:0070570,regulation of neuron projection regeneration,5/487,34/18986,0.14705882352941177,5.7331803357893465,4.481884303595702,0.0016372187938592173,0.015027805026561434,0.010855243992660921,SCARF1/MAP2K1/STK24/GRN/FKBP1B,5
5,GO:2000191,regulation of fatty acid transport,5/487,34/18986,0.14705882352941177,5.7331803357893465,4.481884303595702,0.0016372187938592173,0.015027805026561434,0.010855243992660921,IL1B/MIF/PLA2G4A/AKT2/MAP2K6,5
5,GO:0043409,negative regulation of MAPK cascade,12/487,172/18986,0.06976744186046512,2.7199274151186668,3.6764564668494812,0.0016512640970762806,0.015125981059627756,0.010926160855854369,IL1B/LYN/DAB2/PEBP1/PTPN6/SPRY2/PTPN1/TNIP1/GBP1/TREM2/FOXO1/SH2B3,12
5,GO:0006692,prostanoid metabolic process,6/487,50/18986,0.12,4.6782751540041065,4.225525709562926,0.0016866989677373836,0.015357122053028277,0.01109312415326433,IL1B/MIF/PLA2G4A/PIBF1/COMT/PTGES2,6
5,GO:0019320,hexose catabolic process,6/487,50/18986,0.12,4.6782751540041065,4.225525709562926,0.0016866989677373836,0.015357122053028277,0.01109312415326433,MPI/ENO1/PMM2/FUT8/ENO2/PFKFB2,6
5,GO:0022602,ovulation cycle process,6/487,50/18986,0.12,4.6782751540041065,4.225525709562926,0.0016866989677373836,0.015357122053028277,0.01109312415326433,EREG/CASP3/STAT5B/MAP2K6/SRC/CASP2,6
5,GO:0035592,establishment of protein localization to extracellular region,20/487,374/18986,0.053475935828877004,2.084792849377944,3.437809030919163,0.0016904977991675557,0.015360740565474207,0.011095737963825595,FGA/IL1B/F2R/CCL5/ERP29/PDIA4/PARK7/PRKAR1A/SYTL4/RAB11FIP3/COMT/PFKFB2/ITPR1/TREM2/ARFIP1/INHBB/FOXO1/ADAM8/FKBP1B/TNF,20
5,GO:0001894,tissue homeostasis,16/487,270/18986,0.05925925925925926,2.3102593353106697,3.518262842397827,0.0017172487661063,0.015485421700411431,0.01118580062691134,ANGPT1/SERPINA3/F2R/STK11/TPP1/IL7/JAM3/BAX/SRC/AKT3/PRDX5/GIGYF2/ACP5/ADAM8/COL2A1/SOD1,16
5,GO:0060249,anatomical structure homeostasis,16/487,270/18986,0.05925925925925926,2.3102593353106697,3.518262842397827,0.0017172487661063,0.015485421700411431,0.01118580062691134,ANGPT1/SERPINA3/F2R/STK11/TPP1/IL7/JAM3/BAX/SRC/AKT3/PRDX5/GIGYF2/ACP5/ADAM8/COL2A1/SOD1,16
5,GO:0006906,vesicle fusion,10/487,128/18986,0.078125,3.04575205338809,3.767955976791195,0.0017179354012192489,0.015485421700411431,0.01118580062691134,STX7/STX8/SNAP23/VAMP8/CHMP1A/USO1/VTI1A/STXBP1/VAV3/ANXA2,10
5,GO:0048259,regulation of receptor-mediated endocytosis,10/487,128/18986,0.078125,3.04575205338809,3.767955976791195,0.0017179354012192489,0.015485421700411431,0.01118580062691134,EGF/ANGPT1/APP/DAB2/PPP3R1/RSPO1/HNRNPK/B2M/RABEP1/ANXA2,10
5,GO:0046545,development of primary female sexual characteristics,9/487,107/18986,0.08411214953271028,3.2791648275729717,3.8359574834519954,0.0017353289206418529,0.015549577865335824,0.011232143444285983,EREG/BCL2L1/CASP3/STAT5B/BAX/SRC/CASP2/INHBB/SOD1,9
5,GO:0044403,biological process involved in symbiotic interaction,18/487,322/18986,0.055900621118012424,2.1793207239149566,3.4630053178690035,0.0017475076651851007,0.015549577865335824,0.011232143444285983,CFHR5/PF4/CCL5/CLEC4G/PPIB/VPS4B/HSPA1A/JPT2/VAMP8/CHMP1A/PGLYRP1/SRC/CCL3/INHBB/WWP2/TRIM58/TRIM25/DYNLT1,18
5,GO:0001892,embryonic placenta development,8/487,87/18986,0.09195402298850575,3.584885175482074,3.9208219857367874,0.0017569983634659466,0.015549577865335824,0.011232143444285983,PDGFB/SPINT2/MAP2K1/VASH1/DNAJB6/PKD2/STK4/CASP8,8
5,GO:0045913,positive regulation of carbohydrate metabolic process,8/487,87/18986,0.09195402298850575,3.584885175482074,3.9208219857367874,0.0017569983634659466,0.015549577865335824,0.011232143444285983,PDGFB/EGF/APP/STK11/AKT2/SRC/NFKB1/FOXO1,8
5,GO:0060760,positive regulation of response to cytokine stimulus,7/487,68/18986,0.10294117647058823,4.013226235052542,4.038724611620787,0.0017586998218832239,0.015549577865335824,0.011232143444285983,MMP8/CASP1/HSPA1A/FADD/IL7/TREM2/MAVS,7
5,GO:0007021,tubulin complex assembly,3/487,10/18986,0.3,11.695687885010267,5.4891113453250275,0.0017594850064629334,0.015549577865335824,0.011232143444285983,TBCC/TBCA/TBCB,3
5,GO:0035694,mitochondrial protein catabolic process,3/487,10/18986,0.3,11.695687885010267,5.4891113453250275,0.0017594850064629334,0.015549577865335824,0.011232143444285983,LONP1/HTRA2/CLPP,3
5,GO:0048672,positive regulation of collateral sprouting,3/487,10/18986,0.3,11.695687885010267,5.4891113453250275,0.0017594850064629334,0.015549577865335824,0.011232143444285983,SEMA4D/BDNF/IST1,3
5,GO:1902513,regulation of organelle transport along microtubule,3/487,10/18986,0.3,11.695687885010267,5.4891113453250275,0.0017594850064629334,0.015549577865335824,0.011232143444285983,STK11/MAP2/TRIM58,3
5,GO:1903980,positive regulation of microglial cell activation,3/487,10/18986,0.3,11.695687885010267,5.4891113453250275,0.0017594850064629334,0.015549577865335824,0.011232143444285983,MMP8/TREM2/CCL3,3
5,GO:0048670,regulation of collateral sprouting,4/487,21/18986,0.19047619047619047,7.425833577784296,4.780335221176133,0.0018088954809326624,0.01589294161846674,0.011480170172865697,SEMA4D/BDNF/IST1/SPART,4
5,GO:0071800,podosome assembly,4/487,21/18986,0.19047619047619047,7.425833577784296,4.780335221176133,0.0018088954809326624,0.01589294161846674,0.011480170172865697,DBNL/SRC/BIN2/TNF,4
5,GO:1903975,regulation of glial cell migration,4/487,21/18986,0.19047619047619047,7.425833577784296,4.780335221176133,0.0018088954809326624,0.01589294161846674,0.011480170172865697,CRKL/RRAS/TREM2/CCL3,4
5,GO:0006869,lipid transport,23/487,459/18986,0.05010893246187364,1.9535281144171106,3.3553123064778645,0.0018455736244050087,0.01617212892781844,0.011681839435762752,IL1B/EGF/RBP7/TRIAP1/DBI/LYN/MIF/LBP/DAB2/VPS4B/PLA2G4A/AKT2/PLSCR3/MSR1/MAP2K6/ESYT2/VPS53/COMT/PSAP/TREM2/NFKB1/SPART/ANXA2,23
5,GO:0034762,regulation of transmembrane transport,24/487,487/18986,0.049281314168377825,1.9212628969216043,3.341716401513598,0.0018478340404681835,0.01617212892781844,0.011681839435762752,MMP9/IL1B/F2R/LYN/PARK7/PPP3R1/AKT2/FXYD5/MINK1/PTPN6/BAX/PKD2/COMMD1/GOPC/YWHAQ/CXCL11/TREM2/WWP2/EHD3/SLMAP/PPIF/FKBP1B/ASPSCR1/TNF,24
5,GO:0002706,regulation of lymphocyte mediated immunity,13/487,198/18986,0.06565656565656566,2.559662331736254,3.5794686073318496,0.0018578133967503284,0.016228017987861672,0.011722210559970003,IL1B/CD226/STX7/CLEC4G/FADD/C4BPB/STAT5B/PTPN6/CLC/TREM2/B2M/TNFSF13/TNF,13
5,GO:0014911,positive regulation of smooth muscle cell migration,6/487,51/18986,0.11764705882352941,4.586544268631477,4.161254560826775,0.0018709129573952132,0.01631089365945325,0.011782075299670323,PDGFB/S100A11/CCL5/MDK/SRC/AIF1,6
5,GO:0071347,cellular response to interleukin-1,8/487,88/18986,0.09090909090909091,3.544147843942505,3.8812481816863054,0.0018903243989824093,0.016448371841627285,0.011881381832362816,IL1B/CCL5/IRAK4/GBP1/NFKB1/CCL3/INHBB/IRAK1,8
5,GO:0030225,macrophage differentiation,7/487,69/18986,0.10144927536231885,3.9550635359938107,3.989889715816767,0.0019149019321916703,0.016630186780341505,0.012012714752757055,MMP9/APP/PF4/HCLS1/FADD/CASP8/CASP10,7
5,GO:0090174,organelle membrane fusion,10/487,130/18986,0.07692307692307693,2.9988943294898123,3.7104995437027974,0.0019284051720077978,0.01671531239306567,0.012074204723814859,STX7/STX8/SNAP23/VAMP8/CHMP1A/USO1/VTI1A/STXBP1/VAV3/ANXA2,10
5,GO:1903706,regulation of hemopoiesis,22/487,433/18986,0.050808314087759814,1.9807939451133632,3.349733889966489,0.001937135085561116,0.016758816180831415,0.012105629421564625,PF4/HCLS1/VSIR/CLEC4G/LYN/CD69/HSPA1A/FADD/AP3B1/MDK/IL7/STAT5B/PTPN6/PGLYRP1/IL2RA/CASP8/TREM2/CCL3/B2M/ADAM8/SOD1/TNF,22
5,GO:0033077,T cell differentiation in thymus,8/487,89/18986,0.0898876404494382,3.50432595805551,3.8422452472259256,0.002031501032632094,0.017541603562842324,0.012671071148489199,IL1B/CLEC4G/FADD/STK11/STAT5B/B2M/ADAM8/SOD1,8
5,GO:0036230,granulocyte activation,6/487,52/18986,0.11538461538461539,4.498341494234718,4.098626483024929,0.002069962030565928,0.0178395964313659,0.01288632449321778,ANXA3/CCL5/BCR/GRN/CCL3/TNF,6
5,GO:0072577,endothelial cell apoptotic process,7/487,70/18986,0.1,3.898562628336756,3.941964519121755,0.0020816394876744184,0.01790606462159557,0.012934337388076235,CD40LG/FGA/ANGPT1/RGCC/PTPN1/PAK4/TNF,7
5,GO:0034765,regulation of monoatomic ion transmembrane transport,19/487,354/18986,0.05367231638418079,2.0924488683163376,3.3664228619667425,0.002095576493111157,0.017991679549220502,0.012996180812790624,MMP9/F2R/LYN/PARK7/PPP3R1/FXYD5/PTPN6/BAX/PKD2/COMMD1/GOPC/YWHAQ/CXCL11/TREM2/WWP2/EHD3/SLMAP/PPIF/FKBP1B,19
5,GO:0001782,B cell homeostasis,5/487,36/18986,0.1388888888888889,5.414670317134383,4.301704510663199,0.0021269459119632136,0.018191832837927788,0.013140760329294255,LYN/MIF/CASP3/BAX/TNFSF13B,5
5,GO:0034143,regulation of toll-like receptor 4 signaling pathway,5/487,36/18986,0.1388888888888889,5.414670317134383,4.301704510663199,0.0021269459119632136,0.018191832837927788,0.013140760329294255,CD14/LYN/LBP/TREM2/TAX1BP1,5
5,GO:0071692,protein localization to extracellular region,20/487,382/18986,0.05235602094240838,2.0411322661448983,3.3352629358933674,0.0021640278148590984,0.018425631952493672,0.013309643704437529,FGA/IL1B/F2R/CCL5/ERP29/PDIA4/PARK7/PRKAR1A/SYTL4/RAB11FIP3/COMT/PFKFB2/ITPR1/TREM2/ARFIP1/INHBB/FOXO1/ADAM8/FKBP1B/TNF,20
5,GO:0032303,regulation of icosanoid secretion,4/487,22/18986,0.18181818181818182,7.08829568788501,4.635939489646691,0.0021665213832537953,0.018425631952493672,0.013309643704437529,IL1B/MIF/PLA2G4A/MAP2K6,4
5,GO:0090026,positive regulation of monocyte chemotaxis,4/487,22/18986,0.18181818181818182,7.08829568788501,4.635939489646691,0.0021665213832537953,0.018425631952493672,0.013309643704437529,APP/CCL5/LGMN/AIF1,4
5,GO:0007229,integrin-mediated signaling pathway,9/487,111/18986,0.08108108108108109,3.1609967256784506,3.704825636738503,0.0022361424253853615,0.018946377472871093,0.013685801078837238,CD40LG/ITGA6/LAT/MPIG6B/NID1/FUT8/ERBIN/SRC/VAV3,9
5,GO:0032963,collagen metabolic process,9/487,111/18986,0.08108108108108109,3.1609967256784506,3.704825636738503,0.0022361424253853615,0.018946377472871093,0.013685801078837238,MMP8/MMP9/F2R/VSIR/RGCC/SERPINH1/MMP1/PRDX5/MMP7,9
5,GO:0002824,positive regulation of adaptive immune response based on somatic recombination of immune receptors built from immunoglobulin superfamily domains,10/487,133/18986,0.07518796992481203,2.9312500964938013,3.6263503530743093,0.002282673485822532,0.019248539604451605,0.013904066065497067,IL1B/CD226/STX7/FADD/PLA2G4A/TREM2/B2M/TNFSF13/TNFSF13B/TNF,10
5,GO:0050864,regulation of B cell activation,10/487,133/18986,0.07518796992481203,2.9312500964938013,3.6263503530743093,0.002282673485822532,0.019248539604451605,0.013904066065497067,LYN/MIF/CASP3/IL7/STAT5B/PTPN6/BANK1/VAV3/TNFSF13/TNFSF13B,10
5,GO:0043303,mast cell degranulation,6/487,53/18986,0.11320754716981132,4.413467126418968,4.037565652576195,0.002284591945966798,0.019248539604451605,0.013904066065497067,CD84/LAT/LYN/SNAP23/VAMP8/STXBP1,6
5,GO:0030522,intracellular receptor signaling pathway,20/487,384/18986,0.052083333333333336,2.030501368925394,3.31001544568318,0.0022985303660207285,0.01932991272430095,0.013962845446041827,DAB2/PARK7/HSPA1A/RWDD1/IRAK4/CRKL/EIF2AK2/SIRT2/ERBIN/MAP2K6/TARBP2/SRC/FKBP4/TREM2/IRAK1/TRIM25/TNF/MAVS/TRIM24/TAX1BP1,20
5,GO:0001821,histamine secretion,3/487,11/18986,0.2727272727272727,10.632443531827516,5.1848664824222,0.0023734422850262655,0.01963049953209764,0.014179972507102371,LYN/SNAP23/VAMP8,3
5,GO:0009176,pyrimidine deoxyribonucleoside monophosphate metabolic process,3/487,11/18986,0.2727272727272727,10.632443531827516,5.1848664824222,0.0023734422850262655,0.01963049953209764,0.014179972507102371,NT5C/TYMP/SHMT1,3
5,GO:0016185,synaptic vesicle budding from presynaptic endocytic zone membrane,3/487,11/18986,0.2727272727272727,10.632443531827516,5.1848664824222,0.0023734422850262655,0.01963049953209764,0.014179972507102371,AP3S2/DNM3/DNM1,3
5,GO:0019673,GDP-mannose metabolic process,3/487,11/18986,0.2727272727272727,10.632443531827516,5.1848664824222,0.0023734422850262655,0.01963049953209764,0.014179972507102371,MPI/GPI/PMM2,3
5,GO:0060397,growth hormone receptor signaling pathway via JAK-STAT,3/487,11/18986,0.2727272727272727,10.632443531827516,5.1848664824222,0.0023734422850262655,0.01963049953209764,0.014179972507102371,LYN/STAT5B/PTPN1,3
5,GO:0070391,response to lipoteichoic acid,3/487,11/18986,0.2727272727272727,10.632443531827516,5.1848664824222,0.0023734422850262655,0.01963049953209764,0.014179972507102371,CD14/LBP/TREM2,3
5,GO:0071223,cellular response to lipoteichoic acid,3/487,11/18986,0.2727272727272727,10.632443531827516,5.1848664824222,0.0023734422850262655,0.01963049953209764,0.014179972507102371,CD14/LBP/TREM2,3
5,GO:0090085,regulation of protein deubiquitination,3/487,11/18986,0.2727272727272727,10.632443531827516,5.1848664824222,0.0023734422850262655,0.01963049953209764,0.014179972507102371,PARK7/UBXN1/TNIP1,3
5,GO:0090331,negative regulation of platelet aggregation,3/487,11/18986,0.2727272727272727,10.632443531827516,5.1848664824222,0.0023734422850262655,0.01963049953209764,0.014179972507102371,SERPINE2/PRKG1/SH2B3,3
5,GO:0140888,interferon-mediated signaling pathway,9/487,112/18986,0.08035714285714286,3.1327735406277504,3.6729704583673346,0.0023777420823864947,0.01963049953209764,0.014179972507102371,FADD/STAT2/CDC37/PTPN6/PTPN1/GIGYF2/IRAK1/MAVS/AZI2,9
5,GO:1900117,regulation of execution phase of apoptosis,5/487,37/18986,0.13513513513513514,5.268327876130751,4.216587744184167,0.002408233258716488,0.019837457054717882,0.014329467020784742,DFFA/FADD/BCL2L1/SIRT2/HTRA2,5
5,GO:0051701,biological process involved in interaction with host,13/487,204/18986,0.06372549019607843,2.4843781455087166,3.458472863325348,0.002415346229793914,0.019837457054717882,0.014329467020784742,CLEC4G/VPS4B/HSPA1A/JPT2/VAMP8/CHMP1A/PGLYRP1/SRC/INHBB/WWP2/TRIM58/TRIM25/DYNLT1,13
5,GO:0016052,carbohydrate catabolic process,12/487,180/18986,0.06666666666666667,2.5990417522245037,3.497385422162875,0.0024159879052468632,0.019837457054717882,0.014329467020784742,APP/MPI/NUDT5/GPI/ENO1/PMM2/FUT8/ENO2/SRC/PFKFB2/PGD/GIT1,12
5,GO:0140895,cell surface toll-like receptor signaling pathway,7/487,72/18986,0.09722222222222222,3.790269221994068,3.8487200263540426,0.002448602593969467,0.020068764635873163,0.014496550651850945,CD14/LYN/LBP/IRAK4/TREM2/IRAK1/TAX1BP1,7
5,GO:0042100,B cell proliferation,8/487,92/18986,0.08695652173913043,3.3900544594232658,3.728510840667543,0.002505332598035133,0.020496525385374387,0.014805541039875815,CD40LG/LYN/MIF/CASP3/IL7/BAX/VAV3/TNFSF13B,8
5,GO:2000117,negative regulation of cysteine-type endopeptidase activity,6/487,54/18986,0.1111111111111111,4.331736253707507,3.9780011260028996,0.002515558395140384,0.020542968738614782,0.014839089114952032,MMP9/TRIAP1/DNAJB6/SRC/CDKN2D/TNF,6
5,GO:0042698,ovulation cycle,7/487,73/18986,0.0958904109589041,3.738347725802368,3.8033427905346726,0.002649787520122629,0.021600072997967134,0.01560268197769338,EREG/MDK/CASP3/STAT5B/MAP2K6/SRC/CASP2,7
5,GO:0007041,lysosomal transport,10/487,136/18986,0.07352941176470588,2.8665901678946732,3.544527955453422,0.0026874543673689804,0.021828316408342294,0.015767552223545003,ARSB/VPS4B/HSPA1A/CHMP1A/AP3B1/VPS53/GRN/PSAP/EHD3/HGS,10
5,GO:0038127,ERBB signaling pathway,10/487,136/18986,0.07352941176470588,2.8665901678946732,3.544527955453422,0.0026874543673689804,0.021828316408342294,0.015767552223545003,MMP9/EREG/EGF/MAP2K1/NCK2/ERBIN/LGMN/SRC/SPRY2/BTC,10
5,GO:0006816,calcium ion transport,22/487,445/18986,0.04943820224719101,1.927379276930531,3.2119329499831863,0.002706550969593428,0.02194395723282571,0.015851084673098426,GP5/CD84/PDGFB/EGF/LILRA5/F2R/CCL5/GP1BA/LYN/LGALS3/PPP3R1/PTPN6/BAX/PKD2/LETM1/PLCB2/ITPR1/CXCL11/GP1BB/CCL3/EHD3/FKBP1B,22
5,GO:0016051,carbohydrate biosynthetic process,13/487,207/18986,0.06280193236714976,2.448372665139025,3.3995772695447766,0.0027417342192016096,0.02218937586723023,0.016028361338060345,PDGFB/EGF/GYS1/GPI/STK11/ENO1/AKT2/FUT8/ENO2/PRKG1/NFKB1/FOXO1/PGD,13
5,GO:0048588,developmental cell growth,14/487,232/18986,0.0603448275862069,2.352580896410111,3.3632251423483224,0.002764176952990205,0.02233098948068652,0.01613065507450644,APP/SEMA4D/BDNF/PLXNA4/IST1/STK11/TWF2/PRKG1/SSNA1/IMPACT/SPART/MAP2/PDLIM5/WASF1,14
5,GO:0031346,positive regulation of cell projection organization,19/487,363/18986,0.05234159779614325,2.0405699707547758,3.2478460461681906,0.0027704093143970923,0.022341372256816552,0.016138155009993587,ITGA6/SEMA4D/SCARF1/BDNF/ARSB/PLXNB3/LYN/PLXNA4/IST1/STK11/MAP2K1/MDK/TWF2/SRC/STK24/GRN/RAB11FIP3/DNM3/FKBP1B,19
5,GO:1901136,carbohydrate derivative catabolic process,15/487,258/18986,0.05813953488372093,2.2666061792655556,3.323543827905288,0.002833846815953929,0.022812214297411666,0.01647826490785482,APP/HPSE/NUDT16/GPI/ENO1/DCTD/ENO2/PGLYRP1/NT5C/SRC/PFKFB2/TYMP/OGA/PDE5A/GIT1,15
5,GO:0032732,positive regulation of interleukin-1 production,7/487,74/18986,0.0945945945945946,3.687829513291526,3.7587591969651357,0.002863425811478743,0.022968438658326824,0.01659111262928414,APP/LILRA5/CASP1/TMEM106A/CASP8/CCL3/TNF,7
5,GO:0071260,cellular response to mechanical stimulus,7/487,74/18986,0.0945945945945946,3.687829513291526,3.7587591969651357,0.002863425811478743,0.022968438658326824,0.01659111262928414,IL1B/CASP1/FADD/CRADD/CASP2/CASP8/NFKB1,7
5,GO:0006195,purine nucleotide catabolic process,10/487,138/18986,0.07246376811594203,2.8250453828527218,3.4912120685291836,0.0029878223417244315,0.023923768963169383,0.01728118969205676,APP/NUDT16/GPI/ENO1/ENO2/NT5C/SRC/PFKFB2/PDE5A/GIT1,10
5,GO:0043393,regulation of protein binding,9/487,116/18986,0.07758620689655173,3.0247468668130004,3.5490280780528183,0.0030168893094237696,0.023945305170799874,0.017296746241272858,MMP9/CFHR5/BDNF/DAB2/MITD1/BAX/B2M/MAP2/ANXA2,9
5,GO:0036120,cellular response to platelet-derived growth factor stimulus,4/487,24/18986,0.16666666666666666,6.497604380561259,4.37252890146247,0.0030223259405128275,0.023945305170799874,0.017296746241272858,PDGFB/SRC/MARS1/PTPN1,4
5,GO:0060252,positive regulation of glial cell proliferation,4/487,24/18986,0.16666666666666666,6.497604380561259,4.37252890146247,0.0030223259405128275,0.023945305170799874,0.017296746241272858,IL1B/LYN/PPP1CC/TNF,4
5,GO:0060706,cell differentiation involved in embryonic placenta development,4/487,24/18986,0.16666666666666666,6.497604380561259,4.37252890146247,0.0030223259405128275,0.023945305170799874,0.017296746241272858,SPINT2/DNAJB6/STK4/CASP8,4
5,GO:0090280,positive regulation of calcium ion import,4/487,24/18986,0.16666666666666666,6.497604380561259,4.37252890146247,0.0030223259405128275,0.023945305170799874,0.017296746241272858,PDGFB/LGALS3/PPP3R1/CCL3,4
5,GO:2000193,positive regulation of fatty acid transport,4/487,24/18986,0.16666666666666666,6.497604380561259,4.37252890146247,0.0030223259405128275,0.023945305170799874,0.017296746241272858,IL1B/MIF/PLA2G4A/MAP2K6,4
5,GO:0002448,mast cell mediated immunity,6/487,56/18986,0.10714285714285714,4.177031387503667,3.863099259219204,0.0030295670823412553,0.023960639131091258,0.0173078226346678,CD84/LAT/LYN/SNAP23/VAMP8/STXBP1,6
5,GO:0071312,cellular response to alkaloid,5/487,39/18986,0.1282051282051282,4.998157215816353,4.055249678905555,0.003050375798174091,0.02408303689607377,0.017396235919288752,BCL2L1/CASP3/CASP7/PPP1R9B/COMT,5
5,GO:0002690,positive regulation of leukocyte chemotaxis,8/487,95/18986,0.08421052631578947,3.283000108073057,3.619394447708085,0.0030615570799436905,0.02412913049393666,0.017429531350685215,APP/CCL5/LBP/MDK/LGMN/CCL3/AIF1/VEGFB,8
5,GO:0002090,regulation of receptor internalization,7/487,75/18986,0.09333333333333334,3.638658453114305,3.714943546674226,0.0030900138111493738,0.02425743675135772,0.01752221259905309,EGF/ANGPT1/APP/PPP3R1/RSPO1/RABEP1/ANXA2,7
5,GO:0071496,cellular response to external stimulus,7/487,75/18986,0.09333333333333334,3.638658453114305,3.714943546674226,0.0030900138111493738,0.02425743675135772,0.01752221259905309,IL1B/CASP1/FADD/CRADD/CASP2/CASP8/NFKB1,7
5,GO:0010594,regulation of endothelial cell migration,14/487,235/18986,0.059574468085106386,2.322547948796365,3.3100061115850226,0.0031042284711332606,0.02425743675135772,0.01752221259905309,PDGFB/EGF/ANGPT1/ANXA3/SPARC/GPI/RRAS/VASH1/LGMN/FLT4/RGCC/AKT3/GRN/TNF,14
5,GO:0070099,regulation of chemokine-mediated signaling pathway,3/487,12/18986,0.25,9.74640657084189,4.917410807859556,0.003104694074908052,0.02425743675135772,0.01752221259905309,CCL5/TREM2/SH2B3,3
5,GO:1905089,regulation of type 2 mitophagy,3/487,12/18986,0.25,9.74640657084189,4.917410807859556,0.003104694074908052,0.02425743675135772,0.01752221259905309,ATP5IF1/CDC37/HTRA2,3
5,GO:0002821,positive regulation of adaptive immune response,10/487,139/18986,0.07194244604316546,2.8047213153501835,3.4649110318978624,0.0031477312569848474,0.024551216505256598,0.0177344226259359,IL1B/CD226/STX7/FADD/PLA2G4A/TREM2/B2M/TNFSF13/TNFSF13B/TNF,10
5,GO:0043542,endothelial cell migration,16/487,287/18986,0.05574912891986063,2.173414705692965,3.249966911522913,0.0031604887367575646,0.024572926875110424,0.01775010498017976,PDGFB/EGF/ANGPT1/ANXA3/SPARC/LGALS8/GPI/RRAS/VASH1/LGMN/FLT4/RGCC/AKT3/GRN/TNFSF12/TNF,16
5,GO:0051495,positive regulation of cytoskeleton organization,12/487,186/18986,0.06451612903225806,2.5152016957011325,3.3693307870087428,0.0031613973681220453,0.024572926875110424,0.01775010498017976,SDC4/VPS4B/HSPA1A/NCK2/VASP/PPM1F/RGCC/CCL26/RHOC/CCL11/WASF1/GIT1,12
5,GO:0005996,monosaccharide metabolic process,15/487,262/18986,0.05725190839694656,2.232001504772952,3.258053585113522,0.0032754831599995224,0.025372353259961993,0.018327565790084897,MPI/NUDT5/GPI/STK11/ENO1/AKT2/PMM2/FUT8/ENO2/SRC/PFKFB2/INPPL1/FOXO1/PGD/TNF,15
5,GO:0071900,regulation of protein serine/threonine kinase activity,15/487,262/18986,0.05725190839694656,2.232001504772952,3.258053585113522,0.0032754831599995224,0.025372353259961993,0.018327565790084897,IL1B/PDGFB/PDGFA/LYN/ERP29/MIF/MAP2K1/CDC37/RGCC/SRC/CDKN2D/PTPN1/PDE5A/HGS/TNF,15
5,GO:0002886,regulation of myeloid leukocyte mediated immunity,6/487,57/18986,0.10526315789473684,4.103750135091321,3.8076410373274543,0.0033141609635475543,0.02562799813592595,0.018512229318734443,CD84/LYN/VAMP8/BCR/STXBP1/MAVS,6
5,GO:0019724,B cell mediated immunity,13/487,212/18986,0.06132075471698113,2.3906280268102744,3.3036661750229466,0.0033653084332804922,0.02593469775545171,0.01873377193234461,CD40LG/SERPING1/C2/CD226/C4BPB/PTPN6/SLA2/C5/C8B/TREM2/TNFSF13/C1R/TNF,13
5,GO:0050851,antigen receptor-mediated signaling pathway,13/487,212/18986,0.06132075471698113,2.3906280268102744,3.3036661750229466,0.0033653084332804922,0.02593469775545171,0.01873377193234461,LAT/CD226/LYN/LGALS3/STK11/CRKL/PTPN6/BAX/SLA2/GBP1/BANK1/NFKB1/VAV3,13
5,GO:1902110,positive regulation of mitochondrial membrane permeability involved in apoptotic process,5/487,40/18986,0.125,4.873203285420945,3.9786631898862623,0.0034139286773963357,0.026264568836664143,0.01897205231103962,BID/HSPA1A/ATP5IF1/BCL2L1/BAX,5
5,GO:0010976,positive regulation of neuron projection development,11/487,164/18986,0.06707317073170732,2.6148895677868484,3.3699815533253696,0.0034430694621124802,0.026443710358673402,0.019101454105060107,ITGA6/SCARF1/BDNF/ARSB/PLXNB3/LYN/MDK/TWF2/STK24/GRN/FKBP1B,11
5,GO:0031623,receptor internalization,10/487,141/18986,0.07092198581560284,2.764938034281387,3.4130024717826437,0.0034879772202312336,0.026743132642723686,0.01931773997944168,EGF/ANGPT1/APP/PPP3R1/RSPO1/DNM3/HGS/RABEP1/ANXA2/DNM1,10
5,GO:0045732,positive regulation of protein catabolic process,13/487,213/18986,0.06103286384976526,2.379404421050602,3.284809820160216,0.003502881642774615,0.02681188728605112,0.01936740447985465,IL1B/APP/DAB2/HSPA1A/C4BPB/SIRT2/NUB1/AXIN1/TREM2/FOXO1/ADAM8/TNFSF12/TNF,13
5,GO:0010954,positive regulation of protein processing,4/487,25/18986,0.16,6.237700205338809,4.251827897050276,0.0035260266924964714,0.02694337824587828,0.019462386178727514,ENO1/SRC/ADAM8/ANXA2,4
5,GO:1904377,positive regulation of protein localization to cell periphery,7/487,77/18986,0.09090909090909091,3.544147843942505,3.6295190648647404,0.0035840532242965065,0.02732612963218702,0.019738864325706863,CNPY4/LGALS3/EIF4G1/PPP1R9B/CNST/TREM2/TNF,7
5,GO:0045766,positive regulation of angiogenesis,12/487,189/18986,0.06349206349206349,2.475277859261432,3.3071668887626435,0.003598421930487405,0.02732612963218702,0.019738864325706863,IL1B/ANXA3/MYDGF/LRG1/MDK/RRAS/AKT3/GRN/PAK4/TNFSF12/CCL11/VEGFB,12
5,GO:0016358,dendrite development,14/487,239/18986,0.058577405857740586,2.28367685341902,3.2402940717352284,0.003610215557981454,0.02732612963218702,0.019738864325706863,APP/SEMA4D/SCARF1/STK11/CRKL/NCK2/MINK1/RTN4IP1/PPP1R9B/PRKG1/DNM3/PAK4/MAP2/PDLIM5,14
5,GO:0001541,ovarian follicle development,6/487,58/18986,0.10344827586206896,4.032995822417334,3.7534367373957345,0.003618192538489683,0.02732612963218702,0.019738864325706863,EREG/BCL2L1/BAX/SRC/INHBB/SOD1,6
5,GO:0031663,lipopolysaccharide-mediated signaling pathway,6/487,58/18986,0.10344827586206896,4.032995822417334,3.7534367373957345,0.003618192538489683,0.02732612963218702,0.019738864325706863,CD14/LYN/MIF/LBP/IRAK4/IRAK1,6
5,GO:0061756,leukocyte adhesion to vascular endothelial cell,6/487,58/18986,0.10344827586206896,4.032995822417334,3.7534367373957345,0.003618192538489683,0.02732612963218702,0.019738864325706863,GP1BA/LRG1/MDK/CCL28/IRAK1/TNF,6
5,GO:0016236,macroautophagy,19/487,372/18986,0.051075268817204304,1.9912013424300634,3.1326303546654035,0.003618473321534065,0.02732612963218702,0.019738864325706863,LGALS8/VTA1/VPS4B/VAMP8/CHMP1A/ATP5IF1/ATG16L1/CASP3/VTI1A/CDC37/HTRA2/SRC/CALCOCO2/NSFL1C/SPART/HGS/RAB33A/ATP6V1G1/RAB2B,19
5,GO:1904062,regulation of monoatomic cation transmembrane transport,17/487,318/18986,0.05345911949685535,2.084137254142291,3.1633306356898463,0.003660047715543943,0.02759394905408422,0.019932322063914733,MMP9/F2R/LYN/PARK7/PPP3R1/FXYD5/PTPN6/BAX/PKD2/COMMD1/CXCL11/TREM2/WWP2/EHD3/SLMAP/PPIF/FKBP1B,17
5,GO:0061138,morphogenesis of a branching epithelium,12/487,190/18986,0.06315789473684211,2.462250081054793,3.2867100407430345,0.0037544679215869544,0.02825862855647781,0.020412449278943808,EGF/PDGFA/SPINT2/PPP3R1/MDK/SRC/PKD2/STK4/SPRY2/FKBPL/CCL11/TNF,12
5,GO:0046879,hormone secretion,17/487,319/18986,0.05329153605015674,2.0776039085180202,3.149291716470432,0.00377734484062722,0.028383509651035817,0.020502656381651205,FGA/IL1B/CCL5/LYN/SNAP23/DAB2/PARK7/VAMP8/PRKAR1A/SYTL4/RAB11FIP3/PFKFB2/ITPR1/INHBB/FOXO1/FKBP1B/TNF,17
5,GO:0043270,positive regulation of monoatomic ion transport,13/487,215/18986,0.06046511627906977,2.357270426436178,3.24741331182955,0.003791733311873513,0.02844429839937007,0.02054656676603605,PDGFB/LILRA5/F2R/CCL5/LGALS3/PPP3R1/FXYD5/BAX/PKD2/CXCL11/TREM2/CCL3/EHD3,13
5,GO:0097242,amyloid-beta clearance,5/487,41/18986,0.12195121951219512,4.754344668703361,3.9045808445755874,0.0038075995995469733,0.02846874137674525,0.020564223002781577,APP/MSR1/MARCO/TREM2/TNF,5
5,GO:1904994,regulation of leukocyte adhesion to vascular endothelial cell,5/487,41/18986,0.12195121951219512,4.754344668703361,3.9045808445755874,0.0038075995995469733,0.02846874137674525,0.020564223002781577,GP1BA/MDK/CCL28/IRAK1/TNF,5
5,GO:0007160,cell-matrix adhesion,14/487,241/18986,0.058091286307053944,2.2647251782869118,3.2059564508979195,0.003887347695846591,0.029016962304864804,0.020960227071646083,FGA/SDC4/ITGA6/NID2/HPSE/NID1/RRAS/PPM1F/MINK1/BCR/JAM3/SRC/CCL28/ANXA2,14
5,GO:0051607,defense response to virus,17/487,320/18986,0.053125,2.0711113963039014,3.1353039792976625,0.0038977266010413168,0.029046424637463014,0.02098150900925315,IL1B/CASP1/FADD/VAMP8/STAT2/ATG16L1/BCL2L1/EIF2AK2/BST2/TARBP2/GBP1/NT5C3A/TRIM25/TNF/MAVS/RAB2B/AZI2,17
5,GO:0007032,endosome organization,8/487,99/18986,0.08080808080808081,3.150353639060005,3.4805000995031175,0.003947405753262771,0.02907725643322524,0.021003780170286937,USP8/VTA1/VPS4B/IST1/CHMP1A/VTI1A/HGS/DNM1,8
5,GO:0016579,protein deubiquitination,8/487,99/18986,0.08080808080808081,3.150353639060005,3.4805000995031175,0.003947405753262771,0.02907725643322524,0.021003780170286937,USP8/PARK7/OTUD6B/STAMBP/UBXN1/TNIP1/USP25/ABRAXAS2,8
5,GO:0042542,response to hydrogen peroxide,8/487,99/18986,0.08080808080808081,3.150353639060005,3.4805000995031175,0.003947405753262771,0.02907725643322524,0.021003780170286937,FXN/PARK7/CASP3/PRDX3/SRC/PPIF/FKBP1B/SOD1,8
5,GO:0008063,Toll signaling pathway,3/487,13/18986,0.23076923076923078,8.996682988469436,4.679605121652554,0.003959812379635413,0.02907725643322524,0.021003780170286937,APP/IRAK4/IRAK1,3
5,GO:0034111,negative regulation of homotypic cell-cell adhesion,3/487,13/18986,0.23076923076923078,8.996682988469436,4.679605121652554,0.003959812379635413,0.02907725643322524,0.021003780170286937,SERPINE2/PRKG1/SH2B3,3
5,GO:0036462,TRAIL-activated apoptotic signaling pathway,3/487,13/18986,0.23076923076923078,8.996682988469436,4.679605121652554,0.003959812379635413,0.02907725643322524,0.021003780170286937,PARK7/FADD/CASP8,3
5,GO:0070142,synaptic vesicle budding,3/487,13/18986,0.23076923076923078,8.996682988469436,4.679605121652554,0.003959812379635413,0.02907725643322524,0.021003780170286937,AP3S2/DNM3/DNM1,3
5,GO:0097202,activation of cysteine-type endopeptidase activity,3/487,13/18986,0.23076923076923078,8.996682988469436,4.679605121652554,0.003959812379635413,0.02907725643322524,0.021003780170286937,FADD/LGMN/CASP8,3
5,GO:1903977,positive regulation of glial cell migration,3/487,13/18986,0.23076923076923078,8.996682988469436,4.679605121652554,0.003959812379635413,0.02907725643322524,0.021003780170286937,CRKL/TREM2/CCL3,3
5,GO:0009150,purine ribonucleotide metabolic process,18/487,348/18986,0.05172413793103448,2.016497911208667,3.10521813585567,0.004002084905700414,0.029339960120362128,0.021193542588457938,APP/AK2/NUDT5/GPI/HSPA1A/ATP5IF1/ENO1/NDUFB7/ENO2/GMPR2/NT5C/SRC/PFKFB2/TREM2/SULT1A1/PDE5A/ABHD14B/GIT1,18
5,GO:0061025,membrane fusion,12/487,192/18986,0.0625,2.4366016427104724,3.246183133700922,0.004082903835516616,0.029555434561997745,0.021349189247035338,STX7/STX8/SNAP23/VAMP8/CHMP1A/USO1/VTI1A/NSFL1C/STXBP1/VAV3/RABEP1/ANXA2,12
5,GO:1904018,positive regulation of vasculature development,12/487,192/18986,0.0625,2.4366016427104724,3.246183133700922,0.004082903835516616,0.029555434561997745,0.021349189247035338,IL1B/ANXA3/MYDGF/LRG1/MDK/RRAS/AKT3/GRN/PAK4/TNFSF12/CCL11/VEGFB,12
5,GO:0001783,B cell apoptotic process,4/487,26/18986,0.15384615384615385,5.9977886589796245,4.137528991159431,0.00408383329643193,0.029555434561997745,0.021349189247035338,LYN/MIF/CRKL/BAX,4
5,GO:0031468,nuclear membrane reassembly,4/487,26/18986,0.15384615384615385,5.9977886589796245,4.137528991159431,0.00408383329643193,0.029555434561997745,0.021349189247035338,VPS4B/CHMP1A/SIRT2/NSFL1C,4
5,GO:0036119,response to platelet-derived growth factor,4/487,26/18986,0.15384615384615385,5.9977886589796245,4.137528991159431,0.00408383329643193,0.029555434561997745,0.021349189247035338,PDGFB/SRC/MARS1/PTPN1,4
5,GO:0050860,negative regulation of T cell receptor signaling pathway,4/487,26/18986,0.15384615384615385,5.9977886589796245,4.137528991159431,0.00408383329643193,0.029555434561997745,0.021349189247035338,LGALS3/PTPN6/SLA2/GBP1,4
5,GO:1903523,negative regulation of blood circulation,4/487,26/18986,0.15384615384615385,5.9977886589796245,4.137528991159431,0.00408383329643193,0.029555434561997745,0.021349189247035338,APP/PDE5A/FKBP1B/TNF,4
5,GO:1904996,positive regulation of leukocyte adhesion to vascular endothelial cell,4/487,26/18986,0.15384615384615385,5.9977886589796245,4.137528991159431,0.00408383329643193,0.029555434561997745,0.021349189247035338,GP1BA/MDK/IRAK1/TNF,4
5,GO:0002752,cell surface pattern recognition receptor signaling pathway,7/487,79/18986,0.08860759493670886,3.454422582070543,3.5468859725687456,0.004135985757772818,0.02983723910878921,0.021552749055553995,CD14/LYN/LBP/IRAK4/TREM2/IRAK1/TAX1BP1,7
5,GO:0018107,peptidyl-threonine phosphorylation,7/487,79/18986,0.08860759493670886,3.454422582070543,3.5468859725687456,0.004135985757772818,0.02983723910878921,0.021552749055553995,EGF/APP/EIF4G1/STK11/SIRT2/AXIN1/SPRY2,7
5,GO:0002220,innate immune response activating cell surface receptor signaling pathway,8/487,100/18986,0.08,3.1188501026694047,3.446877874176454,0.004196993758289988,0.030229065091606996,0.021835782182390115,CD14/LYN/LBP/IRAK4/SRC/TREM2/IRAK1/TAX1BP1,8
5,GO:0039531,regulation of cytoplasmic pattern recognition receptor signaling pathway,9/487,122/18986,0.07377049180327869,2.875988824182852,3.3727870635135857,0.004221637597851673,0.030245273672672837,0.021847490352807124,HSPA1A/EIF2AK2/SIRT2/ERBIN/TARBP2/SRC/TREM2/MAVS/TAX1BP1,9
5,GO:0046660,female sex differentiation,9/487,122/18986,0.07377049180327869,2.875988824182852,3.3727870635135857,0.004221637597851673,0.030245273672672837,0.021847490352807124,EREG/BCL2L1/CASP3/STAT5B/BAX/SRC/CASP2/INHBB/SOD1,9
5,GO:0014044,Schwann cell development,5/487,42/18986,0.11904761904761904,4.641145986115185,3.832856408735271,0.004232730947991416,0.030245273672672837,0.021847490352807124,MAP2K1/PPP3R1/AKT2/SIRT2/SOD1,5
5,GO:0045454,cell redox homeostasis,5/487,42/18986,0.11904761904761904,4.641145986115185,3.832856408735271,0.004232730947991416,0.030245273672672837,0.021847490352807124,GLRX5/PRDX3/TXNRD1/PRDX5/GIT1,5
5,GO:2000008,regulation of protein localization to cell surface,5/487,42/18986,0.11904761904761904,4.641145986115185,3.832856408735271,0.004232730947991416,0.030245273672672837,0.021847490352807124,EGF/BDNF/COMMD1/GOPC/TNF,5
5,GO:0010718,positive regulation of epithelial to mesenchymal transition,6/487,60/18986,0.1,3.898562628336756,3.648585693947921,0.004287730657455114,0.03054162720673075,0.022061559534207863,IL1B/DAB2/LRG1/MDK/RGCC/ADAM8,6
5,GO:0046456,icosanoid biosynthetic process,6/487,60/18986,0.1,3.898562628336756,3.648585693947921,0.004287730657455114,0.03054162720673075,0.022061559534207863,IL1B/CASP1/MIF/PLA2G4A/PIBF1/PTGES2,6
5,GO:0009636,response to toxic substance,15/487,270/18986,0.05555555555555555,2.1658681268537534,3.1305485863017712,0.004328930995501806,0.030786539174308906,0.02223847021145478,CCL5/LYN/PARK7/PRDX3/HTRA2/BAX/CNP/TXNRD1/COMT/PRDX5/HBQ1/CCL3/INHBB/SOD1/TNF,15
5,GO:0050770,regulation of axonogenesis,10/487,146/18986,0.0684931506849315,2.67024837557312,3.287098300727804,0.004467183504096631,0.0316700168045532,0.022876644929679352,SEMA4D/BDNF/PLXNB3/PLXNA4/IST1/STK11/MAP2K1/TWF2/SPART/MAP2,10
5,GO:0051961,negative regulation of nervous system development,10/487,146/18986,0.0684931506849315,2.67024837557312,3.287098300727804,0.004467183504096631,0.0316700168045532,0.022876644929679352,IL1B/APP/SIRT2/TREM2/B2M/SPART/CCL11/MAP2/TNF/DYNLT1,10
5,GO:0097300,programmed necrotic cell death,6/487,61/18986,0.09836065573770492,3.834651765577137,3.597844113289629,0.0046548260151008675,0.0328446992824126,0.02372516970681941,FADD/BAX/ASAH1/CASP8/PPIF/TNF,6
5,GO:0034763,negative regulation of transmembrane transport,10/487,147/18986,0.06802721088435375,2.652083420637249,3.2625514739584687,0.004686728095821915,0.0328446992824126,0.02372516970681941,MMP9/IL1B/PPP3R1/AKT2/COMMD1/GOPC/YWHAQ/PPIF/FKBP1B/TNF,10
5,GO:1904407,positive regulation of nitric oxide metabolic process,5/487,43/18986,0.11627906976744186,4.533212358531111,3.763355490399641,0.004690657562874638,0.0328446992824126,0.02372516970681941,IL1B/APP/TMEM106A/PKD2/TNF,5
5,GO:0042026,protein refolding,4/487,27/18986,0.14814814814814814,5.775648338276675,4.029045420606519,0.00469833386546469,0.0328446992824126,0.02372516970681941,DNAJA2/HSPA1A/B2M/FKBP1B,4
5,GO:0045649,regulation of macrophage differentiation,4/487,27/18986,0.14814814814814814,5.775648338276675,4.029045420606519,0.00469833386546469,0.0328446992824126,0.02372516970681941,PF4/HCLS1/FADD/CASP8,4
5,GO:0071108,protein K48-linked deubiquitination,4/487,27/18986,0.14814814814814814,5.775648338276675,4.029045420606519,0.00469833386546469,0.0328446992824126,0.02372516970681941,USP8/PARK7/UBXN1/USP25,4
5,GO:1902993,positive regulation of amyloid precursor protein catabolic process,4/487,27/18986,0.14814814814814814,5.775648338276675,4.029045420606519,0.00469833386546469,0.0328446992824126,0.02372516970681941,APP/LYN/CASP3/TNF,4
5,GO:1903319,positive regulation of protein maturation,4/487,27/18986,0.14814814814814814,5.775648338276675,4.029045420606519,0.00469833386546469,0.0328446992824126,0.02372516970681941,ENO1/SRC/ADAM8/ANXA2,4
5,GO:1905523,positive regulation of macrophage migration,4/487,27/18986,0.14814814814814814,5.775648338276675,4.029045420606519,0.00469833386546469,0.0328446992824126,0.02372516970681941,CCL5/MDK/TREM2/CCL3,4
5,GO:0071356,cellular response to tumor necrosis factor,13/487,221/18986,0.058823529411764705,2.2932721343157385,3.1376711729722047,0.0047758796743871375,0.033335197232662,0.024079477932035694,MMP8/CASP1/CCL5/HSPA1A/ERBIN/ASAH1/GBP1/CASP8/NFKB1/MAPKAPK2/CCL3/TNFSF13B/TNF,13
5,GO:0050954,sensory perception of mechanical stimulus,12/487,196/18986,0.061224489795918366,2.3868750785735235,3.166632355802222,0.004808932579560404,0.03351410421187467,0.024208710305486828,SERPINE2/LRIG1/SERPINB6/CASP3/TIMM10/CDKN2D/AXIN1/SPRY2/TBL1X/COL2A1/SOD1/TNF,12
5,GO:0002573,myeloid leukocyte differentiation,14/487,247/18986,0.05668016194331984,2.2097116112030193,3.104936876277908,0.004824232531794434,0.03351728325166718,0.02421100666563717,MMP9/APP/PF4/HCLS1/LYN/FADD/AP3B1/SRC/CASP8/TREM2/CCL3/CASP10/TNF/ANXA2,14
5,GO:0050769,positive regulation of neurogenesis,14/487,247/18986,0.05668016194331984,2.2097116112030193,3.104936876277908,0.004824232531794434,0.03351728325166718,0.02421100666563717,IL1B/SEMA4D/BDNF/SERPINE2/PLXNB3/LYN/PLXNA4/IST1/STK11/MAP2K1/MDK/TWF2/PPP1CC/TNF,14
5,GO:1904951,positive regulation of establishment of protein localization,17/487,327/18986,0.05198776758409786,2.0267756783402096,3.0387916329303155,0.0048319380594984895,0.03351925080905557,0.0242124279188064,FGA/IL1B/APP/GZMB/HCLS1/AKT2/HTRA2/PRKAR1A/SYTL4/SRC/CNST/PFKFB2/ITPR1/TREM2/ADAM8/TNF/MAVS,17
5,GO:0042063,gliogenesis,18/487,355/18986,0.05070422535211268,1.9767359805651157,3.0141782738065714,0.004910781734921556,0.03382391711824013,0.02443250178299989,IL1B/APP/SERPINE2/LYN/MAP2K1/PPP3R1/CRKL/AKT2/MDK/RRAS/SIRT2/CNP/GRN/PPP1CC/TREM2/CCL3/SOD1/TNF,18
5,GO:0048284,organelle fusion,11/487,172/18986,0.06395348837209303,2.493266797192111,3.1919546865818007,0.004930296774619143,0.03382391711824013,0.02443250178299989,STX7/STX8/SNAP23/VAMP8/CHMP1A/USO1/VTI1A/BAX/STXBP1/VAV3/ANXA2,11
5,GO:0034116,positive regulation of heterotypic cell-cell adhesion,3/487,14/18986,0.21428571428571427,8.354062775007334,4.466120614908199,0.00494462654315656,0.03382391711824013,0.02443250178299989,FGA/IL1B/TNF,3
5,GO:0045916,negative regulation of complement activation,3/487,14/18986,0.21428571428571427,8.354062775007334,4.466120614908199,0.00494462654315656,0.03382391711824013,0.02443250178299989,SERPING1/C4BPB/CD59,3
5,GO:0051608,histamine transport,3/487,14/18986,0.21428571428571427,8.354062775007334,4.466120614908199,0.00494462654315656,0.03382391711824013,0.02443250178299989,LYN/SNAP23/VAMP8,3
5,GO:0098792,xenophagy,3/487,14/18986,0.21428571428571427,8.354062775007334,4.466120614908199,0.00494462654315656,0.03382391711824013,0.02443250178299989,LGALS8/ATG16L1/CALCOCO2,3
5,GO:1903265,positive regulation of tumor necrosis factor-mediated signaling pathway,3/487,14/18986,0.21428571428571427,8.354062775007334,4.466120614908199,0.00494462654315656,0.03382391711824013,0.02443250178299989,MMP8/CASP1/HSPA1A,3
5,GO:1905522,negative regulation of macrophage migration,3/487,14/18986,0.21428571428571427,8.354062775007334,4.466120614908199,0.00494462654315656,0.03382391711824013,0.02443250178299989,MIF/BCR/C5,3
5,GO:0090068,positive regulation of cell cycle process,15/487,274/18986,0.05474452554744526,2.1342496140529685,3.068452977467004,0.0049508980174390645,0.03382391711824013,0.02443250178299989,IL1B/EREG/PDGFB/EGF/APP/NUDT16/EIF4G1/VPS4B/SIRT2/RGCC/RAB11FIP3/NSFL1C/AIF1/TNF/BTC,15
5,GO:0009612,response to mechanical stimulus,13/487,222/18986,0.05855855855855856,2.282942079656659,3.119726199699739,0.0049582447148527374,0.03382391711824013,0.02443250178299989,IL1B/SERPINE2/CASP1/GPI/FADD/CRADD/MDK/SRC/CASP2/PKD2/CASP8/NFKB1/TNF,13
5,GO:0016311,dephosphorylation,13/487,222/18986,0.05855855855855856,2.282942079656659,3.119726199699739,0.0049582447148527374,0.03382391711824013,0.02443250178299989,PPP1R12A/THTPA/STK11/PPM1F/PTPN6/NT5C/SRC/PTPN1/ILKAP/DAPP1/PPP1CC/INPPL1/TNF,13
5,GO:0006006,glucose metabolic process,12/487,197/18986,0.06091370558375635,2.3747589614234044,3.1470489228778407,0.00500565233686509,0.034095815917470206,0.024628906234730352,MPI/GPI/STK11/ENO1/AKT2/PMM2/ENO2/SRC/PFKFB2/INPPL1/FOXO1/TNF,12
5,GO:0014002,astrocyte development,5/487,44/18986,0.11363636363636363,4.430184804928132,3.6959543291777153,0.0051827041198281515,0.03519562677465253,0.025423347949897018,IL1B/APP/GRN/TREM2/TNF,5
5,GO:0042119,neutrophil activation,5/487,44/18986,0.11363636363636363,4.430184804928132,3.6959543291777153,0.0051827041198281515,0.03519562677465253,0.025423347949897018,ANXA3/CCL5/BCR/GRN/TNF,5
5,GO:0009185,ribonucleoside diphosphate metabolic process,9/487,126/18986,0.07142857142857142,2.784687591669111,3.2611613579936787,0.0052135329544244656,0.03535182405732866,0.02553617611152429,APP/AK2/NUDT5/GPI/ENO1/ENO2/SRC/PFKFB2/GIT1,9
5,GO:0009914,hormone transport,17/487,330/18986,0.051515151515151514,2.0083504449007528,2.998160325015466,0.00528484369854364,0.03578164039373775,0.025846651340308908,FGA/IL1B/CCL5/LYN/SNAP23/DAB2/PARK7/VAMP8/PRKAR1A/SYTL4/RAB11FIP3/PFKFB2/ITPR1/INHBB/FOXO1/FKBP1B/TNF,17
5,GO:0009191,ribonucleoside diphosphate catabolic process,8/487,104/18986,0.07692307692307693,2.9988943294898123,3.3164859678340495,0.005318860069729956,0.03590429308654781,0.025935248770502926,APP/NUDT5/GPI/ENO1/ENO2/SRC/PFKFB2/GIT1,8
5,GO:0046031,ADP metabolic process,8/487,104/18986,0.07692307692307693,2.9988943294898123,3.3164859678340495,0.005318860069729956,0.03590429308654781,0.025935248770502926,APP/AK2/GPI/ENO1/ENO2/SRC/PFKFB2/GIT1,8
5,GO:0048660,regulation of smooth muscle cell proliferation,11/487,174/18986,0.06321839080459771,2.4646085581439263,3.1490123347016747,0.005371817444358222,0.035940904416486716,0.025961694743063802,MMP9/EREG/PDGFB/CCL5/IRAK4/RBPMS2/SRC/PRKG1/AIF1/IRAK1/TNF,11
5,GO:0002675,positive regulation of acute inflammatory response,4/487,28/18986,0.14285714285714285,5.569375183338222,3.9258638134034327,0.005372035093252554,0.035940904416486716,0.025961694743063802,IL1B/PARK7/ADAM8/TNF,4
5,GO:0010714,positive regulation of collagen metabolic process,4/487,28/18986,0.14285714285714285,5.569375183338222,3.9258638134034327,0.005372035093252554,0.035940904416486716,0.025961694743063802,F2R/VSIR/RGCC/PRDX5,4
5,GO:0010758,regulation of macrophage chemotaxis,4/487,28/18986,0.14285714285714285,5.569375183338222,3.9258638134034327,0.005372035093252554,0.035940904416486716,0.025961694743063802,CCL5/MIF/MDK/C5,4
5,GO:0043304,regulation of mast cell degranulation,4/487,28/18986,0.14285714285714285,5.569375183338222,3.9258638134034327,0.005372035093252554,0.035940904416486716,0.025961694743063802,CD84/LYN/VAMP8/STXBP1,4
5,GO:0051043,regulation of membrane protein ectodomain proteolysis,4/487,28/18986,0.14285714285714285,5.569375183338222,3.9258638134034327,0.005372035093252554,0.035940904416486716,0.025961694743063802,IL1B/APP/ADAM8/TNF,4
5,GO:0008088,axo-dendritic transport,7/487,83/18986,0.08433734939759036,3.2879443853442516,3.3893373516956555,0.005430193530432203,0.03622267944376932,0.026165233228343927,APP/AP3B1/ATG16L1/RAB27B/AP3S2/MAP2/SOD1,7
5,GO:0051279,regulation of release of sequestered calcium ion into cytosol,7/487,83/18986,0.08433734939759036,3.2879443853442516,3.3893373516956555,0.005430193530432203,0.03622267944376932,0.026165233228343927,F2R/LYN/PTPN6/BAX/PKD2/CXCL11/FKBP1B,7
5,GO:0002712,regulation of B cell mediated immunity,6/487,63/18986,0.09523809523809523,3.712916788892148,3.499511366040394,0.005457653764159565,0.036298622089756406,0.026220089938966733,CD226/C4BPB/PTPN6/TREM2/TNFSF13/TNF,6
5,GO:0002889,regulation of immunoglobulin mediated immune response,6/487,63/18986,0.09523809523809523,3.712916788892148,3.499511366040394,0.005457653764159565,0.036298622089756406,0.026220089938966733,CD226/C4BPB/PTPN6/TREM2/TNFSF13/TNF,6
5,GO:0051648,vesicle localization,13/487,225/18986,0.057777777777777775,2.252502851927903,3.066462414316754,0.005539122484659337,0.03678628991282583,0.02657235383894626,SDC4/SNAP23/VPS4B/STK11/AP3B1/USO1/STXBP1/AP3S2/TBC1D23/DNM3/HGS/MAP2/DNM1,13
5,GO:0050680,negative regulation of epithelial cell proliferation,11/487,175/18986,0.06285714285714286,2.450525080668818,3.1277640257344825,0.00560398311490665,0.037162390230423545,0.026844027626703314,EREG/SPARC/DAB2/STK11/ATP5IF1/VASH1/RGCC/STK4/B2M/TNF/TRIM24,11
5,GO:0030574,collagen catabolic process,5/487,45/18986,0.1111111111111111,4.331736253707507,3.630538733789078,0.005710182600743473,0.037755760797888026,0.02727264526424292,MMP8/MMP9/VSIR/MMP1/MMP7,5
5,GO:0048489,synaptic vesicle transport,5/487,45/18986,0.1111111111111111,4.331736253707507,3.630538733789078,0.005710182600743473,0.037755760797888026,0.02727264526424292,AP3B1/AP3S2/DNM3/MAP2/DNM1,5
5,GO:0033002,muscle cell proliferation,14/487,252/18986,0.05555555555555555,2.1658681268537534,3.022943966044243,0.005737453169344519,0.03788061186076001,0.02736283067374371,MMP9/EREG/PDGFB/ANGPT1/CCL5/IRAK4/RBPMS2/PRKAR1A/SRC/SUGT1/PRKG1/AIF1/IRAK1/TNF,14
5,GO:0009266,response to temperature stimulus,11/487,176/18986,0.0625,2.4366016427104724,3.1066616045737847,0.0058439885838741604,0.03852766780259228,0.02783022761648256,LYN/DNAJA2/HSPA1A/CIRBP/HTRA2/DNAJB6/COMT/MAPKAPK2/FOXO1/IRAK1/SOD1,11
5,GO:0002763,positive regulation of myeloid leukocyte differentiation,6/487,64/18986,0.09375,3.6549024640657084,3.4518402908587604,0.005894980441639694,0.038638217234317644,0.02791008232929709,PF4/HCLS1/FADD/CASP8/TREM2/TNF,6
5,GO:0010324,membrane invagination,6/487,64/18986,0.09375,3.6549024640657084,3.4518402908587604,0.005894980441639694,0.038638217234317644,0.02791008232929709,MSR1/MARCO/TREM2/HGS/BIN2/AIF1,6
5,GO:0032091,negative regulation of protein binding,6/487,64/18986,0.09375,3.6549024640657084,3.4518402908587604,0.005894980441639694,0.038638217234317644,0.02791008232929709,CFHR5/DAB2/MITD1/BAX/B2M/MAP2,6
5,GO:0033619,membrane protein proteolysis,6/487,64/18986,0.09375,3.6549024640657084,3.4518402908587604,0.005894980441639694,0.038638217234317644,0.02791008232929709,IL1B/APP/CLPP/MMP7/ADAM8/TNF,6
5,GO:0001890,placenta development,10/487,152/18986,0.06578947368421052,2.564843834432076,3.142803073266755,0.005914762470875803,0.038711691765905984,0.02796315621242428,PDGFB/SPINT2/MAP2K1/VASH1/PRDX3/DNAJB6/PKD2/STK4/CASP8/SOD1,10
5,GO:0009408,response to heat,8/487,106/18986,0.07547169811320754,2.9423114176126455,3.253617204856953,0.005959156343216348,0.03894580325031118,0.028132265226030104,LYN/DNAJA2/HSPA1A/HTRA2/DNAJB6/MAPKAPK2/IRAK1/SOD1,8
5,GO:0032621,interleukin-18 production,3/487,15/18986,0.2,7.797125256673512,4.272887374755916,0.006064265219330695,0.0391773047836576,0.028299488957287514,CD84/CASP1/TNF,3
5,GO:0032661,regulation of interleukin-18 production,3/487,15/18986,0.2,7.797125256673512,4.272887374755916,0.006064265219330695,0.0391773047836576,0.028299488957287514,CD84/CASP1/TNF,3
5,GO:0042182,ketone catabolic process,3/487,15/18986,0.2,7.797125256673512,4.272887374755916,0.006064265219330695,0.0391773047836576,0.028299488957287514,PARK7/OXCT1/KYAT1,3
5,GO:0097531,mast cell migration,3/487,15/18986,0.2,7.797125256673512,4.272887374755916,0.006064265219330695,0.0391773047836576,0.028299488957287514,STAT5B/CCL11/VEGFB,3
5,GO:1900119,positive regulation of execution phase of apoptosis,3/487,15/18986,0.2,7.797125256673512,4.272887374755916,0.006064265219330695,0.0391773047836576,0.028299488957287514,FADD/SIRT2/HTRA2,3
5,GO:1903543,positive regulation of exosomal secretion,3/487,15/18986,0.2,7.797125256673512,4.272887374755916,0.006064265219330695,0.0391773047836576,0.028299488957287514,SDC4/VPS4B/HGS,3
5,GO:0009154,purine ribonucleotide catabolic process,9/487,129/18986,0.06976744186046512,2.7199274151186668,3.18027246308902,0.0060691266401862445,0.0391773047836576,0.028299488957287514,APP/GPI/ENO1/ENO2/NT5C/SRC/PFKFB2/PDE5A/GIT1,9
5,GO:0007254,JNK cascade,11/487,177/18986,0.062146892655367235,2.422835531734707,3.085703102492662,0.0060920128362831226,0.0391773047836576,0.028299488957287514,IL1B/APP/IRAK4/CRKL/MINK1/FLT4/AXIN1/NFKB1/EDAR/IRAK1/TNF,11
5,GO:0009226,nucleotide-sugar biosynthetic process,4/487,29/18986,0.13793103448275862,5.377327763223112,3.827532753214852,0.006107356635893479,0.0391773047836576,0.028299488957287514,MPI/GPI/PMM2/GNE,4
5,GO:0016226,iron-sulfur cluster assembly,4/487,29/18986,0.13793103448275862,5.377327763223112,3.827532753214852,0.006107356635893479,0.0391773047836576,0.028299488957287514,FXN/GLRX5/CIAPIN1/NFU1,4
5,GO:0022011,myelination in peripheral nervous system,4/487,29/18986,0.13793103448275862,5.377327763223112,3.827532753214852,0.006107356635893479,0.0391773047836576,0.028299488957287514,PPP3R1/AKT2/SIRT2/SOD1,4
5,GO:0031163,metallo-sulfur cluster assembly,4/487,29/18986,0.13793103448275862,5.377327763223112,3.827532753214852,0.006107356635893479,0.0391773047836576,0.028299488957287514,FXN/GLRX5/CIAPIN1/NFU1,4
5,GO:0032292,peripheral nervous system axon ensheathment,4/487,29/18986,0.13793103448275862,5.377327763223112,3.827532753214852,0.006107356635893479,0.0391773047836576,0.028299488957287514,PPP3R1/AKT2/SIRT2/SOD1,4
5,GO:0051090,regulation of DNA-binding transcription factor activity,18/487,363/18986,0.049586776859504134,1.9331715512413665,2.9126321326546885,0.006150039140965596,0.03939514434127749,0.02845684404307933,CD40LG/IL1B/ANXA3/ANXA4/HSPA1A/RWDD1/EIF2AK2/PRDX3/ERBIN/RGCC/COMMD1/NFKBIE/WWP2/IRAK1/TRIM25/TNF/MAVS/TAX1BP1,18
5,GO:0046034,ATP metabolic process,13/487,228/18986,0.05701754385964912,2.222864656507799,3.01403440879494,0.006173209037163387,0.03942522665343194,0.02847857381916591,APP/AK2/NUDT5/GPI/HSPA1A/ATP5IF1/ENO1/NDUFB7/ENO2/SRC/PFKFB2/TREM2/GIT1,13
5,GO:0006970,response to osmotic stress,7/487,85/18986,0.08235294117647059,3.210580988042034,3.3141270810328622,0.006180925702088089,0.03942522665343194,0.02847857381916591,CASP1/SERPINB6/CASP3/BAX/PKD2/LETM1/TNF,7
5,GO:0032418,lysosome localization,7/487,85/18986,0.08235294117647059,3.210580988042034,3.3141270810328622,0.006180925702088089,0.03942522665343194,0.02847857381916591,CD84/LAT/LYN/SNAP23/VAMP8/SYTL4/STXBP1,7
5,GO:0010721,negative regulation of cell development,15/487,281/18986,0.05338078291814947,2.0810832535605455,2.9623004110242257,0.0062126897451843036,0.039571942015870686,0.028584552773106908,IL1B/CLEC4G/LYN/CD69/MDK/SIRT2/PGLYRP1/TREM2/CCL3/B2M/SPART/CCL11/MAP2/TNF/DYNLT1,15
5,GO:0009225,nucleotide-sugar metabolic process,5/487,46/18986,0.10869565217391304,4.237568074279082,3.5670031468275356,0.006274389859953663,0.0398525240612528,0.028787229515132726,MPI/GPI/PMM2/FUT8/GNE,5
5,GO:0043300,regulation of leukocyte degranulation,5/487,46/18986,0.10869565217391304,4.237568074279082,3.5670031468275356,0.006274389859953663,0.0398525240612528,0.028787229515132726,CD84/LYN/VAMP8/BCR/STXBP1,5
5,GO:0045639,positive regulation of myeloid cell differentiation,8/487,107/18986,0.07476635514018691,2.914813180064864,3.222733985108042,0.00630047573089914,0.03996200618081533,0.028866313261467227,PF4/HCLS1/HSPA1A/FADD/STAT5B/CASP8/TREM2/TNF,8
5,GO:0048659,smooth muscle cell proliferation,11/487,178/18986,0.06179775280898876,2.4092240961631632,3.0648865887133745,0.006348236228396067,0.04009722140958352,0.028963985163465416,MMP9/EREG/PDGFB/CCL5/IRAK4/RBPMS2/SRC/PRKG1/AIF1/IRAK1/TNF,11
5,GO:0032615,interleukin-12 production,6/487,65/18986,0.09230769230769231,3.5986731953877746,3.4051163613529085,0.006357309683184633,0.04009722140958352,0.028963985163465416,CD40LG/LILRA5/MDK/PIBF1/ACP5/NFKB1,6
5,GO:0032655,regulation of interleukin-12 production,6/487,65/18986,0.09230769230769231,3.5986731953877746,3.4051163613529085,0.006357309683184633,0.04009722140958352,0.028963985163465416,CD40LG/LILRA5/MDK/PIBF1/ACP5/NFKB1,6
5,GO:1903078,positive regulation of protein localization to plasma membrane,6/487,65/18986,0.09230769230769231,3.5986731953877746,3.4051163613529085,0.006357309683184633,0.04009722140958352,0.028963985163465416,CNPY4/LGALS3/PPP1R9B/CNST/TREM2/TNF,6
5,GO:0048732,gland development,21/487,450/18986,0.04666666666666667,1.8193292265571526,2.8539893531570137,0.006408795038409111,0.040365576559910105,0.029157829881861313,EGF/PDGFA/SERPINE2/FADD/STK11/MAP2K1/CRKL/AKT2/MDK/STAT5B/BAX/SRC/PKD2/PSAP/FKBP4/NFKB1/INHBB/EDAR/CCL11/SOD1/TNF,21
5,GO:1990849,vacuolar localization,7/487,86/18986,0.08139534883720931,3.1732486509717783,3.2773543291133604,0.006584064925200941,0.041411750978004806,0.02991352763993214,CD84/LAT/LYN/SNAP23/VAMP8/SYTL4/STXBP1,7
5,GO:0009134,nucleoside diphosphate catabolic process,8/487,108/18986,0.07407407407407407,2.8878241691383373,3.192207281688696,0.0066564212844082505,0.0418086210297464,0.030200204319421955,APP/NUDT5/GPI/ENO1/ENO2/SRC/PFKFB2/GIT1,8
5,GO:0032434,regulation of proteasomal ubiquitin-dependent protein catabolic process,9/487,131/18986,0.06870229007633588,2.6784018057275425,3.127619935718861,0.006696978181892787,0.04200493537420531,0.030342010797786177,DAB2/PARK7/HSPA1A/FHIT/SIRT2/NUB1/UBXN1/AXIN1/COMMD1,9
5,GO:0072523,purine-containing compound catabolic process,10/487,155/18986,0.06451612903225806,2.5152016957011325,3.0732313886880043,0.0067637924540995846,0.042365168824845666,0.030602223250243976,APP/NUDT16/GPI/ENO1/ENO2/NT5C/SRC/PFKFB2/PDE5A/GIT1,10
5,GO:0051222,positive regulation of protein transport,14/487,257/18986,0.054474708171206226,2.1237306146581547,2.9428432820727393,0.0067846803909613045,0.042424575266966955,0.030645135134103437,FGA/IL1B/APP/HCLS1/PRKAR1A/SYTL4/SRC/CNST/PFKFB2/ITPR1/TREM2/ADAM8/TNF/MAVS,14
5,GO:0051650,establishment of vesicle localization,12/487,205/18986,0.05853658536585366,2.2820854409776135,2.9945405461368906,0.006820791507510408,0.042424575266966955,0.030645135134103437,SDC4/SNAP23/VPS4B/STK11/AP3B1/STXBP1/AP3S2/TBC1D23/DNM3/HGS/MAP2/DNM1,12
5,GO:0042113,B cell activation,15/487,284/18986,0.0528169014084507,2.0590999797553287,2.9177478558152963,0.0068272115748968885,0.042424575266966955,0.030645135134103437,CD40LG/LYN/MIF/CASP3/IL7/STAT5B/PTPN6/BAX/SKAP2/BST2/CASP8/BANK1/VAV3/TNFSF13/TNFSF13B,15
5,GO:0006893,Golgi to plasma membrane transport,6/487,66/18986,0.09090909090909091,3.544147843942505,3.3593047346612455,0.006845433838810467,0.042424575266966955,0.030645135134103437,RAB10/CNST/COMMD1/RAB11FIP3/GOPC/RABEP1,6
5,GO:0008631,intrinsic apoptotic signaling pathway in response to oxidative stress,6/487,66/18986,0.09090909090909091,3.544147843942505,3.3593047346612455,0.006845433838810467,0.042424575266966955,0.030645135134103437,PARK7/DIABLO/HTRA2/STK24/TREM2/SOD1,6
5,GO:0051341,regulation of oxidoreductase activity,6/487,66/18986,0.09090909090909091,3.544147843942505,3.3593047346612455,0.006845433838810467,0.042424575266966955,0.030645135134103437,IL1B/FXN/PARK7/PRDX5/NFKB1/TNF,6
5,GO:1901224,positive regulation of non-canonical NF-kappaB signal transduction,6/487,66/18986,0.09090909090909091,3.544147843942505,3.3593047346612455,0.006845433838810467,0.042424575266966955,0.030645135134103437,IL1B/APP/EIF2AK2/TREM2/EDAR/TNF,6
5,GO:0009895,negative regulation of catabolic process,18/487,367/18986,0.04904632152588556,1.91210156158206,2.8628178114560603,0.006859068126015984,0.042424575266966955,0.030645135134103437,IL1B/SERPINE2/USP8/DFFA/EIF4G1/PARK7/CIRBP/BCL2L1/FHIT/SIRT2/HTRA2/UBXN1/TREM2/MAPKAPK2/USP25/GIT1/TNF/ANXA2,18
5,GO:0032892,positive regulation of organic acid transport,5/487,47/18986,0.10638297872340426,4.14740705142208,3.5052498191102974,0.006876605288579253,0.042424575266966955,0.030645135134103437,IL1B/MIF/PLA2G4A/MAP2K6/STXBP1,5
5,GO:0060711,labyrinthine layer development,5/487,47/18986,0.10638297872340426,4.14740705142208,3.5052498191102974,0.006876605288579253,0.042424575266966955,0.030645135134103437,SPINT2/MAP2K1/VASH1/DNAJB6/CASP8,5
5,GO:0010970,transport along microtubule,11/487,180/18986,0.06111111111111111,2.3824549395391283,3.0236719870603985,0.006886008341604689,0.042424575266966955,0.030645135134103437,APP/STK11/AP3B1/ATG16L1/RAB27B/KIFBP/SSNA1/AP3S2/MAP2/TRIM58/SOD1,11
5,GO:0046777,protein autophosphorylation,11/487,180/18986,0.06111111111111111,2.3824549395391283,3.0236719870603985,0.006886008341604689,0.042424575266966955,0.030645135134103437,PDGFB/PDGFA/LYN/STK11/EIF2AK2/MINK1/FLT4/SRC/STK4/STK24/IRAK1,11
5,GO:0015732,prostaglandin transport,4/487,30/18986,0.13333333333333333,5.1980835044490075,3.733653452156508,0.0069066261875989745,0.042435814779859825,0.030653253928205115,IL1B/MIF/PLA2G4A/MAP2K6,4
5,GO:2000108,positive regulation of leukocyte apoptotic process,4/487,30/18986,0.13333333333333333,5.1980835044490075,3.733653452156508,0.0069066261875989745,0.042435814779859825,0.030653253928205115,CCL5/LYN/BAX/ADAM8,4
5,GO:0009259,ribonucleotide metabolic process,18/487,368/18986,0.04891304347826087,1.906905633425587,2.8504613134071586,0.007046313959105063,0.04323526336863922,0.031230730776983108,APP/AK2/NUDT5/GPI/HSPA1A/ATP5IF1/ENO1/NDUFB7/ENO2/GMPR2/NT5C/SRC/PFKFB2/TREM2/SULT1A1/PDE5A/ABHD14B/GIT1,18
5,GO:0045926,negative regulation of growth,13/487,232/18986,0.05603448275862069,2.1845394038093886,2.9453859030300054,0.007107191710367611,0.04354963061603817,0.031457812055172785,SERPINE2/DAB2/FXN/HSPA1A/STK11/ENO1/LGMN/BST2/PPP1R9B/CDKN2D/STK4/SPART/MAP2,13
5,GO:0009144,purine nucleoside triphosphate metabolic process,14/487,259/18986,0.05405405405405406,2.1073311504523007,2.9113133322466056,0.00724405396484402,0.044328113421728446,0.03202014439744918,APP/AK2/NUDT5/NUDT16/GPI/HSPA1A/ATP5IF1/ENO1/NDUFB7/ENO2/SRC/PFKFB2/TREM2/GIT1,14
5,GO:0061734,type 2 mitophagy,3/487,16/18986,0.1875,7.309804928131417,4.096735393749236,0.007323196475119758,0.044751766280975415,0.03232616747581529,ATP5IF1/CDC37/HTRA2,3
5,GO:0001763,morphogenesis of a branching structure,12/487,207/18986,0.057971014492753624,2.2600363062821773,2.9575197659691264,0.007347042184311001,0.04479778336099429,0.03235940763501032,EGF/PDGFA/SPINT2/PPP3R1/MDK/SRC/PKD2/STK4/SPRY2/FKBPL/CCL11/TNF,12
5,GO:0030888,regulation of B cell proliferation,6/487,67/18986,0.08955223880597014,3.4912501149284374,3.3143723684511768,0.007360141500204911,0.04479778336099429,0.03235940763501032,LYN/MIF/CASP3/IL7/VAV3/TNFSF13B,6
5,GO:0009132,nucleoside diphosphate metabolic process,9/487,133/18986,0.06766917293233082,2.638125086844421,3.075943140581853,0.007373502097281478,0.04479778336099429,0.03235940763501032,APP/AK2/NUDT5/GPI/ENO1/ENO2/SRC/PFKFB2/GIT1,9
5,GO:0070585,protein localization to mitochondrion,9/487,133/18986,0.06766917293233082,2.638125086844421,3.075943140581853,0.007373502097281478,0.04479778336099429,0.03235940763501032,BID/GZMB/AP3B1/ATP5IF1/HTRA2/TIMM10/BAX/TIMM8A/MAVS,9
5,GO:0098876,vesicle-mediated transport to the plasma membrane,10/487,157/18986,0.06369426751592357,2.483160909768634,3.027750777385903,0.007380325691005259,0.04479778336099429,0.03235940763501032,VTI1A/RAB10/VPS53/CNST/COMMD1/RAB11FIP3/GOPC/EHD3/HGS/RABEP1,10
5,GO:0002526,acute inflammatory response,8/487,110/18986,0.07272727272727272,2.835318275154004,3.1321921912415194,0.007413735255179762,0.044940172365626585,0.032462261470578714,IL1B/ITIH4/SERPINA3/LBP/PARK7/CD163/ADAM8/TNF,8
5,GO:0006911,"phagocytosis, engulfment",5/487,48/18986,0.10416666666666667,4.061002737850788,3.4451880787361473,0.007518088579252611,0.04538995725120961,0.03278716085998289,MSR1/MARCO/TREM2/BIN2/AIF1,5
5,GO:0031295,T cell costimulation,5/487,48/18986,0.10416666666666667,4.061002737850788,3.4451880787361473,0.007518088579252611,0.04538995725120961,0.03278716085998289,CD40LG/LYN/PTPN6/SRC/TNFSF13B,5
5,GO:1902108,regulation of mitochondrial membrane permeability involved in apoptotic process,5/487,48/18986,0.10416666666666667,4.061002737850788,3.4451880787361473,0.007518088579252611,0.04538995725120961,0.03278716085998289,BID/HSPA1A/ATP5IF1/BCL2L1/BAX,5
5,GO:0051091,positive regulation of DNA-binding transcription factor activity,12/487,208/18986,0.057692307692307696,2.249170747117359,2.9391683388749237,0.007621867918853914,0.04595508080312988,0.03319537443683265,CD40LG/IL1B/ANXA3/HSPA1A/RWDD1/EIF2AK2/PRDX3/RGCC/IRAK1/TRIM25/TNF/MAVS,12
5,GO:0002705,positive regulation of leukocyte mediated immunity,10/487,158/18986,0.06329113924050633,2.46744470147896,3.005272437378361,0.007704434396380861,0.046329195384894765,0.033465613840331185,IL1B/CD226/STX7/FADD/STAT5B/TREM2/B2M/TNFSF13/TNF/MAVS,10
5,GO:0048754,branching morphogenesis of an epithelial tube,10/487,158/18986,0.06329113924050633,2.46744470147896,3.005272437378361,0.007704434396380861,0.046329195384894765,0.033465613840331185,EGF/PPP3R1/MDK/SRC/PKD2/STK4/SPRY2/FKBPL/CCL11/TNF,10
5,GO:0046883,regulation of hormone secretion,14/487,261/18986,0.05363984674329502,2.09118301903121,2.8800670231809664,0.007727863238589406,0.046408285087060845,0.03352274380793473,FGA/IL1B/CCL5/DAB2/VAMP8/PRKAR1A/SYTL4/RAB11FIP3/PFKFB2/ITPR1/INHBB/FOXO1/FKBP1B/TNF,14
5,GO:0072331,signal transduction by p53 class mediator,11/487,183/18986,0.060109289617486336,2.3433983011860278,2.9628688070035305,0.007758740855958566,0.0464883332834516,0.03358056613803938,TRIAP1/MIF/CRADD/STK11/FHIT/MAP2K6/BAX/HEXIM1/CASP2/HNRNPK/TRIM24,11
5,GO:0002431,Fc receptor mediated stimulatory signaling pathway,4/487,31/18986,0.12903225806451613,5.030403391402265,3.643872087057211,0.00777207520571434,0.0464883332834516,0.03358056613803938,CD226/LYN/SRC/VAV3,4
5,GO:0034315,regulation of Arp2/3 complex-mediated actin nucleation,4/487,31/18986,0.12903225806451613,5.030403391402265,3.643872087057211,0.00777207520571434,0.0464883332834516,0.03358056613803938,GMFG/WASHC3/ARFIP1/WASF1,4
5,GO:0030203,glycosaminoglycan metabolic process,8/487,111/18986,0.07207207207207207,2.809774867269734,3.102688794163216,0.00781587838759098,0.046688501056032894,0.03372515611688171,IL1B/PDGFB/EGF/ANGPT1/ITIH4/HPSE/PGLYRP1/NFKB1,8
5,GO:0080164,regulation of nitric oxide metabolic process,6/487,68/18986,0.08823529411764706,3.439908201473608,3.2702879023005194,0.007902216501332845,0.04706991991618922,0.03400067172166109,IL1B/APP/TMEM106A/PKD2/ACP5/TNF,6
5,GO:0016064,immunoglobulin mediated immune response,12/487,209/18986,0.05741626794258373,2.2384091645952666,2.920921277354474,0.007904699206796586,0.04706991991618922,0.03400067172166109,CD40LG/SERPING1/C2/CD226/C4BPB/PTPN6/C5/C8B/TREM2/TNFSF13/C1R/TNF,12
5,GO:0018210,peptidyl-threonine modification,7/487,89/18986,0.07865168539325842,3.066285213298572,3.170184182563054,0.007910998497871484,0.04706991991618922,0.03400067172166109,EGF/APP/EIF4G1/STK11/SIRT2/AXIN1/SPRY2,7
5,GO:0018105,peptidyl-serine phosphorylation,10/487,159/18986,0.06289308176100629,2.4519261813438713,2.982965239688603,0.008039412994110819,0.047771038265005866,0.034507120316827455,APP/EIF4G1/PARK7/SRPK2/PPM1F/STK4/AXIN1/SPRY2/MAPKAPK2/TNF,10
5,GO:0009261,ribonucleotide catabolic process,9/487,135/18986,0.06666666666666667,2.5990417522245037,3.025207346269885,0.008101043950330412,0.048030545278454496,0.034694573637110274,APP/GPI/ENO1/ENO2/NT5C/SRC/PFKFB2/PDE5A/GIT1,9
5,GO:0002861,regulation of inflammatory response to antigenic stimulus,5/487,49/18986,0.10204081632653061,3.9781251309558736,3.3867336822603047,0.008200077592933662,0.048030545278454496,0.034694573637110274,LYN/PARK7/SRC/TREM2/TNF,5
5,GO:0006509,membrane protein ectodomain proteolysis,5/487,49/18986,0.10204081632653061,3.9781251309558736,3.3867336822603047,0.008200077592933662,0.048030545278454496,0.034694573637110274,IL1B/APP/MMP7/ADAM8/TNF,5
5,GO:0014037,Schwann cell differentiation,5/487,49/18986,0.10204081632653061,3.9781251309558736,3.3867336822603047,0.008200077592933662,0.048030545278454496,0.034694573637110274,MAP2K1/PPP3R1/AKT2/SIRT2/SOD1,5
5,GO:0031294,lymphocyte costimulation,5/487,49/18986,0.10204081632653061,3.9781251309558736,3.3867336822603047,0.008200077592933662,0.048030545278454496,0.034694573637110274,CD40LG/LYN/PTPN6/SRC/TNFSF13B,5
5,GO:0032506,cytokinetic process,5/487,49/18986,0.10204081632653061,3.9781251309558736,3.3867336822603047,0.008200077592933662,0.048030545278454496,0.034694573637110274,VPS4B/CHMP1A/MITD1/RAB11FIP3/ANXA11,5
5,GO:0033628,regulation of cell adhesion mediated by integrin,5/487,49/18986,0.10204081632653061,3.9781251309558736,3.3867336822603047,0.008200077592933662,0.048030545278454496,0.034694573637110274,CCL5/LYN/CRKL/PTPN6/JAM3,5
5,GO:0043029,T cell homeostasis,5/487,49/18986,0.10204081632653061,3.9781251309558736,3.3867336822603047,0.008200077592933662,0.048030545278454496,0.034694573637110274,FADD/CASP3/STAT5B/BAX/IL2RA,5
5,GO:0050856,regulation of T cell receptor signaling pathway,5/487,49/18986,0.10204081632653061,3.9781251309558736,3.3867336822603047,0.008200077592933662,0.048030545278454496,0.034694573637110274,CD226/LGALS3/PTPN6/SLA2/GBP1,5
5,GO:0098927,vesicle-mediated transport between endosomal compartments,5/487,49/18986,0.10204081632653061,3.9781251309558736,3.3867336822603047,0.008200077592933662,0.048030545278454496,0.034694573637110274,STX8/DAB2/MAP2K1/SRC/RAB11FIP3,5
5,GO:1902041,regulation of extrinsic apoptotic signaling pathway via death domain receptors,5/487,49/18986,0.10204081632653061,3.9781251309558736,3.3867336822603047,0.008200077592933662,0.048030545278454496,0.034694573637110274,FGA/LGALS3/PARK7/BCL2L1/STK4,5
5,GO:0014013,regulation of gliogenesis,8/487,112/18986,0.07142857142857142,2.784687591669111,3.0735118739732643,0.008234196564914375,0.048167916693203784,0.03479380304699979,IL1B/SERPINE2/LYN/MDK/SIRT2/PPP1CC/TREM2/TNF,8
5,GO:0048708,astrocyte differentiation,7/487,90/18986,0.07777777777777778,3.0322153775952545,3.1354631645335944,0.008394264429495233,0.049040747947736704,0.03542428742017529,IL1B/APP/SERPINE2/MAP2K1/GRN/TREM2/TNF,7
5,GO:0034605,cellular response to heat,6/487,69/18986,0.08695652173913043,3.3900544594232658,3.2270215485190383,0.008472436936489136,0.049250428859894974,0.03557574915780488,LYN/HSPA1A/HTRA2/DNAJB6/MAPKAPK2/IRAK1,6
5,GO:0046888,negative regulation of hormone secretion,6/487,69/18986,0.08695652173913043,3.3900544594232658,3.2270215485190383,0.008472436936489136,0.049250428859894974,0.03557574915780488,IL1B/SYTL4/RAB11FIP3/INHBB/FOXO1/FKBP1B,6
5,GO:0098930,axonal transport,6/487,69/18986,0.08695652173913043,3.3900544594232658,3.2270215485190383,0.008472436936489136,0.049250428859894974,0.03557574915780488,AP3B1/ATG16L1/RAB27B/AP3S2/MAP2/SOD1,6
5,GO:0002708,positive regulation of lymphocyte mediated immunity,9/487,136/18986,0.0661764705882353,2.579931151105206,3.000181951617409,0.008484684156996963,0.049250428859894974,0.03557574915780488,IL1B/CD226/STX7/FADD/STAT5B/TREM2/B2M/TNFSF13/TNF,9
5,GO:0045931,positive regulation of mitotic cell cycle,9/487,136/18986,0.0661764705882353,2.579931151105206,3.000181951617409,0.008484684156996963,0.049250428859894974,0.03557574915780488,APP/EIF4G1/VPS4B/EIF4E/STAT5B/LGMN/RGCC/EIF4EBP1/AIF1,9
5,GO:0005976,polysaccharide metabolic process,8/487,113/18986,0.07079646017699115,2.760044338645491,3.0446544891992966,0.008669078433975267,0.04968890505664859,0.03589247978428837,PDGFB/EGF/GYS1/PPP1R2/AKT2/COMT/PPP1CC/NFKB1,8
5,GO:0019693,ribose phosphate metabolic process,18/487,376/18986,0.047872340425531915,1.8663331731399362,2.7529690919574383,0.008698233517301786,0.04968890505664859,0.03589247978428837,APP/AK2/NUDT5/GPI/HSPA1A/ATP5IF1/ENO1/NDUFB7/ENO2/GMPR2/NT5C/SRC/PFKFB2/TREM2/SULT1A1/PDE5A/ABHD14B/GIT1,18
5,GO:0010575,positive regulation of vascular endothelial growth factor production,4/487,32/18986,0.125,4.873203285420945,3.55787345927324,0.008705835242910421,0.04968890505664859,0.03589247978428837,IL1B/HPSE/FLT4/C5,4
5,GO:0097205,renal filtration,4/487,32/18986,0.125,4.873203285420945,3.55787345927324,0.008705835242910421,0.04968890505664859,0.03589247978428837,PDGFB/F2R/ADGRF5/COMT,4
5,GO:1904376,negative regulation of protein localization to cell periphery,4/487,32/18986,0.125,4.873203285420945,3.55787345927324,0.008705835242910421,0.04968890505664859,0.03589247978428837,DAB2/LZTFL1/BCL2L1/GBP1,4
5,GO:0019318,hexose metabolic process,13/487,238/18986,0.0546218487394958,2.1294669818646144,2.8449864402210734,0.008714422438174598,0.04968890505664859,0.03589247978428837,MPI/GPI/STK11/ENO1/AKT2/PMM2/FUT8/ENO2/SRC/PFKFB2/INPPL1/FOXO1/TNF,13
5,GO:1903050,regulation of proteolysis involved in protein catabolic process,13/487,238/18986,0.0546218487394958,2.1294669818646144,2.8449864402210734,0.008714422438174598,0.04968890505664859,0.03589247978428837,EGF/DAB2/PARK7/HSPA1A/ATP5IF1/FHIT/SIRT2/NUB1/UBXN1/AXIN1/COMMD1/TREM2/USP25,13
5,GO:0002679,respiratory burst involved in defense response,3/487,17/18986,0.17647058823529413,6.879816402947216,3.935153366970999,0.008725266100514245,0.04968890505664859,0.03589247978428837,LBP/GRN/TREM2,3
5,GO:0010801,negative regulation of peptidyl-threonine phosphorylation,3/487,17/18986,0.17647058823529413,6.879816402947216,3.935153366970999,0.008725266100514245,0.04968890505664859,0.03589247978428837,EIF4G1/SIRT2/SPRY2,3
5,GO:0034134,toll-like receptor 2 signaling pathway,3/487,17/18986,0.17647058823529413,6.879816402947216,3.935153366970999,0.008725266100514245,0.04968890505664859,0.03589247978428837,LYN/TREM2/IRAK1,3
5,GO:0036005,response to macrophage colony-stimulating factor,3/487,17/18986,0.17647058823529413,6.879816402947216,3.935153366970999,0.008725266100514245,0.04968890505664859,0.03589247978428837,DOK1/TREM2/TNF,3
5,GO:0141161,regulation of cAMP/PKA signal transduction,3/487,17/18986,0.17647058823529413,6.879816402947216,3.935153366970999,0.008725266100514245,0.04968890505664859,0.03589247978428837,APP/MIF/PRKAR1A,3
5,GO:1902165,regulation of intrinsic apoptotic signaling pathway in response to DNA damage by p53 class mediator,3/487,17/18986,0.17647058823529413,6.879816402947216,3.935153366970999,0.008725266100514245,0.04968890505664859,0.03589247978428837,TRIAP1/MIF/HNRNPK,3
5,GO:1903541,regulation of exosomal secretion,3/487,17/18986,0.17647058823529413,6.879816402947216,3.935153366970999,0.008725266100514245,0.04968890505664859,0.03589247978428837,SDC4/VPS4B/HGS,3
5,GO:2001169,regulation of ATP biosynthetic process,3/487,17/18986,0.17647058823529413,6.879816402947216,3.935153366970999,0.008725266100514245,0.04968890505664859,0.03589247978428837,ATP5IF1/ENO1/TREM2,3
5,GO:0062012,regulation of small molecule metabolic process,17/487,348/18986,0.04885057471264368,1.904470249474852,2.7629937956996624,0.008783784640747194,0.049959157981882024,0.03608769534890038,IL1B/APP/DAB2/PARK7/STK11/ATP5IF1/ENO1/AKT2/PIBF1/SIRT2/SRC/PRKG1/TREM2/NFKB1/FOXO1/GIT1/TNF,17
6,GO:0097529,myeloid leukocyte migration,20/246,243/18986,0.0823045267489712,6.352169694536451,9.62058585940128,6.006113714962789e-11,1.8796887170196896e-7,1.50627017111448e-7,NBL1/XG/IL6/CCL16/CCL7/BSG/VEGFA/PGF/CD74/CD99/CXCL13/B4GALT1/CCN3/CCL15/MSTN/UMOD/CXCL17/CCL14/CD300A/CALCA,20
6,GO:0050900,leukocyte migration,25/246,404/18986,0.06188118811881188,4.775919665137245,8.789319698084638,1.1079803813850219e-10,1.8796887170196896e-7,1.50627017111448e-7,TNFSF14/NBL1/JAM2/XG/IL6/CCL16/TNFRSF14/SELE/CCL7/BSG/VEGFA/PGF/ICAM1/CD74/CD99/CXCL13/B4GALT1/CCN3/CCL15/MSTN/UMOD/CXCL17/CCL14/CD300A/CALCA,25
6,GO:0002687,positive regulation of leukocyte migration,15/246,152/18986,0.09868421052631579,7.616335044929397,9.383309930656456,1.314504683479538e-9,1.4867047970153576e-6,1.191356349974613e-6,TNFSF14/JAM2/XG/IL6/TNFRSF14/SELE/CCL7/VEGFA/PGF/ICAM1/CD74/CD99/CXCL13/MSTN/CXCL17,15
6,GO:0002685,regulation of leukocyte migration,18/246,236/18986,0.07627118644067797,5.886523356758992,8.65452836060031,1.9184988788749015e-9,1.6273666740056352e-6,1.3040743695089133e-6,TNFSF14/NBL1/JAM2/XG/IL6/TNFRSF14/SELE/CCL7/VEGFA/PGF/ICAM1/CD74/CD99/CXCL13/CCN3/MSTN/CXCL17/CD300A,18
6,GO:0097530,granulocyte migration,14/246,156/18986,0.08974358974358974,6.926308109234939,8.515485757741285,1.6150168772471293e-8,1.095950452899902e-5,8.782291776693337e-6,XG/CCL16/CCL7/BSG/VEGFA/CD74/CD99/CXCL13/CCL15/MSTN/UMOD/CXCL17/CCL14/CD300A,14
6,GO:0051346,negative regulation of hydrolase activity,17/246,252/18986,0.06746031746031746,5.206510517486127,7.7018499370868065,3.398573812218581e-8,1.4956854627295978e-5,1.1985529186189995e-5,CST3/COL6A3/AMBP/TIMP3/FETUB/EGLN1/SPINK1/VEGFA/TIMP1/PLAUR/BAG4/GZMA/LAMP3/SERPINB8/CST6/SPINK4/WFDC2,17
6,GO:0045785,positive regulation of cell adhesion,24/246,499/18986,0.04809619238476954,3.7120093846229043,7.033901806252963,3.735215475270101e-8,1.4956854627295978e-5,1.1985529186189995e-5,TNFSF14/TGFBR2/IL6/FSTL3/VWC2/TNFRSF14/LILRB4/SELE/VEGFA/PLAUR/CD74/CXCL13/APBB1IP/CD274/CD83/IL18/BAG4/CD160/CD46/CCDC80/PRSS2/IL12B/CD80/SIRPB1,24
6,GO:0043542,endothelial cell migration,18/246,287/18986,0.0627177700348432,4.840486105209484,7.511142765386097,4.077201747131881e-8,1.4956854627295978e-5,1.1985529186189995e-5,EFNA1/ACVRL1/SMOC2/PRCP/NOS3/EPHB4/CLEC14A/BSG/VEGFA/STC1/CD40/CXCL13/CCN3/PXN/FSTL1/BMPER/CALCA/TGFBR3,18
6,GO:0002703,regulation of leukocyte mediated immunity,17/246,258/18986,0.06589147286821706,5.08542887754459,7.569895216884252,4.794919725201956e-8,1.4956854627295978e-5,1.1985529186189995e-5,IL18R1/IL6/LILRB4/CD40/ICAM1/NECTIN2/ULBP2/CD274/IL18/CD160/CD46/SH2D1A/NCR1/KLRB1/IL12B/CD300A/CD80,17
6,GO:0007159,leukocyte cell-cell adhesion,22/246,430/18986,0.05116279069767442,3.948685951975799,7.086122039496615,4.835136165533289e-8,1.4956854627295978e-5,1.1985529186189995e-5,TNFSF14/TGFBR2/JAM2/MAD1L1/IL6/TNFRSF14/LILRB4/SELE/ICAM1/CD74/TNFRSF21/CD274/CD83/UMOD/IL18/CD160/CD46/IL12B/CD300A/CD80/CALCA/SIRPB1,22
6,GO:0002706,regulation of lymphocyte mediated immunity,15/246,198/18986,0.07575757575757576,5.846883468834689,7.85494156787551,4.8489655437741166e-8,1.4956854627295978e-5,1.1985529186189995e-5,IL18R1/IL6/LILRB4/CD40/NECTIN2/ULBP2/CD274/IL18/CD160/CD46/SH2D1A/NCR1/KLRB1/IL12B/CD80,15
6,GO:0030595,leukocyte chemotaxis,16/246,240/18986,0.06666666666666667,5.145257452574525,7.404417256521664,1.0231635456829311e-7,2.8929949254184877e-5,2.3182731916657994e-5,TNFSF14/NBL1/IL6/CCL16/CCL7/BSG/VEGFA/PGF/CD74/CXCL13/CCN3/CCL15/MSTN/CXCL17/CCL14/CALCA,16
6,GO:0090287,regulation of cellular response to growth factor stimulus,20/246,381/18986,0.05249343832020997,4.051383820924824,6.89338525484403,1.335692280372426e-7,3.4861568517720325e-5,2.7935977005684027e-5,NBL1/FSTL3/ACVRL1/SMOC2/VWC2/DLL1/VEGFA/CHRDL1/CDH3/CXCL13/GPC1/BAMBI/FSTL1/BMPER/RGMA/SFRP4/IL12B/FOLR1/TGFBR3/VASN,20
6,GO:0032613,interleukin-10 production,9/246,66/18986,0.13636363636363635,10.524390243902438,8.880484165757526,1.7304083915360722e-7,3.9141837816545954e-5,3.136592894973807e-5,HGF/IL6/LILRB4/DLL1/TNFRSF21/CD274/CD83/CD46/IL12B,9
6,GO:0032653,regulation of interleukin-10 production,9/246,66/18986,0.13636363636363635,10.524390243902438,8.880484165757526,1.7304083915360722e-7,3.9141837816545954e-5,3.136592894973807e-5,HGF/IL6/LILRB4/DLL1/TNFRSF21/CD274/CD83/CD46/IL12B,9
6,GO:0002456,T cell mediated immunity,12/246,138/18986,0.08695652173913043,6.7112053729232946,7.714765775507582,2.4665137473750133e-07,5.230550715527137e-5,4.191450664124776e-5,IL18R1/IL6/LILRB4/ICAM1/NECTIN2/ULBP2/BTN3A2/CD274/IL18/CD46/IL12B/CD80,12
6,GO:0060326,cell chemotaxis,18/246,328/18986,0.054878048780487805,4.235425342058299,6.772107155489976,3.017792120654626e-7,6.0231580384594984e-5,4.8265987911151084e-5,TNFSF14/HGF/NBL1/IL6/SMOC2/CCL16/CCL7/BSG/VEGFA/PGF/CD74/CXCL13/CCN3/CCL15/MSTN/CXCL17/CCL14/CALCA,18
6,GO:0010466,negative regulation of peptidase activity,14/246,198/18986,0.0707070707070707,5.457091237579042,7.223237665808921,3.2014877871177214e-7,6.034804478716905e-5,4.835931552119927e-5,CST3/COL6A3/AMBP/TIMP3/FETUB/SPINK1/VEGFA/TIMP1/PLAUR/LAMP3/SERPINB8/CST6/SPINK4/WFDC2,14
6,GO:0071674,mononuclear cell migration,15/246,231/18986,0.06493506493506493,5.011614401858304,7.0283713296905725,3.629688941846487e-7,6.481860305097437e-5,5.19417536664237e-5,TNFSF14/NBL1/JAM2/XG/IL6/TNFRSF14/CCL7/ICAM1/CD99/CXCL13/B4GALT1/CCN3/MSTN/CXCL17/CALCA,15
6,GO:0022409,positive regulation of cell-cell adhesion,18/246,336/18986,0.05357142857142857,4.134581881533101,6.641985154896452,4.296726458023667e-7,6.956283169552778e-5,5.574349489492243e-5,TNFSF14/TGFBR2/IL6/FSTL3/TNFRSF14/LILRB4/SELE/PLAUR/CD74/CXCL13/CD274/CD83/IL18/CD160/CD46/IL12B/CD80/SIRPB1,18
6,GO:0002697,regulation of immune effector process,20/246,410/18986,0.04878048780487805,3.764822526274043,6.484420160784955,4.3053918821281555e-7,6.956283169552778e-5,5.574349489492243e-5,IL18R1/IL6/TNFRSF14/LILRB4/CD40/ICAM1/NECTIN2/CD74/ULBP2/FCN1/CD274/IL18/CD160/CD46/SH2D1A/NCR1/KLRB1/IL12B/CD300A/CD80,20
6,GO:0050670,regulation of lymphocyte proliferation,15/246,240/18986,0.0625,4.8236788617886175,6.830001289797028,5.912067066134544e-7,9.118019797906594e-5,7.30663599608877e-5,CD38/TGFBR2/MAD1L1/IL6/TNFRSF14/LILRB4/CD40/CD74/TNFRSF21/CD274/IL18/CD46/IL12B/CD300A/CD80,15
6,GO:0006959,humoral immune response,17/246,310/18986,0.054838709677419356,4.232389194859691,6.574316706566407,6.559852192396049e-7,9.677208038608605e-5,7.754736024237527e-5,ADM/IL6/CCL16/CCL7/ANG/CXCL13/FCN1/CCL15/TNFRSF21/CD83/CD46/CCL14/SH2D1A/PRSS2/REG1A/CALCA/WFDC2,17
6,GO:0007178,cell surface receptor protein serine/threonine kinase signaling pathway,20/246,425/18986,0.047058823529411764,3.6319464371114303,6.287223330649158,7.561001534996439e-7,1.0018504276872707e-4,8.028230427090513e-5,TGFBR2/NBL1/RGMB/FSTL3/ACVRL1/VWC2/CHRDL1/CDH3/PARP1/CCN3/PXN/MSTN/BAMBI/FSTL1/BMPER/RGMA/SFRP4/FOLR1/TGFBR3/VASN,20
6,GO:0002688,regulation of leukocyte chemotaxis,11/246,126/18986,0.0873015873015873,6.737837140276164,7.4037322877980545,7.569959981960114e-7,1.0018504276872707e-4,8.028230427090513e-5,TNFSF14/NBL1/IL6/CCL7/VEGFA/PGF/CD74/CXCL13/CCN3/MSTN/CXCL17,11
6,GO:0032944,regulation of mononuclear cell proliferation,15/246,245/18986,0.061224489795918366,4.72523643603783,6.7240133177499875,7.677014771549967e-7,1.0018504276872707e-4,8.028230427090513e-5,CD38/TGFBR2/MAD1L1/IL6/TNFRSF14/LILRB4/CD40/CD74/TNFRSF21/CD274/IL18/CD46/IL12B/CD300A/CD80,15
6,GO:0006935,chemotaxis,21/246,472/18986,0.04449152542372881,3.4338052914427446,6.1347202275939985,9.81990647538566e-7,1.2340349137401313e-4,9.88881809977433e-5,TNFSF14/HGF/NBL1/IL6/SEMA3F/SMOC2/CCL16/CCL7/BSG/VEGFA/PGF/LSP1/PLAUR/CD74/CXCL13/CCN3/CCL15/MSTN/CXCL17/CCL14/CALCA,21
6,GO:0042330,taxis,21/246,474/18986,0.04430379746835443,3.4193166615210453,6.111436131006467,1.0508210724189433e-6,1.2733699638276696e-4,1.0204025676910266e-4,TNFSF14/HGF/NBL1/IL6/SEMA3F/SMOC2/CCL16/CCL7/BSG/VEGFA/PGF/LSP1/PLAUR/CD74/CXCL13/CCN3/CCL15/MSTN/CXCL17/CCL14/CALCA,21
6,GO:0141091,transforming growth factor beta receptor superfamily signaling pathway,19/246,397/18986,0.047858942065491183,3.6936986750220147,6.2144731125381085,1.1232446925284304e-6,1.3141962902582635e-4,1.053118345118307e-4,TGFBR2/NBL1/RGMB/FSTL3/ACVRL1/VWC2/CHRDL1/CDH3/PARP1/PXN/MSTN/BAMBI/FSTL1/BMPER/RGMA/SFRP4/FOLR1/TGFBR3/VASN,19
6,GO:0045765,regulation of angiogenesis,18/246,360/18986,0.05,3.8589430894308947,6.274585223351248,1.165005921776834e-6,1.3176216975295993e-4,1.0558632617366887e-4,HSPG2/TAFA5/TGFBR2/ADM/IL6/EFNA1/ACVRL1/SMOC2/HSPB6/NOS3/DLL1/EGLN1/VEGFA/CD40/MTDH/CXCL13/CD160/BMPER,18
6,GO:0090092,regulation of transmembrane receptor protein serine/threonine kinase signaling pathway,17/246,326/18986,0.05214723926380368,4.024664571799092,6.3112918101092514,1.313106653125769e-6,1.4372164109857207e-4,1.1516993157975761e-4,TGFBR2/NBL1/FSTL3/ACVRL1/VWC2/CHRDL1/CDH3/PARP1/CCN3/BAMBI/FSTL1/BMPER/RGMA/SFRP4/FOLR1/TGFBR3/VASN,17
6,GO:1901342,regulation of vasculature development,18/246,369/18986,0.04878048780487805,3.764822526274043,6.144883505039427,1.6561001403958517e-6,1.7559836801134764e-4,1.407140349553449e-4,HSPG2/TAFA5/TGFBR2/ADM/IL6/EFNA1/ACVRL1/SMOC2/HSPB6/NOS3/DLL1/EGLN1/VEGFA/CD40/MTDH/CXCL13/CD160/BMPER,18
6,GO:0046651,lymphocyte proliferation,16/246,297/18986,0.05387205387205387,4.157783800060223,6.28428172201518,1.7774313290307148e-6,1.7842965202648808e-4,1.4298285671255639e-4,TNFSF14/CD38/TGFBR2/MAD1L1/IL6/TNFRSF14/LILRB4/CD40/CD74/TNFRSF21/CD274/IL18/CD46/IL12B/CD300A/CD80,16
6,GO:0002696,positive regulation of leukocyte activation,18/246,371/18986,0.04851752021563342,3.7445269870488462,6.116612967577453,1.78797765072225e-6,1.7842965202648808e-4,1.4298285671255639e-4,TNFSF14/CD38/TGFBR2/IL6/TNFRSF14/LILRB4/CLEC4D/CD40/NECTIN2/CD74/CD274/CD83/IL18/CD160/CD46/IL12B/CD80/SIRPB1,18
6,GO:0045861,negative regulation of proteolysis,16/246,303/18986,0.052805280528052806,4.075451447583783,6.182938739487279,2.30386870947617e-6,2.23343615178647e-4,1.7897422185193828e-4,CST3/COL6A3/AMBP/EFNA1/TIMP3/FETUB/SPINK1/VEGFA/TIMP1/PLAUR/CTSZ/LAMP3/SERPINB8/CST6/SPINK4/WFDC2,16
6,GO:0060485,mesenchyme development,17/246,341/18986,0.04985337243401759,3.847626540781537,6.079489163858525,2.4200803580480365e-6,2.2607781453498683e-4,1.8116524576725177e-4,HGF/TGFBR2/IL6/SEMA3F/EFNA1/ACVRL1/CRELD1/NOS3/CDH2/VEGFA/YAP1/PHLDB1/BAMBI/TCOF1/FOLR1/TGFBR3/VASN,17
6,GO:0032943,mononuclear cell proliferation,16/246,305/18986,0.05245901639344262,4.048727175796348,6.149736141289469,2.508246093731634e-6,2.2607781453498683e-4,1.8116524576725177e-4,TNFSF14/CD38/TGFBR2/MAD1L1/IL6/TNFRSF14/LILRB4/CD40/CD74/TNFRSF21/CD274/IL18/CD46/IL12B/CD300A/CD80,16
6,GO:0070663,regulation of leukocyte proliferation,15/246,270/18986,0.05555555555555555,4.287714543812105,6.233866933034523,2.5795844007318593e-6,2.2607781453498683e-4,1.8116524576725177e-4,CD38/TGFBR2/MAD1L1/IL6/TNFRSF14/LILRB4/CD40/CD74/TNFRSF21/CD274/IL18/CD46/IL12B/CD300A/CD80,15
6,GO:0030509,BMP signaling pathway,12/246,172/18986,0.06976744186046512,5.384571752694272,6.618184897774964,2.5985955693676647e-6,2.2607781453498683e-4,1.8116524576725177e-4,NBL1/RGMB/FSTL3/ACVRL1/VWC2/CHRDL1/BAMBI/FSTL1/BMPER/RGMA/SFRP4/TGFBR3,12
6,GO:0002699,positive regulation of immune effector process,15/246,272/18986,0.05514705882352941,4.256187230989957,6.197243624446382,2.824589780319589e-6,2.3959582811560915e-4,1.9199777375172367e-4,IL18R1/IL6/TNFRSF14/CD40/NECTIN2/CD74/ULBP2/FCN1/IL18/CD160/CD46/SH2D1A/IL12B/CD300A/CD80,15
6,GO:0052547,regulation of peptidase activity,17/246,346/18986,0.049132947976878616,3.7920250011748675,6.005130632483103,2.944016878529415e-6,2.4363534802073915e-4,1.9523480352352966e-4,CST3/COL6A3/AMBP/EFNA1/AIFM1/TIMP3/FETUB/SPINK1/VEGFA/TIMP1/PLAUR/LAMP3/SERPINB8/CST6/SPINK4/HIP1R/WFDC2,17
6,GO:0002449,lymphocyte mediated immunity,18/246,386/18986,0.046632124352331605,3.599014280298243,5.91063181304541,3.1225903681036546e-6,2.522606933089453e-4,2.0214663961934184e-4,IL18R1/IL6/LILRB4/CD40/ICAM1/NECTIN2/CD74/ULBP2/BTN3A2/CD274/IL18/CD160/CD46/SH2D1A/NCR1/KLRB1/IL12B/CD80,18
6,GO:0050867,positive regulation of cell activation,18/246,391/18986,0.04603580562659847,3.5529910797829207,5.844234662157206,3.7362707433775137e-6,2.9244415059751823e-4,2.3434726014655237e-4,TNFSF14/CD38/TGFBR2/IL6/TNFRSF14/LILRB4/CLEC4D/CD40/NECTIN2/CD74/CD274/CD83/IL18/CD160/CD46/IL12B/CD80/SIRPB1,18
6,GO:1903037,regulation of leukocyte cell-cell adhesion,18/246,392/18986,0.04591836734693878,3.5439273270283724,5.8310851285590495,3.8713417835004645e-6,2.9244415059751823e-4,2.3434726014655237e-4,TNFSF14/TGFBR2/MAD1L1/IL6/TNFRSF14/LILRB4/SELE/CD74/TNFRSF21/CD274/CD83/IL18/CD160/CD46/IL12B/CD300A/CD80/SIRPB1,18
6,GO:0050852,T cell receptor signaling pathway,11/246,149/18986,0.0738255033557047,5.697768319965079,6.59579153802364,3.957926775620592e-6,2.9244415059751823e-4,2.3434726014655237e-4,BTN2A1/LILRB4/ERMAP/NECTIN2/BTN3A2/TNFRSF21/CD160/SH2D1A/MOG/CD2AP/CD300A,11
6,GO:0002690,positive regulation of leukocyte chemotaxis,9/246,95/18986,0.09473684210526316,7.3116816431322205,7.065899806196144,3.964760072940123e-6,2.9244415059751823e-4,2.3434726014655237e-4,TNFSF14/IL6/CCL7/VEGFA/PGF/CD74/CXCL13/MSTN/CXCL17,9
6,GO:0001666,response to hypoxia,16/246,317/18986,0.050473186119873815,3.895463055576928,5.956281190876796,4.115218295580478e-6,2.9708373780648e-4,2.3806514798397257e-4,HSPG2/CD38/ADM/ACVRL1/AIFM1/MB/EGLN1/VEGFA/STC1/PGF/ANG/HYOU1/NOS1/MSTN/TGFBR3/VASN,16
6,GO:0046634,regulation of alpha-beta T cell activation,10/246,122/18986,0.08196721311475409,6.326136212181793,6.761816043033616,4.299916426446588e-6,3.039503423944432e-4,2.4356763441911266e-4,TGFBR2/TNFRSF14/LILRB4/CD274/CD83/IL18/CD160/IL12B/CD300A/CD80,10
6,GO:1903039,positive regulation of leukocyte cell-cell adhesion,15/246,284/18986,0.0528169014084507,4.076348333905874,5.984649407173541,4.783958255784019e-6,3.312647012627587e-4,2.654557287795945e-4,TNFSF14/TGFBR2/IL6/TNFRSF14/LILRB4/SELE/CD74/CD274/CD83/IL18/CD160/CD46/IL12B/CD80/SIRPB1,15
6,GO:0030510,regulation of BMP signaling pathway,10/246,124/18986,0.08064516129032258,6.224101757146603,6.686774244980746,4.977271546516108e-6,3.3458621898210247e-4,2.68117394521467e-4,NBL1/FSTL3/ACVRL1/VWC2/CHRDL1/BAMBI/FSTL1/BMPER/RGMA/SFRP4,10
6,GO:0050920,regulation of chemotaxis,13/246,216/18986,0.06018518518518518,4.64502408912978,6.172814172635419,5.110653960492093e-6,3.3458621898210247e-4,2.68117394521467e-4,TNFSF14/NBL1/IL6/SEMA3F/SMOC2/CCL7/VEGFA/PGF/CD74/CXCL13/CCN3/MSTN/CXCL17,13
6,GO:0071772,response to BMP,12/246,184/18986,0.06521739130434782,5.033404029692471,6.298928464567249,5.226368878883415e-6,3.3458621898210247e-4,2.68117394521467e-4,NBL1/RGMB/FSTL3/ACVRL1/VWC2/CHRDL1/BAMBI/FSTL1/BMPER/RGMA/SFRP4/TGFBR3,12
6,GO:0071773,cellular response to BMP stimulus,12/246,184/18986,0.06521739130434782,5.033404029692471,6.298928464567249,5.226368878883415e-6,3.3458621898210247e-4,2.68117394521467e-4,NBL1/RGMB/FSTL3/ACVRL1/VWC2/CHRDL1/BAMBI/FSTL1/BMPER/RGMA/SFRP4/TGFBR3,12
6,GO:0044706,multi-multicellular organism process,13/246,218/18986,0.05963302752293578,4.602409189229507,6.1291514415692285,5.650523142157163e-6,3.550412040988751e-4,2.8450879680686067e-4,HSPG2/CD38/AMBP/ADM/CRHBP/BSG/VEGFA/TIMP1/STC1/THBD/PARP1/B4GALT1/CALCA,13
6,GO:0043086,negative regulation of catalytic activity,20/246,486/18986,0.0411522633744856,3.1760848472682257,5.567960636228432,5.808595340731708e-6,3.583375271109579e-4,2.8715027301645933e-4,CST3/COL6A3/AMBP/LILRB4/TIMP3/FETUB/EGLN1/SPINK1/VEGFA/TIMP1/PLAUR/MSTN/BAG4/GZMA/LAMP3/SERPINB8/CD300A/CST6/SPINK4/WFDC2,20
6,GO:0002819,regulation of adaptive immune response,13/246,221/18986,0.058823529411764705,4.5399330463892875,6.064639097742894,6.5549295751815445e-6,3.971585008676961e-4,3.1825908068973554e-4,IL18R1/IL6/TNFRSF14/LILRB4/CD40/NECTIN2/ULBP2/CD274/IL18/CD160/CD46/IL12B/CD80,13
6,GO:0007565,female pregnancy,12/246,189/18986,0.06349206349206349,4.90024519292812,6.1739996800967765,6.878554587616678e-6,4.090993591597611e-4,3.278277707073892e-4,HSPG2/CD38/AMBP/ADM/CRHBP/BSG/VEGFA/TIMP1/STC1/THBD/PARP1/CALCA,12
6,GO:0071621,granulocyte chemotaxis,10/246,129/18986,0.07751937984496124,5.982857502993634,6.506165153195798,7.088921918773171e-6,4.090993591597611e-4,3.278277707073892e-4,CCL16/CCL7/BSG/VEGFA/CD74/CXCL13/CCL15/MSTN/CXCL17/CCL14,10
6,GO:0036293,response to decreased oxygen levels,16/246,331/18986,0.04833836858006042,3.730700267727753,5.742201973776202,7.11372301515647e-6,4.090993591597611e-4,3.278277707073892e-4,HSPG2/CD38/ADM/ACVRL1/AIFM1/MB/EGLN1/VEGFA/STC1/PGF/ANG/HYOU1/NOS1/MSTN/TGFBR3/VASN,16
6,GO:0046718,symbiont entry into host cell,11/246,159/18986,0.06918238993710692,5.339418111162243,6.295461308261422,7.39721913396913e-6,4.183127420259543e-4,3.3521082496565374e-4,SCARB2/NECTIN4/TNFRSF14/BSG/ICAM1/NECTIN2/CD74/FCN1/CD46/MOG/CD80,11
6,GO:0050870,positive regulation of T cell activation,14/246,260/18986,0.05384615384615385,4.155784865540963,5.8702907845160075,7.997151840163191e-6,4.4482518350284767e-4,3.56456310666808e-4,TNFSF14/TGFBR2/IL6/TNFRSF14/LILRB4/CD74/CD274/CD83/IL18/CD160/CD46/IL12B/CD80/SIRPB1,14
6,GO:0042267,natural killer cell mediated cytotoxicity,8/246,79/18986,0.10126582278481013,7.815580940619533,6.9549365829117376,8.37002397341531e-6,4.580563119644863e-4,3.670589460667529e-4,NECTIN2/ULBP2/IL18/CD160/SH2D1A/NCR1/KLRB1/IL12B,8
6,GO:0051251,positive regulation of lymphocyte activation,16/246,336/18986,0.047619047619047616,3.6751838946960897,5.668549231356828,8.585733690897121e-6,4.6240308592403065e-4,3.7054219087029685e-4,TNFSF14/CD38/TGFBR2/IL6/TNFRSF14/LILRB4/CD40/CD74/CD274/CD83/IL18/CD160/CD46/IL12B/CD80/SIRPB1,16
6,GO:0002285,lymphocyte activation involved in immune response,13/246,227/18986,0.05726872246696035,4.419934816088249,5.939008904122258,8.755084184488336e-6,4.6415625996826444e-4,3.719470797456147e-4,IL18R1/IL6/CLEC4D/DLL1/CD40/ICAM1/CD74/APBB1IP/IL18/CD160/CD46/IL12B/CD80,13
6,GO:0044409,symbiont entry into host,11/246,164/18986,0.06707317073170732,5.17663097362681,6.154647798529906,9.93434545412137e-6,5.117977967200565e-4,4.101241593149693e-4,SCARB2/NECTIN4/TNFRSF14/BSG/ICAM1/NECTIN2/CD74/FCN1/CD46/MOG/CD80,11
6,GO:0046631,alpha-beta T cell activation,12/246,196/18986,0.061224489795918366,4.72523643603783,6.006293477341021,9.955394807994027e-6,5.117977967200565e-4,4.101241593149693e-4,TGFBR2/IL18R1/IL6/TNFRSF14/LILRB4/CD274/CD83/IL18/CD160/IL12B/CD300A/CD80,12
6,GO:0070661,leukocyte proliferation,16/246,341/18986,0.0469208211143695,3.621295567794388,5.5962879160771735,1.0324013299778233e-5,5.228265242708589e-4,4.1896192228322345e-4,TNFSF14/CD38/TGFBR2/MAD1L1/IL6/TNFRSF14/LILRB4/CD40/CD74/TNFRSF21/CD274/IL18/CD46/IL12B/CD300A/CD80,16
6,GO:0002286,T cell activation involved in immune response,10/246,136/18986,0.07352941176470588,5.674916307986609,6.2686739019129725,1.1322556834717199e-5,5.60904422172565e-4,4.494752733869222e-4,IL18R1/IL6/CLEC4D/ICAM1/CD74/APBB1IP/IL18/CD46/IL12B/CD80,10
6,GO:0002709,regulation of T cell mediated immunity,9/246,108/18986,0.08333333333333333,6.431571815718157,6.485559888074433,1.1406544394313878e-5,5.60904422172565e-4,4.494752733869222e-4,IL18R1/IL6/LILRB4/NECTIN2/ULBP2/CD274/IL18/IL12B/CD80,9
6,GO:0001894,tissue homeostasis,14/246,270/18986,0.05185185185185185,4.0018669075579645,5.69186850105855,1.2261470057506728e-5,5.85960111339723e-4,4.6955340487086556e-4,CD38/JAM2/IL6/NOS3/BSG/VEGFA/CDH3/ESAM/YAP1/ALDH1A1/TFF3/TFF1/CD2AP/CALCA,14
6,GO:0060249,anatomical structure homeostasis,14/246,270/18986,0.05185185185185185,4.0018669075579645,5.69186850105855,1.2261470057506728e-5,5.85960111339723e-4,4.6955340487086556e-4,CD38/JAM2/IL6/NOS3/BSG/VEGFA/CDH3/ESAM/YAP1/ALDH1A1/TFF3/TFF1/CD2AP/CALCA,14
6,GO:0002228,natural killer cell mediated immunity,8/246,84/18986,0.09523809523809523,7.3503677893921795,6.683019115644771,1.3229860358622212e-5,6.234571694000718e-4,4.996013056479704e-4,NECTIN2/ULBP2/IL18/CD160/SH2D1A/NCR1/KLRB1/IL12B,8
6,GO:0043410,positive regulation of MAPK cascade,19/246,472/18986,0.04025423728813559,3.1067762160672454,5.310401252377967,1.3630341368569783e-5,6.335307981309216e-4,5.076737095171701e-4,IGFBP6/TGFA/OSM/TNFRSF19/HGF/IL6/EFNA1/EDA2R/CDH2/LTBR/VEGFA/CD40/ICAM1/CD74/ERN1/CXCL17/FGF23/BMPER/C1QTNF1,19
6,GO:0032693,negative regulation of interleukin-10 production,5/246,25/18986,0.2,15.435772357723579,8.27498987673745,1.5071434946965136e-5,6.910456591223339e-4,5.537626809105398e-4,LILRB4/DLL1/TNFRSF21/CD274/IL12B,5
6,GO:0050863,regulation of T cell activation,17/246,393/18986,0.043256997455470736,3.338525828006371,5.3672493542784805,1.5700924269809924e-5,6.991802357165485e-4,5.602812443128561e-4,TNFSF14/TGFBR2/MAD1L1/IL6/TNFRSF14/LILRB4/CD74/TNFRSF21/CD274/CD83/IL18/CD160/CD46/IL12B/CD300A/CD80/SIRPB1,17
6,GO:0032733,positive regulation of interleukin-10 production,6/246,42/18986,0.14285714285714285,11.025551684088269,7.4522110173491996,1.580034122231486e-5,6.991802357165485e-4,5.602812443128561e-4,HGF/IL6/CD274/CD83/CD46/IL12B,6
6,GO:0007162,negative regulation of cell adhesion,15/246,314/18986,0.04777070063694268,3.6868883020040393,5.500562177381408,1.5867043368751616e-5,6.991802357165485e-4,5.602812443128561e-4,HSPG2/MAD1L1/ACVRL1/TNFRSF14/LILRB4/VEGFA/ADAM22/CD74/PLXNB2/TNFRSF21/CD274/CDSN/CD300A/C1QTNF1/CD80,15
6,GO:0070482,response to oxygen levels,16/246,358/18986,0.0446927374301676,3.449334605077895,5.360367657017456,1.8822732486622996e-5,8.187888631681003e-4,6.56128448217911e-4,HSPG2/CD38/ADM/ACVRL1/AIFM1/MB/EGLN1/VEGFA/STC1/PGF/ANG/HYOU1/NOS1/MSTN/TGFBR3/VASN,16
6,GO:0050671,positive regulation of lymphocyte proliferation,10/246,145/18986,0.06896551724137931,5.322680123352958,5.9865027514673494,1.9837150340911046e-5,8.22867632876603e-4,6.593969304358093e-4,CD38/TGFBR2/IL6/CD40/CD74/CD274/IL18/CD46/IL12B/CD80,10
6,GO:0050921,positive regulation of chemotaxis,10/246,145/18986,0.06896551724137931,5.322680123352958,5.9865027514673494,1.9837150340911046e-5,8.22867632876603e-4,6.593969304358093e-4,TNFSF14/IL6/SMOC2/CCL7/VEGFA/PGF/CD74/CXCL13/MSTN/CXCL17,10
6,GO:0002443,leukocyte mediated immunity,19/246,485/18986,0.03917525773195876,3.0235018020283295,5.172076313504937,1.9866639999527952e-5,8.22867632876603e-4,6.593969304358093e-4,IL18R1/IL6/LILRB4/CD40/ICAM1/NECTIN2/CD74/ULBP2/BTN3A2/CD274/IL18/CD160/CD46/SH2D1A/NCR1/KLRB1/IL12B/CD300A/CD80,19
6,GO:0044703,multi-organism reproductive process,12/246,210/18986,0.05714285714285714,4.410220673635307,5.693491189915305,1.9886574092508533e-5,8.22867632876603e-4,6.593969304358093e-4,HSPG2/CD38/AMBP/ADM/CRHBP/BSG/VEGFA/TIMP1/STC1/THBD/PARP1/CALCA,12
6,GO:0050851,antigen receptor-mediated signaling pathway,12/246,212/18986,0.05660377358490566,4.368614818223654,5.651047261441494,2.184813370650355e-5,8.931411767008017e-4,7.157099475446882e-4,CD38/BTN2A1/LILRB4/ERMAP/NECTIN2/BTN3A2/TNFRSF21/CD160/SH2D1A/MOG/CD2AP/CD300A,12
6,GO:0032946,positive regulation of mononuclear cell proliferation,10/246,148/18986,0.06756756756756757,5.2147879586903985,5.897626338316518,2.36907784733596e-5,9.456801336483425e-4,7.578115268939671e-4,CD38/TGFBR2/IL6/CD40/CD74/CD274/IL18/CD46/IL12B/CD80,10
6,GO:0034614,cellular response to reactive oxygen species,10/246,148/18986,0.06756756756756757,5.2147879586903985,5.897626338316518,2.36907784733596e-5,9.456801336483425e-4,7.578115268939671e-4,HGF/AMBP/IL6/NOS3/AIFM1/MB/TOP2B/ERN1/PXN/IL18BP,10
6,GO:0042098,T cell proliferation,12/246,215/18986,0.05581395348837209,4.307657402155417,5.588356537387977,2.5106325950512844e-5,9.90532138954536e-4,7.937532427193962e-4,TNFSF14/TGFBR2/MAD1L1/IL6/TNFRSF14/LILRB4/TNFRSF21/CD274/IL18/CD46/IL12B/CD80,12
6,GO:0042129,regulation of T cell proliferation,11/246,182/18986,0.06043956043956044,4.6646564817296525,5.69156768159544,2.636590652220459e-5,0.001022517617790551,8.193844933851407e-4,TGFBR2/MAD1L1/IL6/TNFRSF14/LILRB4/TNFRSF21/CD274/IL18/CD46/IL12B/CD80,11
6,GO:0033002,muscle cell proliferation,13/246,252/18986,0.051587301587301584,3.981449219254097,5.458841571008959,2.6519761380951516e-5,0.001022517617790551,8.193844933851407e-4,TAFA5/HGF/OGN/IL6/NOS3/ANG/CCN3/YAP1/ERN1/MSTN/IL18/IL12B/TGFBR3,13
6,GO:0019730,antimicrobial humoral response,11/246,185/18986,0.05945945945945946,4.5890134036475505,5.620287483815077,3.066191802814704e-5,0.0011689425603314933,9.367206891390161e-4,ADM/CCL16/CCL7/ANG/CXCL13/CCL15/CCL14/PRSS2/REG1A/CALCA/WFDC2,11
6,GO:0007157,heterophilic cell-cell adhesion via plasma membrane cell adhesion molecules,6/246,48/18986,0.125,9.647357723577235,6.872662999250308,3.4639252074796466e-5,0.001277510677062874,0.0010237206877482755,NECTIN4/CDH2/SELE/CEACAM8/ICAM1/UMOD,6
6,GO:0031295,T cell costimulation,6/246,48/18986,0.125,9.647357723577235,6.872662999250308,3.4639252074796466e-5,0.001277510677062874,0.0010237206877482755,TNFSF14/TNFRSF14/LILRB4/CD274/CD160/CD80,6
6,GO:2000516,"positive regulation of CD4-positive, alpha-beta T cell activation",6/246,48/18986,0.125,9.647357723577235,6.872662999250308,3.4639252074796466e-5,0.001277510677062874,0.0010237206877482755,TGFBR2/CD83/IL18/CD160/IL12B/CD80,6
6,GO:0045766,positive regulation of angiogenesis,11/246,189/18986,0.0582010582010582,4.491891426850776,5.527584930147414,3.73210136620769e-5,0.0013616150468325474,0.0010911169019710767,TGFBR2/ADM/ACVRL1/SMOC2/HSPB6/NOS3/DLL1/VEGFA/CD40/MTDH/BMPER,11
6,GO:0031294,lymphocyte costimulation,6/246,49/18986,0.12244897959183673,9.45047287207566,6.785963562402425,3.904828275313219e-5,0.0013946402461197634,0.0011175813224525257,TNFSF14/TNFRSF14/LILRB4/CD274/CD160/CD80,6
6,GO:0042269,regulation of natural killer cell mediated cytotoxicity,6/246,49/18986,0.12244897959183673,9.45047287207566,6.785963562402425,3.904828275313219e-5,0.0013946402461197634,0.0011175813224525257,NECTIN2/CD160/SH2D1A/NCR1/KLRB1/IL12B,6
6,GO:0001910,regulation of leukocyte mediated cytotoxicity,8/246,98/18986,0.08163265306122448,6.300315248050439,6.027119645623761,4.0876136998949626e-5,0.0014374434044311525,0.001151881214775208,ICAM1/NECTIN2/ULBP2/CD160/SH2D1A/NCR1/KLRB1/IL12B,8
6,GO:0048771,tissue remodeling,11/246,191/18986,0.05759162303664921,4.444855914527732,5.482197046450794,4.109402010899552e-5,0.0014374434044311525,0.001151881214775208,CST3/CD38/IL6/ACVRL1/NOS3/RSPO3/TIMP1/UMOD/IL18/IL12B/CALCA,11
6,GO:1904018,positive regulation of vasculature development,11/246,192/18986,0.057291666666666664,4.421705623306233,5.459736808181321,4.310063059029554e-5,0.0014922493836007425,0.001195799450211959,TGFBR2/ADM/ACVRL1/SMOC2/HSPB6/NOS3/DLL1/VEGFA/CD40/MTDH/BMPER,11
6,GO:0072677,eosinophil migration,5/246,31/18986,0.16129032258064516,12.448203514293207,7.308771002000705,4.5236256869937266e-5,0.0015503698945423955,0.0012423737532700474,CCL16/CCL7/CCL15/CCL14/CD300A,5
6,GO:0035710,"CD4-positive, alpha-beta T cell activation",9/246,129/18986,0.06976744186046512,5.384571752694272,5.72497767233512,4.723094432987838e-5,0.0016025459411127734,0.0012841845179376408,TGFBR2/IL18R1/IL6/CD274/CD83/IL18/CD160/IL12B/CD80,9
6,GO:0046635,positive regulation of alpha-beta T cell activation,7/246,75/18986,0.09333333333333334,7.2033604336043355,6.167206083845555,5.279913927664603e-5,0.0017737374214421779,0.001421367136545875,TGFBR2/LILRB4/CD83/IL18/CD160/IL12B/CD80,7
6,GO:0010594,regulation of endothelial cell migration,12/246,235/18986,0.05106382978723404,3.9410482615464453,5.197708582031305,5.975076386935499e-5,0.0019875915863600147,0.0015927370802326518,EFNA1/ACVRL1/SMOC2/PRCP/NOS3/BSG/VEGFA/STC1/CD40/CXCL13/BMPER/TGFBR3,12
6,GO:0050673,epithelial cell proliferation,18/246,482/18986,0.03734439834024896,2.8821981580811658,4.795612840065499,6.122883056647655e-5,0.0020169846806995626,0.0016162909489341741,TGFA/HSPG2/HGF/IL6/ACVRL1/SPINK1/VEGFA/ANG/CDH3/B4GALT1/CCN3/YAP1/ERN1/BMPER/KLK8/IL12B/CALCA/TGFBR3,18
6,GO:0048762,mesenchymal cell differentiation,13/246,274/18986,0.04744525547445255,3.6617708147884396,5.0848002504285414,6.2853534686606e-5,0.0020383297378512234,0.0016333956017403355,HGF/TGFBR2/IL6/SEMA3F/EFNA1/CDH2/VEGFA/PHLDB1/BAMBI/TCOF1/FOLR1/TGFBR3/VASN,13
6,GO:0070665,positive regulation of leukocyte proliferation,10/246,166/18986,0.060240963855421686,4.649329023410717,5.410598609831869,6.307828543306173e-5,0.0020383297378512234,0.0016333956017403355,CD38/TGFBR2/IL6/CD40/CD74/CD274/IL18/CD46/IL12B/CD80,10
6,GO:0002366,leukocyte activation involved in immune response,14/246,315/18986,0.044444444444444446,3.430171635049684,4.983064353865615,6.667467065841675e-5,0.0021342184673963024,0.0017102350974249302,IL18R1/IL6/CLEC4D/DLL1/CD40/ICAM1/CD74/APBB1IP/IL18/CD160/CD46/IL12B/CD300A/CD80,14
6,GO:0002548,monocyte chemotaxis,6/246,54/18986,0.1111111111111111,8.57542908762421,6.386956087064492,6.832768285845024e-5,0.0021550519702191883,0.0017269298211724335,NBL1/IL6/CCL7/CCN3/CXCL17/CALCA,6
6,GO:0002460,adaptive immune response based on somatic recombination of immune receptors built from immunoglobulin superfamily domains,16/246,400/18986,0.04,3.0871544715447157,4.833699890649408,7.113143325499423e-5,0.0021550519702191883,0.0017269298211724335,IL18R1/IL6/LILRB4/CD40/ICAM1/NECTIN2/CD74/ULBP2/CXCL13/BTN3A2/CD274/IL18/CD46/IL18BP/IL12B/CD80,16
6,GO:0002708,positive regulation of lymphocyte mediated immunity,9/246,136/18986,0.0661764705882353,5.107424677187948,5.5077148298833585,7.132985034293335e-5,0.0021550519702191883,0.0017269298211724335,IL18R1/IL6/CD40/NECTIN2/ULBP2/IL18/CD160/SH2D1A/IL12B,9
6,GO:0061844,antimicrobial humoral immune response mediated by antimicrobial peptide,9/246,136/18986,0.0661764705882353,5.107424677187948,5.5077148298833585,7.132985034293335e-5,0.0021550519702191883,0.0017269298211724335,ADM/CCL16/CCL7/ANG/CXCL13/CCL15/CCL14/REG1A/CALCA,9
6,GO:0043491,phosphatidylinositol 3-kinase/protein kinase B signal transduction,14/246,317/18986,0.04416403785488959,3.408530173629812,4.954607499901953,7.134034036476173e-5,0.0021550519702191883,0.0017269298211724335,OSM/COL6A3/HGF/PIK3IP1/VEGFA/CD40/MTDH/ROR1/MSTN/IL18/BAG4/CD160/CD2AP/C1QTNF1,14
6,GO:0009408,response to heat,8/246,106/18986,0.07547169811320754,5.824819757631538,5.707173724959976,7.168137047690998e-5,0.0021550519702191883,0.0017269298211724335,HSPB6/NOS3/SCARA5/LRP11/PSIP1/NOS1/BAG3/CALCA,8
6,GO:0060055,angiogenesis involved in wound healing,5/246,34/18986,0.14705882352941177,11.349832615973218,6.920433851740724,7.177155102704635e-5,0.0021550519702191883,0.0017269298211724335,TAFA5/SMOC2/PRCP/VEGFA/B4GALT1,5
6,GO:0031099,regeneration,11/246,204/18986,0.05392156862745098,4.161605292523514,5.201635025855531,7.459368097655704e-5,0.0022008379091605045,0.0017636199355830376,HSPG2/ADM/IL6/HDGFL2/CCN3/YAP1/MSTN/KLK6/RGMA/FOLR1/TGFBR3,11
6,GO:0051701,biological process involved in interaction with host,11/246,204/18986,0.05392156862745098,4.161605292523514,5.201635025855531,7.459368097655704e-5,0.0022008379091605045,0.0017636199355830376,SCARB2/NECTIN4/TNFRSF14/BSG/ICAM1/NECTIN2/CD74/FCN1/CD46/MOG/CD80,11
6,GO:0002715,regulation of natural killer cell mediated immunity,6/246,55/18986,0.10909090909090909,8.41951219512195,6.313322591491603,7.587085872902812e-5,0.0022123596837357773,0.0017728527969626362,NECTIN2/CD160/SH2D1A/NCR1/KLRB1/IL12B,6
6,GO:0002263,cell activation involved in immune response,14/246,319/18986,0.0438871473354232,3.387160078497337,4.926377428906944,7.628826495640611e-5,0.0022123596837357773,0.0017728527969626362,IL18R1/IL6/CLEC4D/DLL1/CD40/ICAM1/CD74/APBB1IP/IL18/CD160/CD46/IL12B/CD300A/CD80,14
6,GO:0002822,regulation of adaptive immune response based on somatic recombination of immune receptors built from immunoglobulin superfamily domains,11/246,206/18986,0.05339805825242718,4.121201357644644,5.160546127997654,8.140665579074872e-5,0.002340786297440766,0.0018757662079170736,IL18R1/IL6/LILRB4/CD40/NECTIN2/ULBP2/CD274/IL18/CD46/IL12B/CD80,11
6,GO:0034612,response to tumor necrosis factor,12/246,243/18986,0.04938271604938271,3.8113018167218704,5.0533469691876105,8.231612381233059e-5,0.002347047126850737,0.0018807832623374608,TNFRSF19/KRT18/EDA2R/CRHBP/TNFRSF14/SELE/CD40/TNFRSF21/UMOD/BAG4/IL18BP/CALCA,12
6,GO:0046638,positive regulation of alpha-beta T cell differentiation,6/246,56/18986,0.10714285714285714,8.269163763066201,6.24153227348354,8.406315972827108e-5,0.002364205730278714,0.0018945331413932457,TGFBR2/LILRB4/CD83/IL18/IL12B/CD80,6
6,GO:0090288,negative regulation of cellular response to growth factor stimulus,9/246,139/18986,0.06474820143884892,4.9971924899105105,5.419127993100966,8.444450832115307e-5,0.002364205730278714,0.0018945331413932457,NBL1/FSTL3/VWC2/CHRDL1/CXCL13/GPC1/BAMBI/BMPER/IL12B,9
6,GO:0022408,negative regulation of cell-cell adhesion,11/246,207/18986,0.05314009661835749,4.1012921723420135,5.140196076204309,8.500828148953819e-5,0.002364205730278714,0.0018945331413932457,MAD1L1/TNFRSF14/LILRB4/VEGFA/CD74/TNFRSF21/CD274/CDSN/CD300A/C1QTNF1/CD80,11
6,GO:0072676,lymphocyte migration,8/246,110/18986,0.07272727272727272,5.613008130081301,5.559217160500534,9.315671165791227e-5,0.0025697619728072872,0.0020592536261222713,TNFSF14/JAM2/XG/TNFRSF14/CCL7/ICAM1/CD99/CXCL13,8
6,GO:0002768,immune response-regulating cell surface receptor signaling pathway,15/246,369/18986,0.04065040650406504,3.137352105228369,4.750315642710916,1.0016882623976544e-4,0.002740909898641324,0.00219640134276158,CD38/BTN2A1/LILRB4/CLEC4D/ERMAP/CD40/NECTIN2/FCN1/BTN3A2/TNFRSF21/CD160/SH2D1A/MOG/CD2AP/CD300A,15
6,GO:0031341,regulation of cell killing,8/246,112/18986,0.07142857142857142,5.512775842044134,5.487933735861347,1.0574435900387869e-4,0.002870324880801283,0.002300106773111736,ICAM1/NECTIN2/ULBP2/CD160/SH2D1A/NCR1/KLRB1/IL12B,8
6,GO:2000514,"regulation of CD4-positive, alpha-beta T cell activation",7/246,84/18986,0.08333333333333333,6.431571815718157,5.716093850985626,1.0916556446489194e-4,0.0029396727002331613,0.0023556779700318786,TGFBR2/CD274/CD83/IL18/CD160/IL12B/CD80,7
6,GO:0071675,regulation of mononuclear cell migration,9/246,147/18986,0.061224489795918366,4.72523643603783,5.194833678178633,1.2966850121312717e-4,0.0034642931072137047,0.002776077402681372,TNFSF14/NBL1/JAM2/TNFRSF14/CCL7/CXCL13/CCN3/MSTN/CXCL17,9
6,GO:0003158,endothelium development,9/246,148/18986,0.060810810810810814,4.693309162821358,5.167936704689863,1.3653036815311183e-4,0.00361912139955866,0.0029001475406207886,COL18A1/ACVRL1/DLL1/BSG/VEGFA/STC1/ICAM1/FSTL1/CD2AP,9
6,GO:0090713,immunological memory process,4/246,21/18986,0.19047619047619047,14.700735578784359,7.197226485613047,1.383935028387744e-4,0.0036400709700152053,0.0029169352740314506,TNFRSF14/CD160/CD46/IL12B,4
6,GO:0050866,negative regulation of cell activation,11/246,219/18986,0.0502283105022831,3.876563834131492,4.90553871297128,1.4004947889418302e-4,0.003648856600193072,0.0029239755528560987,MAD1L1/NOS3/TNFRSF14/LILRB4/THBD/CD74/TNFRSF21/CD274/CD300A/C1QTNF1/CD80,11
6,GO:0035633,maintenance of blood-brain barrier,5/246,39/18986,0.1282051282051282,9.894725870335625,6.370634730846221,1.4087834206463084e-4,0.003648856600193072,0.0029239755528560987,JAM2/IL6/VEGFA/ESAM/CD2AP,5
6,GO:0007566,embryo implantation,6/246,62/18986,0.0967741935483871,7.468922108575924,5.845334354634897,1.4918891852932586e-4,0.003834833337651535,0.0030730061926734346,HSPG2/BSG/VEGFA/TIMP1/STC1/CALCA,6
6,GO:0071356,cellular response to tumor necrosis factor,11/246,221/18986,0.049773755656108594,3.841481808483243,4.868047345932089,1.516749401845807e-4,0.0038543766632464027,0.003088667045516453,TNFRSF19/KRT18/EDA2R/CRHBP/TNFRSF14/CD40/TNFRSF21/UMOD/BAG4/IL18BP/CALCA,11
6,GO:0050731,positive regulation of peptidyl-tyrosine phosphorylation,8/246,118/18986,0.06779661016949153,5.232465206007992,5.28396007474086,1.5222118269231298e-4,0.0038543766632464027,0.003088667045516453,TGFA/OSM/GFRA1/IL6/EFNA1/VEGFA/IL18/CD80,8
6,GO:0001909,leukocyte mediated cytotoxicity,9/246,151/18986,0.059602649006622516,4.600064609917623,5.0886668322493565,1.589625570072779e-4,0.0039747015934049465,0.003185088251590729,ICAM1/NECTIN2/ULBP2/IL18/CD160/SH2D1A/NCR1/KLRB1/IL12B,9
6,GO:0060391,positive regulation of SMAD protein signal transduction,5/246,40/18986,0.125,9.647357723577235,6.272529542171005,1.5931606740438335e-4,0.0039747015934049465,0.003185088251590729,TGFBR2/ACVRL1/PARP1/BMPER/TGFBR3,5
6,GO:0043123,positive regulation of canonical NF-kappaB signal transduction,11/246,223/18986,0.04932735426008968,3.8070290568376532,4.830991368007387,1.6411098817878562e-4,0.004064442210880435,0.003257001017793341,TNFSF14/TNFRSF19/EDA2R/LTBR/CLEC4D/VEGFA/CD40/MTDH/CD74/PARP1/ROR1,11
6,GO:0034104,negative regulation of tissue remodeling,4/246,22/18986,0.18181818181818182,14.032520325203253,7.007495685143077,1.6743400782043332e-4,0.004099944139737355,0.003285450141294489,CST3/CD38/IL6/CALCA,4
6,GO:0050672,negative regulation of lymphocyte proliferation,7/246,90/18986,0.07777777777777778,6.002800361336947,5.450515112528362,1.6862177828141697e-4,0.004099944139737355,0.003285450141294489,MAD1L1/TNFRSF14/LILRB4/TNFRSF21/CD274/CD300A/CD80,7
6,GO:0007219,Notch signaling pathway,10/246,187/18986,0.053475935828877004,4.127211860353897,4.923781756827077,1.691695194704479e-4,0.004099944139737355,0.003285450141294489,TGFBR2/ACVRL1/NOS3/DLL1/DTX3/DLK1/CCN3/YAP1/CD46/AGXT,10
6,GO:0043122,regulation of canonical NF-kappaB signal transduction,13/246,305/18986,0.04262295081967213,3.2895908303345327,4.618445228506008,1.8326344895121935e-4,0.004410020441783597,0.003533926753572225,TNFSF14/TNFRSF19/EDA2R/LILRB4/LTBR/CLEC4D/VEGFA/CD40/MTDH/CD74/PARP1/ROR1/TGFBR3,13
6,GO:0045582,positive regulation of T cell differentiation,8/246,122/18986,0.06557377049180328,5.060908969745435,5.155542090365629,1.9168668440338867e-4,0.004526422924831114,0.0036272047450133463,TGFBR2/LILRB4/CD74/CD83/IL18/CD46/IL12B/CD80,8
6,GO:0008217,regulation of blood pressure,10/246,190/18986,0.05263157894736842,4.062045357295678,4.860083857832406,1.925333262426787e-4,0.004526422924831114,0.0036272047450133463,ADM/ACVRL1/PRCP/NOS3/DLL1/SCPEP1/CTSZ/NOS1/UMOD/CALCA,10
6,GO:0002292,T cell differentiation involved in immune response,7/246,92/18986,0.07608695652173914,5.8723047013078835,5.367282560342108,1.934368771295348e-4,0.004526422924831114,0.0036272047450133463,IL18R1/IL6/CLEC4D/IL18/CD46/IL12B/CD80,7
6,GO:0032945,negative regulation of mononuclear cell proliferation,7/246,92/18986,0.07608695652173914,5.8723047013078835,5.367282560342108,1.934368771295348e-4,0.004526422924831114,0.0036272047450133463,MAD1L1/TNFRSF14/LILRB4/TNFRSF21/CD274/CD300A/CD80,7
6,GO:2000403,positive regulation of lymphocyte migration,5/246,42/18986,0.11904761904761904,9.187959736740224,6.0862888828941495,2.0166906381565894e-4,0.004686733791277608,0.0037556682900926246,TNFSF14/JAM2/TNFRSF14/CCL7/CXCL13,5
6,GO:0001837,epithelial to mesenchymal transition,10/246,192/18986,0.052083333333333336,4.019732384823849,4.818340870699849,2.0957044138163484e-4,0.004837227942910796,0.003876265306758058,HGF/TGFBR2/IL6/EFNA1/VEGFA/PHLDB1/BAMBI/TCOF1/TGFBR3/VASN,10
6,GO:0071677,positive regulation of mononuclear cell migration,7/246,94/18986,0.07446808510638298,5.747362048088566,5.286465142627439,2.2112108705947133e-4,0.005069350326978286,0.004062274309207785,TNFSF14/JAM2/TNFRSF14/CCL7/CXCL13/MSTN/CXCL17,7
6,GO:0002705,positive regulation of leukocyte mediated immunity,9/246,158/18986,0.056962025316455694,4.396264279098487,4.911520793590021,2.2348009050905565e-4,0.0050828650903179335,0.004073104232643437,IL18R1/IL6/CD40/NECTIN2/ULBP2/IL18/CD160/SH2D1A/IL12B,9
6,GO:0046640,regulation of alpha-beta T cell proliferation,5/246,43/18986,0.11627906976744186,8.974286254490453,5.9977689384281065,2.258143474123483e-4,0.0050828650903179335,0.004073104232643437,TGFBR2/TNFRSF14/CD274/IL18/IL12B,5
6,GO:0032496,response to lipopolysaccharide,14/246,354/18986,0.03954802259887006,3.0522713701713293,4.4657534345103205,2.2620472403124314e-4,0.0050828650903179335,0.004073104232643437,ADM/IL6/NOS3/SELE/CD40/THBD/MTDH/CXCL13/NOS1/CD274/UMOD/IL18BP/IL12B/CD80,14
6,GO:0002820,negative regulation of adaptive immune response,6/246,67/18986,0.08955223880597014,6.911539861667273,5.5536306881656055,2.2948900820521283e-4,0.005122738189738731,0.004105056150928427,TNFRSF14/LILRB4/CD274/CD160/CD46/CD80,6
6,GO:0007263,nitric oxide mediated signal transduction,4/246,24/18986,0.16666666666666666,12.863143631436314,6.662717497301173,2.383198216926338e-4,0.005285092516360172,0.00423515720283504,NOS3/SPINK1/VEGFA/NOS1,4
6,GO:0002855,regulation of natural killer cell mediated immune response to tumor cell,3/246,10/18986,0.3,23.153658536585368,8.028440306698492,2.4108289127861506e-4,0.005311650974729487,0.004256439563722917,NECTIN2/CD160/IL12B,3
6,GO:0002040,sprouting angiogenesis,10/246,196/18986,0.05102040816326531,3.9376970300315253,4.7365236577169725,2.4746295504215473e-4,0.005417043912632458,0.004340895163829445,ACVRL1/RSPO3/EPHB4/CLEC14A/DLL1/VEGFA/PGF/BMPER/IL12B/TGFBR3,10
6,GO:0006898,receptor-mediated endocytosis,12/246,275/18986,0.04363636363636364,3.3678048780487804,4.531602622782044,2.610032684057357e-4,0.005676821087824751,0.004549065062699159,HSPG2/SCARB2/ADM/LILRB4/SELE/DLL1/VEGFA/SFRP4/AMN/CALCA/HIP1R/FOLR1,12
6,GO:0050730,regulation of peptidyl-tyrosine phosphorylation,9/246,162/18986,0.05555555555555555,4.287714543812105,4.814860556802923,2.692220759088684e-4,0.005818283462157901,0.004662424552950769,TGFA/OSM/GFRA1/IL6/EFNA1/LILRB4/VEGFA/IL18/CD80,9
6,GO:0000302,response to reactive oxygen species,10/246,200/18986,0.05,3.8589430894308947,4.656841002400788,2.9093815259412427e-4,0.006247804757923188,0.005006617242842258,HGF/AMBP/IL6/NOS3/AIFM1/MB/TOP2B/ERN1/PXN/IL18BP,10
6,GO:0070664,negative regulation of leukocyte proliferation,7/246,99/18986,0.0707070707070707,5.457091237579042,5.0941964918279465,3.0448937764096377e-4,0.006497688417206227,0.00520685906949096,MAD1L1/TNFRSF14/LILRB4/TNFRSF21/CD274/CD300A/CD80,7
6,GO:0046633,alpha-beta T cell proliferation,5/246,46/18986,0.10869565217391304,8.389006716154118,5.748612710860276,3.1157048652585004e-4,0.006607241629888808,0.005294648465107044,TGFBR2/TNFRSF14/CD274/IL18/IL12B,5
6,GO:0019058,viral life cycle,13/246,323/18986,0.04024767801857585,3.10626997910846,4.3743409660281625,3.193267413499181e-4,0.006729662319256349,0.0053927490873281365,SCARB2/NECTIN4/TNFRSF14/BSG/ICAM1/NECTIN2/CD74/TOP2B/FCN1/CD46/LAMP3/MOG/CD80,13
6,GO:0002423,natural killer cell mediated immune response to tumor cell,3/246,11/18986,0.2727272727272727,21.048780487804876,7.620464989051918,3.283200134215065e-4,0.006751453366904069,0.005410211130256787,NECTIN2/CD160/IL12B,3
6,GO:0030167,proteoglycan catabolic process,3/246,11/18986,0.2727272727272727,21.048780487804876,7.620464989051918,3.283200134215065e-4,0.006751453366904069,0.005410211130256787,GPC1/GLB1/IDUA,3
6,GO:0038196,type III interferon-mediated signaling pathway,3/246,11/18986,0.2727272727272727,21.048780487804876,7.620464989051918,3.283200134215065e-4,0.006751453366904069,0.005410211130256787,IL10RB/IFNGR1/IFNLR1,3
6,GO:0071358,cellular response to type III interferon,3/246,11/18986,0.2727272727272727,21.048780487804876,7.620464989051918,3.283200134215065e-4,0.006751453366904069,0.005410211130256787,IL10RB/IFNGR1/IFNLR1,3
6,GO:0046632,alpha-beta T cell differentiation,8/246,133/18986,0.06015037593984962,4.642337551195061,4.829518555477075,3.453608729206624e-4,0.007059093023010889,0.005656735160139956,TGFBR2/IL18R1/IL6/LILRB4/CD83/IL18/IL12B/CD80,8
6,GO:0090101,negative regulation of transmembrane receptor protein serine/threonine kinase signaling pathway,10/246,205/18986,0.04878048780487805,3.764822526274043,4.5600845423796,3.540977863271931e-4,0.0071943340659171625,0.005765109247293663,NBL1/FSTL3/VWC2/CHRDL1/CDH3/CCN3/BAMBI/BMPER/TGFBR3/VASN,10
6,GO:0007249,canonical NF-kappaB signal transduction,13/246,327/18986,0.039755351681957186,3.0682727928196716,4.322406165792805,3.5915950949037486e-4,0.007253739379171679,0.005812713114120541,TNFSF14/TNFRSF19/EDA2R/LILRB4/LTBR/CLEC4D/VEGFA/CD40/MTDH/CD74/PARP1/ROR1/TGFBR3,13
6,GO:0050868,negative regulation of T cell activation,8/246,134/18986,0.05970149253731343,4.607693241111516,4.8016593643413605,3.6325200984171967e-4,0.00729298265912991,0.005844160332738474,MAD1L1/TNFRSF14/LILRB4/CD74/TNFRSF21/CD274/CD300A/CD80,8
6,GO:0030101,natural killer cell activation,7/246,102/18986,0.06862745098039216,5.296588554120835,4.984997194017574,3.655309499743578e-4,0.007295567725076446,0.005846231850054281,IL18R1/ULBP2/IL18/CD160/SH2D1A/NCR1/IL12B,7
6,GO:0002837,regulation of immune response to tumor cell,4/246,27/18986,0.14814814814814814,11.43390545016561,6.215973105244022,3.817882985761581e-4,0.0074994360876832296,0.006009599768714468,NECTIN2/CD274/CD160/IL12B,4
6,GO:0048245,eosinophil chemotaxis,4/246,27/18986,0.14814814814814814,11.43390545016561,6.215973105244022,3.817882985761581e-4,0.0074994360876832296,0.006009599768714468,CCL16/CCL7/CCL15/CCL14,4
6,GO:0050777,negative regulation of immune response,10/246,207/18986,0.04830917874396135,3.72844742940183,4.522229442235976,3.82376198988859e-4,0.0074994360876832296,0.006009599768714468,AMBP/TNFRSF14/LILRB4/PARP1/CD274/CD160/CD46/IL12B/CD300A/CD80,10
6,GO:0002274,myeloid leukocyte activation,11/246,247/18986,0.044534412955465584,3.4371153023271117,4.4171221430578615,3.949114833211849e-4,0.007616869453786183,0.0061037038482106235,TGFBR2/IL6/LILRB4/LTBR/CLEC4D/IFNGR1/NECTIN2/CD74/IL18/CD93/CD300A,11
6,GO:0030514,negative regulation of BMP signaling pathway,6/246,74/18986,0.08108108108108109,6.257745550428477,5.1920008607996735,3.950984449945088e-4,0.007616869453786183,0.0061037038482106235,NBL1/FSTL3/VWC2/CHRDL1/BAMBI/BMPER,6
6,GO:0042130,negative regulation of T cell proliferation,6/246,74/18986,0.08108108108108109,6.257745550428477,5.1920008607996735,3.950984449945088e-4,0.007616869453786183,0.0061037038482106235,MAD1L1/TNFRSF14/LILRB4/TNFRSF21/CD274/CD80,6
6,GO:0002237,response to molecule of bacterial origin,14/246,375/18986,0.037333333333333336,2.8813441734417347,4.215868859192461,4.048575727337742e-4,0.007760913809523706,0.0062191323840103405,ADM/IL6/NOS3/SELE/CD40/THBD/MTDH/CXCL13/NOS1/CD274/UMOD/IL18BP/IL12B/CD80,14
6,GO:0042102,positive regulation of T cell proliferation,7/246,104/18986,0.0673076923076923,5.194731081926204,4.914562450125917,4.114013958520012e-4,0.007842050202954157,0.006284150239418801,TGFBR2/IL6/CD274/IL18/CD46/IL12B/CD80,7
6,GO:0042088,T-helper 1 type immune response,5/246,49/18986,0.10204081632653061,7.8753940600630505,5.5211316899105,4.199749786272626e-4,0.007901490573127208,0.0063317821987645085,IL18R1/IL18/IL18BP/IL12B/CD80,5
6,GO:0050856,regulation of T cell receptor signaling pathway,5/246,49/18986,0.10204081632653061,7.8753940600630505,5.5211316899105,4.199749786272626e-4,0.007901490573127208,0.0063317821987645085,LILRB4/NECTIN2/CD160/SH2D1A/CD300A,5
6,GO:0045621,positive regulation of lymphocyte differentiation,8/246,137/18986,0.058394160583941604,4.5067948489703875,4.7197016631672595,4.2150598105983626e-4,0.007901490573127208,0.0063317821987645085,TGFBR2/LILRB4/CD74/CD83/IL18/CD46/IL12B/CD80,8
6,GO:0002711,positive regulation of T cell mediated immunity,6/246,75/18986,0.08,6.174308943089431,5.144152098699889,4.248636020134531e-4,0.007920671437536518,0.006347152596881142,IL18R1/IL6/NECTIN2/ULBP2/IL18/IL12B,6
6,GO:0051133,regulation of NK T cell activation,3/246,12/18986,0.25,19.29471544715447,7.263148017535394,4.335777120998067e-4,0.00803895725221117,0.006441939777703772,IL18/IL12B/CD300A,3
6,GO:0008593,regulation of Notch signaling pathway,7/246,105/18986,0.06666666666666667,5.145257452574525,4.880021363095761,4.360007377444241e-4,0.008039948386776255,0.00644273401369478,ACVRL1/NOS3/DLL1/DLK1/CCN3/YAP1/CD46,7
6,GO:0002834,regulation of response to tumor cell,4/246,28/18986,0.14285714285714285,11.025551684088269,6.082457701339526,4.409182766378555e-4,0.008043202756087333,0.00644534187071636,NECTIN2/CD274/CD160/IL12B,4
6,GO:0032740,positive regulation of interleukin-17 production,4/246,28/18986,0.14285714285714285,11.025551684088269,6.082457701339526,4.409182766378555e-4,0.008043202756087333,0.00644534187071636,OSM/IL6/IL18/IL12B,4
6,GO:0034599,cellular response to oxidative stress,11/246,251/18986,0.043824701195219126,3.3823405564732942,4.353132809053011,4.5210227541781157e-4,0.008203117756645105,0.006573488192537053,HGF/AMBP/IL6/NOS3/AIFM1/MB/PARP1/TOP2B/ERN1/PXN/IL18BP,11
6,GO:0072678,T cell migration,6/246,76/18986,0.07894736842105263,6.093068035943517,5.097163569899794,4.563501091125368e-4,0.008236148511802325,0.0065999570651605974,TNFSF14/XG/TNFRSF14/ICAM1/CD99/CXCL13,6
6,GO:0045747,positive regulation of Notch signaling pathway,5/246,50/18986,0.1,7.717886178861789,5.449561800446487,4.617615194149203e-4,0.008289718705686903,0.006642885016144468,ACVRL1/NOS3/DLL1/CCN3/YAP1,5
6,GO:0002429,immune response-activating cell surface receptor signaling pathway,13/246,336/18986,0.03869047619047619,2.986086914440573,4.208395346047394,4.645096722531083e-4,0.008295164831341035,0.0066472492156774456,CD38/BTN2A1/LILRB4/ERMAP/NECTIN2/FCN1/BTN3A2/TNFRSF21/CD160/SH2D1A/MOG/CD2AP/CD300A,13
6,GO:0050829,defense response to Gram-negative bacterium,7/246,107/18986,0.06542056074766354,5.049084416077806,4.812240100154462,4.887205873695444e-4,0.008681826978768922,0.00695709714618646,ADM/IL6/TNFRSF14/UMOD/CD160/IL12B/CALCA,7
6,GO:0045954,positive regulation of natural killer cell mediated cytotoxicity,4/246,29/18986,0.13793103448275862,10.645360246705916,5.9555339917936765,5.062984786491995e-4,0.008906248895483563,0.0071369354544291025,NECTIN2/CD160/SH2D1A/IL12B,4
6,GO:0038084,vascular endothelial growth factor signaling pathway,5/246,51/18986,0.09803921568627451,7.566555077315479,5.379948094293823,5.066036064922864e-4,0.008906248895483563,0.0071369354544291025,SMOC2/DLL1/VEGFA/PGF/IL12B,5
6,GO:0035924,cellular response to vascular endothelial growth factor stimulus,6/246,78/18986,0.07692307692307693,5.936835522201377,5.005658573260873,5.247614821844716e-4,0.009177916026040784,0.007354633252753609,SMOC2/DLL1/VEGFA/PGF/ERN1/IL12B,6
6,GO:0048659,smooth muscle cell proliferation,9/246,178/18986,0.05056179775280899,3.902302000548095,4.457274238162965,5.367658837965602e-4,0.009339726378060145,0.007484298395932605,TAFA5/OGN/IL6/NOS3/ANG/CCN3/ERN1/IL18/IL12B,9
6,GO:0010951,negative regulation of endopeptidase activity,7/246,109/18986,0.06422018348623854,4.9564406653240844,4.746128354056921,5.464011789808407e-4,0.009458873470826494,0.007579775753531211,TIMP3/FETUB/VEGFA/TIMP1/PLAUR/LAMP3/SERPINB8,7
6,GO:0006968,cellular defense response,5/246,52/18986,0.09615384615384616,7.42104440275172,5.31219757927762,5.546427288729263e-4,0.009471038813905238,0.00758952433223734,LSP1/UMOD/CD300C/SH2D1A/NCR1,5
6,GO:0045776,negative regulation of blood pressure,5/246,52/18986,0.09615384615384616,7.42104440275172,5.31219757927762,5.546427288729263e-4,0.009471038813905238,0.00758952433223734,PRCP/NOS3/SCPEP1/NOS1/CALCA,5
6,GO:0009415,response to water,3/246,13/18986,0.23076923076923078,17.810506566604126,6.946603878029007,5.58269308217226e-4,0.009471038813905238,0.00758952433223734,COL18A1/LRP11/UMOD,3
6,GO:0034342,response to type III interferon,3/246,13/18986,0.23076923076923078,17.810506566604126,6.946603878029007,5.58269308217226e-4,0.009471038813905238,0.00758952433223734,IL10RB/IFNGR1/IFNLR1,3
6,GO:1900746,regulation of vascular endothelial growth factor signaling pathway,4/246,30/18986,0.13333333333333333,10.29051490514905,5.834654210549022,5.782916208995278e-4,0.009761907809512926,0.007822609357336897,SMOC2/DLL1/VEGFA/IL12B,4
6,GO:0046637,regulation of alpha-beta T cell differentiation,6/246,80/18986,0.075,5.788414634146342,4.917280436180001,6.008941486698354e-4,0.010043516484910106,0.008048273715396343,TGFBR2/LILRB4/CD83/IL18/IL12B/CD80,6
6,GO:0060390,regulation of SMAD protein signal transduction,6/246,80/18986,0.075,5.788414634146342,4.917280436180001,6.008941486698354e-4,0.010043516484910106,0.008048273715396343,TGFBR2/ACVRL1/PARP1/CCN3/BMPER/TGFBR3,6
6,GO:0043534,blood vessel endothelial cell migration,9/246,182/18986,0.04945054945054945,3.81653712141517,4.3743558868836505,6.299423960125903e-4,0.01047742426309176,0.008395981470074929,EFNA1/ACVRL1/PRCP/NOS3/EPHB4/CLEC14A/VEGFA/CD40/TGFBR3,9
6,GO:0002825,regulation of T-helper 1 type immune response,4/246,31/18986,0.12903225806451613,9.958562811434565,5.719332645865988,6.572627859409491e-4,0.010878500647305563,0.00871738010826943,IL18R1/IL18/IL12B/CD80,4
6,GO:0001906,cell killing,11/246,264/18986,0.041666666666666664,3.2157859078590785,4.153762870681907,6.880962548543579e-4,0.011333546566606003,0.009082026705614749,ICAM1/NECTIN2/ULBP2/CXCL13/IL18/CD160/GZMA/SH2D1A/NCR1/KLRB1/IL12B,11
6,GO:0032725,positive regulation of granulocyte macrophage colony-stimulating factor production,3/246,14/18986,0.21428571428571427,16.538327526132402,6.663459959287507,7.03744728976057e-4,0.01147983589142193,0.009199254225430949,IL18/IL12B/CD80,3
6,GO:0072683,T cell extravasation,3/246,14/18986,0.21428571428571427,16.538327526132402,6.663459959287507,7.03744728976057e-4,0.01147983589142193,0.009199254225430949,XG/ICAM1/CD99,3
6,GO:0035767,endothelial cell chemotaxis,4/246,32/18986,0.125,9.647357723577235,5.609136867208785,7.435788912920128e-4,0.012014110372160951,0.009627389855675536,SMOC2/VEGFA/CXCL13/CCN3,4
6,GO:1902547,regulation of cellular response to vascular endothelial growth factor stimulus,4/246,32/18986,0.125,9.647357723577235,5.609136867208785,7.435788912920128e-4,0.012014110372160951,0.009627389855675536,SMOC2/DLL1/VEGFA/IL12B,4
6,GO:0002720,positive regulation of cytokine production involved in immune response,6/246,85/18986,0.07058823529411765,5.447919655667145,4.708819753745635,8.288735750037058e-4,0.013328758483353432,0.01068087026308093,IL18R1/IL6/TNFRSF14/CD74/IL18/CD160,6
6,GO:0006979,response to oxidative stress,14/246,405/18986,0.0345679012345679,2.667911271705309,3.887352955896589,8.606185646492722e-4,0.01377395655591972,0.011037625384752085,CD38/HGF/AMBP/IL6/NOS3/AIFM1/MB/PARP1/TOP2B/PSIP1/ERN1/PXN/IL18BP/CD2AP,14
6,GO:1903038,negative regulation of leukocyte cell-cell adhesion,8/246,153/18986,0.05228758169934641,4.035496041234922,4.319203775032047,8.740177420833588e-4,0.013922733328116603,0.011156846196201213,MAD1L1/TNFRSF14/LILRB4/CD74/TNFRSF21/CD274/CD300A/CD80,8
6,GO:0003007,heart morphogenesis,11/246,274/18986,0.040145985401459854,3.0984214586671417,4.0086298562047205,9.327065184435091e-4,0.014761430761227191,0.011828928182248231,TGFBR2/EFNA1/ACVRL1/NOS3/EPHB4/DLL1/EGLN1/VEGFA/YAP1/FOLR1/TGFBR3,11
6,GO:0002418,immune response to tumor cell,4/246,34/18986,0.11764705882352941,9.079866092778575,5.4026167282840625,9.397197301576992e-4,0.014761430761227191,0.011828928182248231,NECTIN2/CD274/CD160/IL12B,4
6,GO:0006516,glycoprotein catabolic process,4/246,34/18986,0.11764705882352941,9.079866092778575,5.4026167282840625,9.397197301576992e-4,0.014761430761227191,0.011828928182248231,CST3/GPC1/GLB1/IDUA,4
6,GO:0034103,regulation of tissue remodeling,6/246,88/18986,0.06818181818181818,5.262195121951219,4.591502260436943,9.945672024246552e-4,0.01555099777800394,0.0124616399896332,CST3/CD38/IL6/IL18/IL12B/CALCA,6
6,GO:1902107,positive regulation of leukocyte differentiation,9/246,195/18986,0.046153846153846156,3.562101313320826,4.1202798985891205,0.0010282107838632615,0.015930224610265054,0.012765529703046403,TGFBR2/LILRB4/CD74/CD83/IL18/CD46/IL12B/CD80/CALCA,9
6,GO:1903708,positive regulation of hemopoiesis,9/246,195/18986,0.046153846153846156,3.562101313320826,4.1202798985891205,0.0010282107838632615,0.015930224610265054,0.012765529703046403,TGFBR2/LILRB4/CD74/CD83/IL18/CD46/IL12B/CD80/CALCA,9
6,GO:0002717,positive regulation of natural killer cell mediated immunity,4/246,35/18986,0.11428571428571428,8.820441347270615,5.305633913927954,0.001050282989676035,0.016124932959143832,0.0129215573342853,NECTIN2/CD160/SH2D1A/IL12B,4
6,GO:0050858,negative regulation of antigen receptor-mediated signaling pathway,4/246,35/18986,0.11428571428571428,8.820441347270615,5.305633913927954,0.001050282989676035,0.016124932959143832,0.0129215573342853,LILRB4/CD160/SH2D1A/CD300A,4
6,GO:0045779,negative regulation of bone resorption,3/246,16/18986,0.1875,14.471036585365853,6.176115405256697,0.0010621399200298445,0.016233516885861544,0.013008570002072492,CD38/IL6/CALCA,3
6,GO:0098742,cell-cell adhesion via plasma-membrane adhesion molecules,11/246,280/18986,0.039285714285714285,3.032026713124274,3.9246960170222294,0.0011112659185122528,0.016908185029202126,0.013549208720873961,TGFBR2/NECTIN4/CDH2/SELE/CEACAM8/ICAM1/NECTIN2/CDH3/ESAM/PLXNB2/UMOD,11
6,GO:0032609,type II interferon production,7/246,124/18986,0.056451612903225805,4.356871230002622,4.296746336112467,0.0011722467047268514,0.01767748030728092,0.014165675968699215,IL18R1/LILRB4/BTN3A2/CD274/IL18/CD160/IL12B,7
6,GO:0032649,regulation of type II interferon production,7/246,124/18986,0.056451612903225805,4.356871230002622,4.296746336112467,0.0011722467047268514,0.01767748030728092,0.014165675968699215,IL18R1/LILRB4/BTN3A2/CD274/IL18/CD160/IL12B,7
6,GO:0051051,negative regulation of transport,15/246,467/18986,0.032119914346895075,2.47897843004126,3.7076572167125,0.0011896132356996314,0.017859989861632078,0.01431192821524056,OSM/NOS3/CRHBP/FABP5/SPINK1/STC1/CD74/CCN3/NOS1/FGF23/SFRP4/IL12B/CD300A/CALCA/YOD1,15
6,GO:0045446,endothelial cell differentiation,7/246,125/18986,0.056,4.322016260162602,4.269356923053536,0.001228350281390831,0.018360319404225067,0.014712862401263701,COL18A1/ACVRL1/DLL1/VEGFA/STC1/ICAM1/FSTL1,7
6,GO:0031645,negative regulation of nervous system process,3/246,17/18986,0.17647058823529413,13.619799139167862,5.9640701912020395,0.0012774576513507163,0.018815586659277975,0.015077686363849725,JAM2/CCN3/TNFRSF21,3
6,GO:0032604,granulocyte macrophage colony-stimulating factor production,3/246,17/18986,0.17647058823529413,13.619799139167862,5.9640701912020395,0.0012774576513507163,0.018815586659277975,0.015077686363849725,IL18/IL12B/CD80,3
6,GO:0032645,regulation of granulocyte macrophage colony-stimulating factor production,3/246,17/18986,0.17647058823529413,13.619799139167862,5.9640701912020395,0.0012774576513507163,0.018815586659277975,0.015077686363849725,IL18/IL12B/CD80,3
6,GO:0002718,regulation of cytokine production involved in immune response,7/246,126/18986,0.05555555555555555,4.287714543812105,4.242253261289561,0.0012865358399506309,0.018815586659277975,0.015077686363849725,IL18R1/IL6/TNFRSF14/LILRB4/CD74/IL18/CD160,7
6,GO:0010717,regulation of epithelial to mesenchymal transition,7/246,126/18986,0.05555555555555555,4.287714543812105,4.242253261289561,0.0012865358399506309,0.018815586659277975,0.015077686363849725,TGFBR2/IL6/EFNA1/VEGFA/PHLDB1/BAMBI/VASN,7
6,GO:0002367,cytokine production involved in immune response,7/246,127/18986,0.05511811023622047,4.253953011971064,4.215429869861859,0.0013468564629749759,0.019613235960833017,0.015716874831101707,IL18R1/IL6/TNFRSF14/LILRB4/CD74/IL18/CD160,7
6,GO:0030098,lymphocyte differentiation,14/246,426/18986,0.03286384976525822,2.5363945188747667,3.674570835313077,0.001390983230355295,0.020169256840151778,0.016162436725180963,TGFBR2/IL18R1/IL6/LY6D/LILRB4/CLEC4D/DLL1/CD74/TOP2B/CD83/IL18/CD46/IL12B/CD80,14
6,GO:0018108,peptidyl-tyrosine phosphorylation,9/246,204/18986,0.04411764705882353,3.4049497847919654,3.9567466140002274,0.0014082116327005496,0.020332179020225383,0.016292992820898185,TGFA/OSM/GFRA1/IL6/EFNA1/LILRB4/VEGFA/IL18/CD80,9
6,GO:0043372,"positive regulation of CD4-positive, alpha-beta T cell differentiation",4/246,38/18986,0.10526315789473684,8.124090714591356,5.036485781223552,0.001436373719308735,0.020650915379722617,0.01654840908552392,CD83/IL18/IL12B/CD80,4
6,GO:0002573,myeloid leukocyte differentiation,10/246,247/18986,0.04048582995951417,3.1246502748428293,3.8507984280846266,0.0014822507977068021,0.021066419020432072,0.016881368864620983,TGFBR2/FSTL3/LILRB4/LTBR/VEGFA/LBR/CD74/PARP1/IL12B/CALCA,10
6,GO:0018212,peptidyl-tyrosine modification,9/246,206/18986,0.043689320388349516,3.3718920198910727,3.9216496395843845,0.0015063480072584755,0.021066419020432072,0.016881368864620983,TGFA/OSM/GFRA1/IL6/EFNA1/LILRB4/VEGFA/IL18/CD80,9
6,GO:0002827,positive regulation of T-helper 1 type immune response,3/246,18/18986,0.16666666666666666,12.863143631436314,5.769169936030885,0.0015183583392244405,0.021066419020432072,0.016881368864620983,IL18R1/IL18/IL12B,3
6,GO:0002830,positive regulation of type 2 immune response,3/246,18/18986,0.16666666666666666,12.863143631436314,5.769169936030885,0.0015183583392244405,0.021066419020432072,0.016881368864620983,IL6/CD74/IL18,3
6,GO:0002836,positive regulation of response to tumor cell,3/246,18/18986,0.16666666666666666,12.863143631436314,5.769169936030885,0.0015183583392244405,0.021066419020432072,0.016881368864620983,NECTIN2/CD160/IL12B,3
6,GO:0002839,positive regulation of immune response to tumor cell,3/246,18/18986,0.16666666666666666,12.863143631436314,5.769169936030885,0.0015183583392244405,0.021066419020432072,0.016881368864620983,NECTIN2/CD160/IL12B,3
6,GO:0010544,negative regulation of platelet activation,3/246,18/18986,0.16666666666666666,12.863143631436314,5.769169936030885,0.0015183583392244405,0.021066419020432072,0.016881368864620983,NOS3/THBD/C1QTNF1,3
6,GO:0046851,negative regulation of bone remodeling,3/246,18/18986,0.16666666666666666,12.863143631436314,5.769169936030885,0.0015183583392244405,0.021066419020432072,0.016881368864620983,CD38/IL6/CALCA,3
6,GO:0042327,positive regulation of phosphorylation,15/246,479/18986,0.031315240083507306,2.4168745862823973,3.5984810161287313,0.0015267281419588704,0.021066419020432072,0.016881368864620983,TGFA/OSM/GFRA1/IL6/EFNA1/VEGFA/ANG/PLAUR/CD74/NOS1/ERN1/IL18/BAG4/CD80/CALCA,15
6,GO:0052548,regulation of endopeptidase activity,10/246,248/18986,0.04032258064516129,3.1120508785733016,3.835806229339166,0.0015273619448942792,0.021066419020432072,0.016881368864620983,EFNA1/AIFM1/TIMP3/FETUB/VEGFA/TIMP1/PLAUR/LAMP3/SERPINB8/HIP1R,10
6,GO:0007179,transforming growth factor beta receptor signaling pathway,10/246,250/18986,0.04,3.0871544715447157,3.80604763227588,0.001620931883700697,0.022266485349783257,0.017843030281691458,TGFBR2/ACVRL1/CDH3/PARP1/PXN/MSTN/BAMBI/FOLR1/TGFBR3/VASN,10
6,GO:0060395,SMAD protein signal transduction,6/246,97/18986,0.061855670103092786,4.773950213728942,4.269387866136823,0.001646965184864936,0.022529168479200397,0.0180535288385607,TGFBR2/ACVRL1/PARP1/CCN3/BMPER/TGFBR3,6
6,GO:0051250,negative regulation of lymphocyte activation,8/246,169/18986,0.047337278106508875,3.653437244431616,3.969767223050413,0.0016533342031597106,0.022529168479200397,0.0180535288385607,MAD1L1/TNFRSF14/LILRB4/CD74/TNFRSF21/CD274/CD300A/CD80,8
6,GO:0002369,T cell cytokine production,4/246,40/18986,0.1,7.717886178861789,4.872949733877919,0.0017427763634560924,0.023128082088241225,0.018533462402136627,IL18R1/IL6/LILRB4/IL18,4
6,GO:0002724,regulation of T cell cytokine production,4/246,40/18986,0.1,7.717886178861789,4.872949733877919,0.0017427763634560924,0.023128082088241225,0.018533462402136627,IL18R1/IL6/LILRB4/IL18,4
6,GO:0002824,positive regulation of adaptive immune response based on somatic recombination of immune receptors built from immunoglobulin superfamily domains,7/246,133/18986,0.05263157894736842,4.062045357295678,4.0600863217413385,0.0017566646569068302,0.023128082088241225,0.018533462402136627,IL18R1/IL6/CD40/NECTIN2/ULBP2/IL18/IL12B,7
6,GO:0042742,defense response to bacterium,12/246,342/18986,0.03508771929824561,2.7080302381971184,3.651969332558608,0.001756786601403217,0.023128082088241225,0.018533462402136627,ADM/IL6/TNFRSF14/CLEC4D/ANG/CXCL13/UMOD/IL18/CD160/IL12B/CALCA/WFDC2,12
6,GO:0030888,regulation of B cell proliferation,5/246,67/18986,0.07462686567164178,5.759616551389394,4.471449598961507,0.001761347372550761,0.023128082088241225,0.018533462402136627,CD38/CD40/CD74/TNFRSF21/CD300A,5
6,GO:0070301,cellular response to hydrogen peroxide,5/246,67/18986,0.07462686567164178,5.759616551389394,4.471449598961507,0.001761347372550761,0.023128082088241225,0.018533462402136627,IL6/AIFM1/TOP2B/ERN1/IL18BP,5
6,GO:0032102,negative regulation of response to external stimulus,14/246,437/18986,0.032036613272311214,2.4725493479191085,3.568111248833563,0.0017635981546322566,0.023128082088241225,0.018533462402136627,TAFA5/HGF/NBL1/SEMA3F/NOS3/THBD/PLAUR/CXCL13/PARP1/CCN3/CXCL17/RGMA/IL12B/C1QTNF1,14
6,GO:0001946,lymphangiogenesis,3/246,19/18986,0.15789473684210525,12.186136071887034,5.589148353663416,0.0017858996484288834,0.023128082088241225,0.018533462402136627,ACVRL1/CLEC14A/VEGFA,3
6,GO:0002693,positive regulation of cellular extravasation,3/246,19/18986,0.15789473684210525,12.186136071887034,5.589148353663416,0.0017858996484288834,0.023128082088241225,0.018533462402136627,XG/ICAM1/CD99,3
6,GO:0030903,notochord development,3/246,19/18986,0.15789473684210525,12.186136071887034,5.589148353663416,0.0017858996484288834,0.023128082088241225,0.018533462402136627,COL18A1/EFNA1/YAP1,3
6,GO:0035743,"CD4-positive, alpha-beta T cell cytokine production",3/246,19/18986,0.15789473684210525,12.186136071887034,5.589148353663416,0.0017858996484288834,0.023128082088241225,0.018533462402136627,IL18R1/IL6/IL18,3
6,GO:0051132,NK T cell activation,3/246,19/18986,0.15789473684210525,12.186136071887034,5.589148353663416,0.0017858996484288834,0.023128082088241225,0.018533462402136627,IL18/IL12B/CD300A,3
6,GO:0140131,positive regulation of lymphocyte chemotaxis,3/246,19/18986,0.15789473684210525,12.186136071887034,5.589148353663416,0.0017858996484288834,0.023128082088241225,0.018533462402136627,TNFSF14/CCL7/CXCL13,3
6,GO:0048660,regulation of smooth muscle cell proliferation,8/246,174/18986,0.04597701149425287,3.548453415568638,3.8692064175589485,0.001985755412341456,0.025618509939447,0.02052914240575538,TAFA5/OGN/IL6/NOS3/ANG/ERN1/IL18/IL12B,8
6,GO:1903035,negative regulation of response to wounding,6/246,101/18986,0.0594059405940594,4.584882878531756,4.138712176232817,0.002023852095119797,0.026011099086141937,0.02084373987916442,TAFA5/NOS3/THBD/PLAUR/RGMA/C1QTNF1,6
6,GO:0042060,wound healing,14/246,444/18986,0.03153153153153153,2.4335677140555187,3.5020268316186405,0.00204140796897393,0.02613772542916432,0.020945210660812955,TAFA5/IL6/ACVRL1/SMOC2/PRCP/NOS3/VEGFA/TIMP1/CD40/THBD/PLAUR/B4GALT1/YAP1/C1QTNF1,14
6,GO:0055062,phosphate ion homeostasis,3/246,20/18986,0.15,11.576829268292684,5.422139411213971,0.0020810854851215205,0.026467728515550897,0.021209655406849385,UMOD/FGF23/SFRP4,3
6,GO:0050679,positive regulation of epithelial cell proliferation,9/246,216/18986,0.041666666666666664,3.2157859078590785,3.7524126922364953,0.0020827832342033862,0.026467728515550897,0.021209655406849385,TGFA/HSPG2/ACVRL1/SPINK1/VEGFA/ANG/CDH3/B4GALT1/YAP1,9
6,GO:0002691,regulation of cellular extravasation,4/246,42/18986,0.09523809523809523,7.3503677893921795,4.720366748439099,0.002091785809500362,0.026482944968786296,0.021221848962841454,XG/SELE/ICAM1/CD99,4
6,GO:0043367,"CD4-positive, alpha-beta T cell differentiation",6/246,102/18986,0.058823529411764705,4.5399330463892875,4.1071087168297655,0.0021274971666913898,0.02658755915251609,0.021305680515907074,IL18R1/IL6/CD83/IL18/IL12B/CD80,6
6,GO:0009266,response to temperature stimulus,8/246,176/18986,0.045454545454545456,3.508130081300813,3.830011289152037,0.00213260169865327,0.02658755915251609,0.021305680515907074,HSPB6/NOS3/SCARA5/LRP11/PSIP1/NOS1/BAG3/CALCA,8
6,GO:0048662,negative regulation of smooth muscle cell proliferation,5/246,70/18986,0.07142857142857142,5.512775842044134,4.333773305887563,0.002139228897328881,0.02658755915251609,0.021305680515907074,TAFA5/OGN/NOS3/ANG/IL12B,5
6,GO:0050854,regulation of antigen receptor-mediated signaling pathway,5/246,70/18986,0.07142857142857142,5.512775842044134,4.333773305887563,0.002139228897328881,0.02658755915251609,0.021305680515907074,LILRB4/NECTIN2/CD160/SH2D1A/CD300A,5
6,GO:2000401,regulation of lymphocyte migration,5/246,70/18986,0.07142857142857142,5.512775842044134,4.333773305887563,0.002139228897328881,0.02658755915251609,0.021305680515907074,TNFSF14/JAM2/TNFRSF14/CCL7/CXCL13,5
6,GO:0002821,positive regulation of adaptive immune response,7/246,139/18986,0.050359712230215826,3.8867052699303968,3.9136032041484508,0.002257361446610807,0.027804536025331887,0.02228089303160757,IL18R1/IL6/CD40/NECTIN2/ULBP2/IL18/IL12B,7
6,GO:0001912,positive regulation of leukocyte mediated cytotoxicity,5/246,71/18986,0.07042253521126761,5.435131111874499,4.289636831556602,0.0022773925615307603,0.027804536025331887,0.02228089303160757,NECTIN2/ULBP2/CD160/SH2D1A/IL12B,5
6,GO:0002704,negative regulation of leukocyte mediated immunity,5/246,71/18986,0.07042253521126761,5.435131111874499,4.289636831556602,0.0022773925615307603,0.027804536025331887,0.02228089303160757,LILRB4/CD274/CD46/CD300A/CD80,5
6,GO:0051926,negative regulation of calcium ion transport,5/246,71/18986,0.07042253521126761,5.435131111874499,4.289636831556602,0.0022773925615307603,0.027804536025331887,0.02228089303160757,NOS3/SPINK1/STC1/NOS1/CALCA,5
6,GO:0060412,ventricular septum morphogenesis,4/246,43/18986,0.09302325581395349,7.179429003592362,4.647787419732688,0.002283167497919645,0.027804536025331887,0.02228089303160757,TGFBR2/NOS3/EGLN1/TGFBR3,4
6,GO:0002064,epithelial cell development,9/246,219/18986,0.0410958904109589,3.1717340461075842,3.7035595424827696,0.002286314633382728,0.027804536025331887,0.02228089303160757,COL18A1/CDH2/DLL1/VEGFA/STC1/ICAM1/B4GALT1/YAP1/CDSN,9
6,GO:0002702,positive regulation of production of molecular mediator of immune response,7/246,140/18986,0.05,3.8589430894308947,3.889985618990209,0.002350531283592176,0.02838203788337457,0.022743668497915683,IL18R1/IL6/TNFRSF14/CD40/CD74/IL18/CD160,7
6,GO:0008360,regulation of cell shape,7/246,140/18986,0.05,3.8589430894308947,3.889985618990209,0.002350531283592176,0.02838203788337457,0.022743668497915683,BAIAP2/CCL7/VEGFA/PLXNB2/FMNL1/COCH/BAMBI,7
6,GO:0050918,positive chemotaxis,5/246,72/18986,0.06944444444444445,5.359643179765131,4.2463282427138624,0.002421939333489144,0.029140567938044912,0.023351509139240233,HGF/CCL16/VEGFA/PGF/CCL15,5
6,GO:0002251,organ or tissue specific immune response,4/246,44/18986,0.09090909090909091,7.016260162601626,4.577497243102136,0.0024862745098376965,0.029599752322383523,0.023719472055072098,IL6/IFNLR1/UMOD/CD160,4
6,GO:0014002,astrocyte development,4/246,44/18986,0.09090909090909091,7.016260162601626,4.577497243102136,0.0024862745098376965,0.029599752322383523,0.023719472055072098,IL6/DLL1/IFNGR1/ROR1,4
6,GO:0046006,regulation of activated T cell proliferation,4/246,44/18986,0.09090909090909091,7.016260162601626,4.577497243102136,0.0024862745098376965,0.029599752322383523,0.023719472055072098,LILRB4/CD274/IL18/IL12B,4
6,GO:0001934,positive regulation of protein phosphorylation,14/246,455/18986,0.03076923076923077,2.3747342088805503,3.4006588882103723,0.002550713372535064,0.030260735919620533,0.02424914479668042,TGFA/OSM/GFRA1/IL6/EFNA1/VEGFA/PLAUR/CD74/NOS1/ERN1/IL18/BAG4/CD80/CALCA,14
6,GO:0071559,response to transforming growth factor beta,11/246,313/18986,0.03514376996805112,2.7123561650951973,3.499832686532823,0.002668418893893028,0.03154684775950886,0.025279757942144473,TGFBR2/ACVRL1/CDH3/PARP1/PXN/MSTN/BAMBI/CD2AP/FOLR1/TGFBR3/VASN,11
6,GO:1990266,neutrophil migration,6/246,108/18986,0.05555555555555555,4.287714543812105,3.925690443249245,0.002835822840585761,0.033409537840650996,0.026772406422635314,XG/BSG/CD74/CD99/CXCL13/UMOD,6
6,GO:0045123,cellular extravasation,5/246,75/18986,0.06666666666666667,5.145257452574525,4.121098113554224,0.002895574538738623,0.03399544778526002,0.027241919626887132,JAM2/XG/SELE/ICAM1/CD99,5
6,GO:0036303,lymph vessel morphogenesis,3/246,23/18986,0.13043478260869565,10.066808059384941,4.984858999678134,0.0031417738062408987,0.036758753533018516,0.029456267664320298,ACVRL1/CLEC14A/VEGFA,3
6,GO:0030217,T cell differentiation,11/246,320/18986,0.034375,2.65302337398374,3.4167752616778437,0.003158832631437295,0.03682850001942244,0.02951215832911976,TGFBR2/IL18R1/IL6/LILRB4/CLEC4D/CD74/CD83/IL18/CD46/IL12B/CD80,11
6,GO:0050798,activated T cell proliferation,4/246,47/18986,0.0851063829787234,6.568413769244075,4.379151464334031,0.0031694435619426327,0.03682850001942244,0.02951215832911976,LILRB4/CD274/IL18/IL12B,4
6,GO:0062197,cellular response to chemical stress,11/246,321/18986,0.03426791277258567,2.6447585036598027,3.4050909822929114,0.0032344526377925844,0.03745562389088819,0.03001469791060983,HGF/AMBP/IL6/NOS3/AIFM1/MB/PARP1/TOP2B/ERN1/PXN/IL18BP,11
6,GO:0032729,positive regulation of type II interferon production,5/246,77/18986,0.06493506493506493,5.011614401858304,4.041274257516482,0.0032463595660803114,0.03746563948200849,0.030022723806607393,IL18R1/BTN3A2/IL18/CD160/IL12B,5
6,GO:0044403,biological process involved in symbiotic interaction,11/246,322/18986,0.034161490683229816,2.6365449679341517,3.393450957013104,0.0033115214550069453,0.03808810948080869,0.03052153405274912,SCARB2/NECTIN4/TNFRSF14/BSG/ICAM1/NECTIN2/CD74/FCN1/CD46/MOG/CD80,11
6,GO:0031343,positive regulation of cell killing,5/246,78/18986,0.0641025641025641,4.947362935167813,4.002392024068121,0.003432770393744405,0.0392168011648982,0.03142600009584192,NECTIN2/ULBP2/CD160/SH2D1A/IL12B,5
6,GO:0061045,negative regulation of wound healing,5/246,78/18986,0.0641025641025641,4.947362935167813,4.002392024068121,0.003432770393744405,0.0392168011648982,0.03142600009584192,TAFA5/NOS3/THBD/PLAUR/C1QTNF1,5
6,GO:0045580,regulation of T cell differentiation,8/246,191/18986,0.041884816753926704,3.2326224832928956,3.553029992380954,0.003525267932516874,0.04013836944640856,0.0321644898258251,TGFBR2/LILRB4/CD74/CD83/IL18/CD46/IL12B/CD80,8
6,GO:0046641,positive regulation of alpha-beta T cell proliferation,3/246,24/18986,0.125,9.647357723577235,4.856630198561024,0.003556552946890641,0.04022461382933315,0.032233600918661495,TGFBR2/IL18/IL12B,3
6,GO:2001026,regulation of endothelial cell chemotaxis,3/246,24/18986,0.125,9.647357723577235,4.856630198561024,0.003556552946890641,0.04022461382933315,0.032233600918661495,SMOC2/VEGFA/CXCL13,3
6,GO:0051897,positive regulation of phosphatidylinositol 3-kinase/protein kinase B signal transduction,8/246,192/18986,0.041666666666666664,3.2157859078590785,3.535548995736906,0.003638458822844678,0.04101425510269765,0.032866372230836875,OSM/HGF/VEGFA/MTDH/ROR1/IL18/BAG4/C1QTNF1,8
6,GO:0051896,regulation of phosphatidylinositol 3-kinase/protein kinase B signal transduction,10/246,280/18986,0.03571428571428571,2.756387921022067,3.392321879166007,0.0036741879828952823,0.04104815947143166,0.03289354116515674,OSM/HGF/PIK3IP1/VEGFA/MTDH/ROR1/MSTN/IL18/BAG4/C1QTNF1,10
6,GO:0032620,interleukin-17 production,4/246,49/18986,0.08163265306122448,6.300315248050439,4.256299817418575,0.003689858131089495,0.04104815947143166,0.03289354116515674,OSM/IL6/IL18/IL12B,4
6,GO:0032660,regulation of interleukin-17 production,4/246,49/18986,0.08163265306122448,6.300315248050439,4.256299817418575,0.003689858131089495,0.04104815947143166,0.03289354116515674,OSM/IL6/IL18/IL12B,4
6,GO:0044273,sulfur compound catabolic process,4/246,49/18986,0.08163265306122448,6.300315248050439,4.256299817418575,0.003689858131089495,0.04104815947143166,0.03289354116515674,GPC1/GLB1/AGXT/IDUA,4
6,GO:0001890,placenta development,7/246,152/18986,0.046052631578947366,3.554289687633718,3.6225027343672873,0.003715437906789923,0.04119764973117061,0.03301333372287022,ADM/RSPO3/BSG/EGLN1/STC1/ANG/PARP1,7
6,GO:1904019,epithelial cell apoptotic process,5/246,80/18986,0.0625,4.8236788617886175,3.9265816972552434,0.0038284770003795586,0.042312776750123265,0.033906929854210184,TGFBR2/IL6/KRT18/YAP1/SFRP4,5
6,GO:0002347,response to tumor cell,4/246,50/18986,0.08,6.174308943089431,4.197409067259062,0.00397056218427859,0.04312062042218134,0.03455428748056972,NECTIN2/CD274/CD160/IL12B,4
6,GO:0030195,negative regulation of blood coagulation,4/246,50/18986,0.08,6.174308943089431,4.197409067259062,0.00397056218427859,0.04312062042218134,0.03455428748056972,NOS3/THBD/PLAUR/C1QTNF1,4
6,GO:0044331,cell-cell adhesion mediated by cadherin,4/246,50/18986,0.08,6.174308943089431,4.197409067259062,0.00397056218427859,0.04312062042218134,0.03455428748056972,CDH2/VEGFA/CDH3/CD2AP,4
6,GO:0035296,regulation of tube diameter,7/246,154/18986,0.045454545454545456,3.508130081300813,3.5805542284003455,0.003991663940775323,0.04312062042218134,0.03455428748056972,CD38/ADM/NOS3/VEGFA/SCPEP1/NOS1/CALCA,7
6,GO:0097746,blood vessel diameter maintenance,7/246,154/18986,0.045454545454545456,3.508130081300813,3.5805542284003455,0.003991663940775323,0.04312062042218134,0.03455428748056972,CD38/ADM/NOS3/VEGFA/SCPEP1/NOS1/CALCA,7
6,GO:0046697,decidualization,3/246,25/18986,0.12,9.261463414634145,4.735702699451187,0.0040032406227489305,0.04312062042218134,0.03455428748056972,BSG/STC1/PARP1,3
6,GO:0061042,vascular wound healing,3/246,25/18986,0.12,9.261463414634145,4.735702699451187,0.0040032406227489305,0.04312062042218134,0.03455428748056972,TAFA5/SMOC2/VEGFA,3
6,GO:1901623,regulation of lymphocyte chemotaxis,3/246,25/18986,0.12,9.261463414634145,4.735702699451187,0.0040032406227489305,0.04312062042218134,0.03455428748056972,TNFSF14/CCL7/CXCL13,3
6,GO:0042093,T-helper cell differentiation,5/246,81/18986,0.06172839506172839,4.764127270902339,3.88961421582052,0.004038111208425322,0.04335858015881999,0.03474497418841641,IL18R1/IL6/IL18/IL12B/CD80,5
6,GO:0060562,epithelial tube morphogenesis,11/246,331/18986,0.03323262839879154,2.5648564340628304,3.290629078023673,0.004073656998370477,0.04360226560085498,0.03494024913428837,TGFBR2/ADM/ACVRL1/DLL1/BSG/VEGFA/CTSZ/PLXNB2/YAP1/RGMA/FOLR1,11
6,GO:0002695,negative regulation of leukocyte activation,8/246,196/18986,0.04081632653061224,3.1501576240252196,3.466753838092923,0.004119632637268056,0.04381791077821478,0.035113054288280446,MAD1L1/TNFRSF14/LILRB4/CD74/TNFRSF21/CD274/CD300A/CD80,8
6,GO:0002700,regulation of production of molecular mediator of immune response,8/246,196/18986,0.04081632653061224,3.1501576240252196,3.466753838092923,0.004119632637268056,0.04381791077821478,0.035113054288280446,IL18R1/IL6/TNFRSF14/LILRB4/CD40/CD74/IL18/CD160,8
6,GO:0035150,regulation of tube size,7/246,155/18986,0.04516129032258064,3.485496984002098,3.5598398378520555,0.004135484206871356,0.04384905598098285,0.03513801219193656,CD38/ADM/NOS3/VEGFA/SCPEP1/NOS1/CALCA,7
6,GO:0042246,tissue regeneration,5/246,82/18986,0.06097560975609756,4.706028157842554,3.853246987908255,0.004255824272430411,0.044307584074443455,0.035505449195491486,HDGFL2/CCN3/YAP1/MSTN/KLK6,5
6,GO:0042311,vasodilation,4/246,51/18986,0.0784313725490196,6.053244061852383,4.140099403792481,0.0042653671696221114,0.044307584074443455,0.035505449195491486,NOS3/VEGFA/NOS1/CALCA,4
6,GO:0046596,regulation of viral entry into host cell,4/246,51/18986,0.0784313725490196,6.053244061852383,4.140099403792481,0.0042653671696221114,0.044307584074443455,0.035505449195491486,BSG/NECTIN2/CD74/FCN1,4
6,GO:0048013,ephrin receptor signaling pathway,4/246,51/18986,0.0784313725490196,6.053244061852383,4.140099403792481,0.0042653671696221114,0.044307584074443455,0.035505449195491486,EFNA4/EFNA1/EPHB4/EPHB6,4
6,GO:1900047,negative regulation of hemostasis,4/246,51/18986,0.0784313725490196,6.053244061852383,4.140099403792481,0.0042653671696221114,0.044307584074443455,0.035505449195491486,NOS3/THBD/PLAUR/C1QTNF1,4
6,GO:0031960,response to corticosteroid,7/246,156/18986,0.04487179487179487,3.4631540546174695,3.5392951032249886,0.004283197045805321,0.044307584074443455,0.035505449195491486,ADM/IL6/AIFM1/STC1/PARP1/GLB1/MSTN,7
6,GO:0043535,regulation of blood vessel endothelial cell migration,7/246,156/18986,0.04487179487179487,3.4631540546174695,3.5392951032249886,0.004283197045805321,0.044307584074443455,0.035505449195491486,EFNA1/ACVRL1/PRCP/NOS3/VEGFA/CD40/TGFBR3,7
6,GO:0071456,cellular response to hypoxia,7/246,156/18986,0.04487179487179487,3.4631540546174695,3.5392951032249886,0.004283197045805321,0.044307584074443455,0.035505449195491486,AIFM1/EGLN1/VEGFA/STC1/HYOU1/MSTN/VASN,7
6,GO:0002294,"CD4-positive, alpha-beta T cell differentiation involved in immune response",5/246,83/18986,0.060240963855421686,4.649329023410717,3.817462338176428,0.00448178423132477,0.04581110313684435,0.03671027949259899,IL18R1/IL6/IL18/IL12B/CD80,5
6,GO:0002026,regulation of the force of heart contraction,3/246,26/18986,0.11538461538461539,8.905253283302063,4.6213765652332714,0.0044825482586007435,0.04581110313684435,0.03671027949259899,ADM/NOS3/NOS1,3
6,GO:0045624,positive regulation of T-helper cell differentiation,3/246,26/18986,0.11538461538461539,8.905253283302063,4.6213765652332714,0.0044825482586007435,0.04581110313684435,0.03671027949259899,IL18/IL12B/CD80,3
6,GO:0050860,negative regulation of T cell receptor signaling pathway,3/246,26/18986,0.11538461538461539,8.905253283302063,4.6213765652332714,0.0044825482586007435,0.04581110313684435,0.03671027949259899,LILRB4/CD160/SH2D1A,3
6,GO:0001974,blood vessel remodeling,4/246,52/18986,0.07692307692307693,5.936835522201377,4.084295959562446,0.004574594206351209,0.04633312878253627,0.03712859963866512,CST3/ACVRL1/NOS3/RSPO3,4
6,GO:0003197,endocardial cushion development,4/246,52/18986,0.07692307692307693,5.936835522201377,4.084295959562446,0.004574594206351209,0.04633312878253627,0.03712859963866512,TGFBR2/ACVRL1/CRELD1/NOS3,4
6,GO:0050922,negative regulation of chemotaxis,4/246,52/18986,0.07692307692307693,5.936835522201377,4.084295959562446,0.004574594206351209,0.04633312878253627,0.03712859963866512,NBL1/SEMA3F/CXCL13/CCN3,4
6,GO:0002287,alpha-beta T cell activation involved in immune response,5/246,84/18986,0.05952380952380952,4.593979868370112,3.782243321667336,0.004716158504840772,0.0474834593677292,0.03805040580354121,IL18R1/IL6/IL18/IL12B/CD80,5
6,GO:0002293,alpha-beta T cell differentiation involved in immune response,5/246,84/18986,0.05952380952380952,4.593979868370112,3.782243321667336,0.004716158504840772,0.0474834593677292,0.03805040580354121,IL18R1/IL6/IL18/IL12B/CD80,5
6,GO:0030198,extracellular matrix organization,11/246,339/18986,0.032448377581120944,2.5043288485982202,3.2020359886581677,0.0048630965857402505,0.04881800803377713,0.03911983332596408,CST3/COL18A1/IL6/SMOC2/APLP1/MIA/B4GALT1/PHLDB1/CCDC80/PRSS2/TGFBR3,11
6,GO:0001935,endothelial cell proliferation,8/246,202/18986,0.039603960396039604,3.056588585687837,3.3667985157240223,0.004931714203305187,0.049360785521576696,0.03955478275776215,HSPG2/ACVRL1/VEGFA/ANG/ERN1/BMPER/IL12B/CALCA,8
6,GO:0043062,extracellular structure organization,11/246,340/18986,0.03235294117647059,2.4969631755141086,3.1911395511089276,0.004969761815512216,0.04955707912127998,0.03971208071424643,CST3/COL18A1/IL6/SMOC2/APLP1/MIA/B4GALT1/PHLDB1/CCDC80/PRSS2/TGFBR3,11
6,GO:0045662,negative regulation of myoblast differentiation,3/246,27/18986,0.1111111111111111,8.57542908762421,4.513042953500018,0.004995143253603818,0.04955707912127998,0.03971208071424643,DLL1/MSTN/IL18,3
6,GO:0060343,trabecula formation,3/246,27/18986,0.1111111111111111,8.57542908762421,4.513042953500018,0.004995143253603818,0.04955707912127998,0.03971208071424643,EGLN1/VEGFA/TGFBR3,3
