name,wX_01,wX_02,wX_03,wX_04,wX_05
AARSD1,-0.038315381741105776,0.03933090459478266,0.0032577099570457978,0.0025192413305496304,-0.015287847685564376
ABHD14B,-0.0028738068341632233,-0.006721811552491112,0.008507592047353076,0.024488532594380587,0.024045960575315023
ABL1,-0.0027773620103457124,-0.0031064083091610854,-0.025300080112532992,0.010791041160039979,-0.006410893197762546
ACAA1,0.008164340378853083,0.002687204472526744,0.029550419934980848,0.003526795069953358,0.046807194860265404
ACAN,-0.01108444339838961,0.02026809784229657,-0.004796213440365956,0.009209581542157997,0.006729592590455831
ACE2,-0.02293551520230661,-0.039474449818699936,-0.009358233755606848,-0.004179731242390212,-0.01449950941809787
ACOX1,-0.007745149005450241,0.005657333411596512,0.003268067559266989,0.010276671016166536,-0.010437914892639755
ACP5,0.02131114642900573,0.007399528376236985,-0.009663164536541494,0.0026346401148199757,-0.0455010182634137
ACP6,-0.00811241802724759,0.0028665533678075956,-0.022412734382422105,0.002528170731416764,-0.00659088184921004
ACTA2,-0.008956056339973626,-0.00871660383230882,-0.003992001999632233,0.013626902226367664,0.001006473416884594
ACTN4,-0.01301432808559248,3.50392328081322e-4,0.007742785744723543,0.012841339983970142,0.003676497533597552
ACVRL1,0.007065330072486467,-0.02464869825246939,0.018377270519753065,8.496557902438336e-4,-0.030219167100727994
ACY1,-0.03904885329050431,-0.03391946491987486,0.013850480965527113,-0.010676964902207006,-0.0456089981277528
ADA,0.009561442982968469,0.0027769175858817162,0.003282328163013045,-0.010576742949383995,-0.012526646761865965
ADA2,-0.007214052162106032,-0.01317212847792813,0.012518130209361189,-0.005843041104093371,0.03167280713223391
ADAM15,-0.011735320918597839,0.0036601953926335513,-0.011386496209679766,-0.006412043034488465,-0.01915744894554836
ADAM22,0.012844111547118795,0.002576514819868783,-0.010751968466028076,-0.011725110736527301,8.687767104789336e-4
ADAM23,-1.6217439228911435e-5,-0.017631812103689994,-0.00398806414581224,0.02598740311721044,8.071703729979827e-5
ADAM8,0.00565519204644743,0.003076253021826837,0.005638731487872561,-0.02255915977974573,0.023684689660558502
ADAMTS13,0.009810389650927537,-0.0275582947277105,0.009751043529837524,0.017314517220808606,-0.01924584691402079
ADAMTS15,0.02789724211654387,1.5109843729783185e-4,-0.008443360165738621,0.013078657423488805,-0.013224402908627688
ADAMTS16,-0.0017057804721546596,0.006502132679905268,0.014553084189072859,0.006019886388279373,-0.005792640998759756
ADAMTS8,-0.011509100819935463,-0.01182312782294362,0.005858251066031969,-0.0163476230827976,0.017983875404731373
ADCYAP1R1,-0.012869542988150295,0.013976414062706024,0.01190126353128527,-0.010411237951516227,-0.02574899977275491
ADGRB3,-0.0038343487514268565,0.00937016026395366,0.0012970431275441774,-0.008854262014781008,-0.00507235066255894
ADGRE2,-0.002762911188428542,-0.037517910952480894,0.013875610046639434,-0.04616828205607821,-0.027492895365725353
ADGRE5,-0.018433321263806392,0.023002416386296017,-0.00111848056591289,0.01905935784011404,-0.004525655251651967
ADGRG1,0.009006962963913477,-0.012629494911065069,0.009076275824931267,-0.031229872015374506,-0.018082489900535344
ADGRG2,0.01939629160199332,-0.014895315151961274,-0.018772987452433765,6.264002152779721e-4,0.029681969929520814
ADH4,0.022326176298794412,-0.044850890615931886,0.04599376381740407,-0.0037339440817712615,-0.009123846263528614
ADM,-0.0029055496549460435,-0.023806573700727217,-0.011947528351412025,-0.046944784226763396,0.0174099289596514
AFP,0.007830416184417075,0.016648174793527714,-0.003703732218876444,0.03883223917325779,-0.01837522070543185
AGER,0.009824796448060455,-0.016429975446110877,0.01588596936034381,-6.476171676313018e-4,0.01729348467287482
AGR2,4.308822930565318e-4,-0.010862369272748959,-0.005179394467581598,0.01583708264427489,0.027235952239015346
AGR3,-0.008261144336495323,-0.004692553137534695,-0.011818681826076127,0.02046634518583234,0.02525892581212293
AGRN,-0.006833806075131776,0.022414507519333386,-0.009372300121244214,-0.02239839411143202,-0.006348995016439353
AGRP,0.005741534261690393,0.02950739669571096,0.03639237435775818,-0.002217396647808735,0.002470723676500587
AGXT,-0.037641413452323726,2.1347854274699648e-4,-0.004688023499443769,-0.015812570839093886,-0.03943869826648082
AHCY,0.026025864823410953,0.011559729540667097,-0.04263522537054692,0.043636503506607485,0.06204804307463357
AHSP,-0.025796055624230235,0.02828715962685751,0.0021179773156659665,-0.018682883524880088,0.08177301725488154
AIF1,0.012398127539390267,0.017569197395297487,-0.015846876907228594,0.006303977543582652,0.009743766600724145
AIFM1,0.03896514287647074,0.03960088210306798,0.030017028164080535,-0.013134802172845158,0.05003392849787887
AK1,0.024865874814558483,-5.102786624553102e-5,-0.05912399246364171,0.09499003632982096,0.11233259102766964
AKR1B1,0.008152368608367665,-0.006908602683205171,-0.006395831577284571,-0.009159131516953871,0.03259386140421848
AKR1C4,-7.64252211139422e-4,-0.003406245420382534,-0.010841524976187046,0.02028911829777384,-0.008928606948719187
AKT1S1,0.004837321586411278,-0.00484162124921748,0.021096746524670775,-0.029459435869057034,0.03569055104926196
AKT3,0.0186619325968167,-0.009135063865084711,-0.00647160335022545,-0.017063116173179876,0.02134163363142988
ALCAM,-0.008032967019191437,0.026734828116968853,0.030860955157796487,-0.030353790937747607,0.060340201699817256
ALDH1A1,-0.009058916581205606,-0.009213050532407922,0.02834289782808201,-0.024862952795428713,0.014835302493156195
ALDH3A1,-0.006783304975871292,-0.0037018124839183967,-0.004192658241338434,0.015539113218264395,-0.025816100748934704
ALPP,-0.010753465682734104,0.004703584650250214,-0.0010597525611712232,-0.01377279335499495,0.013583541554597806
AMBN,0.016065435056112267,-0.01443845543214878,0.02112253221005217,-0.01867932436281912,0.012952360050939263
AMBP,0.04939856056829131,-0.02405576228225977,-0.024379712970694793,-0.011292706912882637,-4.4441830574948956e-4
AMFR,-0.009097948341691099,-0.004169866910017192,0.0394665446812027,0.0014781164382174107,-0.04149512386468186
AMIGO2,0.00786319260270681,0.005993918058783144,-0.01274150433736323,0.009155863865454467,0.004868713437035464
AMN,-0.009692215009962831,0.0068407576457543695,-0.006992147130101495,-0.0177159537204248,0.00943115101068213
ANG,0.007594739430868659,0.008961452198933384,0.0346732340396884,-0.029514626474522992,-0.04139431395230845
ANGPT1,0.02680086824113422,-0.004657720452983925,-0.004173888476558249,0.0482465415807199,0.027997816674128095
ANGPT2,0.0069939396962711035,0.001577686528081868,0.019196333547957908,-0.005549688238431677,-0.02278792595974967
ANGPTL1,-0.03714485479793605,-0.02728411650946575,-0.00423168565168801,0.002232505086763487,0.06684437302711244
ANGPTL2,0.0026406302615252252,-0.03643341403091158,-0.013051077148063684,-0.0012566525033335814,-0.02901089656988619
ANGPTL3,-0.025725020366008537,-0.11508899531130473,-0.04995072669948844,-0.03725262910897412,0.0921448377489483
ANGPTL4,-0.0477987747335174,0.03376704060265457,-0.004756056126404276,0.11004778116872624,-0.0556325278905453
ANGPTL7,-0.01997993233276098,0.01312438730998238,-0.038387013402444554,7.538575615311775e-4,-0.007528159125402477
ANKRD54,-0.0032586884129122483,-0.0044611793567274766,0.014937394066076358,-0.0031295047182984355,0.030009149925691876
ANPEP,0.014475745414986332,-0.015166651988307845,0.012357192999222772,-0.025014147189717926,0.008413000681140493
ANXA10,-0.007615485097937632,-0.009341685415148498,0.009810603736750018,-6.323201487495047e-4,0.017033270220863657
ANXA11,0.006324250486765266,-0.008044083316755707,0.03683578388335058,0.032791395287366874,-0.061785440259506455
ANXA3,-0.01573452562150726,0.03349830599499196,-0.017502872580887556,0.11605897714791497,-0.05455111730464638
ANXA4,-0.06471914873951813,0.04422254838157816,-0.019800268323506086,-0.06929019903010764,-0.015147489188600842
ANXA5,0.0020840701652198096,-0.0032349447587981706,-0.006225089741968256,0.011455833478126985,0.0035723845404693234
AOC1,0.002013152516948259,-0.0028684181071293386,-0.004317394712789041,0.006437723374349111,-0.017405462463891092
AOC3,0.012258928837046426,0.002125724056639105,0.0017243016562290081,-0.016513870399807083,-0.009299452411967085
APBB1IP,-0.011661806597777028,-0.008002983022796471,0.010265589682601425,-0.051784435987327924,-0.035493631035931346
APEX1,-0.010367727531312187,5.160271256255828e-4,0.009020337124748387,-0.05482679660570944,-0.02518702576718879
APLP1,-0.033121169392301406,0.01939899293154627,-0.02827914108330017,0.01519632544493365,0.007079562399615407
APOH,0.004415468097983332,0.002153004960174658,-0.0271587271317763,-0.001313539978976209,-0.014885144957831754
APOM,-0.06908831550208529,-0.08840419436110303,-0.04506529974503327,0.12409466502411136,-0.024358862235719415
APP,0.05240761121570355,-0.04271796456570489,-0.018290806493105896,-0.04752622495514762,-7.771136825785681e-4
APRT,-0.03470434894951526,0.009441170774171663,0.03735721833629106,0.013065412534637085,-0.018494070056197052
AREG,-0.011524093365567525,-0.00965113828481212,0.01591620687960977,-0.006385144458930035,-0.039566661424992905
ARG1,-0.018382414161773816,-0.012680510565810531,0.037298800779531745,-0.05211569349251112,-0.03134130969872818
ARHGAP1,-0.006428880201844073,-0.018155381049056857,0.05021104434958683,-0.029825890806146445,-0.029421107282243973
ARHGAP25,0.0037000485330388254,7.08449594475007e-4,-0.0020231361381325605,0.03125909627588463,-0.03468175221582779
ARHGEF12,-0.009291568710935718,0.011342027646523105,-0.03170305264176205,-0.02805813717771727,0.02901605166627465
ARID4B,0.009928035182524525,0.0033600994149130593,-0.012488044477066012,-0.004776143511844316,-0.0021397310717144727
ARNT,-0.0067151887796438985,0.00422311541229511,-0.001419068872437891,-0.022724395057528803,-0.02829920380048198
ARSA,-0.01336389746184212,0.023157445679922957,-0.007318860948563176,0.017559824308790002,0.0020576101070532665
ARSB,0.02221623447668961,0.0030711474945157584,0.04708694414114371,-0.007306374232155661,-0.018086504605329075
ART3,-0.012317554600370692,-0.008737418323671104,0.025047246484897086,0.013222482579839785,0.0176904228931571
ARTN,0.0038567270610756705,0.003257902137551968,0.007476875970678676,-0.003415091220803696,8.137101801569102e-4
ASAH2,-0.0060378510013511496,-0.020369602792049534,-0.028725315162109855,-0.019764244859895655,-0.005758612031304333
ASGR1,0.021830587191049015,-0.033103115521455756,-0.043729387135547894,-0.03554741255674347,-0.00994660036870413
ATF2,0.0010127179918321446,-0.012594060795765565,0.0019415628218609666,0.004628806576663238,-0.003709014093529866
ATG4A,0.007963759547062957,0.06044260499894208,0.007911565965427268,-0.022294945522197525,0.027326946152818284
ATOX1,-0.0015481264333715662,0.016645498085945787,-0.007709218223711712,-0.04686189619942392,0.0067924520261351436
ATP5IF1,0.004449088110348536,0.036619161698593715,0.05667161040242142,-0.09342211295445528,-0.01783418879907505
ATP5PO,-0.0017569467296710516,0.005731182636017108,-0.006358988360304836,0.008521442634078108,0.016484517112638895
ATP6AP2,0.006114853993011357,-0.012096986890464009,-0.0163316809886443,0.00530281472571328,-7.090951327281883e-4
ATP6V1D,0.008051782234530545,-0.01803811306921318,0.01235151497789407,-0.009323205230017374,-0.008216042027356086
ATP6V1F,0.001045986439616064,-0.021951707488438055,-0.015058302362628895,0.0031560749666840753,0.009495181229089192
ATXN10,0.013298992572525637,0.029588774465603825,-0.012725269287089665,-0.011810054775341928,0.020309328420208987
AXIN1,-0.036618729121738004,-0.06351881630760886,0.008637117798177284,-0.060625983134693445,0.21829709411763681
AXL,0.007145336258967428,-0.009455305638651434,0.032292052172387085,-0.021121906923327428,-0.0071165311517410275
B4GALT1,-0.006896371198464751,0.0035156349581813968,-0.037347916122314244,0.002734313866603304,0.05881837208248165
B4GAT1,5.158684803757529e-4,0.016961765540037685,0.017896089627168307,0.038181026344610576,-0.06845825301026585
BACH1,0.004609876526527637,-0.019581817450754536,-8.159075466406903e-4,-0.03714289860027989,-0.03153229947227106
BAG3,0.01817719604427046,-0.011554624156516594,0.006748507683952323,0.025460310603180235,0.014919377928017796
BAG6,-0.01739491781936845,0.026488430816938375,-0.02762580535621372,0.011986697984595753,0.09444509362463543
BAIAP2,-0.0038898531568470813,-4.426259155937467e-4,0.0024539533810040205,0.013835255541195302,-0.01079337347872164
BAMBI,0.015116960633259097,0.006691753975121827,0.0054274645324609745,0.011006024674665044,-0.05497609057575019
BANK1,-0.019445235487229436,0.028679913785064907,-0.009980532549280389,0.00404059709496839,-0.05061558394649943
BAX,-0.010169723367226113,0.0145778693870635,0.005865928898966407,-0.0033703231336507647,0.04104888742881989
BCAM,8.604134489622787e-4,0.0072946589035570416,0.06669132810991554,0.0035028994090186664,0.0318280736416444
BCAN,-0.005987738145089468,0.04147478492892715,0.0034859266639865483,0.006441247655710204,-0.013052844369867613
BCL2L11,-0.02551462610139873,-0.008255006848752668,-0.053742194246437315,-0.052787388924128806,0.008348973573533487
BCR,0.017775789066857686,0.008667065656168182,0.038725519828142985,-0.0012897131851447867,0.05933654630921491
BGN,0.020414854587123624,0.0036704128207796704,-0.004416810578126361,0.04324297233576913,0.006879938699916675
BID,0.003887871101257286,-0.003318354761877549,0.04102880248213079,-0.01970766737074578,0.03929022184260082
BIN2,-0.005341511715393477,0.013977640005514859,0.042075548734565454,0.036175341320355506,-0.010158349716508802
BIRC2,0.026686619367885637,-0.009185801964559906,-0.030132749935336448,0.0258898796885659,0.04621089448109982
BLMH,-0.009954334020486871,-0.005293978759429284,0.024587371137955265,0.0019570326109297773,-0.04495597468678911
BLVRB,0.041741090564384034,-0.007122192113526199,-0.028196582024590956,0.03101479252078957,0.05390783919724455
BMP4,0.016280789831940107,-0.00661967669782793,-0.02759848130139998,-0.03211489701621302,0.002781995753632192
BMP6,6.356526038212532e-4,-0.004625488146573486,0.024415892988818487,-0.02576430696517248,0.012828660037707086
BOC,-0.018536138721082025,0.016023942850756825,0.01085628630600469,-1.6064566829834047e-4,-0.034615717840899375
BPIFB1,-0.030675027188052918,0.013365818535393802,-0.03872435385174035,0.01915155722030618,-0.018026789015373194
BRK1,0.011422176976059838,-0.013229761442779642,-0.001503189241710546,0.0079711336063496,0.04449491509378655
BSG,0.013580660376166346,0.007190846411997804,-0.0018868826113564827,-0.01784404047716851,0.06752677025660035
BST1,-0.0077251027310576035,0.0173007040345799,-0.009632097034424445,8.051751909163706e-4,0.0014969079670198561
BST2,-0.0027501296233978846,0.0059331491918580065,-0.04796952981258252,0.02554012338894199,0.01270283067989835
BTC,0.005220027544905599,0.015004956158619218,0.011913757492999423,0.025733694628541658,0.0015189192016288491
BTN2A1,-0.018242105130787886,0.01472684301350458,0.03227931087753221,-0.0338974100758612,-0.021297462166220006
BTN3A2,-0.004921398621509144,-0.007657222445037996,0.010990926585726117,-0.004355990794083077,0.011834412120230228
C19ORF12,0.005202311370021907,5.291069034156548e-4,0.014335045523546783,0.02724262481308505,0.03616668522559257
C1QA,-0.009315142531886264,0.006551973329019966,-0.015085908016776008,-0.01441910804120476,0.039351830383460205
C1QTNF1,-0.025962622202260907,0.030977885665712013,-0.02453160493067971,0.0017870193029645666,0.023967297800875545
C2,0.0076014476669795505,0.01914350442448707,-0.005171016797649218,0.019758807521730717,0.014683010842951864
C2CD2L,0.0013143867458701945,0.0060778176116753355,-0.01037086830633838,0.016221676449241787,-0.019045111009820325
C4BPB,-0.001663006330640076,0.031272774672144975,0.01039104055375405,0.023894052309300737,-0.006670774475620072
CA1,0.010252689525717335,-0.010490095729521408,0.06207320421895512,0.04013452669978896,0.007210274948726403
CA11,0.009837849209959684,0.01702161432241202,0.011169344500988157,0.01795938181310113,-0.02287779807716313
CA12,-0.005632791578583437,0.006333282640052451,0.0054205149831950145,-0.008558211065017293,-0.015362559333343235
CA13,-0.02431031871753506,0.010054369602259245,-0.013105659456302503,-0.05393012200724593,0.007515677527262788
CA14,-0.03296881928145042,-0.030382644165444932,0.08168039682016438,-0.00882052557611608,0.032596268619073464
CA2,0.011343171321734537,-0.08412515937684598,-0.02216527140869787,-0.062491010961541936,-0.03896763575172618
CA3,-0.007959037819403237,0.02062792715126672,-0.0011698904542487099,-0.005643360817810447,0.03809872563261088
CA4,0.0075972219668178145,0.016971075892444013,-0.021408341975921834,0.011339532538357686,-0.06637877033275771
CA5A,-0.0048376655934898516,-0.009784890348492425,-0.035644401156308306,0.005787925537120589,0.012494457395517668
CA6,3.227878152965798e-4,-0.0012603455095526487,0.002994750801044107,-0.0071463145905352535,-0.0183611825392346
CA9,-0.02374649359946048,-0.012530696952890585,0.008704497846300339,-0.05160208325821431,-0.01360107552301217
CALB1,0.010097804034472049,0.010236176411847249,0.004337684599524788,-0.0013300798829528988,-4.037345697986901e-5
CALB2,0.00783151115446925,0.02201829654698577,-0.015729441949675523,-0.0015780055901423835,0.016089750183628716
CALCA,0.01735525467148637,0.006636502570454475,0.017258580738582552,0.020289031348042975,-0.010870383759888545
CALCOCO1,-0.03756714182340297,0.0434457414483101,-0.016821007759206894,-0.07681285222292626,-0.03577727499094173
CAMKK1,-0.01473582757953402,0.007091222035462772,0.0025677985951927814,-0.04204182475123451,0.02334669016694036
CANT1,-0.02304271357742778,-0.009883372816999846,-0.006734271767042318,0.07132542322878954,-0.013702652769945462
CAPG,0.0019249144294676735,-0.0068124866380159955,-0.024588347491920463,-0.0056186175565111395,-0.013568768874913859
CARHSP1,0.019932096997207792,-0.012807383292176651,0.004353447049376404,0.026023881035329488,0.037640577251338535
CASP1,-0.010537283991437617,0.009190103074685717,-0.0028335799218544124,-0.02488696131081472,-0.02131540367658035
CASP10,0.0014047332897427812,0.01282425136747918,-0.002364005403029826,-0.011183409057922363,-2.164382810968085e-4
CASP2,0.02939798686855081,0.021183609921192944,-0.0549211472161458,-6.614481113413596e-4,0.04325268859506545
CASP3,-0.0918963695143307,-0.0032303934847645304,-0.16257327230842264,0.07222640344840264,0.11941817049710539
CASP8,0.012126628597012695,0.05330483086426725,-0.005089126548181349,-0.009697658030460469,0.017177087538192647
CBLIF,8.243055901416871e-4,-0.0026253448805281625,0.00425282596530671,8.090197007724047e-4,0.0401393285875223
CBLN4,-0.020466857476689967,-0.0010621378282476782,-0.010551310930069602,-0.010512577704618466,-0.016870410746972972
CC2D1A,0.07905888921947807,-0.04638837559891244,0.01777907778205542,0.07406357892949801,0.006115924892287508
CCDC80,0.02124397428616686,0.03180581951096353,0.035089570718681865,-0.015605504567419732,0.02647514529562647
CCL11,0.009099283020071115,-0.006555784487100606,-7.829738321208409e-4,0.022679643155599918,0.05220245542229107
CCL13,0.006336692509110268,0.02330762706285655,-0.003551510092789662,-0.026046974093701873,0.030480482969181575
CCL14,-0.0011972666499029832,0.016613452258147428,-0.03747842848470238,0.010625383332023577,-0.001191600629008505
CCL15,0.01179641934714622,-0.016273407542084468,0.0066183418407169455,0.0017213275417266507,-0.005378433228177005
CCL16,0.0058829992662249335,0.0030428532336605513,0.014258313558017294,-0.03261181068862639,1.6010478585200147e-4
CCL17,-0.013915094911404916,-0.014506627561931012,0.004518057404275548,0.023631086733769846,-0.02513423218504716
CCL18,-0.021252768635475244,0.019511458708371166,-0.02626978330910715,0.01092373673359883,-0.021915146838787515
CCL19,-0.013000183622227232,-0.011812194720252224,0.0048770777021784695,0.0021004690173813284,0.004261408037386674
CCL2,-0.02193997219409885,-0.026281951720083355,-0.016062114855639017,-0.010689086282346947,-0.030899500497859632
CCL20,0.004713372972471271,0.004279496106973398,0.006477635270059067,-0.005113007281638431,-0.008590596157218734
CCL21,-0.002308515266914515,-0.010368096864845543,-0.015125212000407198,-0.04038563547112637,-0.022613171069948222
CCL22,3.900108146724407e-4,-0.004188553673700082,-0.008562348460043825,-0.0032831363819981903,0.02037437720633904
CCL23,0.00417312527522536,-0.018998559681110343,0.013135751665032629,-0.0023357392630974525,9.032315217799214e-4
CCL24,-0.00571860501424006,-0.017258524872715803,0.0051293395275307345,0.004035521743751132,-0.0071144937850029615
CCL25,-0.005581772853097953,0.010073510288511825,0.011647218646083589,0.013794601297057302,-0.00683570865679052
CCL26,0.011905634163802468,-0.011940506574908498,-0.01829988346718248,0.028216107744007547,-0.015071120565701156
CCL27,0.00553408431522218,-0.00419800705579985,-8.669150822920847e-4,-0.02467547865339125,-0.020686453303474784
CCL28,-0.01585990094641556,0.025877429509130006,-0.0017146165333899802,0.05317501780590591,0.008096349642695774
CCL3,0.005437445547136909,0.012409119761481026,0.0220610106846732,1.8839967574171902e-4,-0.0010083457199331273
CCL4,-0.0063797256661880545,-0.0023274430662231066,-0.009687271915704811,0.0060826747922410026,-0.01495272023282994
CCL5,-0.0029902745186548754,-0.009061273666746045,-1.6873035906356902e-4,0.009830654686610034,0.03525140403491577
CCL7,0.008459537977148103,0.013994079652889247,-0.0020131824838933348,-0.002800016218590165,-0.04658864221312354
CCL8,0.00479559548002556,0.007316646927320034,-0.015165865714521208,-0.029435508931789037,-0.008347815060887148
CCN1,-0.006282002782050585,-0.026316741069829522,-0.027919706108838597,0.007355512336008535,0.023392982522105248
CCN2,0.0068722700481479194,0.03306747980023651,-0.008189359786424509,0.019211852165067808,0.04506395530734597
CCN3,-0.006620083189386713,-0.004320905528981744,0.016156641714261014,-0.01692283526515825,-0.026498907929806668
CCN4,0.004076844250068026,-0.011092009359004168,-0.004722981822111618,-0.0013772884389187143,-0.007908648044330148
CCN5,-0.001875396091572915,-0.03133526844485813,0.0032621520439849914,-0.0040855127968031195,-0.03662580657303748
CCS,-0.014798926260170287,-0.015752755829787874,0.037000654483305286,-0.017529891557820615,-0.035454901978059776
CCT5,-0.01866909047971837,0.0025808309440452496,-0.047631829933728664,-0.045064782156758146,0.023071114850542595
CD109,0.003363274068649795,0.018922021924985623,0.01689347140333502,-0.011468627330732738,0.01126088653513907
CD14,0.012043504839307363,0.03320887933905142,3.7431106590829206e-4,0.046221963762025975,-0.03310899242314954
CD160,-6.497721252233335e-4,-0.0025126877888095416,0.029116969252738358,0.022662304900731203,0.013837941973506176
CD163,-0.02255605043660551,0.003347361834752695,0.06953386946123256,-0.004640823313286713,-0.01976488572315261
CD164,3.813176663446029e-4,0.009832365427696596,-0.005259415017713965,0.022574320489832427,0.03683867520142329
CD177,-0.004669901721240971,-0.006755313752202929,0.007761875721172826,0.016406515236953405,0.009406837489649265
CD1C,-0.0016400576076685254,-0.013176227972058077,-0.003759552645602084,-0.024467632840019106,0.026248725107231582
CD200,-0.014624883608535078,-0.012991509091737264,0.013981909517883898,0.009133299552438941,-0.023288180654271413
CD200R1,0.0059119879383730065,0.002771203903123275,0.0018017010681586334,0.0023782799258576684,-0.001680226795565261
CD207,0.003563586514257397,-0.011815899392834858,0.023838313280530463,0.008002758369296724,-0.022693087946359894
CD209,-0.014519433691860392,-0.039942276478448904,-0.014275408273078407,-0.018565370725353157,0.03016623852991268
CD22,0.03368753348927669,-0.01348359835764581,-0.03148734920092862,0.029763029887388853,0.008328303528412627
CD244,0.01948250954129414,-0.010295612274146807,0.02145497422138896,-0.014325564560353977,-0.017708563380827786
CD27,0.008632703333868954,0.039943319230362276,0.019590393712967127,0.0037297912206667276,0.07383378601407883
CD274,-0.0017149355491483693,-0.013071127647351279,-0.0028343466715868445,0.01173243134697001,-0.002679410239345613
CD276,-0.009826632281072556,0.007614817864524176,-0.018129527259079736,-0.022223925110617486,0.019269684047917027
CD28,-0.001988006434531463,-0.006574325280462383,0.0033149575782197983,0.023293971010770208,0.008820737806376475
CD2AP,-0.002883675846676898,-0.015863142683762915,0.023162805324346527,-0.041480571085748874,-0.058961033175417905
CD300C,-0.0011271834920693383,0.005972912658058015,-0.014409649373091965,0.0010444781822348027,-0.03289623383996588
CD300E,-0.004656843380731257,0.0027986685723049914,-0.018489164253464953,0.0630718932772144,0.055954551745678455
CD300LF,-0.018208259780574994,0.005599584624538268,0.006106256983317309,0.012031243737987895,-0.024896614945108617
CD300LG,-0.08530256776164946,-0.07523830282749107,-0.12532854545666897,0.0321010431458994,0.08649972888299359
CD302,-0.01508192993279633,-0.0128855922976958,0.02444478437423841,-0.00979079097059943,0.020738129033459125
CD33,0.0018175640632406194,-0.0016216223692995103,-0.006388923520000416,0.02033293386403406,0.008714169589657162
CD34,0.014463745370525439,0.010470773218601976,0.010625230819458634,-0.028258059405085443,-0.014243191607004962
CD38,-0.001210976953437536,0.014153671621168205,0.0071725088259735345,-0.02271624559965418,0.04347370182979292
CD4,0.01620555275166875,0.018746172152558735,0.03118103878572548,2.1443842227767605e-5,-0.01788514907143972
CD40,0.03681235217232096,0.028366477977207503,-0.005163744844054432,0.025208552604425387,0.06516494180182304
CD40LG,-0.026391788532604446,-0.010635564609823426,0.04119482030029484,0.0060652882431222995,-5.554327794378483e-4
CD46,-0.018276748305702705,-0.02148210285985276,0.009274289356229133,-0.02412400271282836,-0.009285162231529347
CD48,-0.019620118526802927,0.009178560216184073,0.021976172851032916,-0.004623133150935162,-0.03107388693212339
CD5,0.004290871937000362,0.031802704519854466,0.009869908403870989,-0.02324351167923405,-0.0011594764130059682
CD58,-0.015118774973934521,-0.035929227750716865,0.014401027397852284,-0.01578800514950687,-0.009803739392699077
CD6,-0.024963137395207054,-0.008897651729572355,-0.018669382445798827,0.012627442916263311,-0.008522180055762453
CD63,-0.006737485498941604,0.013464555510177141,0.03007720991014303,-0.028717328126905615,-2.9811475394252407e-4
CD69,0.04892044521984792,0.13670628263282503,0.07039683942712206,-0.015448431693486805,-0.07440697321991795
CD70,0.009034876441897658,0.0010113034808082318,0.003410053635140605,-2.4412687196105786e-4,-0.027836363030105043
CD74,-0.010016549008019841,0.014517262498905156,-0.0778708774684614,-0.025243429424606927,-0.011562169773880472
CD79B,0.010706913158046349,0.009621685539767303,0.02088314766398792,-9.82871092203189e-4,0.006255313363046959
CD83,0.00353380856026597,-0.022378762023814242,0.013082403566866378,-0.0045114897115973536,0.007457403656134591
CD84,-0.013462153842795739,0.026841716605885836,-8.9440037071174e-4,-7.942079135688337e-4,0.015146308044450819
CD8A,-0.017238137726603105,-0.008829832038467059,0.00188953994515139,-0.003743675863257472,0.0012710525970256437
CD99,-0.03504148526084655,0.03889659515631104,-0.0951595548793307,0.008165638344688796,-0.08246425390518877
CD99L2,-0.02484586621246431,-0.06996805070490397,-0.0693458993196406,0.076789068506318,-0.0016493609423278018
CDC27,-0.01583400626147433,0.017472515597267497,-0.02752879503541586,0.016217998036010213,-0.011050014849579048
CDC37,0.02850655678401016,0.009256503718873928,0.007805780078256298,-0.024497439552111498,-0.03874042232325577
CDCP1,-0.006259030199775221,-0.010028975975960875,-0.003800595283292939,-0.014409555643254966,0.012536585328226714
CDH15,-0.003996339292363144,-0.017614942118545328,-0.0011618827729897355,-0.0035202522292995843,0.01064960084380528
CDH17,0.020554021406245234,0.003438816304454842,-0.008310759825530083,-0.005637900235139162,-0.0523128611430109
CDH2,-0.0019200957071284501,-0.008692659223337059,-0.02432831839957706,0.009232900213058075,-0.0057447823760551926
CDH3,0.005220606053783395,-0.005956076906764845,-0.04769881701296928,-0.044886829258693625,0.047873353852849174
CDH5,0.007182493924008085,0.03001462626321915,0.022282187688628677,-0.016659604996577582,0.0215532606009141
CDH6,-0.010432982992343028,-0.012558373471061663,-0.017320643903600174,-5.199483893324835e-5,-0.00619689322905952
CDHR1,-0.00881452363972269,0.02271922248439724,-0.024654391843613316,-0.012907861674973053,0.021253065904681123
CDHR2,-0.0058063527104100805,0.003733679553346954,0.008313600813192107,0.016224814251104815,0.026388964299116694
CDHR5,0.013371747588030726,0.012937126364383534,0.0013110682924136058,-0.029245414238875316,0.011188039671807612
CDKN1A,-0.0016418274079327193,0.09821429997017977,-0.0012199352090618864,-0.04074192916828787,-0.03414486395860634
CDKN2D,0.013981699496509308,0.022546547138722183,0.010287975019885383,-0.09569851223761816,0.08089012303170824
CDNF,0.012069758820121245,-0.019216119324941317,0.010537437873862335,-0.010335691733401826,0.008311076506227403
CDON,0.017396779395481544,-0.02168917107202559,0.018877590315635902,-0.014480654125306454,0.0073921169362975445
CDSN,-0.010358942131204108,-0.00695774539034912,-0.019541255431519643,0.006618915643806348,-0.017132833223095476
CEACAM1,0.014762799493519567,0.009899972481234654,-0.012437201315100397,-0.0073010046606197514,-1.9071526870428952e-4
CEACAM21,0.0019501480131493831,-0.017852340379097064,0.004910326431375513,-0.008367106532036367,0.008375087286087067
CEACAM3,-0.00960629468877455,0.010087514668117779,0.017069510018339687,0.027700663866350263,0.01347374220586548
CEACAM8,-0.02953038905651398,-0.057753559272172295,0.027014991166962047,-0.008021846821898472,-0.0075796959978563
CEBPB,0.0023832377624497885,-0.002647257694788547,-0.002150644605607724,-0.006117450809328724,0.009858389168369857
CELA3A,0.010979278841684868,0.002227326536322305,0.0012857268375803341,0.024084366873600795,0.015453038592112962
CEP164,7.127079430566608e-5,0.004496175022970436,-0.013768657498797474,-0.01627216588495991,0.006946210283416373
CEP20,0.050931727264224555,0.007620063446067536,-0.007546308147952574,0.003382351985117118,0.017188673219448163
CEP43,0.004370114583470861,-0.0387476395945684,-0.009592129320525585,-0.029124558061751626,0.013888135022719577
CEP85,-0.0062500377839276805,0.019885949851989795,-0.01841332873430221,0.008137638036883409,0.0014860478694894872
CERT,-0.0016737850184067777,-0.03856529553023594,-2.057842707411863e-4,-0.00975786378284369,0.008939816711634676
CES1,0.0053260986645263285,-0.02270631604763061,-0.023492424438232375,-0.025877061198939517,0.032587737439999966
CES2,0.015607959354177699,-0.0030626985698847865,0.016618888685697625,0.005761939289601174,-0.06700146385780512
CES3,0.014558333063064928,-0.019604334985262626,-0.014493139557774891,-0.017612531897571473,-0.030577188854984345
CETN2,-0.006421414667889388,0.027963806881327973,0.010490621471360862,-0.011619946012091813,-0.020152206073744405
CFC1,0.00797618744504113,0.012739156028292,0.022546740169156466,0.039244898991429696,-0.008625437960343957
CGA,-0.010599261879847497,0.006791151697527841,-0.013468789682958506,0.00889636039007573,-0.005490736230677683
CGREF1,-0.010443839360037012,-0.017686790432476337,-0.029683522210663664,-0.013679032912572936,0.016909543288425675
CHAC2,0.03252671286222438,0.004891534944436104,-0.0034038601540557064,0.00789481940504414,0.0033796219355513787
CHEK2,0.013078282895094783,-0.011178228405085623,0.008075542682406678,-0.0070516550274230165,-0.008335306994539084
CHGB,0.02443672281191168,0.00564180757774322,-0.010338000047186203,0.02274808883720478,-0.007306907121260535
CHI3L1,0.00788580321547343,-0.018073163110232306,-0.033337404212425086,-0.03672159142434464,2.3054045981729389e-4
CHIT1,0.016164942560895797,-0.0105456978837853,-0.011737563070825617,8.688804212591546e-4,-0.006717233711717344
CHL1,0.0025195698422550185,-0.014788392657951885,0.010352971712718982,0.0048364122717430656,0.01185176885594429
CHMP1A,0.04700175494090395,-0.0475780836049997,0.0021784439999126257,-0.018609090396127646,0.04065714392124148
CHRDL1,-0.011598797129327551,-0.03691474911596109,0.044204144467012624,0.03176345444458447,0.04335244996377636
CHRDL2,0.014499373312685318,0.004988046495834459,0.03079381376210674,-0.015909277088234038,-0.016338064353468674
CIAPIN1,-0.058387551728556746,0.044117524793911005,-0.0035476690053175314,0.1762663641580244,0.011320241417212168
CKAP4,-0.013923343986579864,-0.037494530332569755,0.03480244544072125,-0.032561415900349965,-0.05464665028436781
CKMT1A_CKMT1B,0.004384612606799586,-0.006864763734663304,-0.003318719382424293,-0.016833105177562417,-0.01645663938212888
CLC,0.002999285121126467,-0.012163245511895151,-0.032738791679113095,-0.019294512237145674,0.0027710310667252757
CLEC10A,-0.022092129796037335,-0.0030358145816214337,0.0022781913687081852,0.027588937384623712,-0.016133693139815476
CLEC11A,-0.019529649737364332,0.009296032024513458,0.005048237149360199,-0.008360227587710937,-0.028152437366145477
CLEC14A,-0.027100567832955898,0.040458276356715436,-0.008823640710357818,-0.04484612350034931,0.013072383399777409
CLEC1A,-0.00570576190299768,-0.018785436246413593,-0.02908693806481766,0.0229307015798712,0.0484988925553461
CLEC1B,-0.026132189785416444,-0.02737684559812197,0.029839857127506135,0.017998104326766923,0.07780280923801046
CLEC4A,-0.01573734523087967,-6.482294443377873e-4,-0.05261692572998792,-0.03439668367763195,0.011044066712070168
CLEC4C,-0.004024115737030414,0.005184108414828747,0.009209680891679601,0.004007717764945935,0.01098328467624163
CLEC4D,0.01258757778747886,-0.0034971827140048745,-0.02570904080248076,-0.01355137306027511,-0.03513692682658159
CLEC4G,0.02361283141187366,0.004954101745036153,-0.01023178535213775,0.004975576988089097,0.017523265599498218
CLEC5A,-0.013007029240440747,0.018202299251339347,-0.03802058636156046,0.018021817492885946,0.0011047898811551494
CLEC6A,0.0035022353067509933,0.008997116660941884,-0.017380798884595476,-0.012618287233903982,-0.004491326566513238
CLEC7A,-0.020322155268705858,0.0030332401803082,5.992318766633637e-4,0.0015106304660102818,0.0028184815463581244
CLIP2,-0.022269189534041615,-0.021216899657729407,0.0266775006141959,-0.06082258691198295,-0.03236729413473759
CLMP,-0.025067093822526042,-0.02109555840908957,-0.01687937875587196,-0.002962846450993349,-0.009001075162870343
CLPP,0.005315896505962017,0.010051620690892184,0.013442959032977334,0.0020006548916422814,-0.004350483076760294
CLPS,-0.00887114974959643,0.003076223521785868,0.02340345194188112,-0.0036459271337626786,-0.014722250094361403
CLSPN,-0.005848843107910533,-0.005038417829746691,-0.028168885516090092,-0.011008958702423263,0.015051909865411283
CLSTN1,0.01177140884037488,0.013906162195906954,-0.011774903370502646,7.988998242860405e-4,0.007637028992768448
CLSTN2,0.006589622590771311,-1.706243665798677e-4,0.02094282870477537,0.0016289539920295788,-0.019517889987652116
CLTA,-0.018950608816614242,0.007964399041163438,-0.009742654862481074,-0.011063845472471984,0.02225381624111273
CLUL1,-0.02050293166644678,4.293493448583835e-4,-0.003926775710149246,0.04199116176743989,0.04872938738316776
CNDP1,-0.011079870025530732,0.013071082818939986,-0.026608191773000965,-0.02968981466323997,0.019733553308031657
CNPY2,-0.0044854241838237835,0.004115288146197807,0.004139941492285399,0.006049403627580895,0.005308419341914294
CNPY4,0.03419903722064081,-0.023218637779153076,-0.01434025134312955,0.04277575091810777,-0.09563715081576007
CNST,0.06394476555065894,0.08114449926112859,0.019947240989833467,-0.05189733598103212,0.05455499104934311
CNTN1,-0.01446067297610336,0.006586468195309818,0.029529530750845853,-0.03294856611469863,-0.015751077429082213
CNTN2,0.003554627549951491,9.285689701332682e-4,0.0195591383145518,0.0014711972766453757,-0.022016635516045546
CNTN3,0.023874593469470507,9.301402237105229e-4,-9.81478731619675e-4,0.004199460606796042,-0.035933973098675506
CNTN4,0.009882833913026237,-0.0032807482640674866,-0.021006713577081473,-0.03443060041412485,-1.979623981622196e-4
CNTN5,0.015903684809187694,0.0278479080217773,0.019005524954095333,0.007595850922633377,0.04323658822801399
CNTNAP2,0.00812269296383017,-0.02607727669861954,-0.01220105658339653,0.007115720510973124,9.728174073230436e-4
COL18A1,0.0221636997263706,-0.030295923768251243,0.016990068934450462,-0.039613359400257446,0.008151188342032501
COL1A1,-0.0024629880391239755,0.024046572718253775,0.01095789459327582,0.025232133466446403,0.046668170608792726
COL4A1,0.004747638673911246,-0.00514636886175334,0.027109911551127335,-0.025489330470312016,0.03406466642391307
COL6A3,-0.03697537829527277,0.0538655956423124,-0.048920396267299646,-0.039912225023447864,0.010138655519244567
COL9A1,-9.287832744638305e-4,-0.00316725821150589,0.019215020711677428,0.0022260574361719367,-0.04331623432712104
COLEC12,-0.018186374756053104,0.004442083986519276,0.018950145051776137,0.03288193885899324,-0.03464274076814266
COMP,-0.01232294787262158,-0.0050757636596420914,0.026694600749054633,-0.048701779514964565,0.02657289644426224
COMT,0.018084597878744453,0.017745294259688127,-0.012155981174440498,-0.03243050147797752,-0.02189735094435231
COPE,-0.009582554556964365,0.0066732604539976375,8.044647460639525e-4,8.664395076268418e-4,0.012297023618908982
CORO1A,0.00171968547809738,-0.008431056259052749,-0.003341039449263505,0.020391623343837994,0.03775749758727462
COX5B,-0.014186935375249602,-0.015853493867192824,0.014757486523597067,-0.005515724434020114,-0.013380231318473509
CPA1,0.033799945895980385,-0.009714956973275277,-0.011465881823696438,0.016703249792706338,0.04128265139712621
CPA2,-0.005382695880162095,0.008524514568463086,-0.012611973675212882,0.0025381220746174575,0.0336835848889428
CPB1,-0.025667692340885874,-0.016176738687786567,0.04360256996109619,-0.027775776798762003,-0.04286115474151104
CPE,-0.003837520266779604,-0.004899453852645871,0.021629645782760387,0.04091285513699151,0.028492735603177104
CPM,-0.025793725123772367,0.008511787046800445,0.0221881961962439,-0.03324866460502406,-0.026265780053240772
CPPED1,-0.021335286409796084,0.0051395050048157,0.0020596730147157344,-0.002671506773159637,-0.0063753091087985145
CPVL,-0.006247707698779809,-0.018040930201148313,-0.019250145932013827,0.0031895362485346622,-0.024031607914687225
CPXM1,-0.015689698083704753,0.02016064727144955,-0.009081012762041655,-0.011401027599548773,0.04008469770359949
CR2,-0.0027186489191351687,0.00237088185926812,0.02481946983714708,-0.033958562682860065,0.027725886711281414
CRACR2A,-0.015842785493931623,-0.00818847603222571,0.006698686607367297,0.002728064735590095,0.06391599602208083
CRADD,-0.03609687911552286,0.007550752899123674,-0.07097217258169361,0.013423163641517473,-0.09885201771527366
CREG1,-0.014506343047803563,-0.04312584198688993,-0.01846988624680405,0.019042628081487857,0.12651580641797475
CRELD2,0.008195427341528906,-0.006846814143324324,0.007321317340174218,0.007332849027148672,0.004895239517124406
CRH,0.011013167136005825,0.002419520912889772,8.372668777350638e-4,-0.012644763321629093,-0.021039516773733793
CRHBP,0.0036178385805061093,0.012954699011132902,-0.014161575458458862,-0.04345053877098881,0.03936775772206699
CRHR1,2.956742323110418e-6,-0.0157059524621972,8.799739911178708e-4,-0.0021068391556774676,0.015745345929700453
CRIM1,0.009283647468195955,0.05605605340505286,0.030609607116178272,0.027637139754452797,-0.009829992548892798
CRIP2,0.01502122736266557,0.0180054975839966,0.016968160829163737,0.010152359760370483,0.0079912073985616
CRISP2,0.0020467247322948088,0.006085874161363855,0.00216145983130006,0.011159137711655654,0.01537949992766125
CRKL,0.08848950074515985,0.1921619271223672,0.1318390467655691,0.0727671669746822,-0.13136766998193342
CRLF1,0.017756873105653652,0.004423088587911417,-0.009036704190949391,-0.013993787058174226,-0.012355849275095001
CRNN,0.013089266736315455,0.006542359353566632,0.012524170955256195,0.011300415206324908,0.01882289151143782
CRTAC1,0.01287268397771128,-0.008586713950792406,0.005832561774609146,7.252319870249926e-5,0.009325787562462447
CRTAM,1.58365676076532e-4,-0.025191314291766163,0.019393766448328804,0.0024091365508306824,0.01784820498986407
CRX,-0.010749411935209716,0.008624973750764615,0.012009474495953652,-0.006342838596108593,0.0029637038564890097
CSF1,0.0013202324934245026,-0.016383546507891818,-0.07260031972279005,0.10806738231445687,0.08193095054114259
CSF2RA,-0.008759755998225987,0.012532888022841752,0.009800879848701205,-0.008560972723860485,-0.011735726415560989
CSF3,-0.006191765520406907,-0.008614498840316004,0.0013875397957689435,0.0013469951251232032,0.024780679298495454
CST3,0.011160891859680794,0.017235242815054085,0.06886112787544747,0.02536357770263054,-0.018120698856469608
CST5,0.019800079274649152,-0.006115170674981739,0.013264327955487794,-0.0025991271746786033,0.027177830831983184
CST6,0.010608070504285099,0.043569846577058056,0.050507212023825764,-0.007381574632186131,0.05249814656007647
CST7,-1.6713076702033693e-4,0.0037642543047979363,-0.009085053561923013,0.0069213917869608834,-0.013710713401794245
CSTB,0.00652699228135415,-0.0037035321175739704,0.0022697900695798157,-0.01123324494580595,-0.0018728153229373378
CTF1,-0.004941668358458848,0.035561394050317115,0.037858766813242316,-0.012192792002351575,-0.004899687741164964
CTRB1,-0.001362454308089855,0.00749545226737228,-0.006167381231147132,-0.029199464736153244,-0.017114454116535786
CTRC,0.013824314523051044,0.01857150953605705,-0.02650401840973718,-0.009270383861707008,-0.018094736189457398
CTSB,0.004616381876872876,-0.009455677896135235,0.01915808655211397,0.001571798104539628,-0.0038769658067927953
CTSC,-0.006976632757536032,-0.0037122354288012353,0.016112142275468748,0.016899900446653338,4.1072587765838084e-4
CTSF,-0.006424141379396233,-0.0350400536790333,-0.0307081090819999,-0.04299163642386713,-0.0025312490966482317
CTSH,-0.003494121979648155,-0.0069952321851391615,-0.00943866816161723,5.361638323052517e-4,-0.00867340343484783
CTSL,0.011575614122199188,0.01465166131550515,-0.013415236547515247,-0.04563705894573984,0.012477931371159968
CTSO,0.012420618949481916,0.04840680655773087,0.0025546433898005322,-7.792583403380947e-4,0.003210695756181883
CTSV,0.019951357896124757,-0.004740352500839799,-0.010384735100821654,0.015465383853831473,0.012082061830137615
CTSZ,0.0036574885324386647,0.0012606724570940779,-0.031850102426094005,-0.06946644079639827,0.021702826707170712
CX3CL1,-0.019665635762914992,0.020027362777092734,0.04080069787223057,5.084765293920831e-4,-0.03892065557738613
CXADR,0.02243450632299126,0.03502167321991046,-0.010191260003280966,-0.0016548723129909703,-0.0297708535458935
CXCL1,-0.0020711525932142834,-0.009641053922072663,0.017376309720857245,0.018202839405787607,0.01030427590193038
CXCL10,0.0013066696955953724,-0.02809830253137409,0.040269631640181394,0.0016799981078177767,0.006194079063702844
CXCL11,-0.017001845570530444,0.0022976465572437997,0.006685818175074539,0.02941441341895544,-0.010046330819623894
CXCL12,1.6678987357971256e-4,0.026959497417265138,-0.013699050984712198,0.002321856132645454,-0.014574334164767826
CXCL13,-0.012761775826163144,3.4262880721921436e-4,-0.018153807644605724,0.04581056134976527,0.034369202006437866
CXCL14,0.0016746598409866057,-0.0024992124812028074,-0.007759097730046579,0.011647141888196131,0.0033131075697651075
CXCL16,-0.018650301383807622,0.008386643147667476,-1.6166359452857358e-4,-0.013558424417562347,-3.948589815062397e-4
CXCL17,0.004438928539773681,-0.013811066448184913,-0.03510816622726886,-0.03338223155106841,0.021964979250597646
CXCL3,0.008267212484034853,-0.020390205393732534,-0.027285006030870702,0.008373906832082844,0.028136816993560645
CXCL5,-8.644046668561715e-4,-1.1035726410100477e-4,0.00713444079261128,-0.04172297705330153,-0.020236372059741384
CXCL6,0.024654354722478223,0.024126366310478837,-0.014065849294638926,0.01627018208102017,-0.008325984860063529
CXCL8,0.004298260405923262,-0.006341972263024807,-0.0025536930365339947,-0.018240403133605424,-3.147744562136892e-4
CXCL9,0.008657028697543838,0.014298634911697862,0.0027826486230657452,-0.028832912850630422,0.02028886973646361
DAB2,-0.010060658478747986,-0.01338734740894159,-0.020611339072832538,0.160524748307198,0.08966308091726491
DAG1,0.003118300479320402,-0.023820719657142865,-0.04945075635958574,-0.07479160785436868,0.026259056017190485
DAPP1,0.008518333066072118,-0.09810209758386525,-0.03442313689479339,0.0884843382263579,-0.10954719788431333
DARS1,-0.02668708901900166,-0.055697590274943455,0.016870612966395825,-0.01639124295363515,0.02294377401725068
DBI,-0.02566283082350729,0.03115244442547482,0.06497328604236664,-0.036427325046755235,-0.039562137133609225
DBNL,-0.012421820098420465,-0.16840444881336136,-0.02676366440303169,-0.01178458100628706,-0.014771035188246752
DCBLD2,-0.011683280169125957,0.008057940948790256,-0.05194793760074565,-0.0595377334485449,-0.0927383625529804
DCN,-0.011035177605075538,0.0016734675113155336,0.01952073359152929,-0.04084251996359359,-0.0064318281466353025
DCTN1,0.02819937951899858,0.013019790116330796,-0.018536130033093918,0.008453586525696732,0.04544001647779726
DCTN2,-0.003955923344231907,-0.0030929461768823443,0.0020433396877222497,-0.013998423560362325,-0.070035842237819
DCTN6,-0.0016678642804198362,0.009982499519518028,-0.0032714835625814527,0.006093451552956432,-0.0026059290645643
DCTPP1,-5.335371856009174e-4,0.0028683417514090916,0.02496315408160029,-0.016485912820498314,7.963136917837159e-4
DCXR,-0.008320429108579662,-0.01890226679274977,0.0110741219525331,-0.028502812963180944,-0.022745512365006344
DDAH1,0.0027289733046132318,-0.009846243164695465,-0.019864464815823202,0.0377413816069592,0.026254480134292598
DDC,7.955475844082086e-4,-0.010353133550424554,-0.0041878467366447255,-0.0346198833499317,-0.024901015893728517
DDR1,-0.015391406791883354,-0.00900161257804369,0.007286782811521554,-0.028261506331527294,5.838178718614052e-4
DDX58,-0.015510030537853872,-0.014364467753526124,-0.004372627100411614,0.010881422784834649,-0.008834463319359337
DECR1,-0.03000841760084735,-0.035648647052248426,-0.04295636646899639,0.023380254400571215,0.06987316507778829
DEFA1_DEFA1B,0.013365313958496425,0.03400736995710818,-0.03402028669531262,-0.027228587013271043,0.006447495614416187
DEFB4A_DEFB4B,-0.004262556602162762,0.012967675777344447,-0.010306834936824046,-0.01566281755266427,-0.01651726193903455
DFFA,-0.032501892761553464,0.07173179940650515,-0.1339912752047251,-0.048995971316920954,0.09675967267477519
DGKZ,-0.009414512581495322,-5.280796944589818e-4,-0.003557655291884891,0.012248724595887132,-0.009106544650357038
DIABLO,-0.12764121726933286,-0.1245159390084515,-0.07901049692300624,0.12995275720830346,0.16422726932866716
DKK1,0.018455842484214672,-0.052137167328050224,-0.02821799395148357,-0.08180529138103146,-0.016175929580141368
DKK3,0.011361468688348204,-0.014342676203486483,0.00946343069620467,2.8163584996502997e-4,-0.0395345499444009
DKK4,-0.008125306645691277,0.02956732495495064,-0.030164753610517195,0.012868217824234023,0.04744549284259181
DKKL1,-0.007076313936841444,-0.017037308991706364,-0.015287632828358697,0.009049421065363961,0.02838427678764695
DLK1,9.630050288128882e-4,-0.004474912902234644,0.014629178798869345,-0.03373701076308983,-0.0011920046317222576
DLL1,0.013288563956695126,0.020393229142585196,-0.029480860244420055,0.025575839831674763,0.016085029149408514
DNAJA2,0.011321846646544384,0.058757469425782485,0.0817320085009108,0.07074783034008982,-0.06222353226083041
DNAJB1,-0.016361174937547844,0.006808619165163508,0.027660018208146994,-0.028828651048937302,0.13336965404906173
DNAJB8,0.006497829728988254,0.001393632770047022,0.0028884642390598686,-0.013192299985116928,-0.027516673449679643
DNER,0.0149339586982264,0.012404315459970868,-0.03252870939836254,-0.0060815401305033805,0.01076419943527559
DNMBP,-0.01105998077992196,-0.01884205740388135,0.046857650159783805,-0.02847247125633428,0.02701126664341509
DNPH1,-0.03866581676390099,-0.006104028171478524,0.015707268495114193,0.013938583408667198,0.0046422553438670985
DOK2,-0.007711543544609037,-0.04015847801812265,-0.10707778945024198,0.0823988193511363,-0.06568675050714241
DPEP1,0.013109697105573134,0.030080500128601632,0.004936001991703908,-0.005278610372503477,-0.02385855832346926
DPEP2,-7.413548678777868e-4,-0.0020317902693813357,0.00771362336722466,0.028465797890899532,0.04177002177195512
DPP10,0.018004941016622634,0.003034904876189678,0.002532155302193918,-0.015574015963909678,0.020148983262153315
DPP4,-0.01740889978460663,0.02179867088711946,0.021742762577859082,-0.003176672626865836,0.0075200017326920825
DPP6,0.01388561845959545,-0.015353044348171755,-0.019511595368533162,-0.018340899182988743,-0.020598696116238213
DPP7,-0.012892212102064895,0.002128600901796552,-0.04216873434321594,0.014984508682525566,-0.04998718737558188
DPT,-0.007785681203803052,0.024356872051400337,0.0044778434470636825,-0.006306559394278986,0.04001327094257591
DPY30,0.047555672524012604,0.056261472353658415,0.02309341072370824,0.015521761255770745,0.009753203581523708
DRAXIN,0.002066038984752544,0.016750748234909133,0.014776911292633319,-0.0018332446833118445,-0.014273831074613871
DRG2,-0.0309630646499818,-0.012014868109764758,0.010576295454281608,0.015027579548378972,0.09375926105083032
DSC2,-0.007660357828762262,0.0029057810676838764,0.025371334104857708,0.008845390264332877,0.02840189528251262
DSG2,-0.02641089039338626,0.018928746010129508,-0.027861268980040984,0.005589544960592825,-0.018830408966291373
DSG3,-0.020995726308849733,-0.007729921394164785,-0.021186692734599832,-0.041310613411185075,-0.0029465650085241254
DSG4,-0.01711032689283298,-0.006110154940445666,0.027296114877298442,0.022924791964226077,-0.01644123756138973
DTX3,0.005900153420743749,-0.014108444572892787,-2.0700686986754838e-4,0.027142057961584497,-0.08549841641625823
DUOX2,0.008805634258641741,-0.015411152025633392,-0.01705801072817954,-0.013094577827197012,0.017670632827185603
DUSP3,0.0013337790760886072,-0.017211468307510126,0.0029202915994430774,-0.0075582108106062905,-0.02164758881683981
EBAG9,-0.002274593831727838,0.023561363879800186,0.07598563841538805,-0.029971440770530194,0.036497805136607435
EBI3_IL27,-0.011091967703639134,-0.022827599311632092,-0.027627733935567483,0.012578241766813351,-0.007834202308736153
ECE1,0.00923439463012215,-0.019192352436338652,0.010077545994706097,-0.0032741861393106504,-0.03721070741140567
EDA2R,0.0038923514180681457,0.01196068426956222,0.03864571369660278,0.002991815870557543,0.023315302844084326
EDAR,-0.005296792357223839,-0.012991031147212534,0.03734793314942824,0.008021514040061992,0.01776054518979405
EDIL3,-0.008763498737138463,-0.0017889748545123717,0.018675170218354867,0.00597796664137784,0.011447600215905022
EFEMP1,0.014549127176135762,0.013062533107870582,-0.08170121799971646,0.09308426782611985,0.03188450860068278
EFNA1,-9.23301368264301e-4,0.024240325792914498,0.0527007918439413,0.02504540583633101,-0.016120597722283785
EFNA4,-0.033101680526173835,-0.00438304292456942,0.011597147079376691,0.02344874250937604,0.03636679668358677
EGF,-0.11556580062540452,0.030884782392101885,0.04386817890597667,0.13933329824239768,-0.023836642762996577
EGFL7,0.002548056030105393,0.013532840461764332,0.013565115971529684,-0.006218522460820608,0.01579151536262409
EGFR,0.013765124110094288,0.022804711912246183,0.01780573882988709,0.006961170936050619,-0.06293974314986787
EGLN1,0.02478832656034912,8.752307724885024e-4,-0.05248939159623547,0.03131863224811639,-0.014906799912363667
EIF4B,-5.5367758174040206e-5,-0.07835097389363843,-0.038301368303361075,0.009796476965728187,0.04407918632985528
EIF4EBP1,0.005158071267983824,-0.11695079535353187,-0.08461313455071504,0.04060134567921555,0.04089599194302063
EIF4G1,0.02621792793168707,0.01573649076327987,0.003025792120288619,0.09858186768674206,0.08760684145378786
EIF5A,0.0012826513109634983,-0.0049288586120921195,-0.007467989913104339,-0.01739903578849934,0.03172358834175129
ELOA,-0.008756202940931213,0.04160473417717998,-0.008316769599368775,0.021047201535335285,-0.021295476002452005
ENAH,-4.327620632369508e-4,-0.013851889518190287,-0.012691455991806435,0.019521316399392225,0.027816434314982683
ENG,0.015996010602594687,-0.00510611890787336,0.024281354041380307,0.0376167838478704,-0.017749794684399915
ENO1,-5.079269565485357e-4,-0.04186932335547645,0.017852988061149284,0.03568461307499702,0.03320304455149241
ENO2,0.007122499941314649,-0.012283232031862804,0.013072480755916238,-0.010964865202242801,0.02875446496825895
ENPP2,0.0038039547539237446,-0.003953740643575364,0.0034197129030639024,-0.027071864341508906,-0.008510235480832799
ENPP5,8.174861302751456e-4,0.008279712686249696,0.02832837436019695,-0.017217761596015006,-0.0011999368391512949
ENPP7,0.004247166160440725,-0.005094820934677137,0.011271466514783352,-0.005248657034862126,5.297245198664532e-4
ENTPD2,-0.021745174792776045,0.004392662093749934,0.0030613109223860506,-5.652308637959335e-5,0.004757044097890645
ENTPD5,0.005382780536236415,0.01250562733730824,-0.027364550868918612,-0.009939405302699553,0.023009900618849242
ENTPD6,-0.006270626625233224,-0.004895625703628588,-0.008976338968378147,-0.021951126226230935,0.005867786905938394
EPCAM,0.013676623975255061,-0.03679081026552178,-0.04804442981597727,-0.07585329543064571,4.706947462051148e-4
EPHA1,0.0065287051278705615,0.012349787182240744,0.021243253384144734,0.008804692229767892,0.035186766092238954
EPHA10,0.0062145293856770735,-0.012944878263876816,0.005537110680273805,-0.005617617017096072,0.012839273555975273
EPHB4,-0.014770917435907001,-0.007119404804708554,-0.021826539217620174,-0.04421996422772861,-0.00664253333059581
EPHB6,2.9943818124415495e-4,-0.005903125798078328,0.03696592991534492,0.01111770086547057,-0.021618086305007722
EPHX2,0.0014694584478475907,0.0032363228021900013,-0.008505921895293764,0.014091511441773754,-0.008364799485391232
EPO,0.01627332922952663,-0.010079573351767854,0.012775562947473394,-0.02561252638933906,0.028380881166134492
EPS8L2,-0.0033924468572456286,-0.001470211551798948,0.020078945100917102,0.015114172752183722,0.013932869322505604
ERBB2,-0.017836808024315944,0.021290246885302712,0.05854999566909432,0.011644239281637306,-0.010279641548733271
ERBB3,0.012888814328109018,-0.0257325906747942,-8.282309565482977e-4,-0.020267162589703885,-0.05903560645273284
ERBB4,0.02367242680596504,0.04049996679698642,-0.04313992261884462,0.016852602782135778,0.0628939150419704
ERBIN,-0.04098320544419922,0.018987585981989824,-0.020277105093283183,-0.002569604504669956,-0.005486791878858136
EREG,0.033222067411431314,-0.019971163444565412,-0.05093463467364144,0.026746098401686305,0.015010401770788051
ERP44,0.0034556756854973243,-0.005216268022862537,0.003910663865484059,-0.0018005041616081406,0.017980610759300145
ESAM,-0.022767054416814272,-0.02190708757189925,0.008396714552904184,0.07875208989162638,-0.025421791518103386
ESM1,0.002861750163568008,0.008000736156441424,0.012814819911219097,-0.0450297319346409,0.014804133616196787
EZR,-0.0190393921133976,-0.029066335288280027,-0.048537116165232486,0.032333235573663015,0.024704098155051504
F11R,0.0528526901277723,-0.06631264407405502,0.012089993795001303,-0.02610975846477926,-0.10288941430625773
F2R,-0.025737753581122496,0.029884947342225777,-0.02950634139447806,0.046007128834283956,-0.03295083090476158
F3,-0.027203462091841935,-0.014840233523958987,0.009133818259494896,0.043367159791416594,-0.019462242741260044
F7,-0.021537627493771347,-0.021684155788651814,-0.046369997769516565,-0.04814411970998469,-0.027268499141771818
F9,0.036238585157503965,0.009065302868554065,-0.03685712498041803,0.0271826022954653,0.003962210929870551
FABP1,-0.03778510037638386,0.038476008271681454,-0.07919191587603838,0.01432313752415355,-0.05002991927752183
FABP2,-0.011566148666045904,-0.009589485270223842,0.021969924751133994,0.03015580545780291,0.021173375080107706
FABP4,-0.013413359705858214,0.004152259069232849,-0.032739550445931256,-0.002425541455583776,0.004473024551649926
FABP5,-0.02467140017132386,-0.006743480651901325,-0.026141026207939518,-0.04526318936101559,0.009225953575603104
FABP6,-0.006114515974034817,0.01799399883852748,0.019201527402928614,-0.01701772547295601,-0.023646156965923076
FABP9,0.003714283711409344,-0.004235369279642133,-0.025113762481428846,-0.005345461999501528,0.018937776032211424
FADD,0.013047133229022345,0.006873371780240553,-0.051260407469074294,0.02007682245158398,-0.027557189536408837
FAM3B,0.0029668596987549416,-0.031257972669868864,0.020168525816630166,0.007767926674837922,0.024498720885637166
FAM3C,0.01614111689063794,-0.04451208586586525,-0.022716148245579944,0.004625675660067404,0.017712446050508156
FAP,0.0011489673654842298,-0.00801590655074191,-0.014307613640679687,-0.029636094969581243,-0.01830357273428659
FAS,0.006024174737479187,-0.0033120904655745548,0.011931007512388226,0.005176675218110577,0.03626888192509079
FASLG,-0.002536550732731562,0.020666830442738652,-0.03241076724402559,0.011744281225876941,-0.025786174614906447
FBP1,0.004123158727723278,0.0043800457620426754,-0.009346027843184092,0.010202163011172438,-0.03756742156661101
FCAR,-0.003009577144458571,0.019127107897893996,-0.01090800668872386,0.00904985600508656,0.040552878694369236
FCER2,0.017575421946984998,0.04585849278082193,-0.013406805640041663,-0.008688704704793418,7.945255847011549e-4
FCGR2A,0.0056599322917141315,-0.006528806622584257,-0.0059331000123947234,-0.00897388296141085,0.025384102466254117
FCGR2B,-0.0027245877882218607,-0.014663516024386461,-0.012890358608773106,0.001803455070562408,0.002741432862271044
FCGR3B,0.0035481293519860485,0.012671083505452558,0.01856689632639147,-0.02699841542220822,0.009454182951012378
FCN2,0.0073438742316489355,0.002287730741504751,-0.01583018339919748,0.009150496408947568,-0.00353466258371578
FCRL1,0.0022174326901802234,-0.009571267940025815,0.04383057722218805,-0.009606655890082577,0.04345499027688682
FCRL2,-0.005630260040034113,-0.018769590782660685,0.010860730713099771,-0.0010039969026470333,-0.008705254563977187
FCRL3,0.00625810585213223,0.016886230999392106,-0.008958502197915575,-0.005218610370526581,-0.0016117262456207448
FCRL5,0.007674180779015725,0.031754539347408295,-0.005564962036521302,-0.026467271693939014,0.04154988365601645
FCRL6,-0.004028710673661314,0.02735515542957395,-0.02349973528109646,-0.01589174283357488,0.010585352502791004
FCRLB,0.006291714253129409,0.026240778631654447,0.008246739437258555,-0.012913019814543137,-0.013060727224198742
FEN1,0.01542308100152026,0.015413822080041094,-0.005573719265385102,-0.03274749521102469,0.02375124825691026
FES,0.002957477487935948,-0.007365268034396146,0.005926646106225469,-0.015067936660471312,-3.3804804567460497e-4
FETUB,0.01951308917294158,-0.014104756623439234,0.009405645811755703,0.010767190580794053,0.009078481016751455
FGF19,0.005607007714537531,2.4123315475073372e-4,0.003679698286694914,0.011485271578255024,0.040069206575364544
FGF2,0.015360475579117145,-0.009979925983320426,-0.010832797981500636,-0.016635197914923933,0.008964830954998143
FGF21,9.392855047127744e-4,-0.0054120348109437,-0.008200876287812452,0.006412121302118868,-0.052288959579870585
FGF23,0.018177495780743826,0.013614853471400784,-0.008228847423204325,-0.013083974628284615,0.0150905189731734
FGF5,-0.005563543511023102,0.009390067336014845,0.02266717738961178,0.010613324362861753,-0.01773043077762295
FGFBP1,6.743323839920709e-4,-0.10828455300440266,0.1719097676198519,0.14667641814248186,0.10855274315988392
FGFR2,0.004909681787214809,0.01115274971556006,0.039137759809422454,0.009686262331247308,-0.0053902346011900585
FGR,0.008738581900387694,-0.005218423370214802,-0.0036440294213435477,0.013076233236754085,0.018317309203787498
FHIT,-0.0017728030186433005,-0.017040822002452185,-0.0021019279669143827,0.024044513117555823,-0.07070667701196304
FIS1,-0.053495196060451417,-0.11941725141847373,-0.11419990752828318,0.04540136748722796,-0.0563361767290638
FKBP1B,-0.01608723703252934,0.001993916318699959,-0.06653023627863783,0.009916189083980375,-0.04666417586989248
FKBP4,0.009240642759443527,0.02456090039664667,-0.07380315272897929,-0.06711054030775342,0.03959003724858674
FKBP5,-0.02941627171000516,-0.0020665948353142892,-5.153401229095431e-4,-4.6749683101815004e-4,-0.03479711965014179
FKBP7,0.004034229874502865,-0.007264428470425833,-0.0010349789614234712,-0.0072238266990057734,-0.011069468836078471
FLI1,0.004731827385368573,-0.018782721867166802,0.06784116613050338,0.00189339936253314,0.06793770600448713
FLRT2,-0.0061463305929939215,0.026736152467672362,-0.009593319125502845,-0.03580001910860003,-0.00997735849721391
FLT1,-0.0031871963967716344,-0.010447255070421076,-0.009780442263356335,-0.013211143572575896,-0.017861882556516828
FLT3,0.0037394061080136005,0.02815289133443343,-0.004716994307978965,-0.018553413443395367,0.01996355319506689
FLT3LG,-6.604447988561951e-4,0.036022052358234455,-0.020225353897939856,-0.026642205392551535,0.0099284082039024
FLT4,0.0037772002765091997,-0.0042028954816882074,-7.808570195106531e-4,-0.0098319737212899435,0.02686624785196914
FMNL1,0.0032401702112932343,0.0227860992460953,0.005166365086807622,5.268866122573434e-4,0.013133470756041422
FMR1,-0.010994796674994119,0.0052065433442728785,0.021521408689804733,0.002767195433089962,0.026701831748649152
FOLR1,-0.0031480047722959987,0.02429726534588827,-0.007680708486794953,-0.03618798459999839,-0.054651940652877616
FOLR2,0.0014008921728551973,0.0512149336015652,0.02447223250630602,-0.039236527117356035,-0.03889465278495572
FOLR3,-0.005130319214389344,0.005378564460237599,-0.012131415478112743,-0.014826422531722908,0.01437309607539267
FOSB,6.67329865412351e-4,-0.007191552989168898,-0.007355652650666393,-0.004913358467547023,0.018286367322351886
FOXO1,-0.028887269252106714,-0.03316546706364631,-0.0029367444772793704,0.02386889514207636,0.01801822419612534
FOXO3,-0.003649183073088552,0.04453941380320377,0.0011578025627872394,-0.006644826276660238,-0.016916180386170303
FRZB,0.0020256390523633204,-0.01834721918479651,0.012858143530230398,-0.03543462827982664,0.005797313125464509
FST,0.015439428890116201,-0.015619752884874374,0.0019740814756817548,-0.04104142383938565,0.004165109811770244
FSTL3,-0.03160421571198855,0.056208161376505264,-0.033219119666301464,0.04926208626633703,-0.030244260731194628
FUCA1,-0.007100611517954848,-0.006540045871043553,-0.009301479928397983,0.0015180416709114572,-0.005608475018226415
FURIN,0.028905268272397866,0.007168299069354096,-0.004600663237895962,-0.08995250523826473,-0.028034941680338547
FUS,5.446378989404727e-4,-0.013906333660979004,-0.015244842061694646,-0.0143278680126285,-0.037201844418964986
FUT3_FUT5,0.017869469716116016,0.011405122995310362,-0.0010500973153687585,0.018263067449790685,-0.038740781475528605
FUT8,-0.003998524881577162,0.03023973374062487,-0.009192843870550317,0.005285827842558823,7.437823420622276e-4
FXN,0.012531382882187138,0.03707954529457857,0.06459108680971568,-0.030491294980382794,0.030311369645910965
FXYD5,0.022521197831039702,-0.004389193829196768,0.03117456200150464,0.015040729292947278,-0.06044574847294053
FYB1,-0.02207036003748175,0.003825095747187591,-0.13278912560468845,0.07310634386355339,0.13895724614936045
GAL,-0.02745479021703877,-0.005945277468695972,-0.027648063398453007,-0.012566798880087956,-0.04819459072161245
GALNT10,5.56877097805966e-4,-0.00880072255931213,-0.0286291250794402,-0.004532196274088453,-0.027755292177669876
GALNT2,-0.04953799242204624,-0.02382378128399876,0.08077651928552294,-0.11697017143132953,-0.061016527545945574
GALNT3,0.02061098621881897,0.007707053321831885,0.02049000868219079,-0.035333104655884816,0.011059213630255664
GALNT7,0.010077623857243747,-0.016886493809662294,-3.0637787464414583e-4,-0.028528915379732366,0.00899945770825706
GAS6,-0.016263783466982283,0.009939548725025659,-0.026226127756046456,0.0011980729990645938,-0.016694745363632975
GBP2,-0.0034203021690140355,0.0042507985626068666,-0.004864100677784148,0.005153103463585714,-0.003250722407552626
GBP4,-0.003820217442633852,0.012598268819131552,-2.865554508639447e-5,5.846036988679369e-4,0.011048025900503463
GCG,-0.011978779502435687,0.011113871654796159,2.9793372068763626e-4,-0.07571732079710959,0.019939514850514668
GCNT1,-0.01840390862015698,0.018212060413732366,-0.0014676086727462173,5.460106701975166e-4,-0.03760050954920615
GDF15,-0.003206427360525321,0.010689316959756192,0.0023836892634549684,-0.0057872817088450365,-0.030773817400367217
GDF2,-0.028477923724634115,0.025248435540628115,0.01652957855178174,0.01715219549267006,0.015702490490406205
GDNF,9.826156303313557e-4,-0.0210975987504652,0.005059398186292014,0.004678366965779219,-0.008303896789631901
GFAP,-0.01619527139954624,-0.015216374060003071,-0.0039045162340959295,-0.006043105726600005,0.006375207513402337
GFER,-0.005459313355712976,-0.035972578639241845,-0.010089561051619334,0.05144206278032867,0.06764014436077771
GFOD2,0.004132991989073168,-0.015035098772697163,0.015813356032542702,8.264024415487265e-4,0.010089903544883651
GFRA1,0.06867761587797669,0.07387462814310854,-0.003946619344763445,0.1316609530769773,0.00809241158352291
GFRA2,0.0017849371121086298,-0.01484581904807485,0.002914505720457614,-0.01902709581624287,0.027923244572004523
GFRA3,0.0104625545173155,0.02210691590498751,0.01912510433868532,0.014373822576447098,-0.016797574725047778
GGA1,0.014760852409090008,0.01580840143289047,0.009843497038708621,0.014606612899446883,0.010681870960703383
GGH,0.020565055357385887,0.025925738010272453,0.016846493701909406,0.0720432572860846,0.011246054135077087
GGT1,0.001167070567331449,0.011415959471304237,0.00972607181937063,0.011588938507980774,-0.07087493218913947
GGT5,0.00928427586970624,0.014926273535076674,0.030623993324766632,-0.005462832984503759,0.014046986333502971
GH1,0.010732838255349587,-0.01914820193917323,0.005218884672008723,-2.1319429129724465e-4,-0.011725025510530734
GH2,0.007940494631630327,-0.009414878139553962,0.004337840039047435,0.0027067505224807973,0.021856720960043152
GHRHR,0.0021143667156092783,-0.003828390410613046,0.01512972513301948,-0.00914977057953741,0.014055867980474625
GHRL,0.009155870528101615,-0.006761096927171222,-0.004935461209684876,0.001664888710872303,0.00717919711314386
GKN1,-0.01125546533734891,-0.01086899016374957,-0.002128190741622943,0.0026917167459733706,-0.023682687223369806
GLB1,-0.0024338610826709207,-0.013622259349809193,0.014205708813429621,-0.008747359558080552,-0.023611583955114892
GLO1,-0.008270703591609316,0.003960945428322374,-0.0453739833089678,0.033095829459256376,-0.034084466085437574
GLOD4,-0.007505720373025987,0.10666803126301681,0.07106744914007097,0.018401803625682958,-0.1107835489298221
GLRX,-0.009064444574795641,-0.019357293324201576,-0.01810102207984114,-0.011461532383593454,0.02688410259882483
GLT8D2,0.0029028065382846104,0.0065036169448422785,-0.001937642556893955,-0.019248886967189356,-0.0021571405597040974
GMPR,-0.018027717720757837,-0.008566000978938554,0.03270245097398654,0.002914205172467785,0.022139269019602798
GNE,0.015706943015593396,0.009291578910045065,0.028557772146254847,-0.018315933256530186,0.05338328135568696
GNLY,0.002602596797774683,-1.1554511109459182e-5,0.006644562572186563,0.011797610619746574,-0.013448363680112315
GOLM2,-5.618467539574684e-4,0.016005342900802452,-0.01963371685985171,0.043370388241503396,0.030031008641448222
GOPC,0.007643312844884309,-0.03568923240804582,0.05612119635327985,-0.03044757891551736,0.07635270390005224
GP1BA,-0.005716765761189673,-0.0038393900829708258,0.022906845154698714,0.01233891862743436,0.004408927802878106
GP6,-0.02070232841455471,-0.009823044813871022,-0.014898216452318013,0.0035104902338991555,0.13128806298242113
GPA33,-0.017461589394427955,0.010279946011467075,0.016480514632514057,0.06067154444742683,-0.004709483811045599
GPC1,-0.006234759339815425,0.01916330456514514,-0.021698691506504286,0.02522263060667191,0.029163213288032053
GPC5,-0.006028652163482357,-0.006478883491798268,0.013850365193842588,-0.006061296583565923,-0.03301994486396918
GPKOW,0.006298816645127869,-0.03199888439995302,0.013690873568849174,-0.011284647030177493,0.03462956389169843
GPR37,0.004494881077598061,-0.019171378786501242,0.016607180700839108,0.01090080930655784,0.00662107719305654
GRAP2,-0.07295756507630431,0.03387638822470697,0.13649634047575393,-0.041005228489475645,-0.061829098699804984
GRK5,0.0025764100452969397,-0.001706420205562758,8.59508173762332e-5,-0.0058239976552039675,0.006121986237481262
GRN,-0.014743226827713436,0.006772534339472116,-0.011692895778389337,0.04873085434998964,-0.02415094618909419
GRPEL1,0.0036154910534416723,0.013103509838936963,-0.02741965844220566,-0.008074172662432379,0.046800889031676264
GSAP,-5.903162807723612e-4,-0.0017864665628758499,6.568220129641884e-4,-0.01730337888525004,0.010136411790795923
GSTA1,0.01813947925009975,-0.0025196165922149534,0.015665198052085622,0.045545217705570754,0.05985319547340315
GSTA3,-1.6099656341321864e-4,0.03226420523640556,0.004528679709543453,-0.04928968129798349,-0.004034045931023614
GSTP1,0.01052392691766601,-0.0022312603283426635,-0.004480672379203857,-0.016381369162927664,0.013390909172298364
GUCA2A,0.0029976394662467043,-0.01615438667117844,-1.516998254667426e-4,0.031191289268543074,0.06297395369977643
GUSB,-0.0035480995448255053,-0.013372425594391685,0.009782444215921785,0.024718006698992274,9.294104492692826e-4
GYS1,0.021444521391896863,0.05020696597842196,0.045296125571161645,0.04084128147002067,-0.025233940955085205
GZMA,0.00225748891573537,0.01673044430497711,-0.024359802208140092,-0.02528113882514275,0.011781562031565199
GZMB,0.021720573567047853,-0.005132249505499393,-0.004693002913199263,0.011045356055707682,0.0075721052109120205
GZMH,-7.93186706185274e-4,-0.02150384009312976,-0.005559015584796186,0.004415217172572562,-0.030627110550324427
HAGH,0.0186509074448918,0.06741682500492442,-0.07837703546150762,-0.016137372536551144,-0.04554500908935264
HAO1,0.06057890790080033,0.009271862446161502,0.0355655953695036,-0.02697752013152172,0.02998341647059626
HARS1,0.030348642214181015,0.04715209560581623,-0.1002489662864166,-0.09578613197351689,-0.09347393250473116
HAVCR1,0.0026294914408692164,-0.01502239184157078,-0.05881074815296465,0.028616491047135626,0.02107953155092607
HAVCR2,0.004450907032030259,0.045258735392459365,0.014643025110007337,0.0049105046784598,0.03694985617246796
HBEGF,0.026250495447626105,0.005044338325090175,-0.013628353707091511,-0.022097871878166402,0.0011293734314224793
HBQ1,-0.01792627619789271,-0.008633571091244466,0.03550363345573952,-0.004484272652929782,-0.026682763534599047
HCLS1,-0.0065948060024155234,-0.01487003966104648,-6.147053882645101e-4,0.016582936694333767,-0.05063700736007163
HDGF,0.002807608044295853,0.015837214091729244,0.005936669006055349,-0.0020989205656975094,-0.023776448443651052
HEBP1,-9.22476794597671e-4,-0.0014688225908879363,-0.003279238657740038,0.015237362352476988,-0.008129435235316866
HEXIM1,0.033536996321455056,-0.042783294961613094,0.051190062540168633,0.050912562575073005,-0.14691067309467726
HGF,-0.01650816555596756,-0.004444760653264913,-0.041600880924868695,0.02799697668828038,-0.06402462308825498
HGS,-0.018465965321540122,-0.010593545774095511,0.013629940245339308,-0.040575215472257266,0.013690564797177313
HK2,0.011548931293151633,0.007928591840833199,0.006014486192729731,0.00540449535164835,-0.02411476544229726
HLA_DRA,8.155850340329913e-4,0.00424725585883073,-0.0010923141975438648,-0.013373231191039335,-0.01946947361105577
HLA_E,0.010630119610435737,-9.821710808030682e-4,0.03763765031130488,0.012806995464204054,0.009904529984657736
HMBS,0.020487905441327756,-0.015671109113151532,0.0025601512831556587,-0.007846092695487174,-0.05248856210020446
HMOX1,-0.008016681219686954,-0.0027392176376018927,-0.07645763613636952,-0.046387763420057494,6.299124630208118e-4
HMOX2,0.008526181347282785,-0.0034774713337755716,-0.00206798095198315,0.027049215291631706,-0.021535282779843103
HNMT,-0.018351249066986174,-0.020594415788333362,-0.011807708437030122,0.016648906841736692,-0.008459521632210469
HNRNPK,-0.059445315676578805,-0.0053918143441054845,-0.0065793090462945535,-0.011483204955863082,-0.015558499738290751
HPCAL1,0.0821869614975444,0.02293424710371352,0.14789986059071855,0.04400004672353372,0.03986900505830645
HPGDS,0.0037515332839127185,-0.0071648064192656865,-0.0017436581421719718,0.0344957945442928,-0.003222124437552137
HS3ST3B1,0.022148743872115868,0.004693515788379614,0.005392378866119031,-0.008474751868400292,0.016484218286245005
HS6ST1,-0.012904318695330541,-0.0024318690442166387,-0.0035417415587937315,-0.030858598812225566,0.01510187719687111
HSD11B1,-5.675053264723001e-4,-0.060010587289864276,-0.014181972732228857,0.02336025699968924,0.012832370586147333
HSP90B1,-0.010278028217616489,0.02077230491226613,-0.0026795907220740897,-0.016648235118330048,0.023819476621489342
HSPA1A,-0.020480493312691722,-0.02701978911755568,0.02609627572683312,0.05989856586225955,-0.022748895902729566
HSPB1,0.012988869711934857,-0.045705565095261205,-0.0015482464203740295,-0.03172364436587229,-0.017357369389113992
HSPB6,0.021963283969314202,-0.060813189316134574,0.05413255434116179,0.003839963112152625,-0.013526052710324992
HSPG2,0.003905723954118306,-0.04218133093308895,-0.04353967028858708,0.006390447864733459,0.002734382372654106
HTRA2,0.005911992454222815,-0.007134340688184282,0.0315737456747281,-0.039715632715300486,-0.006490691368880456
HYAL1,-0.008710379966915174,0.01733868924941272,-0.04891967620972685,0.010517864595616782,-0.022058908069583997
HYOU1,0.010002430319368557,-0.014538308622878762,-0.0048175976695265625,0.007779763789227744,0.033128057467061364
ICA1,-6.944063472480242e-4,-0.015290314017445635,-0.03411123979174988,0.005933157081929071,-0.004829880953035993
ICAM1,-0.026362758685134935,0.011626159565911441,-0.03080975822779432,0.001992095226209784,0.023079879317230184
ICAM2,-0.008169296827191275,0.01987544551233313,-0.02186350908574668,0.008915140577445012,-0.0021077155660429447
ICAM3,-0.0015623166870202365,-0.004838716208982219,0.007534478701028134,0.0011021392776710858,0.05298502177682477
ICAM4,0.0011299980989827546,0.004856943079202833,0.0037514563991261542,0.025758083569196562,0.013988594045936628
ICAM5,0.018353713130889182,0.004996377211418424,0.012571661169890292,-0.003011517439455137,0.014354663776829877
ICOSLG,-0.006164938900718265,-0.0013047480923190544,-0.02115769079391092,-0.008308197101671562,-0.06488001917669964
IDI2,-0.016860638129920936,0.003644005396984626,0.007556143996133342,-0.0021407833552145724,-0.035276751878265025
IDS,0.005961058201257766,-0.0019735198459279717,-8.742346760456026e-5,0.02298985974295871,-0.023261804681069503
IDUA,-0.003957857583905526,0.021448612260298056,0.020758275185958148,-0.008991497811146706,0.047952485790801545
IFNG,-0.008631603953828464,-0.014084884513809551,0.0175155299327868,0.014708581963966514,-0.012040873665645782
IFNGR1,0.02994276113102554,-0.039740385541741335,-0.04108464806075114,-0.0027156615720243488,0.02571697449886431
IFNGR2,0.020362513327438846,-0.02141584301273293,-0.02845663344399869,0.02239092577104998,1.5150766323406863e-4
IFNL1,-0.006628052198373313,-0.004226023124910189,0.005692731626405129,0.007233536723221281,0.00464077552478346
IFNLR1,-0.0237728636240158,0.003309023361781376,-0.014406452785465582,0.013437918119912243,0.004846717413284077
IGF1R,-0.008516428378435349,0.030424539058553846,0.012917294813934712,0.007892599742698615,0.004497519152674629
IGF2R,0.016056279244479277,-0.021680725590747952,-0.03412657077597299,0.025398947567957738,-0.0013070574614953115
IGFBP1,-0.011460176900606226,0.010806960675054747,0.010643596313992284,0.0653162373753087,-0.05979889617570184
IGFBP2,-0.011996388848683514,-0.0020813209769247705,0.03383829634571198,-0.02195772797838478,0.09694083889413077
IGFBP3,0.006816418063164843,-0.023170615000139793,-0.012991287154722773,0.010620235114135804,0.03474481477719729
IGFBP4,-0.0062584085932713964,-0.03176981511465195,0.035755119074575584,-0.06147563210925472,0.010606736101163016
IGFBP6,0.001978640067572449,0.020873164409227325,0.012192402320798972,-0.04866179180574901,-0.06802463148582588
IGFBP7,0.002696268869498821,-6.592217942952745e-4,0.02252425675773752,-0.028617351994579637,-5.263444259026687e-4
IGFBPL1,-0.003334558356364745,-0.02924558651697566,-0.01993733058843785,0.011361767926179316,0.05596520889988703
IGSF3,0.01710718666893714,-0.010752809224830549,-0.017132242178229104,0.021518528395400055,0.061598464522817045
IGSF8,-0.038635428593984916,-0.016927570120779348,-0.046961920835231416,-0.0139973535724576,-0.02314358386624319
IKBKG,0.010901573330911886,0.05732285750896923,0.18812809683549572,-0.040558073041914326,0.052122419504166184
IKZF2,-0.0022014681486129607,-0.006199292227863371,0.009119103551947647,0.011041454558864024,0.010127882246749213
IL10,-0.012610971879361934,0.002875557171696502,-0.007051965880636459,-0.029107743576336127,-0.008120898681358743
IL10RA,0.009150726303793,-0.01148701513160604,0.001091597846646808,0.013224146479881132,-0.01774041147919427
IL10RB,0.023139241948069447,-0.008589876253990547,-0.027989762683607585,0.032986384188001185,-0.00296365963729601
IL11,-6.103003025966005e-4,-0.0017810160127797417,0.01282339136031351,0.004083619737785438,-0.0011763248356975557
IL12A_IL12B,0.029553233278400898,-0.034626106704777476,-0.03203745004009088,0.01603710988391642,0.005145080534603519
IL12B,-0.02434124799303338,0.019648520916872393,0.02236343895924533,-0.02707153689169946,-0.015322018409966297
IL12RB1,-0.011723853396083573,0.012378172336530971,0.0053348106153047956,0.012411862710112782,-0.0045244979314374946
IL13,-0.0033817312650883356,0.008857173249787721,0.007381539779985369,6.148751018048106e-4,0.009765450595611276
IL13RA1,0.0063863401212071146,0.003970675615965018,-0.006505121114235139,0.01911593460335975,-0.0010230240745732
IL15,0.01771142213992446,0.0051986722900611215,-0.009415063798699823,-0.025813966783370133,0.001523535146164891
IL15RA,0.006089153615114055,0.0033886064739123327,-0.01415644441908492,0.019530085226372236,0.002435101725474439
IL16,0.024530878100982912,-0.022080532808153974,0.018383531521086936,-0.006383094225595672,-0.0359449558534636
IL17A,0.00407760858474363,-0.016761938733746633,-0.010426347647403722,-0.004808045323576518,0.030948348057331872
IL17C,-0.007132473336384945,0.0032016497246827027,0.00598525474662214,-0.006855639477533772,-0.01756679586330571
IL17D,-0.004180196857501198,-0.0038217897873094983,0.009946375311881226,-0.007683757495254206,0.0066779130075457814
IL17F,0.009313765289070536,-0.0196485548432539,2.284972388933727e-5,1.2627037359409622e-4,0.016712928382541316
IL17RA,0.012698089264885611,0.0025740919693817634,0.01609109134885537,-0.013094290879186605,0.005089534821942346
IL17RB,0.0010853038291674323,0.01973931614066264,0.0057745857992525535,0.017548031143032005,-0.010357142522416044
IL18,-0.00619619442414713,-0.005157719808860509,0.013414199437277606,0.032664659033441304,0.0032345349948779065
IL18BP,-0.01741988727613658,0.018224109234303405,-0.05268835718441431,0.009053384130358041,-0.029503130398494202
IL18R1,0.00471073925609632,-0.01042003395075285,0.007991823038862067,0.020156622750332132,-0.013634857573929016
IL18RAP,-0.009245358298647687,-0.011005820770446853,-0.0038429466972650394,0.014927228260841231,-0.021754061671518558
IL19,0.009277255421325192,0.023246048955815366,0.029431578645150305,0.014006297074971327,-0.02617186873751919
IL1A,0.004129667520323231,0.005108475804645146,0.0013725784310776334,-0.003800364994324704,-0.013109763405201393
IL1B,0.003701102048070545,-0.004152236543290479,0.004931144913528278,0.0014647542903917941,0.03080871379587251
IL1R1,0.01579933887988701,0.007292732106661341,0.006362213030810022,-0.052087026705233734,-0.001105885643226051
IL1R2,0.01996122439882484,0.009137750420407549,-0.01543083573116695,-0.0057552982934724545,-0.033337183329484404
IL1RAP,-0.0044122203844599635,0.0023511984551362886,0.0024123692109387818,-0.008232346448764897,-0.012688635118070604
IL1RL1,8.655711034652492e-4,0.023879403910259542,-0.014294965608459023,0.015105481302890132,0.04534524687908836
IL1RL2,0.012613665419307795,0.0031458555098701213,0.024812504404534044,8.370161721935392e-4,0.01116045478589766
IL1RN,0.033549655065186874,-0.02256611753193941,0.02627600606319951,-0.027333462363434615,-0.0028034481089594344
IL2,0.005687040459523935,0.012544321209031562,0.002757773833488012,0.0036490278731775637,-0.02207232984481004
IL20,7.844055285940261e-4,-0.0019822820591458507,9.525247784569858e-6,7.770071764173852e-4,0.01842647691947827
IL20RA,5.8474633979726e-4,0.014476168242257963,-0.02230879495709041,0.0067393477642619295,-0.026873511815714676
IL22RA1,-0.0027162461453905957,-0.023141183720319765,-0.012101494542688735,-0.010489118963576918,0.006450007209122503
IL24,0.010724101466823762,0.0018471337566386727,-0.005314479473509294,-0.0032366202116426617,0.008309098338326864
IL2RA,0.005308079783677782,-0.02297432646872258,-0.006856370331486017,-0.003606194838398589,-0.02867690534305535
IL2RB,-0.01019430228797827,0.010943253804277256,-0.0042657033735649845,-0.017663421545387723,0.019733154288667214
IL32,-0.032712678886733904,-0.03912450488021371,-0.06888174514963054,0.0055609542023513986,0.01748647993416791
IL33,0.00775846624452313,-0.011778673978971702,0.00314065719043051,0.011160369727214375,-0.02025877223354382
IL34,-0.0011685503008654794,0.002472027281401226,0.00410615214894167,-0.025623213292140918,-0.0010544377619017716
IL3RA,0.004671869112286609,-0.005334389141484917,0.028166492210836547,0.02511386565691507,-0.02890357287060287
IL4,-0.0016300718657424574,3.427396284154407e-4,-0.009115699017392577,0.01000558319484908,0.004142930686966187
IL4R,-0.002969217997313849,-0.022171222674917754,-0.008409130644672495,-0.011652034708556129,-4.456765620817933e-4
IL5,0.003436923345080237,-0.007547240103384306,0.01190579477245309,-0.003102063530880838,3.412118346923958e-5
IL5RA,0.015250270948799577,0.01105421513434004,-0.015307193569636545,0.010755018260829708,-0.007710783622061865
IL6,0.007581131359869046,0.006226919144993845,0.01070115563362344,0.0014548666549196439,0.01640649339526988
IL6R,-0.004953501149383084,-0.008608042568861414,0.006687099070271631,-0.025691556929283012,0.0011785719010632323
IL6ST,-1.1601801303935112e-4,0.004251622140415163,0.015084407945984592,0.019453435824764057,-0.005082641717264366
IL7,0.0014115236227517822,-0.026134381463547022,-0.017327625194718484,-0.014306956569572291,0.046541020152847175
IL7R,-0.005870902474752318,-0.013410435711876995,-0.008904442433073093,0.011036625759024615,-0.02551164979895504
ILKAP,0.008322942043166913,-0.006342461726243509,0.002541042885525726,0.014916811949372128,-0.03552240395983365
IMPA1,-0.04502455242417914,-0.02954220322363474,-0.022434392824262798,-0.041792402144789756,0.002956402866423573
ING1,-0.0036333392242495184,0.005391488614767939,-0.008479102993603025,-0.03147360918046676,0.004519948155932447
INHBC,0.010942180806284497,-0.014961889924876329,0.011414116458842466,-0.003413514015367547,-0.047047549457128815
INPP1,-0.01944351706814198,-0.013076915468526108,-0.005294702019188368,0.028439988598600054,-0.03376266306208507
INPPL1,0.0012516820167366004,-0.0034040377257219655,-0.048189241664990584,0.0080748914487125,0.01362824661004109
IPCEF1,0.025835637963425803,-0.012627936059999324,-0.02509467003742651,-0.04637932853157571,1.5415291240151652e-4
IQGAP2,0.008931555912229874,-3.8974497977662986e-4,0.017206519194509762,-0.055918523112510624,-0.003487554107714847
IRAG2,0.012452612802861357,-0.03164094449612704,-0.03681932349874758,0.03373402277073157,0.013715946979923078
IRAK1,0.021897652447373153,-0.020022558546590154,0.06498209224280925,0.05402871968965272,-0.08745190926283794
IRAK4,0.018596622164786913,0.029263775416702206,-0.09640410690558482,-0.021788190885629756,-0.10217727311021721
ISLR2,0.008012787837457012,-0.010856701598557996,0.005277775613231053,-0.019079146896553476,0.004923824067976323
ISM1,-0.016787824244141047,-0.028254693709385784,-0.018889863086355443,-0.002572773288981429,0.03661875641948952
ITGA11,-0.02044775506347932,-0.013876131282586465,0.03351444546178448,-0.030374293757025002,4.97762311077883e-4
ITGA5,4.4404427876793825e-4,0.013091141308681602,0.019971725825696604,0.0374827403028791,0.01450924377493371
ITGA6,-0.004492660559806585,0.013300024685610451,0.0012304712207931291,0.0044536852305570055,0.016574317846311783
ITGAM,0.0030224804322499335,0.03190359812927351,-0.0166416004870504,-0.06789017164462625,0.009181932585523267
ITGAV,4.665362219289515e-4,-0.05047258264855505,-0.04948394892618932,0.06221294056459897,-0.008821776924029329
ITGB1,0.010721679501268922,-0.060562926571167894,-0.03145016110609336,-0.07917721132755495,0.04999129027225554
ITGB1BP1,-0.011095453567894563,-0.0067702057950288375,-0.0026402377180557517,-0.008189750876750786,0.015037959738324193
ITGB1BP2,0.013550777778323869,-0.05040119042929703,-0.05108838613697329,0.04283889926686029,-0.06588158692014871
ITGB2,-0.0036681689770298805,-0.043771944112791526,0.012985973383607045,0.025816887118497733,-0.040111987010221235
ITGB5,-0.007047699990586924,0.06138291345662341,-0.02848317806375203,0.02674488700227934,-0.02274645804938081
ITGB6,-0.013688548888357506,-0.028477311630840548,-0.02472292007911893,0.008900448093036173,-0.05512810169141244
ITGB7,0.010245188186011733,0.023182232817077004,-0.030315137472806647,0.006262070467918886,-0.015784754927859912
ITIH3,0.030943865915078642,0.042077230157300374,-0.0029029269025835714,0.0638262746709913,0.014122946991304676
ITM2A,0.028451811530643405,0.00971105462204961,-0.005587841909031626,0.014540000033287351,-0.02128489074346813
IVD,0.0011926862005988787,0.0010663737707413354,-0.008856910432524675,-0.004168358234425419,0.015321154758713897
JAM2,0.0029510385925956128,-0.010181817401081828,-0.03134582302494609,-0.02358531106142668,0.004356770909206699
JCHAIN,-0.0056818555946337454,0.006068902998647789,0.009386866172574544,-5.540453751504557e-4,-0.027358920600098067
JUN,0.002966714734740794,-0.0027353900205386752,-0.013769577542228989,-0.02947193956732817,-0.006955259467755113
KAZALD1,0.012498261599241913,-0.0010521897484106649,0.015969703513718563,-0.011692363405881518,0.010675735331163944
KCNIP4,-0.0027457781003778453,0.007900829022342784,0.024379885433161188,-0.0023131192331659984,0.01246988462033943
KDR,0.012384495435354931,0.0036636086092399997,0.013732884611498835,-0.02001391676513719,-0.01222023460115361
KEL,-0.008978590100856316,0.00815092354451293,0.006906284847169266,-0.0037584859057963314,-0.03404895544776585
KIFBP,-0.02158472891034376,-0.04533710385284171,-0.030856474931952295,0.02273892174275663,-0.04037328285034138
KIR2DL3,0.0031229056471785664,0.00589529304970408,-0.005399855901416873,-0.016363572386610004,-0.005407892273463622
KIR3DL1,-0.005494127207247776,-0.0010695540956305303,0.005235455873008358,0.008528499756723991,0.005162621848963287
KIRREL2,0.005073430026464107,0.0029697858793920374,0.025304962914136055,-0.009278388114556384,0.037363784424547616
KIT,-0.013417930937698082,-0.013327330212059786,0.017082647916277543,0.01792677899703201,-0.03069644513214677
KITLG,-0.07275067823618356,0.0532148769269549,-0.012933089565653179,-0.005503551427039822,-0.3981718400672323
KLB,-0.005042340391067816,0.011772337370959556,-0.0027924214997652854,0.016537767472410324,0.031338069277757605
KLK1,-0.0051043949908368205,-0.028487302842794604,-0.011997566211908138,0.020657227592723874,-0.02509048000691403
KLK10,-0.0010669296233236777,0.006855664295939713,-0.025005729019911188,-0.0014722985178755007,-0.0049788901777455975
KLK11,-0.005001099037421912,0.01620342908935236,0.016173540240492477,-0.016927710784376132,0.002581909719625241
KLK12,5.725578765338837e-4,-0.011007683315456833,0.011107110472735124,0.007068505303194957,-0.014900827880685462
KLK13,-0.012676098352736842,-0.01885527656285706,-0.008290308234686098,-0.0012373966748886287,0.03551812254414151
KLK14,0.008720208150248262,0.013957135562961062,-0.0026800906824515206,-0.020921329643770904,0.0035307435800414387
KLK4,0.01993267822946058,-0.004185722918038021,0.011571200727253107,-2.1660280965779872e-4,0.015119896943212901
KLK6,0.004850148091767126,-0.009048398162442697,-0.055103526819260264,-0.007258275903955196,0.027435162813438954
KLK8,0.004490480602258092,-0.008869843821908344,-0.01670861610595826,-0.03208854354672235,-0.06957662826969221
KLRB1,0.00268214976032762,-0.01527411918371612,0.006031884157790759,-0.013260569660171778,0.026757260946207312
KLRD1,0.005395866518461823,-7.460472143105612e-4,0.034317919461682084,0.017438190482982258,-0.0018644935940141923
KRT18,-0.024264457012026383,0.0026658332225189887,-0.008388961744116588,-0.02225374089958172,-0.054335078739833495
KRT19,0.00847859349564279,-0.0017738211156306863,5.026639313945211e-4,0.014272116854234344,0.03398160406273227
KRT5,0.015316521109919214,0.021688346483868703,-0.013321312645193236,0.012579015471978537,-0.010227863448047691
KYAT1,0.019802454126956547,-0.043846529619835935,0.015270629233192147,-0.023132633598697147,0.02889710440277633
KYNU,-0.012560982478366955,0.02312795280936669,-0.02571343952223698,0.027981974769130866,-0.005672370880068666
L1CAM,-0.006802721677421157,-0.017720175266885498,-0.011738343610525045,-0.017489013268588295,0.02403941301776954
LACTB2,0.057562596011367255,-0.024320734097641093,0.03609642250184368,-0.03720039625689719,0.026647314313752266
LAG3,-0.008057434072531813,0.018956655170523685,0.02069156635641396,0.036343207381310715,-0.037531331728120176
LAIR1,-0.016208405834147836,0.003121986060152452,0.014165943037059559,0.0014072177398230582,0.0055016033082055295
LAIR2,-0.001738659564650051,-0.007468956692548104,0.02718405065279628,-0.0227764155006191,-0.0032895962834168877
LAMA4,-0.017997803825209945,0.012665645587731016,0.03431145086311085,-0.01802537842313772,0.09074752820423465
LAMP2,-0.005216294633716595,-0.02014145864020709,0.005884317922093248,-4.1821719795512465e-4,0.0050518363856737894
LAMP3,0.018148377094345306,-0.03651179926963252,0.05674026505551001,0.02792316749226512,0.0319781091913527
LAP3,-0.006072271818238802,0.00424203276779591,0.010967657780089754,-0.0198978633093028,0.01560286711595703
LAT,-0.014072649568153711,0.09028285264463536,-0.06140692023856432,-0.10671214266406186,-0.02616899345918317
LAT2,0.09669497925882738,-0.12788822255124452,-0.015838572867805423,-0.048844694815787015,8.525635589962247e-4
LAYN,0.01714559389782183,0.0015565648380120526,-0.009568109135592926,-0.01758703589061286,-0.004800356797070505
LBP,0.009365602567410864,0.03357983287653075,0.003149699040478246,0.008058543933728452,0.006054500343036404
LBR,-0.030174368859921228,0.034485357995331076,0.05335597322007884,-0.028811892652161636,0.02798851446674296
LDLR,0.1497675897572698,-0.1994949127986717,0.07928412935475829,-0.09853782732793027,-0.06815848554864047
LEFTY2,-0.022535920430742366,-0.01169261405871991,0.011730935052486955,0.012735419552339927,-0.03273492894123453
LEP,0.03992639392716417,-0.019480008111693356,0.02766381831067852,0.013239308816257195,0.011846686585475349
LEPR,0.0035199531251114144,-0.029678329293986953,-0.022586823638375095,-0.027765573590025374,-0.021457323764626873
LGALS1,0.024260897174494422,-0.002092419475789383,0.022619526865562907,0.01072853737016506,-0.023656812459638188
LGALS3,0.017808126005217795,0.02736285312699482,-0.03151185808990669,0.008196688071652646,0.029554258469036462
LGALS4,-0.0010070132141000293,0.01127781063757367,-0.01883323977053557,-0.04332326213583855,-0.015587179558378558
LGALS7_LGALS7B,0.04188729575829964,-0.0018071380792791516,0.0240182448401509,3.651984845800824e-4,-0.0065288629457679916
LGALS8,-0.018136311223801552,-0.03061377687844618,0.008960783462816431,0.04125453722834841,-0.05207015832441207
LGALS9,0.0113002844446307,0.04026368169348147,-0.027934694375209408,0.04648755129062904,-0.006630126693163468
LGMN,-0.004230264706272665,-0.0012997381959299955,-0.030069361303890495,0.02647957290715931,-0.0017380464655542818
LHB,0.0026301343520360168,0.00935423785594752,0.01215046848661543,0.006523646066654865,0.021593912223917114
LHPP,-0.019971787916446163,-0.01241114998346138,-0.02539730332913879,0.025818107536514468,-0.035304043689519
LIF,-0.015064290542980691,-0.0066604670104235325,-0.0018800515022217715,0.0127872683476105,0.01828114639386855
LIFR,0.004618486700027403,-0.03673788871613256,0.02173872197815209,0.018354680102477816,0.008927613113901119
LILRA2,-0.005712197585679268,0.024102996869173773,-0.015415337972225118,-7.370500487124608e-4,0.003049153615736356
LILRA5,-0.00248210877771595,-1.1303241019528454e-4,-0.020565000255019575,0.022807305912494996,0.01052581569518808
LILRB1,0.0044407069000343405,-0.002623146773781405,0.011356394423686056,-0.011325634870484559,0.004596777874902747
LILRB2,-0.005284350276560626,0.02158951033598512,-0.03057144145905427,0.0070024791319418245,0.011148421510116963
LILRB4,5.895515393586719e-4,0.024140438189451042,0.008254054666645368,-0.016570667826895973,0.0014690936950564578
LILRB5,-0.015683512884920658,-0.02003906551930027,-0.029022443381643837,0.031491086845325825,-0.0034399592583945096
LPCAT2,0.02551156026114368,-0.014404310502316147,-0.007912709339843732,-0.004802442465422307,0.01060768765768213
LPL,-0.022519532380603658,0.02245505464486481,0.013543019423141204,-0.012683693945926883,0.01277870779371638
LPO,0.008776726372513517,-0.007240634084623467,-0.00762994374345296,0.026842646024840603,-0.009939034354531603
LRIG1,0.013910950807895745,0.017729879746899522,-0.012649292604528248,0.04440613763310504,0.07699237577388847
LRP1,-0.026213793156138768,0.028692711950944434,-0.0015474231392473767,0.02186460368828758,0.005000591200475366
LRP11,0.0171370145835834,-0.00903024598365592,0.02115518466578451,-2.4158321278507615e-4,-0.030837360338729813
LRPAP1,0.012283539976678986,-0.017720819336128034,-0.022281933296052492,-0.024981856217140608,-0.013321992928918943
LRRC25,-0.009502496852692627,0.012375550834505684,0.0017172130172820727,0.027386007718340936,0.0021954250216325148
LRRN1,-0.0027980528300033175,-0.004158686434260209,0.006654925268039879,0.03649250341033677,0.011542057695271161
LSM1,-0.004892744287288413,-0.0043780018651387205,0.015299336296986852,0.017297122242395786,0.0062667140306428715
LSP1,0.030012091491234093,0.0311328697877851,0.02062484473423353,0.00462198507042726,0.05401786227787516
LTA,-0.012841772729208072,-0.0091548305776925,0.012491372235860554,-0.01631977988207998,0.03318760877682825
LTA4H,-0.028658864215251833,0.041070847635330324,0.054490312042007945,-0.042380470031760306,-0.027955228851004217
LTBP2,0.005127648019233994,-0.011365095514719288,-0.016289411920171082,0.048458539434557725,0.03533525837767083
LTBP3,0.0072554025789174055,-0.0060732448843347124,-0.0090940789813111,-0.0019101429246003085,0.006423537904926511
LTBR,-0.04464955605665385,1.824106505487202e-4,-0.0012689231792480423,-0.007524364210343435,0.018048538747297817
LTO1,5.843033410206121e-4,-0.0017424336418694559,-0.014305933529486345,0.001787769555202307,0.008384160376665409
LXN,-0.02344638417301316,0.0160249715121313,8.129322788641456e-4,-0.006303864138265258,0.053851316383840685
LY6D,-0.028718168771266185,0.04221159870768091,0.007669245280218203,-0.025517394505074686,0.00516296429109319
LY75,-0.006782346323136044,-0.002159823456962994,0.01547038775471571,0.0071779049617921205,-5.474330901334586e-4
LY9,0.011529316555558368,-0.01612921627225967,-0.05598299035787491,0.015398928793463404,0.006149249770671005
LY96,0.012640689050629234,0.020660531030843643,0.002180464058450932,-0.010662846776836297,0.05168652469407172
LYAR,-0.011631325233450226,-0.0025929448414955597,-0.015829990934982215,0.005148551337422175,0.02657711775162285
LYN,0.004985100890836787,0.06459267236720603,0.03443826139047848,-0.014929311206614662,0.025012176674141046
LYPD1,-0.004497028483759046,0.007899331048927634,0.020645883505710044,0.0104572916925904,0.01788207467231891
LYPD3,-0.02331291299677254,-8.965765846944372e-4,0.007807236978102831,-0.002284451341124896,-0.012489891452951032
LYPD8,0.005630251561667518,0.00855895267300967,-6.991695677300999e-4,0.016699755365872582,-0.001331466367342753
MAD1L1,0.023763159559093163,-0.025006186228675616,0.01459199738068549,-0.012678720985095983,-0.06623252166125682
MAEA,0.002870395525792875,0.012596926385544733,-0.004381512951829048,0.0012209172033715494,-0.014746238783995074
MAGED1,-0.003542947129546318,-0.007830826215023038,-7.619257154385224e-4,-0.007235425167388421,0.010326469687681417
MANF,0.08833949482920152,-0.07842810858126917,-0.0069942220957184735,0.054871623393856706,-0.007361118771274365
MANSC1,0.0044358805258079646,0.024617139734649233,-0.05264895282225975,0.013788744973414384,-0.04177854805415758
MAP2K6,-0.04852337181114393,-0.014182515734369714,0.009830496225281543,0.04966188600796726,-0.09024241825445861
MAP3K5,-0.003387549196622818,-0.04868942285833333,0.00418114026054413,-0.0468331810172849,-0.009592491361562462
MAP4K5,-0.021427499567412918,-0.06084771866440391,0.03042340255634793,-0.034457942949506985,0.051907904087067795
MAPK9,0.009761209982230961,-0.009471362915023707,-0.013897729330718075,0.008224614883978767,0.0018600137703183512
MAPT,0.0037945874365364445,0.0023918762518243537,-0.01942561514291154,0.004441588423317876,0.01804262146222496
MARCO,0.010168454170987875,-0.0052631987411354214,-0.00745684896678665,0.032580771643887695,0.07131612078837961
MASP1,-0.01250942580498518,0.006604899877852976,0.0027099172419245143,-0.032277673071523516,-0.0018797302087728265
MATN2,0.010833968777706158,0.012527702435676873,0.0014962924248262367,-0.027013263038316884,0.0604467771606498
MATN3,0.013234196361453105,-0.014305225845699886,0.002022283067408168,0.002479489008764398,0.019087475159767688
MAVS,-0.052143718261076756,0.027231343925422626,-0.04225257352531104,0.08546403724458039,-0.08450701316957107
MAX,0.025021660108902985,-0.011279955893876018,0.014924058720365348,-0.0020747460387063265,0.06191598687937463
MB,0.019736313468534012,0.04580942515476319,0.008252941633882547,-0.0136325420753031,-0.04271722278541557
MCAM,0.006418772340746798,0.005695192885626797,0.03983274834907692,-0.0025473756922945105,-0.04084130514444528
MCFD2,-0.023111320237962148,0.06307839044961813,0.04181720665196939,-0.09535781146075763,-0.10099771880434319
MDGA1,-0.003807128269583978,-9.777706110005913e-4,0.016695638964647767,-0.0016994781115086378,-0.0067563102336396196
MDK,0.006108171413272389,-0.01143922489644045,-6.618660242812101e-4,-0.03884375929424373,-0.020255175712610835
MED18,0.05348260504024608,-0.09886994547452124,-0.028284516586557985,0.06532040236260239,-0.057371358280595364
MEGF10,0.0071703192220133665,0.01183479776052715,0.0041443950430580115,-0.0023648190712950673,0.004835397708595577
MEGF9,0.03298579662726924,-0.024335354909524008,-0.059782485940029634,-0.019413632946639846,-0.04027085763235711
MEP1B,0.007177691002107058,0.005895763211291639,0.01076553082947768,-0.002109020959138341,0.019704056264622127
MEPE,-0.014716443616685606,-0.014983723505491788,-0.02114971741997059,0.03035146480985872,-0.015492484369223196
MERTK,-0.00530708224641949,-0.009404960231422775,0.011537517171466422,-0.029111905387956057,-0.012164165545191596
MESD,-0.13135700164982891,0.04686415599094679,-0.06160125824634556,0.023239150124421872,0.10580767034400679
MET,-0.009790068819548317,0.01340242419057727,-0.006884366287632345,0.04736898868556707,0.00763479777439422
METAP1,0.011483268962212235,0.006287476782396768,0.009252366448621424,0.0018301822910065729,0.01035123327526716
METAP1D,0.0058783341209951104,0.04917361193492626,0.07869766247776903,0.05246498958860733,-0.050282371061693205
METAP2,0.0017891208490089002,-0.03325605780033562,0.0038218624679118556,-0.0057709857383348015,-0.031819928326778484
MFAP3,1.276450289937636e-4,-0.006643074260395688,0.0014295084356424066,0.020712221618870354,-0.022117088816545335
MFAP5,-0.021832094243704622,-0.01839916511453466,7.967370561009103e-4,0.03394945944299784,0.015320459280172182
MFGE8,0.06653478936847701,-0.05831796321898006,-0.02188237330870899,-0.10474681134969784,0.047459611690647815
MGLL,-0.008164057067269984,0.17938945094654934,-0.08627238110782318,-0.0022214336358936126,0.10643293444487816
MGMT,-0.011740095645702442,0.03257550122122182,0.015474156274936621,-0.02415619266822141,-0.040637130568061085
MIA,-0.0014436263884933763,-0.020659653159925007,0.005933111085812736,-0.005389939629591784,-0.008601492693700452
MICB_MICA,-0.01515668480708474,8.156722218733095e-5,8.827346182982949e-4,-0.013086700121455666,-0.011476747408488908
MIF,0.014844663075944528,0.06906433926226614,-0.048855269092950876,0.009902194782297468,0.057431936256793166
MILR1,-0.0025874869801487616,0.012770422840661983,0.016669409311846715,-0.0072149322218217965,0.0037854359362657717
MITD1,0.028289126541476434,-0.07554233850351781,0.038300652436066486,-0.0176199771470805,-0.03695679667864732
MLN,0.0021901692026154913,0.0014448719107503334,0.003947008504525352,0.009122400641213859,-0.006130476269334431
MME,0.0032734291359217474,-0.022517019995086925,-0.012802657142708932,-0.049776490847772976,0.017150086822462704
MMP10,0.015189360333029263,0.012761878044108959,-0.015519300218019432,0.008383658346994036,0.04246711318832257
MMP12,-0.005947117853302327,0.017305519861222005,0.023731829318106065,-0.0022805705005849706,-0.03225961357382465
MMP13,0.012963035337844531,-0.0036372180842226343,-0.02144030351642119,0.0020870309568925415,0.016624466727115095
MMP3,-0.010575397619914759,0.008958817700510715,0.016527051238721464,-0.016809287156050436,0.020106667989258753
MMP7,-0.02036474698891738,0.008009950802795034,0.04801684417514842,-0.015898878596530136,-0.01410177455257647
MMP8,-0.014300325123500834,-0.004456668589009192,0.008987325085681256,0.03187405209145129,-0.014204164462004256
MMP9,0.00902543227972904,0.002243468075283707,-3.323669396339101e-4,0.009287139553251639,-0.051014039070627175
MNDA,0.0024158056072799135,-0.03957758001465109,0.028342854506550434,0.03238295830647995,0.020273283507138518
MOG,-0.011103482225913116,-0.02164411399422984,0.007848435957123125,0.04350529862326176,-0.029372441886662663
MPHOSPH8,-0.006107186140282699,0.0027231730586988164,0.028863312979865063,-0.0015133207690983031,-0.003208827259554921
MPI,-0.01613723895900211,0.02833680716263636,0.03688224685445692,-0.021273808813225402,-0.04246873717878677
MPIG6B,-0.011935145723172847,-0.06472104589151617,-0.09334055223766839,0.003479673098499071,0.06397738285474014
MPO,-7.656733470864482e-5,-0.016756707492230304,-0.008651998158027571,0.020986305928656055,-0.035239430808127976
MRPL46,-0.01362810248388914,0.006405905472625888,-0.01014020676209114,-0.01526434523845971,0.001212452581434868
MSLN,0.0010466867983711433,0.009474404744745072,-0.016733776345181205,0.003967125468501574,0.005097120098800853
MSMB,-0.006148020320068294,0.019310460936702144,-0.004487438274412564,-9.438863111298408e-4,0.0026285836085675174
MSR1,0.0040884553312553916,0.017747303555485653,-0.006915681117510095,-0.020195050134380416,-0.013829563249423207
MSRA,-0.011039405707871321,-0.08014529209720604,-0.130842762574427,0.0027707608893449225,0.0035185629008250875
MSTN,0.011659621054112555,0.008413503127699166,0.0065495276855327324,0.012700764387566888,-0.028473367110446093
MTPN,-0.011185044739125438,-0.0049410485288197345,-0.024029693976524696,0.008162345161894213,-0.005067495489382158
MUC13,-0.0105698589252501,-0.006749367550305732,-0.009081990685396914,-0.02984268150438219,-0.004839505769436791
MUC16,-0.0028751851274961726,-0.02087893627655587,0.011045757858766788,0.012481445562709987,-0.017935157780414983
MVK,-0.018239691921598657,0.027566335154955914,-0.09615459954310439,-0.07103682357831165,0.001001092644051436
MYO9B,-0.006509261733779303,0.006175197119570586,0.05257287335153884,-0.005859596179268348,-0.018048973429013716
MYOC,0.018280041875931383,0.001866334090668242,0.015663869669614153,-0.00875146763372952,0.005231876016510514
MZB1,0.0262960199145487,0.023379659100024236,-0.030966766867639665,0.009183643917711865,0.03826212946512436
MZT1,-0.011680684506596947,0.0033955953166965374,0.04238336754967994,-0.002901043529541265,-0.023228703276397044
NAAA,-0.0012848205099728165,-0.004069442418120865,-0.015457856130075269,-0.0011089751932493183,0.036635149312501315
NADK,0.004471925216903864,-0.006339299813641029,0.023507472520272,-0.007636691866242267,-0.0027360244852183426
NAMPT,-0.0025008438169901726,0.011637754123965387,-0.00790620023401708,0.02660468737063899,-0.031713563745359906
NBL1,0.004735282521988027,-0.005845835007145242,9.476647520497021e-4,0.018078917784436172,0.06976004550026642
NBN,-0.017286206112540215,-0.010488975443004983,0.0018340521904429597,0.014808935660176714,-0.002180237259059071
NCAM1,7.385263154245448e-5,-0.011721429550104707,0.006683448803786117,-0.0023731673608965633,0.0041398673224391615
NCAM2,-0.00518004763580552,0.013336608193503572,-0.010311476500783992,-0.012413862571158027,0.008059822903247742
NCAN,0.005502852528785144,-0.002520129343698784,0.01127611383795631,0.005431534904801647,-0.03142538746190986
NCF2,0.009767031339290543,0.025905617855293595,-0.05848744682389375,-0.03922973280156758,-0.038335693231213455
NCK2,0.16631785896801254,-0.0036720778260674494,0.056714692804448505,0.06538138762781838,0.11283878169947653
NCLN,-0.024891815981513635,-0.021400747079420985,-0.00633984048197151,0.0070619958264565704,-0.022071955059131145
NCR1,-0.009038228561777306,0.008005617446113836,-0.005267054745840552,-0.03998302838706799,-0.03939137359642012
NCS1,0.0031434849143750563,0.04830384153987062,0.040249640406592534,-0.10243936618054954,-0.01602075206797773
NDRG1,-0.0055258037261848485,-0.006675379632970276,8.874066858969444e-4,0.01921566658033629,0.007450108867055873
NDUFS6,-0.0033441240393300075,-7.726914169570632e-4,-0.004506905775572964,-0.013806232204899264,0.008283990375203446
NECTIN2,-0.012743750347783486,0.021904573921840642,0.04217115542388665,0.023973837530414096,0.03638263180366552
NECTIN4,0.017172417253731673,0.01924505351869201,-0.04152106423949994,-0.013432385671100354,0.01014769780972795
NEFL,0.004185193367604933,0.012409024250804207,0.020958413518815524,-0.009440438122996806,0.010938799865132473
NELL1,-0.006141136448199169,-0.03399484328366398,-0.002197032258418116,0.009228233911248952,0.0021420377004628325
NELL2,-2.985892824093445e-5,0.017269665449852104,-0.014206493321420006,-0.02010919154529587,-0.03697642913326704
NFASC,0.002528942375118148,-0.004413308279307393,0.006563338411277185,-0.018007797635465155,-0.015308465405142361
NFATC1,0.011018333314689977,0.0025346253195330914,-0.06647021480755516,0.07690182786754723,-0.010098409702770157
NFATC3,-0.008463231856772242,-0.022013147877596794,-0.00903863935859243,0.01418248879012157,0.0034214968457362037
NFKBIE,-0.0028611693384326155,-0.006195072917234248,-0.012991498764976232,-0.009132530758113341,-0.003478393489521008
NGF,-0.0019125711406940194,0.004962359761940125,0.0038279539932224074,0.0071814902353596055,-0.02730562839006577
NID1,0.014524169927525317,0.03237514480589663,-0.030575982985201384,0.02542257663125248,0.03451761630607488
NID2,-0.009630262716931544,-0.02898332153880239,0.031163961816948714,0.0021784794194830226,-0.030554125057006144
NINJ1,0.021607848380592383,0.009660864327982853,0.009319315569736406,0.025622685017188333,0.007878829179432122
NME3,0.001445398093373723,0.011778180493264288,-0.0035473529299915726,-0.00990547276039841,-0.003974332750164238
NMNAT1,-0.01033708575672483,-0.011350706602808637,-0.02873317648826732,-2.906185300142996e-4,-0.004990918914713326
NOMO1,0.023876382067565247,-0.020760119946093943,-0.032936850348944044,-0.010969422983192402,0.02559942822751776
NOS1,-0.020501909155507193,0.015458879240296278,-0.014320039692110003,0.02731327042565596,0.05922554779069729
NOS3,0.016735204333135224,0.011399081509793836,-0.001100401663461985,0.012216537392700413,-0.013828256424663902
NOTCH1,0.034108018171589545,0.02968382279840876,0.05790025362690981,-0.04181624821555313,-0.06655581542642479
NOTCH3,-0.03487369147506607,-0.010012360307859652,-0.011224452161873219,0.011721512603380098,0.039532557940719526
NPDC1,0.0017933437642709317,0.0143965522843172,-0.008006564028457676,0.004994081538410203,-0.015193492396670066
NPPB,0.013575900199139049,-0.008326852461669537,-0.0030067455049188094,0.013238752558431209,-0.0019036269555935844
NPPC,-0.020348561557534804,0.004155477728324416,-0.04599946971636869,0.012511032902734637,0.01504716851174878
NPTN,-0.010880264022283589,-0.002329303314961716,-0.022737096252434592,-0.012105109100523957,9.085861972372748e-4
NPTX1,0.0060096582516328805,-0.02544768256314348,0.01855613931771443,7.806980771285347e-4,-0.03478409185198791
NPTXR,-0.0136793189968422,0.011089857203152116,0.0010721349247029591,-0.01251114092920467,0.020487256317944187
NPY,-0.013388919767879514,-0.008807381716843055,-0.033317512574950935,-0.0238105282194341,-0.03737460554219686
NRCAM,0.011219086471105526,-2.7948170134624154e-4,0.016963384109758225,-0.010446073535203632,0.006267690895210001
NRP1,-0.014126320363857832,0.08594758117016955,0.008921018112181003,0.022902643020116284,-0.006669043069101625
NRP2,-0.0164771123805623,0.034242123275352476,-0.03243336781545821,0.013132979744193281,-0.02508705248264301
NRTN,0.011071234034643409,-0.004389996159168834,-0.011440623143309861,0.006545794173682015,-0.0126938121832716
NSFL1C,0.0409222066187832,0.006392292195215202,0.07164567467198635,0.011927082974345747,-0.014740710176869964
NT5C3A,0.005925055245048059,-0.09870872275941264,0.013632812932805478,-0.04606968696149786,-0.022715796942000502
NT5E,-0.009519641176457086,-0.006288739394609523,0.01618211144145525,0.01875271415916901,0.028368948899383482
NTF3,0.007402041596413206,0.013689837519275662,0.026920774620557194,-0.03306987018977647,-0.005477463762557002
NTF4,-0.0010217705419441015,0.012798414164690762,-0.015336583554519752,0.014990045565410448,0.010749094470011914
NTPROBNP,-0.009476498362538499,0.02407017533769405,-0.016763805288731056,0.005891839759818708,-0.01862191791513419
NTRK2,0.015674149387079797,9.708668413331718e-4,0.0041393497308132255,0.01938572075019132,0.03424065804319927
NTRK3,-0.016810740964051323,0.007420109606672015,0.020141457837401327,0.0036599714853403705,-0.009801907782267045
NUB1,0.026259000707175434,-0.0304242920639915,0.0024837999888538444,0.006957394894353172,-0.09901478547579819
NUCB2,-0.031470520955334216,-0.0013347263727008659,-0.008200038994410254,0.028683104324086807,0.04482378933793755
NUDC,-0.05591875306913905,0.019309068881716466,0.026972591399851236,0.018414972430807353,-0.0422639394329508
NUDT2,0.006806431037447734,-0.01682212794415923,-0.0042762573487524005,-0.017322489261795918,0.009329037809885605
NUDT5,-0.035247263363942315,-0.029537857834068742,-0.03473019081200956,0.00631381981766722,-0.05153315825700556
NXPH1,0.014495117491095307,0.010129796450063677,0.009838082905739452,0.0030848561004016726,0.006177328580058977
OBP2B,0.0029728812465912753,-0.001931134454992394,-0.017010509594714514,-0.006578165574262781,0.022215174435445347
ODAM,-0.00834363989251402,-0.012591232244455788,0.007247887716731984,-0.01012571309565062,-0.0023420398344511173
OGFR,-0.028342103713296492,0.007592546268723616,0.05678140688304823,0.019659838228199222,0.001958763540708466
OGN,-0.003038192682711151,0.018826460787384598,0.009871849254846136,-0.006781461053427442,-0.009608942515268535
OLR1,0.0171470745197029,0.022104459047557912,-0.002746949820021097,0.006369463291654088,-0.004616742916697114
OMD,0.0058822074807685,-0.001213860107782937,0.0050763228561511884,-0.0020863031730466303,-0.03137292187598015
OMG,-0.02857726686202933,0.021104054121011965,0.050050796857247636,-0.0018955787537148568,0.0362105717085256
OPTC,-0.0021895457148214865,0.01546881266715729,-0.005217560489984817,0.018933421012873933,0.012087654872737271
OSCAR,0.0072021677840774494,-0.021090409277115602,0.0013526262025724994,-0.0114497101020223,-0.016331551905216523
OSM,0.015352130528914478,0.033661369285443464,0.029685898156293175,0.0038108495027634227,0.047550196188553696
OSMR,0.011700165084213563,0.01051045952204368,-0.010679046279911047,0.020203632221005914,0.018398489640965437
OXT,-0.015055584043365546,0.004409708831777037,-0.013372608326597596,-0.03176705635987644,-0.004573398686153218
P4HB,0.009430948838114205,-0.0038542445782988074,0.07663987205029774,0.007463193939232841,-0.0951595703053689
PADI2,-0.0048978824044707304,0.012963633498298733,-0.004643682339478749,0.006816133195945881,-0.00604061178050924
PADI4,-0.007925449618695426,0.027908577638277178,-0.0010588989594963211,0.010801939532933881,0.025432002532076052
PAEP,0.003663072857428706,0.001933256515787255,-0.012626201768957646,-0.013729791938519422,0.005840230629079199
PAG1,0.011078164589398665,0.004044837923194131,0.016285196861404658,4.029986634211169e-4,0.006245049147916072
PAK4,-0.011299301878331263,-0.007951601814299979,-0.004198902383328112,-0.020329489581375038,-0.016626278392259847
PAM,9.156132855829569e-4,-0.007244632756909848,-0.015242038283394044,-0.019625213243597343,0.014843575219872838
PAMR1,-0.010013508078657269,0.005085864580375908,0.023664285280417256,0.0808309667822715,-0.013603980295347548
PAPPA,0.014619243645521722,-3.949623007035763e-4,0.0017959345363560695,-0.015862199190776968,0.006610235584018259
PARK7,0.035706847063414884,0.0044165749646749635,-0.061318510896651274,0.03063995393099909,0.022236625989123827
PARP1,-0.005431708980110057,0.011642486096875439,0.01809667300753419,-0.006926243353333588,-0.0013860387844036382
PBLD,8.086773696613946e-4,0.01510721395514582,-0.003741047735805365,0.01021041836921936,0.04854910849718393
PCDH1,1.932139839740265e-4,0.012557175275145917,0.013897844221494092,-0.007069481212768012,0.012092699566353487
PCDH17,-0.0029359939284146564,0.033001824879414075,-0.016224306799699374,-0.008272395603207286,0.005034807880716033
PCSK9,-0.004033931554322074,-0.07444770845122908,-0.02000504128145061,0.0394161615387519,0.04930122785876196
PDCD1,-0.005769211806629719,0.020126019640418182,0.0496994033659427,0.017904692805709835,0.007379489984175086
PDCD1LG2,-0.005628879701779855,-5.225712510589954e-4,0.0039031309139343695,-0.016243567268998532,-0.018668089712396432
PDCD5,-0.008184598206913654,0.02512434087235597,0.005731082686124834,-0.020876683474979275,0.07608606619802014
PDCD6,-4.425496423833588e-4,0.01481015061155991,-0.011028571141836974,0.017046977765019355,0.0014201806699587055
PDGFA,-0.042344794923871505,0.047729356343216796,0.033414815578511115,-0.01623868898334091,0.02234662914724344
PDGFB,-0.012017377685586991,-0.020615750193260136,0.0029610465003076657,-0.008375234820581235,-0.04185097457653129
PDGFC,0.009856315279791701,0.012969215024792308,-0.009761816591605993,0.014156953253516775,-0.04525617488437063
PDGFRA,-0.0037387768219242605,-0.017478082761929952,0.005595903218879903,0.006070958024646192,0.01083450413149818
PDGFRB,0.001065305520198982,-0.004885135606013188,-0.015279539200259819,0.008916935142025129,0.024817247961608998
PDLIM7,-0.0414409847615857,0.04718117186875834,0.017212977665588877,-0.08092077746770522,0.030885279065437123
PDP1,-0.00373685047411114,-0.0014585560986151958,0.0014100018673386533,0.010029864103294331,-0.016652194199526113
PEAR1,0.011248992669878468,0.03516151641375409,-2.905806425252195e-4,-0.030588631451458296,-0.03686063486034431
PEBP1,-0.03097821120900764,-0.01656499636915404,0.023297070826450193,-0.06801485184664384,0.03256711423884847
PECAM1,-0.021738270613607738,-0.008091060491166025,0.022995742082181775,-0.022467719982597386,0.030874630842280995
PFDN2,0.0036281363009808133,-0.004793340836506196,0.0013066398203714432,0.032330881434286696,-0.023122090353416277
PFKFB2,-0.020997750506727458,-0.015565074062943015,0.024933942663851964,0.012027848426031001,-0.060262066538055416
PGF,0.012468335574647165,-0.03531887004410937,-0.00900271835648472,-0.0032299023838312335,-0.011783636441006853
PGLYRP1,0.012739866671356796,0.02363930356227698,0.03571097069956933,-0.014470817195037105,0.04838087342021271
PHOSPHO1,-0.008931179834656904,-0.005753618932102152,0.004892579771057038,0.013627813360554023,-0.0075313812342777935
PI3,-0.0017970324304688572,-0.01063110485207283,0.0067965186204360425,0.030458105118210083,-0.01185006097456645
PIGR,0.0029476523339175592,-0.006308921912072435,-0.008642352415718523,0.02521105956143731,0.0028611773750219184
PIK3AP1,0.012596971310536694,-0.00890752483626352,0.058698425218277055,-0.01014837171854644,0.02254344384369173
PIK3IP1,0.010863752211295229,0.009370241149334286,0.00626140909966478,-0.05101997065924279,-0.012661789533335691
PILRA,-0.017056550368192498,-0.06100224271110346,-0.07891012299825083,0.015034660124598882,-0.02671506373777911
PILRB,0.01294553987367983,0.052542499433919046,0.06099365017060127,-0.005164593193680097,0.02549579725899128
PKLR,0.02523089616409925,-0.015858077444010917,0.024361118093004924,-0.023582201027046876,-0.07107009517936155
PLA2G10,-0.014895158176231417,0.07918001879159045,-0.033185636454763,-0.05876807366311762,0.0952418111490288
PLA2G15,-0.01076915693452549,0.01544956530212328,0.03832522518691639,0.006728897565779326,-0.030697372199063218
PLA2G1B,-0.017850983566564414,-0.003125123188701352,-0.023053528080254897,0.06323600302362657,0.07219218456627378
PLA2G2A,0.004881325970525425,-0.02835657770163023,-0.00624855961294102,-0.034316642031092255,-8.235755905984376e-4
PLA2G4A,-0.048275146259238684,-0.13661960660438807,0.14793675364045253,-0.03227177930925605,0.013844806557826413
PLA2G7,-0.014544916933484914,-0.1939944278903292,0.38488388110240956,0.24190594923859488,0.07502020525238708
PLAT,0.005985594973138642,-0.014601423189958948,-0.02046181720321939,-0.0027368084225253453,0.05078856361611495
PLAU,-2.3965032583734154e-4,0.010298999372125079,0.05159124352911079,0.004520299210640196,-6.768283349845231e-4
PLAUR,-0.017944152602857987,0.0032837244001095132,-0.01272732105082077,0.015324686835142078,0.03654496234464373
PLIN1,-0.0021989271435635775,-0.003908050647712211,0.02142292079220342,-0.004928662015237827,-0.004843350079241704
PLIN3,2.433826029862205e-4,0.06047670093976465,0.05227583638623329,-0.12593040299562724,-0.02514205586460489
PLPBP,0.07759536177219058,0.10693807251994343,-0.020657999762788253,0.03511918472052833,0.18035586982283908
PLTP,-0.2147129825873628,0.023287975554069237,-0.06184408602276109,0.03761873692245214,0.15473707489136956
PLXDC1,0.014833604162807155,-0.012860628529295249,-0.00796361490337249,0.0026964260582651943,-0.005999260196360622
PLXNA4,-0.018185859833606582,0.0036222417595654526,0.02123160355852954,-0.04909047452049177,-0.008230254522388243
PLXNB2,0.016524467388364293,-0.0014672215819875665,0.013356669593870751,-0.008260700512787844,-0.013684143487798537
PLXNB3,-0.031229117663249307,-0.03758203876446298,-0.03147999362763301,0.09512091672956609,0.0599088827059688
PM20D1,0.004444686077345858,-0.0015658262261557204,0.010272010562667142,-0.013983070043738213,0.006605045087668147
PMVK,0.01607029102257666,1.2962680347949272e-4,-0.02057494208877321,-0.020095464687128434,-0.019634069991169834
PNLIPRP2,-0.0030843974724030516,0.01433463453765897,-0.021299222640830985,-0.016477530661271823,0.006317325936678439
PNPT1,-0.005452280354143868,-0.007176064859388794,-0.0387268790770264,-0.03334524236922484,-0.008184734906198508
PODXL,-0.010247049206151637,-0.0058114508474873304,0.013185039211731094,0.024156819699901116,0.056315013385876904
PODXL2,0.002037035535859787,0.004843370169643412,0.007154684494519873,0.032071660931926635,0.0029343232064123394
POLR2F,-0.03509542648577273,-0.029452930451320768,-0.023891976695962266,0.013345342528554727,0.04012664213690791
PON2,0.0120536949019203,-0.0022391300451981315,0.008638942805229264,0.006370107581646097,-0.004785641389751049
PON3,-0.051286173697454966,-0.035369895705642196,-0.006731165026534457,0.007557753173726693,0.03649270599950316
PPCDC,-0.028428626662104318,-0.013830781602014453,0.03622753234368781,-0.026370102578748316,-0.008652060089633524
PPIB,-0.029510691323014353,-0.061389317013080105,0.012831017564072556,0.06716696737211102,-0.026063456880774775
PPM1A,-0.005458843512221373,-0.006904689786012212,0.007298022743486302,-0.007759804014955737,-0.035097401015862596
PPME1,-0.0274836814411661,-0.02727373162369171,0.03707591240305201,0.03172093846178959,-0.0022629122414501916
PPP1R12A,-4.4739648688286223e-4,-0.0526284804965533,-0.05279547297447555,-0.003234168195819933,-0.0449421055586384
PPP1R2,0.007916044555721863,-0.11612010260236147,0.04582451782897381,-0.1823823869666533,0.034333699617335504
PPP1R9B,-0.028011015041227483,-0.004677598309095673,-0.06724983717139502,-0.058654079181108564,0.02577548453245845
PPP3R1,0.020597358281434153,-0.02987907382001293,0.02701814886729554,0.046062008195565086,0.004140489796401692
PPY,0.0035843708621534098,0.011431975137082141,-0.007817984922268735,-0.009824326043339661,0.009744361282763198
PQBP1,0.008463843438417927,-0.004016408691361386,0.004181622516084956,-0.0051577825857022095,-0.005167033438273026
PRCP,-0.008826785395963255,0.015577104338319854,-0.01852632299573843,0.01684712020726247,-0.026141281622253505
PRDX1,0.025580683292160934,-0.008629004582341318,0.022543619544589607,0.08424798544942372,-0.030257742320350563
PRDX3,0.011321514427478752,0.011404519860948094,0.005907255214057016,0.07070846650137941,0.01884183422596826
PRDX5,-0.0013034579309714044,0.02691919504896066,0.04078102636744245,0.08066214851467968,-0.033765125438881584
PRDX6,0.009083965711476433,-0.01947283138932382,-0.021154146454223248,-0.022057564926905773,0.01826784736905055
PREB,0.0049936076751263625,-0.006575435471355403,0.009389704547018778,0.0033956847767737455,-0.006116561512174362
PRELP,-0.0035933171243973066,0.0047945270184587205,0.0011641948724850717,-0.0050102387241561614,0.034380124624877925
PRKAB1,-0.013892827064499248,4.642629210873132e-4,-0.016302213862517873,-0.0038516976811353784,0.033955286534297614
PRKAR1A,0.006005999740144506,0.01940940363935197,-0.009685149277144107,-0.01641882701405567,-0.04215907533006008
PRKCQ,-0.004843943527781517,0.002112001762906537,-0.013976562115685157,-3.4382791996092395e-4,0.013563804316561668
PRKRA,0.005832636384964837,-0.010735341368588355,0.01084550640499358,-0.0057172531468464224,-0.0014195690644793321
PRL,0.010294947899140589,0.002314768265824436,-0.0022261114153413588,-0.02156772008066802,0.012922478294390234
PROC,0.008338752598584877,-0.018516180859463813,-0.004913123475100957,0.04057600961135386,-0.04312270124771182
PROK1,-0.00749875015985861,0.018754704909773944,-0.008685314804234859,0.011447043841777341,0.006775313884684464
PRSS2,0.004421260174825798,0.027153652209723853,-0.013421123240471492,-0.008500966174220215,-0.00986023140125967
PRSS27,0.007105610142224408,0.013198529029078209,0.0037823010831167553,-0.02706900725553593,0.04482854122080024
PRSS8,0.038338969646717014,0.009352813534178332,-0.013105076391017954,0.03642177954907598,-0.037955686974459446
PRTFDC1,-0.04465120974640147,-0.035012496278002736,-0.03511945719848815,0.050418095610249035,-0.04906849187492513
PRTG,-0.011490082163068228,0.012574307028579647,-0.005604911115060769,-0.0010220610542400522,0.0032094723298175666
PRTN3,-0.00724190609813615,-5.74524424994108e-4,-7.106644431904516e-4,0.006582670157753146,-0.018756556065989076
PSG1,-0.0029892459458367862,-0.00116595655665085,0.0033331993308305242,0.007994358818942853,-0.005638527428142676
PSIP1,-0.02017705402107085,0.0081812290960651,0.027351975092355676,-0.01296320468796134,-0.035092878710386244
PSMA1,0.003951570119318972,0.004636957128248141,0.004523785428857998,-0.014164737041721581,0.009714922156149311
PSMD9,-0.007545945210632615,-0.005192036895673374,-0.044116938074877855,-0.0044356941255477645,-0.02441114655541744
PSME1,0.030709065092613258,-0.020869783285417925,0.0041272015493442,-0.02684838985095871,-0.06618300106343805
PSME2,0.04385740441527051,0.07792130349130426,-0.024082873102123318,0.019465221409766635,0.027626935229374948
PSMG3,0.028178362757597653,0.0751628442452309,0.03872319705373256,-0.014157982779965161,-0.07270589358261884
PSPN,-0.019802409206063527,0.006988101522282248,-0.01554085472858741,-0.011196378521829533,9.661614351101576e-4
PSRC1,-0.018914082799688196,0.03937520360162288,-0.0015198721099290845,-0.009759532101065633,-0.016509085197561012
PTEN,-0.005308749072348192,-0.004354956113335843,-5.862095777946947e-4,-0.01359268787857172,-0.013100321729925375
PTGDS,0.003695578067213019,-0.01551812665971485,0.04021319462430878,-0.007195706306063309,0.04387567983066504
PTH1R,5.371342662268317e-4,0.011884408477723587,0.003403017847835272,0.008880533391518368,0.00800707566275055
PTK7,-0.02319879110962173,-0.004721434434791546,-0.010541188320739019,-0.0020017515906930535,-0.02012215828907249
PTN,-0.007841897407691796,0.014537067624795829,-0.02560247077023138,-0.006880821927000209,-0.02203563345944005
PTPN1,-0.021400998369327323,0.015080125992824472,-0.04076644020233683,0.0507091502992466,0.036230301280878736
PTPN6,-0.019178604857971772,0.006783540943438023,0.058244868979689196,-0.19123776939275614,0.00736177003302578
PTPRF,0.00729989104975467,0.009171697495197941,-0.03136515096655203,0.0408383988794571,-0.003312930484136078
PTPRM,-0.01239560190669602,-0.0043469602710864514,-0.022187592172687176,-0.0012239378390852232,-0.017310952739840034
PTPRN2,-0.030042245632949684,-0.00708620147074033,0.016612868582944692,-0.02127116203267359,-0.04131173683242325
PTPRS,-0.004724154968189358,0.01033713804754101,0.03751772967626704,0.0076290183118942105,5.593551669825005e-4
PTS,0.025467306520479693,-0.027232572669884374,0.008994264331038757,-5.937972758738667e-5,0.04068054218875475
PTX3,0.017916755907206785,0.013221562154171872,-0.0031898480566347493,-0.008062843673145253,-0.01927191819348795
PVALB,0.014780385654759172,-0.015447725988081891,-0.012551252795509013,0.002708177596231678,0.0032150228606637804
PVR,0.00931435393464736,0.0046047069741660335,-0.00915802235428713,0.004148349758248386,-0.02818215023015555
PXN,-0.01734585248703141,0.013171218016751878,-0.016514775978657668,0.004714512564604413,0.026465538767973456
QDPR,0.0391380163054089,0.05294548487554402,-0.008958615237879606,0.005441572185252103,0.025025563352430332
QPCT,0.012996772794025134,0.0028668964123991286,-0.023221131825156848,0.03465503838612305,-0.022288235453653542
RAB37,0.005231941828649769,-0.0035860556924724846,-0.008250943488740475,0.00882715702172066,0.037022154097346986
RAB6A,-0.03485005200080591,-0.027042087399955454,-0.07513974038909416,0.001816373734909356,0.008553903443937529
RAB6B,-0.0035206381325000656,-0.01754791096722674,6.861748496744601e-4,-0.00412200315997471,0.0033054976162697307
RABEPK,0.016650189887032932,-0.024705287854381423,0.001566032204413714,0.0061968759379022464,-0.0026700228737753786
RABGAP1L,0.008627511821753649,0.004009150582724879,-0.06017430263319922,0.008442375621062845,-0.012236030269064524
RAD23B,0.003389246295090032,-0.014882723038040507,0.026594466992246414,-0.013868135861476368,-0.014306201481012968
RANGAP1,0.006345622812920559,-0.011335040925625033,0.01953451188022069,-6.101726983151344e-4,0.001330606074460503
RARRES1,-0.007200452692992127,-0.0025932113949704125,-0.005583202424317424,-0.014759327470688493,-0.001521761492650618
RARRES2,0.028127124746777307,-0.004245587846511541,-0.064186829123516,-0.031716507855649695,-0.002918330269598064
RASA1,-0.004120506277603385,-0.0030732462687864874,-0.003553701885158026,9.411424857934488e-4,0.008580299570362706
RASSF2,-0.008296675400728362,0.00629921695556844,-0.004312685146876887,0.001302075035431225,-0.0235943073162215
RBKS,-0.026942577159565845,0.011243433665005768,-0.02759441759155562,0.04289412784353966,-0.013172143512542889
RBP2,0.040810602226658006,0.012888601322687048,0.03348380606031814,-0.005288490551515758,-0.022447507072816376
RBP5,-2.233012047164512e-4,0.01700407480059311,-0.020337371581834303,-0.016517906567644715,-0.05828608792813259
RCOR1,0.00465788761923857,-0.007949662409659847,0.0032024488919956654,-0.005585245252494347,0.011366471887502774
REG1A,0.01750767947015957,-0.03214817668300935,0.06321321515952427,0.11097916542975042,-0.08013368095713981
REG1B,-0.017925294498184256,0.015849334382588155,-0.08234142275614761,-0.08454417946463337,0.04800092396267315
REG3A,8.249705652466009e-4,0.01316991583534576,0.0070823517863415585,-0.003542204886031484,0.0312969997126542
REG4,-0.014178676562616618,0.02729763925761522,0.005900490200798315,0.010745552955960032,-0.05954975156284586
RELT,0.02632301704504461,-0.00138105290802803,0.0037156855249233667,0.012277024284177124,0.04878784121987861
REN,0.005388879265788337,0.021118768023559956,-0.006580883586771527,0.007422596457485296,-0.008555658391359638
RET,-0.0010958695986876827,-0.009459388227540997,-0.009694534936004546,0.010507724940965812,0.032359366728962606
RETN,-0.011722166669435458,0.003210805815872783,0.01230791361780924,-9.556601451645988e-4,0.003015288599478361
RGMA,-0.0015524391989932798,0.011912432765172124,0.005683088688549365,-0.04144865139918738,0.007055908612934857
RGMB,0.025090650630856047,-0.03858541361269343,-0.010568628841573533,0.033706277755242965,0.06455987997886486
RGS8,-0.008853875808574593,0.019944643961902493,-0.0016371199842426258,-0.012583746731577031,0.0013280657142946
RHOC,-0.043834204166377684,0.1890029843526248,-0.20616591373451404,-0.017509941724193255,0.024778407004834576
RILP,-0.01970033286505437,-0.05595062625508379,0.04819936633741762,0.07769677616969321,0.004971559167125283
RNASE3,0.006518412160489966,-0.00779627748221074,0.012383699779126777,-1.5490570532211784e-4,-0.00503980469294095
RNASET2,0.005637167639163947,0.019018799464696555,0.012917627313531821,-0.06629177059328836,0.014882598348564311
RNF41,0.01685703213889249,-0.005523342583770232,-4.786176420246224e-4,-0.007009373745238371,-0.027166423565287097
ROBO1,0.01166086940358909,0.002578828596316017,0.010976473995202511,0.011504114357174492,-0.02480171957235454
ROBO2,-0.015250120984071152,0.0050168372655327665,-0.02345789764501619,-0.006423954331506933,0.05422932560534432
ROR1,0.010388704092229932,-0.06597751111922422,0.040490249907469404,-0.02863971754430676,0.005956329930757409
RP2,-0.022739598390707338,0.03128399909684183,-0.008484444390997565,0.044098796385445144,-0.021152638942391576
RRM2,-0.00468786854693322,-0.020876435134616164,-0.007872029648466151,-0.002385050620471417,0.019843528583463867
RRM2B,0.007657304792975147,0.03330173738104013,0.006404189412522555,-0.013782883562967778,-0.07163955918856929
RSPO1,-0.014963640917789425,0.007661114232852591,0.006330825540288711,0.03571219000902637,0.034921910830376796
RSPO3,0.0038009469187325435,0.0023203200216983873,-0.024906117621904523,-0.01657879300845322,-0.013403120226436313
RTBDN,0.013195620856498103,0.027399485277613173,0.003339062211377026,-0.031046493816956632,0.017847878914887476
RTN4R,0.02001051352458866,0.028318053125825773,0.005186585273789836,-0.002486667633759175,0.004709939912276911
RUVBL1,0.007635464440122998,-0.006448262948199934,-0.007519067011424286,-0.003349991263414692,-0.007525041376339487
RWDD1,0.10130222221048649,-0.13440536166030081,-0.08262026195929058,-0.05800918537043291,0.18883141024214864
S100A11,0.009301500907137314,-0.024459421620558072,0.052296616616994196,0.04016477691540618,0.056241030055632996
S100A12,0.014246045144636423,-0.02748057502974114,-0.005210631221289605,0.020303354123317525,0.038560390810534556
S100A16,-0.0030007879659443275,0.013266467980301663,0.019147142870320898,-0.008768207494542983,-0.02306576943783447
S100A4,0.035229379662666004,0.03734481324383436,0.013653091894348011,-0.05574693333377559,-0.07963855785358975
S100P,-1.2361619346458553e-4,-0.01577950203419968,0.0012151475157142363,-0.024772777433621943,0.019617639742489444
SAMD9L,-0.009768723203782291,0.001332304998990073,-0.050805674395037276,-0.016474143081803422,0.04203540448802977
SCAMP3,0.04383123117302203,-0.011337563712304656,-0.03795138133100491,0.08713792371452123,-0.06457657490187695
SCARA5,0.029656212341687242,-0.010456993293380921,-0.0077212371380192425,-0.013741910713318253,-0.03904250901046776
SCARB1,-0.006487138217453468,-0.0058563884637994655,-0.007830954193981205,-0.013557672586078155,-0.003692160707194269
SCARB2,-0.014481717138335567,-0.014538769390029082,-0.014277605885499988,0.028379305140392098,0.04594551544786565
SCARF1,0.03334334038305486,-0.030727089260307684,0.02929297029582142,0.006562788499487044,-0.029638565971753527
SCARF2,-0.0021155659698370716,-0.007191719040810993,0.016352984119204855,0.021108024665557737,-0.008981354055625473
SCG2,0.027029444876706114,-0.031230792792890028,-0.04420601274639874,-0.021396108129900105,0.06789248150186061
SCG3,-0.01883434175351629,0.0073236883021192,0.027143968983942633,-0.013316616104312314,0.03302778891411962
SCGB1A1,-0.01096854878785718,-0.00250959231176055,0.004872865379488623,0.012201020090796492,-0.007763514047667339
SCGB3A2,-0.003257559084077017,-0.01500127187157272,-0.016923483574445643,-0.006992443183205937,0.015615740885375543
SCGN,0.008934162144687913,0.005357591809536211,0.011054195017345163,-0.013377938250252228,-0.017112608424435245
SCLY,0.005018761562515524,0.03103856898708866,-0.004160440390351103,0.020935603103003665,-0.005177816309646232
SCP2,-0.003316033845989733,-0.026380994007665227,-0.01428824220691071,0.018760149007693457,-0.015700292100662823
SCRN1,0.0017971623396041924,0.014710575607737725,-0.015065329558386171,-0.015844420160615928,0.004074125462293148
SDC1,-0.00473007716557018,8.410573772047154e-4,0.008333330743745565,0.006262289310393122,-0.02224055086626958
SDC4,-0.010940229783931193,0.00304343427882716,-0.02891840217824897,-0.0018885012299656072,-0.03588085920595924
SELE,0.04187948637948135,0.00538530947225074,0.012513735911834413,-0.013963224075217977,0.028923950378861002
SELP,0.016113042290434455,0.022159787304211215,-0.017455557580915295,-0.03172208646743979,-0.04539611427757822
SELPLG,0.011909085236922537,0.016614642882604006,-0.006096146413104155,0.005083155243459964,-0.013835828465416214
SEMA3F,-0.020850375452819984,-0.02600297089486765,-0.05114466277476666,0.029959630804486118,0.025989140569090113
SEMA4C,0.012249530521502027,-0.004910102729701595,-0.001763217941356308,-0.020635819767690237,0.006227589619688818
SEMA4D,0.006349254011144853,8.805992820724786e-4,0.05583757200983251,0.05834315608984561,-0.0913481801419298
SEMA7A,-0.01868517750202106,-0.0347758977734341,-0.06340480635594725,0.010591330884410008,0.015666340714704505
SEPTIN9,-0.0017954638761192802,-0.00308786629856691,0.005092351405529254,0.002834191344822506,0.050663230876401864
SERPINA11,0.014466473519357176,-0.00496722276740238,-0.026972867748104215,-0.015305571924288426,0.008024678609589738
SERPINA9,0.00415807710160458,-0.028265168223135535,-0.010676584578523936,-0.025086423351751628,0.011357273849438868
SERPINB1,-0.04059697564585892,0.003610612887873536,0.04291806118937642,-0.06201937688853546,0.12125346398005352
SERPINB5,-0.010080223940443597,-0.0056599635985675285,0.009332434762649435,-0.002235928279439053,0.019821069058695604
SERPINB6,-0.02169181188233432,0.036727120903366696,0.0025576457907455744,0.038822415064263746,-0.02985118818958308
SERPINB8,-0.008785744784424171,-0.016984382835721866,0.003476343906873168,0.003426688761444885,-0.004198646425411521
SERPINB9,-0.014497100336082222,0.016400131156573655,-0.039122421660571366,9.920718082107268e-4,0.07628052291129887
SERPINE1,-0.023351647417077476,0.032171854963946665,-0.020235577062497484,0.0563155773689124,-0.047642923824369764
SESTD1,-0.014578301925741353,-0.009184739905908741,0.014160861271800275,-0.044610353415728096,-0.016400341641621928
SETMAR,0.008987446520393443,0.0019234847851877536,-0.020247691502848275,0.020296548922262615,0.005292073997315126
SEZ6L,0.0077316508108624905,-0.011375711412598794,-0.03847672819279535,-0.011207855174873283,-0.004017301529719521
SEZ6L2,0.022623412762243916,-0.022527298182549796,-0.019990882631977472,0.03243857549705985,0.01324063126108889
SF3B4,0.008825544575866965,0.02585647661176764,0.009575160457164823,-0.022562453796706277,-0.03370440054896045
SFRP1,0.012874463320960546,0.02735454039045442,0.005173074472194034,0.028647786423383836,-0.038708531913829475
SFTPA1,0.004732351482862877,0.014907181017727105,0.001419361209558754,-2.0561193170256324e-4,-0.008868240091035418
SFTPA2,0.006469032549002728,-0.0192545496727058,7.207183972518468e-4,0.01148017705701483,-0.024676031714893548
SFTPD,-0.004402068726564192,0.0014752959556977756,-0.009153396998925324,0.0029098519200265556,-0.0023120623839024894
SH2B3,-0.028633812874454042,0.009651194128003249,0.008149583004141855,0.017514079322630872,0.011436017410697536
SH2D1A,-0.013588967749979265,-0.0067193300705383095,0.01798832302329778,0.004472719881280026,-0.010434709319136455
SHMT1,0.013066148198729479,-0.0096742365451948,-0.023825989177378812,0.011457140513983765,0.013944104708274481
SIAE,-0.008145159844242652,0.0121089997485757,0.06621959409008696,-0.009135918921372117,-0.05981841499060946
SIGLEC1,0.0619386467370858,-0.026621338011400757,-0.0013195058835394789,-0.019012152626596942,0.024474949824732844
SIGLEC10,0.011608124953454924,-0.015309903692700497,0.013540318666012624,0.032085175415953605,0.022188382563669385
SIGLEC15,-4.4677731726737495e-4,-0.0012075182128336202,-0.002141326418658542,-6.772298313152261e-4,-0.008050739424174003
SIGLEC5,0.0026986237302935646,0.0170003860693377,0.01697075866794931,0.0048730939105783985,-0.015372432226295214
SIGLEC6,-0.006888653580050441,0.009875011828997327,0.006159740919219721,-0.002037820559686667,-0.004390448455328039
SIGLEC7,-0.004759900183023914,-0.0028258231163338283,-0.028622865464593965,-0.017278338185213443,0.033322121738766884
SIGLEC9,-0.0019480868437694546,-0.008333632973966203,0.0057519212668534925,0.029435887225926004,-0.013193572865729124
SIRPA,-0.011659715418273611,0.01024228672833628,-0.010125694656573899,-0.023283019164807003,0.022156243243493166
SIRPB1,0.022025488830868717,-0.02270639432521574,-0.0015400740527219561,-0.019971373962988443,0.020419632683672678
SIRT2,0.052169160078332714,-0.029756691916813384,-0.056058089406917026,0.0436186927828999,-0.041637990942286734
SIRT5,0.005196125887802208,0.03414447571152517,0.04711338296415284,-0.03224803103574141,-0.024801265091556522
SIT1,0.030598164077351536,0.03488977798257958,0.029441305280504093,-0.01787633113286356,0.011038703645318997
SKAP1,0.04156177325578549,-0.04808929183583184,0.006257911760863706,0.03314590629943397,0.02217226528955935
SKAP2,-0.007521465313277943,-0.03765648506489894,-0.023746894157637786,0.005121766246886468,-0.10008862965831915
SLAMF1,0.007676152426044091,-0.019997603411477962,0.007922818201455658,0.007509473949911567,0.0281211417898769
SLAMF6,-0.007952570086136979,0.005861158175372149,0.019083844926170188,-0.02515162140246771,-0.004927650223009575
SLAMF7,-0.004335944048962013,0.006695204286810375,-0.014722725513287233,8.085894951132693e-4,0.015413323780264512
SLAMF8,-0.006301552667597106,0.01145989915731958,-0.01903711086139959,0.0033043975617707225,0.0017992399623797855
SLC16A1,-0.009754594409316109,0.01808650679656353,0.018944520274422904,-0.011925276426005575,-0.025251032564831688
SLC27A4,0.0026361947862728967,0.027314095268723942,-0.0069402340055534605,0.00990114733812352,0.01717754444620346
SLC39A14,-0.0035572324538388276,0.022298223702230138,-0.021675929563320737,-0.01820994880934681,-0.02323802986133398
SLC39A5,0.001559557749749215,-0.05787816290093403,-0.004996448131943533,0.015889618666743478,0.02373110154333826
SLIT2,-0.005895402101501455,3.9289300135204506e-4,-0.0019515223520618242,0.017430885642128316,-0.01359903941325859
SLITRK2,-0.001215116122460854,-0.024223659673497523,0.009760678648837772,0.0036934249256164653,0.002445697759630619
SLITRK6,0.004195740997608205,-8.562083570199545e-4,0.0019835076046686075,0.015395814366260724,-0.03459908838954314
SMAD1,0.06396502621534682,-0.06187403657491948,0.05233093391818697,-0.04107615146914849,0.0944271225442797
SMAD5,0.0040684593656495375,0.010386818552958524,0.01782430077408855,0.021652371428970463,-0.0274312337181046
SMARCA2,0.0022387073655667057,0.021290216853693353,0.014214660763226169,0.02005599013617928,0.008644109100918958
SMOC1,-0.006360935648019108,-0.0053160547069047905,-0.005203380023841927,0.040503375435199794,-2.0734424506870444e-4
SMOC2,0.008399252735947545,0.0199213664540526,0.022855200193515873,-0.04999283313461666,-0.013056071454687445
SMPD1,0.01893157035205013,6.015168279191429e-4,0.01969795370477424,-0.005088729360994371,0.0036469716844342234
SMPDL3A,-0.004383836035005344,-0.005550859516020017,0.006305831775648674,0.005602716694356577,0.001664440535707944
SNAP23,0.06904214748991107,0.02531435721414116,-0.04039773806007022,-0.026182387375121987,-0.11390954591566141
SNAP29,0.04914330330510068,0.020729790972256943,0.07601866628260337,0.10109942881510874,0.11287285775975547
SNCG,0.01632548357918137,0.0032227808302978,-0.009594933114702683,-0.02626675065076623,0.004820983379841012
SNX9,0.03403064005658744,0.10025276882646866,0.08678121897438595,0.0360030776732948,-0.05335780310145172
SOD1,-0.023403497558559323,-0.013252657166906358,0.002582254616869457,-0.02585417471121827,-0.03828373224171554
SOD2,0.009796739551479952,0.016161054542268623,3.7148043506843754e-4,-0.00882947820573269,0.007943082991615839
SORCS2,0.0020917293270056687,-0.0013855399588244696,0.0044822218753718425,-0.01620182003674456,0.031005249893184837
SORD,-0.0010764012337691202,9.738064354132602e-4,0.03453030580430918,0.009543459098850533,-0.04841315027446513
SORT1,3.189336923425526e-4,-0.06276904666492371,-0.011056767669412717,0.007211595482326315,-0.012077784349860848
SOST,0.003406007567818958,-0.03145363203975791,0.00536064656757922,-0.0012688530277053976,-0.0159540236666518
SPARC,0.01788500694447988,-0.010994559597036043,0.03806781033841551,-0.07107371332127818,-0.04319319436278192
SPARCL1,-0.0017143327743460014,0.010304400552829811,0.022485352870672753,-0.039876016469597285,-0.01372108397086511
SPINK1,0.004720951894403558,-0.0045864168453412036,0.015642962828969105,-0.014108893810486555,-0.006019339785134545
SPINK4,0.012289086905296577,0.00550706446927071,0.00803859634410808,0.014320935665517056,0.021292255228863844
SPINK5,0.0069001942576855605,-0.017688355387930402,-0.02872446122241044,-0.01892645042468857,-0.01624661086495373
SPINK6,-0.0049244649407857565,-0.003061843184169751,0.010889117838571426,0.002107920722143846,0.004340624189813074
SPINT1,0.01327483506883919,0.010495493910004,0.018407517539537305,-6.401304605395537e-4,0.001951302271946238
SPINT2,0.011322467018708364,0.03177600047258511,0.05051153217308521,0.0726584694014908,-0.04598699663444451
SPOCK1,-0.014475394733902,0.0019170681474223394,-0.03296493382557085,-0.0032364239836325855,-0.02871516094465625
SPON1,0.0024062960071563988,-0.0019182837341418667,0.0017513134205554906,0.023697322861540995,0.017810930294605155
SPON2,0.015667354450530645,0.03322391590277512,0.008661710668309102,0.0045896664758366965,-0.06878595528298463
SPP1,0.012701797695305937,-0.013310109511713693,-0.0012023421759165297,0.0028542489164587854,-0.013961824682846107
SPRY2,-0.012662437047500898,1.814239281003502e-4,0.01382183455088492,-0.05437055659863454,0.007927659996165667
SRC,0.015031154695369184,0.045452060347677445,0.14720995692394956,-0.11884821117368366,-0.05298427792117639
SRP14,0.004507110234819646,0.01329721374222401,-0.03620117586420889,-0.008477072687161203,-0.01032443310343333
SRPK2,-0.012802226623318959,0.012595151446230643,-0.06827070504684427,0.05225099844771287,0.09226849997761262
SSB,8.367586978749304e-4,-0.007855191337962322,-0.013331431258990096,0.023558291146877103,-0.004564524039426306
SSC4D,0.005709122499199632,-0.0025676591216267485,0.018932269697909777,-0.022764364055979053,-0.008376593144606934
SSC5D,0.023217656464797773,0.03949360234181077,0.01750338347441212,0.024545863756998,-0.005274986034003042
ST3GAL1,5.740725532353628e-4,0.005350343769437941,0.0018643145671211547,-0.009954309309029847,-0.024287499519660444
ST6GAL1,0.021004263109732375,0.046723576488615776,-0.007335537167738311,0.06230218491346279,-0.07486856426212836
STAMBP,-0.03409535183364687,-0.045344610623151434,-0.05824746507162695,-0.01247484660073015,0.031607914917451074
STAT5B,0.018058633762275317,0.005294986683391047,0.14891987139684046,-0.14072276216545984,-0.052430246624854196
STC1,-0.0016999179004680216,-0.030464006765092116,-0.0016217703079074977,0.024951384068064998,-0.011010540820602117
STC2,0.007288313331477637,0.0025991075602950116,0.018028948041885234,-0.009799236482901038,-0.014973954888075128
STIP1,0.02609515798345074,0.04531781566549321,0.04790682223082138,0.022643929318002055,-0.05335511567162044
STK11,-0.02487713928208239,0.017649415765726,-0.03781079298928944,-0.06507119530930655,0.01350222989792979
STK24,0.020067324998207285,-0.006947235718587892,0.022688749471568022,0.03762040669164156,0.004981372229108252
STK4,0.052016395206999355,0.012172678814234113,0.03885124354802678,-0.0016993225881293897,-0.0394499888659075
STX16,-0.0019182788677496415,-0.009963677264957053,-0.0182074915764317,-0.002366652054233906,0.0019646971140103867
STX4,-0.002008124775543352,0.04478536574884443,-0.01629988278592617,-0.06088815449603698,0.03653367928234021
STX6,-0.009266262487822604,-0.0024865129667817018,-0.034464843358236026,-0.003949530570469816,0.01554478648291244
STX8,-0.013138948722745323,0.00929432892615384,-5.791877126638996e-4,0.007675496536996079,-0.018305452790533205
STXBP3,0.003672870210473398,-0.010737477132486316,0.006837472276557994,-0.009374195981756537,0.007322032007405462
SUGT1,-0.056189655749972416,-0.04508944616361407,0.017666448632153022,0.02879245375990743,-1.87759239478758e-4
SULT1A1,0.03650316654493906,0.06901672530199233,0.014358512314303748,-0.007292857859725714,-0.08300920991196299
SULT2A1,0.002175514219224539,-0.02864274710280331,0.04452295966990278,0.006744137398101207,0.002018758488025126
SUMF2,-0.006586891138996864,0.021798759577093995,-0.0010859680666645624,0.005785184041356714,-0.010147685879786953
SUSD1,0.019169369315947534,-0.03657134825988169,-0.007585116846568819,0.02456524068377723,0.020370441996423443
SUSD2,-0.0074816090047486496,-0.02291466984200768,-0.02534875202923872,-0.015650879737977342,-0.033421922085195815
TACC3,0.00842966520014565,-0.0015550977146388152,0.03192589222777076,-0.0509587149716732,-0.01846258302085753
TAFA5,0.00832184341508906,-0.012392127459718884,-0.028781313114960485,0.018262703466058797,0.023763174696538294
TANK,0.010033221292565671,-0.01442635530458862,-0.033864675778524624,-0.018047318949067408,0.006045499806113261
TARBP2,0.04874210198640476,-0.012417490375143059,0.043329184364051164,0.03445045471418213,-0.10517465912109794
TBC1D17,-0.01557373008737001,-0.004054101431466327,0.020987024063805895,-0.017641239628128948,0.018302263567217914
TBC1D23,0.04836755303144076,0.04472828339299665,-0.057307782585360616,0.04374923920081341,0.006687918624486132
TBC1D5,0.04298040362531792,-0.007487090758110456,-9.002135924614759e-4,-0.02797614755205348,-0.07558798652151899
TBCB,0.028939042967543318,-0.04479179064560135,0.04458935684929074,0.10838250122913091,0.2690189985250303
TBCC,-0.06462934516279556,0.045930179697666336,-0.07223468749291533,0.08338696330878205,-0.0351797828099581
TBL1X,-0.00607362112985727,0.020348612824970854,-0.06507731472424451,-0.009202903175070208,0.03410751652514901
TCL1A,0.0022272255826880773,-0.014328918309119604,0.013487636842437286,0.009817051655343178,-0.01621968288537104
TCL1B,0.001862272332683169,-0.001256633254302606,0.018892744103727637,0.01003678766533732,0.017480181387120285
TCN2,0.004316993598959873,-0.020711149070865,0.01706859374472978,-0.006527849566739175,-0.005827034984920206
TDGF1,0.0025866635163917426,-5.618581126966272e-4,0.01450984149543358,0.0022349151542467266,-0.012689194408980102
TDRKH,0.00979045845554056,-0.04295892562265188,-0.012648868833975207,-0.018305051197908075,-0.020798554652913775
TEK,0.0042341426538053265,-0.016425258419280872,-0.02761207337564997,0.008774744873704032,0.008774352166222476
TFF1,-0.016501210720627834,-0.020278505684689006,0.0017921012734482876,0.01764398917358838,-0.019690236569412958
TFF2,0.022910788278107115,0.040362516354722024,-0.018831414943505265,0.03149430136473287,-0.03619649960866545
TFF3,0.008450979608926115,-0.02929757164630819,0.016750949626966456,-0.006941797775059434,-0.019869030178738905
TFPI,0.018530125486382484,-0.02691895495440693,0.08954033399092837,0.0617386977636309,0.031815418912725574
TFPI2,0.004186193377605198,2.896559023987243e-4,-0.010802449360874463,0.014152204318157086,0.012671040205244736
TFRC,0.016411285211114325,0.022470749643233538,0.005182008411008433,-0.014485418417968864,-0.0030174565820982884
TGFA,0.0056497417118455675,0.0012287851829713846,-0.010003766686899515,0.03814332003508502,-0.03778753078415784
TGFB1,0.03184667111315208,-0.00561297522167568,-0.006324910577657835,0.028190183447887075,0.008366248253157873
TGFBI,-0.005819711631423922,-3.8999451904109066e-4,0.02660592226174839,-0.0179026866549661,-0.048433333309954175
TGFBR2,-0.01239651917693716,0.006529547020484206,0.04171823397996327,-0.02574722971063008,-0.13202138852632514
TGFBR3,0.006524840178459522,-0.013232369577149915,0.025567051152601203,-0.02641186824119388,0.03387523422521513
TGM2,0.003284429013846501,0.0037851384139854435,-0.009075842867502003,0.028976655202991652,-0.009386701510672162
THBD,0.009318102737210558,-0.0016190572002718446,0.006913711117109257,0.05244176014158601,-0.002758790145486428
THBS2,0.005710663340107989,0.012623018516282938,-8.85352871344333e-4,0.003319508642510039,-0.02993920610676739
THBS4,-4.817689610179963e-4,-0.009068407076974372,-0.019844048273976636,0.03511895685433699,0.026117332874508393
THOP1,-0.005312231333118707,0.034201916893723365,0.043950893563381624,-0.014514419426340318,-0.04318672526445591
THPO,-0.0016432770807276403,0.03806767721098225,0.013761898145075785,0.008056818116826006,-0.007172539481536863
THY1,0.013861040289828225,-0.009145592456534672,0.0346229369980083,0.05935830633329911,-0.02782290097608224
TIA1,0.05767592078232589,0.09070433156283855,0.01928837211420965,0.044757850942692544,-0.008222828601039523
TIE1,-0.007728752108728405,0.018698997433014695,0.012204156158035743,0.01925591433148645,0.013985846125267537
TIGAR,0.001995911201277035,0.002358242030362296,-0.012761099309412771,-0.003982824998436906,-0.008782013366407826
TIMD4,-0.02476088707813854,-0.02985489833508114,-0.02220054042938443,0.012887749533108386,0.03563405185472909
TIMP1,0.017671862745829447,-5.818002346003995e-4,0.04485127199824609,-0.02949973398318416,0.08656456987680478
TIMP3,0.001785909871866625,0.02152239766930559,0.014820375258709773,-0.012144758450839246,-0.019081950361495553
TIMP4,-0.028322553636570474,0.020209537073173037,-0.048604682051135044,0.008185524787094403,0.024362046243204743
TINAGL1,0.007429444708456956,0.001490032066986285,0.012898262668945917,-0.011343097426565179,0.028340602315188798
TJAP1,-0.029434100160981663,-0.04144082085898675,-0.08140472800983221,-0.008990478515155702,0.011259820017689829
TLR3,-0.002056011020766561,-0.008221129116970512,0.01771131443118208,-0.004727170191991064,-0.04719278652783052
TMPRSS15,0.018125135597681957,-0.008099596399513409,-0.027003098105055176,-0.042603093819736614,0.099526143075674
TMPRSS5,0.002948979816921609,0.005123534132568483,0.0033210400180591743,5.884417563761187e-4,0.013305547466069937
TMSB10,0.044830307593135,-0.040081846029827506,0.09099876910396404,-0.004049838798219677,-0.08511914771460141
TNC,-0.011410604424466028,-0.005833729015004003,0.006638758209356309,0.0287575708643315,-0.05992205474652291
TNF,-0.002006300825486675,-0.0044526872004011925,-0.014439901477815232,0.04652674332526076,-0.012332677213909135
TNFAIP8,-0.003247364617541328,0.016506737917169303,0.005538864147959517,-0.012340141471285813,0.0011243874707801069
TNFRSF10A,0.01088447372508148,-0.015277503994422764,0.00905036155503002,-0.015067841875438817,-9.932089954314623e-4
TNFRSF10B,0.016170258358929,0.016443033681752477,-0.007585281287157885,-0.026598073228695642,0.0013046143874819996
TNFRSF10C,0.014772331264351471,0.00407340005237224,-0.02052881265567472,0.041437770858476546,-0.015295263325439776
TNFRSF11A,0.006656227141215062,-0.015332025638820128,0.031004155574066137,0.01700433987175302,-0.007987657146128596
TNFRSF11B,-0.0038123663524104174,-0.010069254793144492,0.013736551724228106,0.027485431874371868,0.06697187153449347
TNFRSF12A,-0.015597153032848397,-0.014917766541541543,-0.020471114736797965,-0.004109316743146965,-0.024543113673398554
TNFRSF13B,0.009928283483182712,-0.013343937063301428,0.03510695860244052,-0.013599628492922974,-0.03587231887746603
TNFRSF13C,-0.003016037407969304,-0.010739280889434035,-0.026155304638420397,-0.0015016493778031536,-0.016234057150865587
TNFRSF14,0.06655777904891919,-0.04946951854610465,0.023482274901116717,-0.07605847074068482,0.05153513273088703
TNFRSF19,-0.012027161443374465,-0.007142969409473727,-0.016727406866948426,0.018892178127122565,0.012187732031078927
TNFRSF1A,0.059021115719272974,0.041904553795118545,-0.07342203312384586,0.08111036834405307,0.11008602934700111
TNFRSF1B,0.03504712715953577,0.021393414769923364,0.02630792104164835,-0.01370821294986444,-0.07397939741498932
TNFRSF21,-0.0056026266351041805,-0.011028344934432827,0.038556827254062336,0.04186048443759802,0.026654421343537755
TNFRSF4,0.016193319070776716,0.004937480933842971,-0.07163260188468973,0.007115904518761127,-0.012568269080463376
TNFRSF6B,0.00476184978172421,-0.007042707095223939,6.487536911733618e-4,0.010828811870738642,0.004651750363778611
TNFRSF8,-0.02042392535955971,-0.005481264669607665,0.010244686832888266,-7.495233287886049e-4,-0.010615487079133963
TNFRSF9,-0.024014893441484383,0.026728074458014683,0.014757920734139791,-0.01583905132131846,-0.03134170808470917
TNFSF10,-0.022921044231812546,-0.005530547594876522,0.1015396038216456,-0.0535093661373534,2.304233004397718e-5
TNFSF11,-0.009456367616305323,0.014746938144249763,0.014263515581464404,0.029836972580956307,0.04951098018207418
TNFSF12,0.011956777085979307,-0.03339936875406839,0.013190695025083085,0.004212234010038613,0.027802887831121226
TNFSF13,-0.001094419979505121,-0.004030217847263829,-0.010582018653651413,-0.04002509622672336,-0.03398972686234174
TNFSF13B,0.01232230087399774,-0.02524352172743271,0.0019095232580725037,0.0049209304611384464,-0.009953665074223924
TNFSF14,0.013633098021470254,-0.04175364574093076,-0.003997485799014474,-0.028490073526320252,0.01248754381795027
TNNI3,0.0028776114073183648,0.002953049708389272,0.017678280829567277,-0.011068662861391021,-0.01378817743030084
TNR,0.021131356750697296,-0.001552183062215891,0.012076237757764575,0.016042411737064784,-0.03256776177192521
TNXB,-0.0156428888632145,0.03918817534689938,-0.0035580543255210486,0.0018654056455324583,0.013395427449096884
TP53,-0.008093221764464937,-3.887695834283831e-5,0.012388420599935175,0.0038837992321502706,-0.04441592581811834
TP53INP1,0.008656124738969968,0.0072407555689621836,0.004871423515756852,0.0023853392827042626,-0.007634834509025372
TPMT,-0.011027267326599298,-0.020159217977506694,-0.018116401007929314,-0.01601648553071044,0.013247531281593908
TPP1,0.008646245405236893,0.007804745775749825,0.004671598718722503,0.0021899452171250736,0.015626434746953344
TPPP3,0.00632344101223142,-0.025330282592124227,0.0017563556600429086,7.303233998625623e-4,0.023866098204882846
TPSAB1,0.00450475143072149,0.022608980639277448,-0.006586076972425138,0.005304261022649345,-0.005166189115172558
TPT1,0.005042292117764139,-0.010106290550585657,0.010111323435419494,-0.003520040368920896,-0.011900193874455652
TRAF2,0.010616430014737986,-0.02554734011555783,0.03192577990391161,-0.015257548153212832,0.034634110133986
TREM2,-0.030831596385219973,-0.022053848685244463,-0.04837417197193632,0.001897654407376588,-0.021515232589254946
TREML2,-0.00981184753174459,-0.005972219022950162,-0.04312150675334545,-0.012561234134967904,-0.029753236234856574
TRIAP1,-0.003765771741500072,0.04983813561479664,-0.0035702772303279734,0.049811154275590186,0.007194016936608673
TRIM21,-0.003983371636343075,-3.666449106668552e-4,0.004405126865125485,-0.026463958909678936,6.097146328443734e-4
TRIM5,-0.006502916920435404,0.01146195239907106,0.016468666487707503,-0.017472499187409382,2.0908383759577002e-4
TSHB,-0.0012313129262149264,-0.003792335408551796,0.015457175978053295,0.006062116163639548,0.004685754370524512
TSLP,-0.012501364581288877,0.008256355581569034,-0.012329630106705913,0.013405965544832147,0.016330415184515095
TSPAN1,-0.008360104450315924,-0.011304065590079153,-2.8322974341320157e-4,0.011009524456839252,-0.014876949480939882
TST,-0.018836319766445515,-0.01782574814508608,-0.015540502576862347,-0.05119882526190944,-0.04037534865091608
TXLNA,-0.04573800556980262,0.04539449275715864,0.05038237869392945,-0.001992119025545573,0.03197231394986778
TXNDC15,0.008048663148078197,0.01755155130257791,-0.009340253338454852,0.021533988661758287,0.024174667115476105
TXNDC5,0.006678706563392271,-0.006540502646571118,-0.05026796071435185,0.02373951029418294,-0.044706884856695626
TXNRD1,-0.017197836589019716,-0.022541023794040098,0.051375004458077,-0.07487448926070862,0.05399278192423249
TYMP,0.025284079719214318,0.017636138661978953,0.018865392048608782,0.03944411539591629,-8.190473391793601e-4
TYRO3,0.006254093569015486,-0.004032562695792984,0.003568691995113678,-0.007207282135614988,0.031534038492170596
UBAC1,-0.0573852081437356,-0.005051169022147046,-0.02817704030326469,-0.023015344805930253,0.016105723327880194
ULBP2,0.01083496597344051,-0.0033304493168510546,2.152182746656698e-4,0.007059958830590691,-0.026459784974103333
UMOD,-0.0024239718428427006,0.007698884671077814,-0.00905793799518462,-0.03001191650482418,-0.02269792295515632
USO1,-0.023565923108596155,-0.002818152732406152,-0.00833444898989872,0.023368982617266686,-0.029803107390617593
USP8,0.08894736423431802,0.03533430270334555,-0.03471598636381525,0.06723772808040135,-0.09483506221037423
UXS1,0.011700864192972114,3.1171252910688543e-5,0.02093909498331039,-0.001888659102933281,-0.001625026825183671
VAMP5,0.0017082009174685141,-0.00817508938827713,0.03883058420794328,-0.012548711110554856,-0.009558330335643314
VASH1,-0.022028926929108062,-0.03038471896820946,-0.031734044011509935,0.0879857269167345,-0.013582822970867959
VASN,-0.008760848248787798,0.044717436607764206,0.03788033585014677,-0.02934891956732353,-0.0406227252868325
VAT1,-0.011424250377031814,0.052165218598401925,0.02495250304887862,0.021902099462617876,-0.0077963803895486255
VCAM1,0.016833666135435008,0.045320058698879014,-0.03724056057630845,-0.11331882219972035,-0.03476201702379653
VCAN,0.010765705017009432,-0.021653420964162704,0.024276935508146337,0.010080096601711531,-0.0033937425822592707
VEGFA,0.0019889662755548953,-0.00981619301879212,-8.25259988886825e-4,-0.009503781012282154,0.003994498606057054
VEGFC,-0.010373222565791075,-0.0515624392862207,-0.02260306931652365,0.043148740305732125,-0.01329538112974341
VEGFD,-0.01095832322406559,-0.014134426720467351,0.011865461286158986,-0.00258283284306302,-0.017410833555269206
VIM,-0.015419976461470216,0.006027547693847812,0.01376800453818557,0.011488198023588626,0.004306993403142511
VMO1,0.02304899350276354,-0.03643142262968008,-0.0017305871149373643,-0.017978921806178317,0.020330033136686965
VNN2,-5.75027616725388e-4,-0.01259276339163221,-0.016491460599140136,-0.009545771877454857,0.012600389980878226
VPS37A,0.0017260052098691748,-0.010240851577718955,-0.03160019233760163,-0.004970905725352069,0.007973495469493405
VPS53,-0.03985458986841073,0.006818804474536123,0.033143633299352084,-0.05799750283981062,0.0010385297757260943
VSIG4,0.021426966973123573,-0.018950700754994474,0.021429833503349528,-0.01030989810146359,0.05830301650555341
VSIR,0.025331242637830216,-0.03375175476361436,-0.02742446553964537,-0.06599277769381667,0.005816428672348516
VSTM1,-0.00334212686933087,0.009306737803960814,-0.009042628408705133,0.039546791300550395,-0.007701459990548376
VSTM2L,0.0010697569618391984,0.01058666056834992,-0.024756974492958786,-0.023274285309765913,0.015934409718091003
VTA1,-0.035793853575608915,0.025223932166386916,-0.013966665945227724,-0.041215733085804285,-0.06820716971155599
VTCN1,-0.008502032654478001,0.0035309031294644276,-0.02823790868148871,0.005643697839964973,-0.007726247196779922
VWA1,-0.010970053913925191,8.807699655841545e-4,-0.011547722692821517,-0.009077753948367085,0.06520613960060917
VWC2,0.03421327951659589,0.009442913051911172,0.006028047761050581,0.037658355772933014,-0.035745365650638766
VWF,0.026188762469105935,-0.020490323735267737,0.0016716766807856813,0.0172452928193796,-0.046973640303364025
WARS,0.007456337836912146,-0.017145950233417216,-0.03796742675801398,0.019262040555066907,0.007217427666091389
WAS,0.00868967499366866,0.014082432988829554,0.012338147762390584,-0.0073810087442069735,8.752091112500293e-5
WASF1,0.022991032978663256,0.015578800754894486,0.06966184707312502,-0.03857848900535861,-0.018378026948667824
WASF3,0.005207482426740738,-0.007950775338379595,-8.588425416085908e-6,0.0060198689647689594,-0.002948063601217647
WFDC12,-0.0031823361273318074,0.0017867336379650454,0.015945034044446693,0.016842956426934397,0.013077552808417827
WFIKKN1,0.014903057348095843,3.521124706155014e-4,0.004731513619939153,-0.008717248770654766,-0.011351368602002006
WFIKKN2,-6.255604025271974e-4,-0.03712686889904562,-0.007671476986835438,0.006363893114056806,-0.016244840703295276
WIF1,-0.003959981088176175,0.017228115699088217,-0.02955356163408401,0.012396452109138999,0.002025413744154937
WNT9A,0.014720146876905574,0.020325194555964297,-0.013175259171242371,-0.020433767868257784,-0.0038935717400763285
WWP2,-0.03927549052105632,-0.004466328027628098,0.040659687967191896,-0.0164293289454741,0.05941728837073812
XCL1,0.007085476761979913,-0.01214259174593892,0.008403345863895356,-0.01716313322210396,0.017116380105510868
XG,-0.0050622768265320755,0.0018693592778592483,0.010434781008558216,-0.01000631836867538,0.016357850394829995
XPNPEP2,-0.002191577775617702,3.175010576260534e-4,0.0032350780442254967,-0.019784219497551606,0.011550998983557404
XRCC4,-0.006337792167728225,0.004958084927752453,0.0019860189155116994,-1.6684122212763138e-4,0.00780278600724827
YES1,0.026030409653236535,0.009073374264617502,-0.04077845312489669,-0.013021925361330578,-0.10097307147980741
YTHDF3,-0.01300973628072843,0.0157314514852078,-0.011246447644035176,-0.030399282332138778,-0.01459089930849883
ZBTB16,0.0025060295638228963,-0.005519442103704155,-0.05703320084351693,0.017807411718955526,0.012002717217094006
ZBTB17,0.009905837164176994,-0.013603838094726265,-0.01234843081698754,0.004688329427160582,0.03033909645767973
