dataset,feature,n,R2_all,partR2_sex,partR2_age,p_sex,p_age,beta_sex,q_sex,q_age
metabolome,fid_23474,10437,0.005529208354305926,2.1932473430408272e-5,0.005515973702764576,0.6324216575778198,1.8174859368854186e-12,-5.370804444941468e-4,0.6427469091301107,2.6465146098506972e-12
metabolome,fid_23475,10532,0.0016894285237538664,0.001102320092496445,6.097669208706691e-4,6.559911733806025e-4,0.09281929691826309,0.0016813146246833846,7.492743218888532e-4,0.09395123956360776
metabolome,fid_23476,10534,0.008328501591615689,3.8742209759734525e-4,0.007913931138372465,0.04339972235814399,5.029219116126995e-18,4.7109526390348645e-4,0.04781650826184891,8.881386949756184e-18
metabolome,fid_23477,10534,0.008382376573679795,0.002968160747761295,0.005396995276035543,2.2144996228623304e-8,2.593273747229524e-12,5.578449104103277e-4,2.6510115677534628e-8,3.711064155518113e-12
metabolome,fid_23460,10534,0.016030414544715654,0.012490142224841905,0.0035501256975871698,1.2666598685075116e-30,3.699837354098778e-8,0.016979995291108232,1.9349589402354014e-30,4.6528257634878574e-8
metabolome,fid_23479,10534,0.018713298236916698,0.0028241985615446996,0.01633183904975033,4.84797858914947e-8,2.3641559369597723e-37,0.3453900051632127,5.7758213813311876e-8,1.635207856397176e-36
metabolome,fid_23440,10536,0.160162574468101,0.15376569477114332,0.007194161642524954,0,2.1695413365017355e-16,-0.18367469874400472,0,3.625609347576726e-16
metabolome,fid_23439,10536,0.01736513947147944,0.004736494724348339,0.012067920809630595,1.5404749694576284e-12,1.5589744673014967e-27,-0.027562797029712788,1.967068037922818e-12,4.5137749111403795e-27
metabolome,fid_23441,10536,0.03194399929985081,0.027496792551512494,0.005782053434599921,8.126269983671246e-66,3.4715744435290914e-13,0.055407129266289164,1.532910019647076e-65,5.207361665293637e-13
metabolome,fid_23433,10536,0.18892040808335797,0.18791635524891026,0.0013310453002335354,0,0.002868306626217248,-0.17731495430780236,0,0.003078484266931443
metabolome,fid_23432,10536,0.055789007673105684,0.045445848938825195,0.010004455943547041,1.5885120833545302e-108,8.397521080473984e-23,-0.03705505600626306,4.4442641433177304e-108,1.7139202860967393e-22
metabolome,fid_23431,10536,0.10724891920999569,0.10584393498465672,0.0018229202785408072,3.5065984073341288e-258,2.467208384196407e-4,0.8048411644917218,2.297744745858416e-257,2.727133739159739e-4
metabolome,fid_23484,10536,0.04191125550526875,0.03963048647432843,0.002673168819521843,1.3179482308674975e-94,3.3130634394727178e-06,0.01642579726513748,3.0670010232337093e-94,3.9471425666445306e-6
metabolome,fid_23526,10536,0.08127114505694699,0.06775662628780987,0.012703877299416688,1.0745082083148878e-162,5.386342216875206e-29,-0.11198339870231405,4.534788879159443e-162,1.812431367570171e-28
metabolome,fid_23561,10536,0.18746052835911287,0.18586898670921193,0.0011116841931235744,0,0.008429098744782973,-0.14060435633755358,0,0.008708902852493611
metabolome,fid_23533,10536,0.03785985263495817,0.023381737875686426,0.013479571202208773,3.9875087112489012e-56,8.843226624298303e-31,-0.08582456902140068,7.143091144611341e-56,3.55155391846819e-30
metabolome,fid_23498,10536,0.03131069152988064,0.025744326787738192,0.006548271002540407,1.0994897463387822e-61,6.363730579176458e-15,0.014875006205315417,2.0430816928235578e-61,1.0028917178575557e-14
metabolome,fid_23568,10536,0.14850486936799967,0.1449689813120748,0.0034686454083728835,0,5.608824595650313e-8,-0.08991340420961108,0,6.98298662158464e-8
metabolome,fid_23540,10536,0.012257560686011248,3.403639010338688e-4,0.01172632425611364,0.05831000807951769,9.489902022268306e-27,-0.0042856230802291945,0.06368066671842063,2.4360676325204212e-26
metabolome,fid_23505,10536,0.021140618562410896,0.009446164251028843,0.01095772719693311,1.5663820943880873e-23,5.50244760650008e-25,-0.012857235319812364,2.2942890676625513e-23,1.268619864831963e-24
metabolome,fid_23575,10536,0.015121619680776077,0.008539514369942047,0.0060851771945331645,2.034646228280321e-21,7.144444954329042e-14,-0.010831688460924988,2.862298931309604e-21,1.084735849773129e-13
metabolome,fid_23547,10536,0.012506832955764047,3.7969706303120354e-4,0.011917023403538285,0.045522967249724294,3.462631051002394e-27,-0.0017109890416120647,0.04993488478053458,9.57994590777329e-27
metabolome,fid_23512,10536,0.01074776329099536,1.608599938440758e-5,0.010747718468493761,0.6806500694537356,1.667008778770412e-24,4.1119146503487653e-4,0.68895068005683,3.706117731373505e-24
metabolome,fid_23554,10536,0.16039927659132014,0.15852266103547608,0.0011625836665082323,0,0.006571372549596081,-0.026945496139377672,0,0.006846325375939014
metabolome,fid_23491,10536,0.033225814768603534,0.028881885923682904,0.005292859838477049,4.3652823297047575e-69,4.4347006199093734e-12,0.009496560870604078,8.491838282003786e-69,6.2740934906672386e-12
metabolome,fid_23519,10536,0.07348177787774235,0.05961982674023347,0.01362346440047879,8.545575519257494e-143,4.123943324246572e-31,-0.024366825745899896,2.95534486707655e-142,1.7404438775210112e-30
metabolome,fid_23580,10198,0.01721946580500089,0.015882755230247514,0.001496360610832581,2.280055725360386e-37,0.0016039572903477175,-2.894304488473823,3.5706533057530576e-37,0.0017364581099851375
metabolome,fid_23610,10536,0.05223897310871162,0.034561875840963374,0.017436181912416138,1.5375011653275155e-82,6.484233370209146e-40,-1.0851505909282342,3.24438805225891e-82,6.45829643672831e-39
metabolome,fid_23635,10536,0.09403074554571822,0.0848471164496174,0.009734479726029366,4.685542417009511e-205,3.48218125276259e-22,-3.0738721909067825,2.5926668040785962e-204,6.881453428078451e-22
metabolome,fid_23615,10536,0.058874189689324674,0.03848629245729285,0.020157975108943127,7.064767029123863e-92,3.1598403036303057e-46,-0.6354766762181977,1.5706490984391444e-91,4.917501472524663e-45
metabolome,fid_23590,10535,0.03596303076719565,0.03468930516567825,7.858844966913692e-4,7.795665079928739e-83,0.04058397336866979,-1.5347908882302503,1.6590774400873983e-82,0.04124656885223991
metabolome,fid_23640,10536,0.07172955365460643,0.06527335492701314,0.006515331737901975,1.3262323550164969e-156,7.559051021237761e-15,-1.4760816862345274,5.241775498398536e-156,1.1837759146466684e-14
metabolome,fid_23620,10536,0.026580358287758066,0.018488638484838393,0.007478073332389368,1.2021168982983749e-44,4.9036790403951834e-17,-0.4301361541742758,1.9955140511753022e-44,8.363123842865757e-17
metabolome,fid_23595,10536,0.09608388534464718,0.08503680218504606,0.010905188814423594,1.5712363736128473e-205,7.2610830216107615e-25,-3.8941577034640646,8.891769477945432e-205,1.6587244700743847e-24
metabolome,fid_23645,10536,0.016552475554110657,9.395953767499243e-5,0.01640550789073869,0.31986769078484734,1.5713175975494044e-37,-0.03493572151886024,0.3360635232296498,1.1178802336851476e-36
metabolome,fid_23625,10536,0.01682825195400861,0.005727926020620888,0.010654057669148176,7.390299677197207e-15,2.732551005853319e-24,-0.2921302525712303,9.736426558847114e-15,6.021284959800677e-24
metabolome,fid_23600,10536,0.04440038831822568,0.031735643966362304,0.012070295592592095,7.758693969414967e-76,1.5395157232727952e-27,-1.6385875270895018,1.570662437710835e-75,4.509875471705011e-27
metabolome,fid_23630,10532,0.10187016638640645,0.09427765007721833,0.010418331149370075,1.113796635780246e-228,9.673976069408711e-24,2.85945107357894,6.933384057732031e-228,2.0765690011058352e-23
metabolome,fid_23585,10444,0.06498223702438077,0.06003788333898763,0.0048757872978264505,1.4197552426371825e-142,4.83180104363765e-11,-3.775296951448553,4.842726786529567e-142,6.57441781347418e-11
metabolome,fid_23605,10536,0.09430542994012392,0.07886848411405822,0.015917403692567,3.778914447684149e-190,2.11009640600111e-36,-2.5400309323938353,1.8818993949467063e-189,1.281497573400674e-35
metabolome,fid_23485,10536,0.04099381524341539,0.03914027209104887,0.0022765113485904154,1.947875593577017e-93,2.4951051233514466e-5,0.00899262888709186,4.409282025460702e-93,2.8499136500665605e-5
metabolome,fid_23418,10536,0.17735071654861911,0.1744888257893572,0.0022384940593964675,0,3.02580030377235e-5,-0.20584092429631412,0,3.440293496069932e-5
metabolome,fid_23527,10536,0.08194652662187862,0.0683498229923678,0.012754576741072388,3.747635231738839e-164,4.118252938168966e-29,-0.08348032429003037,1.6088985736258122e-163,1.4442887064846093e-28
metabolome,fid_23417,10536,0.021690244603138065,0.007845738507474054,0.013126502367880044,8.43529989801432e-20,5.7438523968803655e-30,-0.05644735419646267,1.1604362843124671e-19,2.103263598269428e-29
metabolome,fid_23562,10536,0.18412601348105295,0.18263515895289406,9.552232076818212e-4,0,0.018023754562266008,-0.10835620035869216,0,0.018468785539112083
metabolome,fid_23534,10536,0.03367928362958761,0.019108897270042724,0.013624123391246301,4.2391926951039604e-46,4.1095594618646725e-31,-0.05687068681260173,7.180673340686301e-46,1.7404438775210112e-30
metabolome,fid_23499,10536,0.019133357433459786,0.012477303421372543,0.00739851984713602,1.3400206504853242e-30,7.439456331327485e-17,0.005126044445930325,2.034543548602718e-30,1.260152807143227e-16
metabolome,fid_23569,10536,0.141933408401684,0.13895655594457013,0.002741810141029588,0,2.3334092995950643e-6,-0.07068098601839144,0,2.7933601711498607e-6
metabolome,fid_23541,10536,0.011242769505462102,7.600859491252443e-6,0.011239569130177096,0.7772416463628207,1.2423248397460737e-25,4.761276941665105e-4,0.7835351009892403,2.9460846199692605e-25
metabolome,fid_23506,10536,0.03316756496516926,0.021300088307404486,0.010880542088770206,3.0890924227713755e-51,8.26990852267279e-25,-0.011231566990600256,5.341555647708837e-51,1.8720065655868405e-24
metabolome,fid_23576,10536,0.007518926927110869,0.002780429491639147,0.004431305798507923,6.13561657241029e-8,3.886207146106559e-10,-0.004791687477960868,7.240609130474703e-8,5.147157337130495e-10
metabolome,fid_23548,10536,0.011355125781590703,6.40033713805721e-7,0.011324547450870526,0.9345697735218397,7.930488889166723e-26,-5.251177306335416e-5,0.9345697735218397,1.9171764401966155e-25
metabolome,fid_23513,10536,0.010974253845994153,7.076620867939587e-4,0.010447670433109124,0.006327194948767448,8.116884820929709e-24,0.0017493746345500164,0.007064894808264997,1.757482017749128e-23
metabolome,fid_23416,10536,0.011628653591608806,0.0012436010266786424,0.010122832753559852,2.9468316845458113e-4,4.499923431637109e-23,-0.01015032494541718,3.397042080795866e-4,9.41580617208101e-23
metabolome,fid_23555,10536,0.16750847340735364,0.1655922751711535,0.0011889210908033743,0,0.005775375288937882,-0.022012506752697836,0,0.00606779935420056
metabolome,fid_23492,10536,0.025705978956095388,0.02096320022999798,0.005675054715449601,1.9066961515648884e-50,6.063043995126062e-13,0.0041808045131013025,3.2518311078058713e-50,9.040107513690955e-13
metabolome,fid_23520,10536,0.08359400332964206,0.07084768591522361,0.01240285478047043,2.6707466187072275e-170,2.650247804647867e-28,-0.018967665706806875,1.2091198328329084e-169,8.57028186178336e-28
metabolome,fid_23581,10198,0.011657081893505672,0.009036406448889145,0.0027169566940624668,6.657233496301662e-22,4.132239389763311e-6,-1.5678709315441803,9.47229223188065e-22,4.89965527643364e-6
metabolome,fid_23611,10536,0.05615707439187634,0.034203496812948764,0.021893168973605937,1.0908894238359625e-81,2.9121325056654853e-50,-0.887108973770233,2.282617365841636e-81,7.251209939107059e-49
metabolome,fid_23636,10536,0.0754544834866352,0.06434573577926117,0.011780329573430226,2.477323218145629e-154,7.133075591957574e-27,-2.300999471870382,9.490053558742487e-154,1.8696166551551957e-26
metabolome,fid_23616,10536,0.007104069450098338,3.7435182694500746e-5,0.007010610803714679,0.5300902352344168,5.670777249624089e-16,-0.013837848592799015,0.5409527400547942,9.228911994486261e-16
metabolome,fid_23591,10535,0.07311337995241662,0.07095328497605535,0.001422652550524317,1.5219579827561513e-170,0.0018235761473757728,-1.7820974093703608,7.017917364931141e-170,0.0019656729900284302
metabolome,fid_23641,10536,0.03990676241136881,0.029817678141229154,0.010327238505330683,2.6821146057047796e-71,1.5318221759876647e-23,-0.8621401912182953,5.258634148192836e-71,3.2600318104352863e-23
metabolome,fid_23621,10536,0.011337102969060098,0.007550801922183936,0.003966259669115346,4.1106827738365057e-19,4.309384606268694e-9,0.3231718341537571,5.623956102666429e-19,5.588733161254713e-9
metabolome,fid_23596,10536,0.0986327318882485,0.08614131849669182,0.012723795220462963,2.6992808712186966e-208,4.84724264267329e-29,-2.93772328132933,1.563071946356873e-207,1.6533745452406153e-28
metabolome,fid_23646,10536,0.02517816464291822,0.005609125379221425,0.020058477548812625,1.4005268850172953e-14,5.380201636172526e-46,0.26754245120330716,1.835427338785824e-14,7.880412984746818e-45
metabolome,fid_23626,10536,0.004961043994193726,0.0027805268147887974,0.0023412468329996328,6.132363385329601e-8,1.7961858319533086e-5,0.21908133889279063,7.240609130474703e-8,2.080233823983134e-5
metabolome,fid_23601,10536,0.018115607981979975,0.0109819226479404,0.006628588763209042,4.1170900153607604e-27,4.1821424743240504e-15,-0.5658916186361974,6.066008365827392e-27,6.675342795555696e-15
metabolome,fid_23631,10532,0.014492171938177867,6.889200928547057e-4,0.013637447457134022,0.007072684794253065,3.935137157070796e-31,-0.16109848492302412,0.007862046936468808,1.7190336001940844e-30
metabolome,fid_23586,10444,0.061180910114371434,0.05569190953907033,0.005469233133535201,4.2171011374599096e-132,2.26962645290564e-12,-3.0044079131860877,1.3291875737057183e-131,3.2666877848179444e-12
metabolome,fid_23606,10536,0.10325953714491953,0.08687037841705936,0.017239418425519015,4.021092689269461e-210,1.8506061718255012e-39,-2.4101560725617626,2.3839335229240376e-209,1.645717631373392e-38
metabolome,fid_23473,10533,0.04412217883843306,0.01894486564086717,0.026484669350446466,1.0569086582985524e-45,5.7892534557138686e-61,-0.0035604690183754736,1.7662433282975807e-45,2.0593201578182187e-59
metabolome,fid_23404,10536,0.02842377803355789,0.014624273806599697,0.012886296909183304,1.3062147803184416e-35,2.0501476098224778e-29,-0.17639813054323003,2.0327967518705746e-35,7.292667926368528e-29
metabolome,fid_23481,10536,0.045642971914273245,0.04289384553313125,0.003104527199275342,2.084661491957219e-102,3.6431662570349766e-7,6.040033268273179e-7,5.243239510074217e-102,4.468711320205464e-7
metabolome,fid_23430,10536,0.12116111734293966,0.11364008488306887,0.007485935934950616,3.188803523103154e-278,4.705752507086946e-17,-0.0015754647463939555,2.4060972037960163e-277,8.080912925963101e-17
metabolome,fid_23523,10536,0.03745616770478255,0.024726190971301576,0.011806929306182767,2.744188983628343e-59,6.197339253766292e-27,-2.42640007369804e-5,5.061504125358944e-59,1.6416356108380922e-26
metabolome,fid_23429,10536,0.015390401825865818,0.0031934223734588763,0.011705797184902833,6.489363048274454e-9,1.0577538809701158e-26,-3.1854480620043333e-5,7.882201946440678e-9,2.6875583302199883e-26
metabolome,fid_23558,10536,0.1956415200006335,0.19350106927285116,0.002016136612251973,0,9.321582548977583e-5,-6.575685420246981e-4,0,1.0455288534664047e-4
metabolome,fid_23530,10536,0.019420954178117178,0.006725778143243266,0.012010127736133747,3.4563693848883556e-17,2.1163282506694707e-27,-2.888281505128222e-5,4.6270751442860244e-17,6.057077407088486e-27
metabolome,fid_23495,10536,0.04494690063887996,0.04049898224888404,0.005386251342626158,1.1124086746913214e-96,2.727859190941069e-12,2.145429686337796e-6,2.6633630769051828e-96,3.8813539345390065e-12
metabolome,fid_23565,10536,0.14944548442915528,0.14400849496827994,0.006097717830742533,0,6.691890246594477e-14,-6.788943183453926e-4,0,1.0222580806147392e-13
metabolome,fid_23537,10536,0.010432000733570868,2.1265544002579961e-4,0.010085776614931374,0.1345152294459687,5.470505348563326e-23,-2.197468879608596e-6,0.14437194884502674,1.1257486213159242e-22
metabolome,fid_23502,10536,0.010289160541949838,8.627747786110751e-4,0.009651530700322541,0.0025709921567345687,5.389780532762821e-22,7.155932438759778e-7,0.0029098956683041256,1.0567364981558604e-21
metabolome,fid_23572,10536,0.011783588070158113,0.004307098665415898,0.007105738689104579,1.5627717477514287e-11,3.4467587294246865e-16,-1.646587208296454e-4,1.945650825950529e-11,5.721619490844979e-16
metabolome,fid_23544,10536,0.0112042036111617,1.0802749905292064e-4,0.010991012673195799,0.28615049498144673,4.61575059449227e-25,-7.748430397281517e-7,0.30319775851225633,1.0741326149799767e-24
metabolome,fid_23509,10536,0.01886208414285795,0.008331594735284109,0.01113077189317857,6.212094536108895e-21,2.2068221904917885e-25,2.2885959715628224e-6,8.689952469051206e-21,5.183950239928824e-25
metabolome,fid_23428,10536,0.012414528724070784,7.502537447130475e-4,0.011836244834512621,0.004933890298723939,5.3075639871366894e-27,2.391453505027815e-6,0.005533958037757932,1.4365037313011257e-26
metabolome,fid_23551,10536,0.16405137153732785,0.16146481234819487,0.0021789137359642385,0,4.092412309465842e-5,-7.434445235284497e-5,0,4.631866659349976e-5
metabolome,fid_23488,10536,0.0507432816787079,0.04674974940584542,0.004839926949886997,1.1723265023537371e-111,4.6683211950317684e-11,9.452157039261119e-7,3.3552792998400065e-111,6.386878997598408e-11
metabolome,fid_23516,10536,0.04140059394529727,0.024655740288763384,0.016524855908691904,4.019874637610823e-59,8.323937406109367e-38,-4.3074384898845995e-6,7.359917535037463e-59,6.280789133700704e-37
metabolome,fid_23478,10051,0.2740970930331166,0.26314721776358974,0.016679763858247765,0,2.105999994049997e-36,0.01328424521427743,0,1.281497573400674e-35
metabolome,fid_23443,10527,0.06875486518188423,0.06597272864847037,0.002805457314391524,3.4853327005761863e-158,1.706192544529703e-6,-0.04093514978688434,1.4227013810548694e-157,2.0523765390719615e-6
metabolome,fid_23450,10527,0.07835279554454444,0.05112389186065314,0.030012718322833698,4.315654835454065e-122,3.381710161661725e-69,-0.03740404218637458,1.3266642642321755e-121,1.4034097170896158e-67
metabolome,fid_23457,10527,0.04250642811557748,0.032009970414949795,0.011610114646467995,2.01242559565107e-76,1.847805724320353e-26,-0.23829310250164706,4.107327650140298e-76,4.647511367229979e-26
metabolome,fid_23486,10536,0.04217573159632293,0.03927658740976392,0.0032530198187121773,9.212258802802501e-94,1.6998637462424306e-7,0.007433192890081824,2.1044517815576355e-93,2.0953765980909168e-7
metabolome,fid_23422,10536,0.20010032161233826,0.19438363711461681,0.00655942016140143,0,6.0035354174922835e-15,-0.06245366801030868,0,9.521530693984578e-15
metabolome,fid_23528,10536,0.0764867222942619,0.06342438058991973,0.012338517952401262,4.44454473552805e-152,3.7251258049838493e-28,-0.02850291833903384,1.67680551385831e-151,1.1741219309379475e-27
metabolome,fid_23421,10536,0.03552942931256753,0.021775533256787938,0.01272728053118699,2.365427050438648e-52,4.7586142711804653e-29,-0.03537406659336697,4.1188205283861774e-52,1.6456874354499109e-28
metabolome,fid_23563,10536,0.1961235595731512,0.19398254065744147,0.001988048620280458,0,1.0741317831027572e-4,-0.03224830320262714,0,1.1993668788905225e-4
metabolome,fid_23535,10536,0.04918951573463648,0.035463530046964675,0.01264350897150568,1.1080486795384273e-84,7.414737135604765e-29,-0.0289537989158689,2.378483803491969e-84,2.461692729020782e-28
metabolome,fid_23500,10536,0.04560405633424691,0.04110511866832356,0.005559174490074259,3.962713266940368e-98,1.1087774040972495e-12,0.009748971974775922,9.673682386942663e-98,1.6433665096441376e-12
metabolome,fid_23570,10536,0.16939828477001595,0.1632376105536536,0.00709753451224826,0,3.598005264483484e-16,-0.01923236124561767,0,5.933134508982698e-16
metabolome,fid_23542,10536,0.01868153374927295,0.0055621241623826645,0.012449792462425724,1.8036252278336675e-14,2.0673206219066663e-28,-0.0047616789989061315,2.3390764673467875e-14,6.773195195457367e-28
metabolome,fid_23507,10536,0.011829631554033382,7.609868433330336e-4,0.010833688323709678,0.00463499260485237,1.0590092934498455e-24,-0.0016256091637439371,0.005222231486915113,2.3756154420631673e-24
metabolome,fid_23577,10536,0.053465836398126854,0.03842859083400185,0.014947186221773823,9.69728789239436e-92,3.6665590681552726e-34,-0.006040024586867112,2.1368360046072527e-91,2.0749391090242337e-33
metabolome,fid_23549,10536,0.017363872186826,0.0045050636322481186,0.012239654295260305,5.3680146114128025e-12,6.285104252617993e-28,-0.0016584977082209661,6.784952478384709e-12,1.9320876035825682e-27
metabolome,fid_23514,10536,0.01284866064370771,0.0012717615524507897,0.011280998495670103,2.515158986164892e-4,9.981648461476962e-26,-0.0013381301743287954,2.9129050583956195e-4,2.389836987411311e-25
metabolome,fid_23420,10536,0.013374642573696582,0.004462605282934962,0.009386073645517135,6.75026662852376e-12,2.1802557137936763e-21,0.014135086248258622,8.488971669204123e-12,4.176028251804811e-21
metabolome,fid_23556,10536,0.12337514523637794,0.12176762743346847,9.769337940702671e-4,2.649396560233312e-299,0.016228374397091568,-0.004932998521536656,2.1989991449936493e-298,0.016697790185437194
metabolome,fid_23493,10536,0.040438726841086736,0.036400502707313986,0.004896543238857465,6.552669388593815e-87,3.4792905132114884e-11,0.0053157526654912905,1.4187953719650956e-86,4.7864272806058595e-11
metabolome,fid_23521,10536,0.049760608823331665,0.03314101676089676,0.016500107126415364,3.621708935109388e-79,9.496251369006436e-38,-0.005399150766854497,7.515046040351981e-79,6.954607620242948e-37
metabolome,fid_23582,10198,0.0237164001765644,0.023430192154780594,5.267135844466697e-4,1.713826762153309e-54,0.1465945457442458,-1.3264514230435132,3.026545133164354e-54,0.14778154611464456
metabolome,fid_23612,10536,0.010398838100787233,0.008951630537370137,0.0012403202031887606,2.2270649166618813e-22,0.004486516275348391,-0.19802294667989856,3.187006691085106e-22,0.004774113472486108
metabolome,fid_23637,10536,0.11542407983337422,0.11265141261425671,0.0018023468508953089,1.1345937944714292e-275,2.735887551961985e-4,-0.772867107823523,8.309231024217231e-275,3.001039649508962e-4
metabolome,fid_23617,10536,0.07426124565936698,0.06031891673507572,0.014328914967473905,1.6926513731998886e-144,9.773604443524086e-33,-0.6216256251917236,5.936199886292568e-144,5.07005730507812e-32
metabolome,fid_23592,10535,0.012906913830981859,0.009253891114385793,0.0037051619979935335,4.417246487211325e-23,1.6613817060184983e-8,0.2473107316965978,6.432130849798948e-23,2.1106328816255412e-8
metabolome,fid_23642,10536,0.20121722826858157,0.19537504761056257,0.0060707725286416325,0,7.702131632455267e-14,-0.6139265371090589,0,1.1623216827159765e-13
metabolome,fid_23622,10536,0.05624808907369705,0.04278770456653813,0.013763628629933411,3.742447570851335e-102,1.9612398115809446e-31,-0.753316703536148,9.318694451419825e-102,8.879067510611914e-31
metabolome,fid_23597,10536,0.08436257577609385,0.0764126024356625,0.007037428179121008,4.70994181543746e-184,4.928229434271793e-16,-0.9564313880474029,2.299559827537113e-183,8.073217954826819e-16
metabolome,fid_23647,10536,0.09106253825801747,0.08390354315574655,0.006888827153473609,1.0709334224220175e-202,1.0724532885728576e-15,-0.30248485018773424,5.797009177893094e-202,1.7340316159392308e-15
metabolome,fid_23627,10536,0.03031404219728495,0.018224579507939875,0.011927381947653859,4.990853861014623e-44,3.2780716866628096e-27,-0.5112065003550205,8.229951068825438e-44,9.17123426942741e-27
metabolome,fid_23602,10536,0.07780851063286509,0.0603254248671955,0.017515355128368326,1.6319472913245182e-144,4.2516750522973786e-40,-1.0726865118795654,5.805069650568643e-144,4.41111286675853e-39
metabolome,fid_23632,10532,0.18086724100166318,0.17955651251365046,0.001312554704640423,0,0.0031503537550957414,3.0205458546301,0,0.003366687060166694
metabolome,fid_23587,10444,0.057135117537506,0.05507096937801925,0.001735315619963651,1.3107195731718652e-130,4.1320503115097154e-4,-0.7708849403659189,4.07961467149743e-130,4.5126338928329785e-4
metabolome,fid_23607,10536,0.017093771064387475,0.012372745670267915,0.004223660667296514,2.349743281604864e-30,1.1387714821493033e-9,-0.12987190682913716,3.54597622496734e-30,1.492389995027245e-9
metabolome,fid_23470,10512,0.014153542557150733,7.9631228028898e-5,0.014051336116212787,0.3603483630832104,5.046848171885525e-32,0.020667398508424195,0.3754257004507087,2.4166638361528765e-31
metabolome,fid_23461,10497,0.006917886237300164,0.00313480833334312,0.003955877968255916,9.502293686548065e-9,4.903486105730028e-9,0.00879946615152049,1.1485782174516835e-8,6.3262592763045434e-9
metabolome,fid_23462,10525,0.11257551840201108,0.10831247657699028,0.0037183791226899077,3.104508572107401e-264,1.5803903857673252e-8,-0.04162232784417628,2.089250363391197e-263,2.0180369541336614e-8
metabolome,fid_23480,10536,0.014381210375852271,3.006022920000184e-4,0.014080682853928828,0.07518783628727792,3.648723236549012e-32,-0.003945537861102253,0.08139900537187914,1.8121466572864455e-31
metabolome,fid_23406,10536,0.18470595998289896,0.1813460535228354,0.002955885203693387,0,7.805159649066183e-7,-0.26829551591559647,0,9.526886042242548e-7
metabolome,fid_23463,10515,0.015152864626823748,0.00918091456926895,0.0064449138771958125,7.173248586446258e-23,1.1676628377729477e-14,0.0018883957714957167,1.0384528476890222e-22,1.8171752912841497e-14
metabolome,fid_23465,10534,0.03709749489895375,0.03691421804356132,4.1204009081186044e-4,4.0767305588829646e-88,0.22706395816076952,0.006854466261769088,8.904437799665422e-88,0.22797953863722425
metabolome,fid_23405,10536,0.025150275662388588,0.011176782151314901,0.013146665897070697,1.4462433754501395e-27,5.16188785074055e-30,-0.09182063386070548,2.1435392886135996e-27,1.9183732460214878e-29
metabolome,fid_23471,10505,0.005635897670272727,0.005611920178738905,6.837660925829159e-5,1.507520078712047e-14,0.8689591219105077,0.15945735161857905,1.9653010450225115e-14,0.8689591219105077
metabolome,fid_23466,10534,0.07542436312574397,0.0749586917890156,0.0011628278425193095,2.032684162550471e-180,0.006570616860239086,0.015291043587242509,9.73342993221283e-180,0.006846325375939014
metabolome,fid_23449,10527,0.03721913205607319,0.027153036879231762,0.009130922275089381,5.9533928810836445e-65,8.69588537172619e-21,-0.22432986911599778,1.1145825769848326e-64,1.615877207134195e-20
metabolome,fid_23456,10527,0.05366003290686705,0.017574714233159594,0.03656099684490499,1.794719549698737e-42,1.24409916407623e-84,-0.892465589339135,2.92081809068618e-42,1.5489034592749063e-82
metabolome,fid_23447,10527,0.013493101211775604,0.0013223181162504982,0.012316964132081387,1.90557345244677e-4,4.412746284198782e-28,0.05672545133442059,2.2276422049729848e-4,1.3734672809568709e-27
metabolome,fid_23454,10527,0.06102799696331529,0.05573215911110474,0.005495030126257183,3.111527648654948e-133,1.5867005185875557e-12,1.2383365466683403,1.0061953045650416e-132,2.324049583107655e-12
metabolome,fid_23444,10527,0.06376336618422584,0.02396883365815916,0.041679271586959166,1.8528611774769394e-57,8.967600117832638e-97,-0.06722599707928659,3.3676090013996927e-57,2.232932429340327e-94
metabolome,fid_23451,10527,0.0497539084409262,0.017545654482078676,0.03367826704976329,2.0986273192749617e-42,8.005450720357936e-78,-0.40413783674130493,3.3932350811653603e-42,6.644524097897087e-76
metabolome,fid_23445,10527,0.05231264986441864,0.03999700270073914,0.0115546150266147,2.113355810995391e-95,2.4769955247970802e-26,-0.26961101110079655,4.9643924239420034e-95,6.16771885674473e-26
metabolome,fid_23459,10527,0.037473803674275996,0.005786277133937867,0.03219496957589474,5.544225339835558e-15,2.5012697497720208e-74,0.6801238887511525,7.343149519250287e-15,1.5570404192330828e-72
metabolome,fid_23452,10527,0.04870016513935005,0.01747962555578153,0.03197237747342074,2.994325057774365e-42,8.358042077852875e-74,-0.9273272593363411,4.810238318618173e-42,4.1623049547707314e-72
metabolome,fid_23468,10530,0.005263873200772817,0.003352964632756694,0.0018233122359520015,2.758125384438332e-9,2.4752298194783177e-4,0.0014019629146112315,3.3665353957114937e-9,2.727133739159739e-4
metabolome,fid_23437,10527,0.13706622202904895,0.12192896165722633,0.016960176100353164,1.8073180027855157e-299,8.845602142345287e-39,-0.254799662118056,1.5518006299779082e-298,7.341849778146589e-38
metabolome,fid_23434,10527,0.12234920561219287,0.10581808290707617,0.018290643097237158,6.758072157952052e-258,7.388045902582089e-42,-0.2510873358737948,4.314769147000157e-257,9.682228577594421e-41
metabolome,fid_23483,10536,0.04753818968539014,0.04496570800424193,0.0028736811030253273,2.2555254563333902e-107,1.1889239423618245e-6,0.013004881818039852,6.17171251238477e-107,1.444107617795582e-6
metabolome,fid_23414,10536,0.17804921141737717,0.17190605673737425,0.0075560484100877234,0,3.2587983127930436e-17,-0.2554609713594832,0,5.635005415871305e-17
metabolome,fid_23525,10536,0.08164191257214237,0.06757814104322057,0.013492340413532422,2.9482231803483994e-162,8.264450839433807e-31,-0.03447641687872991,1.2235126198445858e-161,3.373521736096751e-30
metabolome,fid_23413,10536,0.021344738464500135,0.007444853861727996,0.013174930703505616,7.261379332972724e-19,4.4439688824271e-30,-0.024109376805769706,9.826540510381565e-19,1.7023819257297662e-29
metabolome,fid_23560,10536,0.1973716340060374,0.19498612701248208,0.0028139209488469152,0,1.6140486385047588e-6,-0.13052281151284073,0,1.950961703823713e-6
metabolome,fid_23532,10536,0.03314704309907923,0.01905243424077252,0.013148729887366373,5.748432939112123e-46,5.10574830952988e-30,-0.022725896260887165,9.671350012425126e-46,1.9183732460214878e-29
metabolome,fid_23497,10536,0.04729766070988173,0.04316026575542431,0.005097316315901379,4.798002439962857e-103,1.2259516476713916e-11,0.015779479570108626,1.219084293419134e-102,1.7149548329785198e-11
metabolome,fid_23567,10536,0.12807663084352672,0.1211199244803235,0.008106224949154694,1.2888349114629987e-297,1.819282044075326e-18,-0.06713936316926285,1.0352254611428604e-296,3.2357230641054013e-18
metabolome,fid_23539,10536,0.012277239916773541,3.243926402940467e-6,0.012231115039297302,0.8533664219869744,6.57555627418162e-28,-1.4937805956985117e-4,0.8568074156240187,1.9967237954527114e-27
metabolome,fid_23504,10536,0.010301279507623162,7.249434095257801e-5,0.01028195338201443,0.3822574484967678,1.9449409250557776e-23,8.060587654861951e-4,0.3949464924302705,4.104155002871938e-23
metabolome,fid_23574,10536,0.02609385957954191,0.01606687320418443,0.009863546879720908,5.5656348308716316e-39,1.764367342160893e-22,-0.02253076772232821,8.771158689158457e-39,3.5429634532101808e-22
metabolome,fid_23546,10536,0.013852017212473089,0.0011209906410382109,0.012393482409579493,5.88750503303457e-4,2.785007556464069e-28,-0.001234192164583093,6.755708540210175e-4,8.890601045635298e-28
metabolome,fid_23511,10536,0.011577147760383544,1.7273194875622178e-4,0.01149129391455228,0.17741914479660642,3.2863224531346925e-26,7.805525141131357e-4,0.1896024337096781,8.101923671589489e-26
metabolome,fid_23412,10536,0.01683598094323091,0.008636150393717679,0.008820671421792547,1.2111484156561282e-21,4.2669444912024456e-20,0.03289748244087411,1.7134997471498634e-21,7.755249476711014e-20
metabolome,fid_23553,10536,0.16602509428904633,0.16469908461753435,0.0011296487181231551,0,0.007720716171981005,-0.035269236563230937,0,0.008010243028430293
metabolome,fid_23490,10536,0.045666708524683686,0.04192856990515914,0.004577817637173687,4.2568712387489883e-100,1.818665119388186e-10,0.010297385079779139,1.0494662756915822e-99,2.4478249444738287e-10
metabolome,fid_23518,10536,0.03896090037112532,0.02215000239271625,0.01671204678630156,3.1237849126144882e-53,3.0721995112195946e-38,-0.007770670246314436,5.477622839725406e-53,2.390555244667747e-37
metabolome,fid_23579,10198,0.024521522942728802,0.014888713564249367,0.009669761274253452,4.039993076486462e-35,2.4894509748776e-21,0.9754820478073861,6.248188049969745e-35,4.7318571965230714e-21
metabolome,fid_23609,10536,0.007203773988722406,0.003006341818145186,0.00389480562324096,1.793703088168828e-8,6.232898894358704e-9,0.09804773901234443,2.1576428451885905e-8,7.999957859254213e-9
metabolome,fid_23634,10536,0.06876014820196796,0.057575973176231976,0.011347128924372396,8.01783009535418e-138,7.038734229813413e-26,1.4022940053234068,2.661919591657588e-137,1.718279238454451e-25
metabolome,fid_23614,10536,0.012816513657618822,0.008065775320880708,0.004572082830623159,2.5883287218799102e-20,1.873551741176109e-10,0.13250965911457793,3.5805213986005427e-20,2.508141847058339e-10
metabolome,fid_23589,10535,0.04557245794635301,0.04079031039608405,0.005135338079984786,2.287448975286088e-97,1.0086346864786288e-11,1.345473318531909,5.529852377147921e-97,1.4189267623343423e-11
metabolome,fid_23639,10536,0.08389008200377213,0.07983883891234966,0.0035353530165876945,1.4603945863641619e-192,3.978494751374427e-8,0.7046828635449358,7.57579691676409e-192,4.9781165482021725e-8
metabolome,fid_23619,10536,0.016259501816960675,0.004323131343834219,0.012120029785346431,1.4331736801488437e-11,1.1834225564626679e-27,0.10524269567268643,1.793267569633478e-11,3.5080025780857656e-27
metabolome,fid_23594,10536,0.07304717300487906,0.06316992698539092,0.00892667204059261,1.861643595706186e-151,2.4439204637072222e-20,-0.9062649073431219,6.91864560195284e-151,4.47453084899337e-20
metabolome,fid_23644,10536,0.06844258656037638,0.06061739532278554,0.010118261370786752,3.169682301906427e-145,4.6096658608869794e-23,-0.6061518630945035,1.1438418741662324e-144,9.565056661340483e-23
metabolome,fid_23624,10536,0.008589531030581576,0.00649714750093755,0.002322287865464401,1.180960510845472e-16,1.9777469425845015e-5,-0.2797133154635219,1.5725089155108156e-16,2.2799027254793555e-5
metabolome,fid_23599,10536,0.07312765582972192,0.055477075204966475,0.01758645083427135,9.985618901075192e-133,2.9103542505664073e-40,-0.9611258371679371,3.187716803035542e-132,3.150774819091458e-39
metabolome,fid_23629,10532,0.13250362352735678,0.1313292522977343,0.0024048485469505554,5e-324,1.3061090592733486e-5,-4.524492624323678,4.4e-323,1.519725026911513e-5
metabolome,fid_23584,10444,0.006557112449961822,0.004172441184283393,0.002559465572357089,3.9365251045423874e-11,6.630220415866796e-6,0.31604057358293336,4.8524492625299726e-11,7.750821049534424e-6
metabolome,fid_23604,10536,0.05037018252697145,0.04409694684057852,0.005523212395494581,2.733518544554469e-105,1.3371391960580415e-12,0.36350267775198963,7.090063724938154e-105,1.9701044959671734e-12
metabolome,fid_23446,10527,0.062186111878952954,0.044986949292250555,0.017211984830039495,2.4684649432650242e-107,2.3150110376697803e-39,-0.33683817076963435,6.680954031228162e-107,1.987716373723363e-38
metabolome,fid_23458,10527,0.0553099421149682,0.04699825027127058,0.008734971494509858,3.680884522078386e-112,6.961739031716022e-20,-0.14869257127557453,1.0657444720901372e-111,1.256139868766152e-19
metabolome,fid_23453,10527,0.04192323845749191,0.03285579744097111,0.00940485418805126,1.998684001136423e-78,2.0599838110304824e-21,-1.3314677554337966,4.1129943494460273e-78,3.976247821291396e-21
metabolome,fid_23472,10497,0.006167662277034913,0.004560531760778974,0.0015794470717088727,4.358351866613096e-12,8.599343462317932e-4,-0.0037383433129538146,5.5368857897278626e-12,9.350377825839148e-4
metabolome,fid_23402,10536,0.030283727018970974,0.016571135389695457,0.012936920540590702,3.6865022537107204e-40,1.5679962281807704e-29,-0.10799866911008446,5.846745612573054e-40,5.658421171261042e-29
metabolome,fid_23448,10527,0.022182772664882777,0.00430106230117977,0.017730532672287413,1.64684790650857e-11,1.462417575107393e-40,-0.11891754951891614,2.0401250185106167e-11,1.655190800917004e-39
metabolome,fid_23455,10527,0.007820273169616199,5.878519197398679e-4,0.007228195160769113,0.012869924872354813,1.8748691967458736e-16,0.09312677055183699,0.014242716858739327,3.154340743173801e-16
metabolome,fid_23438,10527,0.13579893806558907,0.12271272704195735,0.013584665111665561,1.6417367427613967e-301,5.38515951812319e-31,-0.04947526585459715,1.4599730319556706e-300,2.2348412000211238e-30
metabolome,fid_23400,10536,0.07779199318064822,0.06260802096845974,0.014494678519609394,4.3955940087127323e-150,4.05427175260756e-33,-0.46811409621420114,1.6095631002492211e-149,2.1479014178708136e-32
metabolome,fid_23401,10536,0.028267320535999785,0.01415565514057704,0.013281019180244602,1.6228142841519413e-34,2.532999886084383e-30,-0.19981971592601572,2.49432565897428e-34,9.854952681797053e-30
metabolome,fid_23436,10527,0.13283130263335707,0.11827175928310552,0.015795989702250823,5.757815389654216e-290,4.3222800353437085e-36,-0.2752359760656854,4.480300100074687e-289,2.5624945923823414e-35
metabolome,fid_23464,10530,0.05978496440699066,0.05912871641255957,0.0012369456910497068,1.6106994608654675e-141,0.004577445572867549,0.04107882326930669,5.419786023722992e-141,0.004850144458059659
metabolome,fid_23427,10536,0.12094019241943055,0.11119804416113321,0.009789258028094494,6.310349681174805e-272,2.6094331042753825e-22,-0.0016291826379434518,4.4893630588929325e-271,5.197990743716562e-22
metabolome,fid_23415,10536,0.08386847583830936,0.06894529005901884,0.014265510218989252,1.2876881034187596e-165,1.368358584125836e-32,-0.35262581767214296,5.625163820197739e-165,6.953495662190472e-32
metabolome,fid_23442,10527,0.0255114504999312,0.007504956763386139,0.01780117007303983,5.441786895530151e-19,1.0037199301806876e-40,-0.39902488771020855,7.404398562770533e-19,1.1901250600713867e-39
metabolome,fid_23419,10536,0.06147035450007543,0.04610979291034811,0.014587694794244932,4.0431813893852987e-110,2.4742176786890935e-33,-0.11548843752498646,1.1440365522237946e-109,1.3393047869425746e-32
metabolome,fid_23482,10536,0.0464768061266132,0.04452196465596925,0.002281265152475953,2.6161627333187376e-106,2.435635961485941e-5,0.08285299620619725,6.85710021680385e-106,2.7948080848387068e-5
metabolome,fid_23426,10536,0.18460536662118288,0.1792640093657175,0.006193306802618204,0,4.0633498553967645e-14,-0.5246369235868378,0,6.245519222183916e-14
metabolome,fid_23524,10536,0.0800577739527829,0.06559131537887408,0.01383947811991959,2.2057458590479172e-157,1.3116853929326893e-31,-0.14847977733950526,8.858559982305346e-157,6.048327089634067e-31
metabolome,fid_23425,10536,0.023203003624122864,0.009080211808636829,0.01336696118151448,1.116827556321151e-22,1.60632008163385e-30,-0.1131539545821984,1.6074570030287086e-22,6.348788894076645e-30
metabolome,fid_23559,10536,0.19563399087221822,0.19358462842159452,0.0020714020063301586,0,7.050851549054159e-5,-0.2766634804796515,0,7.944172107305364e-5
metabolome,fid_23531,10536,0.03581666611328427,0.021136307034018254,0.013734090336830151,7.484156652307386e-51,2.2938216475961357e-31,-0.10885619881984127,1.285210349258303e-50,1.0199314111632817e-30
metabolome,fid_23496,10536,0.04426719949520819,0.04015224902441705,0.005071118885352055,7.487595605249995e-96,1.404778689744116e-11,0.0679610297349452,1.7756298149592845e-95,1.9541334846161166e-11
metabolome,fid_23423,10536,0.047233517496540256,0.030569169000349783,0.016109513590621516,4.478275089472614e-73,7.593028324140374e-37,-0.5674206825013933,8.849924581576833e-73,4.975431717660403e-36
metabolome,fid_23566,10536,0.13866524695366067,0.13272258573300244,0.0067972683318233695,0,1.7312816137118088e-15,-0.15770467142500147,0,2.7812201407370346e-15
metabolome,fid_23538,10536,0.012158342026064695,7.400073988161893e-5,0.011981744998277755,0.37735726085491694,2.4590664178897078e-27,-0.00280625595215367,0.39150815813697637,6.958040205165196e-27
metabolome,fid_23503,10536,0.012641154431321633,0.003938869409986556,0.009187020809589108,1.1429840808807519e-10,6.214433445461881e-21,0.025369216057485953,1.4019853997010208e-10,1.1634540811428634e-20
metabolome,fid_23573,10536,0.017601224704919538,0.008316083674687058,0.009003283533611572,6.751527249854202e-21,1.633527173738936e-20,-0.027511931690260366,9.391789302869812e-21,3.012950120451816e-20
metabolome,fid_23545,10536,0.012406780468991352,1.332609205808577e-4,0.012138452774135722,0.23615552275907156,1.0735396027798344e-27,-0.0014911530345990515,0.25129369729490947,3.220618808339503e-27
metabolome,fid_23510,10536,0.01658775152884051,0.005304904489764617,0.011776642561247774,7.20300750540761e-14,7.273472359712951e-27,0.01854747236134818,9.245097262095335e-14,1.8865568933005466e-26
metabolome,fid_23424,10536,0.024110144607444983,0.017235168350733576,0.007670467402265513,1.031743526272784e-41,1.7888932243311666e-17,0.21884681820385998,1.646821397704636e-41,3.1149259640451783e-17
metabolome,fid_23552,10536,0.16534954769751387,0.1637168900519328,0.001213495668679676,0,0.005118974969824932,-0.0627571839814786,0,0.005400952404603425
metabolome,fid_23489,10536,0.049168575172437556,0.04540779544838491,0.004568930257173531,1.960345844773649e-108,1.904426051611352e-10,0.05494447211555475,5.4236235038737614e-108,2.5358400366375757e-10
metabolome,fid_23517,10536,0.04798562203259393,0.03057454298008999,0.01737323189272577,4.3490678754118926e-73,9.06951808926791e-40,-0.03082810011854932,8.66334320782049e-73,8.364111126769294e-39
metabolome,fid_23411,10536,0.10936667928714561,0.09271902212849858,0.017409056904338138,7.873810341406168e-225,7.492951452808314e-40,-0.28114994228911044,4.781899451244234e-224,7.175941968266424e-39
metabolome,fid_23407,10536,0.03467215664985113,0.027573675632470818,0.007803536357500196,5.351756823053487e-66,8.903462372047537e-18,0.1818413325626996,1.0172423274353573e-65,1.5612409370703078e-17
metabolome,fid_23487,10536,0.04656150201197584,0.044878119482225975,0.001981168129855715,3.65919608444571e-107,1.1120736865424425e-4,0.053422216784399505,9.797202419644966e-107,1.2361890533440543e-4
metabolome,fid_23410,10536,0.018413854266748242,9.661046768227877e-5,0.018325033578831085,0.31313518093180703,5.6614835410535014e-42,-8.798523551713459e-4,0.3303841527627964,7.831718898457344e-41
metabolome,fid_23529,10536,0.024026175429794794,0.0016591135776802268,0.02234600372988882,2.8946084047490153e-5,2.5684019733333645e-51,-0.0020199968698619316,3.399799494257098e-5,7.105912126222308e-50
metabolome,fid_23409,10536,0.019294570033432934,0.0012856852695244392,0.01815836657762493,2.3258621162338837e-4,1.3777759622745648e-41,0.002776406073679925,2.706260125898304e-4,1.7153310730318332e-40
metabolome,fid_23564,10536,0.07488719438848057,0.05640937424039394,0.020895454096727994,5.463502768308203e-135,6.103839368349066e-48,-0.0055363062595008075,1.7900160385641348e-134,1.1691200020914749e-46
metabolome,fid_23536,10536,0.0210195863254915,4.017471756834201e-5,0.020958962282173754,0.5154099484656297,4.3443307157023156e-48,-3.0655747500568485e-4,0.5281361200326824,9.014486235082305e-47
metabolome,fid_23501,10536,0.048074687610444866,0.04479339324209419,0.004091698004844324,5.843042861677956e-107,2.253555433876608e-9,0.03730660096458391,1.5477847580402247e-106,2.937881167723955e-9
metabolome,fid_23571,10536,0.01716597944025755,3.2536785204106966e-4,0.016863639605615988,0.06414458247099075,1.370283235087321e-38,-6.514553230462181e-4,0.06974672941168863,1.1006468565701386e-37
metabolome,fid_23543,10536,0.021716049030391926,0.006999427778309419,0.015158244492020967,7.944834544512933e-18,1.1946653212372314e-34,0.001628952032166404,1.0693317846398488e-17,6.917945697396991e-34
metabolome,fid_23508,10536,0.0340099489417508,0.028504700324424315,0.006396578256958607,3.3952212341551136e-68,1.4057655512186225e-14,0.03742033495780264,6.553566568252894e-68,2.1741342997107886e-14
metabolome,fid_23578,10536,0.0420649596760454,0.030860837538276398,0.011881295168539752,9.139968629174405e-74,4.1826430992143114e-27,0.005850353802988856,1.8353646682777636e-73,1.1444814634113885e-26
metabolome,fid_23550,10536,0.027037005976592088,0.01817776938100968,0.009486651023241977,6.423273825389144e-44,1.2840666446628648e-21,0.0014541318313488394,1.0522336727117742e-43,2.497910894695729e-21
metabolome,fid_23515,10536,0.033930789451380616,0.022789630566922625,0.011833013326618125,9.822936670273762e-55,5.3990222464593105e-27,0.017355658973329264,1.7470794506415476e-54,1.4455446659874927e-26
metabolome,fid_23408,10536,0.04377851787006293,0.039096258146071206,0.0054306940983821494,2.480573024905618e-93,2.164528793829078e-12,0.18196472504109984,5.5645286774909814e-93,3.133532963159537e-12
metabolome,fid_23557,10536,0.027284655038184114,0.011359496212344666,0.01611009613779968,5.422368677397772e-28,7.569528233946983e-37,-5.424714285500511e-4,8.08484910582063e-28,4.975431717660403e-36
metabolome,fid_23494,10536,0.054454873655346736,0.05081710000624928,0.004298684533397545,1.8743517324089391e-121,7.723297703034398e-10,0.03515055835083937,5.623055197226818e-121,1.0175138243680238e-9
metabolome,fid_23522,10536,0.021346586040317805,0.0010495590769634688,0.02037331011156973,8.829648615762897e-4,9.984865010321175e-47,0.00130927245069421,0.0010039189522031788,1.6574875917133152e-45
metabolome,fid_23435,10527,0.11369181322947741,0.11070772906628423,0.0032760772166948726,1.9573511240597912e-270,1.5318032937457091e-7,0.14641889482867115,1.353834527474689e-269,1.8976070653864757e-7
metabolome,fid_23583,10198,0.006442342876137097,0.005696488616181661,8.660898341388279e-4,2.334963099919029e-14,0.03160550403042479,1.918844206717085,3.012465346527659e-14,0.03225315780154005
metabolome,fid_23613,10536,0.06399675014186224,0.043292549418197934,0.020972743078135125,2.3132821586619173e-103,4.035300294484833e-48,0.9870947122442781,5.938219149554819e-103,9.014486235082305e-47
metabolome,fid_23638,10536,0.08369549796454767,0.07898282094299447,0.004929196213533937,1.9642009966411813e-190,2.93658379566665e-11,1.6715691300829854,9.981347921707228e-190,4.0622742506721994e-11
metabolome,fid_23618,10536,0.04769926510673761,0.023727472491729573,0.023900108330938807,6.135491941718625e-57,6.111250638342644e-55,0.502968943595284,1.107056154701404e-56,1.902126761184148e-53
metabolome,fid_23593,10535,0.0029361851043699927,2.8762849496954956e-4,0.0026145483901305333,0.08178740807693238,4.473884933314564e-6,0.1893179509059649,0.0881604528621479,5.279608286233775e-6
metabolome,fid_23643,10536,0.05595802435369479,0.04768811100146353,0.008576551302085011,6.495025764712427e-114,1.5392120656137689e-19,0.7713949153215331,1.9026604887216403e-113,2.757293556387255e-19
metabolome,fid_23623,10536,0.03307821153343993,0.0123252081965739,0.020403054672765486,3.0332679705984835e-30,8.515717374442151e-47,0.32489774281925066,4.549901955897725e-30,1.514581161597211e-45
metabolome,fid_23598,10536,0.09341421016244167,0.08257700211376606,0.010490488715147017,2.198656169657025e-199,6.476047096315261e-24,4.800421758185261,1.16481997073319e-198,1.4145050236688595e-23
metabolome,fid_23648,10536,0.07332556468831175,0.06453317160087524,0.00931111706729948,8.614025165090084e-155,3.2346497921020923e-21,0.641102357967705,3.3513941657928603e-154,6.1017257441925835e-21
metabolome,fid_23628,10536,0.042949747122008164,0.028186628106088407,0.014619629579518567,1.9136746380984353e-67,2.0883181741612014e-33,0.5718537258854288,3.6654229606654646e-67,1.1555360563691981e-32
metabolome,fid_23603,10536,0.05413959595496953,0.039578020391319524,0.014077461256446933,1.7583710064550284e-94,3.7116256835987433e-32,2.599713494717458,4.054022042660204e-94,1.8121466572864455e-31
metabolome,fid_23633,10532,0.07343482426855885,0.06909454842637675,0.004681322490027062,6.382464142235293e-166,1.0730569094961257e-10,1.6650555402853144,2.8379170918153353e-165,1.4521259264376916e-10
metabolome,fid_23588,10444,0.0536048215616185,0.04958157175277922,0.0036324252562207615,1.8650832562797396e-117,2.840644185665069e-8,3.4592499764103253,5.528639652543514e-117,3.590458894571584e-8
metabolome,fid_23608,10536,0.08922354895727358,0.07364379059326454,0.016070560995816607,3.3593715775449513e-177,9.341745190629327e-37,2.1765282859278496,1.5782707977522507e-176,5.964345006324878e-36
metabolome,fid_23469,10516,0.014147446163582544,9.137073712239818e-5,0.014040593374132437,0.32708712335490153,5.194161438073287e-32,2.662615708490499e-4,0.34220459544273313,2.4402758454344308e-31
metabolome,fid_23403,10536,0.009988610399981335,6.549552065571174e-5,0.009969008228884024,0.406258557372549,1.0122163301988519e-22,0.003984798583796116,0.4180098379577054,2.0491208635732855e-22
metabolome,fid_23467,10530,0.05291590608101371,0.05099261228019869,0.0026050791185597832,8.270567238244079e-122,4.7249077409842624e-6,0.01891367466724844,2.511428344296068e-121,5.549537865590006e-6
proteome,A1BG,9911,0.09717647192133916,0.07651094358461208,0.023321327033476447,1.7581859992124355e-173,2.1174590803125968e-50,-0.10280766150764759,4.62988979792608e-172,1.2353957867771898e-49
proteome,AAMDC,9666,0.0023458599758645615,6.998182041849654e-4,0.0016890423133337773,0.009306922939716656,9.691828912353197e-4,0.02901763848705979,0.01462587943698483,0.0018686817883118993
proteome,AARSD1,10318,0.028430023122313353,0.022774613481023054,0.005740297830649332,1.3261826670757442e-53,8.001311359616112e-13,0.1891451568119082,9.035971878467133e-53,2.2951749856877227e-12
proteome,ABCA2,9611,0.02201785951748736,0.0014402582741253056,0.020469512127989087,1.9859051094752212e-4,8.132014353647989e-43,0.027531463074940372,3.7067692432925107e-4,4.244621063520192e-42
proteome,ABHD14B,10256,0.007764530804903469,0.0044580943030099185,0.003299123489907907,1.3097272653135932e-11,2.1033739376129723e-7,0.08524389186062073,3.480302542283302e-11,5.014814045385578e-7
proteome,ABL1,10318,0.0024098526637522655,4.0486805568507034e-4,0.0019990144397901144,0.040999216687238826,1.251960768560194e-4,0.031014726859355777,0.058175102124659754,2.569860482093713e-4
proteome,ABO,9904,9.114435232594476e-4,4.8678206508290245e-4,3.898567404203579e-4,0.028138112226993278,0.2769679911573548,0.06629486333484248,0.040898907031079734,0.34202680107855854
proteome,ABRAXAS2,9611,0.004739285064317422,0.004408619154210425,3.8748065617455474e-4,7.286125388902572e-11,0.2929639629517779,0.09149226021145511,1.8830543334891436e-10,0.35859868664491074
proteome,ACAA1,10125,0.009241301492913911,0.007485956462037757,0.002019412326860315,2.781020593016361e-18,1.363959155951274e-4,0.15987985606934207,9.164513183074208e-18,2.78800882017173e-4
proteome,ACADM,9746,2.3540527283172352e-4,9.867144955544305e-7,2.3524568983135374e-4,0.9219035451723925,0.5140714569074879,0.0014273239155932114,0.936005489671754,0.5706915566048565
proteome,ACADSB,9919,0.0012658921035856308,7.389209347713477e-4,5.387945388964921e-4,0.006788853632994014,0.1483161173579158,0.050477383133801144,0.010879286825242052,0.20173476548961744
proteome,ACAN,10254,0.0933780552430803,0.025480456744740088,0.07092707316105606,1.7744690502460941e-59,4.022516806045797e-163,0.10388150153882145,1.3402514299403963e-58,8.520156973965119e-162
proteome,ACE,9904,0.01052583740061308,0.002675658109257184,0.007813800564145157,2.607565652806536e-7,9.763839523093446e-17,0.027824153712924876,5.800543685809365e-7,3.1570467838497944e-16
proteome,ACE2,10146,0.15749275103752547,0.13431079411110014,0.028686636111729502,5.3527e-320,1.0988802674749046e-63,0.4578316284704569,3.401296e-318,7.872615249581241e-63
proteome,ACHE,9676,0.08374591734905978,0.08062902842960229,0.004399942870923712,8.225041374828738e-179,2.9231676137741905e-9,0.19521733583631992,2.2468968166938694e-177,7.488535438266397e-9
proteome,ACOT13,9886,3.5948167234800543e-4,8.38982234867558e-5,2.834055725855489e-4,0.36256440370923815,0.42335687331857874,0.021743151255445885,0.42021243142034226,0.48547357422919013
proteome,ACOX1,10283,6.838285283133905e-4,2.537687707963032e-4,4.3953131759744135e-4,0.10629631257377489,0.2106269470230404,0.016953003438655165,0.13983083782769756,0.2721762007729209
proteome,ACP1,9627,0.010045498967321875,0.007979233651871476,0.0020290111741156913,1.6416060513182083e-18,2.109820016465637e-4,0.07821889818732769,5.460787138099682e-18,4.2501749883728856e-4
proteome,ACP5,10374,0.06384481980914136,0.03461574011866708,0.031585061461739894,2.0022649365390214e-81,7.881391004376353e-72,0.1405082294207608,2.08278306388027e-80,6.346365263303604e-71
proteome,ACP6,10427,0.008973335242112968,0.004791930041518899,0.00423223102487702,1.4918159987822487e-12,1.365834866390918e-9,0.10415762935364846,4.098287748534317e-12,3.548742501742803e-9
proteome,ACRBP,9877,0.004261035523750789,0.0029459075030972004,0.0013228171464025884,6.791019126249827e-8,0.004491505522002842,0.04384884402405198,1.5716665800497422e-7,0.008079181932808804
proteome,ACRV1,9627,0.5852672155144023,0.5792091582076977,0.02886780481432183,0,8.345954827515578e-61,1.8141218395607788,0,5.713167672325067e-60
proteome,ACSL1,9611,0.0014645677276835523,0.0013903065283144,5.280337298452231e-5,2.565168440576808e-4,0.9172915676859654,-0.028559416168146504,4.7413684486172155e-4,0.9314912433821639
proteome,ACTA2,10146,0.18695599419688358,8.236513947279533e-4,0.18608656171727467,0.0038448385931645324,0,0.026528432336553425,0.006335097636877073,0
proteome,ACTN2,9611,0.04451429505214621,0.02685981889723943,0.01826277322844483,7.960744572304886e-59,3.7990018585340344e-38,0.20343221190915567,5.905902635748016e-58,1.8415393752064649e-37
proteome,ACTN4,10167,0.004284066012364196,3.265218963388605e-5,0.004263892094402144,0.5646007233187786,1.999792321725486e-9,-0.004028690095508756,0.6167913371603114,5.1546675100560814e-9
proteome,ACVRL1,10245,0.10508613232257547,0.021621540723522514,0.0857865071415097,1.326404271662755e-50,8.67224325412426e-199,0.0819257364872631,8.654195727835341e-50,2.485192846255413e-197
proteome,ACY1,10283,0.09979693564404646,0.09565559177785554,0.006123712697317041,1.0113829657781735e-226,1.2559525909696173e-13,0.4716353729220189,3.941696545292802e-225,3.6970286237705853e-13
proteome,ACY3,9611,0.016941888899588364,0.0023853942221483404,0.014761646923981409,1.6711340599018918e-6,9.113992582473422e-31,0.056409977862772194,3.570705304892712e-6,3.877758416094587e-30
proteome,ACYP1,9640,0.008222137722998957,0.007602202896518029,6.186621143757787e-4,9.945765811986082e-18,0.11342610100408798,0.11731504251975147,3.237357847264512e-17,0.1604765214109144
proteome,ADA,10432,0.015128779434519846,0.014169258931847395,9.442988228177684e-4,3.183552149800266e-34,0.01987311100256851,0.08977228844273345,1.5665863525027235e-33,0.0329116733487296
proteome,ADA2,10218,0.0569097227619334,0.006799902266472091,0.05155095439395463,6.970784300902756e-17,7.681707272570728e-117,-0.07794409143925468,2.2051517869630686e-16,9.805078758831545e-116
proteome,ADAM12,9627,0.022592085803104678,0.008264910498430922,0.015083779686290044,4.03679156090229e-19,1.6973132119282495e-31,-0.06773900623873645,1.3704461942528912e-18,7.3174727411006975e-31
proteome,ADAM15,10146,0.01667271306207041,0.00523904485026061,0.011908592101559368,2.9127696608840094e-13,3.675057976271889e-26,-0.04943649331374039,8.258026885319069e-13,1.4380447743832304e-25
proteome,ADAM22,10264,0.02326087525818399,2.531330271523524e-4,0.022877359736946712,0.10705986600208606,3.410436671349164e-51,0.012467755644964548,0.1407719245722436,2.00981983676484e-50
proteome,ADAM23,10432,0.017442833973976057,0.004865965985575871,0.012239415367218509,9.925352128461165e-13,1.1880947938148703e-27,0.05432334895563426,2.7541750367252503e-12,4.7572617566039256e-27
proteome,ADAM8,10406,0.011711728173470659,0.0029312104713512532,0.009134918007881021,3.286040144089887e-8,1.475209706645799e-20,-0.034093207795881555,7.721137734063296e-8,5.1517777449530114e-20
proteome,ADAM9,9886,0.030267559571436897,0.0023258425900176682,0.0278251013503914,1.613912798942127e-6,3.752706306247024e-60,0.030228549232178603,3.453489832582604e-6,2.556913877193485e-59
proteome,ADAMTS1,9627,0.023016149194920232,0.0019562726611556114,0.020952997128400264,1.4210133271814475e-5,6.488807590906369e-44,0.027834153276758523,2.8824579842827e-5,3.4610920781422112e-43
proteome,ADAMTS13,10431,0.023914593881368074,0.00923924229072115,0.014289610310803558,7.780952162692179e-23,2.550728776598832e-32,-0.049940405702869485,2.9847405736941255e-22,1.1161347625746088e-31
proteome,ADAMTS15,10318,0.010610571561568971,0.006810766874779106,0.003938204544482238,4.6582750613919944e-17,7.582506722230283e-9,-0.08720946918510973,1.4816254629432862e-16,1.9106609611275102e-8
proteome,ADAMTS16,10146,0.11858133554942396,0.028189179710860657,0.09666598839769203,5.076299414496278e-65,3.366431274319515e-223,-0.12044506794190633,4.203406002428504e-64,1.200009587175115e-221
proteome,ADAMTS4,9627,0.04845998120946304,1.86152862819422e-4,0.04824265584973586,0.18077558022767856,8.432075338300507e-103,0.010071631515912862,0.22620163570441115,9.66547302504015e-102
proteome,ADAMTS8,10379,0.00797032301873768,0.002721310016531975,0.005161641639801484,1.0562833474505582e-7,1.3077495166341541e-11,-0.053870173689343395,2.415896889356793e-7,3.623271883527614e-11
proteome,ADAMTSL2,9921,0.025778049609419096,0.0029488091083045287,0.022945023178040702,6.257064566154857e-8,1.2610907133094402e-49,-0.038332858487498116,1.453847355077158e-7,7.284917302378446e-49
proteome,ADAMTSL4,9666,0.05876294435742424,0.041628504538664624,0.01851725878748589,2.5011543654514844e-91,6.604804250830852e-39,-0.10165421437918688,3.0210224009151607e-90,3.272176750030268e-38
proteome,ADAMTSL5,9919,0.01070588819391105,0.002704751651279036,0.008135306579966306,2.1988762152020745e-7,1.8846514399929736e-17,-0.04251067602806933,4.92137456128305e-7,6.182756631985927e-17
proteome,ADCYAP1R1,10125,2.6402159048366514e-5,1.0832221903789296e-5,1.4598021192746558e-5,0.7405802973399068,0.9855489274706338,-0.0024668425482012686,0.7812039729789056,0.9875761107290583
proteome,ADD1,9676,0.01797922792282669,0.015750372716045402,0.0025364585304903375,2.9394486851729316e-35,1.9059087365071434e-5,0.18723886300174883,1.4865066620692872e-34,4.13583610750585e-5
proteome,ADGRB3,10245,0.019078579502701976,1.9738369089794539e-4,0.018935229228207673,0.1551053004416283,3.467876009390355e-42,-0.010425043130759242,0.19686182943590078,1.7972697828808527e-41
proteome,ADGRD1,9676,0.15728853388420438,0.13403378377471264,0.03154986815027949,1.352498377612297e-304,6.640232197975819e-67,0.3175734338280269,7.906705515521489e-303,5.002422349145186e-66
proteome,ADGRE1,9886,0.015136252407149331,0.010595737634006008,0.0049505361006392246,1.0767069295536763e-24,1.2789975126524964e-10,-0.11631025811107765,4.3053547949184624e-24,3.4235437083179916e-10
proteome,ADGRE2,10351,0.06261963819026595,4.6348836354770384e-4,0.0620417420759638,0.028523732788658107,2.5801031892295995e-143,0.013498797427789793,0.04141821705973554,4.436259777716541e-142
proteome,ADGRE5,10379,0.06539005077486237,0.0017039904485045554,0.063599270450163,2.5979548152193683e-5,1.9246356694585358e-147,0.027845216124215273,5.1870368339386705e-5,3.4303110133093294e-146
proteome,ADGRF5,9919,0.043138388014524964,0.03905486238072131,0.004134644140211807,6.979502900527007e-88,6.295071565485167e-9,0.12080316834255503,7.8768675591661935e-87,1.594496896526269e-8
proteome,ADGRG1,10318,0.10732960999537955,0.017771754336354584,0.09093837400469174,4.087079579151693e-42,7.497912083822673e-213,0.20999678774304706,2.328758988276881e-41,2.4351552245570745e-211
proteome,ADGRG2,10283,0.1470055225743344,0.14363941671329983,0.002538947576578132,0,8.959012774221685e-6,-0.2537986194554351,0,1.976392025588678e-5
proteome,ADGRV1,9605,0.0017140337614756085,6.714940486686194e-4,0.0010967300156033977,0.011106653908282985,0.014525779378563667,-0.036279772387279474,0.017268483709527216,0.02462810506005893
proteome,ADH1B,9676,0.035929415798025555,0.029572402229065653,0.007244957108110461,4.290882727681917e-65,3.636949074946644e-15,0.2834955693647817,3.563139265060865e-64,1.1237634403878478e-14
proteome,ADH4,10146,0.07165554018826037,0.06772469186156782,0.005328650119631684,1.13946760061533e-156,1.0246149164021752e-11,0.5348721670909092,2.4855699974616487e-155,2.8469100766573745e-11
proteome,ADIPOQ,9911,0.23165579893054655,0.21493412820469426,0.026760267745254085,0,5.8623756349672336e-58,-0.772686996825149,0,3.859397293020095e-57
proteome,ADM,10438,0.14066385541320847,1.3099321719001189e-5,0.14066148255511657,0.711624698203001,0,-0.0024690152260762165,0.7539724872442792,0
proteome,ADRA2A,9611,0.0017758973330379568,7.316500847788232e-4,0.0010357198608389462,0.008013578893701948,0.018954295387193055,-0.03626796351979424,0.01271644468311118,0.031515020146055346
proteome,AFAP1,9676,0.006982779717751297,6.549613647865993e-4,0.006376995691162568,0.011831946321329808,2.339271565627355e-13,0.04450799152252264,0.018318209267609655,6.844535321650409e-13
proteome,AFM,9911,0.021146491510097842,0.004456091904307957,0.016993382731201656,2.9071343878073872e-11,1.4113341010771145e-36,0.028449805384719626,7.607478796384058e-11,6.707852971460823e-36
proteome,AFP,10237,0.06000962864855497,0.006211473740167062,0.05442908847928807,1.4118944784957633e-15,8.445727152195657e-124,-0.11894527737835901,4.298924542336579e-15,1.1324247920122892e-122
proteome,AGBL2,9605,0.0015704945752872401,1.6520559653621092e-7,0.0015698014458117582,0.9682340399428632,0.0017473060735613208,-7.617490061591948e-4,0.9738981757580829,0.0032972082976241066
proteome,AGER,10288,0.023330333665323666,0.0210266054435585,0.0024825239602865867,1.9101504033191592e-49,1.1785967476139085e-5,-0.1375136319665646,1.2164203984535735e-48,2.5766928147161216e-5
proteome,AGR2,10073,0.029132904405423266,3.0585431494678517e-4,0.028932780896997468,0.07927713066482617,8.882261610464333e-64,-0.039339617336688275,0.10654117376243075,6.379078792969839e-63
proteome,AGR3,10118,0.015750087811864488,0.01055654805271955,0.005231187146398586,3.786842238401455e-25,1.7937686754078678e-11,0.13856963569571706,1.5225501874618232e-24,4.960440717329421e-11
proteome,AGRN,10351,0.059481679421589106,0.0015934393905073785,0.057765959723671934,4.86994883687384e-5,4.114315084207105e-133,0.03032203547076026,9.547190107432753e-5,6.199042778936788e-132
proteome,AGRP,10432,0.04105229015865808,0.04013943389802044,6.30753983402621e-4,6.796164911782655e-95,0.08658846366064407,0.23889976694792045,8.453272356230086e-94,0.12623345600003122
proteome,AGT,9904,0.01635800365507556,0.01610696751829266,2.5784264829686876e-4,7.826083781905612e-37,0.4658169195272981,-0.06574670022710813,4.041633020231467e-36,0.5263173002621926
proteome,AGXT,10283,0.02794984104594489,0.025726448308144967,0.003158643934442318,3.314454092824968e-60,4.070992715105984e-7,0.28622938174633994,2.5428213420806773e-59,9.557840727915496e-7
proteome,AHCY,10283,0.010927970125489739,4.933700782908668e-4,0.010443429606220356,0.024317246048230684,3.095120644732847e-23,0.03310071597983244,0.03580450988214387,1.1408622502590303e-22
proteome,AHNAK,9666,0.055225741596614975,0.0023987204290220054,0.053004329076043466,1.4594601043031043e-6,1.0149034891113798e-113,0.03150048943668665,3.132159974212903e-6,1.2517143032373685e-112
proteome,AHNAK2,9666,0.034067708607804614,0.015546959742719357,0.018746838186463166,8.694882178405115e-35,2.1465302184074453e-39,0.07566932320901022,4.344468479910795e-34,1.0743677788364662e-38
proteome,AHSA1,9877,0.0010973205104521933,4.452063583548771e-5,0.0010553777550308396,0.5073661818369226,0.015280365953165773,-0.009281119224197798,0.5632477590236706,0.025802720786310546
proteome,AHSG,9904,2.8334648067496193e-4,1.8118474500172788e-4,1.0352467704610735e-4,0.18048576047875872,0.7952282603288358,-0.007641787218302564,0.2259357078712684,0.8222328280655065
proteome,AHSP,10332,0.07772019241714156,0.07677353082066107,6.088157295838226e-4,2.093956727123759e-181,0.09834595758298005,0.5485600674366704,5.8291766794121405e-180,0.14091433039953466
proteome,AIDA,9655,3.415413480151175e-4,5.064209866756375e-5,2.985592848122609e-4,0.4845152401033047,0.4102303796489728,0.010412293229505279,0.5403426351857916,0.473953912930414
proteome,AIF1,10125,0.003518647195545954,0.0017893320936055446,0.001728966875357174,2.0704516461654256e-5,5.541737902457009e-4,0.049123163541271817,4.173744939132095e-5,0.0010886088635001236
proteome,AIF1L,9666,0.003585649401920299,1.6408926238720145e-4,0.0033902016029671023,0.207996855824218,3.5318630945524787e-7,0.015232769163483787,0.25652945551653555,8.312106139594923e-7
proteome,AIFM1,10303,0.010163446094586304,0.009728032352830596,5.774975158683304e-4,1.0894180697085242e-23,0.11411424023671145,0.2364235125235677,4.2858264034428214e-23,0.16122583639915405
proteome,AK1,10283,0.03332487806200268,0.03223409798533883,0.0011179590287925256,3.267482886413984e-75,0.009319129354205185,0.2553604884360714,3.111026865468429e-74,0.016166062375277006
proteome,AK2,9903,4.698581463795648e-4,2.9051659717949097e-4,2.0063175981677173e-4,0.08991995634904902,0.5752857286926711,0.036780139622381074,0.11979764467104388,0.6283857193455448
proteome,AKAP12,9676,0.009318248388746952,0.003955961189289203,0.0052634113708665,5.96762015881281e-10,4.798153599319878e-11,-0.0261528439589561,1.4985699075781652e-9,1.303438937807807e-10
proteome,AKR1B1,10125,4.685811558393649e-4,9.807354993307538e-5,3.538711028350239e-4,0.31913115389031604,0.31028341081821015,-0.016885459342801223,0.37507855360731557,0.37524137766720245
proteome,AKR1B10,9655,0.0046086333110416655,0.002319171333703074,0.002340678149049258,2.2081748840997867e-6,4.8571381808761656e-5,0.06293573100095899,4.680562136492876e-6,1.0250841084982694e-4
proteome,AKR1C4,10146,0.0017810021561239786,0.0013679075974528665,3.681045433909791e-4,1.9478197206551745e-4,0.29167844988402225,0.04504079776969288,3.642659656733893e-4,0.3573244379761094
proteome,AKR7L,9627,0.01878581097564913,0.013362686589017514,0.00574586896036855,5.4448286414053115e-30,5.50685661631762e-12,0.15442335815220457,2.4790084297239447e-29,1.5537202596039e-11
proteome,AKT1S1,10131,0.004928322631449711,0.004733132806844065,2.4314239266354232e-4,4.178006385136802e-12,0.4821098154185123,0.10218316272154732,1.1328675940403405e-11,0.5409623763793902
proteome,AKT2,9908,4.280549480695228e-4,8.762050557009626e-5,3.5230713370626443e-4,0.3515928136129203,0.3221019597580008,0.02476634483299411,0.4084681216973633,0.38697247364267834
proteome,AKT3,10069,3.5906884217151713e-4,3.407714051262278e-5,3.15217432748649e-4,0.5581364358382912,0.3657124977023848,-0.007417695635946644,0.6110235213315824,0.43121324355952834
proteome,ALCAM,10431,0.1489826202291452,0.12320812705903639,0.03517593695761312,4.642921090874609e-300,1.2982958862827436e-80,-0.1600094619603015,2.5606147827597138e-298,1.1465011708774803e-79
proteome,ALDH1A1,10349,0.0669051129534668,0.06598177842459152,0.0015141813012758965,1.4525981879925505e-155,0.0013217097152105753,0.31931823037977913,3.145144076668315e-154,0.0025267217119427808
proteome,ALDH2,9877,0.0021730407965692145,8.473868670934026e-4,0.0013819386967914848,0.0038177521545738865,0.003418226328211669,0.030486310481663073,0.006297567464909407,0.006236876128191454
proteome,ALDH3A1,10275,0.06498044112188717,0.06193099239167088,0.003838695176649032,8.417581734702e-145,1.3591788943829535e-8,0.3851540803380799,1.6513148597673788e-143,3.389829273277622e-8
proteome,ALDH5A1,9908,0.002049566169153083,6.558363930386779e-4,0.0014756758246945445,0.010808399418726668,0.0021666916909959975,0.024813091488473597,0.016849574133833627,0.004046798602416167
proteome,ALMS1,9746,7.515123921834066e-4,4.911845646351498e-4,2.8511807237918685e-4,0.028699336728462126,0.4271552602685629,-0.02117748823056657,0.04161119109984861,0.48848780350743715
proteome,ALPI,9627,0.0030610242358967144,0.0012422026425185084,0.0018536046066230938,5.437581227544754e-4,4.7167664095778677e-4,0.08940205403932651,9.78697655672002e-4,9.303041980564175e-4
proteome,ALPP,10318,0.01606108192891531,0.007428278587759185,0.008925971092317186,1.80744476539407e-18,6.451719098208899e-20,-0.24110504924780649,6.003592101416894e-18,2.2134242868620436e-19
proteome,AMBN,10167,0.0026183864161889447,5.469671003750509e-4,0.002025941932665143,0.018380381908086222,1.2687934800912896e-4,0.01469449761409528,0.02763304345992715,2.602584801618835e-4
proteome,AMBP,10420,0.11275037152931111,0.009226658869737947,0.10449532707315179,8.758765475993441e-23,6.517313328053584e-249,0.04317500159413286,3.3466498674939646e-22,2.8014863026324453e-247
proteome,AMDHD2,9921,5.24598992171943e-4,1.930019233206126e-4,3.2768780668912534e-4,0.16653120662872728,0.3546556695652923,0.007247444098890637,0.2102681282832699,0.4207218028162944
proteome,AMFR,10131,2.0201911965156416e-4,3.251571311091439e-7,2.009372246553065e-4,0.9542430867291511,0.5651751702541852,8.111163941300974e-4,0.9638053014890493,0.6191306949511755
proteome,AMIGO1,9655,7.71028032683585e-4,2.1207784653676232e-4,5.249868798568036e-4,0.152540291421587,0.16690525589254132,-0.014214774339173982,0.19385881383708645,0.22266730395887643
proteome,AMIGO2,10318,0.006782104039820824,0.00654693743572099,1.95561789001375e-4,1.8679870660285596e-16,0.5688602245394576,-0.041403635143021755,5.833468155984487e-16,0.6225303018827535
proteome,AMN,10167,0.007592664331292243,0.0046025704002635726,0.0029185534523124,7.558532933536778e-12,1.593406220543227e-6,0.07119417375889638,2.0287963053010104e-11,3.644386840882514e-6
proteome,AMOT,9676,0.14451136580786528,0.14390923144720114,0.0020452476150670806,0,1.8665927866459277e-4,-0.34883076877646313,0,3.781046926795597e-4
proteome,AMOTL2,9824,0.001047226046964167,5.1920115497594566e-5,9.785261982165894e-4,0.47522939259975805,0.02215566334294924,-0.006717659087018515,0.5326286482243454,0.03638258648957338
proteome,AMPD3,9903,0.01152938616114152,0.008922340091014336,0.0025767936455408647,4.582626086522139e-21,1.1908491056727389e-5,0.13927212069759087,1.6639771491806475e-20,2.6015335843657816e-5
proteome,AMY1A_AMY1B_AMY1C,9396,0.004993390635197548,3.651858226602078e-4,0.004667904453925509,0.0640258309585682,1.5531705578705754e-9,-0.01976616263792127,0.08749298919677179,4.028320799162105e-9
proteome,AMY2A,9758,0.004851996857045626,9.929599071751838e-4,0.0039053750147930444,0.0018540945257596558,2.6071944395930677e-8,-0.03445630131821419,0.0031674566328436433,6.447402154763567e-8
proteome,AMY2B,9469,0.002286391830528589,1.1510514434032171e-4,0.0021826666527062777,0.2966130041871962,1.22652378731632e-4,-0.01180387398153672,0.35229573800860403,2.5211877850391017e-4
proteome,ANG,10254,0.0819401202876281,0.07691932714098038,0.005637136185377423,2.1071295529832045e-180,1.6179048815989888e-12,0.2250673861763828,5.810509135254629e-179,4.604806201474045e-12
proteome,ANGPT1,10268,0.004983457481864351,5.547322390608844e-5,0.00494074148518131,0.45053333296495524,5.3045579207395506e-11,-0.014021099999949235,0.5072838722097704,1.438332356430585e-10
proteome,ANGPT2,10438,0.04045403481528298,0.013274602050102557,0.028939708752260263,3.5744481301980554e-32,4.1028940200677923e-66,-0.10100773815195092,1.6988799812307181e-31,3.0284745506712517e-65
proteome,ANGPTL1,10110,0.03857181138699051,0.026076752429124217,0.013792952240991196,5.142276968526083e-60,3.16915814418105e-30,-0.1061345044887723,3.9245105950396193e-59,1.3347909589972925e-29
proteome,ANGPTL2,10316,0.031517144033417877,0.00794038439980349,0.023674268255375996,1.2323254476745565e-19,2.8388736242114314e-53,0.0826222158147426,4.2628251876363655e-19,1.7251616639438696e-52
proteome,ANGPTL3,10295,0.15830686720220277,0.12492122436173092,0.04363404191949449,1.5125087297688313e-300,3.467805501688243e-99,-0.3015262697959604,8.502044263681334e-299,3.86885323718883e-98
proteome,ANGPTL4,10343,0.03708329169365698,0.0034451706246841907,0.03333524296189028,2.33024010411483e-9,1.1558602575136677e-75,0.06050346980178752,5.733410626538424e-9,9.792984152789711e-75
proteome,ANGPTL7,10438,0.05393987013002921,0.017144785614089164,0.037427474510762226,3.935702042177889e-41,6.018520027882069e-86,0.10732847457117548,2.2080723741431804e-40,5.730336821335272e-85
proteome,ANK2,9611,0.0013155594866431919,8.528479612573969e-4,4.63525614586513e-4,0.0041993808192472715,0.21644015243513273,-0.042956640564541904,0.006872782830156648,0.27821221001226604
proteome,ANKMY2,9627,1.9800747911147276e-4,1.899461846843753e-5,1.757277654973466e-4,0.6690133049325502,0.6389167270809608,-0.007173215973508116,0.714216906617182,0.6815889026487768
proteome,ANKRA2,9580,6.503668067283641e-4,5.757255073428613e-4,9.191036997446833e-5,0.01886624353804582,0.8302204912721733,-0.02642317650669203,0.028280015313696377,0.8535823060107502
proteome,ANKRD54,10125,0.015353987878992115,0.014175381786692864,0.0013746766614690653,2.7984217402132195e-33,0.0030132889722651567,0.14791577121811927,1.3565152150320466e-32,0.00554650104907497
proteome,ANP32C,9666,6.503540137688946e-4,1.3138721319472246e-4,5.076782678449243e-4,0.25988873643640004,0.17879750438599878,-0.009137916173091714,0.31287264275271714,0.2360546997833218
proteome,ANPEP,10323,0.006741789274049781,0.005351850176925965,0.0015930514300437348,1.0005198393746138e-13,9.163771730219669e-4,0.04584261931428579,2.8812999906325083e-13,0.0017715413205973605
proteome,ANXA1,9655,0.024308788256288794,0.009558959259437505,0.015042097796248322,6.138269548614816e-22,1.6829093395081072e-31,0.07784305674347028,2.2827177977864005e-21,7.276840235772481e-31
proteome,ANXA10,10131,0.039573667863476825,2.2727860024329694e-5,0.03957335632001047,0.6314248118142002,2.6343401428138014e-88,-0.008836872410695437,0.6808021855156426,2.583951757531792e-87
proteome,ANXA11,10298,6.798854615298611e-4,1.3772423913704923e-4,5.649870312991467e-4,0.23379481838099933,0.12084334964067826,0.017342575758578296,0.2842688245123382,0.1688456553535863
proteome,ANXA2,9524,0.019191627530642075,0.012190520945099426,0.00708217665983768,3.258711466229893e-27,1.3536157022486643e-14,0.1556030312764942,1.4048987633908522e-26,4.0831978304157336e-14
proteome,ANXA3,10406,3.7949675274007166e-4,1.9752896191405078e-4,1.6801652271303258e-4,0.15174681223371975,0.6263660178287379,-0.02180006318008951,0.1929342897604014,0.6711392485752936
proteome,ANXA4,10202,5.548768085223976e-4,2.011362155662777e-5,5.266903311013094e-4,0.6506428567820779,0.14647666394722217,-0.00706359422183748,0.6976629018246565,0.1996974294392399
proteome,ANXA5,10114,0.013718955152691503,6.030655956760222e-4,0.013209976457173478,0.01353405179476961,5.983435786564893e-29,-0.016139348786048523,0.020799176338649614,2.4324871772085096e-28
proteome,AOC1,10167,3.121678831271568e-4,1.911075194007683e-4,1.300597155697858e-4,0.1634380290076006,0.7239588555336327,-0.017140897179337363,0.20671975715673585,0.7579268390848168
proteome,AOC3,10345,0.08627180705962134,0.02979886292182432,0.06027789148140672,5.3902847827870304e-70,5.094387456277413e-139,-0.11984150167696556,4.76006115410468e-69,8.181810183900483e-138
proteome,AP1G2,9877,7.301991093167093e-4,3.5513780072637946e-4,3.7952537812302456e-4,0.06113343108291634,0.29004315222391364,0.03165811650458048,0.08405127895360512,0.3557684154219469
proteome,AP2B1,9655,0.0019727438814085563,0.0018071048820647029,2.256501655918397e-4,2.9443200282580365e-5,0.5363179288566202,0.04201160181605115,5.8426662882540674e-5,0.5924630786273246
proteome,AP3B1,9886,0.0014523775241450654,7.460176722804412e-4,7.194110896252548e-4,0.006618172993315087,0.06842999829488715,0.044148188859731395,0.01061740925327113,0.1023648336826792
proteome,AP3S2,9903,0.0015982010756351306,7.637241314829568e-4,8.678522529762533e-4,0.005961684272498334,0.035202857427717026,0.02724302878802387,0.009601103652073074,0.05601412752379797
proteome,APBB1IP,10318,0.013145103101188105,0.002611946095480433,0.010412996782063644,2.065381415813355e-7,3.0189912480925874e-23,0.04834108821334598,4.640361167119475e-7,1.1156145914253645e-22
proteome,APCS,9838,0.1360968817338457,0.1344099906502665,0.003867916499278534,1.36990507584174e-310,2.680327388450638e-8,0.30120215155633706,8.519643695075316e-309,6.617058240237512e-8
proteome,APEX1,10389,0.01085634159542026,0.010104149257959993,6.387833724186276e-4,9.73189008753078e-25,0.08446675053347871,0.1303272923763083,3.896755441897599e-24,0.12338646267334248
proteome,APLP1,10283,0.022412303999877148,0.02026050342462893,0.0019985965801644356,1.1431089311063272e-47,1.2972284641801305e-4,-0.16686072167469485,7.049171741822352e-47,2.6590454423552044e-4
proteome,APOA1,9911,0.08444762360505176,0.07558694953455947,0.009610427334832305,2.5052846374878043e-171,1.3278635819508067e-20,-0.16651474978671343,6.480484066705178e-170,4.653891187100969e-20
proteome,APOA2,9904,0.06975444852851465,0.03315659745701072,0.03964668531679649,1.4547356423249177e-74,1.7472766035546322e-86,-0.18817119701060075,1.362882141831966e-73,1.6745211515377672e-85
proteome,APOA4,9911,0.020139838593862036,0.0040113993580446206,0.01623800085553362,2.792173730646916e-10,6.197276745099575e-35,0.046867361075538266,7.072377655702718e-10,2.85719872648676e-34
proteome,APOB,9904,8.329892744118883e-4,4.4179329149351965e-5,7.981073007797823e-4,0.508419427352971,0.04803758361197896,0.0031020323230287025,0.5639886095456297,0.0746088506364583
proteome,APOBR,9666,0.008203844848642339,0.005626100995705374,0.0026207452134209275,1.550987522687406e-13,1.3023189831108185e-5,-0.06509799895769607,4.4272817664211793e-13,2.8408047668902405e-5
proteome,APOC1,9892,0.06699857699079403,0.061453019507729856,0.0048046403097671275,2.2170535165001807e-138,2.5647960938521326e-10,-0.20296670063964467,4.0757530998302065e-137,6.802993631878207e-10
proteome,APOD,9421,0.019646236357730218,0.018471790768185725,0.001233198301211491,4.546106679811896e-40,0.008806711014675481,0.1263561465430004,2.5024990254407102e-39,0.015322628747557401
proteome,APOE,9911,0.010825637066496863,0.007896176602129268,0.002809907841043735,7.895154061791199e-19,3.85720791826524e-6,-0.1394203034926064,2.661768780001808e-18,8.666117405910297e-6
proteome,APOF,9904,0.02768689089389531,0.020115021366455266,0.007594652953014758,1.1787454480410316e-45,2.872919707681026e-16,-0.09324994118977478,7.118745753355239e-45,9.088251412934673e-16
proteome,APOH,10349,0.014066864400150147,3.554843111470696e-4,0.013646129900263149,0.05514799011870671,1.3098503822181123e-30,0.014969099304220296,0.0764694379112807,5.5488299524978876e-30
proteome,APOL1,9904,0.03360094970401839,0.018129666307438508,0.015452999585946703,2.783252977057395e-41,3.3179446626551246e-33,-0.17696469382358604,1.5675237865007256e-40,1.4851994255652264e-32
proteome,APOM,10312,0.022470941782546938,0.011951560219044643,0.00967322298223483,8.767553157242122e-29,1.413144397624652e-21,-0.06939109102040726,3.924587730263204e-28,5.055839748172409e-21
proteome,APP,10349,0.0026542065332129106,6.14545068343686e-5,0.002607588895032098,0.4252815776564193,5.860608081425967e-6,-0.0115896382403113,0.4835076046245482,1.3086751277317114e-5
proteome,APPL2,9676,0.0015344845566176435,1.5513444000780918e-4,0.0013623347172664335,0.22061844170167622,0.004253533500610521,-0.02915607458097856,0.2698191234702927,0.007665276462567543
proteome,APRT,10264,0.012639720956888811,0.011504901924261679,0.00116109532243025,1.2138707713559564e-27,0.007665211996604934,0.11591673920661368,5.25651002173846e-27,0.013440560687508232
proteome,ARAF,9746,0.001027379257441341,1.7794964983530726e-4,8.471246115590025e-4,0.1879679948664187,0.04101129237535424,0.018150736754242027,0.2341988273634023,0.06458836617088386
proteome,AREG,10318,0.015281077957017608,4.526731426532926e-4,0.015042288645858104,0.030707357828508672,1.1424249371325458e-33,-0.021576562496216478,0.044346643741467816,5.145312929489108e-33
proteome,ARF6,9886,0.0043020697436455535,0.002233473441751066,0.002145254642044403,2.598208213883e-6,9.471146121612711e-5,0.10580294645427085,5.4993212231571395e-6,1.9606345689429145e-4
proteome,ARFIP1,9908,5.259046951510138e-4,1.0252641285479758e-4,4.1537731575291836e-4,0.31363173101342,0.24935815071966302,-0.014595841534066591,0.3698045783591072,0.3130901522996456
proteome,ARG1,10243,4.887670740393313e-4,2.2220682955764737e-5,4.652043877634293e-4,0.6333936451932649,0.18990833600180873,0.005420694289694582,0.6824215351639931,0.2483552736797905
proteome,ARG2,9877,0.002672765910713859,0.002110461393743379,5.399223345421422e-4,4.952848797334565e-6,0.14905073911101474,-0.03972881277990863,1.0333459696366118e-5,0.20235732021435024
proteome,ARHGAP1,10125,0.007948443352230439,0.005825445620919911,0.002370205269612291,1.4811970168918865e-14,2.478697083407617e-5,0.07876734014154821,4.382124372849174e-14,5.354938340576839e-5
proteome,ARHGAP25,10125,0.004992287544964724,0.00467681870357417,3.8957129259198364e-4,5.676897928537898e-12,0.2676384317281152,0.09031555416604267,1.5336019080514117e-11,0.331345673842135
proteome,ARHGAP30,9746,4.417177410714901e-4,2.689282417306371e-4,1.6544746753144324e-4,0.10553456048801821,0.6567082048084456,0.010658582577025455,0.13895383797589064,0.6982750391615448
proteome,ARHGAP45,9676,9.289868305034643e-4,5.613568511346756e-4,3.911570573197354e-4,0.019792254343806104,0.28577427495336394,0.04106608257296773,0.029577075381873846,0.35163735237556065
proteome,ARHGAP5,9580,0.0011705145228891878,6.535762873127737e-6,0.001165957572955012,0.8024685005980996,0.01083555111652502,0.003911283740278203,0.8341448887796036,0.01859795414774083
proteome,ARHGEF1,9903,0.003468489765210192,0.0031384631432940235,3.995303147314999e-4,2.4358778674831045e-8,0.26630508714076323,0.10570098192146103,5.751268987603485e-8,0.32983464818324193
proteome,ARHGEF10,9908,0.0022160506259761847,0.0017055175401979872,5.390138690273272e-4,3.9333015295762443e-5,0.14855571009192028,0.08153722680086566,7.747331786355366e-5,0.20187277573160528
proteome,ARHGEF12,10298,6.961325025277576e-4,2.126763614580529e-4,4.99822249871551e-4,0.13898110042072276,0.1613989465965781,0.034680385846413454,0.17833264114564207,0.21611045391745204
proteome,ARHGEF5,9605,0.002236420128130967,5.381899134890844e-4,0.0016186709679625322,0.023010068687268504,0.0014004069038607346,0.03481505910784549,0.03400325114908283,0.0026701822439562477
proteome,ARID3A,9605,0.0011010486429718913,3.455127648632761e-5,0.001057767798536724,0.5646710975850131,0.01725016063610807,-0.004637206877886675,0.6167913371603114,0.02888365885978052
proteome,ARID4B,10131,0.0011110414946388092,8.863408859565158e-4,2.1325518439085922e-4,0.0027315622269812314,0.5399180390893668,0.02448050864647084,0.0045834422442400345,0.5959895877108078
proteome,ARL13B,9611,0.001198725333830697,4.165914066378562e-6,0.001192252173737418,0.8414497486677843,0.009480723459342174,-0.0029068018291932584,0.870028086239685,0.016426884808332647
proteome,ARL2BP,9611,0.0010171705853356805,8.933117108700372e-6,0.0010041837702443601,0.7695763687048788,0.021772712796294853,-0.0024840486028204363,0.8062622672847171,0.03579394797726088
proteome,ARMCX2,9605,0.0019942680431567217,0.0015117110863888117,4.773727734805888e-4,1.3848443614800787e-4,0.2049093183140781,-0.04903644602051112,2.6166128433136845e-4,0.2656097283512418
proteome,ARNT,10167,0.0011729460393989921,2.1158638095597482e-5,0.0011477424729089414,0.6428719027622278,0.008600972095439524,-0.003670461975559416,0.6905970495310518,0.014982503834904487
proteome,ARNTL,9611,6.726743154286119e-4,5.993433077925436e-4,7.767202218489366e-5,0.01640703817535193,0.8622906178188672,-0.026782867120394117,0.024900193450962456,0.8809770974779967
proteome,ARSA,10349,0.012705068452065982,0.0076521032475463935,0.004893762948782188,4.936053334754552e-19,5.536317897628435e-11,0.09110993701861844,1.6718521318062058e-18,1.4983941865525847e-10
proteome,ARSB,10318,0.005529444839311171,0.005338238064162781,1.5338386914953706e-4,1.08977195337251e-13,0.6634676168197949,0.0916623439125772,3.132156754874972e-13,0.7039258961757752
proteome,ART3,10345,0.16199883014200178,0.15998886778617116,0.0011770778739182974,0,0.006795283684606505,0.33367212262971235,0,0.012023374219191776
proteome,ART5,9605,0.001496808748239098,8.75868785815137e-4,6.709191311380369e-4,0.0037283711610495364,0.091924793216741435,-0.03683300523235293,0.006167531920626935,0.1331739156191535
proteome,ARTN,10167,4.029295184471149e-5,2.843207136837833e-6,3.666293477555538e-5,0.865030283914301,0.945843907766394,-0.0017137462677421697,0.8909385200428125,0.9548079085768738
proteome,ASAH1,9817,0.013477098837510582,0.004657582197985177,0.008810787837000178,1.3065496279439832e-11,1.0456125217533678e-18,0.06699489391152562,3.475017800255016e-11,3.521112213231676e-18
proteome,ASAH2,10264,0.025907839881313732,0.023474825955987377,0.0022438308895137427,6.173852079778602e-55,3.949270123423727e-5,-0.18880057886086654,4.327618616113394e-54,8.389328903174096e-5
proteome,ASGR1,10264,0.04597658710072405,0.016326604942493383,0.029797646999236704,1.30688434151884e-38,5.705262798850451e-67,0.08936865099827554,7.022100974741855e-38,4.3203324251398625e-66
proteome,ASGR2,9904,0.010707885646388804,0.0011296122805523057,0.009718443922637765,8.233747300658342e-4,8.046514369477136e-21,-0.018480828778003815,0.0014568549249288337,2.830320277013438e-20
proteome,ASPN,9919,0.05873196764004751,0.03222030669892595,0.02824032722252723,1.3885778470444936e-72,2.8599684300488198e-61,-0.10354278324244828,1.272355187119453e-71,1.9669853461253414e-60
proteome,ASPSCR1,9908,0.010698801233491873,0.010567696203025556,2.5158840638961344e-4,1.1021615351119013e-24,0.4767532248599736,0.14651476088970092,4.401117714661322e-24,0.5365997983310369
proteome,ASRGL1,9666,0.002121651344655917,0.0015025845408995764,6.628351364994511e-4,1.381918871932312e-4,0.09343995895493637,0.08224459351955074,2.612774167307987e-4,0.13494318183067144
proteome,ASS1,9611,0.07484542180303932,0.0724393791593907,0.003656617340631385,4.218640827351282e-159,1.1097835310712419e-7,0.4619324754472081,9.485451644882922e-158,2.674276390207123e-7
proteome,ATF2,10131,5.241512010486504e-4,2.9869135613758147e-6,5.233600148700779e-4,0.8619376613913073,0.1510250299370225,-0.002630822314248219,0.8886926928560112,0.20427864993332565
proteome,ATF4,9580,3.157316575808089e-4,2.020779182099197e-5,3.014780316704657e-4,0.6600346892330713,0.40933956635803725,-0.0031166193673903587,0.705662544487296,0.4731117249760945
proteome,ATG16L1,9886,0.0016910009234162304,4.878160674992582e-4,0.001224491297376118,0.0281143338050351,0.007024735604365201,0.03979377689936718,0.04088467547866547,0.012396254609496006
proteome,ATG4A,10125,0.018519223920314687,0.016516385908605158,0.0021239165424387085,1.547153483164923e-38,8.216925254997858e-5,0.1673833715372154,8.282655002364596e-38,1.7119082338103162e-4
proteome,ATOX1,10379,0.00700797086865268,0.0011223138188882764,0.005930432434666066,6.424187365014505e-4,2.5361284712183475e-13,-0.054285210247338046,0.0011491982660916402,7.398306907556118e-13
proteome,ATP1B1,9611,5.106762411261068e-4,5.126425338120022e-5,4.459982073189428e-4,0.48284470883505093,0.23224596573412717,0.006986197867124836,0.5388908300591272,0.29579736725091665
proteome,ATP1B2,9611,0.0012359644666701808,0.0011851984134328974,3.8710486304216474e-5,7.379383210760274e-4,0.945988266588651,-0.022112705619813187,0.001312039971110236,0.9548079085768738
proteome,ATP1B3,9611,0.0014781685680465007,0.0010857337042124993,3.770847622139861e-4,0.0012367091765921666,0.30513795571982305,-0.027334061504895313,0.002158149804882927,0.3702441862054972
proteome,ATP1B4,9580,4.781122117990533e-4,2.5391328489188236e-4,2.4380039779181573e-4,0.11892653282612266,0.5058878387380967,-0.013743039213953466,0.15484287547917885,0.5626750961306913
proteome,ATP2B4,9611,7.465407559300585e-4,5.226867244525479e-4,2.0716936299636224e-4,0.0250275358135401,0.5744060495419083,-0.025228787109127484,0.0367985348002906,0.6276593954433638
proteome,ATP5F1D,9611,0.0010127618356455814,5.865120248965683e-4,4.2766593199539127e-4,0.017601388604627975,0.24990603652707563,-0.024604998726626692,0.026571237579865056,0.3136433425369867
proteome,ATP5IF1,10351,6.585509587452298e-4,2.091654814762034e-4,4.620104963269922e-4,0.1412629149205826,0.18853029589196035,0.0357347705685117,0.180942813458748,0.24670872695994164
proteome,ATP5PO,10131,2.5320498077108233e-4,1.0540189492092011e-5,2.4437607126714944e-4,0.7439036435175297,0.47983033215498405,-0.0030751749566919812,0.7838812175077768,0.5390253885046189
proteome,ATP6AP2,10125,0.0090218686599296,0.003217887803696584,0.005659019896470441,1.1229110623316286e-8,2.07538073560702e-12,0.0511917173764044,2.690384455078156e-8,5.889648437067302e-12
proteome,ATP6V1D,10318,0.0011103809678396637,4.654591642988537e-4,6.446487377971266e-4,0.02844049734377753,0.08390395987372962,0.01255162831815671,0.041317879590388525,0.12268698084587878
proteome,ATP6V1F,10123,0.004775792618256114,0.004654028059681514,1.4246975925191752e-4,6.419720645677736e-12,0.695793755012103,0.10160800802139275,1.7294786587388038e-11,0.7326387413185798
proteome,ATP6V1G1,9666,0.0053091032304372066,0.0050140347763731885,3.405753870973083e-4,3.203486979057582e-12,0.34889311794028377,0.10604439666971863,8.74303682519637e-12,0.4154030890995721
proteome,ATP6V1G2,9611,4.4205231114546883e-4,8.066474656842626e-5,3.7711502528881e-4,0.37871884276738543,0.3051018716342389,-0.018094351440590375,0.4359965251709601,0.3702441862054972
proteome,ATRAID,9886,0.041500105920233676,0.002887707620628066,0.03847608990796403,9.021899920719529e-8,1.017135895240873e-83,0.030007111585486045,2.074824033694979e-7,9.378827198072782e-83
proteome,ATRN,9911,0.01643326353464869,1.9339506698301534e-6,0.016432419270989707,0.8899179963544618,2.3420883783107975e-35,4.793282471548593e-4,0.9117526475093206,1.0901153391405194e-34
proteome,ATXN10,10131,2.5663365300265806e-4,2.402180047433866e-5,2.348552606671328e-4,0.6218788541481464,0.4976416887815126,-0.007776893453445042,0.6712525445624195,0.5550552209580101
proteome,ATXN2,9605,0.003579521047376022,0.0020479117250462586,0.001514292322358779,9.159837005000647e-6,0.002245603833869798,-0.10240869053803639,1.880210924551748e-5,0.004191507028353397
proteome,ATXN2L,9908,8.014759430470253e-4,1.8736743079061924e-4,6.353422724802993e-4,0.1731358192269094,0.09814562363790826,0.01350985750681897,0.21757351659512306,0.14076528846594988
proteome,ATXN3,9903,0.017610921756476605,0.017474476612207135,1.9595020223583948e-4,7.7658667700609e-40,0.5849943085645871,0.17175950262858944,4.258842132999627e-39,0.6368147398252934
proteome,AXIN1,10298,0.0049321304631758656,0.0040642133139036085,9.850482518440895e-4,9.527237726573643e-11,0.0173762082538301,0.13801668351214955,2.4471103580645657e-10,0.029073071966768966
proteome,AXL,10345,0.012193383706140759,0.004153994941774042,0.00798147865786114,5.3640633651544434e-11,7.458781927193904e-18,0.040172995717718527,1.3912295666678296e-10,2.4662918069216947e-17
proteome,AZI2,9908,0.0010723391689316797,4.184944222803688e-4,6.56553902381285e-4,0.041757447591006754,0.08949240790345842,0.02387307023857015,0.059193510818871364,0.12994902930103255
proteome,AZU1,9934,0.007891141533645896,0.007268615014726754,4.491596693304567e-4,1.7306304023298088e-17,0.21580157329498123,0.13717479657487228,5.60202953046515e-17,0.27763556282624563
proteome,B2M,9911,0.08224473407975108,0.0030045386319818013,0.07933690808330218,4.7744850628201324e-8,3.4761561742644113e-177,0.03294303001852579,1.1155731285869902e-7,8.194197175302319e-176
proteome,B3GAT3,9611,9.191733708986405e-4,4.275208161585997e-4,4.8140066826085626e-4,0.04269521329527389,0.20134939457696566,-0.008738246569403647,0.06049350870677925,0.26172862682359915
proteome,B3GNT7,9666,0.07591820168051311,2.6119088824716474e-4,0.07568927784838597,0.11215682890661587,1.6533130784091528e-164,0.012166032738265284,0.14681343971967675,3.5797289838444105e-163
proteome,B4GALT1,10351,0.04774790432252585,0.016197405515449126,0.03132323556432515,1.2595147705802483e-38,4.591369832356683e-71,0.07605922360037888,6.780039916033271e-38,3.6668235027263894e-70
proteome,B4GAT1,10349,0.04770854616792475,0.03262735122755156,0.015528173069518925,1.3418792343597064e-76,7.160457742355093e-35,-0.10163735564530833,1.3030940206091103e-75,3.2960658237643996e-34
proteome,BABAM1,9627,4.276858821148366e-4,6.400158693009583e-5,3.6921367917475134e-4,0.43260822644716346,0.31390021329246465,-0.004796238341606102,0.48993174967263026,0.37851911033575664
proteome,BACH1,10298,9.862724158316016e-4,6.949862773479865e-4,2.9719652296122945e-4,0.007472891230360792,0.38251988554045474,0.04378048866536129,0.011910175063437618,0.44760033043825026
proteome,BAG3,10245,0.013097544968341368,0.008743884830696214,0.004279013894160633,2.4714379565187157e-21,1.574587105079376e-9,0.08498136537456338,9.086808989816611e-21,4.080246549775723e-9
proteome,BAG4,9627,0.0020596551602491964,0.0011389597613011837,9.173899158988474e-4,9.286163448073202e-4,0.031615187253453005,0.032581901305618076,0.0016371203714546424,0.050831238911904914
proteome,BAG6,10146,0.005526568717637015,5.941699903964093e-4,0.00492085657239727,0.014088885797678872,7.880010206510387e-11,0.01977625662672656,0.021583759531769046,2.1248403905562602e-10
proteome,BAIAP2,10125,0.024847699825927605,0.023845473682616358,9.89039445081774e-4,4.708400532181437e-55,0.018443054746472592,0.2224550284217843,3.32431274289042e-54,0.030717406851247516
proteome,BAMBI,10125,0.0342561854000637,0.0050131020378904045,0.029792525251750357,9.931236704442059e-13,4.763924265246571e-66,-0.044930796159576715,2.7541750367252503e-12,3.507544238618571e-65
proteome,BANK1,10298,0.0051079901880066725,0.0040864351028544466,0.0011606689871893616,8.471544040329983e-11,0.007541412823092496,0.15380743373247685,2.183626387115039e-10,0.013239369178317938
proteome,BAP18,9903,0.018148432572968054,0.011099812474961612,0.007033030580246513,7.712484672612299e-26,4.5679352091258245e-15,0.13555515964835882,3.1841232624358404e-25,1.4040036399868334e-14
proteome,BATF,9655,8.947581127191073e-4,2.554328036908915e-4,6.550827086773126e-4,0.1163992797031113,0.09687025006643692,-0.02695391598623636,0.15189066721972963,0.1391409046408821
proteome,BAX,10114,7.620496065104954e-4,2.598440436529792e-5,7.385334026224211e-4,0.6082939429466998,0.05836134287165222,-0.010148979308145917,0.6585345167530383,0.0892675066529772
proteome,BCAM,10349,0.03630823109086134,1.1323188735634648e-4,0.03626280341926469,0.27913832058698074,1.6755130020708702e-82,-0.005596405121274166,0.3334373972520412,1.5209703431842093e-81
proteome,BCAN,10264,0.05704122202513462,0.03576323624120903,0.021612644018617733,3.0813559204286054e-83,2.524016121726866e-48,-0.15382005591742015,3.275201220150114e-82,1.4353500240870874e-47
proteome,BCAT1,9919,0.02970990955621966,0.0013068923517967068,0.028406481762387248,3.174785338349307e-4,1.2288602261072798e-61,0.022737191130619557,5.810831273634955e-4,8.511749859980045e-61
proteome,BCAT2,9605,0.0016956642324371662,0.0014856369159219618,2.0421026632799766e-4,1.5820279736331906e-4,0.5805991295698849,-0.0430987181184768,2.9776353940307894e-4,0.6332430058704379
proteome,BCHE,9725,0.021417295284431925,0.015183162389054594,0.006996461233103601,3.3275520125931102e-34,1.0123303741131467e-14,0.07442704314176035,1.6346948794638088e-33,3.066364438894018e-14
proteome,BCL2,9886,0.015779616301771715,4.256319783778606e-4,0.015358323355624814,0.04027285820099603,6.1143799544580174e-33,-0.022233675339141046,0.05725562476727208,2.720294156298445e-32
proteome,BCL2L1,9903,4.542350489502578e-4,4.042801480363956e-6,4.5259230838667897e-4,0.8414537802940779,0.2139914029171883,0.004183034957362536,0.870028086239685,0.2759139262139133
proteome,BCL2L11,10298,0.024627800198029237,0.007778488995751287,0.016739034892777283,3.099868825729852e-19,1.9612604532440705e-37,0.08719030970331246,1.0585182917766772e-18,9.428888659263846e-37
proteome,BCL2L15,9627,0.010659098374158904,0.0028015199518416356,0.007722154859892361,2.0423031674931952e-7,4.425313938439465e-16,0.056805814679481946,4.5920401219866224e-7,1.3953821620343642e-15
proteome,BCL7A,9580,8.644057706908015e-4,9.917857097940797e-5,7.488412543025236e-4,0.32981290425942533,0.0665770148944975,-0.012741731634657796,0.38623522401854976,0.10010525439126347
proteome,BCL7B,9877,5.339766658990497e-4,1.7626016190153138e-5,5.228866100007723e-4,0.6765839227132651,0.1602056669501964,0.0032566867978888383,0.7212453705655995,0.21480787362175413
proteome,BCR,10298,0.003053093808860763,0.0025709647590775875,5.385318336654787e-4,2.641213498572095e-7,0.13597935589118673,0.1051419109198395,5.870925518118809e-7,0.18704360342114768
proteome,BDNF,9921,0.008748657289506023,0.005518207003322617,0.003230390050708243,1.2894823278736145e-13,5.019505596558922e-7,-0.12771520854897267,3.702511634945555e-13,1.1765849926817744e-6
proteome,BECN1,9666,0.003647843235057513,0.0033826344919869467,3.1898680994246753e-4,1.0570872644102464e-8,0.37909697172945955,0.07297378824342221,2.536835857037069e-8,0.4441284362185211
proteome,BEX3,9580,4.7864832968103066e-4,4.471828650465248e-5,4.4483062446687427e-4,0.5128908254876716,0.2346815653785827,0.006448630470323804,0.5687328842566252,0.2982496589572162
proteome,BGLAP,9921,0.018154093748759204,0.011913064933735562,0.006062252632468956,1.1391424908868684e-27,5.073452389890135e-13,-0.2074921000927563,4.940227746086523e-27,1.4653855074751842e-12
proteome,BGN,10108,0.018497047406840772,0.01641369269505144,0.0016701140255463987,3.0323275642915266e-38,7.451954973764052e-4,-0.33843695181970435,1.617425815770827e-37,0.0014502040205267859
proteome,BHLHE40,9605,3.3732879026571183e-4,1.2498885869072218e-5,3.2646262962909844e-4,0.7290520550887681,0.37131734523303567,0.005155209675816171,0.7701550983102528,0.43658913922613163
proteome,BHMT2,9611,6.339499933518677e-4,1.0446994955126687e-4,5.190095373007741e-4,0.3164558011011169,0.17273981432168609,0.005389448861768175,0.37283365845165845,0.22878046092536858
proteome,BID,10298,7.76629154766284e-4,8.794451377247547e-6,7.698779873862582e-4,0.7635205570860085,0.04752785765210885,0.004320712324927207,0.8007803952554481,0.07385642100856682
proteome,BIN2,10349,0.001057254519798434,4.132798937143134e-4,6.225312844884145e-4,0.03866230659354362,0.09198704606057849,-0.0418836594931414,0.05509991329738079,0.1331739156191535
proteome,BIRC2,10125,5.554044990269125e-4,1.1913124818430099e-4,4.549614630672272e-4,0.2722012117332293,0.20307203748686636,0.015483097926008906,0.32595007861377684,0.26350275769526865
proteome,BLMH,10431,0.01845998805028426,0.018054657239929384,4.946388871494012e-4,3.2622052144304493e-43,0.16054335612813092,0.09820973745464923,1.8957109029384102e-42,0.21516195780033318
proteome,BLNK,9627,0.0017893848316695715,0.0016324560975826685,1.1818742974190055e-4,7.346249547413322e-5,0.768071987244185,0.03021498859722779,1.4248896766482508e-4,0.797539757980374
proteome,BLOC1S2,9605,2.6529118547735653e-4,3.066062451884122e-5,2.281925624364467e-4,0.5874582850257171,0.5337207609033563,-0.007792840142250168,0.6383422182640042,0.5902632554371965
proteome,BLOC1S3,9903,9.739164327037253e-4,5.63132090805718e-4,4.40859280568473e-4,0.018216898392398914,0.2246707915722644,0.020312174315447257,0.027433278722814026,0.2875274622441895
proteome,BLVRB,10349,0.0328538834926847,0.032697648833097004,3.8123807647338914e-5,9.204851637052073e-77,0.9414011482673083,0.26248109857302215,8.968593778367738e-76,0.9508346773964553
proteome,BMP10,9676,0.0897279012174016,0.07455128429166669,0.016893388978584167,5.878041107833578e-165,1.7038796485322e-35,-0.16940354820693612,1.3856059804998023e-163,7.955974780606423e-35
proteome,BMP4,10245,0.019774988990738374,0.01390470746299488,0.0056835705658889735,4.863352769748937e-33,1.3112956982158338e-12,0.12262448890997225,2.3535728718503547e-32,3.7394315374486656e-12
proteome,BMP6,10133,0.013070663241009361,0.004530035015544387,0.008340144520857296,1.1933477053891859e-11,2.8262367550476607e-18,0.06261688968838482,3.179722281542926e-11,9.43046807648894e-18
proteome,BMPER,9676,0.013205642718047694,0.004404655138574132,0.008799681310326823,6.416218980645876e-11,2.0442027575564952e-18,0.030679011886286096,1.6596998301263626e-10,6.844449782746432e-18
proteome,BNIP2,9919,2.6042273418380724e-4,8.179596074275874e-5,1.674149078781939e-4,0.3678491531250927,0.6458688278437297,-0.006064092326455821,0.42549389575965413,0.6880009416134191
proteome,BNIP3L,9627,0.009651231607332056,0.006066908211382116,0.0035152403515783526,1.981343227485732e-14,2.095094161038799e-7,0.06986589219292501,5.849965913071509e-14,4.999151210380743e-7
proteome,BOC,10146,0.02794120003586731,0.016351998258124945,0.01208135621850015,3.0432315517543474e-38,1.5250379935936757e-26,0.06831525543076751,1.6202852141672052e-37,5.999577463357085e-26
proteome,BOLA1,9605,0.01214517401549986,0.005858005536306554,0.006272513728048268,5.915199422036886e-14,4.807046959002479e-13,0.08599402076099158,1.7187005875361647e-13,1.3911879466499253e-12
proteome,BOLA2_BOLA2B,9666,0.019950236519006626,0.019181785542232155,7.242040532063898e-4,1.3616396628598646e-42,0.07191587122931598,0.15850139926675708,7.819396335047906e-42,0.10705996026992984
proteome,BPIFA2,9371,0.012709712232504278,0.006032125307866565,0.006611937819679503,5.167651680515469e-14,2.0544778171474843e-13,-0.18107592561391936,1.5074896070006702e-13,6.029356083857527e-13
proteome,BPIFB1,10301,0.05957263387149947,0.05534592473876909,0.004302774100345297,1.6893618301771563e-129,1.2415253196683885e-9,-0.3566943086579286,2.9047086056516633e-128,3.228628567073576e-9
proteome,BPIFB2,9881,0.039244360959928004,0.03383318240325961,0.006265287313739543,6.700055066429784e-76,2.1187590031031224e-13,-0.27552652317144183,6.442191104991532e-75,6.205543653377181e-13
proteome,BRAP,9825,6.340559721517147e-4,5.657856916918558e-5,5.891296514241029e-4,0.4560429902510993,0.12243229385264046,0.017341144920158945,0.5130758794939216,0.1709023853539962
proteome,BRD1,9746,2.8904404334717526e-4,7.542647315061934e-6,2.8270439184197027e-4,0.7863506885185663,0.4310692564076948,-0.001643171513934857,0.8198949341327904,0.49219352987487963
proteome,BRD2,9605,7.55762790681902e-4,1.7699977018503787e-6,7.520472508178999e-4,0.8962895672058745,0.06512699897231096,8.469938487609662e-4,0.9173159681172167,0.09822818266050821
proteome,BRD3,9611,1.271781075310452e-4,6.640079977993096e-5,5.600447505804684e-5,0.4244962053938043,0.9104621570774339,0.008140461289074153,0.4828024935276614,0.9256629165695093
proteome,BRDT,9611,5.783911742690551e-4,1.7567729314182934e-4,3.8689025771687646e-4,0.19391546710285393,0.2936435387959122,-0.010181157147420539,0.2408903146373319,0.35928006023459663
proteome,BRK1,10131,0.021897612812693534,0.0011827962822114069,0.020924482368100406,5.367390210602763e-4,3.710101820233568e-46,-0.03387194462447362,9.672553381992525e-4,2.03846383844788e-45
proteome,BRME1,9605,8.47177991497583e-4,1.2406694021582787e-5,8.421086685328483e-4,0.7300139781986452,0.04422619721517983,-0.0028066791693131077,0.7706142500088986,0.06916702753342463
proteome,BRSK2,9908,0.0026227032752274004,0.0019904017274140484,6.23263279937003e-4,8.92091102021129e-6,0.10342624409508486,-0.03592555472426355,1.8337428208212094e-5,0.14739878668451148
proteome,BSG,10415,0.051119830520522935,0.018804319205276365,0.033013214916324696,6.949734761558912e-45,1.9282479042479436e-75,0.06424032885206515,4.120501969175801e-44,1.6242849060855157e-74
proteome,BSND,9580,3.813523699920385e-4,3.286972144876943e-4,5.107057794995207e-5,0.07603738195635665,0.92129285422487,-0.012718847116000407,0.10251718978709892,0.9343993799095401
proteome,BST1,10430,0.009887821023360943,0.009231746717372702,5.95312938184489e-4,8.135193150908506e-23,0.10190499960962283,-0.10184628720888042,3.112456751322717e-22,0.14565687719262962
proteome,BST2,10430,0.00682429469396495,0.003501018610230333,0.003384473452741177,1.4800773897330604e-9,1.0301672859062573e-7,0.06927226431267554,3.6787977977803877e-9,2.4885776666975124e-7
proteome,BTC,10125,0.0020367965564431767,2.1212881642029835e-4,0.0018457791817777514,0.14286131159573384,3.1573774898993037e-4,-0.024271739477241885,0.1826699972853587,6.312595350872548e-4
proteome,BTD,9911,0.013082937228294012,0.0067436868244241666,0.007010302959113757,2.6797059185672484e-16,4.96798735099065e-15,0.035690397475143215,8.323889904327382e-16,1.525359981822024e-14
proteome,BTLA,9580,6.713544241671032e-4,8.640598440090574e-5,5.635850683342047e-4,0.3630457709067688,0.14486012545243274,-0.016845764452666934,0.4206035625685633,0.19786268537264529
proteome,BTN1A1,9857,5.911439047477929e-4,1.6718999581444294e-6,5.910933915908023e-4,0.8978812043310169,0.12041724236590817,-0.0011062824891803435,0.9183018755281884,0.16841129159595675
proteome,BTN2A1,10351,0.06128624188968146,1.198871031143911e-4,0.061068085558021346,0.2654004550005972,5.484202702702793e-141,0.006168772546580742,0.3187204313749983,9.16018542857158e-140
proteome,BTN3A2,10298,0.029720794068091694,1.0520074908482169e-4,0.02955502154833356,0.29806406225553606,1.2324289856821864e-66,0.00842214997081916,0.35373173121109697,9.260642481102907e-66
proteome,BTNL10,9580,4.4221207295291887e-4,1.8398378579165264e-4,2.5401898473398354e-4,0.18441076687286806,0.4875824999221625,-0.011069575523747877,0.2304543273062819,0.5460550372691498
proteome,C19ORF12,10131,0.024115522950234447,0.023830136025384863,4.023775076853475e-4,4.742294570700578e-55,0.2534264971822006,0.22362100726678563,3.340175187989829e-54,0.3173079447882522
proteome,C1GALT1C1,9611,0.00292356806948868,0.0020132892621707033,8.443485266694806e-4,1.0835616864760848e-5,0.04370051536102143,-0.029413369273145876,2.208682572921615e-5,0.06845477299049606
proteome,C1QA,10398,0.02041120732716939,0.007329669571034092,0.013896130267827322,2.2538800596396033e-18,2.534209609012363e-31,-0.043596414243042066,7.46949139946322e-18,1.0893374539916378e-30
proteome,C1QBP,9908,0.0012376760044651158,2.2428325193724064e-6,0.0012327740769881856,0.881530667414699,0.006677740937902871,0.002161138636226511,0.9050629226741007,0.011829719249387935
proteome,C1QL2,9627,0.07461509534950506,0.05905850080930308,0.016793607194678484,2.156345271961836e-129,4.191969471355752e-35,-0.21823840333358657,3.6859632923651736e-128,1.9387858805020356e-34
proteome,C1QTNF1,10345,0.024489955577509992,0.003489393215027836,0.021107935098527597,1.8348067182358025e-9,1.4871227360174354e-47,0.057146524435842866,4.529679085644637e-9,8.343300877886686e-47
proteome,C1QTNF5,9676,2.2128129766396665e-4,1.248301720336853e-4,1.030161244451877e-4,0.27187832396777817,0.8021298821112249,0.008749093417096034,0.32583039809668535,0.8284896273537493
proteome,C1QTNF6,9908,0.0010603302550831195,5.688586214662728e-4,4.4871407224633675e-4,0.017608103726376535,0.21726378521454626,0.015645241783526855,0.026571237579865056,0.2791481512888434
proteome,C1QTNF9,9672,0.005990913862054081,0.0023394134082652673,0.0036897665577825256,1.9533040189189816e-6,8.512009118254412e-8,0.04926324794211428,4.1493514878635055e-6,2.0699336649465598e-7
proteome,C1R,9911,0.005788227165485438,0.0019719173365299048,0.0036880402495930165,9.789249045312971e-6,5.5827482515448787e-8,-0.018178360148673897,2.0009772698915958e-5,1.3666979178614473e-7
proteome,C1RL,9895,0.029758175595493097,0.028593324699982103,0.0011399018799936877,2.3609005542427116e-64,0.010301272879010817,-0.07095201076985029,1.9222596991786758e-63,0.017722554811859106
proteome,C1S,9911,0.01181430874923639,0.0011298709116172034,0.010587462309332718,8.187389859599367e-4,1.0487367577740862e-22,-0.014760297467033744,0.0014495300157243457,3.817506280166443e-22
proteome,C2,10312,0.014128869602923588,0.008461721085577079,0.005713204053464649,8.086521576824595e-21,9.34402538330776e-13,-0.051773140315837955,2.9037963844051955e-20,2.669852023011592e-12
proteome,C2CD2L,10123,0.0017114289710966624,8.432125818913505e-6,0.001698703699660964,0.7702232769889876,6.419626690887958e-4,0.002702522360119361,0.806361976589832,0.0012559952354394578
proteome,C2ORF69,9655,2.6006265077882507e-4,8.146648294860004e-5,1.8994422169593683e-4,0.3752689968235996,0.607730374468203,0.011106243866089256,0.43287737873535187,0.6547717967455058
proteome,C3,9411,0.002051345555045825,6.324998631368484e-5,0.0019811455003678757,0.4405241876961459,3.2231500989850703e-4,0.007946191497435348,0.4967793983934546,6.439690867623623e-4
proteome,C4BPB,10379,0.06330693063090653,0.04406004469258196,0.02132188327954032,1.1604492134050407e-103,3.3520539262935903e-48,-0.19083316409481133,1.577671186410667e-102,1.8951747826994516e-47
proteome,C5,9911,0.007959558082895168,0.0013698611266111937,0.006605168493044156,2.2879563204741872e-4,3.639684773732559e-14,-0.0120816120466179,4.256967743313844e-4,1.0833807121812901e-13
proteome,C7,9664,0.04426547922391866,0.0047432082003721066,0.04000785678844687,1.2310204386368467e-11,3.616940965517256e-85,-0.04541985766551884,3.277115429995904e-11,3.4104253039377224e-84
proteome,C7ORF50,9903,0.002056951938652518,0.0019288268549542131,1.7751724137893277e-4,1.2346138578244044e-5,0.6242684337484858,0.01647470126930752,2.5095801852717203e-5,0.669628121778651
proteome,C8B,9911,0.030280428957543903,0.0232744086010529,0.006805931975933821,1.1541018470138069e-52,1.3570890411161189e-14,-0.09814986070657036,7.701917120596707e-52,4.089454914621047e-14
proteome,C9,9904,0.030487827687742164,0.02420043289960172,0.006981078990280443,1.124255534856016e-54,5.876290939826765e-15,-0.17130748570357035,7.824283162819369e-54,1.8004610500119114e-14
proteome,C9ORF40,9886,0.008826366018717557,0.008261980774122324,4.944079969174675e-4,1.380565293900089e-19,0.18028396933094476,0.15221500128195214,4.753112313392179e-19,0.23780236568337165
proteome,CA1,10051,0.04620376256094927,0.04596907836062525,1.1396201050650756e-4,8.147027822673281e-105,0.7662272023956391,0.29178350806354847,1.1232906757393397e-103,0.7961898729479037
proteome,CA11,10125,0.0028585657672260956,0.002762610804401544,1.4718582555584003e-4,1.216338547689715e-7,0.6846487238333397,-0.03895694039061832,2.773289840013289e-7,0.7235098408405105
proteome,CA12,10318,0.01645557810006626,0.0064237948681996615,0.010706299109766504,3.5723384111673436e-16,6.636560277959305e-24,-0.05720756608418875,1.1049677434753592e-15,2.4870084221121858e-23
proteome,CA13,10252,3.038722633086355e-4,5.418210678653779e-5,2.4400757116804783e-4,0.4562039722219303,0.47515145637493605,-0.017086284425390126,0.5130758794939216,0.5352091356392825
proteome,CA14,10438,0.08497455367186102,0.0624938690333815,0.02712043242172013,1.9822716926137236e-148,6.910557122851596e-62,0.21633605800300548,4.051874236020919e-147,4.809418683356004e-61
proteome,CA2,10313,0.04582541581592536,0.045188179104671766,3.642119617582873e-4,1.1566953140721007e-105,0.2891446928492969,0.33442709209204136,1.6100097157298812e-104,0.3551134189909642
proteome,CA3,10410,0.051332261672381585,0.03487377852269247,0.016965638156634877,2.628879205072052e-82,2.3250440177681226e-38,0.25396496166763793,2.7641057253329523e-81,1.1345749021596364e-37
proteome,CA4,10431,0.012062752638105079,0.00939350690092522,0.0028232111887076528,3.4274541115488396e-23,1.777064482403995e-6,0.05267517625259696,1.3322404744756992e-22,4.0486044287349e-6
proteome,CA5A,10146,0.06276642519327313,0.06126592498184624,0.001290910575296511,1.913333906498401e-141,0.004424796766635716,0.5361100333080513,3.6316071485031336e-140,0.007964089254234112
proteome,CA6,10329,0.11961482029411508,0.10020341773754149,0.02583225055209637,4.867058251134797e-239,2.77946049371611e-58,0.4840828890041903,2.0921193041275017e-237,1.8380911817041153e-57
proteome,CA7,9746,1.7858141209692313e-4,4.041143040312001e-6,1.76622415131944e-4,0.842731578461865,0.6323373067055822,-0.0013740787590541905,0.8707332639957692,0.6753094437341676
proteome,CA8,9627,0.0019016739288812978,2.806855120374152e-5,0.001876695795419936,0.6032879343180082,4.2436283079679135e-4,0.0027408954189845104,0.6546946268415166,8.392507134093513e-4
proteome,CA9,10438,0.03380984951402466,0.005341242430870197,0.029091111209204046,7.735189970770037e-14,1.8237461399213725e-66,-0.07440261912106551,2.2386099291644374e-13,1.3633785081816295e-65
proteome,CABP2,9655,0.0015791465755045087,1.0859118070305485e-6,0.0015786355963062215,0.9184672797728581,0.001617544385305661,0.0012744299319752544,0.9343860533732047,0.0030582679419459556
proteome,CACNA1C,9605,3.170278031544571e-4,2.2327066353111658e-4,8.891732277449549e-5,0.14317248348428338,0.8365869000693024,-0.010083167220029709,0.18298783088087467,0.8589193919573482
proteome,CACNA1H,9611,3.4966175155715096e-4,5.6863377866811504e-5,2.993193372788916e-4,0.459867679381049,0.4111667221856774,-0.00899484146242351,0.5167986262325284,0.47447308683329453
proteome,CACNB1,9605,0.0015516562772434073,8.664793774347812e-4,6.421128821794131e-4,0.0039181260755585465,0.10378088227951214,-0.033699967967646426,0.006434091302729006,0.14783212422174172
proteome,CACNB3,9908,8.633213018308661e-4,1.4125876568349405e-5,8.553919023033263e-4,0.7083978701324872,0.03715019928555527,0.0066457818127032605,0.7513468790445479,0.05882450298574109
proteome,CACYBP,9659,7.258746250538017e-4,2.648799255473566e-4,4.5787756866677576e-4,0.10978197375507463,0.21939170170390912,-0.034576913887086065,0.14402724833307143,0.28138742609939726
proteome,CADPS,9655,3.226317859781336e-4,9.520062553458608e-5,2.2588387917477082e-4,0.3378212299877972,0.5358710339359625,-0.008492560145634688,0.3945071734935402,0.5921932068789483
proteome,CALB1,10318,0.056496988770576406,0.006977194093354955,0.0507838293057693,1.940125842649689e-17,3.512328822378048e-116,-0.08329386681090899,6.238710492920837e-17,4.425231529228894e-115
proteome,CALB2,10131,0.048185039887786996,0.042009215061687644,0.00696456352187913,1.6557216490028438e-96,2.915009493188668e-15,-0.14966993824836378,2.1042062521892663e-95,9.035602066373783e-15
proteome,CALCA,10256,0.3455110795322539,0.3362064173203727,0.016377631502227263,0,1.815300188354225e-36,0.9684992649772828,0,8.613835147012013e-36
proteome,CALCB,9903,0.011567526016432517,7.839160644366183e-4,0.010846066308494495,0.005336121721351189,3.0358753194135045e-23,-0.022706079324724977,0.00865085068857988,1.1204373180108175e-22
proteome,CALCOCO1,10386,0.0015856322716181204,4.6699217090584444e-4,0.0011386224064028339,0.02766626289826744,0.007998630712436117,0.05202079702918649,0.040253104256662876,0.013983252136633234
proteome,CALCOCO2,9666,8.916584944103079e-4,6.3091758590871905e-6,8.840872454561888e-4,0.8050007010448639,0.035987599840100554,-0.003994001153346027,0.8364795766633975,0.05713837823607492
proteome,CALY,9611,0.0016669203423688161,7.380206094744768e-4,9.806645098546785e-4,0.0077442867311864425,0.024138631875789265,-0.021023441967537585,0.012309162651037505,0.0393734492036451
proteome,CAMKK1,10125,5.05871875131958e-4,1.5198701700724904e-4,3.4389294056391684e-4,0.214893456610001,0.3232390310611869,0.011928940623815986,0.26381082472533934,0.3881790007361748
proteome,CAMLG,9655,0.003389008784556613,0.002571983180949977,7.963727442955593e-4,6.195866178466575e-7,0.05290887009425398,-0.05714822307624621,1.3565930216972134e-6,0.0813658274555058
proteome,CAMSAP1,9908,0.0014577702586857644,3.731729055389543e-5,0.0014162543194877752,0.5432543694479898,0.002856804162491275,-0.014111431509389226,0.5974162986818939,0.005268415499660566
proteome,CANT1,10283,0.012856036382774771,5.097905010650328e-4,0.012278183305246326,0.022064294836307,2.417136208362452e-27,0.010262061294180612,0.03265515635773436,9.612638281691765e-27
proteome,CAPG,10152,0.039027222352965185,0.002340893321987947,0.036518754382476315,1.0801465908023203e-6,1.6456245426147035e-81,0.06201902531123134,2.3387173962334683e-6,1.4709971064412167e-80
proteome,CAPN3,9877,0.006690325817569898,0.006477406955866183,1.9745647833624425e-4,1.1531488241684564e-15,0.5829369024228593,0.06228387666903586,3.5294806419313072e-15,0.634845218249634
proteome,CAPS,9903,0.029845728554098394,0.0010014116352372593,0.0290242540703185,0.0016380912139967922,6.712260586781091e-63,-0.06241097958876387,0.002816553305007426,4.750590240959112e-62
proteome,CARHSP1,10131,0.029324583878026278,0.02876944481788013,2.475524115779226e-4,3.029011881338137e-66,0.4740003352592812,0.1923362739018148,2.558902233858779e-65,0.5343243270200073
proteome,CASC3,9655,0.00238592828532036,0.00217527053325961,2.6647115224043283e-4,4.561451505612215e-6,0.46243316508432564,0.04007559152290833,9.544110773732644e-6,0.5231006739711626
proteome,CASP1,10131,0.010691270253247454,0.0028676216757581585,0.007674099767532971,6.95286074971668e-8,8.194150684627339e-17,0.0771214790173176,1.6078490483719822e-7,2.65832435640019e-16
proteome,CASP10,10131,0.0028455018006847688,0.002683661992503361,1.3225605915778704e-4,1.8251720022975912e-7,0.7198039252199332,0.08148137033445958,4.106988269989114e-7,0.7543875487335477
proteome,CASP2,10298,0.0016145602550926563,9.221901875138272e-4,7.466112203032838e-4,0.0020591787643100233,0.052917016076947154,0.046326461712922644,0.0034973733457746648,0.0813658274555058
proteome,CASP3,10431,6.278596731486008e-4,1.4651310958091468e-4,4.985357720168615e-4,0.21647535534834977,0.15777315243274243,0.02401652730037205,0.2656412525958129,0.21203260899352003
proteome,CASP4,9746,0.001238651960462911,8.242974991767849e-5,0.0011616915039205367,0.37021578695948154,0.010100652306471664,-0.03140071567225276,0.4277236147361915,0.017434294294190387
proteome,CASP7,9903,3.3484752329382417e-4,1.8628884898708176e-4,1.623472336033105e-4,0.17448685954064638,0.6577754575709733,0.02395213969345741,0.21908294262771022,0.6985941587584665
proteome,CASP8,10409,0.015191130227671934,0.00900335381774442,0.006274913492639644,3.014074262581466e-22,3.934520336720291e-14,0.12828944747167445,1.1295050089135416e-21,1.1699494348151993e-13
proteome,CASP9,9627,9.030770139543121e-4,5.106470882064729e-4,4.12596275392918e-4,0.026633005277002773,0.2646097432810286,0.028375304437299607,0.0389046848699046,0.3282912901572354
proteome,CASQ2,9611,8.959896889261243e-4,6.128460977509187e-4,3.010685008164593e-4,0.015240095547927662,0.40847427984592555,-0.025326775050107928,0.023249895243524298,0.47248528689736463
proteome,CAT,9823,0.04975127248408273,0.049666123569475196,3.564932237476448e-5,8.940543701152419e-111,0.9503603498056936,0.2535902591596731,1.3132265948979156e-109,0.958228113998635
proteome,CBLIF,10253,0.029082274688081,7.80036714850274e-4,0.028282613255459776,0.004686667983561232,1.9468123280850538e-63,0.04647089318671948,0.007636081669982989,1.3879347402421005e-62
proteome,CBLN1,9605,0.0018306311481793847,7.319184428605796e-4,0.0010944413553182208,0.008021698322826232,0.014673386884257811,-0.05345623291944671,0.012722422245046704,0.024835153365770458
proteome,CBLN4,10438,0.0022380957207716046,6.261794826984968e-4,0.0015924215059485158,0.010579222746499995,8.428911258915232e-4,-0.01754418108846794,0.016518732953001863,0.0016327175354413006
proteome,CBS,9666,0.021552770844132096,0.018716327322613635,0.003457862619529517,1.363534360068185e-41,2.5681796554039577e-7,0.14576263189270489,7.739050358212243e-41,6.093172997358578e-7
proteome,CBX2,9611,0.0019426800558374202,0.0015260348669858814,4.2864233833195264e-4,1.2810084580406e-4,0.24893532609920696,-0.030886197432966073,2.4251215821584677e-4,0.3128967709966409
proteome,CC2D1A,10264,0.006204642246262382,0.004913126307839133,0.0013472144410824338,1.1762476928102065e-12,0.0031443572647621956,0.11816104341921649,3.2405014194950365e-12,0.005776842416656127
proteome,CCAR2,9903,8.657519867198982e-4,4.7071277060872774e-4,4.2284647991142066e-4,0.030873613975320957,0.24202391167950887,0.02398696016317328,0.04456472772832748,0.30638193756570137
proteome,CCDC134,9877,0.0010385065178805108,8.729415029177234e-4,1.6348609651473112e-4,0.0033230836601846887,0.656186029656227,-0.02962880026705424,0.005525240920773518,0.6979737134953243
proteome,CCDC28A,9655,8.57940098998311e-5,7.295287235631331e-5,1.2517257454769393e-5,0.40144810072458004,0.9892297159904779,-0.005192267271473996,0.4599893368945306,0.9902460478904681
proteome,CCDC50,9908,5.732778945148898e-4,2.03158654732416e-6,5.693166416846918e-4,0.88720855814253,0.13051020626692073,0.0022595084526978687,0.9096143863383428,0.18045474594049635
proteome,CCDC80,10283,0.18662532127669307,0.002003711295165078,0.18465720715075218,5.618956373058925e-6,0,0.035613378795957,1.1664921504581845e-5,0
proteome,CCER2,9666,0.028564026803636344,0.028181650561642457,7.811137036805027e-4,5.160591660670422e-62,0.05629563292139916,-0.21425927266313283,4.0879158331001746e-61,0.0861529502770941
proteome,CCL11,10432,0.09505143665550053,0.015571905272510955,0.0814920072454709,1.8149603147403331e-37,7.942988914000813e-192,0.10728943234130565,9.524468581662467e-37,2.1300327151948968e-190
proteome,CCL13,10394,0.02831287179145836,2.107633644071738e-4,0.0280702965979035,0.13893222624586513,8.036660916256256e-64,0.02240543413377766,0.17833264114564207,5.785999965078088e-63
proteome,CCL14,10254,0.027892425422831768,0.008528547478274806,0.020254244177978054,7.316701340355149e-21,3.335622794575285e-45,-0.08386048588993683,2.6338322682091254e-20,1.8055602645451032e-44
proteome,CCL15,10431,0.029624137255494176,0.003122786197443661,0.02634845246972961,1.127759451838686e-8,4.6847761253272343e-60,0.0563591171578933,2.699787778644127e-8,3.184558282402676e-59
proteome,CCL16,10431,0.08846227508414672,0.05955733307063227,0.031992620451346654,3.06305718487856e-141,3.550641004930754e-73,0.3065769928982318,5.776333000903246e-140,2.9235277908204486e-72
proteome,CCL17,10300,0.01615765597027674,6.377608097540843e-4,0.015466281007772364,0.01038563877610502,1.4458547281204535e-34,0.05146531053187395,0.016251189583808872,6.624190235573802e-34
proteome,CCL18,10228,0.0509794481879704,0.008229493579006264,0.0428936074957752,3.892871698390986e-20,7.980877904103937e-97,0.14790429585440057,1.3676519199996217e-19,8.72293336958101e-96
proteome,CCL19,10430,0.01183572108825981,0.001423489892889429,0.01052432012702842,1.1642398010434446e-4,9.444538599934221e-24,-0.10325112130611724,2.2169856276547158e-4,3.530228430640374e-23
proteome,CCL2,10245,0.019707711781981607,0.0035272531624714887,0.016234866129183123,1.7980069465690258e-9,4.1590737353952346e-36,0.0703813692333967,4.453876529509544e-9,1.9608020207355277e-35
proteome,CCL20,10432,0.013711070255203461,1.6708280784616392e-4,0.013588664477500512,0.1868559557928619,1.005305091487741e-30,-0.02593886913538036,0.2331113780548593,4.271085439562016e-30
proteome,CCL21,10351,0.013730810647482827,0.00340237399145793,0.010177940555508913,2.88604002897796e-9,8.594852034055197e-23,0.05352671624323485,7.094949541381478e-9,3.132512779992935e-22
proteome,CCL22,10199,0.02071437421301614,0.01191110361907144,0.009051080214689033,2.145978509760475e-28,5.786301492647954e-20,-0.13168358475792719,9.39026225154172e-28,1.98980697211882e-19
proteome,CCL23,10351,0.042037812485374415,0.005555223600817727,0.03642110680490285,3.1607493811444365e-14,6.918812614228162e-83,0.07136292196039981,9.275974338438944e-14,6.319902897309037e-82
proteome,CCL24,10343,0.026056016075917454,0.013377975912689632,0.012954455113799113,3.926335480984646e-32,4.9832615452215797e-29,0.21787912738275883,1.8600775706512352e-31,2.0400663160619994e-28
proteome,CCL25,10432,0.06038411006175437,3.540530070040848e-4,0.059969019340413876,0.054667880061450964,1.8938820220869296e-139,0.020780744129093035,0.07587569488111166,3.092635279642511e-138
proteome,CCL26,10298,0.023340969939133704,0.02303707631461771,2.201958818229821e-4,4.1708490765470635e-54,0.5189040257315637,0.3068774389648337,2.875328266685629e-53,0.5749645440535863
proteome,CCL27,10283,0.10912840026061066,0.0033434298467087675,0.10609541323519411,4.442106015951778e-9,1.2777046926175527e-249,0.07766623263317234,1.08928488964992e-8,5.574225099285233e-248
proteome,CCL28,10254,0.02445225099227777,0.006536227065104483,0.018590468557769357,2.4451866190813203e-16,1.909386004014307e-41,-0.10789970650745305,7.603489880398617e-16,9.825942411503204e-41
proteome,CCL3,10298,0.04434077321360452,0.0027238830053599727,0.04157763780994428,1.1677500006051209e-7,2.0018174597975382e-94,0.07174598022794851,2.66666660294435e-7,2.0972446003541947e-93
proteome,CCL4,10310,0.019264148410116366,0.0025231033433232852,0.01667921838320008,3.3577487266195623e-7,2.4218977621577214e-37,0.07328605777615507,7.441015563236528e-7,1.1586263762335548e-36
proteome,CCL5,10345,0.006914265798227404,0.0041676746058256775,0.002863876208270222,4.9884606018709995e-11,1.62989922415482e-6,-0.14757262617367622,1.2984212234433596e-10,3.7249377890574973e-6
proteome,CCL7,10298,0.032208505800501386,5.914783946263658e-4,0.03174913589135331,0.013598044464535209,1.114505091473925e-71,-0.033372742215881344,0.020875569311888876,8.94972083070957e-71
proteome,CCL8,10420,0.0147101579225144,1.479521396036132e-4,0.014599164401866815,0.2144747359667435,5.4333212235796984e-33,-0.0166768230894566,0.26340741732386186,2.424671440690604e-32
proteome,CCN1,10300,0.04922168597514476,2.624605780984224e-4,0.04903158933046947,0.10020642126984845,7.316287111626936e-112,-0.02733803855437841,0.1323557927572377,8.836986457556007e-111
proteome,CCN2,10318,0.009556628622365615,5.076213676158403e-5,0.009529836786551504,0.4693534121695444,2.8753085431739787e-21,-0.009179553723164239,0.5266487615245982,1.0236938942384337e-20
proteome,CCN3,10425,0.14112405074516643,2.1632849611319394e-5,0.14103681506755317,0.6349513970930807,0,0.003457398668622125,0.6838478016592022,0
proteome,CCN4,10438,0.026004295146912715,0.008600307545925556,0.018244690614981574,2.251937131803603e-21,2.1328744044483294e-41,-0.08355136391653868,8.290191733327369e-21,1.0956751993325951e-40
proteome,CCN5,10349,0.185224467702509,0.09244930985406707,0.1066121216660667,3.3072922814031945e-220,1.5949162962473851e-252,0.28621686889129894,1.1934833751285848e-218,7.284281771767355e-251
proteome,CCND2,9746,0.0044574543499488195,0.0013180608790696047,0.0031131488803448626,3.380134097181893e-4,1.1513371928331233e-6,-0.027752228674994054,6.167373262211406e-4,2.650285598555073e-6
proteome,CCNE1,9627,1.7884543097845818e-4,1.3372799756439235e-8,1.7884405745338672e-4,0.9909496929555737,0.6322572563745846,2.0723883426505742e-4,0.9926476876316457,0.6753094437341676
proteome,CCS,10264,0.028570524376139272,0.02831728137684486,5.069310619897349e-4,4.7394196157323115e-66,0.15757735747256685,0.17541860289589856,3.980840096777457e-65,0.21186688863491854
proteome,CCT5,10125,0.0015471583286956747,0.001174452163814288,3.9177183848781993e-4,5.637999472121281e-4,0.26519139911444123,0.035765984850662215,0.0010135222913290592,0.32873386751972505
proteome,CD101,9886,0.0023925863630174238,8.897749268623745e-4,0.0015599064665782203,0.003020018295452041,0.001486350848813329,0.02659334550528075,0.005044293415775038,0.0028211711240788057
proteome,CD109,10349,0.017749932888904252,0.004537064069821017,0.013405785951395521,6.969804561696188e-12,4.5779693691322335e-30,-0.05088099205624176,1.8742169948332987e-11,1.9171066570162634e-29
proteome,CD14,10028,0.05544367963106256,0.03209039864609842,0.025284649144165394,4.5502549135504356e-73,2.326400052012032e-55,-0.17097046045351708,4.2223476547009284e-72,1.471876050223197e-54
proteome,CD160,10432,0.0137047396100769,0.0023027265315485046,0.01176656928719777,9.449897969156537e-7,1.4127047210006106e-26,-0.04990619061188659,2.0567424991693636e-6,5.57265303574195e-26
proteome,CD163,10345,0.028841060554664955,7.348127338253629e-4,0.028227572885662244,0.0058355706934368114,6.995938495099909e-64,-0.02692643953271597,0.009403182545157552,5.061665401281444e-63
proteome,CD164,10349,0.007566381085223561,0.0017299816390173861,0.005768341420195444,2.3165438138501556e-5,6.349047752013312e-13,0.024220532400796264,4.647397095321898e-5,1.8266010412534363e-12
proteome,CD164L2,9655,0.0011188353859309386,1.2338641021025776e-4,9.895274732943937e-4,0.27519029298580744,0.022762087100830664,-0.008073029011321693,0.3292444656791705,0.03731552473119912
proteome,CD177,10330,0.003453878860974924,0.0018869690793791305,0.0017082529979925987,1.005777465987022e-5,5.18445181301246e-4,-0.124177529129619,2.0544287442907518e-5,0.001020481659894641
proteome,CD1C,10379,0.0507073363323991,0.018876935336092804,0.032070918973980955,6.661326603152798e-45,5.4286390565656276e-73,-0.07535787854800147,3.957532044921876e-44,4.444793266762277e-72
proteome,CD2,9611,0.0033015978534132184,0.0015288922285950912,0.001822839826101097,1.2624637276113435e-4,5.505229440325686e-4,-0.03118384498712997,2.393113797540828e-4,0.0010821644690028232
proteome,CD200,10298,0.05931372693647585,0.035436460775299716,0.026262990968654254,9.516298833078684e-83,4.3108144938139445e-59,-0.1116619465782313,1.0041928335411189e-81,2.883412074466398e-58
proteome,CD200R1,10258,0.007385369781640949,0.0035072051670329563,0.0037861482066103846,1.9521996227393342e-9,1.8269223270947114e-8,-0.046398743342109416,4.811365512029573e-9,4.548631994972608e-8
proteome,CD207,10095,0.008411242308971723,0.0033254951266764587,0.005123209279448648,6.739766636461555e-9,3.257859871559982e-11,0.049600271615899715,1.633527187261785e-8,8.891432684005441e-11
proteome,CD209,10367,0.014119532737639662,0.007905877277722295,0.0063365547521015975,1.2038698076501423e-19,3.26535577415926e-14,-0.07811348609311212,4.1742721800253454e-19,9.739423395783181e-14
proteome,CD22,10432,0.0586695573194127,0.054732059486601314,0.004391291211259585,1.1984879113790038e-129,5.982284263594821e-10,-0.22620153651365008,2.08522628866716e-128,1.5753348560799695e-9
proteome,CD226,9627,0.0018057615833019236,0.0017852607756867478,6.976314566586872e-6,3.3781388591650876e-5,0.9954661974926196,-0.03622988324156483,6.680852425804838e-5,0.9958068772316657
proteome,CD244,10432,0.010012727222816653,0.00849483903441739,0.0017586480362463686,4.049622809939972e-21,3.716794488243206e-4,-0.05595911218230288,1.475941081478122e-20,7.390605638867273e-4
proteome,CD248,9921,0.06772668301002305,5.017960353770334e-5,0.06768109924841448,0.48057052388652066,2.6104281760802016e-150,-0.0059423810470716236,0.5367625683302636,4.860051948205369e-149
proteome,CD27,10379,0.057981186285749886,0.0010311428317322235,0.05662943325406511,0.0010701521942996172,9.212255180212282e-131,0.028293879193777977,0.0018764576268373012,1.3599708026141668e-129
proteome,CD274,10264,0.03917538478812166,0.02369353751873482,0.015262353645894677,1.9478865999590916e-55,5.492333549587557e-34,0.11592089127556279,1.3853217838638503e-54,2.4890063512316945e-33
proteome,CD276,10330,0.06992764100370874,0.006569272154788197,0.06491094098879457,1.5954648610685817e-16,6.985002176588822e-150,-0.06433843991959598,4.987747367811192e-16,1.2816429088220721e-148
proteome,CD28,10125,0.03005613402147378,0.0177610389010604,0.013365934255944678,2.4608008711371216e-41,2.515322419955523e-29,-0.10768870364790331,1.3885947772845186e-40,1.0355334413422525e-28
proteome,CD2AP,10283,0.009152615308411716,0.008662358939262038,5.235183576323132e-4,3.2006275015359285e-21,0.1458445342354814,0.13290817052718754,1.16942927337369e-20,0.1989284057724275
proteome,CD300A,9676,0.030103946755965838,9.699403188057065e-5,0.02996408678691942,0.33278594957272334,1.7657418786521643e-63,0.006006459212016549,0.3894048561253284,1.261922618899823e-62
proteome,CD300C,10430,0.03210231713693068,3.512604360021987e-4,0.03190764849166061,0.055654825074413064,5.694786158997319e-73,-0.014469237731945313,0.07709907757938833,4.641592903184426e-72
proteome,CD300E,10414,0.07801383907041481,0.02078462246987245,0.06076285440728468,1.811892571962429e-49,4.09240946699419e-141,-0.13361901822095876,1.1588975903383327e-48,6.8747775126574825e-140
proteome,CD300LF,10438,0.02518698325087787,0.0022938710886222236,0.022660135671676573,9.844499217685526e-7,1.457248001067573e-51,0.06807396582364575,2.1378507587886175e-6,8.622542322106308e-51
proteome,CD300LG,10349,0.09693210683056941,0.08067361446367005,0.020687271483315395,3.207450688832341e-191,1.3020209466384298e-46,-0.24425204350476842,9.56671261577238e-190,7.207968233000247e-46
proteome,CD302,10318,0.09666589511607115,0.0026696356101746366,0.09398263897015247,1.51711908045865e-7,2.344536371245118e-220,0.03484190054529823,3.432305783421543e-7,8.062446838999388e-219
proteome,CD33,10379,0.005076611387521135,0.0020544999647560402,0.0030853703142889044,3.857713541215697e-6,5.086597842660847e-7,-0.08103007973333773,8.100644167366008e-6,1.191356209462953e-6
proteome,CD34,10422,0.006123160603386135,0.004007227865326479,0.0020565306439581654,9.981140786831698e-11,8.504986737528608e-5,-0.034583166463959064,2.561446402099127e-10,1.7668853044631213e-4
proteome,CD36,9627,0.014275047217753634,0.006413169453239886,0.00794051460391132,3.607954482389882e-15,1.555981667082624e-16,-0.07557929912302411,1.0838695736922533e-14,4.965212241138111e-16
proteome,CD38,10318,0.33467933273656436,0.31844017316666884,0.029472957532043598,0,1.411420367289568e-66,0.4700821989566623,0,1.0578414701506173e-65
proteome,CD3D,9605,7.158979481922678e-4,1.6109474650360944e-4,5.692840941470267e-4,0.21364494540649046,0.14062768786429297,-0.008527980735581857,0.2626089888238737,0.19258892203733155
proteome,CD3E,9746,2.0032402091874069e-4,4.0306651238886104e-8,2.0022122062202108e-4,0.9841915011084856,0.5827123332178263,-1.4336787837959653e-4,0.9875701193752501,0.6348371785298943
proteome,CD3G,9627,0.0013394169975327053,7.903195046700118e-4,5.791090166785695e-4,0.005814002357765005,0.13427372619824335,-0.05208389470800121,0.009373595638029293,0.18487145627765675
proteome,CD4,10277,0.039649130125520515,5.751388028630844e-4,0.03898481801296505,0.015061688013867898,3.212494475342867e-88,0.016128053040093834,0.022989720138138832,3.1405088131863543e-87
proteome,CD40,10302,0.011079478416511024,7.004461755603097e-4,0.010328361834110344,0.007231006265149389,5.074380224697611e-23,0.029343610261759516,0.011543545228307845,1.8633685171848136e-22
proteome,CD40LG,10432,0.0018322932729124553,0.0012750973584646497,5.908522309464592e-4,2.649413791516105e-4,0.10394675225827159,-0.0626032365518859,4.885953635710772e-4,0.1479962770827705
proteome,CD46,10212,0.035674977782211736,3.9488631065709434e-4,0.03541843039270698,0.04466607675014725,1.803306878808884e-79,-0.012419933724368285,0.06304149799163708,1.5687696448685618e-78
proteome,CD48,10343,0.024779985688788808,0.009807739905618229,0.01591083002154725,5.875189407064044e-24,1.0178773027139574e-35,-0.06502242747731368,2.323840140304222e-23,4.7680374292193865e-35
proteome,CD5,10420,0.03228746467060051,0.026178731801525523,0.007235922715143062,4.878769597203974e-62,2.6423194303299303e-16,-0.12227782234866838,3.8751748729965254e-61,8.367821987924579e-16
proteome,CD55,9854,0.0585558648296296,0.014331004401926362,0.04448516348818321,8.972132113381078e-33,7.997763062085908e-97,0.06766730665615761,4.3205176552574774e-32,8.72293336958101e-96
proteome,CD58,10309,0.005928617917071888,0.002907683894888491,0.003043052451454753,4.313868213721641e-8,6.984968405580141e-7,0.02133375883529709,1.0087549430966685e-7,1.6255623128591364e-6
proteome,CD59,9837,0.1426879479565406,0.08100669757121293,0.0705521787207396,1.2426315602759551e-182,1.3100788494475075e-155,0.14443843408953888,3.49251158719867e-181,2.6050071271667105e-154
proteome,CD5L,9848,0.011707090975822232,0.010558697569182707,0.0015088658136928057,1.590665204227503e-24,0.0019368763318847568,-0.10020589276180426,6.334488272420969e-24,0.0036361525485543635
proteome,CD6,10415,0.04075349355961122,0.03955697145312553,7.414911921448386e-4,2.281961126024652e-93,0.052116811922502594,-0.24320099058918054,2.790867100991656e-92,0.08026208706505536
proteome,CD63,10245,0.0076581343963549875,0.006216132713166789,0.0013670996572445748,1.3434790988862318e-15,0.0028924368552056766,0.09114179729303354,4.099153868522396e-15,0.005330764771605418
proteome,CD69,10237,0.00015816658031675424,2.699875618528136e-5,1.3430057242813653e-4,0.5991753174817389,0.7115644703955234,0.010163208829691994,0.6505904357351867,0.7481665276856528
proteome,CD7,9604,0.02482225741067179,0.023703739489983833,0.0016882510359411684,5.230907507486111e-52,0.001022054880574241,-0.13451750846428132,3.4514543215309037e-51,0.001966732334376897
proteome,CD70,10298,0.09483118150247394,0.06807054547603686,0.03238076865063233,8.098593517236548e-160,3.915670210947091e-73,-0.25761988427616583,1.8350533992932115e-158,3.215029220954592e-72
proteome,CD72,9676,0.02165053948548834,0.001960015271070814,0.019866858900294937,1.3258638505040784e-5,8.034309499045572e-42,-0.039484772529108716,2.6913194687662643e-5,4.1418495001252575e-41
proteome,CD74,10430,0.09671874764279698,0.0030807716620921966,0.09367294650561331,1.4161348838552475e-8,5.5588876406239e-222,0.042330229219426266,3.368073446305036e-8,1.9343605444694837e-220
proteome,CD79B,10432,0.0364958591080945,0.001686330078432996,0.03451435750953957,2.7296668598267e-5,4.503426026819286e-79,0.040198331302732315,5.427766143723431e-5,3.8945308510037784e-78
proteome,CD80,9919,0.0660068392988209,0.005437046308692239,0.06150824480224126,1.957286409803506e-13,4.295651550327964e-136,-0.05081591309124882,5.576167812724804e-13,6.71453982973724e-135
proteome,CD82,9746,3.3622145113154644e-4,2.925073331506711e-4,3.7562208695995913e-05,0.09139755690726677,0.9471892273911486,-0.01441594365546137,0.12154461275702491,0.9555213015262854
proteome,CD83,10298,0.052798534321963464,0.017296797572062816,0.037526951176663825,5.97097450916245e-41,5.079313190361118e-85,-0.10147374341053035,3.330755437076687e-40,4.773901111069308e-84
proteome,CD84,10298,0.0017098916335904768,0.001012167446973633,6.917386252250912e-4,0.0012445493403746924,0.06808274777958476,-0.022403681905484696,0.0021705356336009698,0.10194972938510566
proteome,CD86,9886,0.01622870771197893,0.012376503486937529,0.003561559972503181,1.360411630996896e-28,1.0753914016746942e-7,-0.06964391979438088,6.034117143253303e-28,2.595680484801925e-7
proteome,CD8A,10430,0.011849151803935865,0.002284380354351856,0.009590667623002869,1.0464274110013394e-6,1.2314630281031486e-21,-0.053265065431732386,2.2690707139146253e-6,4.416645927785894e-21
proteome,CD93,9990,0.01916217782727203,9.523293120196064e-4,0.01803886319225345,0.002040143876057854,3.655040592078488e-39,0.021090209764606443,0.0034710946156676996,1.8231542065947817e-38
proteome,CD99,10349,0.2688875714748784,0.23000698344286585,0.06016018786653321,0,8.591618602166857e-139,0.23079661206743113,0,1.3723115395701487e-137
proteome,CD99L2,10349,0.018277217871914164,0.008037240742043705,0.010634170716148583,6.47202518934954e-20,8.17415221273035e-24,-0.049261332057014044,2.262886319194821e-19,3.059288977952729e-23
proteome,CDA,9900,0.042919581171298904,0.04040148809157773,0.002641404478051723,9.730010608819614e-91,8.77583467521897e-6,0.1908510354983482,1.1561309353487696e-89,1.941311046469008e-5
proteome,CDAN1,9903,2.390170413210102e-4,2.612975653071281e-5,2.1314657069593235e-4,0.6110679992885859,0.5498810047444977,0.0023358066244736487,0.6608389171519583,0.6037949575011897
proteome,CDC123,9580,5.274437101279172e-4,2.135049907969755e-4,3.104827991815551e-4,0.1527650169474453,0.3957306344268293,-0.018942420644388797,0.1939757361152835,0.46038605903944474
proteome,CDC25A,9580,2.0140193384521332e-4,9.992285422533165e-6,1.9473757796628632e-4,0.7570870295902347,0.6009166828119203,-0.0026389114797138514,0.794999067703197,0.6486260944827338
proteome,CDC26,9864,5.294966526097067e-4,3.274447588453855e-4,1.9383649829496363e-4,0.07236063492847451,0.5910157872055088,-0.026859144844690826,0.09801211116586238,0.6412543229404982
proteome,CDC27,10125,3.787399351501408e-4,2.1893493947100495e-5,3.5776652250207874e-4,0.6378586658325349,0.3053519319384065,-0.006300163051451995,0.6864730781400955,0.37035008176595935
proteome,CDC37,10379,6.462534131593811e-4,2.6675843198820104e-6,6.411431762518571e-4,0.8678817554559942,0.08379509597323545,-0.0031228621818490667,0.8929314928538793,0.12258912188677039
proteome,CDC42BPB,9886,0.001011708889173235,3.6616651349097307e-4,6.517744340194254e-4,0.0571379388801935,0.09195355678364789,0.04210580650323266,0.07900387670142175,0.1331739156191535
proteome,CDCP1,10264,0.20550762783117715,0.008329000862583702,0.1991945966989499,1.9899817008317182e-20,0,0.10742680778788455,7.067699284970976e-20,0
proteome,CDH1,9843,0.026676346283140084,8.979131374182714e-4,0.02566174467165183,0.002951534616611397,3.698438572528979e-55,0.026691783652945233,0.004935546730180271,2.324846440323055e-54
proteome,CDH15,10422,0.23702055983772408,0.2042457618700695,0.04912810927976774,0,2.0220733432126556e-113,0.6675233922356649,0,2.4834119252985684e-112
proteome,CDH17,10283,0.018370568866750592,0.014111449412418153,0.0043185371458700494,1.2573872630713715e-33,1.1908952675654535e-9,-0.18618607798950948,6.125571616596032e-33,3.1024838387645457e-09
proteome,CDH2,10283,0.14252099013497288,0.039023041545456216,0.11056015789197893,5.771079044236076e-91,8.712993935195713e-261,0.1651067104233611,6.885250631143695e-90,4.391048495271908e-259
proteome,CDH22,9746,1.0229409065132256e-4,9.284936571285485e-5,8.972348426228294e-6,0.34159363693206557,0.9933048492556031,-0.005705591577858928,0.3982761072008088,0.9939849621273974
proteome,CDH23,9903,0.0010324184655213786,3.9950123936616233e-4,6.090522047408342e-4,0.04673638431618609,0.11013381111017372,-0.010532984407655864,0.06567810161356344,0.15612081953202608
proteome,CDH3,10430,0.015061096773329674,0.007290664193921215,0.007406213595153255,2.4617240358436505e-18,1.0543908329601697e-16,0.06675538952546445,8.149059294191382e-18,3.405507629549808e-16
proteome,CDH4,9605,5.91704947643712e-4,3.900028476722106e-4,2.1881409294599585e-4,0.05297959222020807,0.5517196734490046,-0.018785700883284535,0.0737425466950801,0.6053590861454357
proteome,CDH5,10431,0.004616747508354835,0.0014765622046198912,0.003006776120081711,8.674577586352253e-5,7.010641557101038e-7,0.025934483058718705,1.664858193362287e-4,1.6302390828485548e-6
proteome,CDH6,10283,0.035223994182165486,0.009640379650997843,0.02638801406843816,1.9034059259140277e-23,2.725087061691135e-59,-0.08352827544789389,7.467993988519064e-23,1.8269333672759604e-58
proteome,CDHR1,10131,0.002087691908867595,3.5396271489129827e-4,0.0017467541055649072,0.058314508658238756,5.062128480854648e-4,0.01793661933191275,0.08044044776216701,9.970755761144296e-4
proteome,CDHR2,10318,0.270112141106977,0.2363027934026779,0.055783181090169554,0,5.495573947011221e-128,0.9729201890752901,0,7.95225873619495e-127
proteome,CDHR5,10283,0.0033630037311261907,0.001601068429435415,0.0016220212720801097,4.947378863128689e-5,8.2019148483322e-4,-0.03665383658067925,9.692485534132142e-5,0.0015908558129844074
proteome,CDK1,9580,0.003453192107609193,0.0032826385977051675,1.4109191598588033e-4,2.013678652406426e-8,0.7170311567584691,0.04238752535576133,4.769840114249581e-8,0.7525608873267523
proteome,CDK5RAP3,9908,9.724805281685622e-4,1.0436845018646501e-4,8.606343468746669e-4,0.3093234013109214,0.03628844265464369,-0.012379435496329654,0.36519899884212087,0.057553509430018183
proteome,CDKL5,9605,4.766082065181809e-4,1.6324631495268083e-4,3.03563794504802e-4,0.21061251732837447,0.40494768502665923,-0.013616056171603573,0.2592085844845636,0.4693346880780829
proteome,CDKN1A,10318,0.006641802722797907,0.005779913646096868,8.985176012440421e-4,1.061683505096713e-14,0.02589625217053461,0.18288813873018275,3.1666335565282575e-14,0.04191292640889959
proteome,CDKN2D,10318,0.0016971726690989675,0.0012634178740844604,4.912537602211886e-4,3.0535869192104936e-4,0.16689996072995963,0.07530323399452131,5.599519802291262e-4,0.22266730395887643
proteome,CDNF,10318,0.043681050904199936,0.02736361035985624,0.016680866296687746,3.4833069353863726e-64,2.245802049313579e-37,0.11921444794647527,2.8282517144817683e-63,1.0779112299086357e-36
proteome,CDON,10341,0.0241148648664955,0.010031818666944914,0.015164076905540669,1.8220515531046553e-24,5.090953946592415e-34,0.060200888623113125,7.236218328430581e-24,2.314285907603364e-33
proteome,CDSN,10411,0.01860225203977861,0.010360961302851912,0.008009073947468304,2.2262687415973585e-25,4.977879686097914e-18,0.09817537014727033,9.05060296479705e-25,1.64783038759504e-17
proteome,CEACAM1,10379,0.003994943875880619,1.3428817098193324e-4,0.003896265986663705,0.2378769102231736,8.344383693518914e-9,0.006370041177886667,0.28865706512318495,2.099021818946281e-8
proteome,CEACAM16,9886,0.03795288862591051,0.03742066980399805,5.069578962763055e-4,6.095853469104323e-84,0.17100986852248226,-0.33733346941862513,6.574974055421378e-83,0.22700356298420327
proteome,CEACAM18,9746,8.208078042367672e-4,2.0393970082732693e-4,6.309592065733005e-4,0.15868873629064012,0.10460795138024094,-0.02001719029508595,0.20114795150804035,0.14886516157957366
proteome,CEACAM19,9886,0.04641060018351162,0.041195887444396506,0.005557475171458548,2.1507868392330157e-92,6.636185457533472e-12,0.16872857034216454,2.6194791379492105e-91,1.865150970420225e-11
proteome,CEACAM20,9746,0.00243542340595726,9.110938352174802e-5,0.002334805410762364,0.3461580261958609,4.507135009868611e-5,-0.008787787465634151,0.40263426604476776,9.532818837804596e-5
proteome,CEACAM21,10298,0.0030197205644013625,0.0014431124652831695,0.0014495974968447012,1.1554951218727236e-4,0.0018754645228421453,0.07336776087579781,2.203204332181325e-4,0.003527659459631654
proteome,CEACAM3,10125,0.001464493573226644,8.822347792014629e-4,5.232432793329522e-4,0.0028026100499460712,0.1513056546390221,-0.030714761935265986,0.004697264435775439,0.20456356545322
proteome,CEACAM5,9984,0.022308867350492312,0.0016042387533585778,0.02061405306078845,6.265203449506399e-5,8.41347721778053e-45,0.059967216346501935,1.221693774710287e-4,4.537378949736622e-44
proteome,CEACAM6,9921,0.009145568683100014,5.342208355348932e-4,0.008712114254072478,0.021344016322896262,1.0806992221946756e-18,-0.020006642630580634,0.03170150391861066,3.635079201927546e-18
proteome,CEACAM8,10146,0.04105632454029706,0.027680855908371216,0.01287531887300708,7.26130236227986e-64,2.6694282362395987e-28,0.18039594433940243,5.879442328239343e-63,1.0747574014501856e-27
proteome,CEBPA,9627,4.4042115482867406e-4,8.105299125982235e-6,4.297575505636253e-4,0.7800462570998948,0.2471244394836925,0.0021186442088412475,0.8154775427406984,0.31148975274292073
proteome,CEBPB,10146,0.016628584003929747,0.013134844990873917,0.0032721672748035058,5.257352983430604e-31,2.8675317643148004e-7,0.09301313541485626,2.435379202942576e-30,6.786878823556406e-7
proteome,CELA2A,9921,0.011185512550697108,0.005816837596175128,0.004895659154399157,2.8356997329796888e-14,1.5357132757150861e-10,-0.09717760174349456,8.347180583584725e-14,4.099442835538992e-10
proteome,CELA3A,10423,0.011801979470959068,0.006753796234902132,0.004707191385214915,4.3832947520746716e-17,1.2074383412528523e-10,-0.10813421198493582,1.3972050774606614e-16,3.237928689433107e-10
proteome,CELSR2,9676,0.03172745483465367,0.0281309075721089,0.0033673398337701332,5.760226825839291e-62,3.869262552578648e-7,0.0990793531070637,4.5505791924130404e-61,9.098837040376015e-7
proteome,CEMIP2,9627,0.0015896576100544735,1.0292817988843961e-4,0.0015016007552698385,0.31965087184558644,0.0023413940221893594,0.006869421842328901,0.3755004717947732,0.004350854880393832
proteome,CEND1,9605,0.005181449152362627,0.002057975264088241,0.003236267754888056,8.70741528765916e-6,8.019349653133576e-7,-0.05328012150867202,1.7911171629716907e-5,1.8544746072871394e-6
proteome,CENPF,9746,0.02471035122967158,0.024028459889322562,6.954147032033342e-4,1.8583548067556e-53,0.0793647731986605,0.17163400397587422,1.2574007176265322e-52,0.11700542054853177
proteome,CENPJ,9746,0.001038458808014009,1.5565653614935115e-4,8.842088306223461e-4,0.21818171438033013,0.03483605638951011,-0.018118927050713586,0.2673983862195828,0.05549089527331774
proteome,CEP112,9611,5.95298391378396e-4,1.4560314116951467e-5,5.860979138322397e-4,0.7084201158558926,0.13095328537252254,0.0036267203672823104,0.7513468790445479,0.18098177453611508
proteome,CEP152,9580,0.0010208248432881373,6.136721766488717e-4,3.915981910670441e-4,0.015336383978444572,0.2896985806966676,-0.020016264649376093,0.02337239331021558,0.3556442466931371
proteome,CEP164,10167,6.345125921641825e-4,3.599164056129478e-4,2.893557533677482e-4,0.05580229001824858,0.40081102764190424,-0.02635981225849588,0.0772667426448795,0.4652782501180644
proteome,CEP170,9666,0.0011914913870207933,1.5588651162090628e-4,0.0010275413004966483,0.21974142833150964,0.01914700940754745,-0.02011098118842602,0.2690339862563663,0.031817344228687434
proteome,CEP20,10125,0.0052987993944254574,0.0038822879811637456,0.001393732546237758,3.518529667890499e-10,0.002752584136997082,0.1013364806390874,8.896766625643538e-10,0.00508905972956513
proteome,CEP290,9746,1.5873085559581224e-4,2.58442609174514e-5,1.301433162558263e-4,0.6158530531147752,0.7367755677156389,0.005401025297686718,0.6652396431095668,0.7683178681529834
proteome,CEP350,9580,0.0012942150336689995,5.895083776878973e-4,7.074268694456931e-4,0.017496110658917353,0.07937795037555201,-0.01816547545294688,0.026443191032065886,0.11700542054853177
proteome,CEP43,10116,0.005863922236745922,0.0053014081781690425,6.768222264228463e-4,2.285685301523507e-13,0.07697150157913926,0.1107999340684364,6.492767868176103e-13,0.11368756903275598
proteome,CEP85,10125,0.004731469551111478,0.0037628319162757995,0.001011851088479343,6.551649178514454e-10,0.016589594316604044,0.08708429871428434,1.641000047026371e-9,0.0278846372555685
proteome,CERT,10131,0.001044297020315832,5.178914397327983e-4,5.646181656465687e-4,0.02200653647813547,0.1260991444308728,0.03087645197888592,0.03258617331590171,0.1748518971401524
proteome,CES1,10365,0.01623437621568491,0.005932749593713926,0.010701666753815231,4.116530610917149e-15,5.2905143551054805e-24,0.14783907149104056,1.2353818250216455e-14,1.9851313812545983e-23
proteome,CES2,10318,0.030616864196441274,0.020238113496995558,0.011099006581805737,8.978567612262008e-48,8.719492400490347e-25,0.18429339972100395,5.548489033962336e-47,3.3360047495593304e-24
proteome,CES3,10318,0.013734363841156227,0.011932422795961517,0.0022130184258148944,9.349886475008816e-29,4.341251636613229e-5,0.17622035206670753,4.172476055946682e-28,9.188615882563699e-5
proteome,CETN2,10131,6.02311771153663e-4,8.40002415802843e-5,5.254604320964473e-4,0.35638826161825654,0.1496507464237067,0.013697119489141119,0.41371044031380616,0.20279514686902864
proteome,CETN3,9886,0.0019661044952693496,3.707159477855937e-4,0.0016262316425743606,0.055615414813381565,0.0010905664011944206,0.031088858262092692,0.07708101351328323,0.0020944320569587986
proteome,CFB,9743,0.018359241391082692,0.012030678125374727,0.006089008774145088,1.861505667359542e-27,7.595040890669813e-13,-0.08088452823904668,8.049084416704055e-27,2.1807764757787686e-12
proteome,CFC1,10125,0.01702856533211694,1.9816292966656768e-5,0.01699512721114127,0.6542909964616017,2.2588062134205143e-37,0.004435940002759979,0.7010603308860931,1.0823755019390432e-36
proteome,CFD,9911,0.06783025990023994,0.019872724753880133,0.049043990340968846,3.756768728206489e-45,1.1875695706388852e-107,0.059378241929854816,2.250212088636797e-44,1.3997039737812345e-106
proteome,CFH,9380,0.01711824519236671,0.001518597014628309,0.015735688191312214,1.6032396938808614e-4,5.01817366792646e-32,0.020922649274138925,3.0136782155715486e-4,2.186009184999857e-31
proteome,CFHR2,9839,0.006250157142852153,0.001533248299866119,0.004751089731111047,1.0257180188271773e-4,3.766404489217731e-10,-0.046155698126349,1.9608723146055196e-4,9.954069007218288e-10
proteome,CFHR4,9866,0.006883638912740464,0.002293504355375564,0.004494150866092839,1.952652871043314e-6,1.2295245454583685e-9,-0.07232082868263456,4.1493514878635055e-6,3.200267360974898e-9
proteome,CFHR5,9720,0.004340463614192713,9.197787729010587e-4,0.0034606922671470697,0.0027909925124454575,2.3138228429723582e-7,0.026498770095689246,0.004680476829534178,5.50309533767958e-7
proteome,CFI,9911,0.04174561856036685,0.011584573598008352,0.03049374447200981,6.364944661135848e-27,3.3776416619575927e-66,-0.048897223497406786,2.7081125537845825e-26,2.505798623833006e-65
proteome,CFP,9911,0.004543846906741478,0.0015972790788213453,0.0031578124592608336,6.913057008710252e-5,7.235207262111352e-7,0.018938603847806657,1.3426488794990077e-4,1.681121687372932e-6
proteome,CGA,10349,0.5479916162297873,0.5021316254722276,0.16169296166855107,0,0,-1.7373402427153144,0,0
proteome,CGB3_CGB5_CGB8,9904,0.10661552632216187,0.08465373725660308,0.02577831493152216,2.0269243056503776e-192,9.306511739412066e-56,-0.2763711856118948,6.17156223480839e-191,5.913681263978581e-55
proteome,CGN,9655,8.684418569557817e-4,2.387412647356646e-4,6.272293625990688e-4,0.12904056745793355,0.10896594026235243,-0.012573172177006924,0.16667502372052131,0.1545402442439865
proteome,CGREF1,10283,0.019013630272230353,6.432891531016338e-6,0.01901353409676354,0.7970807931677117,1.606418640427946e-42,-0.002408938377792902,0.8300203628176778,8.369985179983753e-42
proteome,CHAC2,10125,0.003644206386723692,0.003031619901556537,6.476720109436229e-4,2.9729824027662596e-8,0.08744577372123015,0.07288767579915169,6.996801580745391e-8,0.12735625141363016
proteome,CHAD,9676,0.021446064878587023,0.012537079182767918,0.008472368106507311,2.3011300619646297e-28,9.904647963214561e-18,-0.11941238130904538,1.0054115352948599e-27,3.263955580211518e-17
proteome,CHCHD10,9903,0.15910269799263999,0.09148451435008997,0.07973560506001964,1.6209486564616374e-208,5.683712253042809e-178,0.2607305990998163,5.446014853836054e-207,1.3506903183450513e-176
proteome,CHCHD6,9877,0.024986556463008514,0.009035759062681503,0.016125754642613455,2.9124106026391975e-21,1.4302841987880075e-34,0.05701792918001204,1.068127502072067e-20,6.563140836824719e-34
proteome,CHEK2,10146,5.301812881436385e-4,1.797342424969539e-5,5.147038820314531e-4,0.669437204990443,0.1562972242884609,0.003005547691298872,0.7144085250774241,0.21033922034768474
proteome,CHGA,9921,0.05692790207518461,7.133444936358035e-5,0.05679488417680023,0.4003276304758412,2.3730190036838524e-125,0.015121886935493703,0.4588853583846603,3.303016451318048e-124
proteome,CHGB,10395,0.05461195035549449,2.5472162961781564e-4,0.054495191370059204,0.10376069635603012,7.117390483408776e-126,-0.01459282376664651,0.13680311928221744,1.0148357260001878e-124
proteome,CHI3L1,10051,0.09037375649100754,0.011011755495003772,0.0802068853524942,5.263187205693336e-26,9.358675324538304e-182,0.18598432576914514,2.1821696740768254e-25,2.338069057574826e-180
proteome,CHIT1,10353,0.041260081822775185,8.014265751025151e-4,0.04036869251524333,0.003973060693360759,4.184311370567898e-92,0.09760353171782017,0.006520638072259123,4.306599343721819e-91
proteome,CHL1,10345,0.008365238463566183,0.0033055573014697526,0.005103980327227475,4.885703963494464e-9,1.9134927886903728e-11,-0.04077750631915003,1.1960563388018693e-8,5.281529198623191e-11
proteome,CHM,9655,4.921742964083542e-4,5.212643990593069e-5,4.2458470159256745e-4,0.47818175957827247,0.25104070262814265,-0.008931185347057646,0.5353978854216193,0.3149321775888674
proteome,CHMP1A,10264,2.772430834393491e-4,1.3391880780866394e-4,1.5109085382547516e-4,0.24114326543974438,0.6707258697765082,0.02049646371440363,0.2921101387817542,0.7105950407237164
proteome,CHMP6,9919,0.0020060638878083292,6.260400254947118e-4,0.0014398957199146523,0.012716048909406329,0.0025404499810498097,0.02955961415926214,0.01960724717781343,0.004711760973736418
proteome,CHP1,9605,4.4576817196995133e-4,3.3156025680913803e-4,1.0443646386726346e-4,0.07439250071950727,0.800599936087398,0.026184991832262163,0.10052688601359111,0.8274942055104187
proteome,CHRDL1,10343,0.2258974957645976,0.02843921784839909,0.2097312148263224,7.918343439292958e-67,0,-0.11881010084206774,6.747906085438284e-66,0
proteome,CHRDL2,10283,0.043941748389376145,0.008638748686299658,0.03544834657945373,3.622173612086144e-21,4.2910273123736705e-80,0.11213144485925264,1.3217994342231959e-20,3.766568418639111e-79
proteome,CHRM1,9655,4.46108714971416e-4,2.3230046612709998e-4,2.2038857223971586e-4,0.1343207332215431,0.5464508769338878,-0.011207735524905775,0.1729601335711764,0.6010860617983471
proteome,CIAPIN1,10379,0.002315852378197647,0.0011160383117339023,0.0012111241391481453,6.653283665879871e-4,0.005658716444688597,0.047929480436836924,0.0011887254373696126,0.010097941494398516
proteome,CILP,9921,0.07529147028721117,0.03156661773050917,0.046074237016075714,3.8604749407053785e-71,4.635025581204721e-101,0.20821183297330614,3.461401304196878e-70,5.251232470488915e-100
proteome,CINP,9746,0.0010201306484861616,9.272121817012202e-4,9.947193727533055e-5,0.0026475766162938905,0.8087393585515799,-0.02713046788309872,0.0044476243962224375,0.8347263930248121
proteome,CIRBP,9886,0.001705255333556921,7.574410487002359e-4,9.96565020350948e-4,0.006215525345674949,0.019862759099729458,0.05505066242688077,0.009982406915059272,0.0329116733487296
proteome,CIT,9655,0.009411111347383039,0.007906621444903728,0.0012875205077601537,2.095344358738716e-18,0.006037309631549141,0.07837719218748011,6.951976799765342e-18,0.01074075231467933
proteome,CKAP4,10375,0.05937188492235246,1.7027098975630484e-4,0.059045964572299714,0.183905776104594,1.7714262150492176e-136,0.007644407934453422,0.22992154985189403,2.798853419777764e-135
proteome,CKB,9921,0.05920961132933489,0.008041183488383785,0.05237343598303168,3.64194607171578e-19,2.6782769907211117e-115,-0.12288332250019396,1.240723585970306e-18,3.3455571127682946e-114
proteome,CKMT1A_CKMT1B,10270,0.002530857898408345,2.6534730304850207e-4,0.002283030173232947,0.09884885037842349,3.233000270572959e-5,-0.025004918713962435,0.1307399048217791,6.933279377024768e-5
proteome,CLASP1,9580,0.0011179752092566053,4.742237530436233e-4,6.990933862637272e-4,0.03308196633754313,0.08222660493857437,0.02902578903885421,0.04758788760070796,0.12065681035916309
proteome,CLC,10283,0.032627440907157856,0.006814618346859369,0.02565877086638224,5.1535841715128726e-17,1.2600269533404631e-57,0.12042456693158761,1.6373833188404486e-16,8.257979337699942e-57
proteome,CLEC10A,10264,0.013597211146193944,0.002299014501919494,0.011496996675933957,1.1787523801801746e-6,1.5171438828617743e-25,-0.039338610861614165,2.5427994149569374e-6,5.865888319583289e-25
proteome,CLEC11A,10341,0.016589979086346407,0.010821834172788036,0.00548862866673816,2.8351231580684435e-26,2.7133496739432624e-12,0.11024596685165367,1.1855600845542289e-25,7.69264897859957e-12
proteome,CLEC12A,9627,0.004071045515902427,3.458760372025971e-4,0.0037738257313886248,0.06809217741644331,6.216447097331764e-8,-0.007405610230947021,0.09257369050616922,1.5192871961121026e-7
proteome,CLEC14A,10349,0.0768252191465375,0.02704222485215435,0.051010714291539916,1.2566037860919174e-63,4.564743799364528e-117,0.11475247164144668,1.0118602938696072e-62,5.903869967054209e-116
proteome,CLEC1A,10146,0.035337362969022346,0.015267264304421269,0.01990154108127562,8.416126648465023e-36,6.160207185695376e-44,0.08794084083144516,4.293252738824304e-35,3.2918255217161945e-43
proteome,CLEC1B,10430,2.839939063975505e-4,1.1053799868765424e-6,2.828047058691663e-4,0.9145149495583452,0.39958716236522585,-0.002280215312107313,0.9317278485740826,0.46422626215960067
proteome,CLEC2L,9655,9.780672731437567e-4,3.5726870384333864e-6,9.76723472887464e-4,0.852700691322984,0.02408259742608495,0.0015571583884356147,0.88010032511902625,0.039317484812460904
proteome,CLEC3B,9694,0.014810221945968816,0.01041819039960834,0.0038597973815439612,7.269655776285986e-24,3.6562646999427265e-8,-0.045249937811644846,2.867638844005929e-23,8.980892199943354e-8
proteome,CLEC4A,10298,0.02113094220637579,0.015772397355700796,0.0051258359318419044,1.821025124483993e-37,1.9270422539252567e-11,-0.09924499642777625,9.539169245280845e-37,5.31390991341842e-11
proteome,CLEC4C,10298,0.017396338486387664,0.01587378205774026,0.001455867782389375,1.0683002850787086e-37,0.001819304926568928,-0.13349088659332173,5.636537424702284e-37,0.0034264357605418663
proteome,CLEC4D,10298,0.018897268481255614,0.011825474472236697,0.006690493287567767,1.8500890087514232e-28,6.652079431338231e-15,0.15938887208157518,8.144292428584955e-28,2.033894160857913e-14
proteome,CLEC4G,10298,0.018292127927106994,0.01734023218605274,9.064286638614805e-4,4.750234876747605e-41,0.02515814699693605,0.1013795382833498,2.6599495296423848e-40,0.040831351289308204
proteome,CLEC4M,9901,0.014623799558236672,0.011325856062497253,0.0032014110709787102,2.4919077174017382e-26,5.955650976710608e-7,-0.10902585086471543,1.043530982516516e-25,1.3915561794504482e-6
proteome,CLEC5A,10243,0.0824715489614175,0.04267040168105607,0.04478404396765712,4.310834354616258e-99,2.3630410755003725e-101,-0.13665504750421445,5.625253936849697e-98,2.687614421668323e-100
proteome,CLEC6A,10125,0.017371534695413193,4.029448493110266e-4,0.016877122257603405,0.04343419995110816,4.13209484868442e-37,0.02078495403278606,0.06145119383208574,1.9735479154746012e-36
proteome,CLEC7A,10432,0.02277693555465843,4.806941224424488e-4,0.022404779012922815,0.025155316382857135,6.058117209822881e-51,-0.028730500199055976,0.036967817891951436,3.562953039097039e-50
proteome,CLGN,9655,0.003271265426051162,1.1823685689360541e-4,0.0031411970914048126,0.28544238662794585,1.1581687931327736e-6,-0.00991465842885889,0.34055024331162687,2.6614208980558943e-6
proteome,CLIC5,9655,0.004717088932499114,5.451862671721486e-4,0.004167260581111942,0.021793334926192263,9.20285777651097e-9,-0.015381415460221558,0.03228683121604662,2.310992549891887e-8
proteome,CLINT1,9580,5.314627965092855e-4,4.147261461806551e-6,5.254237018398333e-4,0.842052517858181,0.16943152684368679,-0.0019834044406127536,0.8703392891440817,0.22521525828289973
proteome,CLIP2,10298,0.0021307806760012538,0.0013589085974342607,8.281289977696282e-4,1.831922895986263e-4,0.03627343901534171,0.09380997309919234,3.4303078955591585e-4,0.057553509430018183
proteome,CLMP,10438,0.16622832274163346,0.08953504258762646,0.09383595245112286,8.184118257837579e-215,1.4695244336372227e-222,-0.157366910225893,2.847878293768958e-213,5.175204722315183e-221
proteome,CLNS1A,9655,0.002336233847005542,0.0018433792126514303,4.122059886179086e-4,2.4485469228433866e-5,0.2637609438106752,0.0293453721143608,4.902125106487136e-5,0.32751624416253344
proteome,CLPP,10256,0.00399992607380395,0.003204845891673136,8.229688898786502e-4,9.682246461130898e-9,0.037739484276527686,0.12247914165398721,2.331236112511171e-8,0.0596929180412827
proteome,CLPS,10332,0.009895663120296994,0.00912375836901047,7.536181679941301e-4,2.273289916379923e-22,0.050649492948627445,-0.15079646035600658,8.562920651518704e-22,0.07826248768723096
proteome,CLSPN,10123,5.322387747950241e-4,3.462501964519582e-4,2.0899338841795512e-4,0.061228446187519936,0.5489001262384685,0.013988838531147456,0.08414233578096887,0.6031710785695652
proteome,CLSTN1,10131,0.004293663546527049,0.004106195428089432,2.1309197166718974e-4,1.0844862623944063e-10,0.5402472917894079,-0.072941090076005,2.7806608289288155e-10,0.5961279101171911
proteome,CLSTN2,10432,0.02602219689322194,0.0016116200490225996,0.02436798775898552,4.116047729994181e-5,1.7737721447716234e-55,0.035131852076702656,8.090926371737049e-5,1.1246715789951096e-54
proteome,CLSTN3,9903,0.014129368212611904,9.342709227710966e-5,0.01404558162919789,0.33623403601724233,3.750186743727029e-30,-0.006074890905861203,0.39281058644220596,1.5749706683784636e-29
proteome,CLTA,10146,0.0024752987585076047,9.558671067529945e-4,0.001501876508159694,0.0018450823089048265,0.0016205406936212264,0.031275842482689435,0.003155749320613697,0.003061952454721942
proteome,CLU,9911,0.011402933059360909,0.008194090767906559,0.0030384324533584417,1.7517823369904185e-19,1.2857981665974953e-6,-0.060998372084357384,6.02407031885058e-19,2.9500691059375816e-6
proteome,CLUL1,10276,0.07513221580166363,0.07041579410497789,0.005332299842941812,4.154671258171022e-165,7.150965449937282e-12,-0.28283856710523203,9.873255355799918e-164,2.0021333343071527e-11
proteome,CMC1,9919,6.301558820968056e-4,1.343917219557289e-4,5.05745244043676e-4,0.24838192221324315,0.17066715588408252,0.022057055956486722,0.30013243432381553,0.2267545893859878
proteome,CMIP,9877,0.0014124370468964198,8.620862000112695e-4,5.997609042039942e-4,0.003524721243528272,0.11542136067180919,0.05090348638265754,0.0058405670038736614,0.1627134403305415
proteome,CNDP1,10345,0.011160858093121728,0.0077070885434138425,0.0030116667734798597,3.751474593613311e-19,7.755640757580573e-7,-0.09056098811948443,1.2765495037405947e-18,1.797758757685013e-6
proteome,CNGB3,9605,3.296619493099451e-4,7.762299312785714e-5,2.5795304068443325e-4,0.3880094900735708,0.47949887007433567,-0.009914719186611196,0.4459896734113438,0.5388601296529347
proteome,CNP,9661,0.007665506227115371,0.007044731229680634,7.038013106719365e-4,1.4321651052633613e-16,0.07860004179291426,0.13942612230836002,4.491650861249791e-16,0.11603430412155978
proteome,CNPY2,10146,2.0773163434895103e-4,9.42600154574258e-6,2.0056582894767416e-4,0.7571937750549778,0.5653300803368755,-0.00423161719067199,0.794999067703197,0.6191306949511755
proteome,CNPY4,10318,0.0011145365976213961,1.865959638259751e-4,9.425049681377473e-4,0.16536687632547142,0.02105332212792483,0.023057950301117014,0.2089785471246662,0.03468932388947254
proteome,CNST,10283,0.00129571778664328,8.0947243708962e-4,5.201149298050822e-4,0.003915220677767255,0.14805658591147894,0.0691354154338532,0.006432934255825569,0.20147551239257586
proteome,CNTF,9605,4.91269443194553e-4,4.3246306258626355e-5,4.582894241759172e-4,0.5193661217459061,0.22130972779540517,-0.0045354141586538424,0.5752584971062084,0.283474292000863
proteome,CNTN1,10431,0.13409748649988062,0.12696470329459664,0.008632068480728505,8.7002148460009e-310,1.8036504818338582e-19,-0.23790569475144233,5.298068332262636e-308,6.151774047141619e-19
proteome,CNTN2,10438,0.04878935528871975,0.014167029791956165,0.035571360896763604,3.085688959812582e-34,1.3577465753030795e-81,-0.12157366201893473,1.5209896845754093e-33,1.2173905642978227e-80
proteome,CNTN3,10349,0.12366541833564804,0.11308165837472106,0.01463055605196839,6.63326628688694e-272,7.748967428612929e-33,0.2753078210697472,3.590562473438986e-270,3.442284467148266e-32
proteome,CNTN4,10349,0.04424363797604214,0.022020413380677284,0.023227015527425787,5.0933199524919425e-52,2.0266100327031593e-52,-0.08017484804423601,3.368274710663789e-51,1.2188850052657067e-51
proteome,CNTN5,10404,0.11339369247566644,0.10144200905337641,0.014330847200474062,7.12785255353653e-244,2.492531202975932e-32,-0.2861843587788335,3.2053404636903502e-242,1.0923041538678634e-31
proteome,CNTNAP2,10298,0.05551568727988543,0.04931813390867135,0.0075354026920364525,3.210361701820604e-115,8.833218649217956e-17,-0.21175464638755256,4.8621177484049876e-114,2.8624720744638677e-16
proteome,CNTNAP4,9655,0.0017187289296476393,2.2357661237681903e-4,0.0014871026712766078,0.14186208239128342,0.0024516547367268576,0.027492278351762666,0.18155116761371343,0.004549959870128638
proteome,COCH,9919,0.04099250739310023,0.005504351834032861,0.03559876262052164,1.3911728712598554e-13,1.389016866299801e-77,0.07212523218172061,3.986665002639762e-13,1.1941459706453879e-76
proteome,COL15A1,9921,0.057575067484179954,0.04674176821351628,0.011423466505822044,3.1188715446587645e-105,1.5625510335515716e-24,0.12299102782962039,4.3205978791647245e-104,5.9316060663262905e-24
proteome,COL18A1,10350,0.10531887402073814,0.009510755984506236,0.09669415467624398,2.717024718128679e-23,9.078997815315292e-228,0.05140052084590756,1.06032887197465e-22,3.317238826770825e-226
proteome,COL1A1,10431,0.011351882814245817,0.006744941216066835,0.004357725461387685,4.470202113840943e-17,7.120839422119476e-10,-0.04626293502264565,1.4233552046576335e-16,1.8701000566806138e-9
proteome,COL24A1,9886,0.015311807906938757,0.013677524225262583,0.0018396127754961578,1.9227994438787713e-31,4.009615255254436e-4,-0.1370704513276775,8.978183345778991e-31,7.945834163463537e-4
proteome,COL28A1,9655,0.01338095039131515,0.004727053430890971,0.008674901109395616,1.3629374208626755e-11,4.0842795010593646e-18,0.10965615179047812,3.611845948487399e-11,1.3550906903060753e-17
proteome,COL2A1,9666,0.0027101299115651623,1.889871049327585e-4,0.0025207648198765087,0.1766146627051433,2.0757085768162278e-5,-0.022663523979759362,0.22146918021756065,4.500961550470203e-5
proteome,COL3A1,9921,0.008306974272712098,0.007449099139405946,7.311270758459942e-4,7.284181039754317e-18,0.06426001966989721,0.04171792046217267,2.3789565563354044e-17,0.09707082041090932
proteome,COL4A1,10283,0.00591979167731449,7.282565502864102e-6,0.005896674844050209,0.7844062491990555,3.988401929478157e-13,0.0024341968264893973,0.8187999445275199,1.1577059423897372e-12
proteome,COL4A4,9724,7.04513536879392e-4,1.0633225556400117e-4,5.760996804183849e-4,0.3093509138327374,0.13272013774309593,0.011124891134193878,0.36519899884212087,0.18305924605987703
proteome,COL5A1,9676,0.018218250232120425,0.010356195968485027,0.008118340116687883,1.085607550969661e-23,5.451071648910494e-17,-0.08432949418050473,4.276591471003126e-23,1.7763079631845456e-16
proteome,COL6A3,10431,0.07031969194652588,0.0063303364447346855,0.063860666928512,4.060297381713532e-16,8.170458086356512e-149,0.06388953659898043,1.2506058215752006e-15,1.4742129003963016e-147
proteome,COL9A1,10298,0.041653941992782384,1.614191805696663e-4,0.041338118409986135,0.1973953861627273,7.222359639322087e-94,0.013306867132352431,0.24469326283021708,7.486155044588106e-93
proteome,COL9A2,9746,0.0011523368960509872,2.1839953398328227e-4,9.028144928594495e-4,0.1446715479210709,0.0320899570742321,0.013033863403223336,0.18454694639216318,0.05149179646899962
proteome,COLEC12,10330,0.15247833242700393,0.007172891408734561,0.1481037948452264,6.63129236229961e-18,0,-0.050917191698065016,2.1681507354588097e-17,0
proteome,COMMD1,9666,0.0013766263129606493,3.331192179767406e-6,0.0013722827517208547,0.8576309060188486,0.004092586972085581,-0.0023054679137269165,0.8845642689813319,0.007393555232224808
proteome,COMMD9,9877,0.002794804443361998,0.002175967523764477,6.706657357280488e-4,3.5318943716825697e-6,0.0849220774670441,-0.03766004663448765,7.443206379544449e-6,0.12398962659149346
proteome,COMP,10174,0.09059845170775482,0.017219437248544134,0.0753514614176356,2.6500173972763414e-40,2.2550083122848674e-172,0.10192094068252734,1.467045615954308e-39,5.149522888131771e-171
proteome,COMT,10029,0.00688519912036234,0.006289654380215448,6.4294763990147e-4,1.8267397239302386e-15,0.09176413458262839,0.14796357520642905,5.527495044563238e-15,0.13304889156003114
proteome,COPB2,9611,0.0011299905180349734,8.708882162778986e-4,2.5724258485348983e-4,0.003816836616480917,0.4804602725286611,0.025671645553600114,0.006297567464909407,0.5395256921249622
proteome,COPE,10131,1.6637366854543867e-4,2.4081252524177366e-5,1.4042034929073743e-4,0.6214479919094623,0.7003704685411054,-0.005246729916768653,0.6710352716480822,0.737192250466565
proteome,COQ7,9666,0.015194329872384227,0.006404852670504946,0.008284892476914996,3.3094502544686013e-15,2.5466726027651214e-17,-0.07212232549629229,9.952184252892717e-15,8.345206298074495e-17
proteome,CORO1A,10131,0.004489484753601336,0.003173424471149544,0.0013082834567225143,1.402695533254846e-8,0.004112529115716766,-0.1088085579876256,3.3388265828207775e-8,0.007424905871056275
proteome,CORO6,9605,0.013906789280001663,0.011239408055504496,0.0024347858392678168,2.084702763734443e-25,3.326843329429778e-5,0.08230383449905927,8.490072188146227e-25,7.124075495914463e-5
proteome,COX5B,10318,0.0010977621028713802,8.52716625110661e-4,2.719034326436054e-4,0.003016615286524944,0.42273380655295967,0.04533014987222362,0.00504149027016147,0.48494933930702555
proteome,COX6B1,9919,0.0013599222909927988,4.7717152486592695e-4,8.89034455294202e-4,0.02961386047010765,0.03180750788645002,0.014965337361395763,0.04285213571986369,0.05108425579785353
proteome,CPA1,10431,0.011411749531172855,0.00424649365076768,0.007381482347946666,2.723645973899228e-11,1.1942839196708047e-16,0.09016451741092216,7.140105095701743e-11,3.844594600438064e-16
proteome,CPA2,10411,0.010259440227630146,1.0665046397295708e-4,0.010121126037354378,0.2921231265080788,8.524876454027992e-23,0.01511538676117297,0.3478109567344661,3.1108881242351835e-22
proteome,CPA4,9516,0.007155891814518922,0.0024056010172975872,0.004739036596457802,1.7011723954595957e-6,8.462201729911965e-10,0.04365247035124034,3.632232952467785e-6,2.218387054397549e-9
proteome,CPB1,10431,0.015406256218531644,0.006594381741425903,0.00911751874608413,9.959769111681982e-17,1.441766075727392e-20,0.10969662503641354,3.140496775992064e-16,5.041007463338716e-20
proteome,CPB2,9892,0.012865955377702187,6.620920088973303e-4,0.012075809176897101,0.010500563129724704,7.248160012343381e-26,-0.012117046635719638,0.016413447073895887,2.8210881113288552e-25
proteome,CPE,10380,0.005191827122741355,0.0010952610650960537,0.004066782865522756,7.467954570237944e-4,3.4974648079383815e-9,0.02873418599881647,0.001326174435528889,8.912894187972004e-9
proteome,CPLX2,9580,8.622015769059743e-4,5.295133809155583e-4,3.661570765820521e-4,0.024326977976714924,0.3198839543605581,-0.013970606336612625,0.03580450988214387,0.38478222164440795
proteome,CPM,10371,0.054253807850606406,0.03047195612762199,0.025172362230458933,9.846419218245009e-72,5.306566243541375e-57,0.1522477976667041,8.88305042436116e-71,3.447839801252731e-56
proteome,CPOX,9627,0.011444270454729844,0.009922321888716223,0.0016852231377779692,1.1815492991970772e-22,0.0010173929225751482,0.05633105530144925,4.4794664092776345e-22,0.001959051062376257
proteome,CPPED1,10430,0.020809952832368972,0.02053488357298916,4.2190768776495524e-4,5.817067257125887e-49,0.22142927290529313,0.21578401023844848,3.672416326690922e-48,0.28350318208592723
proteome,CPQ,9912,0.023747288378510034,0.020218615117649108,0.0033850095578361605,6.417950490580484e-46,2.413504256376943e-7,-0.10898487263638994,3.883989499786078e-45,5.735506456414475e-7
proteome,CPTP,9611,0.0020710191842956416,0.0018295418495676286,2.938408472187293e-4,2.7406012229905827e-5,0.4196955176197027,-0.03498416453636932,5.445803789803857e-5,0.4826003139269831
proteome,CPVL,10408,0.0039604917425801744,0.002636871289492193,0.0013552177107589714,1.5985731645883379e-7,0.0027610345220844034,-0.04660836159476247,3.610996414290349e-7,0.005101456326202725
proteome,CPXM1,10379,0.0064003871513773625,0.002075204690618282,0.00444988426686399,3.4481192057841752e-6,4.973226099525255e-10,-0.07092725166426087,7.2718993062822115e-6,1.3119801343783683e-9
proteome,CPXM2,9919,0.07289777106420481,0.003953520504662911,0.06913224331611756,3.688971917162651e-10,1.2539502874835462e-153,0.03340666279428722,9.303593540868358e-10,2.427348801532719e-152
proteome,CR1,9883,0.014002583626723908,0.008668243255769426,0.005305893727465594,1.8049843170255318e-20,2.2822643291893752e-11,-0.0710779275322932,6.434108730080035e-20,6.269791949455399e-11
proteome,CR2,10345,0.02540041534882942,6.875874077040267e-4,0.024695472400216523,0.007658008758719889,9.16710091282541e-56,-0.02750271495968862,0.012178650490608397,5.83778561398446e-55
proteome,CRACR2A,10125,0.0013942214793852825,5.479609338971958e-4,8.528206891538215e-4,0.01851651041899775,0.03456419806347555,-0.04430354557956964,0.027784271023988925,0.05511792195283089
proteome,CRADD,10256,0.0024423008741571994,0.0012464630714350555,0.001256960418145714,3.4943977049678416e-4,0.004871910150947531,0.06028710327807357,6.35997789017497e-4,0.008725853781384579
proteome,CREB3,9580,3.527765060749033e-4,1.1511844419920259e-4,2.52129218155428e-4,0.2937695699116406,0.49092860652715353,-0.012757859686244925,0.34937731872874017,0.5489611005657496
proteome,CREBZF,9580,6.166624480600236e-4,7.074545389151865e-5,5.571945654020416e-4,0.41049164885524014,0.1487256220588141,-0.004435433033317291,0.46906453854725055,0.20200975524066617
proteome,CREG1,10210,0.021027913601555648,0.009236728937002336,0.011884570044362608,2.2218779747350653e-22,2.8415699919665136e-26,0.08286214657352411,8.380063638903994e-22,1.11488712570713e-25
proteome,CRELD1,9676,0.04390247056454877,0.02265752743820526,0.021674006613545904,3.988772565573058e-50,1.1171292986609057e-45,0.12176876901164202,2.556838203765362e-49,6.08076152697547e-45
proteome,CRELD2,10343,0.010831874974600364,0.00415603262962394,0.006566509730783432,5.329009680618039e-11,1.0827235480514734e-14,0.07533905301803466,1.3833654792581287e-10,3.276191439911446e-14
proteome,CRH,10110,0.002807401216508687,5.263275696173464e-4,0.00230351563696507,0.021085919441367083,3.4882173817602566e-5,-0.04536935832590804,0.03136597584077149,7.4532598003547e-5
proteome,CRHBP,10330,0.050400033599181326,0.02140770535554093,0.02958539090203527,1.6201239726634164e-50,6.50165026519399e-67,0.0945293010470394,1.0523605271322591e-49,4.910677965158148e-66
proteome,CRHR1,10146,5.867500171046203e-4,3.5936839276640153e-4,2.355392904908049e-4,0.05624354025497259,0.4956849805430632,-0.025034736055130652,0.07784084666916899,0.5536443248480603
proteome,CRIM1,10351,0.07457197178821817,0.004672451973454894,0.07112967286840288,3.3844941205635773e-12,3.6949474851572937e-165,-0.030092953756301076,9.228429397768037e-12,8.059948879936395e-164
proteome,CRIP2,10264,0.10089174890930253,0.0389536207345933,0.06560775389493301,1.2223404870222276e-90,1.4004497315352138e-150,0.16506805278808723,1.4465187220914863e-89,2.624047798254763e-149
proteome,CRISP2,10438,0.23304399429682066,0.2326311468806238,4.507448208135312e-5,0,0.925367244761879,0.7380485860846829,0,0.9373100758937379
proteome,CRISP3,9814,0.01167996624374823,6.360011552042355e-5,0.011595331928569541,0.4296233056758544,1.2340123196014827e-24,0.004549304285621365,0.4874956997245816,4.7059507959585405e-24
proteome,CRKL,10322,0.0013069019935321169,9.515305302973953e-4,3.850829367358921e-4,0.0017251756003115683,0.2643008253628575,0.073950847776787,0.0029593241078114518,0.32804726646948296
proteome,CRLF1,10351,0.04967390343258471,0.020618769805224924,0.03015986989385666,8.491428977829699e-49,2.2402369575575462e-68,0.08600774146384267,5.3377305166013355e-48,1.723213849194923e-67
proteome,CRNN,10032,0.09142034644615549,0.08893731277445349,0.001912082413798033,4.1837203092850165e-205,2.495389600484818e-4,-0.4653001247715635,1.3740465689932702e-203,5.013074778156098e-4
proteome,CRTAC1,10431,0.11188855354694016,0.028053554712093476,0.0888511588289197,1.7658019903318827e-66,5.3082410992284644e-210,-0.11491693358332651,1.4960693384753893e-65,1.6506370992600852e-208
proteome,CRTAM,10264,0.05113107673406281,0.014233195210703431,0.039347689223231286,7.612843325481352e-34,6.0186542953406514e-89,-0.13476985738720784,3.714915031783304e-33,5.943421116648893e-88
proteome,CRTAP,9655,0.0037734690044924912,0.003740978491682645,5.932297239530371e-5,1.811800935535752e-9,0.9026949630009761,0.05059930015292823,4.483169078594983e-9,0.9186199898957255
proteome,CRX,10146,0.0012798535614836348,4.918361337291621e-5,0.0012290564403543147,0.48004604801951434,0.0059290043626871606,-0.016770615611304874,0.5363817272022325,0.010554494367926048
proteome,CRYBB1,9919,0.0018503679109382887,8.39586147716509e-4,0.0010146260500203397,0.00390658447494695,0.018024780621405105,0.03968316016753866,0.006422354567080953,0.030072165386054294
proteome,CRYBB2,9903,0.03337016140991644,0.0023342924867157944,0.0316017466999885,1.5135730521096631e-06,1.3557313381233075e-68,-0.06601005149009767,3.2459090471874874e-6,1.0483605029985258e-67
proteome,CRYGD,9903,0.0030141339224502017,0.0027891492419785946,2.46780123514978e-4,1.4581050511046041e-7,0.4856703628144666,-0.10648866236878955,3.3090380934617684e-7,0.54470158505364
proteome,CRYM,9605,0.0011799832048918768,1.3747558471355337e-4,0.0010639133528571598,0.25063017350537375,0.01678927409453207,0.017240937629810882,0.30247398726515584,0.028171669447943307
proteome,CRYZL1,9666,0.001564914819989327,0.0010680145947670194,5.175372072648843e-4,0.0013137766922969823,0.17168880032707362,0.06255504555873331,0.002281740505991729,0.2276549325972624
proteome,CSDE1,9611,0.0014135951136203806,5.526984287467229e-4,9.148099742888327e-4,0.0211983373029294,0.03218598267588535,0.05041585671231356,0.03150113875773393,0.05160703640242067
proteome,CSF1,10351,0.02911117193809687,0.0017371904218145273,0.027761806215095497,2.223331910225135e-5,7.596397389675443e-63,-0.025409430575309117,4.4665286416412844e-5,5.363350137686309e-62
proteome,CSF1R,9904,0.026219713626942753,0.021304826387705367,0.005157290057370756,2.801814237935152e-48,4.463928462464435e-11,-0.12411063046087002,1.746205334218433e-47,1.2140178043094984e-10
proteome,CSF2,9611,0.021068748964427564,0.014729383737541069,0.006218061549630449,7.426906243647981e-33,6.113290560907702e-13,-0.08973298087350655,3.5823179785780603e-32,1.7605072226141096e-12
proteome,CSF2RA,10264,0.006725378928487569,0.0010054153520331344,0.00571528728180537,0.0013165035736680273,1.0584787957408453e-12,0.043383387688935744,0.002285118732679123,3.021419453076651e-12
proteome,CSF2RB,9627,0.00704645916694191,0.006931014136355218,5.45603645565329e-5,2.829050045604114e-16,0.9133609120662267,-0.07442849952065958,8.778464207325716e-16,0.928287185663971
proteome,CSF3,10167,0.01965452000850032,0.01601121342108791,0.003428836853937911,1.5017194608321983e-37,1.2756022737487345e-7,-0.1411587787678376,7.89483090649733e-37,3.063751393728473e-7
proteome,CSF3R,9627,0.0051564210310547365,0.003851603380122137,0.0015296299024255555,1.1052438408263447e-9,0.002062413888996402,-0.03786597592277466,2.7565083163271377e-9,0.003861906340510239
proteome,CSH1,9904,0.001075819594102967,5.605455468499221e-4,5.447653730482616e-4,0.018479464266946962,0.14509448452751378,-0.01565628358208111,0.02774292452608422,0.19809022805881493
proteome,CSNK1D,9627,0.001276512284582032,6.31294360190493e-5,0.0012322920255122272,0.43576124432248176,0.007860062027470891,0.010205230512923333,0.49254838250371774,0.013757461860058332
proteome,CSNK2A1,9908,0.001766573550614492,2.868505521910203e-4,0.0014762257775314813,0.0918901529020104,0.0021611473050120126,-0.0158635422339831,0.12208859860571654,0.004039024023369637
proteome,CSPG4,9921,0.09377795333506811,0.008670055012454547,0.08680699268566894,1.5130026483362305e-20,6.904568000039018e-195,-0.0653362405007688,5.413104946250676e-20,1.9405819484725047e-193
proteome,CSPG5,9605,0.003081635192013654,0.0023350190514754843,8.472621506548927e-4,2.1667297460094017e-6,0.0432521330290516,-0.05091729177630106,4.5960457529647905e-6,0.06789795104399453
proteome,CSRP3,9611,0.029643098707998305,0.01030416982798954,0.01927863894591797,1.9713896394851885e-23,2.702393663265315e-40,0.20414365781616625,7.724359137017702e-23,1.3737559439520896e-39
proteome,CST1,8696,0.04854313763078966,0.023138694338385668,0.02635115326134363,3.690091785599838e-46,4.854839484782877e-50,0.3176493353924284,2.2424403927875938e-45,2.8212118914553375e-49
proteome,CST3,10340,0.13842303725599803,0.040935344557825326,0.103558589807623,6.119247717728172e-96,1.1859151817554972e-244,0.13259005902510662,7.743100034164263e-95,4.882295882072279e-243
proteome,CST5,10156,0.042727023499437466,0.0023596810923561806,0.04028320370848015,9.732912639759893e-7,3.767781763045275e-90,0.06130784630969684,2.115617248011495e-6,3.7976641701314964e-89
proteome,CST6,10058,0.08584645568634253,0.06400721191402703,0.024985485142654196,1.253924265650912e-146,7.376301496634397e-55,0.2762599460836473,2.5277383644811145e-145,4.597213064959988e-54
proteome,CST7,10310,0.001989603250236782,8.787786492953087e-4,0.0010444195508440002,0.0026135404185353294,0.013043523842161023,0.06309325602983755,0.004392972192857256,0.022244002444945548
proteome,CSTB,10166,0.03511021964640082,0.0014155193092436624,0.03356588825731577,1.483864124140584e-4,6.874385634447307e-75,0.03568171849400694,2.7982805386212427e-4,5.774088853301575e-74
proteome,CTAG1A_CTAG1B,9734,3.8666127557818175e-4,3.0405774425590337e-5,3.539653878902316e-4,0.5865230279338742,0.32802984172171756,-0.005617847599603524,0.6375629641691017,0.39360887822355517
proteome,CTBS,9779,0.025275706007662713,0.02103878009245852,0.004376762110889443,4.1141518060180424e-47,2.6166479006721564e-9,0.08470875266295692,2.5264003632333483e-46,6.715067439565156e-9
proteome,CTF1,10146,7.940721922782279e-4,1.5740060250479804e-4,6.563818407838706e-4,0.20643595691517894,0.0836028374567939,0.02304554316226435,0.2547118202039122,0.12243040775862153
proteome,CTHRC1,9921,0.18941435764187065,0.11072089178380518,0.09695174527503081,5.153985758812821e-255,6.438047405041809e-219,0.21540629568442082,2.469688585739324e-253,2.1881875075508383e-217
proteome,CTLA4,9921,0.0012339192755629336,1.0580758218470265e-6,0.001233758991990963,0.9184174975733799,0.006598135646542165,-6.472169619643277e-4,0.9343860533732047,0.01169578562452562
proteome,CTNNA1,9605,6.04145585003879e-4,3.407143440682381e-4,2.7964279985515095e-4,0.07050411283823509,0.4427677011129625,-0.01271279419379764,0.09567480121920202,0.5035836538339258
proteome,CTRB1,10349,0.004127584818852781,0.001529792721874812,0.0025417899795124876,6.909297667754103e-5,8.146034510411674e-6,-0.04900376009929858,1.3426488794990077e-4,1.8052205363103353e-5
proteome,CTRC,10329,0.015122445969699583,0.01373001349051206,0.0010401477818502425,6.754729216306201e-33,0.013190241526043244,-0.16964591847914248,3.263483223018682e-32,0.022467992995701867
proteome,CTRL,9903,6.551671618881816e-4,3.209460849739054e-4,3.3669558880522477e-4,0.07467835797109668,0.34302888970994533,0.02562117377849403,0.10077785796376529,0.40908749270590383
proteome,CTSB,10340,0.016292590565545106,0.0022974756613858283,0.014244077197802185,1.085287502044442e-6,6.196869684284568e-32,-0.05863713963452466,2.3481090810332374e-6,2.6954538820184217e-31
proteome,CTSC,10284,0.04101775555076548,0.0214885375575391,0.01997733867079976,1.7437350202944094e-50,1.0430441849868791e-44,0.14160683154324719,1.127641031929327e-49,5.614766395426607e-44
proteome,CTSD,9436,0.06552392448135069,0.02103095447096137,0.04607044529451809,1.6677583523732794e-45,4.2761008877154544e-96,0.132733391974794,1.0030571325076329e-44,4.61219295010785e-95
proteome,CTSE,9676,0.011673326244841853,0.001401459843034969,0.010435958749273944,2.307712785676739e-4,7.53663002828453e-22,0.0399797598660865,4.2909952115350556e-4,2.7096641540806497e-21
proteome,CTSF,10379,0.05904087827628257,0.018861310406573017,0.042040754958116655,7.237919176400026e-45,2.949788732346796e-96,-0.12494481399062403,4.282679707007546e-44,3.193419431351735e-95
proteome,CTSH,10130,0.016740059544153252,0.011191961397098438,0.005355969276635508,1.3350894709229124e-26,9.321321964831717e-12,0.17763278826829207,5.631264824686398e-26,2.6048015395031654e-11
proteome,CTSL,10283,0.06178616552362082,0.020313476958856436,0.042351267822403726,8.646678929194651e-48,4.376921092682107e-96,0.0774060586178431,5.35471239619406e-47,4.703581012466838e-95
proteome,CTSO,10432,0.0254248862234131,0.008566383303569403,0.016694267775303584,2.7685243069504787e-21,8.065503087256099e-38,0.06561808513375254,1.0166327323135991e-20,3.89677116099993e-37
proteome,CTSS,8142,0.028237650411563786,0.0018918020761726773,0.02620305123441946,8.665628491196376e-5,1.4193239640854395e-46,0.021689106655322074,1.6642333823762816e-4,7.842502735390812e-46
proteome,CTSV,10390,0.10430207710274542,0.001112749293589066,0.10317999586316717,6.732141099789513e-4,6.910948507111612e-245,-0.03110611218809085,0.0012006130832632547,2.885814640898178e-243
proteome,CTSZ,10306,0.04841425059465032,0.012213300433227325,0.036428079506429456,2.298301314771723e-29,1.5327848692345213e-82,0.08043984849697783,1.0399279788046047e-28,1.3957414868450173e-81
proteome,CUZD1,9655,0.001112818355471057,6.603500672502927e-4,4.288196472566064e-4,0.011579430573458923,0.2468188696002051,0.01970889902922394,0.017946275485800866,0.3112388075243311
proteome,CWC15,9837,0.010090912676925634,0.00641474107377582,0.003730678511417951,1.802580851507808e-15,5.1960452232571446e-8,0.07907692137972655,5.4600454186086246e-15,1.27309641136468e-7
proteome,CX3CL1,10264,0.030605125988369952,0.010021929144718444,0.02158546666426353,2.8392351908633857e-24,2.908715446073629e-48,-0.07312940954680144,1.1260630207454106e-23,1.647708381564577e-47
proteome,CXADR,10298,0.015028880133935885,0.007520311045497996,0.007651760729907142,1.2022599613646058e-18,4.867466253995589e-17,0.09733503338941261,4.016235276649992e-18,1.5879022165657484e-16
proteome,CXCL1,10291,0.0019027633099275576,0.0018454756809788142,4.019165417434856e-5,1.307748514928747e-5,0.937452374199461,-0.09353524893378809,2.6563925706301096e-5,0.9471736224628499
proteome,CXCL10,10351,0.07059278199835473,0.001248098384230123,0.06974588593903397,3.2504358357773107e-4,8.08629006142993e-162,-0.05373396537469184,5.938139967485675e-4,1.6883018463971203e-160
proteome,CXCL11,10430,0.024536061004715393,0.011402860955515903,0.013923616133954209,7.928737298456045e-28,1.7562562191504658e-31,-0.18676564148060038,3.448764750504021e-27,7.560437302764082e-31
proteome,CXCL12,10167,0.00731789942035177,0.004400589930926069,0.003271297687347796,2.1652697368091137e-11,2.7852064134767106e-7,-0.0590132665154798,5.691621799184388e-11,6.597373052343943e-7
proteome,CXCL13,10430,0.013418997214761919,3.2975665001844234e-4,0.013245778412600995,0.06370833589676417,6.158781827611758e-30,-0.024868946253930005,0.08709984369796149,2.5754104838496663e-29
proteome,CXCL14,10167,0.09502041596259458,0.009644863641636414,0.08650448128912802,3.2799650242344067e-23,5.293679347524399e-199,0.13558038064162367,1.276609556036907e-22,1.5320222507736456e-197
proteome,CXCL16,10417,0.03613378903737341,0.011741882264670545,0.0249609000904758,1.4128772490212154e-28,9.113499563986236e-57,-0.05833623690487958,6.257333634680322e-28,5.880520800338138e-56
proteome,CXCL17,10432,0.18965607347797164,4.3419328488125686e-4,0.18927267925141156,0.033342628286369226,0,0.023292559147879303,0.04789213881133034,0
proteome,CXCL3,10302,0.0017948804901872784,0.0017039058225907233,9.376014552886502e-5,2.7849560660432838e-5,0.8095893410095847,-0.08632499543253708,5.53018110125307e-5,0.8353087341231965
proteome,CXCL5,10261,0.03462110866500956,0.03252995512107837,0.0023077867011039865,9.733918929672724e-76,2.889349564281541e-5,-0.4699911333824828,9.32860492833881e-75,6.214546560997016e-5
proteome,CXCL6,10432,0.001960781046832394,4.197110901493772e-6,0.001956519215094099,0.8342984024299689,1.3879717352675424e-4,-0.0034980748769383578,0.8644644559740514,2.8351092817519404e-4
proteome,CXCL8,10269,0.026067231299781612,5.788453696092821e-4,0.025442202709540895,0.014778366110078855,4.705708509262556e-57,0.03516870942251742,0.02258084900144302,3.070264726021083e-56
proteome,CXCL9,10351,0.13820637060057162,0.0029545898408448457,0.13653155345572932,3.151459381106384e-8,0,-0.07939744117446401,7.410873508426355e-8,0
proteome,CYB5A,9580,3.187495743974811e-4,2.508467221662425e-5,3.0070847845964366e-4,0.624078877850612,0.4105205651606648,0.007216582949135243,0.6733785751042226,0.47400098167124727
proteome,CYB5R2,9791,0.01702541651566869,0.007237885535180899,0.009947728390356847,3.4235392269433547e-17,4.525764274058935e-21,0.09659564632904795,1.0948583326428257e-16,1.601550723132478e-20
proteome,CYP24A1,9611,5.655230068951633e-4,3.498863525378537e-4,2.111085723498496e-4,0.06674043691143822,0.5665684761411574,-0.03286091947698748,0.09090507786213137,0.620254552719327
proteome,CYTH3,9580,4.6522573856233596e-4,3.000360286493642e-4,1.6345560577391005e-4,0.09006976875667126,0.6672838165359758,-0.02501350910107912,0.1199425667771071,0.7074612244231618
proteome,CYTL1,9921,0.09834341727068385,0.09603455927884175,0.001451388745768889,1.0301395572550382e-219,0.0024047252306058646,0.15950260163888666,3.6720706412883865e-218,0.004465700031169595
proteome,DAAM1,9676,3.809200253823697e-4,1.534825052162958e-6,3.803103698967192e-4,0.9030336927802026,0.29829327946189704,0.0021400249637536293,0.9226031052067571,0.36375104541807474
proteome,DAB2,10438,0.0015287054282027146,0.0010314195008749305,5.183886385727865e-4,0.0010339079756002283,0.14412117971153174,0.08073695617148403,0.0018150828904981786,0.19694539892323853
proteome,DAG1,10351,0.009632997482030614,0.005420334150571748,0.004210667714561911,6.451638045411286e-14,1.7842603396784547e-9,0.07899886117124592,1.8727048666074668e-13,4.607237608551346e-9
proteome,DAND5,9627,4.808758249369438e-4,3.6723576269159786e-4,1.2785804366444165e-4,0.060122293882412664,0.7457244982904948,-0.021707816192668823,0.08273891950013758,0.7768184991101625
proteome,DAPK2,9627,0.0022644167302355855,0.0015380159119929848,7.730802385484958e-4,1.1894041907679759e-4,0.059071774402891526,0.03833716649925833,2.2604866382410884e-4,0.09002439863381227
proteome,DAPP1,10298,8.056649692493867e-4,3.474333019726217e-4,4.8000510991330625e-4,0.058599726611719576,0.17608488696848992,0.0499510803133912,0.08075766189818781,0.2325784566691803
proteome,DARS1,10256,0.0037576841120748883,0.0032599797676081677,6.030105199201774e-4,7.23341444579788e-9,0.10301024342236104,0.09406833585901575,1.7473777210799342e-8,0.1468775324505177
proteome,DBH,9885,0.009571951582148852,0.008778157295880495,5.588924356191294e-4,1.0282225004095742e-20,0.1372291077005754,-0.21599294229954855,3.683203883207335e-20,0.18867388608127086
proteome,DBI,10300,0.002303349790424458,3.056115054959063e-4,0.0019877674467406736,0.0760854154255051,1.346287704746795e-4,0.031056347579853223,0.10253465619582823,2.755741569310141e-4
proteome,DBN1,9627,7.215613910198648e-4,1.2735189697898885e-4,5.99392685654121e-4,0.2683046087151875,0.1233853622633843,-0.011902412080173778,0.3218113956809574,0.1720684226602444
proteome,DBNL,10351,0.0018026976390997929,0.0014307649555522772,3.935768851299759e-4,1.1874088215235326e-4,0.25369437802605044,0.07963797719928886,2.2581626449663536e-4,0.3173079447882522
proteome,DCBLD2,10379,0.08783228302227253,0.010845196766791854,0.07971465788388088,2.0339450715756935e-26,1.6874413050063775e-186,-0.08129468663652795,8.541984833643323e-26,4.326658714503194e-185
proteome,DCC,9655,0.01945569109203049,0.002236657461666347,0.017040472059760003,3.3466340844562075e-6,9.931114255299572e-36,-0.022283871163447516,7.06807184166582e-6,4.6594938953837314e-35
proteome,DCDC2C,9580,1.6419368424736014e-4,7.362140063804645e-6,1.5733059031297625e-4,0.7906260220960364,0.6807392283966425,-0.0033715230500947664,0.8238858690148714,0.7201595239244973
proteome,DCLRE1C,9580,2.2657745643317462e-4,4.244191616276094e-5,1.8107418167712108e-4,0.5238183621757284,0.6293942146224809,-0.004128025649395983,0.5790926901057694,0.6736430938636073
proteome,DCN,10146,0.13331573070145886,0.009169267425894856,0.12516303692080788,4.251259973422197e-22,9.897678482365493e-294,0.04834464696992998,1.5890579158968134e-21,6.575207773625986e-292
proteome,DCTD,9676,2.521528813362872e-4,2.83528428068891e-7,2.5208993837211313e-4,0.958239620571232,0.48652739050504834,0.0010396184266992918,0.9661726150154231,0.5452912432692701
proteome,DCTN1,10438,0.005849446490963417,0.005244054087646832,6.943788012453433e-4,1.2992032780251006e-13,0.06441904944834777,0.1084540746437876,3.726762690546976e-13,0.09726078591814077
proteome,DCTN2,10318,7.543841984496424e-4,5.880093996096791e-4,1.7996276911835807e-4,0.013783754225957238,0.6027794027464571,0.04993440713644289,0.021149560946180056,0.6501565292353852
proteome,DCTN6,10131,9.398468318219111e-4,3.2455022983612913e-4,6.341731901465808e-4,0.06984042478496305,0.09270875565010453,0.027356983822959906,0.09486224983570957,0.1341523231511166
proteome,DCTPP1,10283,0.05444232728959131,3.7804307906341705e-7,0.05444171012246368,0.9502980607665075,2.1818809043027652e-124,-4.303598679922884e-4,0.9604845199241014,3.008319756262728e-123
proteome,DCUN1D1,9605,7.82334702334353e-4,6.118047122000148e-4,1.5420971033641706e-4,0.015358972346357604,0.6867539854847042,-0.033644674294074674,0.02339462020239879,0.7246866063436066
proteome,DCUN1D2,9580,6.204204317129536e-4,3.714670892954741e-4,2.483309688304791e-4,0.05928508094603967,0.4977077434590983,-0.030431943299246766,0.08166366239645331,0.5550552209580101
proteome,DCXR,10379,0.09759789344174974,0.09468897003762844,0.0042970345998755155,2.0685056054487104e-226,1.0844197087617834e-9,0.40003235542501997,7.955581427271817e-225,2.832670963995257e-9
proteome,DDA1,9611,5.802153132044019e-4,3.4866430428159845e-5,5.490247783055402e-4,0.5627789943151548,0.15268993290541136,0.004734487412586254,0.6151843681313379,0.20605386605841064
proteome,DDAH1,10318,0.02032089524926106,9.997162349741906e-4,0.01928832720529472,0.001319725671597826,2.7313621853283106e-43,0.030958624425118517,0.002289352010730235,1.441114019443078e-42
proteome,DDC,10253,0.011914047107586034,0.0014692759308739811,0.010385998982718081,1.0373526782693486e-4,4.857537420252631e-23,-0.04146490855923538,1.9818182212949712e-4,1.7859851420626967e-22
proteome,DDHD2,9908,0.004207308574358026,0.0036954015937660234,5.973386058576446e-4,1.4052783124415394e-9,0.11569322445884603,0.08598423341973435,3.4958540487375484e-9,0.16289561420674709
proteome,DDI2,9676,0.02641351292847749,0.024424848953280898,0.0020957341346757863,6.078006385847869e-54,1.4778773965637892e-4,0.24891901897780194,4.180238274313723e-53,3.0082420822813064e-4
proteome,DDR1,10430,0.03620437288922118,0.018958148748359327,0.01710075705627989,2.6493507258501653e-45,9.617383179047573e-39,0.07026328208311607,1.590154450032861e-44,4.740575216248913e-38
proteome,DDT,9921,0.035272214464565854,0.03510519293836234,1.9099426658630847e-4,4.8035972958559554e-79,0.5946587240224761,0.15959539480158497,4.808532498557177e-78,0.6444892288905071
proteome,DDX1,9886,0.002387912441447204,2.2134802474294002e-4,0.0021710456291275104,0.1391556536031008,8.381568070763259e-5,-0.015362523102024373,0.1784782691890582,1.7424838883955198e-4
proteome,DDX25,9655,0.0024526357947128874,0.0019150390019024854,5.004513265375321e-4,1.701821436284844e-5,0.18461329295281967,-0.034514491512360905,3.444892007105678e-5,0.24231012811005473
proteome,DDX39A,9627,4.547642848573563e-5,1.4954952573531521e-5,3.0046950578843656e-5,0.7044438978426599,0.9620594913826936,-0.0017085400351754072,0.7479438842695586,0.9670219715652042
proteome,DDX4,9627,5.827875254799109e-4,2.329952024923143e-4,3.266906154911764e-4,0.13430503140418565,0.3699378363893876,-0.016299996950313766,0.1729601335711764,0.4354926684519452
proteome,DDX53,9655,3.9876391223858665e-4,8.06006485194466e-5,3.223744016873642e-4,0.37781871603992423,0.37474026022576795,-0.006529064761409424,0.4351316418379427,0.44008267603050205
proteome,DDX58,10125,0.002729368737914739,0.001940253500880007,8.093532851151108e-4,9.283466765517616e-6,0.04216078367442923,0.0524151489287049,1.9042507617970517e-5,0.06625589821524551
proteome,DECR1,10298,0.0017303664290929666,4.2611893672606094e-4,0.0013643215856031787,0.03621899754297704,0.0028335818917659553,0.044562611681285995,0.051841810446040255,0.005228888806585788
proteome,DEFA1_DEFA1B,10091,0.016418770257301984,0.0033162760181244533,0.012762857372910386,7.119500288418912e-9,6.7244095331325705e-28,0.062032272118665834,1.7212819969436294e-8,2.6962207222697536e-27
proteome,DEFB103A_DEFB103B,9591,0.002446733324902528,0.001537895350271823,9.198597953443688e-4,1.225625777668534e-4,0.0317493096636299,0.03334089204648735,2.3263013948864446e-4,0.05101881921208916
proteome,DEFB104A_DEFB104B,9605,0.08539014144464252,0.08442263313098874,0.0012491407279829891,3.830951139185741e-186,0.00738359970318528,0.34258974740492715,1.0978304097882275e-184,0.012985717167515388
proteome,DEFB116,9605,0.0021199149517429072,0.0014509204446223611,6.503460504875269e-4,1.8891730014224424e-4,0.10025038205572588,-0.06153727764858769,3.53524499561959e-4,0.1435726931645697
proteome,DEFB118,9605,1.702251915589592e-4,3.4222753908963455e-5,1.3298691908980587e-4,0.5665277644001667,0.7346432329139101,-0.00693855042789544,0.6183572275361042,0.7672450316620285
proteome,DEFB4A_DEFB4B,10211,0.10875583333999694,0.1038989312638624,0.005311777751259239,1.8474678176945516e-245,9.406214790849134e-12,1.1338703662431144,8.571664176382817e-244,2.6235081902339712e-11
proteome,DENND2B,9611,0.0010066221826373623,7.441804633182558e-4,2.7934035656362877e-4,0.007492693907931016,0.4429774320481008,-0.028747523083905824,0.011928727828367298,0.5036262286567867
proteome,DENR,9627,5.715392669458641e-4,3.6507732186408237e-4,2.085902863522282e-4,0.0608805511746246,0.5708785697348827,0.02252503117307078,0.08374298874514245,0.624505261727194
proteome,DFFA,10432,3.9452373534676344e-4,8.681313517056033e-6,3.8726105383668497e-4,0.7635220532250886,0.2572891805912296,0.004432925219124054,0.8007803952554481,0.3207063005834389
proteome,DGCR6,9605,0.001000495820234537,8.558338446895686e-5,9.040011980155915e-4,0.36471486273960474,0.033819665220369395,0.008198473622106621,0.4222163830041728,0.05398955840477321
proteome,DGKA,9627,6.422034048199077e-4,4.048613039913107e-4,2.504298739424149e-4,0.048396554788413794,0.4917641024536321,0.02236929891995671,0.06778300414304433,0.5496850751326833
proteome,DGKZ,10167,0.0013869505616408428,8.693498594095628e-4,5.741621798585061e-4,0.002950641864416368,0.11983639592861632,0.02201271134630196,0.004935546730180271,0.16783985879221155
proteome,DHODH,9611,9.469566052566769e-4,3.620197046408924e-4,5.507144513282602e-4,0.06218948892765434,0.15162913552436988,-0.017373099143529826,0.08530261667552025,0.20490613182511933
proteome,DHPS,9877,0.005558371997113287,0.004194488023267828,0.0013620914197027822,1.1829548975571096e-10,0.0037466976268766463,0.05276622580523903,3.025176872755408e-10,0.006819176315915589
proteome,DHRS4L2,9903,6.97640511567621e-4,1.820318779739427e-4,5.301318902315444e-4,0.17949207624827812,0.15445264487961288,0.013489958166323158,0.22488441443365492,0.20824035100696883
proteome,DIABLO,10243,0.0018463853135781694,9.86527403320392e-4,7.939543684108985e-4,0.0014790295105933206,0.043358455302864925,-0.07645441491221977,0.002556595659056343,0.06799182663641318
proteome,DIPK1C,9655,9.474313802745327e-4,7.552844039628859e-4,1.6881264301182863e-4,0.006930588354781783,0.6527727728577648,-0.0233449332404369,0.011100334115631315,0.694848803737526
proteome,DIPK2B,9676,0.10586106501362946,0.090120326193186,0.019100452598600715,1.2539607044059772e-200,3.4510697941930896e-40,-0.17918804908786531,4.027832020855683e-199,1.7482629130721667e-39
proteome,DKK1,10430,0.007425780937201143,1.6030765095376154e-4,0.00728636280361028,0.19608970939894665,1.962769586306051e-16,-0.016904111351601796,0.2432810783417322,6.249646515002819e-16
proteome,DKK3,10431,0.07338770132283834,4.627442651283786e-9,0.07337588044124244,0.9944581401747405,6.498320311775709e-172,4.539545155576934e-5,0.995820878290773,1.4724488582418911e-170
proteome,DKK4,10252,0.04291807471078679,0.002295519873874108,0.040564543051069823,1.2183077657425959e-6,1.175196180007971e-91,0.04760468719616719,2.624254678898753e-6,1.201083368588566e-90
proteome,DKKL1,10318,0.04469582694548213,0.025272047086026483,0.02091086994586644,2.34243276007225e-59,5.567140956360241e-47,-0.31483678936674786,1.7646729272399967e-58,3.093679280502088e-46
proteome,DLG4,9903,0.0013698046257064611,3.396729804442389e-4,0.0010644609739517419,0.06669737440613932,0.014477487255027805,0.025917835307219545,0.09088877640519592,0.024560473155221283
proteome,DLGAP5,9908,7.705061039874339e-4,2.2346184830213112e-4,5.673345474610514e-4,0.13684537383862103,0.13162394679808218,-0.016117871759534337,0.17590106760346935,0.18182268265160406
proteome,DLK1,10431,0.05822304253063859,5.390027442451206e-4,0.05766471931649375,0.017747653407081985,6.686234268250367e-134,0.02919440742829141,0.02676800356496421,1.0286243561103064e-132
proteome,DLL1,10379,0.06771084266453864,0.01360284665411915,0.05438785577771987,9.351849596148801e-33,2.0043132079167747e-125,0.0759253691285872,4.4959632186748265e-32,2.803161486478819e-124
proteome,DLL4,9666,8.593217742932646e-4,8.361880890335183e-4,2.6316488864419618e-5,0.004472251640027773,0.9683881040048232,0.049330994501449135,0.007294861352567622,0.9727142364282124
proteome,DMD,9666,0.009909738732740592,0.0029109949960846038,0.0069025398126267845,1.1153466293570724e-7,1.9478289683101392e-14,0.05865342134091453,2.548989990313309e-7,5.833508272920632e-14
proteome,DMP1,9666,0.032684973733108635,0.031599988221737596,8.023166476343047e-4,1.9762949407386155e-69,0.05136305923790674,-0.22711076565430022,1.7141573031985082e-68,0.07926833270982123
proteome,DNAJA1,9580,0.0011713386787679525,8.964967909955712e-4,3.239142457139854e-4,0.0033850469203121486,0.37614323173850905,-0.028266107016543682,0.005621870538677506,0.441156499438608
proteome,DNAJA2,10392,0.0035724158516826643,0.00316326714739279,4.626678949172236e-4,9.665716240891024e-9,0.18648156055422518,0.10435174821636886,2.3291746555749764e-8,0.24454266554508755
proteome,DNAJA4,9903,0.010323088749022324,0.009775228993070706,3.6905817497445703e-4,6.18392897334677e-23,0.3013561526697101,0.14544203780684822,2.378371630143764e-22,0.3665684703510456
proteome,DNAJB1,10318,0.014776890643618978,0.014315828291467492,5.140805584294972e-4,3.336974226718758e-34,0.15088625712760761,0.23676533001552272,1.636573098103847e-33,0.2041854303629616
proteome,DNAJB14,9886,2.0303034025925815e-4,1.0974722754208965e-4,8.752562872527125e-5,0.29771154227327556,0.8338835204265552,-0.013821737147244089,0.3534568797988564,0.8567457048178632
proteome,DNAJB2,9676,0.01661613370983661,0.01593190274102374,7.589279854601783e-4,1.1979926266360598e-35,0.06173932341673521,0.1400461148042497,6.10057917710314e-35,0.0936988797233214
proteome,DNAJB6,9590,0.0014121682424509396,0.0010032412488661935,4.496519647734232e-4,0.0019242861382927922,0.2297706041672464,0.0550808715907007,0.00327588141073374,0.29328361396544156
proteome,DNAJB8,10146,0.001299085413865142,5.20966054877281e-4,7.452978114147468e-4,0.02151937052863245,0.05600524371275484,-0.028300025542470957,0.03192950256608764,0.0857534454543648
proteome,DNAJC21,9903,9.255522017055373e-4,4.8390202445025565e-4,4.790373633642986e-4,0.02861579781763867,0.19162178408901964,0.01631290257767691,0.04151065857119495,0.25016099816534365
proteome,DNAJC6,9666,0.005866188838473452,0.004724836678035582,0.001162019564064587,1.3418091232946892e-11,0.010528576152458596,0.1214635080816169,3.559081730844262e-11,0.018102957702139103
proteome,DNAJC9,9886,0.01662747707979928,0.015524212140660132,9.866083408699433e-4,1.7209909179391644e-35,0.020777407135915596,0.2001124051196107,8.733431342250308e-35,0.03429269399112438
proteome,DNER,10280,0.02435804249366058,0.014486549662295012,0.011059904550453248,1.7951817081798347e-34,1.3160366458573827e-24,0.07316117104944969,8.90885591342896e-34,5.008821765418138e-24
proteome,DNLZ,9605,0.00427218183814182,0.0035137779900255017,7.497667817266684e-4,6.1396400384091525e-9,0.0657646116644781,-0.10786268590183941,1.4917845247107193e-8,0.09903655842105588
proteome,DNM1,9886,0.0015838753203680778,0.0012141171021070596,3.444475205780506e-4,5.310437025454912e-4,0.333395283175984,-0.08296908464704977,9.575821977424249e-4,0.3993911527554923
proteome,DNM3,9908,0.011985388971979538,4.7742425964392154e-5,0.011956328560376761,0.49171070878776324,1.192052600532525e-25,-0.007965990378857995,0.5475315816330026,4.615059273319962e-25
proteome,DNMBP,10264,0.0032086923505729725,5.608653135105168e-4,0.00260035225619204,0.01643944730012529,6.761832288232577e-6,0.03245329326438404,0.02492349816300115,1.5041731947110978e-5
proteome,DNPEP,9903,0.018302805888109064,0.0032656423720566208,0.01512927341543302,1.2713835065460522e-8,1.683791800632307e-32,0.06920187826986582,3.036155220289306e-8,7.423413926467925e-32
proteome,DNPH1,10330,0.01798628693440585,0.017803969023986843,1.9347923327117655e-4,3.09395380172154e-42,0.572829577058893,0.153478322539397,1.7663333911000118e-41,0.62617085031531206
proteome,DOC2B,9655,3.492859446169172e-4,1.1394853983426323e-4,2.4151867578459107e-4,0.2943519091988875,0.506597241982423,-0.007811006243742247,0.34989452240274427,0.5632498053688179
proteome,DOCK9,9605,8.153979250664634e-4,4.991986054825315e-5,7.571310163779765e-4,0.4887768967812589,0.06372706815833513,-0.0170034373360349,0.544472130065404,0.09646515806670823
proteome,DOK1,9903,8.376934281183468e-4,2.6440037407182704e-4,5.986873922285696e-4,0.10570757966967538,0.11517213905302318,0.046539010249772174,0.13911898035770423,0.162474981878372
proteome,DOK2,10283,0.002183381532695372,0.001667647584413623,5.706705619535901e-4,3.4476352277488986e-5,0.11824731286524845,0.11182746440392792,6.81368341494931e-5,0.1658637595881917
proteome,DPEP1,10256,0.04028666589479135,0.03859141198756322,0.002181457630231809,9.935552327955048e-90,5.4171373361619196e-5,0.2222862117232301,1.1478900970202611e-88,1.1399778569907336e-4
proteome,DPEP2,10318,0.016713423325530274,0.015322187142313037,0.0015423487545599412,1.664210714249209e-36,0.0011780157248177281,-0.07386470504922497,8.564239291814152e-36,0.0022594094249620863
proteome,DPP10,10298,0.030288798608497536,0.027747402468635385,0.002391109618057108,5.9949016557703925e-65,1.8340832602328595e-5,-0.1316944607944235,4.9500275536205816e-64,3.982931181025741e-5
proteome,DPP4,10102,0.022051387270688005,0.008332906495391423,0.013230097240014893,3.8700577852599975e-20,5.847457548223986e-29,-0.06183838850341571,1.3629131212427678e-19,2.380517884882829e-28
proteome,DPP6,10318,0.05511430517763283,0.045463420933278376,0.010852406645312174,2.322434080643134e-106,3.1193951340207434e-24,-0.16952483877550992,3.248074075464058e-105,1.1795591173017637e-23
proteome,DPP7,10219,0.01512125922163754,0.013757944339299222,0.0013590828071362582,1.2556974183306533e-32,0.003056202199075916,0.15892985244173283,6.007207125663666e-32,0.005621950300754501
proteome,DPT,10431,0.1370725359838807,9.110691371327917e-7,0.13705957777518019,0.9223614893335237,0,6.051950564661548e-4,0.9361328587923228,0
proteome,DPY30,10389,0.01884330352543928,0.0050325298218836245,0.013769749038004542,4.556831176818742e-13,5.224166316933166e-31,0.09280720000365501,1.2807324547924213e-12,2.2357596111853067e-30
proteome,DRAXIN,10264,0.039002514744902905,0.016492158476867913,0.023946342470426485,5.4841957655550736e-39,1.2710663656099719e-53,-0.12343405502738902,2.957620705298428e-38,7.7564237717702455e-53
proteome,DRG2,10318,0.002117633264280494,0.0016706904103560571,4.94544563671484e-4,3.288373191330965e-5,0.1644965540792379,0.05221268305344701,6.512137424295672e-5,0.2200564885920423
proteome,DSC2,10212,0.07656234406053186,2.7953151415671673e-4,0.07647366965745761,0.0911788069679679,1.0449617000051824e-175,-0.012457106706210168,0.12130889975756494,2.4435384392921185e-174
proteome,DSCAM,9908,0.004092522891293249,4.7960449655792825e-4,0.003599957892318262,0.02929109678113673,8.596439396769635e-8,-0.016191403070157907,0.04242709409874265,2.0887275442026305e-7
proteome,DSG2,10349,0.06834549899711073,0.06565669869571378,0.004173966509141036,8.807363156141896e-155,2.1588176749103856e-9,-0.15904059447627508,1.8929354783384383e-153,5.5498892381381336e-9
proteome,DSG3,10359,0.10394436815276953,0.09360912626390716,0.013072409859901879,2.696368955992792e-223,2.4309859146821368e-29,0.24576538779294274,1.0104469818419141e-221,1.0022245174352449e-28
proteome,DSG4,10298,0.02850464288682708,0.004073652471732525,0.024284431974657794,9.063610676159881e-11,1.4276369451353572e-54,-0.073253286767644,2.3321244723957155e-10,8.803761161668037e-54
proteome,DTD1,9676,0.0018291189998607127,8.168520849982652e-4,9.696846604896336e-4,0.004936389632105673,0.02461080262732275,-0.05146346670526421,0.00802506501370683,0.03998742416879622
proteome,DTNB,9855,0.08632828661427827,0.034171753678491235,0.05500553213123749,1.8584888638869614e-76,1.814618368769217e-120,0.17322851989933272,1.7928590591226363e-75,2.378533404445032e-119
proteome,DTX2,9655,0.005125178966490673,0.004618137319661431,4.821057857621325e-4,2.3368812289738985e-11,0.19898490358576768,-0.08908917000504854,6.131691052325588e-11,0.2588486306992429
proteome,DTX3,10318,0.16309511800133947,0.020904577565257543,0.14679392181533757,2.6447369413889426e-49,0,0.07453620977078039,1.6805578434086696e-48,0
proteome,DTYMK,9919,0.014433084764810866,0.013647238655171257,9.713828394731783e-4,1.7828255363346546e-31,0.02193315541674366,0.16821863448271535,8.337918468329913e-31,0.03603744422885988
proteome,DUOX2,10146,3.396367695643887e-4,4.6285018854397286e-5,2.9444347813301075e-4,0.4932798593221954,0.3937053768135992,-0.010501771008791844,0.5490696987047895,0.4590350284906863
proteome,DUSP13,9877,0.028284205729968814,0.02720402800552757,0.0012524419575254964,3.64146830303927e-61,0.006210256114059436,0.14579776082681728,2.853622479834795e-60,0.011035002201456373
proteome,DUSP29,9655,0.01983450768808026,0.011999468702714955,0.0076395552713892645,3.713981171430437e-27,5.909831053490504e-16,0.1525376132609331,1.5941214337872493e-26,1.859465680231727e-15
proteome,DUSP3,10131,8.513661269873296e-4,6.385440344550686e-4,1.900051297647476e-4,0.010985614753620306,0.588272593953835,-0.04760881954989814,0.01710759292745453,0.6392632283094667
proteome,DUT,9886,0.010472352300037513,0.00992482363830438,4.893031946344717e-4,3.1658606921595077e-23,0.18418933216942332,0.21929026074590152,1.2338414404242988e-22,0.2419709743511121
proteome,DXO,9903,0.0033278531373809317,0.003203832690930497,1.7717503919301159e-4,1.743733139372596e-8,0.6250128687547841,0.05337802057650112,4.137120102586118e-8,0.6701807099670704
proteome,DYNC1H1,9877,3.592157051925948e-4,1.8982547518076043e-4,1.784736087711014e-4,0.17101308303848436,0.623208592683101,-0.013497214566894296,0.21546174212133182,0.6687366800340324
proteome,DYNLT1,9655,7.662171243819627e-4,3.482195089887785e-5,7.339992424653108e-4,0.562135457355279,0.06920473321367016,0.009621797210022978,0.6148059117651514,0.10341791164803572
proteome,DYNLT3,9877,4.0663448794708845e-4,7.125675739894088e-5,3.2400152264500104e-4,0.4016315031243972,0.3619169482930325,-0.007767745233864194,0.4600191550284534,0.4279462944419636
proteome,EBAG9,10264,7.89552017023909e-4,4.4380159948065323e-4,3.686938754658975e-4,0.03284674590162761,0.2858331677195799,0.04511286998906033,0.04729607796574261,0.35163735237556065
proteome,EBI3_IL27,10427,0.06051895183421585,0.007928661604644116,0.05426305889667893,8.382146180603133e-20,1.0428787009377282e-125,-0.06178273899427928,2.923748602136391e-19,1.4797740013791163e-124
proteome,ECE1,10131,0.001826359710612735,6.214937453563607e-10,0.0018263025966350765,0.997998451021849,3.4502631067029034e-4,1.8812917063910114e-5,0.9986817775887931,6.879344516297808e-4
proteome,ECHDC3,9919,0.014952764824836984,0.01310272746815122,0.0023910497244430395,2.8050151330120983e-30,2.838052885291562e-5,0.1819620354097181,1.2851190021621259e-29,6.108710297280733e-5
proteome,ECHS1,9666,0.006647100608787815,0.006143173028136939,6.841390148778492e-4,1.2049531619455593e-14,0.08534594682186863,0.1577983265996872,3.5829889037302845e-14,0.12448413301413275
proteome,ECI2,9611,6.77176830205295e-4,3.270361099414476e-4,3.654539478928909e-4,0.07630678175967133,0.31928981553435937,0.022962183865250594,0.10278558667443287,0.3842256610979549
proteome,ECM1,9698,0.00324575897018764,4.095722671513258e-4,0.002755476072807239,0.04630148069064096,6.6517514740919636e-6,-0.015208273047348354,0.0651295611447274,1.4808126091980813e-5
proteome,ECSCR,9605,5.310879284989856e-4,1.039455457841898e-4,4.1865402408003405e-4,0.31782472560367137,0.25929869305500836,0.009566050376287872,0.3741448541842656,0.3226607406555084
proteome,EDA2R,10438,0.35222038965164393,2.5604736179407617e-5,0.35210391256973606,0.6052670139547449,0,0.004259869099780851,0.655743321641853,0
proteome,EDAR,10298,0.002250033918640093,0.0014471246311538177,7.350532816183808e-4,1.1304387031902122e-4,0.055810478009704886,-0.07845345548326332,2.158244499951006e-4,0.08550001426748814
proteome,EDDM3B,9877,0.641195812637175,0.6408150598601197,4.856610233593406e-4,0,0.18737083023502468,1.4382773228288837,0,0.24548854180949223
proteome,EDEM2,9611,9.096016604398516e-4,7.107662406451443e-4,1.9586143729033445e-4,0.008965469385403487,0.5973136586165998,-0.020154878850066865,0.014114956899908717,0.6466473422727115
proteome,EDF1,9908,2.588192515402543e-4,1.2018411833125686e-4,1.4929643003058768e-4,0.275290275100887,0.6872025225186158,-0.015256310479894555,0.3292444656791705,0.7248982220577098
proteome,EDIL3,10146,0.04475366689177229,0.004663897211103607,0.04077685362458361,5.773869219885017e-12,3.426162233649096e-91,-0.0571652259863872,1.5583582391250144e-11,3.465284501368965e-90
proteome,EDN1,9666,0.06471940728070047,2.3948317360111826e-4,0.06454146033717012,0.1282298732353014,2.1583095378909525e-139,-0.009377466463227001,0.16570111382262864,3.5048548773640295e-138
proteome,EDNRB,9627,5.601556787612205e-4,1.2406077786852876e-5,5.462064153259893e-4,0.72972333133579,0.15389677977118296,-0.0030761081247760278,0.7705857288636252,0.20758665771627496
proteome,EEF1D,9919,0.0012205852790380112,4.3100098409232235e-4,7.849619774099592e-4,0.038707715964871776,0.05065775802403044,0.040105918240607136,0.05513774549966872,0.07826248768723096
proteome,EFCAB14,9886,0.06927061096236153,0.004726428391417903,0.06475418904466246,7.820584643440406e-12,4.617590900843871e-143,0.03788994504772162,2.0972081571354408e-11,7.893110060331365e-142
proteome,EFCAB2,9746,5.547464486113096e-4,3.3490839145544626e-4,2.327354955038441e-4,0.07087141005375665,0.5187839927635554,0.01299226492305833,0.09608401279551515,0.5749645440535863
proteome,EFEMP1,10331,0.1799391315374287,0.02503361770161272,0.16395908467387743,7.040380520246128e-59,0,-0.11190281886402993,5.263179606311875e-58,0
proteome,EFHD1,9908,0.10069091796089757,0.016353502370350492,0.08641109142866943,2.1736904695241367e-37,1.062383021992363e-193,0.09345940342117504,1.1366184691268428e-36,2.957471974555883e-192
proteome,EFNA1,10325,0.04871331441094029,0.0038050212941157513,0.045801605497839404,3.559237623612081e-10,1.4987260525762332e-104,-0.037372262825598385,8.991920115659561e-10,1.7593478922410964e-103
proteome,EFNA4,10245,0.07221305034776615,0.0024208568000596564,0.06962678181024728,6.299273877607735e-7,7.143989924703211e-160,0.03177114612533115,1.3782019119945666e-6,1.4705551091484144e-158
proteome,EFNB2,9655,0.001647886284478095,8.774151715311707e-4,7.378557183697065e-4,0.0036098508639236544,0.0680697623700888,0.03535406753849826,0.005974855082247362,0.10194972938510566
proteome,EGF,10238,9.838175659193649e-5,1.4518151684184133e-6,9.749925687818628e-5,0.9029908871096706,0.8017825291852587,-0.002777588595023753,0.9226031052067571,0.8284235888329837
proteome,EGFL7,10125,0.05573318385700887,0.013926168103598369,0.042446038401483976,1.0143119746727652e-32,8.045038882097935e-95,0.10638367748923565,4.8683643710484274e-32,8.458866421716642e-94
proteome,EGFLAM,9886,0.023518042500582426,0.013552191744250597,0.010567880421387676,3.6185407014803854e-31,1.318197585690037e-22,-0.07415874701870266,1.6842347882845806e-30,4.786449121704321e-22
proteome,EGFR,10431,0.050260308167176304,0.011868454766995273,0.037956925271988795,6.631893960771616e-29,3.933218142777608e-87,-0.03977315153671255,2.9777305756275624e-28,3.7943223205739104e-86
proteome,EGLN1,10298,0.018767169258735117,0.011369121870201448,0.0071635487816773535,2.030303411376525e-27,5.925058093887273e-16,0.11633038374991643,8.765992424599088e-27,1.8622521299389783e-15
proteome,EHBP1,9919,0.001097093346087541,1.5103980612762857e-4,9.62825778242471e-4,0.2210647225956485,0.02279978972506229,0.019631771609599218,0.2702518545157175,0.0373563819318145
proteome,EHD3,9666,0.0020680446912729744,7.206857299313363e-4,0.0013929279458497756,0.008313362540655924,0.0037279342349824016,0.06482898796443624,0.013170709325928058,0.006789253438538044
proteome,EIF1AX,9903,0.005305355469807815,0.005029219160666565,2.9572505801500615e-4,1.6159611588641349e-12,0.40291241749856654,0.0718662032195694,4.426855170908966e-12,0.46734642712234525
proteome,EIF2AK2,9843,0.0015647335652546612,7.759904301247733e-4,8.233046487220452e-4,0.005719025858199273,0.04392200770399745,0.06334185502038894,0.009235752808572638,0.06872806665887823
proteome,EIF2AK3,9611,0.0018805535841923682,9.8311529229278e-4,9.034760940408448e-4,0.00211384197610656,0.033813888773592475,-0.04413936251688354,0.00358396757317835,0.05398955840477321
proteome,EIF2S2,9666,0.003352446569836909,0.0023410497244811257,0.0011137696551204446,1.9514832960527217e-6,0.013056790085450104,0.037933655497421684,4.1493514878635055e-6,0.0222536428103619
proteome,EIF4B,10264,0.006602294071644033,0.006140841241213724,5.64202522498114e-4,1.8769499962889907e-15,0.12228268868445902,0.1008235111139267,5.67355205703487e-15,0.17077510703520005
proteome,EIF4E,9627,0.0025392707457535524,0.001731517035233443,8.189095276290859e-4,4.437975976217369e-5,0.048488627394707884,0.07781289321848268,8.717878883389362e-5,0.0752693881437765
proteome,EIF4EBP1,10283,0.022792928696588,0.021698338415393037,8.818608259173466e-4,5.828426952988593e-51,0.028397668425610856,0.21118008390928525,3.8198412519250353e-50,0.04588523206636846
proteome,EIF4G1,10432,0.0016451348798696142,0.001139548192257589,5.143117281508625e-4,5.64884368446155e-4,0.1469799403354665,0.07662387606145336,0.0010148475777308611,0.2002901471331322
proteome,EIF4G3,9908,7.100589362640797e-4,1.0887638102563546e-4,6.050881707058142e-4,0.29909899501385184,0.11188765770821803,-0.014703387190959597,0.35481589384151335,0.15837657311434444
proteome,EIF5,9611,2.932746290140731e-4,2.1711289232007047e-6,2.8936863116979517e-4,0.8851752076768344,0.4267660820349223,-0.0013617001964715716,0.9081667715125964,0.48823376038672317
proteome,EIF5A,10167,0.0012949734247644784,0.0012544114197492462,4.1801006448571876e-5,3.5511509164766356e-4,0.935070626720999,0.022910741042059424,6.455232667202243e-4,0.9450938595800416
proteome,ELAC1,9908,0.0021933225839176895,0.001627677445756981,6.287914151116292e-4,5.910207102722716e-5,0.10097654494158306,0.07234120491006917,1.1540103781735804e-4,0.14447109195508923
proteome,ELAVL4,9605,5.46324356775818e-4,1.1029583113497665e-6,5.457791603065143e-4,0.91804448132568806,0.1549647788815602,-0.0018083744303437398,0.9343860533732047,0.2088345083775014
proteome,ELN,9919,0.45085284203046183,0.056555883496774206,0.4327418504405992,1.5665520743715934e-127,0,-0.17772984959169602,2.662227740341958e-126,0
proteome,ELOA,10318,0.019536236778329497,0.0172986648624871,0.0019147531490713021,4.9610485399891e-41,1.897228133061493e-4,0.14177485942976523,2.772685445963315e-40,3.840441712561457e-4
proteome,ELOB,9611,0.001142484048169523,8.131634764013684e-4,3.0918251761391513e-4,0.005184247379375493,0.3961770399655635,0.023065897817678496,0.008413967290346788,0.4606306634126262
proteome,ENAH,10167,0.016732009174577622,5.024768943890923e-4,0.016140329860514724,0.023826713490170646,1.2746123852308139e-35,0.023589960369510717,0.03512127258283853,5.96110720324747e-35
proteome,ENDOU,9231,0.2097675336388578,0.20250480511055358,0.01237071855185412,0,9.915514556688689e-25,0.5356712168177594,0,3.788633862640659e-24
proteome,ENG,10431,0.0015462868080113878,0.0010505748706461926,5.625576154132395e-4,9.317391636170199e-4,0.11825524289489958,0.012507411187320827,0.001640646732079849,0.1658637595881917
proteome,ENO1,10314,0.0012232679761560172,9.569657635211115e-7,0.001223231526136681,0.9208825049050474,0.005538321573353539,0.001731862469475572,0.9356063822862195,0.009895179681486793
proteome,ENO2,10430,0.0015720025597618648,7.558465531941616e-4,8.435642099320351e-4,0.00499209039131445,0.03209649441208256,0.040584628566483365,0.008111106288945045,0.05149179646899962
proteome,ENO3,9666,0.09305046532619532,0.08939455685821418,0.005447267506508591,9.506912212073213e-199,2.049836387742062e-11,0.393994963318256,2.956245148498936e-197,5.6418754815160523e-11
proteome,ENOPH1,9877,5.409013926521711e-4,2.6164639586223615e-4,2.791192525805064e-4,0.10800446332948571,0.43079617117983326,-0.01769444246126153,0.14175888922859756,0.4920739383972852
proteome,ENOX2,9611,1.5524349834705742e-4,6.741111689401169e-5,8.573448943849371e-5,0.42099381650858914,0.8438038182033712,0.00461330224854425,0.47975240766261446,0.865720800494368
proteome,ENPEP,9611,8.466349517645133e-4,4.594110202332802e-4,3.557992616750605e-4,0.035647536136063356,0.3314747197748421,-0.019194547985043726,0.051069582100902365,0.3974161632083115
proteome,ENPP2,10431,0.3505692348338083,0.34790285211293914,0.007162455410825941,0,3.717382341294151e-16,-0.43889362752247635,0,1.1734242530888555e-15
proteome,ENPP5,10351,0.10350263288883577,0.08072591618351588,0.027891975127162905,2.1959951599623462e-191,3.808971464429295e-63,0.29040523088755416,6.617416342855606e-190,2.7089108492766007e-62
proteome,ENPP6,9666,0.051665885774334064,0.04536618077048682,0.005355657659330215,1.5200213202583675e-99,3.1724750611940446e-11,-0.1731245404869585,1.992386690186192e-98,8.666490283990835e-11
proteome,ENPP7,10027,0.01054376411514757,3.165451308833056e-4,0.010251402376562635,0.074875851282147,3.0705400218120524e-22,0.03412989795181519,0.1009977449458771,1.1080479609576086e-21
proteome,ENSA,9877,7.27939280562584e-5,2.415063371508097e-9,7.27490029605038e-5,0.996104222226132,0.8689054065279694,-5.448589300286905e-5,0.9971276169749944,0.8864958126636141
proteome,ENTPD2,10125,0.00731700859565354,0.004557434936770743,0.0030764015828494973,1.0545674221125985e-11,7.779812764748252e-7,0.06424388544093922,2.8150690181142698e-11,1.8019328614389176e-6
proteome,ENTPD5,10146,0.02936373301554618,0.02630876307755936,0.0033856139985209976,9.490178849414513e-61,1.6362551200835597e-7,-0.077829629382116,7.377604461925165e-60,3.9203063245936435e-7
proteome,ENTPD6,10146,0.01510135450159067,1.7059053563084348e-6,0.015089812295661642,0.8953602445135348,3.271400280475985e-33,7.935138537017093e-4,0.9166858125089534,1.4666108926121632e-32
proteome,ENTR1,9666,0.013444971516310522,0.010783575174295623,0.002794785753476803,1.392265705217694e-24,5.775811408774171e-6,0.12834704130122787,5.5519681532760156e-24,1.2907260510586316e-5
proteome,EP300,9627,3.786630817566028e-4,2.1749940615212182e-7,3.7837708788490687e-4,0.9635129237834138,0.30285330858285187,2.632056590183778e-4,0.9708198125539188,0.3679302664121679
proteome,EPB41L5,9655,2.9044620972829005e-4,8.125695074734374e-5,2.1959966518814156e-4,0.37588380642681674,0.5479820338005372,-0.011338791211476787,0.4334155290672921,0.6023886742380482
proteome,EPCAM,10322,0.02723087686926584,0.02474426134700969,0.002000632105523703,3.669689617831383e-58,1.237254534356704e-4,-0.3466934089910281,2.6951011942012897e-57,2.5414581896870313e-4
proteome,EPGN,9877,0.0018480571285253156,8.552753665658219e-5,0.0017626160562131954,0.3581638266885885,5.800865830873624e-4,-0.009637606863842412,0.4154416132582318,0.001137981934472725
proteome,EPHA1,10330,0.137703510338411,0.11274080308623191,0.02841677540269827,1.5113676870262647e-270,3.1818104371240633e-64,0.2727338906461794,7.888799552103164e-269,2.3135402755506562e-63
proteome,EPHA10,10131,5.534877767524593e-4,2.454407910461587e-4,3.2382662241858817e-4,0.1148986767405394,0.3504694363595735,-0.022481962164665185,0.15026793383113943,0.4167706112607947
proteome,EPHA2,9901,0.11447850085603262,3.3881305537653006e-4,0.11401414055636128,0.06707072686749255,1.978254210758878e-259,0.01199327997975019,0.09126989508085695,9.80074077635288e-258
proteome,EPHA4,9676,0.005723204659534686,0.004291404520715192,0.0016061538182520207,1.1260614097172495e-10,0.0014045294425476438,-0.03798756101511567,2.884730500090728e-10,0.002676296975597629
proteome,EPHB4,10431,0.033262066718069194,0.006929404839387754,0.025840617218421125,1.6754281538807383e-17,7.031149641684453e-59,0.0446723048216898,5.4293530973319273e-17,4.6709205460553764e-58
proteome,EPHB6,10256,0.029931735487818245,0.019997436114635225,0.011392404588856042,6.012875322050066e-47,2.7196411479232135e-25,-0.09686151596754052,3.669234773768756e-46,1.0473664130934853e-24
proteome,EPHX2,10146,0.0029149494537157317,0.002350523264065818,6.67656757606272e-4,1.034120207096856e-6,0.07948536292409059,0.0645796507428747,2.2440485266103267e-6,0.11710469547737742
proteome,EPN1,9746,2.0527612231602266e-4,2.6341870482560203e-5,1.7741093067213942e-4,0.6124751244076138,0.6306379734152994,-0.004367445737702485,0.6620801733148871,0.6745261492878062
proteome,EPO,10298,0.004199315355028377,0.002615624173094022,0.0017776062983650975,2.080773975267288e-7,3.78880796896658e-4,-0.08862858681409352,4.6713535558419987e-7,7.528678241529105e-4
proteome,EPPK1,9666,0.005189272025019842,0.0017414093128158559,0.0034143427032109486,4.071958295372353e-5,3.1523973863824897e-7,0.0630160514336685,8.00964609513687e-5,7.443019031014553e-7
proteome,EPS8L2,10400,0.049032151312328076,0.007939927085553022,0.04161880860484424,8.803247835465788e-20,1.8458971900254113e-95,0.06151775221368064,3.0669718025109055e-19,1.9549121327696656e-94
proteome,ERBB2,10379,0.07449795236575263,0.06490941539081962,0.011520908041124933,2.0195810132647666e-153,6.927780508108283e-26,0.1466924080141125,4.308930877206506e-152,2.699986990026735e-25
proteome,ERBB3,10279,0.09536504111459077,0.0847652337578475,0.009677923812766998,6.667977148892579e-200,1.6168572852254899e-21,-0.13031535556236162,2.118532305023153e-198,5.77759638718106e-21
proteome,ERBB4,10379,0.04565638280110973,0.023501979227782632,0.023222372456896845,1.355391582514192e-55,1.4620543749370506e-52,-0.0839962850424021,9.662950233387765e-55,8.811515335960822e-52
proteome,ERBIN,10318,0.0012021697083935967,2.0909231234778058e-4,0.001015788129386519,0.14196867009395733,0.014885857698391541,0.033718112176146606,0.18160806244404257,0.025180186372915782
proteome,ERC2,9655,9.04418144928143e-4,7.383153930000663e-4,1.7906361514563596e-4,0.007593142477997615,0.6306807957590059,-0.0412864710221617,0.012082066120406656,0.6745261492878062
proteome,ERCC1,9580,0.001334839132447696,7.149275101292485e-5,0.0012737317990283437,0.4080305640784908,0.006714807387721917,-0.005539095056710201,0.46679974121386636,0.011888178070448917
proteome,EREG,10256,8.645826168771631e-4,5.211114250667226e-4,3.583190148557236e-4,0.020805101454321785,0.2988903134464781,0.04075309767306419,0.030964007918015565,0.364175233932495
proteome,ERI1,9746,0.021097521844605116,0.020161958840353877,0.0012315031993715975,4.67974085637878e-45,0.007369192499221972,0.09460846857764191,2.797317489405966e-44,0.012968181622652513
proteome,ERMAP,9627,0.055817996201743436,0.05012495806539774,0.005417414890226846,1.2966939136890343e-109,2.6223731202420795e-11,0.212147041150611,1.8763546087688356e-108,7.183876879538518e-11
proteome,ERN1,9877,0.018285449500381246,0.01714722774630728,9.532658344195699e-4,5.1076019977879664e-39,0.024246335311237283,-0.1052276289193702,2.76472604435819e-38,0.039483785851907906
proteome,ERP29,9676,4.4161597894609717e-4,4.6440404779302114e-5,3.913959259513877e-4,0.5027567803520341,0.28550396113662896,-0.016721680892135177,0.5587673266041809,0.3515282554348637
proteome,ERP44,10300,0.010143737869050207,0.003982091218396877,0.006253678875960178,1.4646255932701333e-10,6.14775975099155e-14,0.03701535932131703,3.7422208121753494e-10,1.8225052486965822e-13
proteome,ERVV_1,9611,0.0014520075787375353,7.657474887950988e-4,6.572769592664285e-4,0.006675739782299182,0.09719958281988472,-0.026540430501558233,0.010703887758453379,0.13954537356705454
proteome,ESAM,10431,0.040279122081374186,0.015269619167777138,0.025029283671136104,9.153532089642483e-37,5.307998325568693e-57,0.08763127299487805,4.7188314458597845e-36,3.447839801252731e-56
proteome,ESM1,10330,0.029889637809583203,0.004154299744412282,0.026340644253202483,5.5290824905632304e-11,1.8712278286199226e-59,-0.05128438012666969,1.431488761728638e-10,1.2602762541603766e-58
proteome,ESPL1,9580,0.0013118516028706173,0.0010451189151137186,2.6581150894844363e-4,0.0015554687046163895,0.46710354824151556,-0.03720190779426427,0.0026792192242744294,0.5271597187297105
proteome,ESR1,9627,9.521082780239443e-5,1.825877227190631e-10,9.507759580928976e-5,0.998942459231557,0.821824008769551,-1.5148463510212342e-5,0.998942459231557,0.8455443779068629
proteome,ESYT2,9903,0.002463431941236327,0.002328217880121164,1.166822615148444e-4,1.5617630304249138e-6,0.7638048895087284,0.08464638200805547,3.3467986348475244e-6,0.7942375282938503
proteome,EVI2B,9580,0.0018998189728102188,2.7908074177485087e-4,0.001599294471703816,0.10209993089665796,0.001558003248932233,-0.013869505266224753,0.1347350329620457,0.0029514215791503024
proteome,EVI5,9627,5.757471045747531e-4,1.6279880803804492e-4,4.3080566255104813e-4,0.2107165735809165,0.24609145627844342,0.023300202593674327,0.2592275019263548,0.3105895193013342
proteome,EVPL,9746,2.4286071929957576e-4,7.854157815723184e-5,1.684159134984764e-4,0.38174829853887327,0.650183078010665,-0.006040590723487736,0.4393111325311522,0.692344312213178
proteome,EXOSC10,9611,0.0013731474159677237,0.0012276539310928092,1.1339439252544548e-4,5.924745075441401e-4,0.7796371864760283,-0.04136718624970175,0.0010618044056109881,0.8078268330625419
proteome,EXTL1,9611,0.0015143134778055067,5.149393183492279e-4,0.0010570685840455285,0.026128068772700155,0.017253119524179537,0.021489513808374522,0.03824353781802832,0.02888365885978052
proteome,EZR,10430,0.010108371050715048,1.2277897663792725e-4,0.009994918511948225,0.2579012621351423,1.4963685384379156e-22,0.005998946113884427,0.310864078029287,5.426656622647677e-22
proteome,F10,9904,0.007277773509876684,4.0037166744011365e-4,0.006763750756447973,0.0464866433683743,1.7092985712570614e-14,-0.01159172597910341,0.06535856592869556,5.1349226349274304e-14
proteome,F11,9755,0.03743244319540151,0.0307324772596429,0.006155822386227916,3.759085280243435e-68,5.306886189279265e-13,-0.11805676501039297,3.231707727691636e-67,1.5312959853172055e-12
proteome,F11R,10349,0.0024626029963649154,0.0015071668647396175,9.579911868073943e-4,7.820741115002821e-5,0.01930539972595904,0.04943636682631124,1.5099092654658684e-4,0.03206232011305584
proteome,F12,9911,0.008810979574033317,0.00731108053673768,0.0012126625993034157,1.5201307304783052e-17,0.007313156971094406,-0.07501390241797858,4.93704680576454e-17,0.01287732399187286
proteome,F13B,9848,0.028000985220287045,0.0034676084234790405,0.024510337234667,5.000446728961104e-9,1.1332734399614526e-52,-0.031129106771203327,1.2231218233266364e-8,6.844128646709352e-52
proteome,F2,9911,0.008266738742461532,0.005697120108443032,0.002238340784093018,5.356988606879508e-14,5.92988309592303e-5,-0.0230357657086087,1.5611642769600002e-13,1.242512422177994e-4
proteome,F2R,10343,0.002352794199178776,1.3329829846919772e-5,0.0023310253783662693,0.7104799512563078,2.3495460090263703e-5,0.0047127169182743294,0.7532582145528428,5.079676763597692e-5
proteome,F3,10351,0.10062642444084002,7.569191578943313e-4,0.10012226477247821,0.005128180726120584,2.5192986671897433e-236,-0.016717378128217886,0.008327595701361372,1.0087547950952903e-234
proteome,F7,10318,0.037631679686349506,0.02301438693112201,0.01487935527824813,3.722274977620621e-54,2.6663310871575584e-33,-0.10789527405478387,2.5782487581955154e-53,1.1990285796556219e-32
proteome,F9,10312,0.031483636529309966,0.011136490264602505,0.020603385330647872,6.360799033660163e-27,2.96915926927518e-46,0.04603597926587491,2.7081125537845825e-26,1.6344355073618365e-45
proteome,FABP1,10330,0.061869588130538444,0.022415882245838348,0.04051547941449485,7.737932607007415e-53,3.053186717360276e-92,0.3332574705437799,5.1757384462889415e-52,3.153521121853034e-91
proteome,FABP2,10283,0.01899734675194542,0.0012647854123085667,0.017760591941815118,3.1031886053232326e-4,1.096368208916085e-39,0.06374664300046341,5.686909274833736e-4,5.5063303688345644e-39
proteome,FABP3,9919,0.1705836522907347,0.05839435656248093,0.12396271781874102,9.745639094220099e-132,3.4003730531153744e-284,0.26607371436419697,1.7057786270901408e-130,2.0706855071367167e-282
proteome,FABP4,10431,0.15146066441488482,0.11180277855326537,0.050577638509923584,8.868900996592593e-271,5.753537294720112e-117,-0.4908885554622151,4.713417747825482e-269,7.376135751081969e-116
proteome,FABP5,10393,0.0019081127589986036,5.777195959635328e-4,0.0013184406938127058,0.014283221297363983,0.003334452946770187,0.03745027497764655,0.02187001354227078,0.006106895967048406
proteome,FABP6,10146,0.01628386874310661,9.544036894868491e-4,0.015459400579770244,0.0018600581878792457,4.936628584582774e-34,-0.037819233359928414,0.003175788599983081,2.247627001983715e-33
proteome,FABP9,10298,0.03789198838450303,0.01042602376217705,0.028511580014028315,2.865385623806925e-25,3.054480512289075e-64,0.13086745201642802,1.1584401353233253e-24,2.2264953958655775e-63
proteome,FADD,10283,5.144862470950473e-4,1.0723224189856939e-4,4.101713792484807e-4,0.2937972799983727,0.23898412856875095,0.017457661187216793,0.34937731872874017,0.30305883202015577
proteome,FAM13A,9886,0.0022631567461995905,3.025345141705049e-4,0.001983500106879199,0.0837985616048687,2.0353011373103473e-4,0.024973064229773148,0.11220485367431572,4.1085533317390503e-4
proteome,FAM171A2,9908,0.0019275407647364462,5.801046853308733e-4,0.001386945268891382,0.016524800543001344,0.0032733988919288323,-0.07944511654329331,0.025039912901603383,0.0060063684627168715
proteome,FAM171B,9877,0.004835046393382836,0.004691891125028658,1.9169302906796304e-4,9.519317448648977e-12,0.5949792265847742,-0.0388702009912886,2.5457424430375993e-11,0.6445975831383599
proteome,FAM172A,9666,0.001515662660155126,9.428321988634858e-4,5.227128087437194e-4,0.002538649303518178,0.1680639435143614,-0.038734631517106786,0.004279395567579951,0.22411081518817447
proteome,FAM20A,9919,0.054921208523622034,0.0058335462266061455,0.04962209520768579,2.6209108132740592e-14,4.796048858164002e-109,0.047533952930034935,7.722703938709753e-14,5.698719842444463e-108
proteome,FAM3B,10318,0.034621996691994394,0.004168498448178903,0.030388861108080367,5.2614187591992175e-11,1.1011905356044446e-68,0.051308839578875,1.3670335140568278e-10,8.537877813187775e-68
proteome,FAM3C,10253,0.09929165702152576,0.01941726615018413,0.08175543715381639,1.3051407997220067e-45,3.6533345552731244e-189,0.09090979360065526,7.865827953788507e-45,9.53455080809227e-188
proteome,FAM3D,9886,0.01731863774207587,4.0227079605492655e-4,0.01682745516041162,0.04616849214886694,4.0010118766086114e-36,0.035270424831304145,0.06497376145938279,1.8923879798263708e-35
proteome,FAP,10431,0.016472466016910325,0.0057765975062312735,0.011011536331711258,7.74705607509939e-15,7.370668683406214e-25,0.04766572171944285,2.3130382949454052e-14,2.8236519739969024e-24
proteome,FARSA,9655,0.002391917201512883,0.002098427100225786,3.08830601143506e-4,6.7245116323357185e-6,0.39459026411078924,0.06195058464145061,1.3900811528512946e-5,0.4597000167380777
proteome,FAS,10390,0.09760727129267532,0.018781408962682877,0.08111816135621241,9.964505399194198e-45,3.8997105290886873e-190,0.10306373929614114,5.884090764009018e-44,1.0362594433205666e-188
proteome,FASLG,10432,0.08650659928326698,0.06095745179073375,0.02732898492065894,1.2426708596222958e-144,2.462889063297721e-62,-0.21655612101268168,2.421551281783981e-143,1.7263848278223594e-61
proteome,FBLN2,9921,0.06880664633779121,0.012893586213563402,0.05683490010267678,7.977483958554687e-30,1.9235336382617625e-125,0.07490034204682476,3.6208362749775386e-29,2.703119627230352e-124
proteome,FBN2,9655,0.0020279311074850037,0.0016012464737044096,4.4841813533758046e-4,8.4108998172356e-5,0.22811406641162996,-0.05017777930983744,1.618502973389049e-4,0.2912963810053274
proteome,FBP1,10283,0.02724106697680062,0.003307223238081747,0.024152037475175026,5.38156521131214e-9,3.435726735487659e-54,0.09671861735541444,1.3152437385171727e-8,2.105373007930907e-53
proteome,FCAMR,9919,0.06670691550605623,0.02932329911761966,0.04025222826053476,3.9589432422219667e-66,5.706100894911058e-88,-0.2753585619506881,3.334867751301098e-65,5.541173726187715e-87
proteome,FCAR,10298,0.0040943845784991995,2.639507041996003e-4,0.0037594327500093394,0.09928002959306562,1.9411115129495937e-8,0.017353074955702912,0.131191467676551,4.824718496897672e-8
proteome,FCER1A,9908,0.0034664779114667033,0.0021201171934176477,0.001385211712434109,4.552861601628365e-6,0.0032998427670858175,-0.02243057546598013,9.532961648681741e-6,0.006050277789451192
proteome,FCER2,10349,0.01623675055990137,0.0011166197755396734,0.015266895955644122,6.752335586595004e-4,2.8012522225275726e-34,-0.03698286567833159,0.0012034802999766584,1.2773884939856622e-33
proteome,FCGR2A,10212,0.00837390649318781,0.00459890263245144,0.003938508563475995,6.930586260067158e-12,9.286227836184408e-9,-0.09089238552723748,1.8653870753385177e-11,2.3299265206151955e-8
proteome,FCGR2B,10125,0.00390116298900256,0.0037652240184895547,1.8772672453604144e-4,6.470569418923945e-10,0.5934050013189895,0.08023542009950105,1.6220818534746735e-9,0.643368998091768
proteome,FCGR3B,10288,0.025950497101404735,0.024098864756360694,0.0022458357061305723,1.7108732945378803e-56,3.8103990492328745e-5,-0.17480920373517744,1.2409138064352914e-55,8.112014873202981e-5
proteome,FCN1,9885,0.007642173270562491,0.004651595163565725,0.003118459705877541,1.1453117344847241e-11,9.097073776316948e-7,-0.07957073775675849,3.054512956112088e-11,2.1003749327152007e-6
proteome,FCN2,10247,0.0024324861552360577,1.9503903993356442e-4,0.002295880868906419,0.15753943558340525,3.112085151267487e-5,0.01308732007255238,0.19977777449470435,6.678872905400048e-5
proteome,FCRL1,10283,0.0323219661644053,0.031037443210610194,0.0010565088011572632,1.907089569608682e-72,0.0124783443981713,-0.17914782769543378,1.7365803152542609e-71,0.021305023759260928
proteome,FCRL2,10410,0.020980431445590808,4.824939785519344e-5,0.020964708659745646,0.4786125920082702,1.5910124729062098e-47,-0.007505857220537805,0.5355990070597909,8.909060264951822e-47
proteome,FCRL3,10167,0.012745778908789474,0.0036052986866270675,0.00940112527319159,1.3767750163292808e-9,1.1307374042734514e-20,-0.07085301909338036,3.427864883075373e-9,3.97253056813858e-20
proteome,FCRL5,10349,0.0706747005754117,0.062369564218284546,0.008250966569193663,6.988808188678381e-147,1.830480987383972e-18,0.33630156598882777,1.4186309955213132e-145,6.1358898235359525e-18
proteome,FCRL6,10298,0.03194666023061632,0.012588627483189563,0.020717568347419446,3.365278813261431e-30,1.888973143431424e-46,-0.17268482190852213,1.539391231793922e-29,1.0417865091037834e-45
proteome,FCRLB,10125,0.03853796962082834,0.01875647408438419,0.019453773353014014,1.4163715365669247e-43,7.579827628305726e-43,0.1922466115548429,8.247119524671556e-43,3.963476951258969e-42
proteome,FDX1,9611,0.003572125943535065,1.0368074206035249e-4,0.003478476540924369,0.31829077679458373,2.5579618099404236e-7,-0.012125497639953207,0.37454264918299845,6.073860577137172e-7
proteome,FDX2,9611,0.0011222202278592386,3.5109563882895767e-4,7.341374795826194e-4,0.06627130922626412,0.07016270114139975,0.02159709817815656,0.09039245770805882,0.10474237764878012
proteome,FEN1,10125,0.009772646664657159,0.009042064861869759,5.497966515222164e-4,9.037230669581627e-22,0.13475866907735828,0.11623240156520984,3.348013339313954e-21,0.18545178423404815
proteome,FES,10125,0.008040568703632789,7.825343488782055e-4,0.007248332782408773,0.0048838433182174165,7.145064633239526e-16,0.02877352056588607,0.007944058997857268,2.2432893579977585e-15
proteome,FETUB,10312,0.05226696909925943,0.04609290250750486,0.006622428977327677,8.856515054928242e-108,8.99572602761978e-15,-0.16494816098120607,1.2506083819108818e-106,2.73331675454601e-14
proteome,FGA,9691,0.07659123365416454,0.02163092238814668,0.057423155783288715,5.545969639852193e-48,7.787955329650616e-124,-0.09790329232615891,3.4417981437978683e-47,1.0490411718234448e-122
proteome,FGD3,9908,8.970505257429595e-4,3.875146985075073e-4,5.364898798483342e-4,0.05010002455943033,0.15016083662983434,0.032986502886503594,0.06990089345451783,0.20339208779842716
proteome,FGF12,9627,0.0017594459285538155,0.0014216154628865496,3.9513044706562805e-4,2.1585161533286092e-4,0.2835496800188196,-0.03433585235418196,4.021250934467511e-4,0.34956377675875566
proteome,FGF16,9627,6.447611455517865e-4,4.900281843633891e-7,6.438816492534416e-4,0.9452567124495564,0.102375911137215,-7.140166643565494e-4,0.9563812289685198,0.14618699963560305
proteome,FGF19,10351,0.010388498970604232,0.0030677487022424677,0.007392066144349063,1.721134460625781e-8,1.5154119957781806e-16,-0.09752578989714311,4.086820494239771e-8,4.841037446622538e-16
proteome,FGF2,10298,0.004112912960850368,6.415199202787214e-4,0.003489190146509502,0.010169493751752723,7.566123779656448e-8,0.038083678602330986,0.015938568491352927,1.8445187496193327e-7
proteome,FGF20,9627,2.435168873173854e-4,7.623852165794531e-6,2.3898986381531984e-4,0.7865157014397346,0.5125295659803943,-0.0025402253259377587,0.8198949341327904,0.5694123608364473
proteome,FGF21,10427,0.02596305815686406,0.012544479146265775,0.013934628568713303,1.8681890618366952e-30,1.6926039763184697e-31,0.31639815918357084,8.586032433567075e-30,7.307948925818149e-31
proteome,FGF23,10408,0.031627381589905634,0.023640101357615628,0.009394384540970857,4.5802413773541205e-56,3.7953956636229225e-21,-0.1943635843022609,3.30569025827311e-55,1.3479880346014342e-20
proteome,FGF3,9627,0.0010223370992935576,3.236902469082592e-4,7.017295699047743e-4,0.07757972289744294,0.08013896966597371,-0.011250560225882464,0.10430797149458404,0.11794874538451217
proteome,FGF5,10167,0.13839507506867998,0.025261935993420415,0.11982929581992863,1.718399651046415e-58,6.159179874545105e-281,-0.11758763370652277,1.2684045909112806e-57,3.6741393414888455e-279
proteome,FGF6,9627,4.437356332637199e-4,2.551717555717703e-4,1.8171469373839955e-4,0.11711772373640257,0.6261596168767762,-0.013120122345757379,0.152759976118476,0.6711392485752936
proteome,FGF7,9580,8.580185986497568e-4,8.457011003126791e-4,4.792443082712872e-6,0.004425082660642556,0.9974211451670025,-0.04646779078540601,0.0072219523266656566,0.9974211451670025
proteome,FGF9,9568,0.0025373090753442185,1.0508626136152e-4,0.002414904250551242,0.3161180744147575,3.80702843701259e-5,-0.008592287950033615,0.37258594012674845,8.110746444160205e-5
proteome,FGFBP1,10379,0.046193079540308823,0.04050722629660619,0.004798402022099912,2.7513451674761823e-95,8.387257228090623e-11,-0.14973344805078767,3.451580225121408e-94,2.2553774496512318e-10
proteome,FGFBP2,9921,0.012193138637616951,0.002622575748339351,0.009598121521115721,3.34709531832202e-7,1.3454887437085367e-20,-0.0538986648883617,7.423034609601869e-7,4.7100162848623385e-20
proteome,FGFBP3,9903,0.04406771683936361,0.0032624169151612703,0.04124108628323231,1.2925126678820508e-8,4.8788921667740235e-90,-0.043690387204956375,3.0815779186127525e-8,4.900687904976107e-89
proteome,FGFR2,10379,0.10387802253480782,0.05073267630094436,0.05773562452341785,1.7982336874378217e-119,2.1160009988372867e-133,0.11149030507528736,2.8259339077315876e-118,3.221391103959057e-132
proteome,FGFR4,9676,0.00865206250486561,0.008466233203308637,1.3936270373171578e-4,1.2167424868796923e-19,0.7177818618330006,-0.10182079951963845,4.213907925532394e-19,0.7530783855484067
proteome,FGL1,9904,0.11297888529130362,0.09220051224916659,0.026645733545056394,3.1082149515507635e-210,1.1512718842849034e-57,-0.42463284361269443,1.0564316631840562e-208,7.56217464666241e-57
proteome,FGR,10131,0.006402860228069018,0.005854123087231766,4.462284007001882e-4,1.2543412874724102e-14,0.21053623512734343,0.09080909291331704,3.7222736886110205e-14,0.2721762007729209
proteome,FH,9605,0.0015995648002525842,0.0014639483939028475,1.564517145576927e-4,1.767434526897556e-4,0.6817783095327107,-0.06649155763783057,3.315924982106262e-4,0.720737070077437
proteome,FHIP2A,9611,2.852313665152595e-4,5.569790121817686e-5,2.2408212840407948e-4,0.4645035043865833,0.5412878388511098,-0.006968769363478939,0.5216072774959597,0.596659422723356
proteome,FHIT,10131,0.0019138173585595553,0.0014923334159034907,4.741269851283869e-4,1.0078683454092372e-4,0.18685269297156343,0.06373435329595607,1.9290290697300083e-4,0.24491947154972193
proteome,FIS1,10289,0.003114279150227439,7.005795371259893e-4,0.002457502887444174,0.00726224282152104,1.332953470820387e-5,0.04574821499393546,0.01158708284241594,2.9054608465383977e-5
proteome,FKBP14,9908,5.625208697100925e-4,3.52886856936907e-5,5.242401065084223e-4,0.5544232902580786,0.158186363566428,-0.012290686308297865,0.6080972898402865,0.21239262319920493
proteome,FKBP1B,10388,0.0025233947939584667,0.0014030489924189427,0.001164921590112722,1.3451928836845787e-4,0.007038480703548727,0.09291635979054375,2.544983041430436e-4,0.012408612241539765
proteome,FKBP4,10264,0.0031960971936049187,0.002690963119590384,4.8731818183900266e-4,1.4594022881902453e-7,0.17173422045055203,0.051490487725545916,3.3094126364469255e-7,0.2276549325972624
proteome,FKBP5,10264,0.002763414419531429,7.526286877845845e-4,0.0020399036915782487,0.005449912887652292,1.0783549538088597e-4,0.057922403540461326,0.008825537601444682,2.2244400352740274e-4
proteome,FKBP7,10123,3.6698470725959886e-5,1.0034348122411885e-6,3.608419788336814e-5,0.9197422442152889,0.9473488648043706,-0.0010790839703008876,0.9350979408143616,0.9555213015262854
proteome,FKBPL,9886,0.004074119425338418,0.0034191511792095453,7.342908789770286e-4,5.981094963178933e-9,0.06409761715311457,0.07230052885289781,1.4581101398975832e-8,0.09687556098167213
proteome,FLI1,10125,0.003383071209772881,0.0030832154671932566,3.638457102771442e-4,2.269880390742813e-8,0.2977952117691012,0.13693130805290826,5.3680100179136265e-8,0.36344693277707
proteome,FLRT2,10264,0.022072425134473828,0.010490353419734366,0.012431880077272695,2.4498177993035385e-25,1.2298737315728027e-27,-0.0642072503045119,9.945579760228115e-25,4.9178124724860495e-27
proteome,FLT1,10274,0.02077901297614637,0.009426929391228578,0.01107870044716519,6.080903388233961e-23,1.2348492167294563e-24,0.04752991203196522,2.341828801555714e-22,4.7059507959585405e-24
proteome,FLT3,10125,0.01760819658519508,0.003975803692532587,0.013632382382303576,2.1632699754236662e-10,6.475575784098009e-30,-0.043180598466659274,5.498467946229023e-10,2.7040154309883546e-29
proteome,FLT3LG,10432,0.0937374435820566,0.014593918273139495,0.0819928338962741,3.319260380268962e-35,4.638713862822835e-193,-0.09333415347852266,1.6756818810926038e-34,1.2671925814047802e-191
proteome,FLT4,10379,0.0024824924304448492,4.817609475973317e-4,0.0019969018721339715,0.025365611199884355,1.1934808744911407e-4,-0.0170132279031171,0.03723941815030737,2.4549926784923323e-4
proteome,FMNL1,10131,0.00903278459499346,0.00879614310315957,0.00012110960848099595,3.1299974962515097e-21,0.7466580053984148,0.11604951788993159,1.146489057837489e-20,0.7775138403204725
proteome,FMR1,10125,2.6925890261531027e-4,1.0229112488002734e-4,1.6923161758486405e-4,0.30894326598040095,0.6340799550628347,0.007791185562155228,0.36516019670873917,0.676923195269783
proteome,FN1,9911,0.020344375744513754,0.00962300999572785,0.011053840572585183,1.2823521110523217e-22,1.0367525366524984e-23,0.055374333273421686,4.855330596639814e-22,3.870277988039914e-23
proteome,FNDC1,9903,0.019506316745121932,8.665033539466682e-4,0.018527869658074403,0.0033988754177713,6.919078112846342e-40,0.029306912837862423,0.005641631372030387,3.486976779974114e-39
proteome,FNTA,9877,0.005107981508203574,0.0033026986516392354,0.0018429036130581666,1.0996835721957013e-8,3.979292149520491e-4,0.04153623717576397,2.636895062779356e-8,7.891092912515872e-4
proteome,FOLH1,9627,0.001636903530018552,6.542828474428442e-4,0.0010237962034415071,0.012092591891235996,0.019825932539574674,0.052934994439975444,0.01869203918460223,0.032870788890060565
proteome,FOLR1,10315,0.11812929546025552,0.05730963942641465,0.07084116158473364,2.443615453119327e-134,6.887335342071093e-164,-0.15108648369765573,4.382017159182695e-133,1.4694657813776502e-162
proteome,FOLR2,10430,0.07679460864972243,0.06069233422567266,0.0199929889224969,5.776801694707238e-144,2.2161054090098574e-45,-0.16672110031857093,1.118251083021805e-142,1.204029016828218e-44
proteome,FOLR3,10358,8.309239512956923e-4,6.603997233266545e-4,1.397488725169982e-4,0.00891864229789791,0.6945576661029332,-0.10825114799506771,0.014053472472644523,0.7318644765749365
proteome,FOS,9568,0.0031771969929639265,0.0011359822213307114,0.0019812927967070015,9.778706691567197e-4,2.7774268701742096e-4,0.0248031483396411,0.0017198050336613066,5.572010117720806e-4
proteome,FOSB,10131,8.13679253042654e-4,7.061234979509612e-4,8.226832431568187e-5,0.0074864615501684315,0.841528787082228,0.022876150985405904,0.011925300878006717,0.8636898330903625
proteome,FOXJ3,9627,1.9993258530659475e-4,4.841122261955988e-7,1.9975550252493424e-4,0.9455876494387266,0.5886808654168669,-5.808002676748049e-4,0.9563813833623035,0.6392632283094667
proteome,FOXO1,10298,0.0024832874311668807,5.23899818961282e-4,0.0020136692191078387,0.020210131836486372,1.187205393885371e-4,0.043131632756624426,0.0301399057949233,2.4438037791034786e-4
proteome,FOXO3,10125,0.004388061363488127,0.0024214411814476033,0.0020927324875236186,7.302942584713206e-7,9.559511756707048e-5,0.10331543809095234,1.5942121863417999e-6,1.9761282082641232e-4
proteome,FRMD4B,9611,0.0020009537591456628,9.356280319883226e-5,0.0019097903109626113,0.34311453827984506,3.7000569295431455e-4,-0.014575138409219469,0.3995712332238992,7.362332474509607e-4
proteome,FRMD7,9655,0.0015662669120235506,0.00115035530612706,3.789925852195619e-4,8.601440477986549e-4,0.30082101155575713,-0.02326088548750584,0.0015209927717576939,0.3661060667282929
proteome,FRZB,10232,0.042657297099154445,0.028959644168819576,0.013811711329830056,2.5268194751096346e-67,1.2405557246606642e-30,0.10140377284868878,2.1596179315045209e-66,5.262909119278841e-30
proteome,FSHB,9666,0.6188837433494131,0.5669262299600867,0.23170263085962417,0,0,-1.491917382756921,0,0
proteome,FST,10343,0.04281518408614193,0.010576618505877877,0.03326965120337677,1.0212361632937118e-25,1.6398249867254916e-75,-0.118605652972604,4.1984153379852595e-25,1.385320357282836e-74
proteome,FSTL1,9666,0.015741100910863448,3.581136687380582e-5,0.015733764884519497,0.5564079472434114,5.321544338408702e-33,-0.0027805588098321096,0.609587867238565,2.3784211163866414e-32
proteome,FSTL3,10278,0.12412677889301271,8.347158120893816e-4,0.12373769891035913,0.0034021172760460273,6.2311381887139395e-294,-0.021027404740880665,0.005643807490285209,4.235724866421127e-292
proteome,FTCD,9881,0.033508307851035535,0.028859653008044273,0.005203671332066118,7.439273146012862e-65,3.7752218202260756e-11,0.3211727232842461,6.108144776908876e-64,1.0293818451978375e-10
proteome,FUCA1,10381,0.005205276501337841,0.004466572896298482,8.018931284328179e-4,9.414313147734914e-12,0.03976608132379632,0.12600688854120606,2.519966788537468e-11,0.06272868629760207
proteome,FUOM,9676,0.04203116805997176,0.026699444226074398,0.01650244412678714,7.287029300589937e-59,1.1517402181874918e-34,0.22378964115732886,5.4198439301843216e-58,5.293296631701318e-34
proteome,FURIN,10379,0.028987390160790105,9.125371487503919e-4,0.028196907341980548,0.0020879950329639207,5.069937875826732e-64,-0.025193864057364655,0.0035421993507565525,3.6772775213502576e-63
proteome,FUS,10095,0.008040295865640923,0.006366817953435189,0.001536593998069491,9.93466103343457e-16,0.0014241797883409845,0.06768233547600817,3.043921823975812e-15,0.0027119723265932884
proteome,FUT1,9730,0.0012682540237892725,4.710763736757162e-4,8.023879754539553e-4,0.03230832257103488,0.050178937628412294,0.028546978854756863,0.046543729361821065,0.07764586272517159
proteome,FUT3_FUT5,10430,0.08038244845054154,0.02548364690003302,0.056919726153650374,1.7845522826051857e-60,4.2094396722272593e-132,0.1715796465438553,1.3799593444589834e-59,6.309842134318092e-131
proteome,FUT8,10264,3.80181906668664e-4,9.94077992354514e-5,2.8373523509372944e-4,0.31256038083196847,0.4054890853581188,-0.01311904814412479,0.3686900698837142,0.4697759003177888
proteome,FXN,10438,9.657572237984358e-4,8.266732604257365e-4,1.5430919398529142e-4,0.0033106470737729534,0.6570998044858631,0.04803727279255816,0.005507695729446979,0.6984373558226101
proteome,FXYD5,10167,1.9905903665529134e-4,3.69399217079458e-5,1.5575852302862625e-4,0.5400905585092394,0.6632461852135318,-0.008858571579579049,0.5952808078893314,0.7039258961757752
proteome,FYB1,10332,0.0013240570987395062,8.096224633674654e-4,5.56894104583372e-4,0.003827371400017189,0.12426958553763177,0.05905644013126751,0.0063098740001411415,0.17280684991745845
proteome,FZD10,9655,8.789441763891181e-4,6.677392887738387e-4,1.9402510939814377e-4,0.011123357551187745,0.5992607025807585,-0.0314883789929354,0.017285260033025933,0.6475560198312595
proteome,FZD8,9605,0.004453204305243763,0.0011128689757490262,0.003474519737765691,0.001077782584747053,2.632385327066782e-7,-0.029873868553451435,0.001887572495635492,6.24043983050787e-7
proteome,GABARAP,9877,0.007585172509139926,0.0013918729541864128,0.0061408096848608595,2.088825358483784e-4,3.942202967422001e-13,0.03803091206786633,3.893900843653125e-4,1.1454333274129729e-12
proteome,GABARAPL1,9746,1.3098680015022346e-4,1.0157641664843009e-4,3.240236241397465e-5,0.31987553019807907,0.9570582403507357,0.011638960773271704,0.3755004717947732,0.9634720747740695
proteome,GABRA4,9605,4.0678633468838044e-4,2.739452912732254e-4,1.329634717267547e-4,0.10485523483497937,0.7346968332610393,-0.021758605760072,0.13818388251697236,0.7672450316620285
proteome,GAD1,9580,2.809502723348789e-4,1.9459008236821784e-4,9.046778521015764e-5,0.17224625275832509,0.8335485790633678,-0.007273126853444555,0.21673516866663117,0.8567027062595723
proteome,GAD2,9627,8.630415576854622e-4,3.8510103692779296e-4,4.800603658201563e-4,0.05421836746176888,0.20179137678844508,-0.01875912355002189,0.07535914792712811,0.2621494197122778
proteome,GADD45B,9746,0.0014959577403101942,9.744865553140691e-4,4.5842884244839954e-4,0.00205851395855069,0.21527007104611198,-0.03123499069619459,0.0034973733457746648,0.2771957787082755
proteome,GADD45GIP1,9666,9.52279176108406e-4,4.6347368827881485e-4,4.870264992333784e-4,0.034325329950647805,0.19458977912172953,0.02351022468438599,0.04920693450011944,0.25346966326774306
proteome,GAGE2A,9580,5.095709908222723e-4,1.5904709094416436e-4,3.356228978671494e-4,0.2171785239171424,0.3597502001273025,0.0157657216302131,0.26639228930331815,0.42590110772462747
proteome,GAL,10351,0.05997238393361315,0.046745078284875397,0.014591846235625261,1.016884526255442e-109,9.344837023163779e-33,0.3275881489603929,1.4787828210172424e-108,4.138630093743595e-32
proteome,GALNT10,10318,0.04855573924978451,0.007061145797501611,0.04174308194623588,1.2472865920256492e-17,5.390926711433135e-95,0.05183392392596264,4.0554156935383455e-17,5.688692699465363e-94
proteome,GALNT2,10438,0.04509537099172278,0.04417214944497627,0.0012159654106491669,1.6590485256383387e-104,0.005346090955258888,0.126571725592238,2.2767130706295134e-103,0.0095575681114506
proteome,GALNT3,10167,9.634055952730813e-4,7.594892290750943e-4,2.2980967588104306e-4,0.005459781729504514,0.5057145065661015,-0.02560776314185797,0.008836623474718546,0.5626750961306913
proteome,GALNT5,9919,0.03454430748087489,0.0064332310353205635,0.028378161623485165,1.2556984442392233e-15,1.4191769217723993e-61,0.04723868329751556,3.8393373980243194e-15,9.80674738142015e-61
proteome,GALNT7,10318,0.017240087176690344,0.011969252434107736,0.0049507420816227166,7.703218924762031e-29,4.4648277099990106e-11,-0.05094510496733669,3.4534522878956167e-28,1.2140178043094984e-10
proteome,GAMT,9611,0.0016152395334323444,0.0015079241186145564,8.164816774980377e-5,1.40509908925578e-4,0.8531981392457882,-0.029617575201174983,2.6531683707329754e-4,0.8729080017554914
proteome,GAPDH,9503,0.005486769451242823,0.005316994679480103,2.409082062171386e-4,1.1136334698655633e-12,0.5147194579967581,0.051186041330945446,3.0796127080577497e-12,0.5711939923024009
proteome,GART,9908,0.005023187090020476,0.003722707421386473,0.0013460916053498195,1.2226538991245105e-9,0.0039561629341158,0.0336839206573594,3.0467326062582643e-9,0.0071691656890393585
proteome,GAS2,9746,0.0023723783045862534,0.001821350693973045,6.289383756920008e-4,2.5098668308745644e-5,0.10551243135432975,0.04632652776931574,5.0180169265706924e-5,0.15007923934243594
proteome,GAS6,10372,0.039351685723958973,0.03574439114378958,0.00456797779849516,4.747981674924886e-84,2.764922906858571e-10,-0.11003434404373798,5.159238080225072e-83,7.32053410937283e-10
proteome,GASK1A,9611,0.0035348886250788913,5.380092350208976e-4,0.003069588462076278,0.022990293104958925,1.729946255383317e-6,0.02094419046625733,0.03399121231451439,3.947410542143198e-6
proteome,GAST,9903,0.046078822726097646,0.005083992458427389,0.04187456119807098,1.2241670926246005e-12,1.8665372723208486e-91,-0.19421296951835842,3.369341253994075e-12,1.9010064275239862e-90
proteome,GATA3,9580,5.23884395603802e-4,6.267457985098535e-5,4.4927551494222673e-4,0.4385411821048587,0.23054940486790101,0.00418417145311851,0.4949250483754834,0.2941492406935289
proteome,GATD3,9666,0.002739549854307577,0.0020751604163700144,6.545804210633666e-4,7.47400262978025e-6,0.09677037823190848,0.07285931338293702,1.5428326050033667e-5,0.13906578936670033
proteome,GBA,9655,0.0027441913774224336,2.715599597240548e-4,0.0024615778377141684,0.10547300189432027,2.770284755087364e-5,0.018005362839832003,0.13893536932721862,5.9716388931566114e-5
proteome,GBP1,9896,0.010037474361855203,0.003417244668655006,0.00668337415815401,5.93415369563958e-9,2.6044600001613754e-14,-0.07516459633691752,1.4478740611314266e-8,7.784086483099899e-14
proteome,GBP2,10167,0.0029721803887668985,8.05459136811848e-4,0.0022074551769902806,0.004216905970353499,5.2372885072529385e-5,-0.036838851795815135,0.0068976027707572905,1.1029246618660188e-4
proteome,GBP4,10131,3.783062515695379e-4,3.2593292846172517e-4,4.378442580255104e-5,0.06924733899108011,0.9311396618417738,-0.019511497246950223,0.09410040533283456,0.94209803792437
proteome,GBP6,9611,0.0010598901560981977,2.4149687371000095e-4,8.040282433618984e-4,0.12772180205089526,0.05200385185666992,-0.01475956473797599,0.16511757071860542,0.08013034210703542
proteome,GC,9911,0.009566248661240562,0.009160323061866205,2.598108994806836e-4,1.3279818595172529e-21,0.462039228146058,-0.05203321237058835,4.901124968900165e-21,0.5228573998726007
proteome,GCC1,9903,0.0015207759060159587,8.757904259067972e-4,6.77215351596705e-4,0.003231481104049875,0.08189427292843499,0.0675413706840037,0.0053821192405343506,0.12022951269202183
proteome,GCG,10125,0.02386983079123217,0.012621514680545398,0.0111991219654759,8.566592293303314e-30,1.5263072478623692e-24,0.31854529828177525,3.8821936857869123e-29,5.801555377765547e-24
proteome,GCHFR,9460,0.05777350665534231,0.042502819065571296,0.016458584431976342,2.6693812423922073e-91,8.47195122374398e-34,0.2106850633230954,3.2109470664660174e-90,3.827436387481244e-33
proteome,GCLM,9611,0.005138560769044065,0.00456746056743329,6.19069855597898e-4,3.3289563257451586e-11,0.1141211958637871,0.06264414465851041,8.703523560065383e-11,0.16122583639915405
proteome,GCNT1,10318,0.04784053110920894,0.011781514174118546,0.03630397910008942,2.067914169378715e-28,2.3806954782945065e-82,0.08391022594946129,9.062238556362793e-28,2.154418849242985e-81
proteome,GDF15,10431,0.2563990575535968,0.022422157681883492,0.24189697423246748,2.3698399000418494e-53,0,0.15271941790709398,1.5997787593123155e-52,0
proteome,GDF2,10283,0.1312495491231216,0.12607618806421328,0.005602935997443659,3.7849217898084345e-303,1.7759478937231697e-12,-0.30808446850053617,2.1692796846294223e-301,5.049703981860725e-12
proteome,GDNF,10131,0.06423142052864983,0.04746651166016036,0.01737060948157665,4.274469210714678e-109,3.135505081583854e-38,0.189612459820616,6.154814533457637e-108,1.5249719390132456e-37
proteome,GET3,9919,0.0010179242558921997,1.5858598215445774e-4,8.620682215905173e-4,0.20987812309269402,0.03590192464083331,0.014378599164957338,0.25863143077569334,0.057033329198454226
proteome,GFAP,10125,0.16840510427257604,0.020961603660517136,0.15501965933660222,1.524934957469319e-48,0,-0.14615158308969134,9.565203606615492e-48,0
proteome,GFER,10125,0.013569329851077838,0.010927140224453735,0.0028811548146925325,5.387747767573992e-26,2.0320578109497006e-6,0.15173667709391964,2.230649677708042e-25,4.615155385707828e-6
proteome,GFOD2,10125,0.001992444240772717,2.051724163633084e-4,0.0017948124049594893,0.14958720262343186,4.036672736552426e-4,-0.03906441631187936,0.190271276443991,7.994034152400231e-4
proteome,GFRA1,10427,0.09977227442448666,0.006266289123770918,0.09518508104418733,5.783157346488827e-16,1.0801862192015336e-225,-0.05042793384500302,1.777515133941834e-15,3.8980053317605955e-224
proteome,GFRA2,10318,0.011882935674211947,0.0014970524655953943,0.01055368232143139,8.472047441191468e-5,1.4599195605536862e-23,-0.01771235162191897,1.6291970178028065e-4,5.436108121654045e-23
proteome,GFRA3,10247,0.0623554197152586,0.031055191487792788,0.03418631740589195,3.067198095765141e-72,6.518499020129679e-77,-0.11232325943672349,2.7842919360004682e-71,5.587557957724062e-76
proteome,GFRAL,9599,0.05391120989947573,0.00918092671015569,0.04544933265585038,5.124691463807192e-21,2.081703968956555e-96,-0.12575739964195162,1.8561924595673388e-20,2.2620151305799295e-95
proteome,GGA1,10131,0.005086264608136881,1.0785248878208975e-4,0.004967713620182335,0.296002123349439,6.467297211959489e-11,-0.015673992268272555,0.3517130920936627,1.7487428076371495e-10
proteome,GGACT,9919,0.0018542791127884595,0.0014975521986386742,4.107646645279406e-4,1.1597001033564261e-4,0.253650454384187,0.05764892327801385,2.2097805750396566e-4,0.3173079447882522
proteome,GGCT,9910,0.004890373084289967,0.0023993279384866284,0.002590852865366089,1.0728867564031086e-6,1.1037192149442995e-5,0.04914983195579058,2.324720525549508e-6,2.4184192393419695e-5
proteome,GGH,10119,0.002476279358778255,6.333735548235131e-4,0.0018198641982906105,0.01136295196152139,3.596278897125749e-4,-0.020681661000537463,0.017620110654390994,7.160710637805561e-4
proteome,GGT1,10325,0.11975026658112908,0.11214981249445644,0.010317243767847484,6.348369754851866e-269,4.774765054607353e-23,0.40195280895953134,3.255488560251229e-267,1.7577630043598605e-22
proteome,GGT5,10264,0.026893700440381973,7.890184305625603e-5,0.026841013517640122,0.3682839460923103,3.2526636410568187e-60,-0.0044999960372819215,0.42582831266923377,2.2213868744881028e-59
proteome,GH1,10253,0.112004220512392,0.11047603682445073,0.002821423321203609,7.218469715052449e-263,2.287365443137689e-6,-1.4219041312972427,3.637859823637639e-261,5.18292185293912e-6
proteome,GH2,10125,0.007839710954016366,0.00466093717415661,0.0031551999937222686,6.164320032363709e-12,5.277629163442041e-7,-0.25162756464696073,1.6622054847416164e-11,1.2351088906918403e-6
proteome,GHR,9676,0.008194006627486927,0.004457041598238676,0.0035205101798743144,4.9467145047813745e-11,1.8792288395842268e-7,-0.04326792830192371,1.2898524975446885e-10,4.495078476354088e-7
proteome,GHRHR,10131,4.60054210281613e-4,2.6996786183108856e-4,1.7932559494659994e-4,0.09823736202935013,0.6114369250394783,-0.020067857962827926,0.13004882663577466,0.6580376037888053
proteome,GHRL,10283,0.07769337253825581,0.07058956025419105,0.006858596833917652,1.229225874305875e-165,2.9649409288064253e-15,-0.5229883999002762,2.969443992228159e-164,9.180638066632607e-15
proteome,GID8,9908,6.37790606635491e-4,3.24788169167034e-5,6.086315108426721e-4,0.5706316891349968,0.11018775411741526,-0.003971130823059687,0.6221396595828407,0.15612157309025923
proteome,GIGYF2,9908,0.0024815841637735314,1.8183570131424798e-4,0.0023073462689991997,0.17961680381598685,4.2834207532052324e-5,-0.02162661271192607,0.22494426630425432,9.079361030905653e-5
proteome,GIMAP7,9676,0.03224256477649878,0.015365385471268311,0.017182865649684187,1.971662709542607e-34,4.136539441766078e-36,-0.0717276503511126,9.751556852780102e-34,1.953328721854967e-35
proteome,GIMAP8,9580,0.009116500317997489,0.005446005603672144,0.0036742518048228368,4.799575915829625e-13,1.0799973673208581e-7,0.07458461486578677,1.3450776991342277e-12,2.6046471160716733e-7
proteome,GIP,9666,0.11189650155433806,1.3169645125976626e-4,0.11186638531654425,0.25932865168406766,3.496689291092638e-248,-0.012424770307602586,0.3123270081881046,1.4812786663570699e-246
proteome,GIPC2,9903,0.07999075566187663,0.012434916291414466,0.06868011551380826,9.103289904005488e-29,2.4495780165464984e-152,0.06792365717808319,4.068641649756581e-28,4.710602988398299e-151
proteome,GIPC3,9886,8.330780998646592e-4,8.106637869098599e-6,8.202304125047855e-4,0.7771647020314144,0.04382308761291858,-0.005847084588386883,0.8133377816103918,0.06861000808385699
proteome,GIPR,9627,0.0014271973212816036,9.080690427335503e-4,5.531738877347925e-4,0.003111414155448206,0.14952766354919056,-0.0275815649787725,0.005188347426095251,0.202754330381232
proteome,GIT1,9627,9.188487881032215e-4,3.0780362255899973e-5,8.930022143902594e-4,0.5863012132258123,0.035161699727654726,0.01133768621909356,0.6375589457808964,0.05597911127665292
proteome,GJA8,9580,4.205092307184577e-4,3.1271614580197227e-4,1.169624246625256e-4,0.08354414066489024,0.7722388765777383,-0.022181519017464905,0.1119154551619955,0.8011917508217716
proteome,GKN1,10098,0.020869294521457693,0.003055429954963551,0.01806308743818341,2.739019727254744e-8,1.2148314978439906e-39,-0.03371029148730101,6.4513736202785e-8,6.090827561231535e-39
proteome,GLA,9659,0.04253811119769435,0.0373411969755838,0.005940543139602572,6.974919947612053e-82,1.986314553796252e-12,0.15678685732200728,7.307416131494634e-81,5.642368747081093e-12
proteome,GLB1,10264,0.06277428208262292,0.05740835124846799,0.005934471150291887,6.44228701880286e-134,3.478993972922373e-13,0.22761050895407473,1.1482198143878513e-132,1.011850684860905e-12
proteome,GLI2,9627,2.8940978232327996e-4,3.985544742901581e-6,2.867215104590537e-4,0.8447480119223636,0.4302315287667622,0.001259688969734878,0.8725082822788229,0.49162109405208987
proteome,GLIPR1,45,0.057628602732594736,0.012591978333076681,0.056073665896078984,0.4792418839991234,0.5055258625939667,-0.09449129355966884,0.5358928947702516,0.5626750961306913
proteome,GLO1,10146,0.020726353384226126,0.018539179698222608,0.0023894971755576977,3.58497986776997e-43,2.202241624608834e-5,0.17867339166709462,2.079146062200719e-42,4.771795603210987e-5
proteome,GLOD4,10281,0.00897688891696602,0.008557010268421927,3.871444308488625e-4,5.6075360890817086e-21,0.26371239602080615,0.07425998771316326,2.0235590109118314e-20,0.32751624416253344
proteome,GLP1R,9605,0.0011864218358895728,8.72216325338182e-4,3.527233417176534e-4,0.003801049139853537,0.335727357384168,-0.0224093417352979,0.006280648183036681,0.4016909806115117
proteome,GLRX,10239,0.013134299244861869,0.012902785780885995,1.894301167704171e-4,9.508680371525779e-31,0.5851832747539845,0.14228709847596197,4.383891597156128e-30,0.6368147398252934
proteome,GLRX5,9676,0.0010793571447220707,0.00100005922651214,8.143464307364123e-5,0.0018669958701368022,0.8524240929841246,0.05774157041666899,0.003183914193938082,0.8729080017554914
proteome,GLT8D2,10131,0.001849106357924457,0.0015992483520507195,2.1621198135834963e-4,5.680933979551264e-5,0.5339785463355968,-0.04089420141422022,1.1099846271543011e-4,0.5903249965729763
proteome,GLYR1,9877,0.001531251506376119,5.629637714669178e-4,0.0010001956262222222,0.018387365559205716,0.019619838751043887,0.028497217307776542,0.02763304345992715,0.03254755316078393
proteome,GM2A,9701,0.07382569737414657,0.002651190215585131,0.07115418307865362,3.90899121221231e-7,8.178427325553956e-155,0.041795147912849585,8.623382123242704e-7,1.6043988639324974e-153
proteome,GMFG,9919,3.5493919019746745e-4,1.5193288336701194e-4,1.903140063059805e-4,0.21970437849603894,0.5961779508038092,-0.018509756231265755,0.2690339862563663,0.6456569656167226
proteome,GMPR,10432,0.03519090001198788,0.03437911480224676,9.059505724302586e-4,2.588289552448272e-81,0.02385750844078104,0.21285925560772803,2.6828263694348578e-80,0.03898015493147176
proteome,GMPR2,9676,0.006797895594241377,0.006144390368396868,7.367233044385246e-4,1.160800715647162e-14,0.06793263578071122,0.10894297104107067,3.455214350139159e-14,0.1018292791728302
proteome,GNAS,9908,0.017038567801726967,0.002100290555669404,0.01504469604933667,5.045335761434768e-6,2.473462221101943e-32,0.08291358850610454,1.051141584509895e-5,1.0855750859280751e-31
proteome,GNE,10125,0.0014775119517863589,0.0011432132258026861,3.8434406954868106e-4,6.683134782726873e-4,0.273533292209618,0.04935727580477199,0.0011933294422669914,0.3380709569254602
proteome,GNGT1,9655,4.7396402827704076e-4,1.7550646851560714e-4,2.8762378837321467e-4,0.19311416801361378,0.4274473164306394,-0.014180244265577248,0.239996901829844,0.48863062414030456
proteome,GNLY,10349,0.02449155137514525,0.005011347962856738,0.01998039359136039,5.649316306883291e-13,5.343963175397588e-45,-0.08358959232101662,1.5801867526334796e-12,2.88732058441537e-44
proteome,GNPDA1,9666,0.006711841915139738,0.004663270108114959,0.0020339836418599155,1.8205069123147142e-11,1.9855288818771238e-4,0.04276904372436801,4.806993409842737e-11,4.01362442719698e-4
proteome,GNPDA2,9676,0.001682053948584561,3.5571520890187447e-4,0.0013869605401635177,0.06361428523947953,0.0038051360733150318,0.01421112090461497,0.08705269464185329,0.006912624451398283
proteome,GOLGA3,9908,6.507281900582917e-4,2.4716788692913383e-4,4.1046657395593655e-4,0.1176835238522928,0.25443651561209163,0.02570320995225711,0.15342950054426935,0.31796405948445655
proteome,GOLM2,10430,0.010631298263422018,0.006067516280215179,0.004861063450025016,1.6503369699778293e-15,5.3895121501056646e-11,-0.04117079112713325,5.0040819120800774e-15,1.4600133470582814e-10
proteome,GOPC,10298,0.00122698330103721,7.024135804146736e-4,5.652696992304307e-4,0.007161011193770488,0.12069063636919118,0.06024938766948363,0.01144430602481746,0.16871292688050973
proteome,GORASP2,9886,0.0034344863171285045,0.0026949137246944366,8.319417744275803e-4,2.422107344084222e-7,0.041597426431402094,0.0492284996666583,5.396204090516906e-7,0.06544094588750717
proteome,GOT1,9921,0.04657427459825436,0.041939379500635976,0.005532478272389008,2.1771961454311144e-94,6.815277266337776e-12,0.1742650184700102,2.6852085793650415e-93,1.911809544098399e-11
proteome,GP1BA,10254,3.360423183356165e-4,6.712043049383887e-5,2.808913489712461e-4,0.40687726278617853,0.41059544495094014,0.006090108279875658,0.46584498203055225,0.47400098167124727
proteome,GP1BB,9611,0.0035022866546075004,0.001034250454084229,0.002424568030838903,0.0016175773207940853,3.463406684751871e-5,0.04528110545878926,0.002782918486569224,7.409568716994568e-5
proteome,GP2,9944,0.05538652928145349,0.04538328942339187,0.00999859086288768,2.159097830357383e-102,1.6483441561862894e-21,0.41895251489213065,2.8949738340067114e-101,5.882918154496366e-21
proteome,GP5,9676,4.419427901118933e-4,1.2027218121435368e-6,4.415298185584948e-4,0.9141172329464616,0.2336295232761997,8.047204045965765e-4,0.9316473751403443,0.2972169183802185
proteome,GP6,10332,2.3059461368013512e-4,1.5496432799255722e-4,7.418645389356548e-5,0.20585175628098712,0.8575358827860164,-0.02460828892448695,0.25420561200224984,0.8767322089484176
proteome,GPA33,10318,0.026318785995617877,0.023769836287932833,0.0020374834342355985,6.784948694558816e-56,1.0352774983646644e-4,-0.47169904028542864,4.884828826156507e-55,2.1385979701200807e-4
proteome,GPC1,10438,0.0392326210039915,0.036181580373559896,0.0026710561891903906,1.328784603575057e-85,3.801295880073575e-6,0.12641244681760463,1.4768203027566128e-84,8.553647311358784e-6
proteome,GPC5,10264,0.008399006698651013,0.0066571047081358525,0.001510990723318395,1.255821796250106e-16,0.0014263249261885704,-0.10569353595651793,3.951310129643767e-16,0.002714288905761192
proteome,GPD1,9877,0.006478918088344665,3.345126460718717e-6,0.006464550681802073,0.8558039536794655,8.093840575045477e-14,-0.0021476769663714913,0.8829915130974505,2.389726868773528e-13
proteome,GPHA2,9886,0.018441840299634582,0.01143693893788622,0.007349635982056402,1.5516251718900876e-26,1.0244128929762618e-15,-0.10656805027406256,6.525755938755002e-26,3.205951698254404e-15
proteome,GPI,9904,0.0014156887785665706,0.0010216157057818531,4.2119918067862194e-4,0.0014685754830284796,0.24362802593861121,0.03074952909435532,0.002541531164530637,0.3081457030802945
proteome,GPIHBP1,9886,0.005581392315035627,3.7385887765828407e-4,0.005236751636506498,0.05458876109003203,3.1721865853389474e-11,-0.02856011667347543,0.07580187585090908,8.666490283990835e-11
proteome,GPKOW,10131,0.015397732931511365,0.0086947721227002,0.006464962287512477,5.282889562031316e-21,3.588377682867425e-14,0.05022816596371476,1.9111245284427646e-20,1.0691975501550951e-13
proteome,GPNMB,9981,0.02821839458783637,0.0013824235494848125,0.027079642014560812,2.033462874881331e-4,4.455074634323789e-59,-0.023602035938128017,3.7931154966676004e-4,2.973101177198273e-58
proteome,GPR101,9605,0.0021170896642421777,0.001348716172562825,8.267969441693168e-4,3.1894213558886393e-4,0.047248044530748226,-0.04612561802094818,5.833966597786291e-4,0.07346065646988142
proteome,GPR158,9908,0.019691403642864924,0.015146819759458752,0.004881388717448032,9.772829695321324e-35,1.6987095735410153e-10,-0.09144601674637452,4.874740819014374e-34,4.5304088352740766e-10
proteome,GPR15L,9886,0.08392726669038919,0.07188968369227089,0.013482858292232391,2.520309692006314e-162,6.940626508196501e-29,0.35757001743808453,5.8006812832554765e-161,2.8137935205906206e-28
proteome,GPR37,10146,0.058192485791954796,0.04115733724634818,0.0176823184684769,1.0980144988769752e-94,5.555351424961235e-39,0.30237041188745417,1.359956093312457e-93,2.7569256732023246e-38
proteome,GPRC5C,9877,0.0015891668812142434,9.368963223050919e-4,7.070801578664687e-4,0.0023512186191548567,0.07243781263014665,0.035691645092992184,0.003974905739612288,0.10775355028901713
proteome,GRAP2,10283,6.622888664932214e-4,2.3032961529256823e-4,4.527230192306053e-4,0.12388647371192632,0.1989275026121275,0.04326359836483605,0.1607279905281672,0.2588486306992429
proteome,GRHPR,9919,0.008850699455864697,0.006758476583003992,0.0023228398088849245,2.419044314290213e-16,3.930104725162773e-5,0.11049095218293707,7.530209297838438e-16,8.35468808120057e-5
proteome,GRIK2,9908,0.007371056050214708,0.0028776785928105175,0.004620049916799207,9.191103900446216e-8,6.071795869895907e-10,-0.044912269579678435,2.1120752123431047e-7,1.5974670862021364e-9
proteome,GRIN2B,9605,0.0019357105322824752,0.001398879102136874,4.933943228928594e-4,2.465860753750306e-4,0.1920184503612659,-0.04254569830392184,4.5647314649855254e-4,0.2505669332169555
proteome,GRK5,10146,2.5787202300453504e-4,2.8430012710689567e-7,2.5630656349195924e-4,0.9571797035384626,0.45754807360642424,-5.978429743484292e-4,0.965770201395556,0.518377139206038
proteome,GRN,10283,0.0204143957932994,0.007371876053207438,0.013599835073426658,2.7725922284172827e-18,2.6109117359357384e-30,-0.04650969596148652,9.147050884496295e-18,1.101254690352116e-29
proteome,GRP,9666,0.018313269718091107,3.0024758732594137e-6,0.018313029976160355,0.8647664265777194,1.7945664874073072e-38,-0.001870968175862596,0.8909385200428125,8.815996374271529e-38
proteome,GRPEL1,10318,0.014063234542480818,0.0075426922368991844,0.006694279817830662,9.90083887818635e-19,6.106547898279735e-15,0.11775138250168986,3.3264542575791606e-18,1.8690512572431065e-14
proteome,GRSF1,9545,0.002669041413409956,0.0024532751680792497,2.6588746839451005e-4,1.2942317534092591e-6,0.4686348937723487,0.07687429080181903,2.7836934622628876e-6,0.5286838265135373
proteome,GSAP,10125,6.375850132854799e-4,1.2199841917936993e-4,5.036489732365146e-4,0.26650688830033165,0.1647275296274084,-0.021379643894944386,0.3197863852634932,0.2202646702199976
proteome,GSN,9848,0.004383432383954444,0.0030016144927995647,0.0013643040294564202,5.343971898743439e-8,0.0037778541320633843,0.022398572744590457,1.2436647977728561e-7,0.006871604000013238
proteome,GSR,9866,0.012868159330663764,0.0010026757329135716,0.011902990079656006,0.001660129167917866,1.9940040625352996e-25,0.015232172203109915,0.0028527675237060095,7.68927951819351e-25
proteome,GSTA1,10283,0.02912382963047344,0.025180854922587703,0.004322538778394058,5.949937640769157e-59,1.1670687330324256e-9,0.3264455020891496,4.4594019805046785e-58,3.0458409880837323e-9
proteome,GSTA3,10125,0.01291294201773241,0.010988846876431757,0.002109230733632672,3.9183295886666623e-26,8.824045841886649e-5,0.18821491114785552,1.6268859925671385e-25,1.830566784658245e-4
proteome,GSTM4,9611,6.908020947357096e-4,3.314708275526934e-4,3.70541309414274e-4,0.07434106279648015,0.31302968960451305,0.026645040651877474,0.10050829165315055,0.3777150560635673
proteome,GSTP1,10098,2.5155132993692764e-4,7.5788775619756166e-6,2.4425153465779115e-4,0.7821114874284121,0.48153016588766107,0.004120690666208626,0.8173442537551836,0.540519460403085
proteome,GSTT2B,9903,8.952226891477677e-4,3.5109664622301473e-4,5.088720450305839e-4,0.062280537484085616,0.16901026987382473,-0.09362927694862694,0.08538743483395039,0.22489270900571642
proteome,GTF2IRD1,9746,4.332798530229942e-4,9.58776726324162e-5,3.3698458726305613e-4,0.3338408849116761,0.34997534343270054,-0.014071697672732813,0.3904829558210601,0.41650615565064675
proteome,GTPBP2,9655,0.0014506815846919707,5.089767004149426e-4,9.766454432840188e-4,0.026661155513632784,0.024090870783139748,0.03805284675740288,0.03892635243074357,0.039317484812460904
proteome,GUCA2A,10295,0.06063309220061397,0.0015401359100466472,0.059481421493715825,6.82251838130617e-5,1.8672379253456823e-136,-0.02861536545124478,1.3268277597177603e-4,2.9343744385943166e-135
proteome,GUCY2C,9746,0.0020841114468951316,7.066756383551365e-4,0.001362896213782716,0.008688281409279927,0.004057770070917321,-0.046077634303211996,0.013720068373487425,0.0073396422755515655
proteome,GUK1,9611,0.0011646189312657373,7.146301922815734e-4,4.794499615677905e-4,0.008781006888413873,0.2029474963759446,-0.0223390207422471,0.013851528944864409,0.26350275769526865
proteome,GUSB,10374,0.09927815168726761,0.09727515768435036,0.002375546223274738,9.475738517890373e-233,1.8163668702058226e-5,0.46670999437432514,3.901068125041346e-231,3.947390603428714e-5
proteome,GYS1,10146,0.0010180316874688344,9.884946754274981e-4,4.7785413290979406e-5,0.0015411242400305966,0.922255501598729,0.06522153832780964,0.002657643748442144,0.9350512768550416
proteome,GZMA,10432,0.02512834425031818,0.014424675429759892,0.011401008743159746,8.173014972834441e-35,9.565534999212623e-26,-0.09439331966217426,4.090705953012855e-34,3.713155219481872e-25
proteome,GZMB,10298,0.04302512223082278,0.03874619946433033,0.004196322218308235,1.8907336323057862e-90,2.140144144702874e-9,0.2742551075493053,2.219523858325226e-89,5.506726527259243e-9
proteome,GZMH,10146,0.043233828300016985,0.020891644868435755,0.022267507998340208,1.7549710494719676e-48,3.100767614154193e-49,0.2251149996581344,1.0984540423140387e-47,1.780656922627251e-48
proteome,H2AP,9580,1.9466633686060497e-4,1.4017859074733074e-5,1.8196354625565903e-4,0.7141012665010029,0.627515650077975,-0.004001249469493188,0.7562746383994317,0.6718784780871505
proteome,HADH,9611,6.321662226115299e-4,3.3546283698571155e-4,3.232483503307071e-4,0.07261803234138062,0.3756006986312028,-0.025166154863804677,0.09826967987678498,0.440738997229629
proteome,HAGH,10409,0.05205875579694319,0.051442989622451085,2.8923395107482985e-4,1.6630488985256326e-121,0.3901212983137754,0.3749336412726888,2.6563343881914886e-120,0.45558312224177605
proteome,HAO1,10438,0.06137464546420757,0.059093598766147726,0.0037735176294273476,3.244973053274587e-140,1.3966362609934513e-8,0.7375561499093394,6.080164253026678e-139,3.4802794466188046e-8
proteome,HARS1,10349,0.0010960001256022922,5.582600804205917e-4,5.729522982330648e-4,0.016246699485661147,0.1151359566984602,0.041257478573433835,0.024669663686538976,0.162474981878372
proteome,HAVCR1,10420,0.18640304305821864,5.347329880255325e-4,0.18585418662233066,0.018265896745272875,0,0.03253108323194818,0.027478752540624096,0
proteome,HAVCR2,10349,0.06600261818370479,0.0026685355459477034,0.06419260185215425,1.462092746310243e-7,1.9503552761123025e-148,-0.04008662542086406,3.312943486406853e-7,3.497477590230835e-147
proteome,HBEGF,10409,0.0013945405438069436,0.0011677682439312775,1.846951417450171e-4,4.893082969722158e-4,0.588786905132938,0.05603172951654934,8.834145472821414e-4,0.6392632283094667
proteome,HBQ1,10438,0.03676344269787124,0.034289273784129826,0.002783710582176191,3.7900493711769713e-81,2.1498757956705574e-6,0.2539905450670854,3.914598696802222e-80,4.878949495920061e-6
proteome,HBZ,9919,8.263553084725261e-4,1.5587558255347744e-4,6.949235559626787e-4,0.21381684393267633,0.07541377330072997,0.02709153722099928,0.26270980866549515,0.11166892571328962
proteome,HCG22,9611,8.072742473823613e-4,6.452479453133986e-5,7.481276549746729e-4,0.43111681760911535,0.06609457504258627,-0.009036685538157849,0.48899886629565925,0.09943100506921239
proteome,HCLS1,10432,0.0024269102527577635,0.0024072855465278042,1.6920925264507503e-5,5.359752642908913e-7,0.9812992806907321,0.06181494172665099,1.1752855945403416e-6,0.9846679702914556
proteome,HDAC8,9627,4.4042272822519823e-4,1.4658767361619418e-5,4.285605522128533e-4,0.7072489323800674,0.248309001799435,-0.004430779824509567,0.7506494659938043,0.3123094717124563
proteome,HDAC9,9605,6.678975179608138e-4,1.3465537461732069e-6,6.664604003127073e-4,0.9094806277730692,0.09367079409344212,-0.0015082266659503392,0.9280439867033997,0.1352097437704352
proteome,HDDC2,9886,0.00658374083347002,0.006173079100472378,4.262717897179913e-4,5.20312466735897e-15,0.23935332614613886,0.06950305666781892,1.558271865029741e-14,0.3033953912945203
proteome,HDGF,10423,0.005480181322912281,0.005032155321469944,4.050138892373045e-4,4.1840410759310737e-13,0.23861824617507954,0.15043589286206838,1.17708874542315e-12,0.30272618644520727
proteome,HDGFL2,9903,0.005689855406079913,0.005500649463594742,2.1630870421551762e-4,1.4826538104777607e-13,0.5435901135268717,0.09512531345150595,4.236360789859721e-13,0.5986864739408614
proteome,HEBP1,10146,0.0014171064275796397,0.0011668415517092079,2.3951852135817298e-4,5.799469892563942e-4,0.48819118780463744,0.03901980549654782,0.001040629250826544,0.5465273236127749
proteome,HEG1,9676,0.04178209378226461,0.022798219087667437,0.020104323465631846,1.9823436301287377e-50,2.504088795091262e-42,0.08599626514100503,1.2791148854009494e-49,1.300080203916831e-41
proteome,HEPACAM2,9903,0.011008703544358123,0.005186432645752914,0.005837758122435033,7.283682327997747e-13,1.607531494750225e-12,-0.06298685932587889,2.0257091764735885e-12,4.579741285726031e-12
proteome,HEPH,9919,0.02279961627504734,3.776581947567692e-5,0.02277763917283171,0.5406164048381719,3.0059547843853816e-49,0.0033805981655337307,0.5954113607166452,1.7296074477871006e-48
proteome,HEXIM1,10298,0.0037390955310108165,0.0034835218678127555,2.9856680463391516e-4,2.0593136822109043e-9,0.3803926158898401,0.11056953404497248,5.071081628561477e-9,0.44546779497035355
proteome,HGF,10432,0.057648579519924414,0.02122190951255709,0.036976911615152264,1.444905625165922e-50,7.691822016509282e-85,0.12281982945364804,9.406367800356325e-50,7.183129633947806e-84
proteome,HGFAC,9814,0.02316575723917036,0.009814424372218244,0.0136404622231876,7.90442491989936e-23,5.178957400465449e-29,-0.05843031121439187,3.0281302805852985e-22,2.1172157316867845e-28
proteome,HGS,10125,0.0024653014088225067,9.39156595227475e-4,0.0015458739378407804,0.002045489438820323,0.00133309942745139,0.053174531736388274,0.0034781649969004096,0.0025468298212028844
proteome,HHEX,9903,0.011356573215225652,0.009669283133526996,0.001727955401203074,1.0556781411667351e-22,6.680224330244227e-4,0.15816800868374148,4.0126751711708283e-22,0.0013043617713629843
proteome,HIF1A,9627,2.548213117800069e-4,1.7472063252998993e-4,7.599707048500104e-5,0.19476223015118752,0.8658160617018533,-0.017460141613871577,0.24183942172129191,0.8839610018702471
proteome,HIP1,9611,8.199532752911631e-4,1.5311882261348497e-4,6.668121532591442e-4,0.22520446226742005,0.09336765979416634,-0.007880699920728469,0.27485287816604126,0.13490542243121514
proteome,HIP1R,9872,0.043887701080779995,0.017678667686122806,0.026705443291691666,3.64513977388537e-40,1.3097475939395966e-57,0.1123044002738612,2.0103289734088558e-39,8.564635832405909e-57
proteome,HJV,9908,7.252170457079377e-4,3.945751457063995e-4,3.1623229884392146e-4,0.04805528416016183,0.3716732123133546,0.018556534549776738,0.0674019172745456,0.43683184543302594
proteome,HK2,10146,3.3825220628447283e-4,1.4121657713783708e-4,1.8829542416876066e-4,0.2314207483196415,0.591342130234919,0.006993262651780091,0.2818511863909634,0.6413703327186153
proteome,HLA_A,9908,0.008793772748475481,1.5223484094328832e-5,0.008784894847586266,0.6978180404712412,7.980028973601782e-19,-0.0026484935158478553,0.7425271686557837,2.6934901489420336e-18
proteome,HLA_DRA,10298,0.018225352866010236,5.157155892776544e-6,0.018210142219634018,0.8177876992734353,9.206177553844921e-41,0.0017928183369357155,0.8482588520142836,4.704485487742781e-40
proteome,HLA_E,10298,0.06830935786874925,0.003133676462336421,0.06513801685413534,1.3184117148466195e-8,5.858264023118335e-150,0.03465224262718468,3.140764011814726e-8,1.0837788442768918e-148
proteome,HMBS,10438,0.041690736563198993,0.04106299273093583,3.256027211371304e-4,3.91725205354005e-97,0.33427053623243186,0.20037801461937668,5.021985856358581e-96,0.4001117024600321
proteome,HMCN2,9667,0.012640915717451184,0.01234433688162917,2.76281507881726e-4,6.303611689502421e-28,0.4453600584247903,0.13360469671775088,2.7459697419397282e-27,0.5055485245730726
proteome,HMGCL,9666,0.0023342623453792566,0.0010072917200848464,0.0013777396442267165,0.0018070882662330372,0.003992904605487405,0.032072793546440895,0.003094387230345148,0.00722678647791931
proteome,HMGCS1,9611,9.626743181928576e-4,2.5765921972120687e-4,7.200892551996185e-4,0.11564998335783236,0.07449086835992283,-0.014133079412778074,0.15104776646780338,0.11035824035278988
proteome,HMMR,9558,9.056238635655189e-4,4.5152778183998876e-4,4.71414762853839e-4,0.03779568927213381,0.21186941128536926,-0.020121075886441516,0.05394374987424176,0.2735398803830099
proteome,HMOX1,10124,0.042093822725036256,0.026940829044568404,0.015699098026985436,4.711455017237335e-62,1.7205553134995253e-34,0.17663976457341715,3.7524749360721336e-61,7.8580987208736135e-34
proteome,HMOX2,10131,0.011996082327948021,0.008722787759123052,0.0035472557611920807,4.571356638724799e-21,7.542720213145305e-8,0.0923018299004837,1.6619496834567895e-20,1.8403481788834496e-7
proteome,HNF1A,9655,0.0014798479508308926,2.241865058927317e-5,0.0014562402118507567,0.6418496967545118,0.0028197310330451706,-0.006827114701864002,0.6897524498578816,0.005206616430569194
proteome,HNMT,10211,0.06622078678288101,0.011154630587135284,0.05562462107631838,1.023824267163093e-26,2.77289271382584e-126,0.11362089890129438,4.3371570042285806e-26,3.9731202953494753e-125
proteome,HNRNPK,10085,0.0059535328920101716,0.0057094853877552865,3.160695408294112e-4,3.0318775686656834e-14,0.3637340259782907,0.1272809558358461,8.915672166207036e-14,0.42957355876143183
proteome,HNRNPUL1,9908,0.02082116603977091,0.01817717053835366,0.002633611534498592,2.1084816943934047e-41,9.017002088555777e-6,0.1276007787744391,1.1920874260564645e-40,1.9876845478769638e-5
proteome,HPCAL1,10432,0.0012487079493516129,2.3034504181673743e-4,0.0010297065640689773,0.12118261829781451,0.01320116144566479,0.025141997071489983,0.1575588953894036,0.022473497324215594
proteome,HPGDS,10125,0.002062978962531936,1.9492389634401253e-4,0.0018058208750298954,0.16015895304543443,3.828160532655484e-4,-0.011801044940760562,0.2028356238092742,7.601707362059768e-4
proteome,HPSE,9816,0.0010905858393920331,6.314444960372478e-4,5.079743696758676e-4,0.012798562371701919,0.17287990219729427,-0.04855136781385168,0.019720715768310335,0.22886229806281302
proteome,HRAS,9733,9.599286433698007e-4,4.0554390748848146e-4,5.475327951994791e-4,0.04699050317730788,0.1492873565824783,0.04138352675899366,0.06600347947490194,0.20258446763722565
proteome,HRC,9666,0.004695502004246621,9.192891490360511e-4,0.0037195141883307192,0.002875423538008847,7.477141650329218e-8,0.021412192477042777,0.004816540402062957,1.8258717664087137e-7
proteome,HRG,9848,0.024576905684608796,0.008546681934047284,0.01615981925976162,3.876781437447567e-20,1.5262166161688647e-34,-0.060485970813429164,1.3636380435209674e-19,6.981425929673852e-34
proteome,HS1BP3,9666,8.79644286389758e-4,3.6067667409556137e-4,5.33526397807127e-4,0.061929399513174783,0.16072122161025465,0.03545203772940847,0.0850256621780225,0.21530161813326049
proteome,HS3ST3B1,10318,0.005536881427049889,0.0020032056436755097,0.0034379525384097276,5.43146845920336e-6,9.466506268082197e-8,-0.037380839900093776,1.1283711660448772e-5,2.2925101757750013e-7
proteome,HS6ST1,10438,0.024755530290811012,0.023077999291999163,0.0016462298029884526,6.508771145338273e-55,6.458854215826246e-4,-0.1186799074836546,4.5514684348860696e-54,0.0012628248075491717
proteome,HS6ST2,9627,0.09938066643137244,0.09367059982312975,0.004926970611598747,8.459271179839378e-208,2.6849058680307283e-10,0.21900003361776807,2.809823824848921e-206,7.115122259522954e-10
proteome,HSBP1,9666,0.002748324982587147,0.002158765752639291,5.801290842200046e-4,4.8966332768079905e-6,0.13240320485829407,-0.09195743935157513,1.0223470762935541e-5,0.18281273868719583
proteome,HSD11B1,10298,0.002242912025187449,2.946342661591661e-4,0.0019463179639114259,0.08158854327229058,1.654283863429144e-4,0.015942220160364114,0.10954676710376912,3.360300022795962e-4
proteome,HSD17B14,9903,0.012418706278063185,0.003141632020127849,0.00944346706217214,2.3967140796730123e-8,3.1501647869008176e-20,0.07291576819516396,5.6633753071012245e-8,1.0884079990675047e-19
proteome,HSD17B3,9611,0.0018396931511059922,3.5051300691157916e-4,0.0015108762881151927,0.06649689288245769,0.002270812431804437,-0.018360143228819983,0.09065784416764171,0.004233153531992583
proteome,HSDL2,9666,0.01211604888339568,0.011168759977711384,0.0012208017850234842,2.0854847181282898e-25,0.008093205372416062,0.10600850223288458,8.490072188146227e-25,0.014140131084024
proteome,HSP90B1,10044,0.0014328515152334242,6.306640865314517e-4,7.418594637090825e-4,0.011851711746593325,0.058839798629630014,-0.03553077618935608,0.01833909657770899,0.0897644735878959
proteome,HSPA1A,10330,0.0012078378109743326,7.528044623895669e-4,4.710284640798701e-4,0.005296668923041249,0.18197295247094242,0.04352665021333536,0.008591655528329396,0.2394438914732928
proteome,HSPA2,9877,0.039093092017414066,0.030790580067027506,0.008458649542000596,4.135692275532018e-69,4.5514734146164634e-18,0.12274996487002544,3.5659671154513534e-68,1.5083851236875197e-17
proteome,HSPB1,10137,0.0019575211949738325,0.001258367344016298,7.167017130311759e-4,3.54645717833727e-4,0.0639260575935895,-0.05474689892517672,6.450712092271213e-4,0.0966826245985072
proteome,HSPB6,10438,0.2307472211847743,0.09261101885663525,0.16195147850774871,1.7329477707249102e-222,0,0.2786694048228058,6.411906751682168e-221,0
proteome,HSPG2,10160,0.08023190833383198,0.011699324523972487,0.06915523981375626,8.134573784286281e-28,1.9956234728184324e-157,0.06343665857690012,3.533039995760594e-27,4.022901662791916e-156
proteome,HTR1A,9605,0.006468275569294191,0.005102348533229106,0.0015077087302172165,2.425740918854725e-12,0.002313349900949341,-0.11103470646858637,6.626580098890057e-12,0.00430421499711962
proteome,HTR1B,9605,4.2807857705229324e-4,7.954605497983991e-5,3.508124754797448e-4,0.38219405515107674,0.3382129696367294,-0.007221354686290539,0.43965101267477263,0.40433395102174235
proteome,HTRA2,10379,0.004349944521659599,0.0036576541633530635,8.253342610682335e-4,7.030233653573864e-10,0.03565446773895521,0.0832722202702906,1.7578591077327975e-9,0.05667102186023169
proteome,HYAL1,10280,0.029267462392888133,0.0019016072960548192,0.02769725295738734,9.7659438661941e-6,2.889540630532852e-62,-0.02288438309800527,1.9976104913145804e-5,2.0206046083845756e-61
proteome,HYOU1,10431,0.01596948385092578,3.746134445845595e-4,0.015662970729980352,0.048106421592051245,1.8612731954361777e-35,-0.009499869329703063,0.06744128072593084,8.67703596532687e-35
proteome,ICA1,10167,4.2513482480943665e-4,6.00557404842883e-5,3.717618144996049e-4,0.43468438697273803,0.2863696826149228,0.013763349251113867,0.49152126232932813,0.352149172184863
proteome,ICAM1,10240,0.03105631401210973,0.004925277295681818,0.02652061222533686,1.172198082360187e-12,2.4129725465831964e-59,-0.04618306685087361,3.232391504470591e-12,1.6214066100373982e-58
proteome,ICAM2,10431,0.00258675770732264,0.0015944028257531828,0.0010753108271651657,4.529017511851058e-5,0.010604797062546554,-0.028515012651660097,8.8847773068058e-5,0.018223293247397753
proteome,ICAM3,10431,0.008410877142838724,0.0012261158320878707,0.007354246506514395,3.483441914050983e-4,1.375447497468604e-16,-0.020038285860360206,6.343987984281012e-4,4.4035411118299336e-16
proteome,ICAM4,10298,0.007347265732297936,5.112843583803262e-4,0.006870126352894634,0.02177417910585975,2.6565279450856563e-15,0.026803788065464153,0.03227481010467954,8.254017721982966e-15
proteome,ICAM5,10283,0.015501842063943005,0.007511507892010938,0.008175612355263873,1.3333351990370608e-18,3.52835629307167e-18,-0.09242282069222943,4.4490168798919276e-18,1.173308924305858e-17
proteome,ICOSLG,10318,0.0027486681878140518,0.0027453949961879776,1.8497526330540914e-5,1.0120386503037347e-7,0.9790644492198355,-0.022411115914938745,2.3201482155590718e-7,0.9827628382793885
proteome,ID4,9746,7.969645727009533e-4,5.909369373643392e-4,1.7717541844641804e-4,0.016416336097226772,0.6311452396542001,-0.021639392299989547,0.02490137540850745,0.6747759822637991
proteome,IDI2,10131,0.045546401144687,0.036228719206603976,0.009355990190090369,3.0117221607809637e-83,1.6811490296576134e-20,0.20483581947267,3.212870027723634e-82,5.856970934075332e-20
proteome,IDO1,9666,0.03137136361263815,1.0833658426911974e-5,0.03135927908369851,0.7463085624285987,2.0094655208774016e-66,0.004342462747776922,0.7852627530521216,1.4983846218175115e-65
proteome,IDS,10432,0.010939444704349266,0.009004574832840118,0.0018893701720155143,2.695849417577635e-22,1.9399520352746694e-4,-0.019686020556083008,1.0141528761363485e-21,3.9242074734310443e-4
proteome,IDUA,10438,0.00880981095617217,0.00323592053568178,0.005773553921457619,6.065711352554968e-9,4.797555058905707e-13,-0.058454873204117214,1.4750477773309628e-8,1.38981699080093e-12
proteome,IFI30,9670,0.09010066622336221,0.007120664661750875,0.08363753587530465,9.532679153965338e-17,1.1128902199757028e-182,0.0688808792602944,3.009073560155581e-16,2.804291476714637e-181
proteome,IFIT1,9746,0.0018021596702229026,2.760124272838116e-5,0.0017761278382544265,0.6041018152597271,6.080316893120771e-4,0.005353742264268174,0.6552095013002531,0.0011912041741683655
proteome,IFIT3,9746,0.001538471110361872,0.0012522731542760068,3.019177394952832e-4,4.7651113636545375e-4,0.40072104326958125,0.026290034528553573,8.608418118641664e-4,0.4652782501180644
proteome,IFNAR1,9886,0.008186563953426984,0.0072511295732531345,8.120760053249576e-4,2.2571912618177786e-17,0.04544086784094038,-0.045384611155128846,7.250296767355348e-17,0.07091492616074145
proteome,IFNG,10167,0.015690876036082768,0.0036582853418970496,0.012240562658158649,1.04351288046525e-9,5.962868373159005e-27,-0.15199572981182569,2.604772117506342e-9,2.361716023678018e-26
proteome,IFNGR1,10351,0.03651886619698319,5.220479281966561e-4,0.03589095935592501,0.0201107272835625,1.1818842397784036e-81,0.010423801489773113,0.030006970826877588,1.062968502422238e-80
proteome,IFNGR2,10264,0.0014220282109517202,1.2646789890013999e-4,0.001297573552918374,0.25467898927832194,0.003991243581348272,0.01352690650785428,0.3072334649857759,0.00722678647791931
proteome,IFNL1,10131,0.007258336626869255,0.002829210861839182,0.004276279953325246,8.50388270805559e-8,2.027206655394438e-9,0.051505936622937676,1.9572322169800385e-7,5.2207269195752795e-9
proteome,IFNL2,9605,6.011157873335726e-4,5.508451863767139e-5,5.425342962306345e-4,0.4671124747379405,0.1570491885397844,-0.009516208653071465,0.524335546720046,0.21125392457514486
proteome,IFNLR1,10298,0.018619487263356604,0.016717266284002608,0.002118346028450402,1.2620660332554544e-39,7.08223400419658e-5,0.11113921842226154,6.882498162697188e-39,1.479726232613767e-4
proteome,IFNW1,9611,0.0016210350704461973,8.912767366924257e-4,7.558900020607773e-4,0.003426914568522265,0.06393688448474663,-0.02095100543516059,0.005681719389557902,0.0966826245985072
proteome,IFT20,9655,0.0011298987739639665,3.9252120463584284e-4,7.693845780524233e-4,0.05160967051934961,0.059442793561526486,0.016379959872761904,0.07190422637181074,0.09047248392117778
proteome,IGBP1,9908,0.012697782351437925,0.012268959966474369,5.355287332324821e-4,2.0403920173220523e-28,0.150776372959754,0.14080944250577176,8.955053853802341e-28,0.20413123583203377
proteome,IGDCC3,9605,2.5501487082391083e-4,9.968244543678839e-5,1.5179289459965606e-4,0.3279566898118691,0.6921370973391427,-0.009904697097455005,0.3843694484042074,0.729748797113314
proteome,IGDCC4,9921,0.11111906580009168,0.021798473828449128,0.09322888250323258,1.889273161075782e-49,4.558602738201689e-210,0.082277035695516,1.2057522816210722e-48,1.4327737423401652e-208
proteome,IGF1R,10318,0.057498132339202535,0.003696557630106012,0.05385533051817348,6.413501743035272e-10,1.995754021177241e-123,0.029571465069181766,1.609155845055116e-9,2.6637392711877057e-122
proteome,IGF2BP3,9611,4.958552297495977e-5,3.3112538389001855e-7,4.891712059329478e-5,0.9550255199926417,0.9254453913887539,-4.88586060979744e-4,0.9642380119161743,0.9373100758937379
proteome,IGF2R,10349,0.03085318577606344,0.0022948778295056593,0.028541538232419228,1.0888069017786613e-6,1.2491720302674953e-64,0.02528163237916619,2.3539811937122976e-6,9.151202617724032e-64
proteome,IGFBP1,10410,0.048153530319265836,0.04520375172639546,0.0034505055831461906,1.1227448600292525e-106,7.612161493536194e-8,-0.6525061993272313,1.5777803970507235e-105,1.8541956704671915e-7
proteome,IGFBP2,10420,0.06229104392679086,0.010521461244156538,0.05353303136149856,9.056174758112297e-26,6.99905903238096e-124,-0.16277202937859425,3.728337861684823e-25,9.471411829467381e-123
proteome,IGFBP3,10345,0.07269353843831827,0.061781830098832535,0.010434217809286439,2.0391692373770178e-145,2.3514335622634774e-23,-0.1695093213770823,4.0825285485294677e-144,8.722386170680386e-23
proteome,IGFBP4,10251,0.14288540079152146,0.00876754498003407,0.1350476371720828,2.126680387180438e-21,4.84e-322,0.08816886140981241,7.838949270779849e-21,4.1625e-320
proteome,IGFBP6,10252,0.2545141776676052,0.21162183785014266,0.060964183819291695,0,2.1751601645879526e-139,0.3299952273528828,0,3.5127034039174503e-138
proteome,IGFBP7,10431,0.11702853747812147,0.035500066006083464,0.0861341843511122,6.081522987341143e-84,2.878581808991991e-203,0.12643056193830546,6.574974055421378e-83,8.67432435843669e-202
proteome,IGFBPL1,10283,0.1182143387918001,0.005003356523090918,0.11486253408650549,6.975866834658622e-13,1.3379823273157962e-271,-0.053087984088949026,1.943799690915839e-12,7.379098759894477e-270
proteome,IGFL4,9627,4.344146358755685e-4,1.3790703010152505e-4,2.8395177594398024e-4,0.24934604542668232,0.43469649756935136,-0.018514484570791547,0.30104852985633723,0.4955607887656841
proteome,IGHMBP2,9611,3.8144715808052787e-4,2.003415133274844e-4,1.735784123656492e-4,0.16535338864463797,0.6441551527103393,-0.014567034411322996,0.2089785471246662,0.6864256330194392
proteome,IGLC2,9888,0.01622206054789077,0.004551200417615475,0.011403511910559772,1.891568843721018e-11,2.0816039136856125e-24,0.03588027961346901,4.9856228405739726e-11,7.881513263864049e-24
proteome,IGLON5,9580,2.985392926112551e-4,2.4376240692314255e-4,4.8435621579190347e-5,0.12656099642088992,0.926767890470793,-0.029815488829616026,0.16368928873374392,0.9383244003623581
proteome,IGSF21,9666,0.059710038578748126,0.05624505850522887,0.003936813540879824,1.2336069201295424e-123,2.6781265722989732e-8,0.2020810814294805,2.0144318589601413e-122,6.617058240237512e-8
proteome,IGSF3,10318,0.022832267379180315,0.0013132052502251579,0.02149973326892851,2.3212699720827668e-4,2.536966263401488e-48,0.02878315343884205,4.313459712903959e-4,1.4399130850335047e-47
proteome,IGSF8,10283,0.023930560728829486,0.007223146523828827,0.017193293277944166,6.0475781414920395e-18,2.0971306877085345e-38,-0.05759569383123019,1.9795152192140237e-17,1.0250690635739207e-37
proteome,IGSF9,9919,0.03202921736568476,0.007277587820048725,0.025246999554116245,1.7481025767477604e-17,1.130628503165529e-54,0.1632337862222333,5.646081582136689e-17,6.986949502648712e-54
proteome,IKBKG,10298,0.002511141394463845,0.0017856526420857444,7.8913881141629e-4,1.7950408754798573e-5,0.04347413986616673,0.08822131675048758,3.628564646630445e-5,0.06813668140954711
proteome,IKZF2,10125,0.001758678670963465,8.908723379941197e-5,0.0016616059876095601,0.3423641840851701,7.658776649193089e-4,-0.01822335920141197,0.3988563212757881,0.0014894613536654293
proteome,IL10,10167,0.002709130238494506,6.087359985418317e-5,0.002668591629473749,0.43157325506615163,5.4607487828208726e-6,-0.014138163393499496,0.4891386679171622,1.2212523865482333e-5
proteome,IL10RA,10167,0.0011459336142103371,1.4938777983564133e-4,0.0010077418331180255,0.2179046206306614,0.016584140972020052,-0.015838218223602648,0.26717080792928827,0.0278846372555685
proteome,IL10RB,10351,0.057801451520536395,0.008606106518322054,0.049077019850292225,3.193228861760022e-21,1.590251631247983e-112,0.05915623167657757,1.1681862281507564e-20,1.9367939658907727e-111
proteome,IL11,10167,5.649800588670706e-4,2.3262413662017423e-7,5.649794226884053e-4,0.9612229011715792,0.12479350287973993,-6.830044345895778e-4,0.9688463931463882,0.17328808024583364
proteome,IL12A_IL12B,10318,0.0427790098979286,0.02605028993523384,0.018786178733773973,3.753195670579412e-61,3.776272380396783e-42,-0.28900150763171045,2.933313086926102e-60,1.9536361359114687e-41
proteome,IL12B,10432,0.04605041393331377,0.029338246839058058,0.019008211579363055,1.7232721557479098e-69,3.9817337288854384e-43,-0.2189433055852685,1.4991441997771252e-68,2.097046430546331e-42
proteome,IL12RB1,10167,0.02138508967156838,2.353843688887025e-4,0.021065125990524902,0.12194660565166189,1.2282173030148479e-46,0.012494032964530178,0.15835181178134505,6.812294452964707e-46
proteome,IL12RB2,9627,9.662524377034298e-4,5.284636432510981e-4,3.940830788656813e-4,0.02412036186047709,0.28472334662071536,-0.019757828952697527,0.035536198446660554,0.35086270749255943
proteome,IL13,10167,0.0014302409004275374,5.427529804994391e-4,8.753298009839261e-4,0.0188359559497399,0.030658274915814736,0.024560471317075644,0.028249101714258453,0.049374180484257006
proteome,IL13RA1,10241,0.007172161248648168,3.495857872417574e-4,0.00681531922052081,0.05852102648924907,4.260274712846514e-15,-0.009367977564862883,0.08068724548494105,1.3122005253583098e-14
proteome,IL13RA2,9605,0.0012342843231318845,1.6696123933623852e-4,0.0010791842519276562,0.20549579960048794,0.01569581683186022,-0.007587262701625455,0.25387329764675665,0.026443154236038862
proteome,IL15,10298,0.005219877538126583,0.0022563057396954855,0.0030319360037589504,1.4230477318811622e-6,7.505846691177301e-7,0.03462054386632643,3.056259015641908e-6,1.7426203239325856e-6
proteome,IL15RA,10167,0.049687913769210224,0.006347001039480271,0.043353345034796154,8.718839497969545e-16,2.6520112726666673e-97,0.060414048294069614,2.6770134298912794e-15,2.9252184716998747e-96
proteome,IL16,10432,0.02932266561192043,0.0049426542163912845,0.024219207688567557,6.591419711479647e-13,3.915910878360788e-55,0.06068922896820728,1.8384274634212793e-12,2.4562677033151464e-54
proteome,IL17A,10167,0.002336249320594508,1.5886313676971575e-4,0.002141747727802845,0.2038721570416124,7.217386957047174e-5,0.011543320359820001,0.252293952173003,1.5068872911034922e-4
proteome,IL17C,10167,0.03547884344448382,0.02587508020602558,0.009093656738336175,6.941595730285725e-60,5.383917025849271e-20,0.2546713190254624,5.270203719383161e-59,1.8536147781575287e-19
proteome,IL17D,10167,0.11382033673566294,0.004970766939878746,0.1103409466106896,1.1116382101775158e-12,2.705820422112863e-257,-0.05526125888853929,3.0770061442697716e-12,1.2965759170222786e-255
proteome,IL17F,10167,6.325142323106991e-4,6.638316312679304e-5,5.737314749514333e-4,0.41146111994867784,0.12006464679333831,-0.013948477095838052,0.46998861024227645,0.1680790050655785
proteome,IL17RA,10349,0.001277069180202428,8.843043221018476e-7,0.0012770632298303441,0.9238073415824315,0.004186119216912933,-9.354215040794705e-4,0.937274855760308,0.007548443227042877
proteome,IL17RB,10130,0.029017646731077873,0.013118290991570691,0.016021040522641194,6.370777475572539e-31,3.1644521705684656e-35,0.14211424631148628,2.9464845824522995e-30,1.4682053483447024e-34
proteome,IL18,10295,0.04767230545547263,0.04107537615197676,0.006660341109188117,7.396971894667009e-96,7.836853125734897e-15,0.21585834152108,9.319546917289512e-95,2.3861585090128233e-14
proteome,IL18BP,10345,0.0912505682968886,0.007791099813792002,0.08387247198234404,2.40879238099987e-19,4.826960565132201e-196,0.05909982700921168,8.24461373496794e-19,1.3698257992117887e-194
proteome,IL18R1,10432,0.012576131431100812,0.004116115339716009,0.00836937569835039,5.459329453985277e-11,7.040651189603425e-19,0.049911122107791576,1.4146826235814684e-10,2.381924007779029e-18
proteome,IL18RAP,10220,0.022966014131146184,0.011000932671297314,0.011855344288540293,2.1668166791107595e-26,3.1109003964283124e-26,-0.4016360539477924,9.086951439082855e-26,1.218922501174257e-25
proteome,IL19,10080,0.04332053005079728,0.033973092019226936,0.009024638742496927,1.0392878694024988e-77,1.128776334570096e-19,0.29034137654469644,1.0228412263513483e-76,3.858962837366539e-19
proteome,IL1A,10167,1.8141783691016933e-4,1.0563073131564238e-4,7.803500304115474e-5,0.30017346541637424,0.851125863003211,0.012768580002746555,0.3559460606134125,0.8723144802098128
proteome,IL1B,10082,7.43511836238886e-4,6.737683010293871e-5,6.716310331911224e-4,0.4099500731910909,0.0795790604158449,-0.010093710464358564,0.4686699776542623,0.11718367435542298
proteome,IL1R1,10325,0.02032202835280994,0.006580897411615383,0.013310407145494807,1.5259772069458278e-16,8.823039499031319e-30,0.0408956394719648,4.775622458139887e-16,3.6789935029484375e-29
proteome,IL1R2,10303,0.028748854498275356,0.02559230893719333,0.004211903620105262,5.197426898785433e-60,1.9577545333738124e-9,0.07095601994294527,3.9562705273827662e-59,5.050764784688132e-9
proteome,IL1RAP,10349,0.04739572135980441,0.04421747785072727,0.0024728397722590945,9.729062951720062e-104,1.1498793302707707e-5,-0.21880920715228036,1.328880888218586e-102,2.5157913790280412e-5
proteome,IL1RL1,10390,0.14855692420537792,0.1408937163230638,0.00928899373006209,0,7.133222778078492e-21,0.41460484452179125,0,2.515127886649389e-20
proteome,IL1RL2,10167,0.07611158331023937,0.06136844538250108,0.016711722540389218,5.645127585869772e-142,6.7752118471808936e-37,-0.22416959355118202,1.0855728903616673e-140,3.2306597437699434e-36
proteome,IL1RN,10240,0.018412092236010147,0.004871863174996216,0.01387374037751199,1.5508862820745304e-12,8.52683474145424e-31,-0.09318979911624686,4.256563946013007e-12,3.633227106307689e-30
proteome,IL2,10167,4.761056298817623e-4,1.033808691386362e-4,3.557002075852411e-4,0.30537837737555246,0.3060948818566821,0.006982947712810664,0.36167787563563203,0.3710971960460729
proteome,IL20,10167,0.002383495791730139,0.001230825889073972,0.0011960408543435497,4.0375382700779565e-4,0.006848200321855395,0.03767622321627018,7.321168959949049e-4,0.012102351596604183
proteome,IL20RA,10167,4.732876181720025e-4,1.5853622544081958e-4,3.0513136512300143e-4,0.20433814804742237,0.37625834864880253,0.012573727975681386,0.2527636084395326,0.441156499438608
proteome,IL20RB,9627,1.986819353967384e-4,6.131779585960562e-5,1.392945308872351e-4,0.44242404432590743,0.7195497861997975,0.006693294512853829,0.4985371941266875,0.7543875487335477
proteome,IL21R,9627,5.409712358483976e-4,4.0241972499099887e-4,1.5699370033206428e-4,0.04907866015423523,0.6797821436276801,-0.022381216961789675,0.06863967637838736,0.71940738806072
proteome,IL22,9877,0.07064296734062325,0.06179738337021823,0.008865417368315587,5.81822547866022e-139,6.145004870181176e-19,0.3637612163281287,1.0763717135521408e-137,2.0861613513983247e-18
proteome,IL22RA1,10167,0.009650081909534092,0.005179851153735648,0.004454159051595519,3.746319253500812e-13,7.733430347159762e-10,-0.06903240952940173,1.056997217952015e-12,2.0291577113777363e-9
proteome,IL24,10167,2.4881248310382187e-4,6.27351884818772e-6,2.4406839379542689e-4,0.8006663804558057,0.4787986171052212,0.002688490521192676,0.8331604948637664,0.5382994371465356
proteome,IL25,9556,2.9580115662330986e-4,2.832940943719997e-6,2.914224230361473e-4,0.869347617929364,0.42615266941620766,-0.0011900250715213422,0.8941249427190467,0.48784127858190235
proteome,IL2RA,10196,0.0328366318238682,0.004833339361794753,0.02773278386268674,2.1157793452127998e-12,7.776823232969336e-62,0.06146042516794004,5.78524137142845e-12,5.399442828971347e-61
proteome,IL2RB,10167,0.0031209296732565006,0.0030864056366501913,1.5456592598828145e-5,2.087935783656068e-8,0.9842012824160018,-0.04748341298935414,4.9417297940297056e-8,0.9865639055219387
proteome,IL2RG,9877,0.005480584964646096,0.004574694810706492,0.0010142901332534926,1.72298591923715e-11,0.018408173908765257,-0.05250856530463126,4.553605643698182e-11,0.030676791525268445
proteome,IL3,9580,2.470954049462737e-4,2.799034552647406e-5,2.2475595391446834e-4,0.604678365406904,0.5413863269812932,-0.006477547080412095,0.6555915660550372,0.596659422723356
proteome,IL31,9627,0.0010590824490568362,4.401234009441257e-4,5.981314588678899e-4,0.03958510845438577,0.12403714098339388,-0.02406808229731278,0.0563326543389336,0.17256571303877216
proteome,IL31RA,9589,0.005239864998080601,4.0433420367747e-5,0.005174474428735976,0.5336156418342779,9.149206281789932e-11,-0.005102874032212045,0.5894778991238074,2.458008268536027e-10
proteome,IL32,10298,0.05140739172682185,0.020382482790139766,0.032660392092247026,5.1466103614265917e-48,8.885230361082915e-74,-0.13973525910073997,3.200753635414878e-47,7.33658992809191e-73
proteome,IL33,10167,0.002493653693701914,2.498116923432825e-5,0.0024800794971251428,0.6143775987974252,1.3787786287318231e-5,-0.004278464088277356,0.6638912093474579,3.003107251701281e-5
proteome,IL34,10114,0.00208575671887401,1.7118564067830633e-4,0.0019320670160292153,0.1883370752880431,2.102660672771021e-4,-0.010190538021265374,0.23455870092328504,4.2386738941446164e-4
proteome,IL36A,9627,6.717107397637978e-4,3.055877987756528e-4,3.5004125347593007e-4,0.08637530747655045,0.3381728130781018,-0.020513219639413355,0.11539077868096753,0.40433395102174235
proteome,IL36G,9600,0.013035007967128087,0.012053518271401331,8.680667904870099e-4,3.983765210252534e-27,0.03960558897149361,0.1565557282067779,1.7074113943648323e-26,0.06250925300414462
proteome,IL3RA,10167,0.06895063547109437,0.06804737908976022,3.7298325707468827e-4,9.365296583317146e-158,0.284917283998581,0.18783123611620667,2.0738455994724256e-156,0.35095373835981974
proteome,IL4,10167,1.1012893610018448e-4,3.6631907571194056e-5,7.351960760804133e-5,0.5417847438310031,0.8620568040189076,-0.01224324403810433,0.5960243907482206,0.8809770974779967
proteome,IL4R,10298,0.03599254109679628,0.00643033671333737,0.029361168617794364,3.6848468681471216e-16,3.4337865286501583e-66,0.06382516454241209,1.1373608654270365e-15,2.5410020312011175e-65
proteome,IL5,10167,0.01051998719277325,0.006118814499494474,0.004419811369045568,2.8501123626873857e-15,9.18104956422737e-10,-0.2483964802467363,8.588534470242504e-15,2.4046781251108065e-9
proteome,IL5RA,10298,0.017735768139169772,0.0028208266495567402,0.014526651959383963,6.965184617064595e-8,1.9299749109281856e-32,0.06825328542272584,1.6094256628995897e-7,8.483182954350507e-32
proteome,IL6,10318,0.041129423841126056,5.464830951223965e-4,0.04046207676946001,0.017583794105740073,5.207479892926233e-92,0.04081204715581499,0.026561979416577897,5.340864465622238e-91
proteome,IL6R,10230,0.012767725717784839,0.0033602754568018423,0.009491370762949147,4.452803342456399e-9,5.3113580114644695e-21,-0.044899671734916706,1.090992805532276e-8,1.877279258465616e-20
proteome,IL6ST,10283,0.027857493192874894,6.244754297988209e-4,0.027247234001402165,0.011283891774986529,2.9634908306786547e-61,0.009778073270428511,0.017516099659206384,2.0333999291252833e-60
proteome,IL7,10298,3.8382165199357665e-4,1.3319316709958784e-4,2.6016550202712097e-4,0.24164323769732754,0.44391697686062503,0.016535578923416068,0.2925945251819753,0.504249073297755
proteome,IL7R,10349,0.013361787853154117,0.00828058431255041,0.0046989778138747385,1.79316727896065e-20,1.4940545149256762e-10,-0.11109010543537769,6.399789934556753e-20,3.99553645665851e-10
proteome,IL9,9746,5.316071991989801e-4,4.900270788182892e-4,5.3695725898639246e-5,0.028887946682704935,0.9137899199110475,-0.02584484762161083,0.041863891003245675,0.9284003948209912
proteome,ILKAP,10123,0.001268890017871338,0.0010444103601510157,2.1291612468565813e-4,0.0011479209229358382,0.5409417979708361,0.0399726218339282,0.002006801948409961,0.596659422723356
proteome,IMMT,9877,0.03862516154085083,0.023466466974650046,0.015531963241079305,6.5090576828507595e-53,2.7589749863258628e-33,0.14191732082040526,4.373787495855809e-52,1.238784006917127e-32
proteome,IMPA1,10264,6.287467647382305e-4,8.330711813275826e-6,6.248100502017628e-4,0.7700289173783903,0.09318845623354574,0.003922433565869915,0.806361976589832,0.13471308485195557
proteome,IMPACT,9903,0.008682735774743655,0.007670200897845203,0.001048972742287102,2.5524612109744926e-18,0.015535187235996045,0.10285814087886773,8.439868913663396e-18,0.026202742233592865
proteome,IMPG1,9605,4.857453100566289e-4,3.0210983663192525e-4,2.0504272436294713e-4,0.08854979883400331,0.5789254507695232,-0.010679232562162728,0.11813375718475201,0.6318891309183406
proteome,ING1,10123,0.002986983690301148,0.002931938002998624,7.29144607101162e-5,5.024124539048915e-8,0.8642762046817685,0.04940356936797768,1.1720284140175561e-7,0.8826971859835113
proteome,INHBB,9676,0.07815395678593251,0.03367600824679773,0.04679413422501155,5.074238861986761e-74,3.872886277881605e-100,0.1989697542809702,4.7235669406328995e-73,4.337335858332541e-99
proteome,INHBC,10349,0.02335323099159503,0.0038333300046716756,0.01931761043439939,2.921734882064436e-10,1.7344901695268387e-43,0.06270062369823591,7.394139446124976e-10,9.184628198418387e-43
proteome,INPP1,10318,0.007086147753773364,0.003007317797901199,0.004138494241253898,2.5021382715416004e-8,2.7526173404854836e-9,0.06502581826312394,5.902946059496447e-8,7.057807444069358e-9
proteome,INPP5D,9666,0.019708072721830838,0.019221472662126926,4.7862610041449205e-4,1.1187424193577154e-42,0.20137792737813018,0.16628687740162876,6.44987000351598e-42,0.26172862682359915
proteome,INPP5J,9908,0.027737207470006187,0.025436985319182037,0.0022543074273593255,1.9588245123164362e-57,5.513835169425253e-5,0.13689876644490265,1.4314110123752357e-56,1.1586585334457236e-4
proteome,INPPL1,10318,0.0018644996085480647,0.0013438647300927364,5.697366451186126e-4,1.9611706284913973e-4,0.11771676957730454,0.08183221316837033,3.662940413469875e-4,0.16534652449517595
proteome,INSL3,9903,0.7291092862008322,0.7282267498606352,0.01261406288539002,0,4.6711278448381716e-27,2.5967090898522436,0,1.852606063834732e-26
proteome,INSL4,9877,0.008362351853839711,0.006332573991625456,0.0017395003912651363,2.3940215776437513e-15,6.464734563602534e-4,0.08534816553751882,7.229054825880874e-15,0.00126312962094988
proteome,INSL5,9886,0.07592455693709299,0.06641504643160279,0.009943635969906217,1.0910492949729545e-149,2.8859620006933503e-21,0.5442684955426551,2.2617993540467704e-148,1.0262368525579881e-20
proteome,INSR,9627,0.00827846994146253,0.0026382255311937497,0.005696135722769613,4.617752469763567e-7,6.975755700756553e-12,-0.017484150378035305,1.0148639450465343e-6,1.9549505190135576e-11
proteome,IPCEF1,10245,0.011076684549706561,0.010561432929939829,6.716903216139603e-4,1.870103829512992e-25,0.07579718612176183,0.20639266134760195,7.645193697435631e-25,0.1121230642884159
proteome,IQGAP2,10318,0.004182798246452735,0.0024848340746601583,0.001729657866196277,4.078681685506956e-7,4.713609822451763e-4,0.06065638647182498,8.990940095578306e-7,9.303041980564175e-4
proteome,IRAG2,10146,0.00111848375124457,5.8497170686400146e-5,0.0010667905240108189,0.44118131363742186,0.012712961483357533,-0.014843797577725006,0.49732856913312157,0.021692928438910724
proteome,IRAK1,10167,0.0026856340969074743,0.0024173855306457437,2.9115356405395865e-4,7.077167699183249e-7,0.39794627349534817,0.07666981445223395,1.5460808060323346e-6,0.4625037604083112
proteome,IRAK4,10298,7.896108119862522e-4,2.895866557136584e-4,5.186451563958805e-4,0.08424708564351772,0.14852405382291217,0.03992760532379462,0.11275376892674098,0.20187277573160528
proteome,ISLR2,10117,0.002760113085161886,0.0020558704299500352,6.220214746496255e-4,5.073514694829323e-6,0.09823008016092814,-0.03735797132410642,1.056259505198441e-5,0.14081732433074692
proteome,ISM1,10298,0.05029151147818378,0.017865385673838552,0.033854862698147414,2.988858555693093e-42,1.5661073891364806e-76,-0.12027709189153747,1.709673886162605e-41,1.3346157138326334e-75
proteome,ISM2,9921,3.839610916529512e-4,1.0761745313891957e-5,3.6795558696156583e-4,0.7439228523320469,0.3018834161106084,0.0030427069020470053,0.7838812175077768,0.367057082067932
proteome,IST1,9848,0.0011038429982692666,8.174231781232777e-4,3.2459677680007903e-4,0.004553436490744361,0.36242691354632073,0.05934142097038991,0.007423142700750567,0.42837600820699373
proteome,ITGA11,10298,0.01658622212014116,0.009326591212798774,0.007033521241753826,9.178578115148885e-23,1.1521829245476975e-15,-0.07603041851311808,3.4979118423181474e-22,3.6019579555646195e-15
proteome,ITGA2,9676,0.06971623997524334,0.061614782130057555,0.0089024453436638,9.17821636722121e-136,1.2452408849978825e-18,-0.18128584200104453,1.6560448420609627e-134,4.17891975527992e-18
proteome,ITGA5,10349,0.03725744688274346,7.025222643973761e-4,0.03668610987844123,0.007015123050608884,1.7371707920990425e-83,-0.015140394323176182,0.011229575398099545,1.596776800410535e-82
proteome,ITGA6,10298,0.0026078397674600406,0.0010953129719282195,0.0014554481456227064,7.835975220469398e-4,0.0018230107453220078,-0.039256039910216436,0.0013881548829958819,0.003431204384144384
proteome,ITGAL,9627,0.014595584229702974,0.002546444946186721,0.012236786382851195,7.309090299881443e-7,1.6439563611072525e-25,-0.04503937275809662,1.5943635034741385e-6,6.347799793284675e-25
proteome,ITGAM,10349,0.030828345031165827,0.02951828096992748,0.0012934337158795328,2.274003845236104e-69,0.0038673671703669667,-0.12412051454934316,1.966542378587317e-68,0.007021313191914686
proteome,ITGAV,10438,0.08276051621985459,0.021131368619217272,0.06426031665385212,2.1991073585410845e-50,7.015493171793758e-150,-0.05509841186147153,1.415857006391099e-49,1.2816429088220721e-148
proteome,ITGAX,9746,0.001148152212636755,4.2581163941235456e-4,7.646075069970282e-4,0.04167138407606052,0.058823764037537474,-0.023111246686542485,0.05910017256396161,0.0897644735878959
proteome,ITGB1,10294,0.06309646082583353,0.025690683325825248,0.03953569361857012,3.4693004906456275e-60,1.2088200013058614e-89,-0.07902722282779762,2.654650611035908e-59,1.2059320354324344e-88
proteome,ITGB1BP1,10125,0.0010796466089696422,9.087752961267626e-8,0.0010791105443715976,0.9758074696831767,0.012127039216676995,2.766840530272746e-4,0.9805036898879083,0.02072943604113851
proteome,ITGB1BP2,10146,8.590625357044468e-4,5.536329539265195e-4,3.096013953252097e-4,0.017800577956557116,0.37049414109106027,-0.05796331148896694,0.026833981107280275,0.4359719703740616
proteome,ITGB2,10241,0.06220889322009848,0.04977903325871502,0.014239219961317717,1.1320971223090553e-115,1.2864836063474156e-31,-0.14676700058514555,1.7325235018373658e-114,5.579215996073436e-31
proteome,ITGB5,10379,0.0437763525673307,0.005740315230327919,0.03853523525881175,1.0943023269265088e-14,4.7788155022019716e-88,-0.06299688792251722,3.260597045470117e-14,4.6561592376454545e-87
proteome,ITGB6,10167,0.10698795804875405,0.10374889093326001,0.002232957503192967,4.8463678822742827e-244,4.623859313170148e-5,0.23059891079781406,2.2134270812324576e-242,9.772625287343704e-5
proteome,ITGB7,10438,0.005077083868774479,0.0028419580391969568,0.002218232811607934,5.067114524886618e-8,3.722501178243261e-5,-0.05407205537083391,1.1811144941183083e-7,7.936448536838113e-5
proteome,ITGBL1,9921,0.10131153503234802,4.924665696370845e-4,0.10095465259179615,0.02710272780663647,1.785484534175713e-228,-0.016658301074947073,0.03951185704678224,6.777884796617674e-227
proteome,ITIH1,9911,0.0035937221202526626,0.0013563966700722574,0.002223632648446161,2.456721107577587e-4,6.359721548667367e-5,-0.014227796415566709,4.5506944217042376e-4,1.3306704428600366e-4
proteome,ITIH3,10345,0.11890925965545107,0.08944390224338761,0.036684601211027346,1.0817901843764669e-212,1.886821667287076e-83,-0.26883214783746834,3.720085539920486e-211,1.7288964681755872e-82
proteome,ITIH4,9911,0.08037337872596995,0.07717604594023453,0.0033328516093913407,4.936570919752461e-175,3.1099339907281635e-7,-0.15978378940134616,1.3238162200400407e-173,7.34869608318385e-7
proteome,ITIH5,9877,0.0019162963457877158,0.0011932122845753623,7.382860303331018e-4,5.968333907037398e-4,0.0631670341653999,-0.031511273368267666,0.001068960784943034,0.09566696417899684
proteome,ITM2A,10298,0.007642762927547286,6.6330423244787e-4,0.006867610445987049,0.008967319522111012,2.6909101728023173e-15,0.03375016322444078,0.014114956899908717,8.349819994799546e-15
proteome,ITPA,9611,0.01222214336505667,0.011170120696787689,0.0012368675985031663,2.8292322487887657e-25,0.0077720719746790755,0.14869077373714382,1.145408014294953e-24,0.013611603584174318
proteome,ITPR1,9666,0.003539381500145211,3.3368166858005477e-4,0.003188199245298229,0.07256301576090111,9.13281880970799e-7,0.025918665213452298,0.09824071100931633,2.1069636448915904e-6
proteome,ITPRIP,9605,0.0039897489396770736,0.0016554388129079722,0.0023168924188582407,6.661826037495889e-5,5.733798248938705e-5,-0.03830079066897245,1.2964392481757978e-4,1.202287825082341e-4
proteome,IVD,10131,9.005514627258293e-4,2.9670627703781705e-4,6.304088962391097e-4,0.08302102973377912,0.09427470638329695,0.018879563202956123,0.11136781547124201,0.13594719623008236
proteome,IZUMO1,9580,0.013423031578403521,0.012819949567709488,4.3884259728455e-4,1.0631988219554322e-28,0.24035574162680065,0.11338712843753024,4.73739353136544e-28,0.3045339543888766
proteome,JAM2,10430,0.07949142651205732,0.008015469801423869,0.07198120585201362,5.220421860443255e-20,1.697566685969277e-168,0.05026252861376033,1.8296514506085893e-19,3.759081381127422e-167
proteome,JAM3,9676,0.0052120561996436,3.568318027573625e-4,0.004813447309009566,0.0631998324976942,4.09396893679876e-10,0.01974440152641874,0.08652604702143332,1.0810001086054903e-9
proteome,JCHAIN,10167,0.01815551475041277,0.015528881491148172,0.00306866473159495,1.8388312950149515e-36,7.591464589385606e-7,-0.169001408956095,9.429655921629304e-36,1.761099285299534e-6
proteome,JMJD1C,9580,5.701527245117743e-4,4.6019034056987707e-5,5.310040599874055e-4,0.5068236580561853,0.16560846297796175,-0.007772586182445162,0.5628592524689323,0.22124019071507414
proteome,JPT2,9886,3.542596989695168e-4,1.433655654339283e-4,2.2360408686750155e-4,0.23395970760744483,0.530022455511006,0.021977562228647714,0.2843510292459714,0.5866170531838965
proteome,JUN,10167,0.0022531080322413244,4.048256192346056e-5,0.0021950960900241068,0.5212740131753653,5.563092987067211e-5,0.0066676946737889275,0.5769344719846999,1.1681695977871737e-4
proteome,KAZALD1,10318,0.016643324912839375,0.015313550272029741,0.0010191086128176208,1.7416940919947362e-36,0.014653183062936797,0.12509785452027827,8.947226416345542e-36,0.02481532682095264
proteome,KAZN,9886,0.0013103665232054862,2.4693367909522923e-4,0.0010793183462667333,0.1182664610208751,0.013644385795606838,0.03507515551599021,0.15405207912835023,0.02320101203057521
proteome,KCNC4,9605,0.002748943451207242,0.002463653988375114,2.4477487464813485e-4,1.1381614673856685e-06,0.5029629682668236,-0.05572680098403911,2.458866200420036e-6,0.5600612404738764
proteome,KCNH2,9655,0.0012608045870511342,5.322229370305909e-4,7.407206770112529e-4,0.02342038039482739,0.06723827848787778,-0.03671583483114113,0.034571643040517276,0.10099562590959237
proteome,KCNIP4,10131,0.002823148258698227,0.002540762918619599,2.998491521754021e-4,3.867722491060778e-7,0.38597422634068757,-0.05553661246585427,8.538786133965752e-7,0.45110062518745697
proteome,KCTD5,9718,0.02785191273194687,0.016130312905444866,0.011957115639700922,3.1849596879773103e-36,3.6877292075525692e-25,0.11186209217431779,1.6304093113761258e-35,1.4183200623258105e-24
proteome,KDM3A,9627,0.0016210742252210641,1.0843030411711307e-4,0.0015048668119419517,0.30705087554814675,0.0023070516528407017,-0.018300607641675164,0.36312359046596043,0.004295230561307879
proteome,KDR,10379,0.010274523474349762,1.0174403912754926e-4,0.010229155307525661,0.30424481285222726,5.716419975641463e-23,0.005731119098291977,0.3604813895286017,2.096498819171894e-22
proteome,KEL,10131,0.06264159797607682,0.05751071597210422,0.005421540147981796,1.9061443936129634e-132,6.697641254028426e-12,0.19468057923742654,3.3767636742610254e-131,1.8806153108093264e-11
proteome,KHDC3L,9580,3.154452171968414e-4,2.007165560643509e-4,1.0972769218808853e-4,0.16564146088721665,0.7889732643415727,-0.019154302087141004,0.20923508650533026,0.8166320296283346
proteome,KHK,9666,0.024923798119558138,0.021849938123310375,0.0038013496032756056,2.4626752108159387e-48,5.080345529795974e-8,0.2003525675139321,1.5381195814561942e-47,1.245792783858526e-7
proteome,KIAA0319,9903,0.02804274698818554,0.010912154157023846,0.01785882065008637,1.9891098401415505e-25,1.980609125298433e-38,-0.06614887991106773,8.120346456332056e-25,9.697354226544925e-38
proteome,KIAA1549,9746,4.1990748541453904e-4,5.006380414673828e-7,4.18214518589366e-4,0.9443276172603423,0.25349020910465286,-0.0010233548206106833,0.9557720309044253,0.3173079447882522
proteome,KIAA1549L,9746,7.464766328251216e-4,5.991819134038012e-4,1.736006765047371e-4,0.01568292521301258,0.6388746799844593,-0.014313660220507613,0.02385077544101757,0.6815889026487768
proteome,KIAA2013,9877,0.0011031166121714397,5.426836491314591e-4,5.667262922441907e-4,0.020620843674210968,0.13297418420541154,-0.025523173553990662,0.030705413173570385,0.18325485168902308
proteome,KIF1C,9611,0.014783755733717818,7.810429454254697e-4,0.014119346313509085,0.006151976306289299,2.0398631825878033e-29,-0.019762782092704496,0.009885776109556689,8.433550329143068e-29
proteome,KIF20B,9605,5.350180941100513e-4,1.8128241792603195e-4,3.7430440109509355e-4,0.18709089705099718,0.30875088109711185,-0.020627696877743254,0.23330490276453275,0.37354256020151405
proteome,KIF22,9611,0.015115909450296394,9.776139479446e-4,0.014138058259944852,0.002175704140995234,1.8633462163477622e-29,0.07997321209861623,0.0036867149009443875,7.725618426077318e-29
proteome,KIFBP,10318,5.651451315358269e-4,3.944270672850969e-6,5.589097973429658e-4,0.840165834542467,0.1235706151570822,-0.003685609700895228,0.8696192402151668,0.17216249194668795
proteome,KIR2DL2,9877,0.026768180361410154,0.0012259438027238945,0.025416717927271626,5.017019864867387e-4,8.19945852649824e-55,0.06350998682952454,9.052314237658871e-4,5.088538699141052e-54
proteome,KIR2DL3,10125,0.025663867661992468,9.744035243759441e-4,0.02454476301330122,0.0016842670516059898,3.093152325110861e-54,0.05416358668261425,0.002892545588627678,1.8994294635082033e-53
proteome,KIR2DS4,9886,2.2432696502150407e-4,6.67558773426169e-5,1.625421240173397e-4,0.41669997045033225,0.6579643240034412,-0.029286334718210627,0.47522981413434306,0.6985941587584665
proteome,KIR3DL1,10125,0.003891416701941708,0.0022442310195806003,0.0016231316731805112,1.858514687879848e-6,9.210497338295765e-4,0.1285095667925256,3.956619397431023e-6,0.001779397469916624
proteome,KIR3DL2,9580,8.103299073993764e-4,5.203792058523504e-4,2.59018545247125e-4,0.025587683349815277,0.47881578398254965,-0.038275620686794215,0.037527746327902685,0.5382994371465356
proteome,KIRREL1,9605,7.246082616869653e-4,6.404496443427332e-4,1.0031141799105026e-4,0.013141462992410494,0.8101825299692519,-0.030362977591253046,0.02021710332990309,0.8356258063162044
proteome,KIRREL2,10131,0.02463118569588263,0.023427610093747053,0.001486671494382974,3.8562441964810303e-54,0.0017611232987066645,-0.13494420276789648,2.664728554684173e-53,0.003321137678786826
proteome,KIT,10312,0.06359440389434845,0.02497695800179922,0.039472550338706114,1.2110002102501335e-58,1.1799423475171799e-89,-0.10919287479616821,8.961401555850988e-58,1.1811546170523002e-88
proteome,KITLG,10283,0.011402745634208178,0.0017120132662407084,0.009811595762016623,2.711166396619937e-5,7.979180906404505e-22,-0.034529361136668324,5.402003665521524e-5,2.865251325481618e-21
proteome,KLB,10131,0.008473897014416698,0.0018237545209649486,0.006589589831832332,1.7140084587235327e-5,1.9190602311452648e-14,0.0703513406597137,3.467160363217222e-5,5.753244159628316e-14
proteome,KLF4,9605,0.01743100092872818,0.005816261833809788,0.011577803963156108,7.261087391678835e-14,4.4945146425080035e-24,0.05977392618491888,2.1034844842296567e-13,1.6907936036101537e-23
proteome,KLHL41,9908,0.041999959161895806,0.040775188062172285,7.045321170929819e-4,1.1931708262023236e-91,0.0725446405855929,0.21320704372569807,1.4471528319458057e-90,0.10785757092150969
proteome,KLK1,10267,0.0023711639802408424,1.3909913478338254e-4,0.0022578277357739873,0.23217858857549833,3.673651257815301e-5,-0.03366308501938556,0.28265639916958835,7.838016515762136e-5
proteome,KLK10,10348,0.005429034605979877,2.580501607953867e-4,0.005203813939717361,0.10230562426753584,1.1408474741843349e-11,-0.0143964084167813,0.13494555042148343,3.1638493045928e-11
proteome,KLK11,10331,0.03321680406172611,0.010826926209898113,0.022074135704490905,2.915834787873697e-26,1.0771107012744093e-49,0.06976408367420624,1.2175692978506883e-25,6.234444712524947e-49
proteome,KLK12,10125,0.002889025597918482,0.0025544042329521677,3.7025149627678555e-4,3.6286912498537923e-7,0.29001366998639405,-0.15517483532289106,8.029269131962631e-7,0.3557684154219469
proteome,KLK13,10051,0.04178060119571403,0.03942659130231918,0.0029687785443953674,7.128435755336939e-90,1.4696021377126782e-6,0.2025191950438873,8.301361638585607e-89,3.3664945521427573e-6
proteome,KLK14,10438,0.04183766361644958,0.04014916918055511,0.001525315445266795,5.698150618406987e-95,0.0011740003567212868,-0.21503184773505918,7.117818058804967e-94,0.0022531865020987006
proteome,KLK15,9852,0.010500667433080313,1.871009282505831e-6,0.010500246152055026,0.8920339231579799,2.2002617952642185e-22,-0.0014639422272963408,0.913600265378688,7.949771603902732e-22
proteome,KLK3,9921,0.6639938277329956,0.6594263724649381,0.032584724404875254,0,6.712777759402789e-71,2.59776835271372,0,5.3464439756769355e-70
proteome,KLK4,10438,0.1228267670977451,0.022195857299383892,0.10685487711217623,7.3564737652803235e-53,2.5745156444466774e-255,-0.20889203304985532,4.931874499062932e-52,1.194493528367879e-253
proteome,KLK6,10365,0.023839260948744445,0.016149921070252038,0.007697176532993177,1.4437039723238477e-38,2.9868900865562757e-17,0.0875735388426171,7.743021488261663e-38,9.754949411177647e-17
proteome,KLK7,9494,0.0431332080658654,0.0031626880881681085,0.040479766726209565,4.1959164779777834e-8,1.124961307537126e-84,0.04539332786357296,9.819586761512459e-8,1.0438926672796888e-83
proteome,KLK8,10077,0.05915054345490156,0.05758577448866309,0.001622401649166716,6.329689919125289e-132,9.589625106664531e-4,0.19371017718698463,1.1145592550363385e-130,0.0018501963159591038
proteome,KLKB1,9688,0.06258947381611735,0.05336017477274224,0.008247674544725858,1.7502243645417067e-117,2.783975090737577e-17,-0.12144025995868075,2.7212264986996853e-116,9.112608275728933e-17
proteome,KLRB1,10432,0.027580886511927027,0.005514214017438457,0.021753709766510143,3.126768089479188e-14,1.920521511461177e-49,0.063540162290387045,9.185470477937353e-14,1.1072355775149942e-48
proteome,KLRC1,9605,4.3032803762588223e-4,1.912607666268995e-4,2.534018797383242e-4,0.17539894344552004,0.487504096845516,-0.017462080323670057,0.22013358166219624,0.5460550372691498
proteome,KLRD1,10432,0.056887104806313205,0.0016873500690055554,0.055620359016453125,2.714418829581779e-5,5.143461269855896e-129,-0.04295349899463982,5.4047998902367444e-5,7.554943362707932e-128
proteome,KLRF1,9627,0.04472632386669839,0.012057354674974596,0.03323291101833237,3.314463233041924e-27,3.46062444072472e-70,0.10267537945989681,1.4268300486276205e-26,2.7487514239778144e-69
proteome,KLRK1,9903,0.002594332903261165,2.008031598965676e-5,0.0025866790533396467,0.6557342002511499,1.1358677150170521e-5,-0.0042412124692668635,0.7023492368391759,2.4869972516815304e-5
proteome,KRT14,9884,0.004300836604264391,0.003963539410857586,2.5893022391965115e-4,3.763941344237544e-10,0.4648235313909662,0.03816724849977822,9.484483232074432e-10,0.5253979823108252
proteome,KRT17,9611,9.37448622303716e-4,3.099865871798446e-4,6.471043085288786e-4,0.08440153985787012,0.10145392059263238,0.01389637540822609,0.11290878764510497,0.14508307724670472
proteome,KRT18,10318,0.08365810629756176,0.07232086738076293,0.01250626964013013,2.247804927510183e-170,5.9823968729614755e-28,0.5328313099446031,5.713333741836752e-169,2.4019980851190103e-27
proteome,KRT19,10275,0.057662777918894514,0.0012818902792463005,0.05626255542223446,2.8403939955722783e-4,1.3945004426353747e-128,0.053758522290413106,5.22168028242627e-4,2.027922782996617e-127
proteome,KRT5,10131,0.0838138012219054,0.0832791981494636,5.612860823568377e-4,1.7572731266253039e-193,0.12795742890614617,0.3345507090703714,5.406851946448172e-192,0.1772604572003153
proteome,KRT6C,9611,0.007866430258277601,0.006444963820772753,0.0014822290488570866,3.2521745866632573e-15,0.002584364060522426,0.0658723368922879,9.790016804136664e-15,0.004790168769123051
proteome,KRT8,9605,0.015004815669240945,0.00953609632118102,0.005416977556420677,8.751131420466696e-22,2.7865437553994117e-11,0.14624249019836877,3.246136693150273e-21,7.626467600217678e-11
proteome,KYAT1,10269,0.005519021220479536,0.004372603579264833,0.0011994508904927814,1.9940081911582296e-11,0.0063661351977911,0.0823728178378086,5.246161964676422e-11,0.01130511128988055
proteome,KYNU,10432,0.047064072694701364,0.03750658738440671,0.01068339073388358,1.1194024783508901e-88,4.0719278993792775e-24,0.20353763062267952,1.273156982186635e-87,1.5357735806304037e-23
proteome,L1CAM,10379,0.03199631119563551,0.009236602393356441,0.022888309032061516,1.0068656841168872e-22,8.553471695421636e-52,0.06295909785574463,3.8321203055646634e-22,5.0920158382316585e-51
proteome,L3HYPDH,9919,3.888728998271418e-4,6.45320880438005e-5,3.2889714147210647e-4,0.42379789963891046,0.353053105505503,0.01503896655060536,0.4823836684752863,0.4189907541179802
proteome,LACRT,9824,0.016275316310393695,0.015526140814932421,7.431263883401762e-4,2.7769515786596665e-35,0.06293065686968131,-0.13469291011987078,1.4067642052724794e-34,0.09535837741320813
proteome,LACTB2,10283,0.0010899797959376123,5.783894634414644e-4,5.342182980541121e-4,0.014749737360451477,0.13909209115500687,0.03525314603740666,0.022548892418723675,0.19096579729736265
proteome,LAG3,10318,0.06203485666800701,0.007929282623931555,0.05547389892600063,1.2959237505240832e-19,2.9663855968536013e-127,-0.07919225781113907,4.472237453107314e-19,4.271303004730579e-126
proteome,LAIR1,10330,0.07832245529846116,7.381713422675018e-4,0.07792576118685224,0.005759454262069517,2.878422623372015e-181,-0.02430686073534349,0.009295905471026614,7.130194345861355e-180
proteome,LAIR2,10264,0.005655123558959585,0.0025969953015976266,0.0031446921457427557,2.406000922062888e-7,4.4941335462693497e-7,-0.12168128713535997,5.364409378481939e-7,1.0542818905092542e-6
proteome,LAMA1,9611,0.0020583309548519724,0.0015916352939010503,4.462143997854273e-4,9.168579786661373e-5,0.23204470303147035,-0.043738349672775026,1.7562096144437217e-4,0.29566986354009933
proteome,LAMA4,10351,0.013558856883008397,0.010688937350121885,0.0032676449457635925,5.409883479377572e-26,2.116532150322739e-7,-0.07910402357888939,2.2366463097907553e-25,5.042072922080983e-7
proteome,LAMB1,9666,0.027597245440404983,0.014080140282042186,0.014006314115897922,1.2132289843413865e-31,2.3976189008900703e-29,-0.0738022171752073,5.692244496356136e-31,9.898644134606887e-29
proteome,LAMP1,9625,0.006335049627132161,0.002440764488909286,0.003983854915823759,1.244190927856857e-6,2.3220252999228406e-8,0.02922465520193396,2.6780339338185512e-6,5.756810815669604e-8
proteome,LAMP2,10158,0.06844429084232495,0.06141182930098066,0.00664338966646294,5.937179387359344e-142,1.3402963438576371e-14,-0.11128215988792044,1.1342728986438798e-140,4.0471965011321e-14
proteome,LAMP3,10415,0.08690915305214286,0.0081840646223037,0.07926446602184811,2.267695190489118e-20,4.818325521413866e-186,0.11539480365689336,8.044263400242344e-20,1.22469265209502e-184
proteome,LAMTOR5,9877,0.0013213045542523894,0.0011716984625240734,1.4754005038197793e-4,6.690906814256383e-4,0.6923001759819432,0.02834123314648182,0.001193987827721087,0.729748797113314
proteome,LAP3,10167,0.003975628542428167,6.420188573291741e-4,0.0033532539505890524,0.010631056880971315,1.8556102581398282e-7,0.027796941692722718,0.01658195264838802,4.442218496758983e-7
proteome,LARP1,9877,0.0013733060966693023,2.1671832224623433e-4,0.0011691472402487468,0.14354242290313324,0.009098481640174332,0.0190277416735227,0.18338046422458848,0.01581145174448845
proteome,LAT,10432,0.001659362146185006,0.0016219502648877615,5.3277708515042654e-5,3.888618370424067e-5,0.9065243147542007,0.06875308260290411,7.664485163013855e-5,0.9219800181024804
proteome,LAT2,10318,0.005144748634938856,0.004068313197138296,0.0012420035821392172,8.942282693430776e-11,0.005048680730662559,0.18043966229784245,2.3029332434271503e-10,0.009036922091688096
proteome,LATS1,9627,0.0021764482558084275,0.0018288197271111306,3.640923151890796e-4,2.70859663048792e-5,0.32022865068010514,0.0747251530923392,5.4005647687013575e-5,0.38503839816451974
proteome,LAYN,10256,0.13001658910653147,0.016597702497988975,0.11830253530228607,3.3721650726634675e-39,1.5126416843231635e-279,-0.09496518873476434,1.8287269958061809e-38,8.842903286553214e-278
proteome,LBP,10345,0.0029153611831381765,3.799418690586531e-4,0.00258558970134648,0.04745577143677002,6.5756646685115644e-6,-0.026176574247704826,0.06662498554739614,1.4660720020435503e-5
proteome,LBR,10430,0.007283791993024646,0.005323700552734345,0.0019012473544905983,8.680601096649163e-14,1.8317938011823415e-4,0.105111316089101,2.5023073969926535e-13,3.71312987576698e-4
proteome,LCAT,9904,0.009689867872598845,6.778200296355674e-4,0.008875359971758479,0.009578363281553575,5.194783880854494e-19,-0.01265420881672384,0.01502014799998986,1.7656224748532192e-18
proteome,LCN15,9908,0.020422277787489618,0.007128992571002413,0.013237233247133107,3.858955160609844e-17,2.0344115166211045e-28,0.10910020109188955,1.2327569327281502e-16,8.213515004258962e-28
proteome,LCN2,9922,0.04934813155983775,0.020271126881248547,0.02877819030766693,4.434549479526546e-46,1.7765684013096574e-62,0.11868284952483685,2.6892506490987746e-45,1.2482955377471464e-61
proteome,LCP1,9921,0.009490482596195338,0.006682048542464902,0.0025974529091356002,3.53783277051098e-16,1.0547550090009889e-5,-0.08140655626184574,1.095453939428347e-15,2.3163402639443205e-5
proteome,LDLR,10338,0.012913569252195667,1.2816553809358311e-5,0.012907235992826838,0.715927881682275,6.578444894949795e-29,0.00443430520652811,0.7576601007086494,2.670665892769201e-28
proteome,LDLRAP1,9908,0.004287141951887508,0.0040969545924925965,2.4443215305147703e-4,1.817680679281164e-10,0.48973195273882963,0.13155702097207514,4.628119011793417e-10,0.5478325671089166
proteome,LECT2,9919,0.23010687402226027,0.017756076616195937,0.2201276390302479,1.6145922569762652e-40,0,-0.18670443961654432,8.955319102735528e-40,0
proteome,LEFTY2,10427,0.11735733256969338,0.07923052454303725,0.04738748921882763,4.299671788948151e-189,2.4118670846623635e-109,-0.345207617497533,1.2567940639095445e-187,2.889298151011512e-108
proteome,LEG1,9386,0.00783198729715906,5.31235115040718e-4,0.007289006094859052,0.025574264469411724,8.377160155430302e-15,0.03319589881287325,0.037526895102455056,2.5480165592427444e-14
proteome,LELP1,9605,0.0011627865909964452,2.018058950692403e-5,0.0011508096344520213,0.6598338168008391,0.011433686835741705,-0.0068177665266094326,0.705662544487296,0.019578597903264792
proteome,LEO1,9908,0.002813623735084758,4.331270927132591e-4,0.0023845488017825156,0.038337838242115584,2.96470997600055e-5,0.012910507891554946,0.05466414691790431,6.367264702314186e-5
proteome,LEP,10283,0.2844389806010037,0.27833283371817097,0.011703308402484125,0,4.695189382764719e-26,-1.3752658865611174,0,1.8323148953032409e-25
proteome,LEPR,10283,0.034534947487877554,0.019052325230680123,0.016116828679545336,6.634910167241539e-45,5.635530839028637e-36,-0.09806564019905185,3.949866073084932e-44,2.6483370807846797e-35
proteome,LETM1,9908,0.00833561087546042,0.004186090574260781,0.004101511801645419,1.15497390379456e-10,7.560364490082867e-9,0.07157287661916566,2.956207286157179e-10,1.9083717965900015e-8
proteome,LGALS1,10283,0.05367164558750104,1.274768760084477e-5,0.053636441912628285,0.717381764026774,1.7199065595003766e-122,0.002732427885881318,0.7589239581072242,2.274790440461358e-121
proteome,LGALS3,10302,0.09027762172595111,0.04204859175928055,0.05314500264066535,3.3857181239356707e-98,1.4698805486642585e-121,-0.140173530709203,4.378961980647772e-97,1.9353427224079404e-120
proteome,LGALS3BP,9911,0.008227922764995177,0.005126189085389865,0.003339537813530913,9.679524268363584e-13,3.01114435895334e-7,-0.04654578254503516,2.689472379888475e-12,7.121015340793376e-7
proteome,LGALS4,10330,0.07763541381803307,3.7730998766793977e-4,0.0774207648242986,0.04839337792583987,4.845300456962704e-180,-0.023955967539737368,0.06778300414304433,1.1802344363084986e-178
proteome,LGALS7_LGALS7B,10260,0.08414205046926526,0.06359564273004026,0.021556397473220024,1.4888226297529468e-148,3.5354215461790704e-48,0.24564037487503046,3.064667990681594e-147,1.9949878724867613e-47
proteome,LGALS8,10430,9.239536773109069e-4,9.089236291204283e-5,8.126381507138625e-4,0.33034358067524094,0.037140062507365845,-0.013140547062797025,0.38670175663345185,0.05882450298574109
proteome,LGALS9,10302,0.10050909814957021,0.002829935487219659,0.09856359163202666,6.596541578284615e-8,2.448537224143213e-231,-0.039418493307501516,1.5290793840861165e-7,9.542765741560816e-230
proteome,LGMN,10351,0.0035047228981227585,0.0031698832538310517,2.641705603015909e-4,9.975025526985308e-9,0.43454719316979296,0.046255184313087165,2.3977795736330637e-8,0.4955607887656841
proteome,LHB,10125,0.08496073385686731,0.07348253089797196,0.01356930147358748,5.558854557082867e-170,8.929335724856635e-30,-0.5352165801420196,1.3887634077224975e-168,3.7180125817316157e-29
proteome,LHPP,10281,0.03362892476883905,0.03357384032871724,3.063865786423481e-5,2.6820821405387024e-78,0.9572093414792671,0.24158866356763284,2.6665735023110978e-77,0.9634720747740695
proteome,LIF,10131,0.001371448560345101,4.145334000916767e-4,9.356176257451221e-4,0.04046623916938,0.023556173587191274,0.023323223370853026,0.05747464387371124,0.03855246102763723
proteome,LIFR,10298,0.02132010964425346,0.007965436181470054,0.013950566644346574,1.1618388983128743e-19,3.8290167546940884e-31,-0.04768895302195958,4.0381154575131174e-19,1.6434972061631163e-30
proteome,LILRA2,10349,0.04360686727330443,0.022743213643784732,0.022198437886020495,1.0948244189572223e-53,4.582190061963304e-50,-0.1268759354976482,7.477036861242899e-53,2.6680760061989518e-49
proteome,LILRA3,9921,0.0010824142283207827,7.768132127372596e-4,3.185474216526041e-4,0.005505328845501958,0.3676988517811919,-0.07973255263578267,0.008905410191146775,0.4332058620541813
proteome,LILRA4,9611,0.005865196492514602,0.005428849315900597,5.605452160211133e-4,4.790805122218036e-13,0.14559404713201685,-0.07565468990386195,1.3439081931135621e-12,0.19867945834121628
proteome,LILRA5,10253,0.016956635990051594,0.0015251535060953891,0.015267329708507527,7.657852976522268e-5,5.822222121360051e-34,0.029294275300758593,1.4823777649254695e-4,2.6344203189992925e-33
proteome,LILRA6,9919,0.004394576902417402,3.306331452119782e-4,0.004096414547175797,0.07020273588635617,7.580826113014503e-9,-0.028102213251960734,0.09531007756424481,1.9106609611275102e-8
proteome,LILRB1,10431,0.02699058035917179,0.019679120063479494,0.007870314888277496,5.578525278751074e-47,9.451128864256908e-18,-0.08834317529286702,3.4184547986979848e-46,3.1180191501380294e-17
proteome,LILRB2,10379,0.025984961487397706,0.001977244284677826,0.02420065820138584,5.866567805575268e-6,8.251970665649672e-55,-0.03484594822496826,1.215306711247095e-5,5.1102775965453367e-54
proteome,LILRB4,10167,0.0796356135374987,0.00644120365292411,0.07331311759580605,5.347381855886257e-16,2.1146730176737356e-167,0.07868619744828254,1.6453049647111085e-15,4.647510699744609e-166
proteome,LILRB5,10431,0.0016783578363488427,9.082990094244625e-4,8.160128654192134e-4,0.0020843007326287796,0.036540634949795286,0.04779889401195897,0.0035379855060824173,0.0579220585456896
proteome,LIPF,9666,0.03648747672329544,0.0072970576812798615,0.029339546035318964,4.0513878423371485e-17,4.554687008118449e-62,-0.10796319181646233,1.2928173213047474e-16,3.177410530961868e-61
proteome,LMNB1,9874,0.019194746679047303,0.0016419332953259147,0.01756241451920959,5.6492826686899315e-5,1.1290476649553006e-37,0.04553131217260982,1.1045386782997103e-4,5.445885024198586e-37
proteome,LMNB2,9903,0.07809784987366386,0.005271661439333775,0.07320284875570748,4.729221493843174e-13,8.705562293368131e-163,0.04251900777674351,1.3279072455815176e-12,1.8306732793895716e-161
proteome,LMOD1,9908,0.1420691775245757,0.016342901010469535,0.12874272249360763,2.293575157803153e-37,1.2302870392971084e-295,0.09637401835032228,1.1950303362314823e-36,8.77104638015963e-294
proteome,LMOD2,9605,0.001399697343670403,3.755241260594566e-4,0.0010212130240916384,0.05758802580637977,0.020259939246037455,-0.024064545657692327,0.07951336770526597,0.03347642872592848
proteome,LONP1,9666,0.002312854552994903,0.002144130940664901,1.6844772761781535e-4,5.272616531742458e-6,0.6531491952445259,0.08338640763020103,1.0961492263359321e-5,0.6949963952310699
proteome,LPA,9703,0.0014477778727823853,2.1438113999383557e-4,0.001225243015190114,0.14931998324514445,0.007768532916871665,-0.05453989142361124,0.19009193627419155,0.013611603584174318
proteome,LPCAT2,10318,0.007076347441824948,6.017960466578876e-4,0.0065529162184320144,0.01271821438560871,1.2588596872277045e-14,-0.018096127559574425,0.01960724717781343,3.805219095932348e-14
proteome,LPL,10283,0.22427293196643605,0.21980138494936485,0.0065179206877228335,0,1.685449428887922e-14,-0.5644046397398623,0,5.0684862969541115e-14
proteome,LPO,10083,0.007781259510909799,1.3260468403242243e-4,0.00765082143092366,0.24766765599596866,1.1053163272681284e-16,0.015515210672870948,0.2993931176493864,3.56211645491151e-16
proteome,LPP,9611,9.039737999927411e-4,2.8311730655816714e-4,6.490382918022952e-4,0.09910619022913357,0.1006315951275998,0.02305711553184578,0.1310209832834724,0.14404806687462007
proteome,LRCH4,9611,0.004601179354070117,0.004230599790493006,3.017070774017361e-4,1.753897635319347e-10,0.4074950151047253,0.09168227733814968,4.469610102910594e-10,0.4717259125350938
proteome,LRFN2,9655,0.0018799149248633906,5.14925502801411e-4,0.0013391432533828018,0.025789851671343338,0.004785850932298868,-0.022348967665418332,0.03776740302371572,0.008592777810263876
proteome,LRG1,9911,0.07920167489522445,0.05746439347841592,0.025339844025352054,1.661108530691889e-129,7.824594935379397e-55,-0.1326323129400111,2.873029724977746e-128,4.866232126832761e-54
proteome,LRIG1,10409,0.024772374453845503,0.01775489838753197,0.007924144830016133,1.968629218478459e-42,7.791976104134286e-18,-0.10528110238385957,1.1282947461985364e-41,2.5735532375575724e-17
proteome,LRIG3,9606,0.025907127424475207,0.0027793889804702543,0.023163273795016592,2.3509254935047574e-7,1.6513507647317182e-48,0.029812690359666258,5.24571699717195e-7,9.42753571349768e-48
proteome,LRP1,10318,0.06521804919203555,0.02568171102474115,0.04198371535853407,2.659499237161754e-60,1.4807328020951156e-95,-0.09629507020846591,2.0457148079536333e-59,1.57388435655419e-94
proteome,LRP11,10283,0.03709435028816044,9.452061981736204e-4,0.03599764852003762,0.0018237761385280038,2.3147890260731533e-81,0.02446592497204187,0.003121134457211566,2.056573958423048e-80
proteome,LRP2,9655,8.931251131472084e-5,1.5085910465284513e-7,8.907927827217499e-5,0.9695650292737766,0.8351411038305921,2.917819899533957e-4,0.9749014725033537,0.8577362777571401
proteome,LRP2BP,9655,0.002952638112501682,0.0018845090977964718,0.001146953266388473,1.986986036048565e-5,0.011327028548831757,-0.07148471423759137,4.011022226084223e-5,0.01940732968829732
proteome,LRPAP1,10430,0.013568300673401423,0.007439517708486276,0.006089376433377924,1.1155504702598691e-18,9.61418801076896e-14,0.10987242433094957,3.7351134302057246e-18,2.835748895608241e-13
proteome,LRRC25,10318,0.039058742931863843,0.030951392774237974,0.009171802084902758,1.7357111943843367e-72,1.8192891196369486e-20,-0.15437847228645707,1.5854636941204425e-71,6.323165394409989e-20
proteome,LRRC37A2,9886,0.0046741896918350845,0.0010787010343884518,0.0035951852987742283,0.0010924926912913545,9.143105466786768e-8,-0.029281204597300874,0.0019121893033800174,2.2160279667842225e-7
proteome,LRRC38,9655,0.04770683008281573,0.04644460867407629,0.0015045364798061955,8.30560580094337e-102,0.002265217026363424,0.217086454953914,1.1035129889162489e-100,0.004225417592891058
proteome,LRRC59,9919,0.0012283298211139826,6.600527783384713e-4,5.728587136899499e-4,0.010514423512186866,0.1281917565680618,0.025736460310827575,0.01642632812727002,0.1775009495255541
proteome,LRRFIP1,9877,0.001095371214823171,6.56982375738191e-4,4.4155867622741596e-4,0.010863363871555716,0.22509948880481168,0.026255271304643668,0.01692623272737599,0.2879500244098313
proteome,LRRN1,10167,0.02063912805924062,0.007905076550310364,0.013437860960866077,2.6991601464258637e-19,1.3153273930346963e-29,0.08016732118669045,9.227655097079298e-19,5.468992844723211e-29
proteome,LRTM1,9655,0.0012603229371996871,7.798704812130852e-4,5.213574340903193e-4,0.006073732301118928,0.16942031920687622,-0.0238127822404322,0.009770786745278275,0.22521525828289973
proteome,LRTM2,9908,0.05433344980419752,0.054178984102486005,2.7033521018893225e-4,5.6810960153048e-122,0.44404280351297354,-0.13635666542589506,9.124089919085676e-121,0.504249073297755
proteome,LSM1,10125,2.1694488992296534e-4,1.1371761646306044e-4,1.0345514919041232e-4,0.2833752895187381,0.7898639660539493,-0.013117358427261161,0.3382221197481713,0.8172645567347587
proteome,LSM8,9746,0.005848712430084446,0.005455349044134694,2.9035444336200644e-4,2.8875079254839845e-13,0.41876477534367185,-0.12745574980386976,8.194355015718143e-13,0.48190922768880035
proteome,LSP1,10298,0.02220517825510049,0.012754877240015228,0.009144756653521435,1.4055972472247671e-30,2.2902614544131892e-20,0.10061843286085777,6.470174415177944e-30,7.941203121292708e-20
proteome,LTA,10298,0.041029921842430483,0.038573199427910265,0.002597231877075168,4.784304337343563e-90,6.580521610267321e-6,-0.17582793906541092,5.593808631222094e-89,1.4660720020435503e-5
proteome,LTA4H,10438,0.025704564764612137,0.0028250865027289462,0.022894334477533418,5.550206939580418e-8,4.195697624733256e-52,0.07181428131725194,1.2906328468093526e-7,2.5079804002239892e-51
proteome,LTB,9877,0.017983248162180998,0.017429503997547613,3.367164464149752e-4,1.2273183412852957e-39,0.3442068158452404,-0.09528071824521585,6.705516844069008e-39,0.4099904330544571
proteome,LTBP2,10431,0.2838661560350364,0.01661730178135845,0.2760026598876457,6.9643529170215354e-40,0,-0.09194587063815451,3.8264668376793136e-39,0
proteome,LTBP3,10125,0.04477273879426735,0.028210887081477898,0.016765237799910127,6.12538389833953e-65,7.325186007597199e-37,0.20587671931493415,5.0435203196750544e-64,3.4872180293496114e-36
proteome,LTBR,10268,0.05277816784606848,0.004942211522350859,0.04749889258274076,9.994567769260038e-13,6.238136421508603e-108,0.042402808923734776,2.7691110511419046e-12,7.382215692335889e-107
proteome,LTO1,10167,4.202445900290952e-4,3.046269037021432e-8,4.19715509955787e-4,0.9859627931762779,0.23411172712816575,-1.5465799931577953e-4,0.9890079768202679,0.29765488403463614
proteome,LUZP2,9877,0.03448391188895672,0.027617215867166922,0.007646820684097944,4.439381011496535e-62,2.461510366912335e-16,-0.1463539101309924,3.5454400810394455e-61,7.803681998356567e-16
proteome,LXN,10224,0.015340913996795602,0.01505833275792634,1.3071317508484004e-4,1.369630151246455e-35,0.7206239228317242,0.17024289410093113,6.962485099292849e-35,0.7549762460348135
proteome,LY6D,10183,0.04126352695751079,0.002147400217601403,0.0389820115016809,2.904451489675856e-6,2.1036479642932916e-87,0.03874631230300686,6.138620176661263e-6,2.0360804634534077e-86
proteome,LY75,10298,0.008794639430070528,9.03153959684877e-5,0.008702122642909482,0.33496345647756465,2.226262873976641e-19,-0.008257482758726299,0.39163927331356857,7.584343100971704e-19
proteome,LY9,10191,0.023146856491432666,0.009207880973339577,0.014917716580159834,2.8214337918806825e-22,5.637654092700934e-33,-0.06225742670772932,1.0600322588261227e-21,2.512021785512932e-32
proteome,LY96,10264,0.03955320536553142,0.021422532605831046,0.017931831374663365,3.0702005983976707e-50,5.3352079893684636e-40,0.11721265913746325,1.9723508459596465e-49,2.6934046550818682e-39
proteome,LYAR,10125,0.0010092966121327818,1.8367120914863921e-4,7.948922868076247e-4,0.17275972056440492,0.04503193161457073,0.01381038054061046,0.2172710978637813,0.07035186323323904
proteome,LYN,10318,0.0028285732346201575,0.00254982743040999,3.53421199532189e-4,2.8798081314749046e-7,0.30235681354386357,0.09676093816424561,6.396412741870172e-7,0.36747981953792647
proteome,LYPD1,10131,8.624823591082409e-4,1.2489977086760362e-4,7.349906310759602e-4,0.2607535869331753,0.05897231573759698,-0.01536256001526771,0.31365544633978243,0.08991970730359727
proteome,LYPD3,10322,0.014667861308553465,0.002433351408713591,0.012326325457099219,5.347425860439992e-7,1.4829500524067811e-27,0.03773951809813881,1.1734628971521094e-6,5.9216707693784445e-27
proteome,LYPD8,10125,0.0028641165796556844,1.7320900794870475e-5,0.002852572008986032,0.6754609855326148,2.3382932896822264e-6,-0.004917305338493993,0.7203110035431715,5.282705720020315e-6
proteome,LYPLA2,9605,3.096803301155804e-4,1.337005014764303e-4,1.884430328464859e-4,0.25724116893593807,0.6129093773828658,-0.02571055615850811,0.310196343564252,0.6588944869768726
proteome,LYSMD3,9655,0.004441718925696336,0.001616939823463337,0.0027492415007223103,7.762441467144414e-5,7.2517393653144965e-6,-0.0859697704379313,1.5006360058507357e-4,1.6119265524573594e-5
proteome,LYVE1,9911,0.03473833511595259,0.0340040313356752,0.0011831638492669772,1.6584736670680994e-76,0.008375629678775628,-0.07472014744572578,1.6052048108741904e-75,0.014616098836454424
proteome,LYZL2,9580,0.15548105449788074,0.1542631051490715,0.0022134743969367543,0,9.482426058506184e-5,0.3077977976694894,0,1.9615804224354974e-4
proteome,LZTFL1,9676,0.0010914700672493005,7.901949124650143e-4,3.307748135948918e-4,0.005694249947619445,0.36186009925401974,0.04105262115556234,0.009200825095020253,0.4279462944419636
proteome,M6PR,9666,4.438043910222067e-4,2.4854642466776156e-4,1.9909659869288276e-4,0.1212281750703964,0.5883796881617283,-0.013018481396416565,0.1575588953894036,0.6392632283094667
proteome,MAD1L1,10252,0.05450831015456892,0.024949171507182455,0.030071468027092707,3.0033561101459053e-58,1.617111713706808e-67,0.15278930838268903,2.2112871309714058e-57,1.2309420674908854e-66
proteome,MAEA,10125,6.898132259666179e-4,5.802240551281423e-4,9.401960711741264e-5,0.015372371709306026,0.8129682119268744,0.020243946780118444,0.023402834638698706,0.8379076457906396
proteome,MAG,9655,9.422731906316706e-4,5.043042247914187e-4,4.207056529875741e-4,0.02736694376308035,0.2549654033070805,0.02192377664470712,0.03985728780243341,0.3183527867862436
proteome,MAGEA3,9746,5.545408689098252e-4,6.358475437651112e-5,4.906646312009544e-4,0.4312826128327778,0.18855535272956198,-0.013863702913157753,0.48899886629565925,0.24670872695994164
proteome,MAGED1,10125,1.348311160920268e-4,2.471786131330589e-8,1.3482926535268724e-4,0.9873815232190879,0.7138458190827686,1.6855592040553735e-4,0.9900913181370133,0.749756136966918
proteome,MAMDC2,9919,0.05241701579589164,9.864158178829463e-6,0.0524128369534691,0.7544994540160342,2.3005154822802605e-115,-0.002256889848669715,0.7930247767309846,2.8860114827060947e-114
proteome,MAMDC4,9877,0.024482021884399074,3.506042732963621e-4,0.02412570878188458,0.06280962571454159,5.499973188143717e-52,-0.02145111067388408,0.08603211619662843,3.280902373253895e-51
proteome,MAN1A2,9666,0.081541291142458,0.011728510445011997,0.07114845923464352,1.3209750471125914e-26,3.060437187272499e-154,-0.057645643366345756,5.579783327615758e-26,5.963771932265009e-153
proteome,MAN2B2,9919,0.03744430231017459,0.026057979874828385,0.012022176163200116,7.125363448012555e-59,8.044472946757979e-26,0.20428079949964495,5.313121775137933e-58,3.126860960554996e-25
proteome,MANEAL,9580,0.0018250213038529806,2.379613070928599e-4,0.0016128968942378252,0.13116755238960526,0.0014651355702999015,0.016440541143149492,0.16927273979462082,0.002786331341565785
proteome,MANF,10351,2.5548796293684006e-4,1.8813375859738635e-5,2.360199006268271e-4,0.6590861214230658,0.4858149272100033,-0.011637992099774863,0.7051642507026432,0.54470158505364
proteome,MANSC1,10379,0.00897168044278207,1.6188386766569085e-4,0.00888972087110873,0.19499911326792163,5.938740062670038e-20,-0.007620011645049251,0.2420307465316921,2.0398281084823174e-19
proteome,MANSC4,9611,0.036386553982797665,0.001275967867739869,0.03507016666624607,4.6174709800333633e-4,5.0114427589556514e-74,0.04854548723800797,8.352022075889555e-4,4.1614906773941394e-73
proteome,MAP1LC3A,9605,7.044888945174632e-4,3.9645506032270905e-4,3.3150117218272435e-4,0.0510532665222543,0.364246447671666,-0.012917911996253806,0.07116294613473978,0.4298313954559062
proteome,MAP1LC3B2,9611,0.0010463969850412758,4.161530469285468e-4,5.830333082923467e-4,0.04554915088031549,0.13263245233009224,-0.027164047685105514,0.0642568378490165,0.18304280366423967
proteome,MAP2,9903,0.0028936024141676953,0.0018710881988697192,0.0010623604409784049,1.6668658947119967e-5,0.014616667683300666,0.04282806657739238,3.376471940570455e-5,0.024767837471471214
proteome,MAP2K1,9886,0.003331354010185028,8.88897620635376e-4,0.002449288619251866,0.003034415139187458,2.2339757659850817e-5,0.04045454536995285,0.0050654457177869445,4.836971232573625e-5
proteome,MAP2K6,10298,9.246231849572295e-4,1.0148878392057803e-4,8.036229774586179e-4,0.30674794793700083,0.04064970318296386,-0.022779763467831088,0.36300576996755196,0.0640534136947727
proteome,MAP3K5,10125,6.753309301822386e-4,8.20381423711769e-5,6.022238753181641e-4,0.3622091994497597,0.10700185659326727,0.020263919630173037,0.41996727092092334,0.15197591196410118
proteome,MAP4K5,10256,0.0012085811015587478,5.434268532042985e-4,7.056503134841297e-4,0.018250830821141654,0.06472900174088496,0.05872735511856349,0.02747022579309838,0.0976783025754294
proteome,MAPK13,9580,0.004456057369886635,2.381093051095906e-5,0.004425231078846403,0.6330253404769108,3.192160297663645e-9,0.0037438420692851677,0.6822762058311248,8.149069476044396e-9
proteome,MAPK9,10298,0.013681700475564607,0.0029180778846141786,0.01077446534174975,4.149648770792004e-8,5.195389828797063e-24,0.05101356528602415,9.719089228385438e-8,1.9519440192254258e-23
proteome,MAPKAPK2,9746,6.260526969262825e-4,1.0198638819303163e-4,5.082014749203667e-4,0.3189008488150171,0.17535310948235266,-0.015320052925451424,0.3749586408231275,0.23178676736012885
proteome,MAPRE3,9580,4.869165862350089e-4,6.621732012779269e-5,4.0374165401568796e-4,0.4258850398467018,0.2762101935768555,-0.021364496363862142,0.4840054321430441,0.34123516307064605
proteome,MAPT,10131,7.587588037831772e-4,4.696129842662877e-6,7.515935011019881e-4,0.8273812715444593,0.05470363302182705,0.002591173448846495,0.8576012257888136,0.0838922976509971
proteome,MARCO,10283,0.039058682598482886,0.0032945502494445833,0.03614071192014101,5.755418152856256e-9,1.081747579160418e-81,-0.03437473354163159,1.405437532230479e-8,9.75909930211698e-81
proteome,MARS1,9659,0.001923248943807132,0.0015208446024419509,4.4226880156583714e-4,1.265389314436889e-4,0.2336655759280678,0.06882379635830221,2.397104968307859e-4,0.2972169183802185
proteome,MASP1,10256,0.012177105052734172,0.0016434208351813195,0.010580750365435265,4.024619493341835e-5,1.7600845527074272e-23,0.021530504589110558,7.921860457264771e-5,6.545454386213498e-23
proteome,MATN2,10341,0.04946693494290477,0.03545122726937755,0.015633318448372346,4.038595870269282e-83,4.4023261802973044e-35,-0.1277443271437976,4.2771071481148955e-82,2.0328593088481867e-34
proteome,MATN3,10245,0.026003252793041942,0.016058759055649685,0.009241678834022826,6.215595358269394e-38,1.7751869945385656e-20,0.09218533782821604,3.291337904387942e-37,6.177228077424081e-20
proteome,MAVS,10125,0.0014420817163472988,6.44854610759138e-4,7.760699887743305e-4,0.010620653377821606,0.04905556573916872,-0.053131580406831205,0.01657457011392021,0.07606865711171892
proteome,MAX,10131,0.0034699715037527223,2.4414908445591355e-4,0.0032489575537658633,0.1158584308838565,3.2932282265281306e-7,0.03678036312971984,0.1512524312074643,7.762988795275586e-7
proteome,MB,10431,0.2272919637027273,0.19289779674652707,0.048458617329834364,0,6.281016471712649e-112,0.5760034424508284,0,7.618012923990072e-111
proteome,MBL2,9762,0.010165118265384576,0.00958132057575889,4.991142532773107e-4,3.26738171786e-22,0.18146565535537637,0.22070551386585047,1.2228625814730832e-21,0.23903745408011046
proteome,MCAM,10345,0.07905425820722178,0.004463290657774177,0.07541334477870443,1.0400750105127564e-11,1.9845853236581763e-175,-0.0508788278205539,2.7789207090756738e-11,4.603922937343531e-174
proteome,MCEE,9908,0.001156991987252498,4.7396356455109423e-4,6.584776433933293e-4,0.030258653417656003,0.08874495023667629,-0.01862699446788644,0.04372023921888705,0.12899129266126544
proteome,MCEMP1,9627,6.076912648855792e-5,9.934908436592949e-6,5.175289327130628e-5,0.7571883904838829,0.9193294631941922,-0.005829224965223562,0.794999067703197,0.9330555628182721
proteome,MCFD2,10276,0.003344475437372263,0.0011075490735912297,0.0022676674432339228,7.418371524929348e-4,3.4652344974791564e-5,-0.032458471648399455,0.0013181702107822788,7.409568716994568e-5
proteome,MCTS1,9886,0.004835346569679544,0.0023089170022960737,0.002529182944411068,1.7609668228760566e-6,1.5264738575004048e-5,0.026065190403927848,3.7544172306832338e-6,3.322325454559704e-5
proteome,MDGA1,10264,0.05498138653832363,0.04640887935138316,0.009109842496791032,5.0188960672610786e-108,3.196609078465137e-20,-0.34657155088138725,7.121472429419482e-107,1.101850039664339e-19
proteome,MDH1,9863,0.007346880672905232,0.006419107604194063,0.0010276750654191202,1.6197722008210903e-15,0.017440417971405966,0.06568381066399495,4.921615533264082e-15,0.02914713649538001
proteome,MDK,10379,0.0357312897078369,2.8966657346252145e-4,0.03558169736349526,0.08299304760048432,3.7285920190307915e-81,-0.019161583130316913,0.11136781547124201,3.3026286277657587e-80
proteome,MDM1,9655,6.978879812782335e-4,3.9948184452665014e-4,2.9587562724286975e-4,0.049581070112135944,0.4144012394830414,-0.012981369608911043,0.06924293738068484,0.4774516448596492
proteome,MECR,9666,0.002484715992394304,0.0023354224401522794,1.3720213421075655e-4,2.0076218633756234e-6,0.7230468455161965,0.09142616802539787,4.261640309838016e-6,0.7572432566979013
proteome,MED18,10125,4.987786223316082e-4,3.607998137333812e-5,4.535698220328177e-4,0.5456775001964576,0.20428153161548246,-0.010181001730801578,0.5994786436243731,0.26491345027154184
proteome,MED21,9611,7.777602446049636e-4,2.9187164247712616e-6,7.761594922539583e-4,0.8670247515133457,0.05861946615791195,-0.0015014954400868843,0.8923638551667286,0.08956858315712318
proteome,MEGF10,10330,0.003656141292071702,0.0015286413379328456,0.002159036308810647,7.060623751348105e-5,5.6031154450935446e-5,-0.035340651521618034,1.3703986205305783e-4,1.1757291059589685e-4
proteome,MEGF11,9611,0.005987091826443414,0.005746087040606973,3.364021932943384e-4,1.0070448515009742e-13,0.35719239658081775,-0.049196129050968644,2.897236319820224e-13,0.42321579862413067
proteome,MEGF9,10390,0.003612927922171272,7.173376100566564e-6,0.0036128811854125864,0.784905044326415,3.452526039040135e-8,0.0012298678427857394,0.8187999445275199,8.487580834410694e-8
proteome,MELTF,9919,0.031983495043432564,0.024601867297252333,0.007874099268092238,1.2060848502369813e-55,6.841964982996061e-17,-0.09855995161926151,8.66188210624741e-55,2.2270672210798984e-16
proteome,MENT,9676,0.10342352365956198,0.08961789316080582,0.015521904111076235,1.814706447294523e-199,1.3832299417491003e-32,-0.1468552666408323,5.7036418768192375e-198,6.107524350049275e-32
proteome,MEP1A,9886,0.06665886646546948,0.04846930513951153,0.019755090195073932,9.094786602323287e-109,1.7296082000457104e-42,0.33876840113570345,1.3031402567936749e-107,8.995809197034896e-42
proteome,MEP1B,10283,0.010102438268961622,9.468852919630733e-4,0.009095629725972332,0.00180671673167685,3.155043825787728e-20,-0.08230036055131916,0.003094387230345148,1.0888067417683035e-19
proteome,MEPE,10330,0.09095480289200641,0.08526828915951257,0.005788042240673863,4.0555285856065026e-202,6.060101562247205e-13,0.17431274565108457,1.317145561747534e-200,1.7469109335748107e-12
proteome,MERTK,10432,0.08451262780330038,0.020622601846425392,0.06528528574320513,3.5641038418509046e-49,2.8473055241454463e-152,0.08127241144143746,2.259842848097656e-48,5.439656239919699e-151
proteome,MESD,10349,3.9688455194342165e-4,2.7343589836803517e-7,3.9567175708510316e-4,0.9575872007597436,0.2515081415477997,-0.0014273313504577089,0.965847959910535,0.3153832251154949
proteome,MET,10385,0.05024092097454569,0.04734884086207658,0.0021751240370551095,1.6683255478354823e-111,4.8845308660014774e-5,-0.10141919443925802,2.475388617422901e-110,1.029378783080196e-4
proteome,METAP1,10131,2.5634835253318666e-4,3.756840988300425e-7,2.5534435415375256e-4,0.9508204584241168,0.45993604975898483,-4.008320489340046e-4,0.9606803318263718,0.5206789595063953
proteome,METAP1D,10298,0.0016493193226599923,0.0012909636570562766,4.160155319017367e-4,2.659974068702202e-4,0.2324680317573825,0.06631146532696224,4.902335562936025e-4,0.2959512442625562
proteome,METAP2,10427,0.005149541694540516,0.004964478701911745,2.0867171427996212e-4,5.941543825701538e-13,0.5368679688976079,0.09208764878775373,1.6603377249068445e-12,0.592846646425277
proteome,MFAP3,10146,3.6456663430972647e-4,3.774603497685991e-5,3.2807273883506127e-4,0.5361240196922241,0.34380650257321027,-0.006779401893358294,0.5915781463044059,0.40984763744759123
proteome,MFAP3L,9655,0.0018335168927524625,4.702431110158445e-4,0.0012937120279546965,0.03313717159767642,0.005871614597554501,-0.028813647980295332,0.04764385272012208,0.010458701687173558
proteome,MFAP4,9676,0.062103829834605495,0.01783383145371864,0.0458308653211108,9.80747071149389e-40,5.066028321557345e-98,-0.08936096701382347,5.3683964212915056e-39,5.630418549016015e-97
proteome,MFAP5,10431,0.05274985151563971,0.029946841523501577,0.022717554343553714,6.583784398935238e-71,1.1634876455127541e-51,0.1688663115012855,5.86719567014869e-70,6.898325330291643e-51
proteome,MFGE8,10349,0.02582077290020912,0.0198318565443657,0.006181128885437981,5.629505945480647e-47,7.664586257028713e-14,0.1394054618523923,3.4424782172886882e-46,2.2698668317421406e-13
proteome,MGLL,10343,9.424070442666244e-4,1.9781477966884786e-4,7.185927443180695e-4,0.15269568853251347,0.05933583904601607,-0.027398917513701233,0.19397196765777353,0.09037970689499998
proteome,MGMT,10298,3.0312936606524676e-4,4.4717642855296447e-7,3.029199072897004e-4,0.9459112484777349,0.3737015861839948,0.0018354306140007898,0.9563813833623035,0.4390392831253283
proteome,MIA,10379,0.016362356262073607,0.00571828669533514,0.010223764214460807,1.2298596275150311e-14,5.878705020535832e-23,0.06198698346382322,3.653333019539061e-14,2.1533151347150673e-22
proteome,MICALL2,9655,8.621398193215946e-4,2.0849820758894744e-5,8.468905500274015e-4,0.6537600570709277,0.0425036976661488,-0.006645564579148721,0.70074831199791765,0.06675889751647122
proteome,MICB_MICA,10298,0.0037470373938073287,9.353295079478352e-4,0.002692003831724521,0.0019128042049949793,4.103358325194642e-6,0.10313146214024625,0.0032601321814579153,9.19794201268707e-6
proteome,MIF,10321,8.431659405386815e-4,4.3506936100823346e-4,4.2105817610449403e-4,0.034114932577821167,0.2265622649514496,0.03209298261431816,0.04895333722384451,0.2895677745750272
proteome,MILR1,10167,0.02913625155400157,0.01589792398356038,0.014341256739885178,2.7049271824877905e-37,1.2924357655524803e-31,-0.14011072964331248,1.4068509171551266e-36,5.596725544755407e-31
proteome,MINDY1,9877,9.99884110716276e-4,4.1616939222333116e-5,9.532615803873323e-4,0.5215484469242545,0.024246799727736808,-0.014721692369259836,0.5770197238302786,0.039483785851907906
proteome,MINK1,9903,6.300722122911662e-4,1.9860236880198112e-4,4.5079235043365973e-4,0.16088775527679236,0.21559868677557117,0.02738327105505993,0.20367038054311998,0.2774966805129875
proteome,MITD1,10264,8.281606222240168e-4,3.8763983744116715e-4,4.690415553794125e-4,0.04611539828706491,0.1859930487489689,0.04280614793582014,0.06493030307952348,0.24401152670252968
proteome,MKI67,9627,4.892197068262494e-4,3.544016661336524e-4,1.2664947036922225e-4,0.06478359920252152,0.7485080864211194,0.013461398435274108,0.08840451002286201,0.7791627979376539
proteome,MLLT1,9580,0.00166163316085699,4.926101455337006e-4,0.0011773811413188229,0.029854379194224692,0.010301153614877963,-0.03187307060223075,0.04317879781529875,0.017722554811859106
proteome,MLN,10298,0.13543208461834488,0.0031475814908292765,0.1327132685188548,1.2245163257985676e-8,1.676186e-317,0.11355594628126332,2.926624055853813e-8,1.399854667e-315
proteome,MME,10318,0.05313837041713898,0.04974473022228687,0.004340051437392023,1.9032743170969224e-116,9.915903965983614e-10,0.41491620997958184,2.943529539086933e-115,2.5925033356502777e-9
proteome,MMP1,9836,0.012930900259693345,4.2164242564091126e-5,0.012900985091026773,0.5196920958428561,1.7259811155229706e-27,-0.013092356313194102,0.5754015136926774,6.873355314269269e-27
proteome,MMP10,10316,0.006499539759750483,0.0025725726852506847,0.0036546891434418027,2.556524700355382e-7,3.1860034761467684e-8,0.06805961046687715,5.691334119679194e-7,7.838963098297142e-8
proteome,MMP12,10320,0.14998071190708218,0.0014986254729681958,0.1484809111523514,8.386216300885078e-5,0,0.04763159277952247,1.6148162218370936e-4,0
proteome,MMP13,10131,0.013511380866580214,0.00380273829983524,0.009845381573399536,5.260792008417354e-10,1.412326763672041e-21,-0.044107777052133486,1.322209375804293e-9,5.055839748172409e-21
proteome,MMP15,9919,2.2785930939062116e-4,5.054885528743558e-5,1.8274360529557665e-4,0.4790045815433541,0.6123320728569079,-0.0070186215216616775,0.5358325265408435,0.658577948046793
proteome,MMP3,10349,0.40478733480067774,0.3999397195122495,0.007891815304041705,0,1.1652105868997164e-17,0.8867124787385927,0,3.8311704673879313e-17
proteome,MMP7,10120,0.08340897404287162,0.009144305426214139,0.07622868049317666,5.457387975814601e-22,1.5429912938511934e-173,-0.09957057821596389,2.0346868690441428e-21,3.5513098834071166e-172
proteome,MMP8,10406,0.01274335698144935,0.009516402953244851,0.0028247677282454697,2.012492631286749e-23,1.8245212531180372e-6,0.1615692765860951,7.87485403112606e-23,4.153485687588803e-6
proteome,MMP9,10330,0.025757304092148825,0.022153426696113976,0.0029373012831158674,3.111787012789006e-52,1.1515096510998778e-6,0.2118839874424614,2.06252912434972e-51,2.650285598555073e-6
proteome,MMUT,9611,3.6285009157133175e-4,2.954566208779319e-5,3.4162338401932946e-4,0.5942180285953425,0.3501045584788365,0.005510099162822684,0.6454475279019644,0.41650615565064675
proteome,MN1,9655,3.8858012423914623e-4,2.211087123386024e-4,1.8449712961965403e-4,0.14408087883025178,0.6191539051167716,-0.017605771793576645,0.1839879461864683,0.6653628178883543
proteome,MNAT1,9746,7.026863578331044e-4,2.683531531000316e-5,6.70661093035374e-4,0.6091648272779058,0.08827539249909297,-0.004593774257000688,0.6592331692459529,0.1284365217893722
proteome,MNDA,10283,0.007172494255145545,0.00681180284972871,2.415390650463145e-4,5.2302633122932317e-17,0.47837861984440244,0.17345034017700697,1.659941331360816e-16,0.5382219806794413
proteome,MOCS2,9676,0.007827235543187983,0.0045045145049813495,0.003398330993828358,3.9081262473818704e-11,3.343509241921763e-7,0.09298365776997375,1.020862647104308e-10,7.875163186250857e-7
proteome,MOG,10438,0.07029409953965815,0.006930097884897957,0.06459990416816719,1.6285910834868788e-17,1.0589679581957848e-150,-0.06265192333054831,5.283431450646112e-17,1.9970086076169545e-149
proteome,MORC3,9903,3.1671965160318116e-4,1.3504215421900057e-5,3.0125848524731325e-4,0.71466815299515,0.39433797492518197,-0.0019559790524672784,0.7566008733085198,0.4595892746037906
proteome,MORF4L1,9746,2.919015125303348e-4,7.41811634068501e-5,2.2696353010587256e-4,0.3952961691971466,0.529742517003452,-0.007076793941086609,0.4534735881331474,0.5865293095458675
proteome,MORF4L2,9580,6.590218765917255e-4,4.5799153302539253e-4,1.9628431132912016e-4,0.03623428626112222,0.5977456942292244,-0.013887324241350734,0.051841810446040255,0.646875477316558
proteome,MORN4,9580,3.63740086753217e-4,7.774257686499197e-7,3.6312420278106217e-4,0.9312473954673446,0.3236623313592676,0.001412076867771776,0.9444955367630284,0.38852771850642265
proteome,MPHOSPH8,10146,0.0013737621979680315,0.0011697084086884635,2.3870654456603635e-4,5.709533664483677e-4,0.48971314235026164,0.05531937158838641,0.0010251208170322964,0.5478325671089166
proteome,MPI,10318,0.004495572442723694,5.844920911456386e-4,0.003920856990579535,0.014070017631787599,8.277522444981856e-9,0.04643110482623096,0.021566157072739983,2.0839963916177406e-8
proteome,MPIG6B,10343,1.8372752802786607e-4,1.6253107431030145e-6,1.8162789292963666e-4,0.8968661051886844,0.5981249401542186,0.0021908281907172212,0.9175847481506911,0.6470463360735681
proteome,MPO,10349,0.004278153715235766,4.2658362970293684e-4,0.003748295517653988,0.035659602144352286,1.8700663231256116e-8,0.020956536690539,0.051069582100902365,4.6520883936137553e-8
proteome,MPRIP,9861,0.0012147781460553064,1.4426598751171582e-6,0.0012085592402734102,0.9050853266572505,0.007664537405991649,-0.0010857105894906416,0.9243761040597985,0.013440560687508232
proteome,MRC1,9904,0.06500143074867759,0.0014962433386489504,0.0638036483760589,1.1817069863871386e-4,3.8328743843892287e-141,-0.023619984695164225,2.2487822403708375e-4,6.476006835589431e-140
proteome,MRI1,9655,0.01433428732169606,0.013872943018638062,6.306521722707625e-4,3.643854657059525e-31,0.10740510475461762,0.1657785863199002,1.6933206935747205e-30,0.15247456104795887
proteome,MRPL24,9611,0.0015992357828179538,9.233459594637505e-5,0.001524153075653123,0.3463022027639415,0.002138583287354441,-0.007621858386414557,0.4026417417179798,0.003999410715890614
proteome,MRPL28,9908,2.8949994412541535e-4,1.5158690785610496e-5,2.765509484383699e-4,0.6984301903786775,0.4336065332159381,0.003034763953724672,0.7426378488457164,0.4947040970297374
proteome,MRPL46,10131,6.613546875250398e-4,5.07137764628518e-4,1.6582443950552417e-4,0.023430182984353308,0.6415321521795552,0.013187171320726283,0.034571643040517276,0.6838798252446535
proteome,MRPL52,9558,1.1950256019366279e-4,4.4325366023167945e-5,7.337736013546259e-5,0.5152317521172494,0.8729601670491975,0.003450237133478094,0.5708955312504624,0.8900113597086866
proteome,MRPL58,9908,8.972982152994913e-4,8.763467558045024e-4,3.0695086847054576e-5,0.003213983717146738,0.9592756773835494,0.04294826735115835,0.005356028737297557,0.9645554884733797
proteome,MRPS16,9627,0.0030961564440641354,0.002843166030713884,2.892075179542486e-4,1.659037549656526e-7,0.42625611546294173,0.027332984665963213,3.741795337689834e-7,0.48784127858190235
proteome,MSLN,10296,0.04740120007801052,0.0014055707270314022,0.045856474980936035,1.4209241651926154e-4,2.1984053357606532e-104,0.05047943616528672,2.681317840450623e-4,2.570375518571356e-103
proteome,MSLNL,9655,9.612947891942669e-4,7.508359169238199e-4,2.2770367931834734e-4,0.007098348250954335,0.5324006403809253,-0.021186766578246228,0.011356580151909974,0.58902614376739
proteome,MSMB,10279,0.12932809167949721,0.1081401590543869,0.0246200250246984,1.128229810421499e-257,3.0984273460134836e-55,0.5576174580727298,5.589518196376342e-256,1.951875675085649e-54
proteome,MSR1,10430,0.10865013335719509,8.953461757706949e-4,0.10770750396902262,0.0022448499785822167,2.7955614461974217e-257,0.031688363278475205,0.0037994768311498664,1.317971952779849e-255
proteome,MSRA,10379,7.387223626706962e-4,1.829497901814081e-4,5.703085257423579e-4,0.16830198623664283,0.11565077744483908,0.022077951842373253,0.2124122218349339,0.16289561420674709
proteome,MST1,9775,0.0010769226544734556,7.101946581833385e-4,3.7732523700961806e-4,0.008425558464109464,0.2972636845289818,-0.035713795580604536,0.013341228272260001,0.3629497702081093
proteome,MSTN,10146,0.16609754080772654,0.16418747740404227,0.002004184882076099,0,1.439104895872777e-4,0.5206221656914763,0,2.933405586217662e-4
proteome,MTDH,9627,0.005367408269955076,0.005018302201189373,2.647177076531282e-4,3.466560025798625e-12,0.4667530491448736,0.135478467268855,9.425818563171517e-12,0.52696761786422
proteome,MTHFD2,9903,1.9207925246333968e-4,1.4974939029288592e-4,4.42554704239706e-5,0.22342194917877492,0.9322700376361133,0.006598173726669424,0.27301938020466515,0.9429153356437229
proteome,MTHFSD,9746,0.001984729215945946,0.0010662622487613849,9.702460535101487e-4,0.001265988979264247,0.02380147865611653,0.07652978617838088,0.0022052954626873623,0.03891035912294666
proteome,MTIF3,9886,0.0012260536934266542,0.0011091218139407388,1.3057462532428676e-4,9.286097806552668e-4,0.7314240704804957,0.060532229161144015,0.0016371203714546424,0.7643734565657809
proteome,MTPN,10146,6.318005012209138e-4,4.2331497564540577e-4,1.975946831043185e-4,0.03825755772260936,0.5715552415407251,-0.01465171537944575,0.05457630123142369,0.6250115866156153
proteome,MTR,9611,9.362125365475205e-5,1.0208094054053873e-5,8.227540152949686e-5,0.7541771045907876,0.8517591563583148,0.004068691251211095,0.7929711067334072,0.8726575583720133
proteome,MTSS1,9886,0.002730655655460823,0.0010652447821456468,0.0016813868631423423,0.0011740385584018476,8.425581747436153e-4,0.07742961778096723,0.0020512341340159002,0.0016327175354413006
proteome,MTSS2,9877,0.002652755060237655,0.0017243041600656372,9.96698747400715e-4,3.667468957767989e-5,0.01993238474629442,0.08722718937885689,7.233476223721885e-5,0.032991144175208716
proteome,MTUS1,9746,0.025242836506585764,0.022772692340566558,0.002682005141959154,1.0013140297696522e-50,8.821434037260062e-6,0.18009008026809645,6.547742525764415e-50,1.948983498935084e-5
proteome,MUC13,10131,0.024708962619213515,0.005302390210165098,0.019481036801325957,2.1836453079029713e-13,6.213754246690371e-43,0.08226522376025791,6.214990491723842e-13,3.260826510426563e-42
proteome,MUC16,10318,0.004449578926573938,2.1353458991291152e-4,0.004252321353066413,0.13780403974920205,1.5466770443193477e-9,-0.060871052744091866,0.17697768373766148,4.015041741159372e-9
proteome,MUC2,9921,0.008985290940897395,0.001438634390958149,0.00753863494105611,1.5794460369404444e-4,3.552359688786446e-16,0.07252599904414919,2.9746912151913137e-4,1.122545661656517e-15
proteome,MUCL3,9580,0.0017974935498826783,0.0010859358436832167,7.315527024642776e-4,0.0012581468334156574,0.07165763253053489,-0.02923259574789644,0.0021929416780405286,0.10675599382607212
proteome,MVK,10167,0.035681997121094766,0.03234863543700728,0.003721046245324433,1.2023802053702483e-74,2.988483256606743e-8,0.32149797907254773,1.1337281742894309e-73,7.371592032963301e-8
proteome,MXRA8,9676,0.14005590546788327,0.07659636774063261,0.07396926193922082,1.3107730394023265e-169,8.849737362973955e-161,-0.18887869951416122,3.246940334044915e-168,1.8345944902108419e-159
proteome,MYBPC1,9919,0.1273631234285798,0.07759154149227998,0.05691481601887016,3.8287889434651146e-176,1.340771175685826e-125,0.4222900925614301,1.036254637198938e-174,1.8932725345553957e-124
proteome,MYBPC2,9666,0.057969922836883625,0.05688634039183138,9.989611769380957e-4,4.599842484922691e-125,0.021725554260821973,0.43429631299880767,7.639397490584675e-124,0.03573651947348488
proteome,MYCBP2,9908,6.932524800035145e-4,5.018602527230298e-4,1.7913606309605257e-4,0.02577695349762351,0.6205581298965739,0.031977416953414516,0.03776740302371572,0.6666267598999212
proteome,MYDGF,9919,0.0017655731809625985,3.948488412173212e-4,0.0013765488447400331,0.04785396936288431,0.003410925843126376,0.0415556395171366,0.0671517774592947,0.006227442997787881
proteome,MYH4,9611,9.21115492287794e-4,5.375852127231795e-5,8.771321409253297e-4,0.47238509886953484,0.03791485245883215,-0.006931662419577574,0.5297948458866779,0.05993786573129604
proteome,MYH7B,9580,9.827961857307166e-4,6.359451383819437e-4,3.565846529292038e-4,0.013588803329128134,0.33194341690798934,-0.022903816972379268,0.020872344787725452,0.3978149272743144
proteome,MYH9,9921,0.0032133545541490616,0.0017903359929769547,0.001458549532003084,2.4954699608644368e-5,0.002325781124455641,0.1007769627501723,4.9926479778280285e-5,0.004324591747317964
proteome,MYL1,9611,0.020276079695406235,0.019360832727122745,7.237978274710066e-4,9.633678344204117e-43,0.07332385425679429,0.1131843258214475,5.565067549428584e-42,0.10879473400640087
proteome,MYL3,9666,0.11956215730278463,0.07160148605884908,0.05450200820090012,4.193455687667125e-158,4.9209497501740066e-117,0.42240574414408893,9.356848072558019e-157,6.336535735576485e-116
proteome,MYL4,9666,0.04038333250730053,0.0385648340869732,0.00120500010455582,1.2890905533464433e-84,0.008687041524090285,0.2062349716527342,1.4112403323714058e-83,0.015123420116090473
proteome,MYL6B,9655,5.623228733644403e-4,3.11895896398795e-6,5.618919993206628e-4,0.8622715849650927,0.14325171649105659,0.0030352173673068843,0.8887234988903265,0.19603219443041123
proteome,MYLPF,9655,0.06814907720542196,0.0658350082064193,0.0018884742241399577,6.217448274513929e-145,3.9209207413120055e-4,0.2643843158388872,1.227946034216501e-143,7.780618687613708e-4
proteome,MYO6,9908,5.838989266838679e-4,2.1996404473623166e-4,3.864835653615284e-4,0.13995684675342612,0.28061380656023455,-0.01131461706355651,0.17942713292116866,0.3460903614242893
proteome,MYO9B,10167,9.509392775490788e-4,2.511265096889481e-4,7.014916621836953e-4,0.11014479967521652,0.06782514946216359,-0.02299324267449442,0.1444384250563741,0.10172032420621045
proteome,MYOC,10349,0.05059272666896619,0.005924939841554844,0.044880839534422456,4.502511208278146e-15,1.2414350874233213e-102,0.07881498507229207,1.34982977044072e-14,1.4174667033353e-101
proteome,MYOM1,9605,3.444100468033007e-4,3.935660682152786e-5,3.115224904414182e-4,0.538776988491436,0.3929781396634525,0.006217019694652839,0.5940570114524584,0.45836995300729116
proteome,MYOM2,9611,0.033873549583392504,0.029146844901998148,0.0045576859881758525,9.448262161662017e-64,1.5976827120478881e-9,0.18114264574812336,7.629080192966318e-63,4.136427428977836e-9
proteome,MYOM3,9676,0.10714389680733472,0.0833694914993196,0.02787248425939426,4.3528451166653525e-185,5.68279287467059e-59,0.5840250275626527,1.235278279224546e-183,3.783782135002764e-58
proteome,MZB1,10349,0.01911003324934657,0.006729949321302331,0.011663570622368558,6.410279778200842e-17,3.925448640488107e-26,0.09731822660218303,2.0322394567983797e-16,1.533968766864537e-25
proteome,MZT1,10125,0.001683449759199207,9.9228010960839e-4,6.650692861945862e-4,0.0015264894641863751,0.08091023998338492,-0.03672456027384746,0.0026355160684091994,0.11898892802786494
proteome,NAA10,9611,1.4110967434921573e-4,8.500010731760099e-5,5.013756794280955e-5,0.3662045256558548,0.922902055456535,-0.009693774637968102,0.42375923534919385,0.9353823537099348
proteome,NAA80,9655,0.0038405328820371176,0.0027661400651612933,0.0011312018085400943,2.340995848608234e-7,0.012150498360707526,0.1320959435077157,5.231445615811825e-7,0.020757397257947455
proteome,NAAA,10244,0.004668580105343767,2.1547197919580263e-5,0.004641043520104748,0.6385729634753271,2.549498239400112e-10,0.006177452130437519,0.686988874581664,6.774712139787752e-10
proteome,NACC1,9877,0.0039148069589283185,0.002718999011065204,0.0012440002956093377,2.1680651525858254e-7,0.006455861620296524,0.06072353238462426,4.85613367127078e-7,0.011450536114154574
proteome,NADK,10283,0.016571534374657193,0.004202867167269031,0.012174972808644546,4.729567205356338e-11,4.1181016451635994e-27,0.07362050587919869,1.2343325840407658e-10,1.6354906397844023e-26
proteome,NAGA,9604,0.003482443960821535,0.0029490513678522845,5.974196454876513e-4,1.0133623584253591e-7,0.1251502247982867,0.060584151067947886,2.3208732833043722e-7,0.17361846563141528
proteome,NAGK,9661,0.0203381568713753,0.01762163888949697,0.0031220348199596515,3.2064337978881986e-39,1.255614490605469e-6,0.15442100010528945,1.7420828979976217e-38,2.8830802482637753e-6
proteome,NAGPA,9676,0.006126213370555855,4.726062903070982e-5,0.006115783586785328,0.49900837844542123,8.171221729261767e-13,0.003019143289278844,0.5549628829926375,2.341615795552171e-12
proteome,NAMPT,10125,6.485867284374836e-4,3.9909147947025936e-4,2.2137254879228685e-4,0.04444929745757978,0.523986248019202,0.02062555227581144,0.06276584370459212,0.5803758252975095
proteome,NAP1L4,9864,0.008394964140311822,0.0069006723932735214,0.0015810743693064344,1.428563512489663e-16,0.001368883833047314,0.07272198287919503,4.489990480652995e-16,0.0026134862468956883
proteome,NAPRT,9903,0.02915272861664331,0.02688547139505082,0.002315759343612611,1.291945898537775e-60,4.13811227601963e-5,0.10528191429328392,1.0016864353914896e-59,8.777722919307241e-5
proteome,NARS1,9908,0.005618693014152076,0.002876358604772089,0.0028373789045010867,9.253541957263259e-8,3.3945246238817837e-6,0.052344820677420356,2.1247527997706604e-7,7.64421839414981e-6
proteome,NBL1,10379,0.06547069249560111,0.0031352018356373135,0.06191749043175243,1.1473316568305736e-8,2.092915013528816e-143,0.03194543219065647,2.7443947896201036e-8,3.619876085529425e-142
proteome,NBN,10167,0.012757979354213744,0.011977195804580787,5.39550537367095e-4,1.8483029506582084e-28,0.13955887881544063,0.10855561847867401,8.144292428584955e-28,0.19142684316167666
proteome,NCAM1,10345,0.06659674337004118,0.0591609364523058,0.008165527680215168,3.82207602845209e-139,2.889978230355477e-18,0.17689307323218395,7.115877854245516e-138,9.623949797530266e-18
proteome,NCAM2,10349,0.017386761651815408,0.01438427709209078,0.0029308031677546253,1.8562513614740238e-34,1.1579588059122222e-6,-0.07565811813603529,9.196309711167071e-34,2.6614208980558943e-6
proteome,NCAN,10430,0.10387889509202108,0.09948597174282159,0.005184676335969418,1.4971848421471446e-239,1.0203705749782928e-11,-0.2995371795583913,6.531748199397169e-238,2.8378146438264034e-11
proteome,NCF2,10296,0.008566329698360242,0.007262426610232908,0.0011268645001402122,4.691194889871454e-18,0.00887182462074797,0.15470302112622314,1.5372603882392668e-17,0.015426736089498107
proteome,NCK2,10351,0.001054895536994005,6.831361693959703e-4,3.9443864575683385e-4,0.007839399002792007,0.25275885125182085,0.06218040310707274,0.012446802436263463,0.3168156613246451
proteome,NCLN,10167,2.578498793653905e-4,1.682435571825902e-5,2.347830122272354e-4,0.6792581449953499,0.4961969783621746,-0.004485631461373078,0.7235683519757317,0.5537929621048631
proteome,NCR1,10298,0.026069122418718615,0.0013022398370753363,0.02504762107557923,2.5001458740006653e-4,2.5843056747845414e-56,-0.02968921858749506,4.625269866901231e-4,1.660203403823124e-55
proteome,NCR3LG1,9886,0.10255529671190289,0.06666494776762188,0.03895701397047924,2.901437703677389e-150,8.642038412672488e-85,0.18334523644097542,6.101368638740294e-149,8.04480200007697e-84
proteome,NCS1,10438,0.1828518078219894,0.0710012545734755,0.1268866397452023,4.144401037558623e-169,1.1432232729978647e-306,0.1740024926726381,1.0179902716625088e-167,9.031463856683131e-305
proteome,NDRG1,10131,0.0010424581070258565,5.155352499700561e-4,4.985416450534741e-4,0.022310605422204262,0.16819090231945055,0.03430859365589391,0.033002985652380086,0.2241778419880319
proteome,NDST1,9877,4.981971901314441e-4,4.273606060529733e-4,8.113031680001548e-5,0.03995976950059589,0.8492298545971448,-0.027350842790774155,0.056838153893061696,0.8706765573438985
proteome,NDUFA5,9594,0.007752553229819159,0.0054707481226558,0.002218539519471041,4.0883036812618086e-13,9.127646691381603e-5,0.053122839281607256,1.1523733520085116e-12,1.890865434366295e-4
proteome,NDUFB7,9886,8.004437326432079e-4,4.40749597119261e-6,7.955195259193859e-4,0.8346961506773298,0.04890644945743776,-0.003914639703781522,0.864570109294768,0.0758776814034451
proteome,NDUFS6,10125,0.0078595236068435,0.003324273405942435,0.004517316458804044,6.443225728497321e-9,6.190686905224599e-10,0.10133409059792459,1.5629501082487693e-8,1.6272821784147034e-9
proteome,NEB,9611,0.010308217855628077,0.005903164959468188,0.004195578506429487,4.6538699720457896e-14,8.809699207720974e-9,0.05920318186250397,1.3616878807096942e-13,2.214166017555323e-8
proteome,NECAP2,9611,9.205647842607245e-4,6.201365537601422e-4,3.1652421956607224e-4,0.014645920016701845,0.3853208392859394,-0.03371501077674289,0.022401896498597328,0.4505171252931204
proteome,NECTIN1,9627,0.0022135203514696,7.208080701154307e-4,0.0014787833419465102,0.008439494414232624,0.0025958709788063026,-0.017644273105247667,0.013347223358334732,0.004808447953771117
proteome,NECTIN2,10253,0.04404070437350949,6.704999711597548e-4,0.04318917564583402,0.008749524386779247,9.522424158490399e-98,0.01661914139289267,0.013809319537017138,1.0543199172449787e-96
proteome,NECTIN4,10379,0.036329122212137244,0.01791031654647457,0.01776330905841428,1.1301831699031575e-42,4.593968952830796e-40,0.089237406847199,6.503002766982145e-42,2.3232130188796567e-39
proteome,NEDD4L,9627,0.010082102133023074,0.00826637819092213,0.0019308502364133728,4.007804603249179e-19,3.3110442966686587e-4,0.09086752500452369,1.3621875413136453e-18,6.61078038194159e-4
proteome,NEDD9,9627,0.001343233815317868,9.730730808662491e-4,3.74375778634195e-4,0.0022092911912638333,0.30763383570728586,0.01969502796308747,0.003741458952528496,0.372345218125216
proteome,NEFL,10091,0.24303557042203505,5.630940980940746e-4,0.24241085748262758,0.01715266907348687,0,0.023108111508312663,0.025937533213555162,0
proteome,NEK7,9746,2.259730807434579e-4,1.0038354262631444e-4,1.3032889239084078e-4,0.3227339001661763,0.736344747804839,0.015491888288657388,0.3785518419685928,0.7681560036896445
proteome,NELL1,10379,0.003912893276944107,1.3323929679132096e-4,0.0038253808871190342,0.2397182731362138,1.196447496315436e-8,0.010774547433934006,0.2906248495964964,2.989073531393179e-8
proteome,NELL2,10351,0.05343115859112446,0.051253781524613906,0.003518681861792383,2.168484928603433e-120,5.955934287147066e-8,-0.14687788659298895,3.4262061871934246e-119,1.456836478772458e-7
proteome,NENF,9877,7.174915920573621e-4,1.0151635608746101e-4,6.011939864104532e-4,0.31678610188998935,0.11471224838417826,-0.020338608786484993,0.37307243183901645,0.1619825613656778
proteome,NEO1,9908,0.017832438848095822,0.0042685284839434345,0.013603466697758138,7.594361889740978e-11,3.281051048486406e-29,0.029366790276144337,1.9609823148156255e-10,1.3469820526300233e-28
proteome,NEXN,9904,8.247308402411502e-4,1.7988051485717804e-4,0.00064072410263016355,0.18206248062580901,0.09598490292771225,-0.019466888790761302,0.22771443340575084,0.1380727712882396
proteome,NFASC,10432,0.10412154704101695,0.009278612794629826,0.09597947095056047,6.282261976708564e-23,8.670845196187042e-228,0.06111990410673469,2.413015999726561e-22,3.2082127225892056e-226
proteome,NFAT5,9627,0.0018778626312293545,8.498097883798961e-4,0.0010357967711420724,0.004235660240045035,0.01880462012712731,-0.05279409722387212,0.006924404296225747,0.03128395255070753
proteome,NFATC1,10298,0.007956449741197247,0.007269661233974989,8.477172467427074e-4,4.4830912608460444e-18,0.03310947738211295,0.18750460248530285,1.4707155730025798e-17,0.05294256148135457
proteome,NFATC3,10167,0.0076912018008886696,0.0075567444718470655,1.2492483166492985e-4,1.6421593891172154e-18,0.7363575512618488,0.11572553354201334,5.460787138099682e-18,0.7681560036896445
proteome,NFE2,9666,8.134100037044956e-4,1.5381001049807885e-5,8.001136171110756e-4,0.6998871317925561,0.05185533798774543,0.006159400024522491,0.7436286966276472,0.07994364606444088
proteome,NFIC,9908,6.328965041806356e-4,2.8843511912890474e-4,3.178834988399881e-4,0.0909973516478142,0.3692678094840822,0.015136184358478895,0.12112261332721351,0.43487905202335714
proteome,NFKB1,9611,0.004122604765405269,0.0035155075257176094,6.552726861349667e-4,6.021524751370289e-9,0.09802402466451382,0.09156308919490139,1.4655218025191802e-8,0.14065990382639856
proteome,NFKB2,9746,0.0010166210261416397,3.2628360319009175e-4,6.907700100934333e-4,0.0746047912251008,0.080967833680268,-0.020960693000820624,0.10072508302585202,0.11898892802786494
proteome,NFKBIE,10125,0.0021200502170248825,0.001135311172860476,9.618016481447444e-4,6.977209206883988e-4,0.020923979648525447,0.03671227280154015,0.0012420452199587025,0.034515119928126343
proteome,NFU1,9886,4.671506004545467e-4,2.7695068245647825e-4,1.9609295686207062e-4,0.09806155653560916,0.5853989756792894,0.03567534139813101,0.12987491153311537,0.6368147398252934
proteome,NFX1,9611,0.002356738259614688,0.002129437331193862,2.7970676122268667e-4,6.037990215332548e-6,0.44237638955110503,0.06459215594263784,1.2499323937264191e-5,0.503334444008517
proteome,NFYA,9611,0.00260230272411599,0.0013629784365281061,0.0011957235125780175,2.9513508420076173e-4,0.00933543506381778,0.026382193596521147,5.415441626609081e-4,0.016184742996168074
proteome,NGF,10264,4.926357977450557e-4,1.6827236884897623e-5,4.748894552901728e-4,0.6777905252121015,0.18131444607543043,0.00111668664527986,0.7222682118829648,0.2389459539578373
proteome,NGFR,9919,0.0035308218423046878,0.0023207457583021007,0.0011531537934390546,1.5920701862972343e-6,0.009571757259369752,0.02970930094837197,3.4092462670672643e-6,0.01656497718717453
proteome,NGRN,9903,0.011217767908057952,0.007569843089670569,0.0034965449212838173,4.237458586277215e-18,1.4295306941832584e-7,0.04113708830133544,1.3916956682795842e-17,3.4306389319356846e-7
proteome,NHLRC3,9502,0.04907769990797939,0.007074696516845891,0.04258528270285644,2.190070571602186e-16,2.88564134170462e-89,-0.056552607467811565,6.82470818847888e-16,2.8592303870517304e-88
proteome,NID1,10295,0.04486009924418122,0.03793248237051006,0.006906344700962186,1.5765811873253405e-88,2.230310553620699e-15,0.1706353465563757,1.786180934322469e-87,6.942702607277213e-15
proteome,NID2,10349,0.005187650141564526,0.002440547498381629,0.0028678808780674414,4.97198538917327e-7,1.5885914747565632e-6,-0.08126297830898042,1.0918943119874883e-6,3.6362199535735585e-6
proteome,NINJ1,10125,0.00777894407451063,0.0012481373957069497,0.006528467668373783,3.779001757089264e-4,2.6596035138230878e-14,0.041608424584067896,6.860883314268272e-4,7.940777396225625e-14
proteome,NIT1,9666,0.018338209779291015,0.012659138437881245,0.006097940150623815,1.3432517514377846e-28,9.171484679420084e-13,0.11240669378338317,5.9670590721164815e-28,2.6231164107578185e-12
proteome,NIT2,9874,0.004004011933105844,0.002959869338253429,0.0011600967715997834,6.352487080550603e-8,0.0094982000292984509,0.08479585898190012,1.4748466827997947e-7,0.016447416282961713
proteome,NLGN1,9655,9.600193109646771e-4,8.526277793522441e-4,1.1845155729572898e-4,0.0041182165704583065,0.7666607193579081,-0.04114888279218347,0.0067475039436376855,0.7963572433131363
proteome,NLGN2,9605,4.527991379474905e-4,2.93329332956227e-4,1.4130453770611062e-4,0.09331546026389623,0.7157174663212602,-0.01661376199492441,0.12386970497337359,0.7514519231526737
proteome,NME1,9627,1.4194325448291245e-4,6.071258579720684e-5,8.534295582696139e-5,0.44468482617123783,0.844378419428447,-0.0034204235700797045,0.5008916173019377,0.8660063578910002
proteome,NME3,10341,0.0029076635402801587,0.0025986559508398566,2.4235999327626434e-4,2.1499544141260673e-7,0.47430556453768125,-0.026609144700731936,4.819261313259582e-7,0.5344622841725684
proteome,NMI,9863,8.027642753954956e-4,9.009242707080922e-6,7.861666674567891e-4,0.7656967477656879,0.05139116044265972,-0.004488276869992133,0.8025323971394991,0.07926984800733211
proteome,NMNAT1,10264,0.020120468856136497,0.013307828120617149,0.006704770821121642,9.686818873517038e-32,6.922295926699051e-15,0.17336207489970318,4.552181924001656e-31,2.1143020892101698e-14
proteome,NMRK2,9580,0.0025041951896348502,0.0018362681115463575,7.36257879478952e-4,2.7294534755733418e-5,0.07023893927813499,-0.036486622108072485,5.427766143723431e-5,0.10480266437467513
proteome,NMT1,9908,3.044313355405892e-4,4.3116862593173266e-5,2.5899987288469095e-4,0.5134775389806944,0.4635987680208743,-0.008629757741433588,0.5691675564810655,0.5242163245357894
proteome,NOMO1,10349,0.021097903818591113,0.012798153816295343,0.008337233777510389,8.04361378592723e-31,1.17322522597958e-18,0.06212698267471308,3.714294328003996e-30,3.941767052342887e-18
proteome,NOP56,9611,4.499698837011623e-4,4.018863430332864e-5,4.1548552193859667e-4,0.5343884923680303,0.2623085903272434,0.013610345236342258,0.589934081580642,0.3262672380963968
proteome,NOS1,10131,0.11427602004057447,0.07552382142919878,0.042841264329363415,6.161700146417504e-175,8.778169211215034e-96,0.33720636944086824,1.6373317752707605e-173,9.364448395759688e-95
proteome,NOS2,9611,0.005546248758310557,0.003515615149464968,0.002014240221222985,6.0183146194419215e-9,2.292990977453857e-4,0.04885596149252348,1.4655218025191802e-8,4.6128097915331203e-4
proteome,NOS3,10131,0.03709631625542109,0.026210935571765792,0.010228305473057642,1.9326106194552582e-60,2.0302055694304756e-22,0.1938407247713586,1.4905068181181317e-59,7.344419405254061e-22
proteome,NOTCH1,10431,0.03807342364017541,0.033742439261658874,0.004815315136568521,8.258720700900436e-80,6.801609692890967e-11,-0.06507191793508638,8.353024432087188e-79,1.8357437795309602e-10
proteome,NOTCH2,9921,0.01603085484859912,0.01168907777097361,0.004633311765842141,3.537430939019066e-27,5.526198343541884e-10,-0.05086975449958707,1.5205750933459896e-26,1.456544432657613e-9
proteome,NOTCH3,10431,0.10744926944255717,0.04175198137374048,0.0728650673002803,1.0617697694603692e-98,1.1454864397979328e-170,-0.16182077055685962,1.3793569049478485e-97,2.5755822027148905e-169
proteome,NPC2,9787,0.1051738928014081,0.009440378971151686,0.09671804604445788,5.845161232618964e-22,2.1002972838167592e-215,0.06545964545749752,2.1764848768083097e-21,6.976328364314076e-214
proteome,NPDC1,10283,0.09338740696099068,0.001006200992414552,0.09222359004005021,0.0012972484369726427,2.781582479969522e-215,0.02151374043612102,0.0022557151584003776,9.13546695387743e-214
proteome,NPHS1,9627,0.008131915699320702,2.2167051054022835e-4,0.007985957155175472,0.1441546822819751,1.2517081741507799e-16,0.010099102587098233,0.1840018062490014,4.0205966956513513e-16
proteome,NPHS2,9627,5.415374937928208e-4,3.490774924896911e-5,4.934773127481806e-4,0.5622224434308073,0.19107346111918505,-0.012367457624526589,0.6148059117651514,0.24955662504529844
proteome,NPL,9919,0.17740552616488947,0.10324133180523887,0.09010083101821487,6.447105426279649e-237,1.280957674208114e-202,0.3231365063794055,2.6921270230022025e-235,3.820652328275834e-201
proteome,NPM1,3106,0.02056432552664411,0.01720221731935556,0.003438233801124624,2.2202220942673045e-13,0.013575425690058743,0.17599119171380942,6.312946674653046e-13,0.023097188179302508
proteome,NPPB,10146,0.06370302853795651,0.008360731614518446,0.057109470467293755,2.781936787281584e-20,6.1653819755527e-129,-0.2650305474370485,9.856486338453419e-20,9.010705757270271e-128
proteome,NPPC,10298,0.23711017338679963,0.23314278247269205,0.003064006210491854,0,6.392223853286584e-7,0.5770354934423799,0,1.492369834117946e-6
proteome,NPR1,9611,4.701260636816862e-4,9.504940717508514e-5,3.778943104342236e-4,0.33930897627610457,0.30417400056490457,0.008458962940373311,0.3959281986646921,0.36938122295438974
proteome,NPTN,10125,0.001723590158420274,8.98880045044681e-4,7.559265165264506e-4,0.0025556655131125532,0.05374889803179376,-0.05329514560877794,0.004305596711716423,0.08251472108557414
proteome,NPTX1,10349,0.05874360806026546,0.03741920038401536,0.0228965588678659,8.792970255925744e-88,1.1573601734747716e-51,-0.17856489192906982,9.885327714642673e-87,6.875942656639752e-51
proteome,NPTX2,9921,0.285799595351663,0.2764033224871174,0.014759208386103118,0,9.3477944815994e-32,0.4300771827044436,0,4.059970768159739e-31
proteome,NPTXR,10283,0.013316643307362486,0.013299066673376547,7.631890685011467e-5,8.922155151789148e-32,0.8531769728493539,-0.0914987009675891,4.19959090316903e-31,0.8729080017554914
proteome,NPY,10438,0.038113331282855545,0.017464143967971357,0.021040275074541093,7.158335153379558e-42,7.931126014768132e-48,0.19557420833774855,4.0707808664063127e-41,4.458207950224471e-47
proteome,NRCAM,10283,0.004962699593176634,8.115919221671763e-4,0.004059076528837191,0.0038685178872649587,4.4107743687237284e-9,0.018134713564568573,0.00637052269547914,1.1211037808503877e-8
proteome,NRGN,9904,1.8344154044724892e-4,3.483353417355062e-5,1.4221651805268465e-4,0.5570683036949731,0.7036669927823832,-0.011261767980069268,0.610082672049609,0.740395471527324
proteome,NRN1,9908,3.582315121323232e-4,9.996315654736687e-5,2.643478094529472e-4,0.3197583498867466,0.4542878021204061,-0.00735582662786769,0.3755004717947732,0.5150827174545954
proteome,NRP1,10345,0.030497949185756434,0.01109103102025144,0.019161630863883783,6.709174492522638e-27,4.086773070332404e-43,0.06628781903925927,2.850423988610999e-26,2.1484959864355424e-42
proteome,NRP2,10349,0.0578358949621981,0.02077549269122747,0.03917479316089112,3.7755045742736115e-49,2.777283419598741e-89,-0.09422646499527017,2.388701270693023e-48,2.761224297784735e-88
proteome,NRTN,10167,6.472264725488897e-4,2.2074221958601203e-4,4.3357005362132384e-4,0.1341926096865721,0.2207269264858776,0.016567805688177988,0.17294753003256186,0.2828517343788778
proteome,NRXN3,9655,0.0010176462461881641,1.101131118952381e-6,0.0010168926904925435,0.9178999239555056,0.02017351577615894,6.820109093182138e-4,0.9343860533732047,0.033352481116353264
proteome,NSFL1C,10430,0.020854363867068737,0.02049751291199342,4.4161911128159925e-4,7.103398877127227e-49,0.2031035624657681,0.21420655912384814,4.47483511160407e-48,0.26350275769526865
proteome,NT5C,9919,0.003292578781325828,0.003054623051298888,3.0842109641782134e-4,3.647554334913275e-8,0.3827216116068463,0.08499784001485085,8.556822890009232e-8,0.4476571711591884
proteome,NT5C1A,9903,0.10218313598606199,0.0011663627019012912,0.1010811390194577,6.771965858359292e-4,2.3184105365352626e-228,0.023026180397065683,0.0012062435224853266,8.688094869605861e-227
proteome,NT5C3A,10298,0.0030828714064364826,5.120670097614743e-4,0.0026076773995798996,0.0216735955608268,6.246913013260951e-6,0.0446506074841597,0.0321420191904093,1.3938722700581496e-5
proteome,NT5E,10379,0.008733014170652753,0.0029345032318991437,0.0056857487912233,3.3631543836287404e-8,8.9069078974219e-13,-0.06874235677752007,7.895984147266513e-8,2.5499404293990416e-12
proteome,NTF3,10298,0.005713986683166694,0.003951603142909876,0.0015688440908627754,1.7278685879142019e-10,0.0010506836705990554,-0.04973890401351968,4.4071203162942516e-10,0.002019163950796212
proteome,NTF4,10125,0.0031114237683115276,4.4316456653037406e-5,0.0030708539642254618,0.5030622709744418,7.995192346956696e-7,-0.005899239954672111,0.5588943436177474,1.8503521164017753e-6
proteome,NTPROBNP,10283,0.1543434567573947,0.03429384233543875,0.1304546993302509,5.567288043420924e-80,3.0804666994707e-311,-0.43182047529417744,5.650410746847e-79,2.50116782293133e-309
proteome,NTRK2,10283,0.03841351745556043,0.008219321001159297,0.03063505074648254,3.2628193262613465e-20,5.136457198212793e-69,-0.05214349322095778,1.151838271819072e-19,4.003697170766931e-68
proteome,NTRK3,10430,0.031007636030359498,3.39886057135641e-4,0.03067312435775127,0.059770385399443245,4.284485033011945e-70,0.009537664221649011,0.0822933756583008,3.375619879108872e-69
proteome,NUB1,10298,0.0012060508844717877,8.384330111189664e-4,3.936326215844277e-4,0.0033009277115409793,0.2558341826914546,0.053877694026435594,0.005494653588174421,0.31916488092493456
proteome,NUBP1,9877,4.192101905767798e-4,1.277887860862137e-6,4.169370467947964e-4,0.910573582172848,0.2490970872764911,-0.001995280508282517,0.928359463094257,0.3128967709966409
proteome,NUCB2,10423,0.01704485254566801,0.0040157719155174965,0.012831365006872542,9.515665303555959e-11,5.658541070956169e-29,0.053431980320267046,2.446287571002117e-10,2.3068222524971946e-28
proteome,NUDC,10432,8.529351513694161e-4,1.9880196362453972e-6,8.517977675479571e-4,0.8855221122134103,0.030846923618416098,0.0020235476591800323,0.9082039066665958,0.04965063752017084
proteome,NUDT10,9666,2.7554651323713486e-4,1.4459184942305914e-4,1.229308597913148e-4,0.2372381718627786,0.7559391590627921,-0.006115523887995513,0.28809604335475775,0.7866180711785479
proteome,NUDT15,9611,8.626821627744086e-4,3.700456445132616e-5,8.356709940482432e-4,0.5510419162967811,0.045370674850001,0.0062456736509123555,0.6050696924626188,0.07084320650991074
proteome,NUDT16,9872,0.0014155057413485217,3.8590691842366187e-4,0.0010327428450791487,0.050999628979066784,0.016972596379839694,-0.0357704541860294,0.07112209709246765,0.028446616524238202
proteome,NUDT2,10318,0.0012903923712654919,8.220048759977061e-4,5.017458900646865e-4,0.0035899093545431163,0.15935023977775034,0.03558614755306072,0.005945215321999733,0.21385709406352812
proteome,NUDT5,10349,0.008381135175689836,0.007552310672911622,8.441348400842763e-4,8.356613703510582e-19,0.03301723369977543,0.10052958639888394,2.810860972999014e-18,0.052823959553608975
proteome,NUMB,9627,0.003474798288657044,0.0030247263684411996,5.059313583284375e-4,6.710660111253534e-8,0.1816018773992662,0.09564332237273566,1.5542994853561078e-7,0.23910913857570049
proteome,NUP50,9611,0.0011698190926865415,0.001052457877229962,9.672125053583613e-5,0.0014709075315332508,0.818376639484979,-0.022362619681712523,0.002544060777912244,0.8431846729695429
proteome,NXPE4,9611,6.852245693701464e-4,4.1533385455005956e-4,2.8336604660106346e-4,0.04576242488151029,0.43641015533562477,-0.013780013450192016,0.06452656436500462,0.4973204226300317
proteome,NXPH1,10131,0.006078423733211102,0.002365461956024273,0.0038165890067083375,9.734879228790492e-7,1.9871039439802097e-8,-0.03997917337103771,2.115617248011495e-6,4.934838426724005e-8
proteome,NXPH3,9627,0.04249496853582169,0.029554757300310208,0.013583076449990461,9.798606387742577e-65,2.4461467671211557e-28,-0.10739904271429868,8.022780524193711e-64,9.862188965924328e-28
proteome,OBP2B,10245,0.3241491352570093,0.3049391108750985,0.03817813354638411,0,4.402328998915431e-86,0.943356932630198,0,4.205231262689479e-85
proteome,OCLN,9908,0.07212826595821298,0.013894013489982648,0.05944311189477658,5.524031936183084e-32,3.1898106813668144e-131,0.11041058742518683,2.612741965932549e-31,4.732901838393501e-130
proteome,ODAM,10114,0.014229148862060836,0.008245679463900979,0.005575848251375692,5.767270369682618e-20,3.2428178716693246e-12,-0.10703995524386357,2.0188899749200348e-19,9.184841704350228e-12
proteome,OFD1,9746,8.898291632652988e-4,1.7901725790636647e-7,8.897993826058048e-4,0.9666917391650894,0.03398763729831604,-5.821328990750112e-4,0.9730165129406186,0.05422809160642892
proteome,OGA,9886,0.002279546030355739,0.0018923849670305914,4.464710924680926e-4,1.517500495569637e-5,0.22020245275440853,0.06481457493341507,3.076042960159535e-5,0.28230340763207723
proteome,OGFR,10318,0.04017197518752724,0.02969697251328607,0.010806112959417913,1.3978295157489593e-69,3.962462792412045e-24,0.12806616546839256,1.2196584103087188e-68,1.4964184421473398e-23
proteome,OGN,10349,0.14376482110113242,0.04749785013442698,0.1085284286252608,1.7790141528986134e-111,2.4177592330372327e-257,-0.20552062492819212,2.6262921055164883e-110,1.1778517063613052e-255
proteome,OGT,9746,8.934855869147107e-5,2.7163584706446642e-5,5.867310544893645e-5,0.6069838210409249,0.9029063397093463,-0.006055928521146031,0.6573596550213499,0.9186199898957255
proteome,OLFM4,9334,0.011759558715276563,0.006215765592847422,0.005590029115506212,2.4106267555425248e-14,2.5869653687363744e-11,0.19632557903826128,7.110254295106761e-14,7.093526991385012e-11
proteome,OLR1,10194,0.008715209120544687,0.0033102184540886315,0.005154678528400902,6.164328567795656e-9,2.1669635137184593e-11,0.07401127641815022,1.4965392361849422e-8,5.958640028785566e-11
proteome,OMD,10351,0.050852438480236684,0.029979771772174812,0.022403518514439003,1.8698764350269655e-70,1.520900538122494e-50,-0.17635086222080473,1.6612914345239576e-69,8.909002550966032e-50
proteome,OMG,10318,0.009106107006896402,0.007622504324302337,0.0012128314205980262,6.506410065747126e-19,0.005808910120834899,-0.13379790016532778,2.201184794233663e-18,0.010353319684878298
proteome,OMP,9605,2.458954679608327e-4,8.214499899039662e-5,1.5961923668283973e-4,0.37452884586077895,0.6747791746956887,-0.008936075131323447,0.43219416362063046,0.71463026363605
proteome,OPHN1,9903,0.0010453492543447407,1.5853707330415467e-4,9.041765159670812e-4,0.21031668009822221,0.029908234633573238,0.028760092241443578,0.25895351976710346,0.04820083802388598
proteome,OPLAH,9666,0.008673008761263534,0.008101005048379406,7.711624529780359e-4,7.688255895420543e-19,0.05876639193064085,0.12234390190322486,2.595008312045525e-18,0.08974616698707587
proteome,OPTC,10318,0.0647822444979016,0.04727789785852732,0.02043045354900408,1.2487709050946563e-110,6.905633984334613e-46,-0.2327379710077875,1.8250786777958403e-109,3.772928623590668e-45
proteome,ORM1,9847,0.003772262642026014,0.002028246561014413,0.0017196338123826038,7.82049109044429e-6,7.270869942933508e-4,-0.01928460573565276,1.61094400686178e-5,0.0014159062520449463
proteome,OSBPL2,9903,1.3526109345307624e-4,4.0546194297608196e-6,1.311030020451076e-4,0.8412252959435965,0.729653621501888,-0.001520921890383178,0.870028086239685,0.7632986143217515
proteome,OSCAR,10341,0.019799507573154962,0.0015138305716041467,0.018610765507979132,7.588883281598837e-5,7.621021560128122e-42,-0.02963516752441986,1.4709751878059284e-4,3.935732512412456e-41
proteome,OSM,10258,0.009283636327118816,0.007569281518135407,0.0014152964589212447,1.0843225548163185e-18,0.0022742137142360585,0.14474539526660193,3.634718839137728e-18,0.00423679202467304
proteome,OSMR,10345,0.07782925161983167,0.04916473612870509,0.032165471929867184,2.2507766916337615e-115,5.700758988173824e-73,-0.1044900193389371,3.4265730571070234e-114,4.641592903184426e-72
proteome,OSTN,9655,0.0051582050806000534,5.899322305918941e-4,0.004513771956397905,0.017020770465796843,1.7832909953834143e-9,0.020672983937490945,0.02576473955024556,4.607237608551346e-9
proteome,OTOA,9605,9.557935982822396e-4,6.450958374760729e-4,2.900411440902584e-4,0.012814098765603608,0.4259844222053878,-0.02755926685072513,0.019734252208566568,0.48784127858190235
proteome,OTUD6B,9886,6.090046651524572e-4,2.557522224995168e-4,3.708665732115035e-4,0.11189273072261219,0.2999356021411381,0.01960695411539789,0.14653335658700511,0.3652965687743945
proteome,OTUD7B,9908,0.001207944265302241,1.0022237670881395e-6,0.0012074471411427368,0.9206444951533426,0.007503403596595768,0.0013375251761567138,0.9356063822862195,0.013180558120702781
proteome,OXCT1,9666,0.0014553715657873445,2.46798765765055e-5,0.0014306106538509722,0.6253475141228484,0.0031433626102413343,-0.0070700234635505165,0.67449844419966265,0.005776842416656127
proteome,OXT,10430,0.033890156169799734,0.029987651659185377,0.0038329238815947297,5.364957632505844e-71,1.0464774550110084e-8,0.5891868026566196,4.7956486727261724e-70,2.623373585760873e-8
proteome,P4HB,10293,0.008261517506770621,9.003651382163413e-4,0.007365996809274078,0.002333604876924124,2.141463239537735e-16,0.02635851235946924,0.003947411490306258,6.803801140400869e-16
proteome,PACS2,9611,8.695045128759293e-4,8.280963446970491e-4,3.318418467912476e-5,0.004788653715631066,0.9564568692602597,0.037423062164782056,0.007797902401554098,0.9633781629385731
proteome,PADI2,10167,0.004776271015393685,0.004356348324260351,4.061409177170683e-4,2.7269184297374342e-11,0.24794478472305442,0.08232082249665165,7.14227828864025e-11,0.31198562451377015
proteome,PADI4,10114,0.008629025497903231,0.0074162683855301115,0.0011015945594851084,4.154193618442341e-18,0.010978702251475493,0.12675261380436972,1.3658839085159688e-17,0.018832597817525155
proteome,PAEP,10264,0.16601944898444476,0.009992702567891643,0.1593986743014284,3.3081892433767517e-24,0,-0.28948456745752593,1.3102760377222555e-23,0
proteome,PAFAH1B3,9908,0.0010875597652204583,4.612428917016853e-5,0.00103078617234853,0.4991438314702854,0.016834621910901182,-0.014177939079439022,0.5549628829926375,0.028231554701987464
proteome,PAFAH2,9746,6.241389855647927e-4,1.2197634595756401e-4,5.133392305647355e-4,0.27569635986528473,0.17165235844299423,0.011269577852280927,0.32959528011706635,0.2276549325972624
proteome,PAG1,10146,0.0015208262726892352,6.467882006048198e-4,8.874205960868187e-4,0.010424493420617296,0.029240783308213225,0.030672351218205482,0.016303260710788848,0.047169320976770006
proteome,PAGR1,9666,0.0010439651688088913,9.963720122957431e-4,3.3539329400644746e-5,0.0019139851980983535,0.9554444855858135,0.027342178451274426,0.0032602440175066943,0.9626901866140409
proteome,PAIP2B,9568,5.643985002243834e-4,3.1321229078717927e-4,2.417176810328714e-4,0.08349295470136889,0.5102361455337947,-0.017139171597208635,0.11191505349366432,0.5670799442567612
proteome,PAK4,10131,0.0031794914522353945,0.002932361124829086,3.225419506067695e-4,4.952623799025095e-8,0.3522975951534484,0.07382200122755447,1.1562715147404436e-7,0.41843391736429486
proteome,PALLD,9627,5.333059954758523e-4,3.0678618007573544e-4,2.195587101319063e-4,0.08576094440359916,0.5493002301450358,-0.014646295959349964,0.11462242363590322,0.6033839055670573
proteome,PALM,9840,0.06466426534892922,0.013089547143775526,0.053323104269709876,5.065731368696227e-30,1.7172878929465245e-116,-0.07497439580321875,2.3100051155536772e-29,2.173001087048784e-115
proteome,PALM2,9903,0.06757881232267615,2.1972588529206583e-5,0.0675445364352627,0.6409697812299127,1.010655176634638e-149,0.003896973151253781,0.6891112445816062,1.83487272130624e-148
proteome,PALM3,9611,0.0021865428010352517,3.6099863059524395e-5,0.0021659807604982317,0.5559509802682528,1.1418683369517345e-4,0.007025361665034177,0.60954415428511,2.3537948863962765e-4
proteome,PAM,10375,0.024916734045811184,6.68862207709009e-4,0.02434677693609688,0.008437929560837096,3.997903030452041e-55,-0.01617947572962121,0.013347223358334732,2.502327742614843e-54
proteome,PAMR1,10349,0.03772532936062922,1.5505756528777503e-4,0.037596516686906334,0.20534259971133498,1.3222917660273922e-85,0.008165138771524864,0.2537912976559121,1.254889231200671e-84
proteome,PAPPA,10167,0.08775290735060848,0.08142812853645032,0.005923352322942166,1.0482091131776023e-189,4.887815291560382e-13,0.31147488856105837,3.0948638765839715e-188,1.413163610012957e-12
proteome,PARD3,9746,2.76089777192845e-4,6.562033442969462e-5,2.009891198810898e-4,0.42400214489945687,0.5811418174978362,-0.011914303842553289,0.48242828709268687,0.6335984828594462
proteome,PARK7,10349,0.011396472055317464,0.011101015297359296,4.0279295948264515e-4,6.2234179824072434e-27,0.24393280492692726,0.1252149348603891,2.6556278485512955e-26,0.30839774602137043
proteome,PARP1,10298,0.01946327830821737,0.014732221153130332,0.004717394496178029,4.323656616402993e-35,1.530928682767223e-10,0.13269322076760048,2.1752234577875983e-34,4.0904063434447834e-10
proteome,PAXX,9676,0.013890724959687906,0.010900940778936774,0.003029440997373012,7.387158111565988e-25,1.8962732093099468e-6,0.09655665527085808,2.961956537737638e-24,4.313468164056789e-6
proteome,PBK,9580,4.115949871700275e-4,7.690474952648518e-5,3.3829384103112314e-4,0.39083170402090783,0.3560981608779477,0.005404781786366117,0.44888057793835506,0.4220903991266185
proteome,PBLD,10131,0.017860350233584232,0.016349593819357522,0.0020687673931815143,3.489484312571483e-38,1.067425211821224e-4,0.14899430964325358,1.8511365963060698e-37,2.203449077791976e-4
proteome,PBXIP1,9886,0.03526108643079384,0.033234812375013245,0.0020615371759713508,1.3209322714689474e-74,1.4076536085253736e-4,0.1140369100790089,1.2415064403548982e-73,2.873304118519321e-4
proteome,PCARE,9605,0.0011286286017608838,3.564163948063248e-4,8.113621645999824e-4,0.06433189730484015,0.05049726182768281,-0.03238324094431931,0.08782911528353468,0.07809708800122585
proteome,PCBD1,9674,0.04340892054520917,0.035067732824032194,0.009340616914310873,4.847065044997109e-77,1.5165078797086942e-19,0.19244457396520784,4.738451881781454e-76,5.178449220080038e-19
proteome,PCBP2,9908,0.0032071728204206007,0.0025728236234091595,6.758229485049894e-4,4.400464738856598e-7,0.08227140824161742,0.07668459094487437,9.685661469636924e-7,0.12066198007538773
proteome,PCDH1,10406,0.0471871967891464,0.01961609868605385,0.028047487197075394,1.0018714096969478e-46,7.655292491262826e-64,0.06536670641934787,6.100979438633705e-46,5.52504196344722e-63
proteome,PCDH12,9908,0.0034192569197359912,0.0012647382852349898,0.0021673730077294007,4.0004192514279507e-4,8.336102293293613e-5,-0.018667773122208596,7.258364662895034e-4,1.734265267138593e-4
proteome,PCDH17,10283,0.016259541012246137,0.010467438108648253,0.0053584628859312255,2.496782424683431e-25,6.147536897655022e-12,0.08239251970206565,1.0122184503952385e-24,1.732811027178942e-11
proteome,PCDH7,9886,0.024928190583825227,0.008021454098085967,0.017455275048821717,4.641304057378068e-19,1.735672911164837e-37,-0.06372846879235392,1.5738435916143957e-18,8.358108598574659e-37
proteome,PCDH9,9886,0.025043344627698527,0.0033873361400339475,0.021836377392291273,7.033982069349184e-9,5.000026702937375e-47,-0.04157603713058361,1.7034241581365093e-8,2.7838243909877996e-46
proteome,PCDHB15,9877,0.005961405274737985,5.796306753754754e-4,0.005487114188747921,0.01673949071511843,9.585554968218918e-12,-0.01952634270968855,0.02535208878771563,2.6690949117186466e-11
proteome,PCNA,9580,0.0015944008084746164,6.796673968068045e-5,0.0015442389531542533,0.41983763833296206,0.001997395848961245,0.01048771871663662,0.4786214574287239,0.0037425564528934096
proteome,PCOLCE,4129,0.10147025745803573,0.018722714121784056,0.08499648871895726,1.0648755476450182e-18,4.258337125779206e-79,0.14038285254899494,3.573629421086554e-18,3.693507245890985e-78
proteome,PCSK7,9877,0.0014688736821193427,6.682851990080785e-5,0.0014133242026779236,0.4166588890647984,0.0029560723641186056,0.0077561485309009,0.47522981413434306,0.005444612174113852
proteome,PCSK9,10431,0.046928304217853656,0.016233643393095742,0.03128560303343697,5.382630579991056e-39,1.5792581299145832e-71,-0.1153808153827067,2.908212418727145e-38,1.2647045243124182e-70
proteome,PCYT2,9886,0.0010307898932614412,8.426092265717555e-4,1.9851688930594413e-4,0.0039019062784812347,0.5803647429146279,0.04660846645841336,0.006418273523917079,0.6332236444716154
proteome,PDAP1,9919,3.338305558565624e-4,1.3577682721688245e-4,2.0890030020237482e-4,0.24595845353432885,0.55772885436683906,0.024006563593295817,0.2974499626317101,0.6114934138463131
proteome,PDCD1,10396,0.02710508590199212,0.009015739835705583,0.019199866726082093,2.995412910126115e-22,2.0447497556834694e-43,-0.08796045739867055,1.1239527517713266e-21,1.080796299432691e-42
proteome,PDCD1LG2,10318,0.014477481898792943,9.484620389499376e-5,0.01441921323314177,0.322656496187152,2.9171690788835386e-32,-0.006717756909068738,0.3785518419685928,1.2745717814015819e-31
proteome,PDCD5,10430,0.008256193072673557,0.007656800964453203,5.13536813944615e-4,3.5137388773680254e-19,0.1475570078241871,0.1160431697272878,1.1984432600404594e-18,0.20098282100191
proteome,PDCD6,10283,0.0027873092676226063,0.002754378431053639,7.009463135998484e-5,1.0139429294490877e-7,0.8683735485635715,-0.0826032712388738,2.3208732833043722e-7,0.8862625287888686
proteome,PDCL2,9580,6.165906186185177e-4,1.96558474197972e-4,4.0760205040724085e-4,0.1700917919192463,0.2720423394906749,-0.015543281610495388,0.2143934056834657,0.3363704561468878
proteome,PDE1C,9580,1.1533447108913464e-4,5.30594465364409e-5,6.675261842292723e-5,0.4759924006144589,0.8874001074439926,-0.008205637898004133,0.533279335759319,0.9037876355605541
proteome,PDE4D,9611,0.0020157320186321437,6.586771349903486e-6,0.0020081493957377905,0.8014011442971157,2.3579501873175642e-4,-0.0032382490473042186,0.8336283077510568,4.7402258579981024e-4
proteome,PDE5A,9676,4.441461155683113e-4,2.8971077475925533e-4,1.6096922536756875e-4,0.094143633985476,0.6691924953531829,0.036816972496048,0.12485564525387764,0.7092275793754002
proteome,PDGFA,10431,0.002148311708697226,2.6955807861095415e-4,0.0019072065008318706,0.09364004292779322,1.776580522622955e-4,-0.026553673746796187,0.12424414229593263,3.6037091378396234e-4
proteome,PDGFB,10351,0.0026718412136910175,1.0970835021328895e-4,0.002549850830057321,0.2867007220139567,7.804853848547488e-6,0.02009302491538326,0.341911958566624,1.7309247192188397e-5
proteome,PDGFC,10125,0.001690717854795687,3.236085752567064e-5,0.0016557404314984092,0.5671461465823375,7.877365027828829e-4,0.003609534394436825,0.6188011147667685,0.0015299360781623698
proteome,PDGFRA,10283,0.039073403062773515,8.045343412236283e-4,0.038221803359266504,0.004026269050183595,1.6679884946415476e-86,0.01762069505768415,0.0066005521220901,1.6037928848148828e-85
proteome,PDGFRB,10431,0.008585164255428879,1.8724260198299536e-4,0.008375381429888362,0.16234131356966003,6.852644044501983e-19,0.010754503513121367,0.2054214976468036,2.3210056248064074e-18
proteome,PDIA2,9580,7.507366491850131e-4,6.441376785526476e-5,6.953601773804774e-4,0.43225776858257325,0.08353445949501233,-0.006453754574513873,0.48972459595614787,0.12239159153078749
proteome,PDIA3,9676,0.011359086018114972,6.365638816038244e-4,0.010726323661734538,0.013083004960116808,1.848105749944208e-22,-0.01302090542854131,0.020137769088162946,6.693944370615762e-22
proteome,PDIA4,9921,4.013751142946109e-4,6.886012450246781e-7,4.012914957930436e-4,0.9341452116964639,0.26360949754405216,0.0010574297358079694,0.9471059499787596,0.32751624416253344
proteome,PDIA5,9580,2.6880333014900337e-4,5.7583986775577856e-5,2.0596857771582044e-4,0.45776507678380896,0.5781433589147382,0.009706661673946841,0.5146335843996437,0.6312712133387298
proteome,PDLIM5,9908,5.099030416824135e-4,2.125285898824103e-6,5.05978307445587e-4,0.88465462158227,0.17090420692365804,-0.003623794618842457,0.9079513549455672,0.2269663774819866
proteome,PDLIM7,10351,0.0013769336265624377,3.4691686060539517e-4,0.0010239668871838692,0.05814044922330936,0.01409829986280483,-0.05335273694633331,0.08023821203009124,0.0239310862363406
proteome,PDP1,10125,0.0010167868094917987,1.6479372833000383e-7,0.0010163940908808344,0.9674261379372235,0.01624297416569707,4.238929540586338e-4,0.9734205167609309,0.02733345623853341
proteome,PDRG1,9655,2.2516549849971312e-5,5.642157980711993e-6,1.6965809223279393e-5,0.8155030546877687,0.9832205063513542,-0.0024586550551387552,0.8461893606149621,0.9860186273755618
proteome,PDXDC1,9580,0.0013115759441536534,8.28101323621433e-4,4.7550454338651793e-4,0.004856967168827096,0.20749973197550917,-0.035570790819283556,0.00790474111051314,0.2684912423923919
proteome,PDZD2,9611,0.0013814579279417538,9.531177799074753e-4,4.7093888679117235e-4,0.0024742494171653908,0.21005878755130294,-0.038802778504894185,0.004178065306975411,0.2716822283240967
proteome,PDZK1,9627,0.02104142470703585,0.018406928814732715,0.002999950498039028,9.074061106154061e-41,2.3386319540562053e-6,0.1228632147521366,5.052091545388252e-40,5.282705720020315e-6
proteome,PEAR1,10431,6.463191071141017e-4,2.0694397044662693e-4,4.1709874632600563e-4,0.14185525814919608,0.22608667836200821,-0.007286638589023104,0.18155116761371343,0.289086334580993
proteome,PEBP1,10349,0.015091411628867846,0.014608675907855084,5.289090870204127e-4,5.67370059306189e-35,0.1402777384356988,0.1569882214681998,2.8446358205008415e-34,0.1922324563748465
proteome,PECAM1,10349,0.004134932931203483,4.804947252979863e-4,0.0036433719425155164,0.025772885478411767,3.180842569976197e-8,0.014997522746793623,0.03776740302371572,7.83285832522361e-8
proteome,PECR,9666,7.351353091636925e-4,4.399199819349331e-4,3.202908931516646e-4,0.039232259539762025,0.3772107774979001,0.012097770578838221,0.055857717795774184,0.44209587114128385
proteome,PENK,9676,0.04833646996939023,1.9515385976809352e-4,0.048250211354671446,0.16949325479610558,2.4226372096855725e-103,-0.00854113355601244,0.21373114053883374,2.7879403794924916e-102
proteome,PEPD,9904,0.009034116123596947,2.4246438016273242e-4,0.008837188992949718,0.12131007023176585,6.272424482179014e-19,0.008593213625066046,0.15759526012775626,2.1269485802098904e-18
proteome,PER3,9627,0.025091168092186256,0.024330766305388662,0.0010201542704033617,1.779449073796042e-53,0.020146518913224793,0.3878156361178584,1.2068050215094735e-52,0.033326697670263764
proteome,PF4,9854,0.0019759717987967163,2.1596555643099702e-4,0.0017732573195063939,0.14470804007213067,5.62634886991766e-4,-0.029597282742339137,0.18454694639216318,0.001104487424228967
proteome,PFDN2,10131,5.043174143420925e-4,2.4501234505325264e-4,2.670710242991259e-4,0.11521604168433976,0.4394027106737456,0.018985952100564262,0.150548274404705,0.5003405232954259
proteome,PFDN4,9580,8.929169576902263e-4,1.9953424312824097e-5,8.739233608484609e-4,0.6620474901114699,0.038919351822731214,-0.004604119773135482,0.7075556905286385,0.061459354607154695
proteome,PFDN6,9655,0.0011237289020914476,7.93200471900013e-4,3.1745174356689887e-4,0.005655167457958116,0.3818542978611803,-0.03770388541966222,0.009142729247572772,0.4470004455940048
proteome,PFKFB2,10300,0.011035644284750568,0.010659743304203162,5.323241060819495e-4,8.313929222973812e-26,0.1397190662622684,0.173740182705465,3.427590284732363e-25,0.19155667480516442
proteome,PGA4,9904,0.03626310003794775,0.014868188202745602,0.02184502292312629,4.124756598602962e-34,3.927840269526685e-47,0.17843565864443717,2.016164471190043e-33,2.1910452495852097e-46
proteome,PGD,9919,0.009777662576972324,0.003660326355807153,0.00615461764227665,1.6460712454000158e-9,3.2435217260774583e-13,0.06743825129974153,4.084436545249785e-9,9.44304183797252e-13
proteome,PGF,10432,0.19774192747747554,0.09492164011903537,0.11962992829251629,3.8652428422742156e-228,9.176211465548734e-288,0.18208898791444494,1.5476855928722647e-226,5.7068225774040315e-286
proteome,PGLYRP1,10379,0.015358307860349751,0.004596383184231945,0.010396901902010036,4.742851663826062e-12,2.3920703088735196e-23,0.06535777678774884,1.2836440197558868e-11,8.861877709552975e-23
proteome,PGLYRP2,9806,0.006860615783227053,5.265689496336545e-5,0.006803833133564474,0.4725197274124425,1.952098245309804e-14,-0.004523025276110332,0.5297948458866779,5.840310308127489e-14
proteome,PGLYRP4,9611,0.011014519842851733,0.010153499828865487,8.298667276886995e-4,4.125172033091415e-23,0.04652234909987528,0.1260059207968683,1.599188044128144e-22,0.07244796292964062
proteome,PGM2,9655,3.36231492585215e-4,1.556706449368228e-4,1.9238249384390116e-4,0.22032382476732226,0.6026606327983149,0.015418690900746247,0.2695715947236848,0.6501565292353852
proteome,PGR,9627,9.82447037310763e-4,1.8056676984790077e-4,7.924937706355051e-4,0.18745843805056117,0.05433989940027225,-0.026902772384538764,0.2336635455956462,0.08337822884356734
proteome,PHACTR2,9908,4.133205988622324e-4,2.1056791874407566e-4,2.146883815176137e-4,0.14871634301693312,0.5465914308108131,0.03462814052165202,0.18941083687951873,0.6010860617983471
proteome,PHLDB1,9886,0.022729513547645852,0.002183503415261412,0.020769897656733538,3.362559375022696e-6,1.0623870143744302e-44,-0.05387557019165135,7.09657837775548e-6,5.708377284956727e-44
proteome,PHLDB2,9580,6.330480139198347e-4,1.0864159559975661e-5,6.182930343784365e-4,0.747058424148605,0.11545250607100344,-0.006365374328199607,0.7857689002469854,0.1627134403305415
proteome,PHOSPHO1,10264,0.09113117193637943,0.03223975917511879,0.0611771221429559,4.3323672084869376e-75,4.6705990000088725e-140,0.12097153073834115,4.111529009872506e-74,7.756909589219282e-139
proteome,PHYKPL,9676,0.012748195983748878,0.007456019032294758,0.00552395580739562,1.780821507652871e-17,1.383776682950264e-11,0.07462106704062521,5.745409786831503e-17,3.830283375249642e-11
proteome,PI16,9904,0.059098351365713064,0.034805991153392446,0.026048597634366844,3.034923397455585e-78,2.369163020338169e-56,-0.09668439530361411,3.007146132461924e-77,1.525344385120808e-55
proteome,PI3,10088,0.10195770336662635,0.09515010658949818,0.007012650054158631,3.098456827292631e-221,2.6572120001320463e-15,0.4022354834657372,1.1320986632720451e-219,8.254017721982966e-15
proteome,PIBF1,9908,9.237560847290549e-4,5.899815562689925e-4,3.365810146167547e-4,0.015630107669226564,0.3429534131149681,0.039398644271248416,0.023782823902732557,0.40908749270590383
proteome,PIGR,10232,0.013189644936016265,6.8122519284452565e-6,0.013165933106336403,0.7918240971532374,3.444266328767891e-29,0.002237867961322863,0.8248402836703183,1.4120042747529518e-28
proteome,PIK3AP1,10298,7.043552064306402e-4,3.3409925039407096e-4,3.9146225333563933e-4,0.06366300285180784,0.25821021318288334,0.024758560948983776,0.0870785949161602,0.3215800822895475
proteome,PIK3IP1,10349,0.1308243948799146,0.0037757761573812276,0.12714116011261456,3.967768106789832e-10,1.0572806017226605e-304,0.035237884811117594,9.989479910548388e-10,8.132713681145622e-303
proteome,PIKFYVE,9627,0.003328347116910546,0.0016194823999373664,0.0017690240629394394,7.848333463893824e-5,6.942992426860022e-4,0.04525298002728663,1.5142362188093496e-4,0.001352957790914123
proteome,PILRA,10349,0.05766543866713614,0.003485863358661856,0.05397672999246739,1.8562638368629288e-9,4.368795916924766e-124,0.05538116545864927,4.5787841309285576e-9,5.9395304489167864e-123
proteome,PILRB,10283,0.03609372001250499,0.0028814211990618732,0.033048358089257546,5.157795070715627e-8,1.4580376226076641e-74,0.06942659406039782,1.201293624836795e-7,1.2176697059663437e-73
proteome,PINLYP,9676,0.018898650085692137,1.8998135298264884e-7,0.01889497111457661,0.9658109471679467,9.451576946242155e-40,-6.123808722978228e-4,0.9724648289948014,4.7550704671025506e-39
proteome,PITHD1,9568,0.0024046430638313687,0.0021922703111189046,1.960913193085334e-4,4.6250751898245295e-6,0.5986439891032853,-0.07646388885327078,9.670311001328398e-6,0.6473682501475778
proteome,PKD1,9919,0.14862133467233873,0.024327974110174178,0.13034786063374715,4.877677641196694e-55,6.222001277365334e-300,-0.08647106513723048,3.4272720541389266e-54,4.546727433434718e-298
proteome,PKD2,9611,0.00711420073626956,4.98730742573783e-4,0.006652552282289448,0.028596306088053094,7.732266757442428e-14,-0.027212654753192657,0.041502980484299505,2.287138802282333e-13
proteome,PKLR,10322,0.007129672595508785,0.006904467430116856,1.7558059925681935e-4,2.805117147452703e-17,0.6123896212080683,0.11978947183831996,8.980676256302576e-17,0.658577948046793
proteome,PKN3,9746,2.609137934299621e-4,1.1227378810430011e-5,2.4535968180783296e-4,0.7408729213489609,0.49541210147682146,-0.005253920404409792,0.7812307175696295,0.5535510598687879
proteome,PLA2G10,10264,0.0442057683156899,0.02341036088984627,0.02258240668318212,8.673723825934806e-55,1.5935637785463245e-50,-0.20875291093553527,6.05090566663662e-54,9.315973849381814e-50
proteome,PLA2G15,10379,0.01548819916829769,0.001567067923889054,0.013758597719608967,5.496356782098621e-5,5.932210119286053e-31,0.023736357929643962,1.0753581575685588e-4,2.531364989587319e-30
proteome,PLA2G1B,10410,0.02900474453300883,0.027725738886610674,9.172223537378121e-4,1.3854469811621162e-65,0.022820576227237058,-0.16734936820001403,1.157046150267676e-64,0.03736949261188455
proteome,PLA2G2A,10325,0.06481902189095112,0.04872241458572957,0.01816259611405302,4.129415922120884e-114,9.222599626825566e-41,-0.2897179994107641,6.221795226989352e-113,4.704652479792519e-40
proteome,PLA2G4A,10351,4.096575354923804e-4,7.687798058153561e-6,3.995357229655827e-4,0.7779293435232313,0.24728948187384026,-0.005491219344157618,0.8138466253108106,0.3115090183434342
proteome,PLA2G7,10349,0.05987520674155178,0.0584075272727953,0.0022842919630947645,2.1379576225740382e-137,2.9458141331575466e-5,0.18202750855506805,3.905781331739946e-136,6.331334346484933e-5
proteome,PLAT,10390,0.12340062801579132,0.04767920669720238,0.0823344305664988,2.431333003100259e-112,4.0492246084498714e-193,0.2735348211444974,3.6259114122765596e-111,1.1165927858961297e-191
proteome,PLAU,10349,0.0509299025395934,0.021887460387913227,0.03074437502487548,1.0319133151755037e-51,1.0317135731425025e-69,-0.09277020819181266,6.793429324905399e-51,8.08498330910331e-69
proteome,PLAUR,10222,0.07599955844944906,0.010650945612215579,0.06776168991208287,1.326943413453372e-25,4.478306554466688e-155,-0.06646575830287893,5.439909673946994e-25,8.844655445071709e-154
proteome,PLB1,9903,0.10315069167620716,0.07594451859882945,0.03231115912940874,5.0467572511781335e-172,3.646473288939414e-70,0.35812515736845896,1.3171135218922931e-170,2.8807138982621374e-69
proteome,PLCB1,9627,0.0014864048983271871,5.712901995769126e-4,9.114494046282839e-4,0.01903563001913298,0.0324454069816973,-0.021010058373290792,0.028504685730494726,0.05199447621025286
proteome,PLCB2,9903,0.00229690822091555,0.001998054320817011,3.6149634058613156e-4,8.618418746817253e-6,0.3106699824831329,0.09112456339427695,1.774059013869495e-5,0.37539824671277283
proteome,PLEKHO1,9903,0.001384901782307324,3.7544379978127207e-4,0.0010332791241863815,0.05387226539233123,0.0166843891210602,0.02838972283741668,0.07491371633767088,0.028011757266432492
proteome,PLG,9701,0.012988355571200927,0.008455979870220953,0.004119247279498084,1.1495398549904775e-19,1.052703093281888e-8,-0.04204423638196588,4.000124995401388e-19,2.6367190588371536e-8
proteome,PLIN1,10131,0.03778256860248874,0.01688778750331199,0.02190220938160481,2.149872353883352e-39,2.4116294923707255e-48,-0.10825174599464013,1.170219160223657e-38,1.3741116971149377e-47
proteome,PLIN3,10283,0.0050774273986717855,0.00266871850705952,0.0023275352506003655,1.6001145330135507e-7,2.556974697986895e-5,0.04772763603280639,3.6116870888020146e-7,5.519968273423703e-5
proteome,PLPBP,10283,0.0018540396320638752,0.0016564882612590814,2.2969727855026711e-4,3.662617315064146e-5,0.5008953326511234,0.06124822885944294,7.228784883141458e-5,0.557971439534769
proteome,PLSCR3,9872,0.0014105845403854511,3.6992701080595936e-5,0.0013752072890689249,0.5457450122081617,0.003537669190077586,0.007568029405876997,0.5994786436243731,0.006450784181283084
proteome,PLTP,10412,0.052214503151808755,0.045771591428637404,0.0073811748779033515,4.820193051606946e-108,1.2822716760260732e-16,-0.1826005830296546,6.872889897486392e-107,4.1142481987093433e-16
proteome,PLXDC1,10125,0.0026283631120667117,2.555183372254799e-5,0.0026102363010842566,0.6111007844891356,7.671562699035225e-6,0.0034659113523788755,0.6608389171519583,1.702655867067575e-5
proteome,PLXDC2,9903,0.015501588625460472,0.0011069638232023005,0.014455318046175947,9.29871905696503e-4,4.862088737106904e-31,-0.01844539954102517,0.0016383457386081244,2.083854161079689e-30
proteome,PLXNA4,10298,0.0015031909954009715,8.904043820905372e-4,6.59638303784571e-4,0.0024620692687143783,0.0788234654476742,0.05465861113772449,0.004159900851128397,0.11630539601390796
proteome,PLXNB2,10372,0.0518033152639239,3.338943506192571e-5,0.051790009965202,0.5563078649064639,3.56696990491928e-119,-0.003101220933465365,0.609587867238565,4.654577246463864e-118
proteome,PLXNB3,10261,0.0024491265034308762,0.0017703084000574298,7.493915060805545e-4,2.0187871159324157e-5,0.05289565180733182,0.044097027286196175,4.072404927446826e-5,0.0813658274555058
proteome,PM20D1,10208,0.017321374670377643,0.014600157094844746,0.0028309203212704137,1.685278003330912e-34,2.3207690705651947e-6,0.5090134337880777,8.377665992748735e-34,5.2504705830201734e-6
proteome,PMCH,9611,0.0014269759465893594,6.848954444671485e-4,7.296046417752944e-4,0.010307197856873326,0.07153196921385116,-0.04471834370707369,0.016142893409390412,0.10662312392253286
proteome,PMM2,9611,0.0033532131847056057,0.0013842898273407345,0.0019768537418731746,2.6455704699591325e-4,2.721727698015952e-4,-0.046335581680050815,4.8819460124308994e-4,5.464017899244937e-4
proteome,PMS1,9655,0.001711149675538426,1.0791036180179958e-6,0.0017109974086140234,0.9187223802239447,8.844029638240205e-4,-0.0010637159771611437,0.9343860533732047,0.001711993286925571
proteome,PMVK,10115,0.0012568080870254406,8.642441061778028e-4,4.1010050766887574e-4,0.0031115884495193213,0.24600451857184194,0.07135092149233017,0.005188347426095251,0.3105895193013342
proteome,PNLIP,9904,0.0033265826314923252,4.762766164742027e-4,0.002802573182888457,0.029891051895049887,4.033542879607752e-6,-0.028582798117087166,0.04321045731415965,9.048385139749393e-6
proteome,PNLIPRP1,9903,0.00497480491868485,0.0012957102049836466,0.003752699474130483,3.406307653849674e-4,4.141824035311964e-8,0.05866417886102216,6.211252197256767e-4,1.0165030776840362e-7
proteome,PNLIPRP2,10330,7.7235674064835e-4,5.917903224306187e-5,6.987840136094547e-4,0.4344070289073858,0.06526992737306105,-0.05110806846004095,0.4913977343251892,0.09839298489502704
proteome,PNMA1,9666,0.0028964165901197436,0.0026306882154857325,3.381347818932623e-4,4.54645161404533e-7,0.3521999310944531,0.05954674997352019,9.999456785443566e-7,0.41843391736429486
proteome,PNMA2,9605,0.0013653024353355026,5.61006149798926e-4,8.309991822706975e-4,0.020288602621233946,0.046399257062827104,-0.02089329573328824,0.030241502020329842,0.07229479125514053
proteome,PNPT1,10167,0.009877952092570141,5.597294707528899e-4,0.009268495107663699,0.0170688231764805,2.2169999161445446e-20,-0.062497986293854085,0.025824104629840843,7.696307309846204e-20
proteome,PODXL,10318,3.9943124180286116e-4,2.1715767910657213e-5,3.804911703355618e-4,0.6360493563432308,0.2696838869865149,-0.00157645188275908,0.6847779994811284,0.33359543024188876
proteome,PODXL2,10379,0.013638361157587875,2.690544609740275e-4,0.013397500837120546,0.09477068791456025,3.90981581482551e-30,-0.010208305265817197,0.12563025885453952,1.6396544658156334e-29
proteome,POF1B,9627,0.026713744766272973,0.003402714567833809,0.023691429129976682,1.0240546345901243e-8,9.689412648552216e-50,-0.05265881377254063,2.4595823310656808e-8,5.619474835658359e-49
proteome,POLR2A,9627,2.1304386460463398e-4,2.404497490005042e-8,2.1296595379560745e-4,0.9878645223475739,0.5622000740967035,-9.072775933233883e-5,0.9902359392393548,0.6161645356522926
proteome,POLR2F,10318,0.040215434329244015,0.006654631937231925,0.03352919856315961,1.0596203756983057e-16,6.285084027918329e-76,0.05490253221440303,3.337575816989383e-16,5.340494364420139e-75
proteome,POMC,9666,0.07783957749947434,0.07380473523494424,0.004102958253119571,4.280669515418124e-163,1.2201747146414564e-8,0.4132162260640701,9.930473804418394e-162,3.045747814600322e-8
proteome,PON1,9904,0.0259064910255693,0.019650906570488735,0.0055576027634636205,1.2425406737231338e-44,6.313152739061749e-12,-0.07862271627653254,7.322472559057904e-44,1.7777789456914733e-11
proteome,PON2,10146,0.00292119187445139,0.0027167026179276688,2.832593462528399e-4,1.5024596510066408e-7,0.411610251250073,0.040764338789088514,3.4017734778407524e-7,0.4747974603014851
proteome,PON3,10351,0.04350634631659023,0.036226404089792275,0.006812519130448558,5.20858965230796e-85,2.9825862345541608e-15,-0.13417389138823324,5.766934679430367e-84,9.22550218370562e-15
proteome,POSTN,9921,0.010229136691693785,0.004345561994144154,0.006243141453444845,4.986941440359206e-11,2.0872840540301027e-13,-0.05207299588721063,1.2984212234433596e-10,6.119489759207613e-13
proteome,PPBP,9854,0.0033957629791903088,0.001822105666880236,0.0016493386281334343,2.254329925917156e-5,0.0010036275704504423,-0.07397476193621641,4.5256911905603345e-5,0.0019338189772093888
proteome,PPCDC,10430,0.005688633691822376,0.005031606144006329,7.073389968669241e-4,4.1215368335570676e-13,0.060805273646414734,0.0766965016328626,1.160621595808026e-12,0.09237724265513007
proteome,PPIB,10352,3.6236213343099344e-4,2.1719407270470725e-6,3.590531573133271e-4,0.8808382507290597,0.2938127232730243,-0.00310479687146974,0.9046697845681805,0.3593366485887239
proteome,PPIE,9746,0.0016730295509075344,9.382587705275558e-4,7.886871522269079e-4,0.0024961686073164185,0.05296642733356131,-0.03978717108383212,0.004212644826319799,0.081398983751840015
proteome,PPIF,9921,3.9345119718825483e-4,1.0519584178514396e-4,3.002920575305712e-4,0.30709596839953957,0.3949840323758472,0.01329588093879309,0.36312359046596043,0.4599754289380882
proteome,PPL,9627,0.013967868782633008,0.004228085416312921,0.00975179616528532,1.7152529213634806e-10,2.614264478576776e-20,0.044998953870370555,4.378763571306073e-10,9.043189432993984e-20
proteome,PPM1A,10125,1.272308732885863e-4,7.864193048334744e-5,4.555005852280303e-5,0.3723375624189722,0.9273721179065819,0.006055672889127792,0.4300050157845341,0.9386110459283029
proteome,PPM1B,9627,3.183076606952939e-4,5.72219008609931e-6,3.110740608098794e-4,0.8144876976166844,0.39258582032443423,-0.002906889949604826,0.8454359162406139,0.4580951508216851
proteome,PPM1F,9919,6.784264657349048e-4,5.474739698727582e-4,1.4999881085242528e-4,0.019806497753983878,0.6852104096062388,0.02603220123864177,0.029583236042358137,0.7235802121672819
proteome,PPME1,10318,0.01644453306059157,0.01561026743486904,8.309631212813917e-4,3.647033443555789e-37,0.03553003011251324,0.16949840970732702,1.8901203467222645e-36,0.05650395974911653
proteome,PPP1CC,9877,9.454971018717506e-4,2.573470667346367e-4,7.209416918071421e-4,0.11094358678538882,0.06816781306001861,0.027929178607135768,0.14542067451735047,0.10202484258803604
proteome,PPP1R12A,10379,7.266296111853032e-4,1.4305973692119167e-5,7.15653528662652e-4,0.700065165718663,0.0594586526214788,0.00811915443560534,0.7436286966276472,0.09047248392117778
proteome,PPP1R12B,9746,1.8789386241324646e-4,7.787101775180716e-5,1.1073538670491878e-4,0.38378826261927124,0.7821969338360442,-0.013028755027230736,0.441311208354103,0.8099049371600272
proteome,PPP1R14A,9908,0.0011290453650665278,0.0010106855108411583,1.4039673890253734e-4,0.0015540752665633949,0.7077591642155991,-0.05299842702387648,0.0026783974081160396,0.7444332626852092
proteome,PPP1R14D,9908,0.021173487149697356,2.18612637270299e-4,0.02098420737271567,0.1411801862321054,2.870921114612034e-45,-0.011426108300217454,0.18091612641667867,1.556902118369383e-44
proteome,PPP1R2,10283,0.00114878228005455,1.3611296114401927e-4,0.001017998266658271,0.2368917162106028,0.014973875660374253,0.020600490665900584,0.28779488216275645,0.02531442368726081
proteome,PPP1R9B,10432,0.0011850908828283657,2.761046621956309e-4,9.166688201849293e-4,0.08973043703985716,0.02267104547031353,0.035940532960818915,0.11959966596785337,0.037187130140138296
proteome,PPP2R5A,9886,0.002204115343189539,0.002057399172058272,1.275599345894607e-4,6.452433971256615e-6,0.7385181782863495,0.11100188262706431,1.3347816346767931e-5,0.7695859661786094
proteome,PPP3R1,10264,0.01804222466204486,0.0051691335671820715,0.012851884775343825,3.0666132979864133e-13,1.4103819283167669e-28,0.06578713464316269,8.677357860614022e-13,5.702000520705269e-28
proteome,PPT1,9655,6.045376771018907e-4,4.1270927358383336e-4,1.7831790551725568e-4,0.04595453664259672,0.6322728517540026,0.03188542698368459,0.06473499306328204,0.6753094437341676
proteome,PPY,10366,0.053619879284892535,0.012008296526669793,0.041957934336221414,4.683435036644705e-29,6.093151148215266e-96,0.254614602775126,2.1093498631914444e-28,6.523912383235613e-95
proteome,PQBP1,10125,0.002905563646481424,0.0022532550662039963,6.317141029789086e-4,1.7720786129679857e-6,0.09388504804878248,0.051569928288391666,3.7753540712138646e-6,0.1354521201612
proteome,PRAME,9580,2.221608885857318e-4,1.5538179999330382e-6,2.196893000722122e-4,0.9029216049808502,0.5511310426741314,6.30380427707316e-4,0.9226031052067571,0.6049403070734082
proteome,PRAP1,9921,0.09079265653708202,0.07496465566143129,0.01784408299549789,4.772857466253216e-170,1.815044707896959e-38,0.2700358631810546,1.2026777908498404e-168,8.901637048964448e-38
proteome,PRC1,9877,4.929143603582542e-4,1.3839247121394394e-5,4.817336238739367e-4,0.7116695491984147,0.19047549362912972,-0.0033723504555706048,0.7539724872442792,0.2488868430388673
proteome,PRCP,10394,0.055542763698789854,0.025169144647893327,0.03181027849736806,1.5299670757840043e-59,1.7157674099354832e-72,0.11730496779936964,1.1585735136053484e-58,1.3892487920336334e-71
proteome,PRDX1,10115,0.0011458312937961956,1.362585079599521e-4,0.001024480623123103,0.2405105067539778,0.01571732192684259,0.022636993672015333,0.29146443252150794,0.026464131331889917
proteome,PRDX2,9731,0.03516699354214092,0.03403243293171465,0.0011485864966488402,3.262972344656642e-75,0.010800556388245341,0.23879046325942763,3.111026865468429e-74,0.018548781623290912
proteome,PRDX3,10167,0.002295368968169398,0.002048976613047482,3.1665685441395475e-4,4.987618609950402e-6,0.35914295563156207,0.07185704902600992,1.0398580026308861e-5,0.4253544810822755
proteome,PRDX5,10432,0.004357331401117381,0.001595998118878006,0.002770731404154736,4.485637829279964e-5,2.3144420932852578e-6,0.06071999422716371,8.805587222958586e-5,5.240212423449116e-6
proteome,PRDX6,10438,0.0013863652920658165,2.4773716586312666e-4,0.0011478558953712525,0.1078914340203542,0.007441508432938498,0.021792786522347736,0.1416741516808155,0.01307969281387807
proteome,PREB,10167,0.006654962759419458,0.004430920726265053,0.0021057460106147508,1.8486481213537115e-11,8.602256599510165e-5,0.04129894964157556,4.876893915809476e-11,1.7858235824125154e-4
proteome,PRELP,10330,0.09875732151856353,1.7023227487611425e-4,0.09840608616020385,0.18491006408984045,1.4123817147813467e-231,0.006752200553775979,0.2309795373224802,5.578907773386319e-230
proteome,PRG2,9921,0.031850415270196275,0.007421366194758194,0.02413246114635137,8.381714180958761e-18,3.1127552027017044e-52,0.09273634401563902,2.7343471597033993e-17,1.8682922910671626e-51
proteome,PRG3,9921,0.0019661726817256087,6.329963914845083e-4,0.001270859888657605,0.012221404799392018,0.005559316120854814,0.02646561537079164,0.018861228209410174,0.009926622493132939
proteome,PRKAB1,10167,0.0018665951791565494,0.0017441491868960268,1.1102650232674982e-4,2.5342548122970615e-5,0.7702303690726323,0.05055434610415768,5.063312929832065e-5,0.7994969349429348
proteome,PRKAG3,9655,4.007234726891573e-4,2.4371498897179933e-4,1.497528240306245e-4,0.12512123025759694,0.6949518519892746,-0.00926757059903985,0.1621140762601755,0.7320159507620358
proteome,PRKAR1A,10283,0.0010177185148654289,5.012845162299939e-7,0.00101646721855575,0.942779292762362,0.015082641126526769,-0.001316707914573587,0.9548662067721359,0.02548356070106228
proteome,PRKAR2A,9889,0.002234943798183786,0.0017540787019054704,5.016414378800071e-4,3.1062690562044954e-5,0.17477060051446408,0.07094614415932424,6.159853766136866e-5,0.23115586665329343
proteome,PRKCQ,10167,1.793711169630896e-4,1.1808520054223948e-5,1.656310608707523e-4,0.7290420978295504,0.6406384335738132,0.0032848828690109203,0.7701550983102528,0.683176264624683
proteome,PRKD2,9611,0.0013201655922407962,1.384194204671063e-4,0.001196512258810567,0.24886219416649344,0.009302730612516517,0.010844074143009665,0.3005885097308514,0.01614719808811507
proteome,PRKG1,9676,7.947975722746303e-4,1.292620661248467e-4,6.582778730509498e-4,0.2635315433166092,0.0949898736797937,-0.02967750995115688,0.3167363080240332,0.13685412333841307
proteome,PRKRA,10125,0.014178585042685654,0.012391128392894468,0.0019328966098300926,2.8147526332045496e-29,2.073113752751359e-4,0.16755687066873182,1.2696793127865582e-28,4.181995513659228e-4
proteome,PRL,10430,0.041207336868511524,0.012318388753789433,0.029500780283503558,6.099345597380566e-30,2.2893943992242414e-67,-0.18911775421530239,2.7726885196179464e-29,1.738155799722716e-66
proteome,PRND,9903,0.0016245092220738,4.928336941278921e-5,0.0015715986290065764,0.4849129282511596,0.0013898425473175663,0.007444007388763119,0.5403738045284557,0.002651768776637889
proteome,PROC,10312,0.025048333031869263,0.011889144812840646,0.01297332631384418,1.2172424750035812e-28,5.522872103335159e-29,-0.06390349905245828,5.41552474038884e-28,2.2546585416269095e-28
proteome,PROCR,9611,0.002157545027085539,1.1024752448518527e-5,0.002129139473473707,0.7448624450416221,1.3527618707743987e-4,0.0024289423486354646,0.7843058093864055,2.7670559470073953e-4
proteome,PROK1,10298,0.4642920129272632,0.43732904571408004,0.0779130147253061,0,1.1300289065587578e-180,1.217545538824964,0,2.7756928519926464e-179
proteome,PROS1,9911,0.013259311365928061,0.0026009836831023536,0.010900661704636994,3.79158010428188e-7,2.2174474614612108e-23,0.027524599924299332,8.383349958257136e-7,8.235830914677407e-23
proteome,PRR4,9574,0.0030342682346296,1.103441807071004e-5,0.00303085119670099,0.7452295007476697,2.1882590671748155e-6,-0.004870091235831532,0.7844097337722141,4.96220423068424e-6
proteome,PRR5,9627,3.7115715824465045e-4,2.68685228333454e-4,9.467032284671273e-5,0.10784619205555607,0.8227704723302547,0.015731492015502002,0.1416741516808155,0.8462202993037771
proteome,PRRT3,9666,0.03577803680380243,0.02873169271603515,0.008404691239014106,3.3175896174284794e-63,1.4308038699681907e-17,-0.13466837312140328,2.6640973768525952e-62,4.69914574372699e-17
proteome,PRSS2,10345,0.018824412497879917,9.358345762053855e-4,0.01793548592602401,0.001862246105574969,2.5250242711143034e-40,0.03631599256163609,0.0031776680482169498,1.285826819593573e-39
proteome,PRSS22,9627,0.015526560022963154,0.014502908593987174,8.617091001695831e-4,2.0064489710089592e-32,0.040285874168701115,0.08416834115077589,9.551873521594768e-32,0.0635143528560482
proteome,PRSS27,10243,0.0015032351831198998,3.661940798671548e-5,0.0014460578525559153,0.5403464394813513,0.0019806698055057997,0.005419321440455478,0.5953383500203505,0.0037135970760060633
proteome,PRSS53,9903,0.005006099313423107,5.879863797138007e-4,0.004486471581363949,0.015833177108038034,1.1763884253164415e-9,0.019538096859414662,0.02406675854747539,3.0674249484388567e-9
proteome,PRSS8,10221,0.15479044242088336,0.09665910421168245,0.06824254008602149,7.845335566357252e-228,3.3367420826057016e-156,0.3152852920199116,3.0989075487111146e-226,6.680340484559223e-155
proteome,PRTFDC1,10131,3.3315373284248384e-4,3.5711575360197756e-6,3.314985144741156e-4,0.8491858259200054,0.3397228041713676,0.004701625648772854,0.8767821155648802,0.4058070112762188
proteome,PRTG,10438,0.011829862951335257,0.0016922017331567618,0.010137132840557617,2.6289705128107245e-5,6.84385146266025e-23,0.02281886501656273,5.245379391771841e-5,2.5005722281694886e-22
proteome,PRTN3,10081,0.00258815396333667,2.3341732799386783e-4,0.0022790381739323795,0.125116704356538,4.055906513626305e-5,0.015315109511133984,0.1621140762601755,8.609596760588011e-5
proteome,PRUNE2,9746,0.005198200893310356,0.0016534845887511418,0.0035902979739295127,5.948121764694455e-5,1.1960389856184616e-7,0.02429239870309798,1.160638178785173e-4,2.8773843250722327e-7
proteome,PSAP,9847,0.06277739429325613,0.010853942482094259,0.05262018156353043,3.6325391126945567e-25,5.434024632759132e-115,0.062308023113084754,1.4625222901385936e-24,6.759001702789338e-114
proteome,PSAPL1,9886,0.026560333177457984,0.02081576218779868,0.005667553187206575,4.063743280218832e-47,3.8771416578272045e-12,0.15171565225047318,2.5006992859115043e-46,1.0970847111160618e-11
proteome,PSCA,9886,0.002361196681365807,3.160039731895381e-4,0.002045945043237629,0.07720540490026863,1.5153519176845358e-4,-0.09522005717365009,0.10385246135457211,3.080232027393531e-4
proteome,PSG1,10264,0.042666668126589036,0.008260138317116694,0.03544944509118819,2.852994228548189e-20,6.0053605882100855e-80,-0.23993101498895467,1.0083799431736828e-19,5.2399011938322625e-79
proteome,PSIP1,10298,0.009047478662574715,0.007140049372455826,0.0018850792386989612,8.85487696837712e-18,2.2357361396915752e-4,0.11088365731698936,2.8854855494499804e-17,4.50072777983366e-4
proteome,PSMA1,10125,6.221283631828722e-4,1.4293637564888328e-4,4.6681932493408684e-4,0.22908265723868726,0.19303284698011267,-0.011961295243329355,0.27946936857624494,0.25155372791924624
proteome,PSMC3,9580,0.0033802740888303484,0.0026188195233780576,7.459747263770522e-4,5.424188709880904e-7,0.06739460198659697,0.03046297828908814,1.1885235081695564e-6,0.10117843944880481
proteome,PSMD1,9908,0.010906269216064302,0.008512908849343415,0.002326740274540273,3.5435655036331966e-20,3.9054001869174794e-5,0.09199738570162656,1.2494381142484722e-19,8.308213061397228e-5
proteome,PSMD5,9655,8.168761144644598e-5,5.1474150165042865e-5,2.838673746363707e-5,0.4809481509867519,0.964850919640373,0.007987670138329355,0.536979161701404,0.9694944098002096
proteome,PSMD9,10318,0.0175265043154601,0.017155622275874527,3.251142483832181e-4,1.0551329600946377e-40,0.34025042555940743,0.15951016043007768,5.8634099664574635e-40,0.4062712393423807
proteome,PSME1,10264,0.030672812137203853,0.029965886194892155,9.151982686146365e-4,7.597306442653378e-70,0.02448867612445914,0.1453851411788593,6.688833352974646e-69,0.03983327785853871
proteome,PSME2,10239,0.03713234519583153,0.03629514516986654,6.057847219588242e-4,2.867812381197653e-84,0.1021952952290331,0.15740111651149363,3.1278416381495294e-83,0.14600041444499695
proteome,PSMG3,10298,0.040557776085668795,0.040197474659518395,3.097959284595886e-4,7.791940863245526e-94,0.36333821459472826,0.2312908789180805,9.569681992969191e-93,0.4292795478012897
proteome,PSMG4,9627,0.02424585132574153,0.023918228526057406,1.9423390395789664e-4,1.3716031456104943e-52,0.5999938160056649,0.17770184165186345,9.132564908017028e-52,0.6481086194325789
proteome,PSPN,10298,0.48559256600167433,0.48438636896123866,0.002099167430604787,0,7.785970956778375e-5,2.112240927627847,0,1.6244391939088644e-4
proteome,PSRC1,10125,0.002157962028480287,0.001782142305939538,4.5132537214709334e-4,2.1512459642641663e-5,0.20624630569273233,0.05568337739873624,4.330641841283856e-5,0.2672242692995818
proteome,PSTPIP2,9417,0.0011168516401967032,9.517268593206563e-5,0.0010334818831051473,0.343921063406746,0.02098064192207908,0.021525562575565517,0.40035096309753826,0.0345890673086504
proteome,PTEN,10131,2.3050753618725217e-4,3.464617005444204e-5,1.9299367778380372e-4,0.5536516473633786,0.5818956957448087,0.0038474677900555833,0.6074788908570404,0.6341838622901103
proteome,PTGDS,10208,0.11656005038181771,0.07070561537855913,0.050041661547642,1.0148611559877085e-164,3.285611568708191e-113,0.17978554105086259,2.3731513271616575e-163,4.0183441905163354e-112
proteome,PTGES2,9557,0.008422429788888852,0.0074667049777111805,8.848235463351228e-4,2.6545699851570797e-17,0.03746992822434492,0.09674269119070135,8.508013230936562e-17,0.05929864656186258
proteome,PTGR1,9919,0.025875747668469118,0.024361063245002756,0.001774428354166524,4.120108915754879e-55,5.297458860907143e-4,0.2772251611312658,2.9159996030875326e-54,0.001042023704605086
proteome,PTH,9655,0.025477073349595036,0.01572471619694038,0.01011464661790018,3.945466472117204e-35,3.9644765070521265e-21,0.21067188530942071,1.988379051379067e-34,1.4063306832661853e-20
proteome,PTH1R,10298,0.007729398478051208,3.781267758390383e-4,0.007410823455843429,0.048499118251091704,1.6716016440405893e-16,-0.016378158161868387,0.06789412004211737,5.328344171789141e-16
proteome,PTK7,10131,0.004385586868340896,0.0019916892294568056,0.0025775156660680087,7.023008015348103e-6,8.936789937481159e-6,-0.03705434572448519,1.4507598889655482e-5,1.9729786244152135e-5
proteome,PTN,10146,0.121052986167419,0.039560156291105764,0.09002828838938293,5.178637174762336e-91,4.30089077364818e-207,-0.22540185473503802,6.203752648291111e-90,1.3095316386847533e-205
proteome,PTP4A3,9627,0.018904223143891175,0.015413758835357227,0.003707633560924295,2.276969598273723e-34,8.486290832388986e-8,0.13690839188135864,1.1242537391476506e-33,2.0653978437196505e-7
proteome,PTPN1,10264,0.0011448110809623158,3.955949424652161e-4,7.622810746725772e-4,0.0439361558544747,0.049801460430507816,0.03524988345799408,0.062101249304946586,0.07714343870608073
proteome,PTPN6,10343,0.0012956484334905038,5.902701515888564e-4,6.805996031670203e-4,0.01348976715691637,0.07067211153333475,-0.04833812603256488,0.020742024934069726,0.10539519490404974
proteome,PTPN9,9621,3.431253713310767e-4,9.58054107458306e-6,3.3120307437184415e-4,0.76149644024043,0.3638933792286174,0.002373452944998424,0.7992294774947134,0.42958818557562545
proteome,PTPRB,9919,0.0504718750285047,0.03435132181594758,0.017702124857626234,2.4162320264477595e-77,3.7677800942859945e-38,0.11731315280498407,2.370015507821074e-76,1.8294387401325517e-37
proteome,PTPRC,9921,0.016854053757581422,0.006409038902582487,0.01068839704944613,1.4101393576392223e-15,6.0272353932991e-23,-0.037346414320993934,4.298057708424866e-15,2.2049573284872676e-22
proteome,PTPRF,10431,0.05708954115889986,0.03359494447121181,0.02462486779621753,1.834079143792392e-79,4.574240052109193e-56,0.12208015570912957,1.842272624503492e-78,2.9321279983147306e-55
proteome,PTPRH,9886,0.03090019809327682,0.0292369234472194,0.002076955847559847,1.007219879690289e-65,1.3086500816985612e-4,0.17721635333657612,8.435827244512077e-65,2.680577567487663e-4
proteome,PTPRK,9886,0.007448291303993604,0.001121536033285686,0.006358533807138578,8.690897016745711e-4,1.3216926330966788e-13,-0.014529228281155505,0.0015349541981841516,3.886627330524741e-13
proteome,PTPRM,10288,0.029131023514957,0.011872022436485552,0.01739932054527793,1.5388918260251304e-28,6.875711676344295e-39,0.0598321798609386,6.805114686038511e-28,3.4006269424626694e-38
proteome,PTPRN2,10244,0.011858594689772017,0.005535198364498228,0.006841791986988199,4.752691189550522e-14,3.68637724860533e-15,-0.054201090578544706,1.3878238108947229e-13,1.1378332310109164e-14
proteome,PTPRR,9903,0.013161990170901139,0.009857954590272056,0.0035945575908390426,4.0728989422656557e-23,8.90164202738549e-8,-0.07639117465175754,1.5810203995009977e-22,2.159294576435501e-7
proteome,PTPRS,10431,0.010649707214944626,0.00931469104960403,0.0015507267197977237,5.210599891419706e-23,0.0010409896157503637,-0.05280617662446718,2.0146274447909788e-22,0.0020018504255515214
proteome,PTPRZ1,9919,0.1439576272084363,0.060490996334064406,0.09369625451870012,1.5215047383266168e-136,3.912760097482667e-211,-0.17413315067621365,2.762334378961926e-135,1.2431519309719386e-209
proteome,PTRHD1,9676,0.0024237676245068007,0.002211798009271293,2.5831704237722075e-4,3.702750072819992e-6,0.47553763893571865,0.0587102886556234,7.78643054881499e-6,0.5354377960743858
proteome,PTS,10087,0.025006740847114406,0.015414856334731497,0.009808117657166049,6.212326439098286e-36,2.1140975819533072e-21,0.15360703472621198,3.174585696063687e-35,7.535984429328678e-21
proteome,PTTG1,9746,1.0231462922438705e-4,5.113634217179808e-7,1.0101125464334615e-4,0.9437354098358612,0.8051111053342546,-5.992274879584618e-4,0.9555034994631875,0.8312750833246295
proteome,PTX3,10298,0.0025691176409984307,5.627412824024125e-4,0.002097221101603264,0.01608420660773764,7.861170297753085e-5,-0.02645991910943727,0.02443562157713988,1.6389586861863243e-4
proteome,PVALB,10402,0.0011685824697331704,5.112526493714631e-4,6.66024488500061e-4,0.021123219792717616,0.07425153164379558,0.057824008203647526,0.031405478867809554,0.11005944573773553
proteome,PVR,10430,0.00360535843148746,1.6582423218858278e-4,0.003414948978848087,0.18856702682742846,8.82120987195735e-8,0.010599391073473184,0.2347450678946224,2.141561167419546e-7
proteome,PXDNL,9877,0.002327662390810059,0.0010658687352635976,0.001244005175697227,0.0011762172644250966,0.00645571690020044,-0.0401959742334855,0.0020538130608808588,0.011450536114154574
proteome,PXN,10131,0.015370051130196294,0.007977560223372482,0.007222755945968218,2.1450250217817299e-19,7.953439934172485e-16,0.09616069005078155,7.350419857758495e-19,2.494410399955598e-15
proteome,PYDC1,9666,0.03542508148208934,0.03096171753501986,0.004376858911034454,4.813863242129506e-68,3.33244438991597e-9,0.15801593329171484,4.126370163268196e-67,8.499768718782182e-9
proteome,PYY,9611,0.038760554179695594,0.009642211698947745,0.02914548503372305,5.053624113808712e-22,2.6818444891365916e-61,0.20144387252887044,1.886557252191937e-21,1.8488281702231738e-60
proteome,PZP,9911,0.4493059274444371,0.44911597709065065,0.0012281697729386032,0,0.00680918824555617,-1.0212959616572217,0,0.012040687986546087
proteome,QDPR,10222,0.008251718543662134,0.007684399700546907,6.847505212831395e-4,6.834999853977544e-19,0.07193491685601855,0.08423685488396963,2.3096768292689434e-18,0.10705996026992984
proteome,QPCT,10318,0.013103138640729761,0.0035003077049824416,0.009259240409737912,1.817403470666813e-9,1.1595403693483202e-20,0.03631222157689155,4.4905074765503756e-9,4.068831332058992e-20
proteome,QSOX1,9798,0.008292949758658574,5.58162662955497e-4,0.007717825853145066,0.019375161090551696,2.3495065861523537e-16,0.020615776801306426,0.028983416513655377,7.456685940633366e-16
proteome,RAB10,9919,3.6335572075152367e-4,8.566292377965024e-5,2.837155204389319e-4,0.35676296162251564,0.42131573078520423,0.010370665108318978,0.4139809991356146,0.48389229119259414
proteome,RAB11FIP3,9919,0.0013552750742035213,4.892814670328649e-4,9.10376567612392e-4,0.027619237452377845,0.02889415073638811,0.050241836786696976,0.04020469674965161,0.046635893209531994
proteome,RAB27B,9919,6.614507666674596e-4,1.0435537064956701e-4,5.565777617346779e-4,0.3090851570778438,0.13746350849079395,0.01754372118367653,0.3651802401530062,0.18890730386393545
proteome,RAB2B,9877,6.220919148646198e-4,1.8676109520776585e-5,5.939233395890753e-4,0.6676503049817782,0.1183533471582642,-0.005516712737150667,0.7130222292516396,0.16592174280268887
proteome,RAB33A,9611,0.001008641017419154,9.260159440349636e-5,9.11819482938836e-4,0.34560584313287324,0.03260791385350499,-0.013251464435033094,0.40215202208494766,0.05222626421577813
proteome,RAB37,10167,0.004204284366981614,1.9288418937168927e-5,0.004176628457345011,0.6579681427031423,3.090773823055078e-9,-0.008006193665106213,0.7042258810403826,7.904052392642163e-9
proteome,RAB39B,9611,0.0017257023053584009,0.0010238129758255443,6.251550640150594e-4,0.0017082497512125,0.1112492947798091,0.059505183824497085,0.002932010582967785,0.15754926775260755
proteome,RAB3GAP1,9605,9.283891849545256e-4,1.1039279256452872e-4,8.412553461133454e-4,0.3032667106518508,0.04438953378661048,-0.012194778062463744,0.359468205691549,0.06938535147500664
proteome,RAB44,9877,0.0031505755919241096,0.002104239342998415,9.701869619159753e-4,5.114602983567659e-6,0.02246642220383151,0.034021784014819256,1.064055837791336e-5,0.03687217973149888
proteome,RAB6A,10298,0.036580357242943284,0.031805709806285276,0.003958348475312845,2.5074109357216192e-74,7.118733278479722e-9,-0.18901233624140393,2.3415853562665474e-73,1.7984492111491984e-8
proteome,RAB6B,10131,7.616847858066267e-4,2.9393295847923717e-4,4.4460187670269935e-4,0.08447365276919701,0.21199950527510214,-0.018077946194245798,0.11295356223438374,0.27358699952279186
proteome,RABEP1,9676,0.0022839068610497337,0.0013797762524645485,9.363784170136613e-4,2.581003599681507e-4,0.02849817899756135,0.060993746035676616,4.7658076575294027e-4,0.046022197353520346
proteome,RABEPK,10125,5.677067914885425e-4,9.494612970284422e-7,5.677010222914225e-4,0.9219157730978378,0.12458672454030933,0.00129468593113542,0.936005489671754,0.17308317292363318
proteome,RABGAP1L,10167,0.006711512258550267,0.006242654949304205,4.957631109440142e-4,1.4985373141963996e-15,0.16893169393545396,0.1032208551315737,4.557986024345553e-15,0.22489270900571642
proteome,RAC3,9655,9.177642881250669e-4,7.7026120081225e-4,1.5386646595827447e-4,0.006394961179364264,0.6857360290061647,-0.03938540292757185,0.01026494866956713,0.7238737496515057
proteome,RAD23B,10125,0.0010837923323574472,6.259202395965113e-4,4.8163235258358306e-4,0.011831252586182688,0.181141319659614,0.025234550629000655,0.018318209267609655,0.23882547467977075
proteome,RAD51,9746,0.0018407358320333689,0.0013560375825178994,4.4474396588123355e-4,2.7735502372210226e-4,0.22763724764229332,0.03951116658025738,5.102005880048488e-4,0.29081454320735284
proteome,RALB,9627,6.767640804541397e-4,1.2765488436983219e-5,6.608482335760391e-4,0.7259916635261252,0.09530371717760884,0.002115083504844286,0.7674769014419038,0.13722796320697075
proteome,RALY,9877,0.002347933380608791,0.001583712774569812,7.481874496914065e-4,7.637340752406167e-5,0.06047355829502509,0.0373324214672861,1.4793868137364627e-4,0.09192106650876669
proteome,RANBP1,9666,0.015311077194231637,0.015244106084659537,1.6302287161440443e-4,3.879347428616834e-34,0.6650319867181507,0.13464291758087962,1.899385684061475e-33,0.705329643387937
proteome,RANBP2,9605,4.792747065102132e-4,4.3791613609422964e-4,5.275231103130107e-5,0.040312183153539134,0.9174694798827403,-0.013377162756028686,0.05728367105386237,0.9314912433821639
proteome,RANGAP1,10125,0.0010689059611894702,3.0155528843112123e-5,0.0010510168287947153,0.5806633469865672,0.013825326456737631,0.005590623251266417,0.6318983481912642,0.023481365039537534
proteome,RAP1A,9627,8.144509665701793e-4,1.1648258695640124e-4,7.200991021319991e-4,0.28974572254912623,0.07410853622085713,0.015189720082820045,0.3451209238024026,0.10990322241175311
proteome,RAPGEF2,9746,0.002137846007901123,9.942279964182399e-4,0.0011428634179962982,0.001853647902881619,0.010994615558270603,0.03457111778699233,0.0031674566328436433,0.018848833593445732
proteome,RARRES1,10125,0.011756031136082146,0.0022661781933848157,0.009364343387041285,1.6552677472496787e-6,1.6572470696666692e-20,0.03481268080268621,3.5393910937899126e-6,5.780588525818227e-20
proteome,RARRES2,10345,0.038961034532200456,0.005732125322518988,0.03385369002027305,1.2621943997219725e-14,7.031027589045516e-77,-0.0871261559441076,3.74177913832386e-14,6.009267147011709e-76
proteome,RASA1,10131,2.4434146907559295e-4,5.94735686298975e-5,1.89683349815839e-4,0.4377331872533281,0.5889619821544283,-0.005388190506425787,0.4942039808194199,0.6392632283094667
proteome,RASGRF1,9580,0.0018211258036372469,5.109604045194782e-5,0.0017506206413501202,0.4842702976248786,7.851502685038217e-4,-0.0064587631143921045,0.5402756030372214,0.001525927017843531
proteome,RASSF2,10125,0.010093258881757827,0.004915918066122571,0.0050171155099943965,1.6433497288689458e-12,5.1291919284517374e-11,0.0804376552050759,4.497669716745251e-12,1.3920731668397797e-10
proteome,RBFOX3,9908,0.15367250340180716,0.05275531630960173,0.11020993417408476,9.876337111974126e-119,2.0827516366458304e-250,0.19036794031364204,1.5437718384117844e-117,9.365973898331943e-249
proteome,RBKS,10134,0.05679808816559884,0.05327325725145993,0.004046632101839975,1.333054338665991e-122,6.308577853943209e-9,0.25767309304955144,2.164732128844829e-121,1.596534464681905e-8
proteome,RBM17,9908,2.1480767913606424e-4,2.1628551231445137e-5,1.947196762241976e-4,0.6435114448255473,0.5873587212126685,0.007478892742539441,0.6910301077241274,0.6387089070329726
proteome,RBM19,9611,4.068045737225523e-4,1.640135035774204e-5,3.897163075341492e-4,0.6914274058933997,0.2904033696260825,0.00376032821959422,0.7359950136294272,0.35606084287627476
proteome,RBM25,9580,1.4940585832479147e-4,3.9909144155303444e-5,1.1555699202181469e-4,0.5364720385863151,0.7754859088917159,-0.005803069525794655,0.5917387806746411,0.804095534476937
proteome,RBP1,9655,0.0015973927417720635,3.251445198637626e-7,0.0015928398559811319,0.9553312632600893,0.0015162635183111608,6.639894155576593e-4,0.9642380119161743,0.00287607934070313
proteome,RBP2,10318,0.030227226237757865,0.003868746743555418,0.026388697531758987,2.5738881094145184e-10,1.7033356016940315e-59,0.10952770266952039,6.530794222064789e-10,1.1498498761551165e-58
proteome,RBP5,10318,0.05241740910841153,0.030026410508834256,0.023432778014036426,2.4132852448925816e-70,9.872386400985224e-53,0.2351123178560456,2.1375856881275805e-69,5.9745311490848476e-52
proteome,RBP7,9886,0.028176559454917482,0.0029037215067129196,0.02559227808216813,8.312078071985556e-8,3.010257797404745e-55,-0.06643711022139852,1.916104432524746e-7,1.900428410758978e-54
proteome,RBPMS,9627,0.002524765664431494,4.2550562601140207e-4,0.0021156808734817956,0.04301344476341286,1.4160152712876698e-4,0.023398146084888615,0.06091487356756579,2.8883549462483315e-4
proteome,RBPMS2,9666,6.739639689334886e-4,4.228636519010287e-5,6.333842655041888e-4,0.5227236526380998,0.10585182385316261,0.014076125103484972,0.5781011111090297,0.1504887554099194
proteome,RCC1,9877,0.002829840114468851,1.735966217284446e-4,0.002640437820692565,0.19049207041747315,9.078859687402151e-6,0.013379990693857334,0.23693971141713788,1.9998121225528626e-5
proteome,RCOR1,10146,0.0012756365590788077,8.934204270888424e-4,3.6258553691481676e-4,0.002607225221125968,0.29842016400505866,0.027705895831516156,0.004387403178670814,0.36375401976096183
proteome,RECK,9666,0.11710732230583243,0.11422251427955865,0.0028763703387159056,8.547813127637045e-257,3.942835231543169e-6,-0.15068152803777649,4.164209628680514e-255,8.851695377727099e-6
proteome,REEP4,9908,6.689729607513017e-4,3.9071960083514323e-4,2.820541860765191e-4,0.04916071214762647,0.4245351513125929,0.02618433065444896,0.06872155026662466,0.48663382246537606
proteome,REG1A,10242,0.051875297813720356,0.0025602752033562215,0.049230635568223935,3.012210353977722e-7,1.0759673062819237e-111,0.05450595686560552,6.685414475836661e-7,1.2942602618362399e-110
proteome,REG1B,10431,0.04166615469011348,0.0031486123087660634,0.03850818276846901,9.814541671675777e-9,1.9962580859937906e-88,0.0714618418839085,2.3611444696550038e-8,1.9646674698181313e-87
proteome,REG3A,10431,0.07144182485488493,0.007954370945568945,0.06527245737290921,7.194512428651065e-20,3.1630252750217116e-152,-0.12316592809193033,2.5124922137332214e-19,6.003586284992508e-151
proteome,REG3G,9877,0.01642944057352269,0.012547675044255024,0.003912644138046595,6.077159450382595e-29,2.0058815564064123e-8,0.09363326112645379,2.732851857456665e-28,4.977242605582295e-8
proteome,REG4,10341,0.09975057734084891,0.0025013024301898668,0.09729943140943043,3.624496660744567e-7,4.503151381999129e-229,0.055371903919727954,8.026063438906341e-7,1.731935722313612e-227
proteome,RELB,9627,7.373732347664141e-4,2.46994767358677e-4,4.850572392404162e-4,0.12315322955370951,0.19773598088491798,-0.01582850925369041,0.15984764208947286,0.25745312789604247
proteome,RELT,10349,0.19395070597674557,0.15801026520785366,0.045230728772641005,0,1.8733180102068454e-103,0.2641579866626174,0,2.164311677404984e-102
proteome,REN,10283,0.10861633930556924,0.07943239802803348,0.03103705264986789,5.341471075816603e-187,6.133759614861155e-70,0.49428309051441943,1.5458534608526664e-185,4.819618105978268e-69
proteome,REPS1,9627,6.175684317613062e-4,9.631178392177642e-5,5.020030486203586e-4,0.3357196933900731,0.18454102511226594,-0.007661599940277663,0.3923665189041119,0.24231012811005473
proteome,REST,9580,6.848507327468223e-4,1.2455833900237856e-4,5.339389513456805e-4,0.2747940413580558,0.16363047210888193,-0.007795850232011584,0.32892014041343043,0.2189981089625741
proteome,RET,10318,0.04582929153166748,1.8327844105459068e-4,0.04572511447399752,0.16917573957675108,2.666802290738566e-104,0.012420456956320327,0.2134228255428759,3.093279006281281e-103
proteome,RETN,10293,0.011276963322196076,2.283459750361816e-4,0.011160229113921671,0.12533304972498865,7.301733582504071e-25,-0.013963905842868014,0.16231657259465745,2.800914338800446e-24
proteome,REXO2,9611,0.0010909425538619955,1.923891377962894e-4,8.967106174363471e-4,0.17399619130097915,0.03482370090596936,-0.013497749703828962,0.21856075082628365,0.05549089527331774
proteome,RFC4,9877,0.0019149778089341263,0.0012981019461391075,6.654669093433263e-4,3.424689011686342e-4,0.08686549795900805,0.01486700410254398,6.240876546857343e-4,0.12657420265911293
proteome,RGCC,9908,7.338733342714399e-4,3.260350243897703e-4,4.331657484516471e-4,0.07234095313020908,0.2317281758201028,0.028210930826942673,0.09801211116586238,0.29539531527351093
proteome,RGL2,9746,2.1746042721149106e-4,1.455570947634932e-4,7.222094832781689e-5,0.23374901930557632,0.8723649244990217,-0.01619285902852176,0.2842688245123382,0.8897148200665179
proteome,RGMA,10430,0.01781650054557682,0.014509894200356088,0.0031576633391597886,5.268951023934992e-35,3.264288838550489e-7,0.0858378566850284,2.6462446465570414e-34,7.700981658662695e-7
proteome,RGMB,10430,0.0590981580194353,0.04350830979326181,0.015519112007549185,7.472338229028779e-103,3.999978452605711e-35,0.12178551199821583,1.0111872520116258e-101,1.8529218727363697e-34
proteome,RGS10,9908,8.619582147809668e-4,7.457009377676016e-5,7.748301005450209e-4,0.39015531961042205,0.05319259603323745,-0.010789518492292266,0.44827987390772944,0.08170360389130481
proteome,RGS8,10167,7.76328489901057e-4,6.297656710296806e-5,7.024283316290347e-4,0.42372653549639117,0.06753877481827827,0.011537526685607915,0.4823836684752863,0.10134283305637957
proteome,RHOC,10167,7.354943464603636e-4,4.671634426419713e-4,2.769005192420071e-4,0.02932911967608629,0.4211363471322477,-0.05619512839946563,0.04246112769351175,0.48387639255800313
proteome,RICTOR,9627,0.0010157492824292014,7.527432511393872e-4,2.7182110006263027e-4,0.00710889556452109,0.4546994534500014,-0.02662826301794536,0.011367232896660365,0.5153495550346469
proteome,RIDA,9676,0.04452166974227678,0.037245688652713715,0.007949610733334667,8.157699961427594e-82,1.2281206675676083e-16,0.2045823220400431,8.516056066876021e-81,3.9491712995600867e-16
proteome,RILP,10409,0.004244374569158937,0.003104530630925084,0.0011668279785490565,1.2887494961770384e-8,0.006895075097486931,0.07621571401794007,3.07511410393917e-8,0.012177827498461812
proteome,RILPL2,9919,0.0016698891534008276,0.001157145925352654,5.688454137334764e-4,7.04245588246617e-4,0.1304204593674346,0.0699671546034781,0.001252897050788108,0.1804159975063944
proteome,RIPK4,9611,7.30261185818426e-4,7.21930061270526e-4,1.3829570632784005e-5,0.008443043444940445,0.9876222829731723,-0.03939318636497349,0.013347223358334732,0.9893145761242573
proteome,RLN1,9908,0.04626707379663664,0.016286895465328244,0.03143351182266396,3.0456622887929507e-37,2.9499388056284895e-68,-0.1863704693348669,1.581255927201029e-36,2.2631682752892586e-67
proteome,RLN2,9654,0.06777452100787273,0.007476793207215615,0.06187994539433672,1.7474779653813118e-17,2.827604318085368e-133,-0.20273577872988843,5.646081582136689e-17,4.282428715939653e-132
proteome,RNASE1,9904,0.09863388043916588,0.005930041845494061,0.09311445103801852,1.6816256259457238e-14,1.9530403700768883e-209,0.04041846653606598,4.970062390939687e-14,6.00919684393131e-208
proteome,RNASE10,9666,0.02135248750699159,0.001986707670421084,0.019669458654142047,1.1699536466714382e-5,2.3368143753203646e-41,-0.043318845835734615,2.3798013286155977e-5,1.1983348103616536e-40
proteome,RNASE3,10243,0.004617371743306564,0.0011996900991337878,0.0033135742751195796,4.555868447058026e-4,1.9982462643248004e-7,0.08061272895898212,8.245698743498829e-4,4.775857588406698e-7
proteome,RNASE4,9578,0.06671854603990446,4.5789844980737016e-4,0.06623965054748382,0.03627272854189995,6.848148792888135e-142,0.01256585208359205,0.051871421491180805,1.1637871466053501e-140
proteome,RNASE6,9851,0.07275282739318445,0.006166776783003258,0.06687574748800595,5.995790133239166e-15,2.1081307001935984e-147,0.05235351638314488,1.7938274881738058e-14,3.734585476767205e-146
proteome,RNASEH2A,9908,0.0034823019429716107,3.24732671756256e-4,0.0031835354604088373,0.07291326611955433,6.421218464879795e-7,0.01648485646554301,0.09862354320567206,1.4979426634352466e-6
proteome,RNASET2,10394,0.05299984645497602,0.017943190919639362,0.035054177328054936,8.280592966260225e-43,4.8333241809387124e-80,0.07960020761384266,4.7929055921541854e-42,4.229882209845466e-79
proteome,RNF149,9666,0.05936703771866558,0.0016080503864419615,0.057680691452689836,8.047608401559146e-5,4.361206572327087e-124,0.02483517912354075,1.5516595882425713e-4,5.9395304489167864e-123
proteome,RNF168,9627,2.491800445429959e-4,1.816937519307782e-4,6.514523329104183e-5,0.18608740750290592,0.8902520756685963,-0.010525205592766025,0.2323509150495489,0.9063764601808801
proteome,RNF31,9627,2.884753502970794e-4,7.755800061293172e-6,2.763311696302173e-4,0.784721314528851,0.4471771639661922,-0.0020321634485715423,0.8187999445275199,0.5074141499507686
proteome,RNF4,9746,8.351836359793419e-4,1.3226913752051317e-6,8.345801694739086e-4,0.9096291556295725,0.043332585724833284,0.0014570020682258932,0.9280439867033997,0.0679877338023015
proteome,RNF41,10125,0.003959705688888482,0.0031634213510455256,9.164672539876406e-4,1.4925421711810432e-8,0.025798242191425944,0.08318484480527817,3.5469111921643815e-8,0.04180058865051998
proteome,RNF43,9746,0.0013689716333996627,3.473718902202716e-5,0.001330035210731939,0.5607753863127182,0.004712553783903395,0.007049255112423507,0.6136826859573474,0.008471583462699646
proteome,RNF5,9666,0.0013107529859661682,6.986521368185228e-4,6.407268553844103e-4,0.009365904493112745,0.10261717285696892,0.04042507903572282,0.014702759846062594,0.14638848036160085
proteome,ROBO1,10341,0.03312329478477305,0.031126765594226447,0.002483409198836828,4.726392562653592e-73,1.1012273031235677e-5,-0.09668005252144159,4.3719131204545727e-72,2.4147692475845377e-5
proteome,ROBO2,10430,0.11873759255295824,0.09411317800840358,0.02997081757967046,4.503902835638301e-226,1.8470109262325405e-68,-0.1660264836431048,1.709728310203994e-224,1.4244889016827746e-67
proteome,ROBO4,9666,0.007243707687610512,1.3171669618283754e-4,0.007095561495236824,0.25929203665411094,7.719398742023267e-15,0.0041836336019654505,0.3123270081881046,2.3528469784081348e-14
proteome,ROR1,10283,0.06607526409399511,0.008533580728923185,0.05914131959288105,6.285251474918578e-21,1.7235090939140516e-135,-0.06488585529564751,2.2653255315890265e-20,2.6796899369738153e-134
proteome,RP2,10318,4.107544304398081e-4,2.792127104984665e-4,1.2340375375730073e-4,0.0896981011372256,0.7356011441186725,-0.015698182072337342,0.11959966596785337,0.7679150515210286
proteome,RPA2,9627,4.5974719331542957e-4,9.978691779721771e-5,3.4563948704668945e-4,0.32714965832134735,0.3439725952130688,-0.006564127357460486,0.38357739722153966,0.4098784736273135
proteome,RPE,9746,0.0013953568343180178,0.0010205336396896802,4.254049109758684e-4,0.001612357343275859,0.24623015804072906,0.04252303733371052,0.0027755715632481366,0.310630449699202
proteome,RPGR,9655,1.9880635833313676e-4,9.354285954144004e-5,1.0816785851397448e-4,0.34206303807383054,0.7906237645412288,-0.00819991050811551,0.39866437810598354,0.8177612398280297
proteome,RPL14,9666,0.001263912749545626,5.68314955879945e-4,6.884699844915687e-4,0.019106219993700085,0.08378510360934661,0.0195109430825114,0.02859574042067862,0.12258912188677039
proteome,RPS10,9611,0.0013334724874543014,2.3066605149757446e-4,0.0011092128707173021,0.13659375989943426,0.013704007766031295,-0.012786589244780329,0.17572692576628338,0.023288845755877603
proteome,RRAS,9655,0.0014843624826251789,2.685920346714443e-4,0.0011916973011992793,0.10739602760065638,0.009276275843986626,-0.04435719196090691,0.14115044454888426,0.016110846281623833
proteome,RRM2,10125,0.0017907404288618478,0.0010568516755276036,7.125717226273975e-4,0.001071085532773121,0.06537635457158907,0.03620456226839875,0.0018769682327912666,0.09850262083131693
proteome,RRM2B,10125,0.006202967830529871,0.00510161619909133,0.0012389699467941773,6.2782309689443775e-13,0.0057266765244756174,0.10736447382722462,1.7527477671656558e-12,0.010212980769397332
proteome,RRP15,9605,3.6749499938915076e-4,6.169969490876781e-8,3.6749212147813015e-4,0.9805838546801522,0.3170516021896591,4.55147308562002e-4,0.9846261103504242,0.3816893876443054
proteome,RSPO1,10264,0.05803946735585641,0.004662273881526513,0.05471455549260984,4.3951338489275194e-12,8.463758864061001e-125,-0.05288477622756493,1.1906372790004764e-11,1.1724913345805832e-123
proteome,RSPO3,10438,0.1674386930595707,0.009695094518654801,0.16191275041338982,6.666874231103833e-24,0,-0.06043027416393564,2.633415321286014e-23,0
proteome,RTBDN,10318,0.034910753698216834,0.004829715757681208,0.030636526694952315,1.5956479620749913e-12,2.961596416975861e-69,-0.04610435075417762,4.3753086239636015e-12,2.314638055299583e-68
proteome,RTKN2,9611,0.0010351843185018028,6.301378183513062e-4,4.3024155628756944e-4,0.013869357563796146,0.24735286745641835,-0.026696612628776432,0.02126974404983008,0.3115090183434342
proteome,RTN4IP1,9908,0.002340139645374717,0.0018553374402213718,5.246806816618932e-4,1.8004326483560167e-5,0.15789083661978776,0.08264369158459843,3.636948604799334e-5,0.21209325158071674
proteome,RTN4R,10438,0.04529420620090707,0.03676418421177452,0.007847155218427937,5.625409421653188e-87,1.0372285512128051e-17,0.159088777341047,6.300027486395505e-86,3.41421064774215e-17
proteome,RUVBL1,10125,0.004330259619604981,0.002813415601621516,0.0016256457733740959,9.319248526758579e-8,9.100190173520071e-4,-0.12369213482775641,2.1381603958960224e-7,0.0017604140223162917
proteome,RWDD1,10430,0.004975546080893567,0.004563660018218396,4.868841883262087e-4,5.010782944558117e-12,0.16622732912972688,0.09773132742348109,1.35490458343602e-11,0.22196550162000533
proteome,RYR1,9611,5.112602922892062e-4,1.5043851621898696e-4,3.7562778211730485e-4,0.2293084376580611,0.3068796798413811,-0.0082481144819205425,0.2795114942762772,0.3717402835376531
proteome,S100A11,10180,0.015263502377899085,0.0015159528315359383,0.013679222942522218,8.535744721023425e-5,3.501986219465193e-30,0.03585690208628223,1.640366983533956e-4,1.4728497438124832e-29
proteome,S100A12,10175,0.019250233488664947,0.013747451217598572,0.005300833018830997,1.8023190498204094e-32,1.0918824809045336e-11,0.1952699186936732,8.594092304445444e-32,3.030933040535566e-11
proteome,S100A13,9627,0.05354745961169305,0.008685854353287392,0.04552960811384221,5.1105163922610096e-20,7.25932071134946e-97,0.06671220032870374,1.7932820425664984e-19,7.977065578674613e-96
proteome,S100A14,9908,0.008400922078546369,0.003053153607687209,0.005186446544908518,3.7394235525888633e-8,3.832350085155251e-11,-0.05989259349538244,8.765304766814152e-8,1.0439850231974648e-10
proteome,S100A16,10114,0.00710404077876714,0.0027513341819805914,0.004324187501788868,1.3108105295260884e-7,1.656019912085443e-9,-0.07134355473764149,2.979392828775083e-7,4.2836692062174775e-9
proteome,S100A3,9877,0.0019294846795626652,0.0010418794895642458,9.466184943042188e-4,0.00133733158563319,0.024982775711211554,-0.028914853780703798,0.0023171429904006013,0.04056925189103965
proteome,S100A4,10379,0.009127800375770545,0.0043088128798530745,0.005081621670531611,2.18887352370125e-11,1.9698839977796844e-11,0.08491142855907115,5.7484971336736334e-11,5.4269282992554357e-11
proteome,S100G,9908,0.013280972854218587,1.63128073033314e-4,0.013114105299077305,0.20371933971907877,3.7562161884106966e-28,0.01243908090388727,0.2522116179580124,1.510236577541192e-27
proteome,S100P,10146,0.03333141166407361,0.002252268876542174,0.030913645959601,1.7379756249006127e-6,1.0054708013938758e-68,0.05399345340992744,3.708104198236855e-6,7.816465831048667e-68
proteome,SAA4,9911,0.0014693498582977194,0.0010427484289906586,4.2302560912377274e-4,0.0013057825930206752,0.2415052538607479,-0.0222920313553201,0.002269204827229152,0.3058578236719957
proteome,SAFB2,9908,0.0013536256339649055,6.49595274810788e-4,7.224297614402131e-4,0.011191158858129576,0.0670534595378185,0.01321322334721789,0.01738138009687181,0.10076980063189896
proteome,SAG,9605,7.765350442775487e-4,5.783281971987186e-4,1.950453566010868e-4,0.018446220648260302,0.599240456008219,-0.02595391407357364,0.027707247150495818,0.6475560198312595
proteome,SAMD9L,10298,0.0010339731706260347,4.993092652163522e-4,5.574825629193203e-4,0.023374937738280335,0.12496566727324718,0.035801912089049856,0.034524983834761706,0.17344475092103584
proteome,SAP18,9746,0.001943453268889117,4.631056062327499e-4,0.0014580539589184038,0.033659338598673476,0.002627873870440522,-0.03228133478426085,0.04832330389190696,0.0048646455499035115
proteome,SARG,9862,0.002346799418794454,0.0018269720861598948,5.8488319744332e-4,2.1813515402558474e-5,0.12350387151189596,0.09756598836575905,4.3852067071305656e-5,0.17215155766775006
proteome,SART1,9611,0.004675485959939718,0.0021816454220768833,0.002420844665181443,4.6442103127694825e-6,3.523552888248954e-5,0.03072748995411175,9.703378659203143e-6,7.523261572207226e-5
proteome,SAT1,9611,0.0018981695714915814,0.001337118832798856,5.540567565438526e-4,3.3706659114490507e-4,0.14955126113648176,-0.03810987340885059,6.153939075056574e-4,0.202754330381232
proteome,SAT2,9746,0.002524276550767479,0.002387047284265531,1.8191367142017523e-4,1.4013404736743422e-6,0.6209870976643691,0.06842761334517779,3.0118516209927224e-6,0.6668425005411281
proteome,SATB1,9908,2.468427768713699e-4,5.4733436071763286e-5,1.8402097649317106e-4,0.461599799556343,0.6100251060528752,-0.00437285812688857,0.5185458163348158,0.6567599944723956
proteome,SBSN,9915,0.004189935104101927,0.0013282195652718487,0.002810524874289455,2.843543282070377e-4,3.8249339780045585e-6,0.02612456000301917,5.22418416938511e-4,8.60021693669794e-6
proteome,SCAMP3,10318,0.0032008580987430424,0.0019013594127408329,0.0012968913921070913,9.41574887431338e-6,0.0038753544266665373,0.08431776395438566,1.9300304319507722e-5,0.00703144692063705
proteome,SCARA5,10430,0.12545229497867716,0.00446752162351427,0.1215717271034713,8.374752838815737e-12,1.054006663375213e-292,0.04395959660795173,2.2437582536992117e-11,6.846358837879438e-291
proteome,SCARB1,10131,6.764889065219437e-4,4.47798365597718e-4,2.482171170675729e-4,0.033204617934099415,0.4727874039181751,-0.027957704914559258,0.04771735409113696,0.5331626472426025
proteome,SCARB2,10139,0.14921404248359427,3.628980474322807e-4,0.14910213491004298,0.055131813470275584,0,-0.012656983237950123,0.0764694379112807,0
proteome,SCARF1,10431,0.007468153537586786,0.0010401271337747708,0.006528341054036546,9.88230291859046e-4,9.912101764402338e-15,-0.0304457443642964,0.0017369796410727548,3.0055055453680534e-14
proteome,SCARF2,10430,0.2491253648496794,0.017300733732256712,0.24008647816125883,1.8368263545680934e-41,0,-0.08379608557565706,1.0405122934888638e-40,0
proteome,SCG2,10394,0.028454817906679253,1.7886474193351543e-4,0.028344115211246912,0.1728208356254846,1.8686173180299123e-64,-0.009655676131710995,0.2172710978637813,1.3654921051503585e-63
proteome,SCG3,10341,0.03971472177563673,0.03831511872809812,0.0023325277491608176,8.231352523642544e-90,2.337266680929357e-5,-0.15077542544618666,9.54771564547903e-89,5.056869362217995e-5
proteome,SCGB1A1,10326,0.057895827815075185,0.003498066039915426,0.054218430003925344,1.812899709510527e-9,2.21464063001947e-124,0.07446593425056837,4.483169078594983e-9,3.0391523763131036e-123
proteome,SCGB2A2,9611,2.7172636261596494e-4,3.892879272449079e-5,2.3867202290639433e-4,0.5408656162965866,0.5138485751368813,-0.004186648092998265,0.5954614675837749,0.570660860609842
proteome,SCGB3A1,9676,0.055217209015597346,0.040381914355107296,0.016197207072085162,1.1014642415930586e-88,5.116967198943177e-34,-0.11305065181534389,1.2576484289751994e-87,2.3224992426259172e-33
proteome,SCGB3A2,10343,0.02606355330961807,0.01899950627962943,0.007550605817037481,4.913906113271182e-45,6.905089306552688e-17,-0.26898426017831634,2.931295422263605e-44,2.2451141315966084e-16
proteome,SCGN,10167,0.02560052994482276,0.00859162222905041,0.017591102878581344,7.691061829573449e-21,7.371998935087386e-39,-0.09154417057943098,2.7651874203989167e-20,3.6399244741993966e-38
proteome,SCIN,9605,1.3002283725238595e-4,3.404270097584483e-5,9.636326705331211e-5,0.567550373410804,0.8193474047459105,-0.008438627049899268,0.6190110975670822,0.8435901599409286
proteome,SCLY,10409,0.06565530346881976,0.06323882546152682,0.0041166498326115075,8.047630962913026e-150,2.5590490171264882e-9,0.2899853480356479,1.680230378899627e-148,6.573023090563027e-9
proteome,SCN2A,9605,6.701364164133361e-4,8.114536283254647e-5,6.015459466008899e-4,0.37745127795754463,0.12298475203527512,-0.009060913792388152,0.43487981295620926,0.1715916134601953
proteome,SCN2B,9655,5.207295604949813e-4,4.223910109474316e-4,9.965666726696742e-5,0.04347789972168534,0.8104978201362159,-0.012111216658117766,0.06148326119326863,0.8356561298970578
proteome,SCN3A,9655,6.25236925497541e-4,1.5310818095448653e-4,4.44940394417892e-4,0.2241612971355383,0.2313352383052491,-0.009393086923804857,0.27380838760015813,0.2950230809625843
proteome,SCN3B,9605,9.759102684200327e-4,7.129465850931327e-4,3.038010506288824e-4,0.008882147949790597,0.4045864803310384,-0.024182150067461793,0.01400351588847784,0.46910205553654316
proteome,SCN4B,9666,0.05005374913191851,0.040697035816372185,0.00971905682149321,2.7606390946831707e-89,2.5343210414890165e-20,0.17583516639798794,3.176908690456263e-88,8.777038393687672e-20
proteome,SCP2,10125,0.0051997213753731675,2.455034397571554e-4,0.004922980828687029,0.11495994157948837,8.203281071262443e-11,-0.026629159593269426,0.1502808180844564,2.2099714812258178e-10
proteome,SCPEP1,9622,0.020118597641158753,0.017353632793553952,0.0028690551015445598,1.6997475869683467e-38,4.337182494582805e-6,0.13893308257709366,9.082929061624273e-38,9.70718562914666e-6
proteome,SCRG1,9919,0.22463992010341405,0.07291221806538428,0.1728244326133318,3.089870661202414e-165,0,0.1564488735369012,7.403026182536604e-164,0
proteome,SCRIB,9666,9.94470987503937e-4,2.7704483193669027e-5,9.749392838349635e-4,0.6049173571553114,0.024154095121802218,-0.009520189751614495,0.655607502767881,0.03937669829393635
proteome,SCRN1,10298,0.005475035713961907,1.3854585417727439e-4,0.005336737690439741,0.2324049242956197,6.598931015446672e-12,0.014708530023474935,0.2828141522548278,1.856465385770031e-11
proteome,SCT,9655,0.006625396231858649,1.7870852797585712e-8,0.006622151639120832,0.9895226216630604,7.738557220175255e-14,-1.2907327994153263e-4,0.9915579784439924,2.287138802282333e-13
proteome,SDC1,10283,0.05887055770695282,0.051708359327172215,0.006342526408732674,1.1039812397432564e-120,4.120493563192091e-14,0.19878947687257015,1.753770197700836e-119,1.2240043379278946e-13
proteome,SDC4,10283,0.0017861287674519888,1.031278202678898e-5,0.0017652889123170867,0.7447562918483277,4.075528219043412e-4,-0.0032813015155680374,0.7843058093864055,8.065517254071694e-4
proteome,SDCCAG8,9877,0.0026011099610394606,8.209921060662317e-4,0.0018033253733448218,0.00440763470193064,4.792279449962461e-4,0.06982611477204675,0.007197495102649867,9.445605416210569e-4
proteome,SDHB,9886,0.0032398195873276636,6.216061678621099e-5,0.00321304581563453,0.4332119033214896,5.764495029781216e-7,0.011228717792372844,0.4902355375178916,1.3479695177640395e-6
proteome,SDK2,9676,0.03172542587380023,9.154173304656288e-4,0.030932680630538112,0.0029203139000363847,1.4316352646987044e-65,-0.023337374466283832,0.004888933293130786,1.0514245926417873e-64
proteome,SEC31A,9666,0.0014483841323138513,0.0012376192131146047,2.4462444438833053e-4,5.425504702935429e-4,0.5004223207733098,0.05610840303297067,9.771257083598434e-4,0.5576570505605736
proteome,SEL1L,9666,0.02443296777693471,0.0025229170977011384,0.021704715549985765,7.812914836424922e-7,1.0713125198271637e-45,0.03282979257949525,1.7029940392893398e-6,5.84225092435597e-45
proteome,SELE,10431,0.02541469610056446,0.024298275980333406,0.0013117200057616296,1.0193533926321761e-57,0.003365854432851736,0.18550083554434038,7.467593901413159e-57,0.006152840842542604
proteome,SELENOP,9911,0.013828317608264085,2.378596743336514e-4,0.013620700296651078,0.12476988550967509,2.95014904424071e-29,0.0072776196877452565,0.1618022960713311,1.2128390515211807e-28
proteome,SELL,9911,0.05376771434113181,0.03501473337703165,0.019889985645895947,9.153679433520308e-79,6.848568594049336e-43,-0.0892080957922681,9.131810574805413e-78,3.587520788603263e-42
proteome,SELP,10345,0.009426003275499806,0.0054475276444382326,0.003965029807560194,5.6810791987327615e-14,6.282844455467675e-9,0.09481116819755891,1.6523178604871504e-13,1.5927800818154392e-8
proteome,SELPLG,10298,0.011546457150830136,1.7606893720767403e-10,0.011541795036493552,0.9989259072667278,9.905909295927185e-26,-8.81530661818267e-6,0.998942459231557,3.8401820785139474e-25
proteome,SEMA3F,10283,0.04823983608155247,0.011217313734222523,0.03752782630149709,4.905330680597272e-27,6.730562200685171e-85,0.06545297926126407,2.0993091624283785e-26,6.30558760019319e-84
proteome,SEMA3G,9676,0.015832340050720095,0.012580439643735009,0.0033663994959894916,1.8577483148642088e-28,3.8864437239101026e-7,-0.10104037756525333,8.165711765936966e-28,9.131893090827356e-7
proteome,SEMA4C,10318,0.03140569952509775,0.00854674952730472,0.023513388622173115,5.039565088446523e-21,6.4610027031717835e-53,-0.05631151548683522,1.827623914829924e-20,3.918155788666208e-52
proteome,SEMA4D,10430,0.0016880343247119844,2.6202743965364483e-4,0.0014232506244179488,0.09836448323420387,0.0019506469381243004,-0.010763257360256793,0.13015816409849612,0.0036596540437338447
proteome,SEMA6C,9627,0.003547406046102042,0.002986252034977488,4.656928535924365e-4,8.128488225150538e-8,0.21388591939378263,0.028954347852986777,1.8752621217138926e-7,0.2758996215304619
proteome,SEMA7A,10390,0.02371879051675929,0.0025809621077166334,0.020970627199719205,2.2139865489661333e-7,1.904163487427078e-47,0.030409471838024057,4.951402205530228e-7,1.064219861137543e-46
proteome,SEPTIN3,9908,0.032944758654902206,0.006290026284043737,0.026876219715987304,2.6865824631954912e-15,3.391525288898518e-58,0.12575825122542464,8.104107884334799e-15,2.2377942256095642e-57
proteome,SEPTIN7,9746,5.025738052227835e-4,2.7623205173243903e-6,4.991970344159213e-4,0.8697061369852344,0.18201995444873645,0.0018270455639941654,0.8941790497389519,0.2394438914732928
proteome,SEPTIN8,9881,0.07783096148104118,0.013895821017018473,0.06509468317152212,6.620845459933609e-32,9.061947308759578e-144,0.07782263723698528,3.1264509336649337e-31,1.5766709513990625e-142
proteome,SEPTIN9,10318,8.200067843723291e-4,1.6467648571238946e-4,6.652750072975167e-4,0.19250179345222304,0.07637484204013131,0.007531919738121835,0.23933761899653253,0.11292041643060387
proteome,SERPINA1,9733,0.0023719338764092157,0.0010359694206872883,0.0013801499771917136,0.0014967467431902556,0.003782505935551894,-0.0055050378998846815,0.0025856919210077525,0.00687578659802126
proteome,SERPINA11,10431,0.1880288971506664,0.1721152759876482,0.024616444482081556,0,4.784061964747364e-56,-0.4289531608730208,0,3.059915344191804e-55
proteome,SERPINA12,9980,0.027120161890119454,0.02444304433094424,0.0026201491795162513,1.2710590736495105e-55,8.780065697680564e-6,-0.41995413498968737,9.10614135362137e-55,1.941311046469008e-5
proteome,SERPINA3,9869,0.017554516316145574,0.009822730619606257,0.007752346485733641,5.764189733097619e-23,1.5117567486143664e-16,-0.030549054235222306,2.2227871490559815e-22,4.834644394091678e-16
proteome,SERPINA4,9775,0.011222261743260242,0.005116235565955307,0.006456010029598391,1.4526322847093385e-12,1.1683530313261363e-13,0.03518500602251514,3.994397147888426e-12,3.442637006619251e-13
proteome,SERPINA5,9807,0.0071480927015070694,2.3930329727306354e-4,0.006955103268081353,0.1256200919665956,9.32125852883584e-15,0.010424779972914267,0.16254428013207567,2.8292875056892174e-14
proteome,SERPINA6,9911,0.17035539138376177,0.16332185576471214,0.006931538641623991,0,7.31831742969869e-15,-0.1587732433305303,0,2.2329271239049344e-14
proteome,SERPINA7,9911,0.0360271707691876,0.03579094244092573,3.210234895155706e-4,1.682317107718877e-80,0.36459075675741237,-0.07420136516604874,1.719375141909887e-79,0.43006407667551105
proteome,SERPINA9,10242,0.023942938390139168,0.004928000245175368,0.019534700485611678,1.1497865462864247e-12,1.586474125625469e-43,-0.1142571170096882,3.1735845843203203e-12,8.431388853096811e-43
proteome,SERPINB1,10302,0.0017198655625442205,0.0014461745289808814,3.263678645085699e-4,1.1328406949911486e-4,0.33919860385922324,0.07544212644090792,2.161418636722668e-4,0.4053464918562999
proteome,SERPINB5,10146,0.002873643647766211,0.0012198668801783885,0.0015217153106951153,4.345126984445447e-4,0.0014738132400998298,0.037736803515580494,7.86914880764191e-4,0.0028010117690583894
proteome,SERPINB6,10414,0.0010768848064057757,4.0252227051562617e-4,6.810659232852068e-4,0.040651189983277235,0.06902340522249009,0.026901098671901134,0.057709290102534894,0.10319969998227035
proteome,SERPINB8,10432,0.021207666558037075,0.011033026608231356,0.010050923414461788,5.598884029138823e-27,1.1061596916476363e-22,0.12218312668052368,2.392622517130523e-26,4.021523356574678e-22
proteome,SERPINB9,10264,7.913254386089363e-4,4.470686992830153e-5,7.563581195069169e-4,0.4982622820345646,0.05117709494944102,0.004926372681630269,0.5544045109962057,0.079023057864350807
proteome,SERPINC1,9892,0.03309000764251535,0.02519024009083315,0.007046671485570699,8.461913859275196e-57,4.4387338770515e-15,-0.04913887306625191,6.152779654393383e-56,1.3657283286970036e-14
proteome,SERPIND1,9892,0.024942060057988158,0.019299399842676035,0.005483407921248573,8.314146656113879e-44,9.372877802089322e-12,-0.08609082878755803,4.860450135164174e-43,2.6167069546807152e-11
proteome,SERPINE1,10431,0.005875034123721368,0.0038223607252174663,0.0019951401663471646,2.6371768463532763e-10,1.1456696713512315e-4,0.09404258120297627,6.685574953938098e-10,2.359966490034989e-4
proteome,SERPINE2,9919,4.5090992109575456e-4,1.762231213002785e-4,2.775789060185385e-4,0.1862364436180131,0.43138941778669004,-0.017749828065798078,0.2324377133627038,0.49236675837192306
proteome,SERPINF1,9730,0.0694706539123785,0.05637187556098067,0.013949618626658111,1.0022360173658605e-124,2.0217240441448662e-29,0.142579977193417,1.6551050162488193e-123,8.370395723846238e-29
proteome,SERPINF2,9721,0.05142549533388219,0.04615056925771355,0.0043315981514011614,7.729776522126826e-102,3.6754016807713045e-9,-0.060538409505053715,1.0316957431130918e-100,9.358187380570142e-9
proteome,SERPING1,9892,0.03570624763129726,0.009216585602885963,0.026298782758499506,1.0923306863526895e-21,7.827118634411135e-57,-0.03776553945638673,4.036514028077006e-21,5.061652161146847e-56
proteome,SERPINH1,9746,0.0013966297747811662,0.0011655159791947867,2.3333497473432274e-4,7.506992080808456e-4,0.517655616090767,-0.09191308049296577,0.0013322973802187684,0.5740164513783429
proteome,SERPINI1,9659,0.0537228655055928,0.052819662814288626,5.954470551300384e-4,6.136080412258363e-116,0.12440280182662682,-0.14752033008498172,9.439875286858523e-115,0.1729098382022017
proteome,SERPINI2,9886,0.008233028849514934,0.00546703390343195,0.0025223078027964974,1.8432000942221089e-13,1.5773557319489078e-5,-0.08690735923514452,5.256267195523145e-13,3.430513991433525e-5
proteome,SESTD1,10131,6.48826308390138e-4,3.0238944239813215e-5,6.116720124339503e-4,0.5800282005361317,0.10245454626755124,-0.007782433986048884,0.6316580132667231,0.14622785094729115
proteome,SETMAR,10237,0.05260590870037862,0.03652378482321339,0.017609111224015095,8.812403379255616e-85,3.6206018899522045e-39,0.13372417924427019,9.683704916377506e-84,1.8090631323641526e-38
proteome,SEZ6,9655,0.032265770430577545,0.025488148669940758,0.007549323248311146,4.005630058691302e-56,9.111465636532756e-16,-0.10077072727540068,2.8981328370184845e-55,2.854535268551473e-15
proteome,SEZ6L,10379,0.08105633750668506,0.07031112573041409,0.013760285532966599,1.7266283733446903e-166,5.880139628067956e-31,-0.17042272588454346,4.2057789460721084e-165,2.512814054509157e-30
proteome,SEZ6L2,10318,0.17435234496890994,0.1727464163724669,0.004873487981401969,0,6.612670485097225e-11,-0.24006673392147704,0,1.7863988750405903e-10
proteome,SF3B4,10318,1.272951577495629e-4,9.648360454672655e-5,3.0093210454884556e-5,0.3185148394502892,0.9580663206627031,-0.01597329337128534,0.3746554831843844,0.9640027040609573
proteome,SFRP1,10233,0.08626233752237833,0.005434274313511067,0.08228876916057914,8.311414016130912e-14,4.402835288961939e-190,-0.07271186893172496,2.400618890232278e-13,1.1594132927599771e-188
proteome,SFRP4,9676,0.028225252598964135,0.011061014477209752,0.018376408081797857,3.35333420959736e-25,1.200067081310035e-38,-0.09270170736585913,1.3538392119686578e-24,5.905380603820257e-38
proteome,SFTPA1,10125,0.005372206669717494,0.0025296231318294726,0.0029223843797152593,4.1335527383779007e-7,1.6594463318807582e-6,-0.0635527051893368,9.105029882651548e-7,3.7895012719433253e-6
proteome,SFTPA2,10125,0.012289453893792768,2.5052226380861686e-4,0.01207021477607051,0.11131319634988136,1.8316861763135508e-26,-0.01837440191860035,0.14583974582281634,7.196261684629716e-26
proteome,SFTPD,10283,0.03804862760816996,3.3697070461524703e-4,0.03767720090834714,0.06272600338345528,3.0374117364177915e-85,0.028106399575787262,0.08595785648843873,2.8732538852910047e-84
proteome,SGSH,9772,0.01667694242209572,0.011730770817711123,0.00502151612423285,6.95207929493372e-27,1.199440097312113e-10,0.12735031372448916,2.949336397545902e-26,3.2194337965503274e-10
proteome,SH2B3,10125,0.005710680301821425,0.0047725528515042415,0.0010870494384478402,3.455421034659668e-12,0.011685563435690995,0.15150288941175286,9.404279035670587e-12,0.0199864844485224
proteome,SH2D1A,10298,0.008199449238949774,0.006416662434990061,0.0016587820268434417,3.9594019973611345e-16,6.776191476978298e-4,0.09587832219708797,1.2208156158530166e-15,0.001322216801549237
proteome,SH3BGRL2,9605,0.001400549527337147,7.523892517939945e-4,6.71438381569911e-4,0.007188399511378197,0.09172350404309754,-0.033846745750972934,0.011481798782381678,0.13304889156003114
proteome,SH3BP1,9886,0.0045384068154145085,0.0028167677957962045,0.0016897192937443961,1.297228024398767e-7,8.103163906056575e-4,0.046217514864632527,2.9508151870175845e-7,0.0015727455575965052
proteome,SH3GL3,9721,6.72532647477242e-4,1.698563614469517e-4,4.864913165628648e-4,0.19890726647801035,0.19282105256016674,-0.020849856805159755,0.24646288254142615,0.2513898022450345
proteome,SH3GLB2,9903,0.014432983512330244,0.013968547254378572,5.099026973928167e-4,3.9259919095799315e-32,0.16827574780892093,0.1648689330619473,1.8600775706512352e-31,0.2241887013880929
proteome,SHBG,9904,0.14471289908577256,0.13917707429210258,0.00925074870617526,0,8.129717205261271e-20,-0.4606910895909331,0,2.7825718256415336e-19
proteome,SHC1,9580,0.0032254363147180554,0.0020448507239065883,0.0011809711976364934,9.554576776668915e-6,0.010138640733958799,-0.1084870192167162,1.9557442519750165e-5,0.0174839214544906
proteome,SHD,9588,0.0015425525867350798,0.001384050308448126,1.5526124214726433e-4,2.6942138207412033e-4,0.6850284279532428,-0.06476936436193541,4.95918576701923e-4,0.7235802121672819
proteome,SHH,9627,9.766654188232415e-4,8.200522010493039e-5,9.027096395327616e-4,0.37438887724600345,0.03370572203593648,0.007901525785549111,0.43219416362063046,0.053866498365796794
proteome,SHISA5,9921,0.12457980863068097,0.008545019566318035,0.1172018998097808,2.84768533825584e-20,1.0368333191176802e-267,0.04746417409428271,1.0077220634045788e-19,5.41189962818032e-266
proteome,SHMT1,10343,0.003181266570676744,0.002342433123681209,8.812910761145654e-4,8.49015597417251e-7,0.027797241741600653,0.09448205323852132,1.8492344197098543e-6,0.04493989912096167
proteome,SHPK,9746,7.589679425303864e-4,3.2669139483876286e-4,4.2922607636031174e-4,0.07442359949825904,0.2424497104915848,-0.015671770663478655,0.10052688601359111,0.30678809686878894
proteome,SIAE,10362,0.018648116021431238,0.010965931098380621,0.0075298133185697225,1.180470737498806e-26,7.15848622221778e-17,0.11080505092551111,4.9935108042098556e-26,2.3249172475047303e-16
proteome,SIGLEC1,10351,0.032367083394364116,3.755378227239259e-4,0.032118591671570496,0.048694426663003845,6.636903709890398e-73,-0.018839985991538594,0.06813490145330792,5.388797095558232e-72
proteome,SIGLEC10,10298,0.030179727820328406,0.0010053538291731057,0.02943160488205887,0.0012927779028534564,2.366411387895039e-66,-0.023514431218443585,0.0022492796488337223,1.7600561035158266e-65
proteome,SIGLEC15,10131,0.0015718600418144213,0.0013813098939650104,1.7449654132173364e-4,1.8318805508312028e-4,0.6220999039324331,-0.06439815168172094,3.4303078955591585e-4,0.6677921480699603
proteome,SIGLEC5,10349,0.006010570308806806,5.683267710191453e-4,0.005346195908945139,0.015312438344538581,5.4987287935025505e-12,0.06413440067498054,0.02334807369905387,1.5529260157882083e-11
proteome,SIGLEC6,10438,0.023617821383789206,0.012818969022186155,0.011750233913780272,4.041721060713101e-31,1.485607754680358e-26,-0.08413239537179334,1.8752302635657772e-30,5.852333513383675e-26
proteome,SIGLEC7,10283,0.060611622326409154,8.369439812796475e-4,0.059860274415338144,0.0033518736994208476,3.4113199716698406e-137,0.01837166197760284,0.005569941343608378,5.419178411516817e-136
proteome,SIGLEC8,9666,0.033414606486838916,0.008856406519605842,0.024713858212183193,1.856255686679641e-20,3.936415994729631e-52,0.0916364109405462,6.608812877179769e-20,2.3578163837284245e-51
proteome,SIGLEC9,10420,0.027818311291282094,0.022281708003147216,0.005909084924593966,5.6933575452544405e-53,2.5110375455701307e-13,-0.10149778824612121,3.834489425064223e-52,7.332430315386107e-13
proteome,SIL1,9666,0.002135736002944033,0.0017843490352736913,3.9879296300959766e-4,3.2716308062526196e-5,0.27770064454587196,0.02798443579451437,6.483374133339937e-5,0.3427867331113107
proteome,SIRPA,10348,0.009466848069034639,0.0011827002661289887,0.008426955310653628,4.67929613935308e-4,7.417158799024716e-19,-0.0441758713072544,8.458616336010546e-4,2.5063994415663867e-18
proteome,SIRPB1,10309,0.044009097641915074,0.013604200734595895,0.030117511317207857,1.5046708853643193e-32,5.322696675342515e-68,0.11765199970926583,7.186524506405074e-32,4.062204277291428e-67
proteome,SIRT1,9627,9.756419945032846e-4,1.530382880529091e-4,8.329928963671795e-4,0.224940552574587,0.04562446548960791,0.02057244572290872,0.27464546164390885,0.07116345390935108
proteome,SIRT2,10318,0.001305209518517647,6.133986738898756e-5,0.0012509792068001735,0.4264080488700843,0.00483521926624709,0.015693361209278715,0.48435682478308567,0.008665448139325717
proteome,SIRT5,10131,6.512529242352905e-5,2.110431216240105e-5,4.207658045662921e-5,0.6438873884248515,0.9348001434258303,-0.005458046252690979,0.6911798884927803,0.9450938595800416
proteome,SIT1,10167,0.005158374082995465,6.094175886151021e-7,0.005153998796553649,0.937276760477278,2.3284998311820352e-11,-9.95923859751495e-4,0.9496221736135473,6.390802823047032e-11
proteome,SKAP1,10256,0.004526126751811854,3.392450121939561e-4,0.004137497107175925,0.062189071171146894,3.1369347428537755e-9,-0.030279553569397023,0.08530261667552025,8.01508763405733e-9
proteome,SKAP2,10351,0.0010509790897276217,5.236227011515826e-4,5.471646693341325e-4,0.019923814758474087,0.1292198488290414,0.05396420053516875,0.02974326380950958,0.17883978131026892
proteome,SKIV2L,9611,6.46115320218299e-4,4.022380183296148e-4,2.703702254546192e-4,0.04931863383296733,0.45789944554997397,-0.016022086275063775,0.06890935310409345,0.5185742267890638
proteome,SLA2,9908,0.00397130226061293,0.0029315425109014415,0.00111369945878248,6.972921125472212e-8,0.01153455583176654,0.11772813504127011,1.609940635841649e-7,0.01973975801888384
proteome,SLAMF1,10167,0.018772465246986392,0.009763606873365305,0.008680570749297511,1.7728460493650784e-23,4.3745126050886765e-19,0.12970632246322406,6.965092745018984e-23,1.4885565011262168e-18
proteome,SLAMF6,10125,0.013477554271340786,0.010792610951561588,0.0028858230309843913,1.0787685479803283e-25,1.9859918921403673e-6,-0.08697578758362243,4.428708519306881e-25,4.514039114095096e-6
proteome,SLAMF7,10298,0.0045970234429130175,0.0018923523439200451,0.0024971833924266607,1.0083755378595999e-5,1.0826941066114637e-5,0.057214785474996865,2.058297274555594e-5,2.3759120672862677e-5
proteome,SLAMF8,10125,0.02847982767704682,1.4284518895213427e-4,0.028266799121220543,0.2292312343182431,1.3173395342797326e-62,0.013943242695450166,0.2795114942762772,9.278514358312429e-62
proteome,SLC12A2,9611,0.001815867341141808,0.001536065655402763,3.0117191741318994e-4,1.2170888525875991e-4,0.4083155558222268,-0.021025451846515237,2.311598905856759e-4,0.47248528689736463
proteome,SLC13A1,9877,2.2028509753568848e-4,6.547674869294973e-6,2.165040177399824e-4,0.7993137863195191,0.5443300732038422,0.0032813952221323914,0.8320492156025479,0.5992756323822338
proteome,SLC16A1,10131,0.005625846458882089,0.005488295269436172,7.666894650393274e-5,8.336033774074691e-14,0.8550988544394924,0.09587574766499188,2.4053530820947997e-13,0.8745465190785991
proteome,SLC1A4,9655,0.0012141141691253132,2.891370595885512e-4,9.059208850041855e-4,0.09482869009228305,0.03285749230989324,-0.018128445574748686,0.12565016370795257,0.0525971796395498
proteome,SLC27A4,10131,0.0013918168151652033,9.014143622221304e-4,4.786026711610658e-4,0.0025126110975809248,0.1832927396945138,0.04551420807169913,0.004237947050334127,0.24098238485904827
proteome,SLC28A1,9580,2.564545296788179e-4,6.571681568146026e-6,2.478258550813184e-4,0.8019377121284745,0.49861468401114484,0.0030753619053824634,0.8338896949667489,0.5558545848072374
proteome,SLC34A3,9580,3.152201189856596e-4,1.6785892333937014e-4,1.429726891619687e-4,0.20487173081710494,0.7127858403685334,-0.013215829224997271,0.2533164421228417,0.7491812338717092
proteome,SLC39A14,10131,0.012575270788155124,0.005671057250360545,0.007308248458290589,3.235641427584991e-14,5.172301698242063e-16,-0.05624215908517636,9.47673335955003e-14,1.629163562926891e-15
proteome,SLC39A5,10298,0.0725754201353368,0.04140181091495854,0.033045613924414075,1.1993920550923228e-96,1.1506530928665257e-74,0.2509303105704417,1.530927064207362e-95,9.637131777790414e-74
proteome,SLC44A4,9655,4.5506916682724885e-4,3.7430242736635755e-4,9.541831028203607e-5,0.05734659637771821,0.8203866857216304,-0.02669910638489852,0.07925489419010417,0.8443627754803963
proteome,SLC4A1,9921,0.01709513283551256,0.013112936310996415,0.004160764550399598,2.6285934076344956e-30,5.521676371071082e-9,0.11391290253318433,1.2061818729223911e-29,1.402246744799372e-8
proteome,SLC51B,9611,0.012710879455455792,0.011130301106674234,0.0014338854109268162,3.4389601558307846e-25,0.0032136474816674937,-0.16512975443284722,1.3864938669646045e-24,0.005900434415147038
proteome,SLC9A3R1,9676,4.594871473220241e-4,9.842792127290334e-5,3.7333654503879377e-4,0.32923764840486647,0.3065989016803667,0.01736818962398784,0.3857160906963626,0.37155414163006295
proteome,SLC9A3R2,9886,0.014084233327628093,0.013090459333866655,0.0010541764877947113,3.715643206866366e-30,0.015297075001203373,0.11696632486270554,1.697003920885998e-29,0.0258160220718923
proteome,SLIRP,9580,3.9461536848317547e-4,8.986315875836315e-5,3.1388973188839486e-4,0.3536174147735349,0.39068210287475863,-0.010958424298670815,0.4106570136603268,0.45605582536059086
proteome,SLIT2,10131,0.0015887769382226802,2.1749135761794935e-4,0.0013938408702725003,0.13779173657700086,0.002740395944424392,-0.016721449812270903,0.17697768373766148,0.005069732497185126
proteome,SLITRK1,9627,0.07956725932407926,0.07744825415658374,0.0027299126336668422,1.0856272551660346e-170,8.234972057102575e-6,-0.19970167254194549,2.783586374430104e-169,1.8235472214326385e-5
proteome,SLITRK2,10438,0.041668866941187765,0.03543767255418839,0.006698505554906697,7.513722947483245e-84,4.015226801645116e-15,-0.1749573741709185,8.074489770402031e-83,1.2380282638405775e-14
proteome,SLITRK6,10146,0.01840680178214249,0.002631572699618001,0.015999014099252862,2.350971353505048e-7,3.115458703151087e-35,-0.0386243258007144,5.24571699717195e-7,1.4477719855819758e-34
proteome,SLK,9746,3.032217423137862e-4,4.340029104432652e-6,2.964239809094549e-4,0.837098086135451,0.40921089839821456,0.0034194579556955005,0.8667508699163737,0.4731117249760945
proteome,SLMAP,9886,0.0065351700050017,0.001581350272094162,0.004864712584014441,7.674240991170819e-5,1.9421096798759664e-10,0.07096665482099197,1.484566936941913e-4,5.170115295334653e-10
proteome,SLURP1,9856,0.023669206337977977,0.00564228472017636,0.018202542726724058,8.28562446131752e-14,5.4327627287535266e-39,0.05995685381508056,2.3955371217043633e-13,2.7006743973038367e-38
proteome,SMAD1,10125,0.008158471780581267,0.007660364602478986,6.800530412955919e-4,1.1301447538250729e-18,0.07566104856611042,0.16178191520240615,3.77964887349049e-18,0.11197835187784341
proteome,SMAD2,9877,0.0044971699012321675,0.0036782227559719605,9.500448667391082e-4,1.6265106756487565e-9,0.024600479805013703,0.0880992257970892,4.039329400952689e-9,0.03998742416879622
proteome,SMAD3,9877,3.8272791039339893e-4,7.914899524674723e-8,3.8220926389731513e-4,0.9777003628032555,0.2869152287926538,-3.012242802229673e-4,0.9820680963827889,0.35267166264126454
proteome,SMAD5,10318,0.043370779117990255,0.010984552382206414,0.0328495397130808,1.367069107090887e-26,2.3345062396133285e-74,0.047817421544483055,5.757842939519687e-26,1.9440916633589057e-73
proteome,SMARCA2,10131,5.605621130103655e-4,1.4869529823613448e-4,4.181635735132083e-4,0.21979239109825616,0.2371396070890834,0.017570270543627156,0.2690339862563663,0.30098092554120315
proteome,SMC3,9580,0.0014106114997399777,0.001063018111889913,3.651104870014965e-4,0.0014171982268286391,0.32118338041524913,-0.03448947797214657,0.0024540701522630997,0.38602755795796595
proteome,SMNDC1,9886,0.014806408264047333,0.013726560738306914,9.433532220296525e-4,1.5013846169940703e-31,0.025254664120014304,0.1322075790993578,7.032928261977031e-31,0.040965251510988794
proteome,SMOC1,10438,0.13062211576736604,0.022900498140577374,0.11119884397216628,1.685591862636093e-54,2.3648878290238708e-266,0.11473973906249442,1.1703052290938954e-53,1.2127310744275044e-264
proteome,SMOC2,10351,0.12986258911497117,0.0995288639062013,0.03431079044270691,7.369647708710353e-238,5.520896601567722e-78,0.2869035046211466,3.121953659791357e-236,4.7603483086673895e-77
proteome,SMPD1,10406,0.032487063151928175,0.022580416053965657,0.009766921725589683,1.3525944451015337e-53,5.521575527120489e-22,0.1697477041599333,9.194496658213448e-53,1.9876311903661563e-21
proteome,SMPD3,9627,0.0010517910304204126,7.070082473528139e-4,3.68685844548855e-4,0.009090877197075228,0.3145472982114617,0.029510745444834507,0.014301740606593592,0.37898670761422204
proteome,SMPDL3A,10330,0.008540639293599273,0.007838085787156501,8.131797891119952e-4,1.9958798629008414e-19,0.038430989506236427,0.13074353665889268,6.855413442137673e-19,0.06072096341985356
proteome,SMPDL3B,9877,0.0013855866919314508,2.2887893680134663e-4,0.0011531535203136434,0.13278518026673258,0.009788662992010927,0.024244080085113338,0.17128467869358313,0.016930332500383397
proteome,SMS,9605,7.997513948099222e-4,1.2560419332519057e-4,6.678716037806787e-4,0.27216289785120035,0.09311476128987627,-0.01366808745328754,0.32595007861377684,0.1346731554924831
proteome,SMTN,9884,0.00402309842051074,0.0018233529692337491,0.0022866988704340896,2.1763005268382784e-5,4.8522051580960254e-5,-0.0879946193804996,4.378063620060762e-5,1.0247829246470147e-4
proteome,SNAP23,10283,0.002500284136601527,0.0019995507302441595,5.60487381474406e-4,5.746130174834475e-6,0.12374997698578372,0.08764846105980667,1.1912013121305795e-5,0.17233024427319954
proteome,SNAP25,9605,0.01732024585929326,0.01673893322777187,6.803321498153325e-4,4.0435151410261586e-37,0.0883408864693531,-0.12662235229852295,2.0918928773839757e-36,0.12846786624374085
proteome,SNAP29,10379,0.002073162121350336,0.0016592867014568746,4.608785810548133e-4,3.3170495955439365e-5,0.18843519671722303,0.08444741764659293,6.564479328215928e-5,0.24670872695994164
proteome,SNAPIN,9908,0.005826017681191065,0.004346326749094631,0.0015517974447206706,5.113435896000865e-11,0.001518975734133007,0.07919139671282335,1.3297662921717552e-10,0.002879355428580272
proteome,SNCA,9676,0.0059360310544978034,0.005485317882963137,5.341301290816558e-4,3.0252076221663267e-13,0.15995409861289317,0.17585740917672554,8.568490193403268e-13,0.21456899047521188
proteome,SNCG,10264,0.09019082441624149,0.016145636755147352,0.07721098894252632,3.376199490133652e-38,2.211577223851027e-178,-0.20107853172205173,1.7942965653928482e-37,5.298721496161109e-177
proteome,SNED1,9666,0.024262283880287172,0.00346302721374403,0.020952226173997945,7.080250858071019e-9,4.3186485674846775e-44,-0.04005555663086634,1.7132097067998004e-8,2.311979810028885e-43
proteome,SNRPB2,9903,0.018319734170899382,0.005501805488940081,0.012832434687197858,1.4739992094660067e-13,1.5764880944462019e-27,0.051703744049962384,4.2157531206155947e-13,6.28659577089529e-27
proteome,SNU13,9611,0.0024504622462331316,0.0018541335083150923,6.994465871743571e-4,2.4200073862581143e-5,0.08132164348153995,0.04976911546409625,4.851633463671103e-5,0.11944882607866396
proteome,SNX15,9676,0.011861628423319392,0.011501702068291708,4.1009820284954035e-4,3.8117554280286526e-26,0.26504109803276366,0.1184921898881076,1.5848877832329661e-25,0.32868694507839125
proteome,SNX18,9886,0.005900945859278139,0.0010733637268109941,0.004807768150207781,0.0011241285424603844,2.5620837887162014e-10,-0.030455042152443577,0.001966384039264933,6.801971766046735e-10
proteome,SNX2,9877,0.005801155002413405,0.00534583330173366,4.0952813395489507e-4,3.4866264317759764e-13,0.2567631509390274,-0.11205058183523707,9.85629502909205e-13,0.3201871545199561
proteome,SNX5,9666,8.845168668190073e-4,7.334923345569955e-5,8.289572205011364e-4,0.3999035632574428,0.04575835883980563,0.004957542028713503,0.45857909588132806,0.07133423087400098
proteome,SNX9,10283,7.076496752113082e-4,1.39949173225018e-4,5.669522644184966e-4,0.23039384731371587,0.12022896465399169,0.01805493593679873,0.2807174721542274,0.16822846514294768
proteome,SOD1,10077,0.01957581429281019,0.01891675602284526,6.455406250917006e-4,9.782352187454933e-44,0.08949278001470357,0.14323371420341222,5.7073483920021496e-43,0.12994902930103255
proteome,SOD2,10349,0.04536955879440696,0.04301692266658985,0.0033780342978353417,6.51117640108533e-101,1.2163371816470802e-7,0.1754980430206079,8.573048928095685e-100,2.9238105114756704e-7
proteome,SOD3,9904,0.0354635787227392,0.01927853328008078,0.016876993269904883,8.217577496016969e-44,2.682560071770244e-36,-0.17387918631917423,4.813623050272065e-43,1.270846529948853e-35
proteome,SORBS1,9908,0.025707755817307,0.0021395597211779638,0.02348062834077269,4.116782904497627e-6,9.813332366051093e-51,0.038039774618645446,8.632249949674722e-6,5.759913756218343e-50
proteome,SORCS2,10125,0.10789862290118413,1.2513309645367787e-4,0.10767351605437792,0.2604499751405351,1.178456374231027e-249,0.008611463750882408,0.3134192166882602,5.219133305874685e-248
proteome,SORD,10398,0.03420924230166844,0.030888612481102085,0.003947814694110208,6.89087142944788e-73,6.188655409773443e-9,0.28066651510763957,6.353948639834749e-72,1.5702638682958135e-8
proteome,SORT1,10253,0.02056680705723124,2.7383117656709643e-6,0.020564930359636135,0.8669657546984946,6.684843492707119e-46,-0.0013676672013695089,0.8923638551667286,3.659138114079196e-45
proteome,SOST,10253,0.14392949280982548,0.0685356814935627,0.08607794651630563,3.06058655377466e-160,1.1849723049451143e-199,0.232480557007307,6.989136325533852e-159,3.463674047354569e-198
proteome,SOWAHA,9655,0.0013124144612451927,7.803074424488354e-4,5.545376211157915e-4,0.006059522738062452,0.14769688258953664,-0.028111208051935184,0.009753295684667701,0.20107964033964396
proteome,SOX2,9886,9.864844361483494e-4,1.8951780704612453e-4,7.908398856988352e-4,0.17116523288467883,0.049931740898795526,0.006813610241098019,0.2155605237922948,0.07730427894448057
proteome,SOX9,9655,0.014426564256474594,0.0015936788601050855,0.012856237852360453,8.742805712659395e-5,6.881222784510771e-27,0.02228946778751494,1.6768517780907748e-4,2.721761055361974e-26
proteome,SPACA5_SPACA5B,9908,0.031045873751063824,0.02311729632720705,0.008064332352421544,2.660647832714085e-52,2.795891503276081e-17,0.09387002989544405,1.767516730687107e-51,9.141376805454121e-17
proteome,SPAG1,9908,2.442212909138375e-4,7.3876631538905e-5,1.7622753574275674e-4,0.39236817324698403,0.6268828408497786,-0.010131063220328442,0.4502913900278502,0.6714468830355085
proteome,SPARC,10379,0.0018254503081631679,4.8284456080860405e-4,0.0013077538176922143,0.02520134091013601,0.003542679325492822,0.03459720668213062,0.0370168439599636,0.006455892561356308
proteome,SPARCL1,10320,0.01748337210720019,0.01032742039880008,0.00750993339624928,4.284104184551855e-25,9.272564599140805e-17,-0.06287957358669995,1.7201149081655322e-24,3.001517865258978e-16
proteome,SPART,9676,0.002703085669342964,0.0022004962602059086,5.415146640548318e-4,3.920464127321857e-6,0.15513136929914972,0.07569980441696807,8.226501539240337e-6,0.20896266933705746
proteome,SPESP1,9919,0.1572668788107795,0.1564240812849662,5.53418012956941e-4,0,0.13933517474607582,0.2717176322498309,0,0.19120972571961484
proteome,SPINK1,10349,0.051487945463860485,9.956870522956907e-4,0.05081540060171896,0.0013274074679755503,1.3207744121155965e-116,-0.029528855840894302,0.0023013119981569,1.678532002875604e-115
proteome,SPINK2,9676,0.17194631001383276,0.17051546194857103,0.001313137306970913,0,0.005311697703183324,0.35562496065664245,0,0.00950189252533957
proteome,SPINK4,10298,0.04354628390656423,0.0020838710059531973,0.041445860711284754,3.592912700214527e-6,4.055356769795627e-94,0.06709413830622106,7.5663428117630135e-6,4.233502799325935e-93
proteome,SPINK5,10349,0.03198842942857805,0.02751214738676233,0.004530670430906825,1.0241364091063764e-64,3.5201294418764546e-10,0.12668570269093482,8.361873530217704e-64,9.311618424076812e-10
proteome,SPINK6,10438,0.07584884043050999,0.053602396743056446,0.024482050645103226,5.1939930002593165e-127,8.974438509874539e-56,0.29302938953439817,8.675452308433134e-126,5.727572874315126e-55
proteome,SPINK8,9611,0.0033518110666180823,0.0029011728269331405,4.2227188224830403e-4,1.2724120442413927e-7,0.2553310824346528,-0.04227625893456503,2.8966202533626096e-7,0.31867325104888566
proteome,SPINT1,10297,0.0018257572950746148,6.140370977300025e-4,0.001142441751838641,0.011929588482333536,0.008231937773000748,0.013966530502038662,0.018449834462360277,0.014373927186667376
proteome,SPINT2,10351,0.030540579601321838,0.008556022442278488,0.02179073306864332,4.158755798532513e-21,3.836418485614076e-49,0.08570537789263799,1.513828542853118e-20,2.198794359499989e-48
proteome,SPINT3,9886,0.7322528989245434,0.7314402418079106,0.0063080887637020355,0,1.691920813745888e-13,5.117403792546048,0,4.970336219677619e-13
proteome,SPOCK1,10264,0.030894233281355654,0.014564535448554183,0.017168112453692874,1.3418396204219742e-34,2.8154165974861205e-38,0.0707393167628814,6.681766968472625e-34,1.371577119075322e-37
proteome,SPON1,10341,0.12715417123553396,0.01584728430286353,0.11564780375058392,8.693213396670204e-38,3.984505280548434e-275,-0.09109470510369838,4.59498422395425e-37,2.239751718277514e-273
proteome,SPON2,10230,0.03773959993309184,0.002629491851911636,0.035736984894623736,2.1198194494774589e-7,2.421285005935972e-80,-0.04003280435012071,4.755358596180056e-7,2.131751829021339e-79
proteome,SPP1,10420,0.07073705671283481,0.0038726545036510407,0.06759120112818395,2.058784419216633e-10,1.1257871558957388e-157,-0.06400030489491336,5.237447221384002e-10,2.285191567141142e-156
proteome,SPRED2,9627,6.378134291700199e-4,2.21097263940484e-5,6.137415818758818e-4,0.6446351777416321,0.11619621649966981,-0.0042421537503392415,0.6917285699481611,0.1634463622851467
proteome,SPRING1,9580,0.0024742924902894092,1.263074601999259e-4,0.0023319939625698893,0.27144956408867554,5.499712214392262e-5,-0.011296749257842832,0.32544999008662784,1.1565222160193225e-4
proteome,SPRR1B,9746,7.036950908504425e-4,5.123071118884326e-5,6.517696652579286e-4,0.47992861082897786,0.09571565558451053,-0.011980258784014992,0.5363817272022325,0.13775325518144968
proteome,SPRR3,9903,0.1422258083276139,0.13265036975183708,0.010867572147616023,2.921454345998685e-308,2.728826555048113e-23,-0.5518543472467915,1.7427369496641136e-306,1.0096658253678018e-22
proteome,SPRY2,10167,0.0016858401998167682,9.878973107735334e-4,7.4466219642777e-4,0.0015288807346533267,0.05577568970908414,0.0646152341698451,0.0026380864152253094,0.08549152649169006
proteome,SPTBN2,9605,4.0929466119066227e-4,4.011824597044411e-4,1.2724648481343692e-5,0.04968896801276807,0.9890510730502506,0.012565147968563038,0.0693604840025411,0.9902460478904681
proteome,SPTLC1,9903,9.735496040724767e-4,6.829493938294018e-4,2.870948329398715e-4,0.009312972610635776,0.4165974454300032,0.0181121796868845,0.014627522268075429,0.47960391216695525
proteome,SRC,10359,0.00299720408310844,8.043084171879267e-4,0.0021304131444799257,0.0038979391477345035,6.269107720578145e-5,-0.0769025178072333,0.00641535818064637,1.3126505635565846e-4
proteome,SRP14,10318,0.028754794078314605,0.02521456767648045,0.0033982704591474233,3.178432711468756e-59,1.1560359078369842e-7,0.20695364047857154,2.3883184615997873e-58,2.783437362938636e-7
proteome,SRPK2,10298,0.0023607856217896517,0.0018762874376646588,5.129314276660635e-4,1.0997486535158324e-5,0.1523260287181637,0.08102620459873543,2.238555232748453e-5,0.20575276429907233
proteome,SRPX,9919,0.1517559418424118,0.0316718771849418,0.12823534938344117,2.3221748834586147e-71,1.0315835243104914e-294,-0.13202201258353702,2.08852836441524e-70,7.179330098951349e-293
proteome,SSB,10131,4.3424951225201625e-4,5.982083509259439e-5,3.663245326910314e-4,0.43639857664676185,0.29449776809698425,0.010211810668069095,0.49301648651217717,0.35987331778741005
proteome,SSBP1,9627,0.0010152156505642829,3.257690872316976e-4,7.114292262345723e-4,0.07663318319885254,0.07689803363524864,-0.012516271149177981,0.1031777035883215,0.11363647740941948
proteome,SSC4D,10253,0.10715820129834108,0.10605134343330269,0.0013340618682978755,8.112133792447651e-252,0.0033727365934081376,0.9671474644931779,3.824478560536207e-250,0.006161568164082492
proteome,SSC5D,10345,0.045624991912976975,0.018464845917459893,0.027864989675223106,8.176762866352195e-44,4.782537590807914e-63,0.1361758695688869,4.799332903282624e-43,3.3930479072649353e-62
proteome,SSH3,9580,0.0033910304048231366,0.002926378286124298,5.652774652387116e-4,1.1763088514018256e-7,0.14385245698958254,0.03055012359525911,2.684114576617905e-7,0.19667012711905976
proteome,SSNA1,9886,0.0043766389271693296,0.0028222325922134806,0.0015459301454721075,1.2614287763388925e-7,0.0015864154550606622,0.05612381541145593,2.87385527142524e-7,0.003003298170428961
proteome,ST13,9676,0.01153705851540654,0.010182764692779012,0.0015207511261835505,2.5542290519974788e-23,0.002073095461482452,0.11761385353076696,9.981298822177314e-23,0.003879422556922668
proteome,ST3GAL1,10318,0.04897749293414555,0.04165975147763856,0.008186760932063941,1.953859923927559e-97,2.8908066788339286e-18,-0.20410700009989624,2.51591742627324e-96,9.623949797530266e-18
proteome,ST6GAL1,10431,0.03529544110002092,0.00404939334565102,0.031636660623238444,7.818618489750384e-11,2.400258699922047e-72,-0.0423962639979841,2.017106959006211e-10,1.9381094419536304e-71
proteome,ST8SIA1,9627,2.6427494755065783e-4,4.5602084136064924e-5,2.218797888154933e-4,0.5077165008046742,0.5448093884070357,-0.006395276554572681,0.5634226772407224,0.5995775008711466
proteome,STAB2,9921,0.02334375636435948,0.017599809633465302,0.006194860784766387,3.5048665210253386e-40,2.645805934864025e-13,0.08013120376932877,1.9366209529219403e-39,7.710559070396356e-13
proteome,STAM,9877,0.0012619010072220105,1.1360445136232578e-4,0.0011449061923816117,0.2895935335483715,0.010164489832165209,-0.008140975050352533,0.3450802684720301,0.01751816260578945
proteome,STAMBP,10256,0.005725879070359263,0.005457057531048415,3.590534623924002e-4,6.920177661506296e-14,0.29797410369668226,0.10797467713452294,2.0067142167244945e-13,0.3635134829321378
proteome,STAT2,9627,5.990844893983827e-4,9.049854871290286e-5,5.035819803479447e-4,0.3507418990282989,0.18335437014249859,0.015198427316227092,0.4076415788706631,0.24098238485904827
proteome,STAT5B,10318,0.0020877070703182454,0.0016608466663655674,4.808830133274933e-4,3.469183603207459e-5,0.1746916697328548,0.12617725163543353,6.851637616334732e-5,0.23115586665329343
proteome,STAU1,9580,8.76966896836473e-4,2.794992177860278e-4,6.353555518281429e-4,0.10184321315686594,0.10751058441721284,0.0208972290155804,0.13445696118225797,0.15255021274345298
proteome,STC1,10430,0.05412659812756215,0.0353641155149822,0.01916928024022302,1.2935258154992424e-83,1.731662844842593e-43,0.19197626152413735,1.3849728786462582e-82,9.184628198418387e-43
proteome,STC2,10349,0.052376676831749625,0.028358409189669143,0.025195949993942146,1.1177592042554899e-66,6.194417272002421e-57,0.10144726379657655,9.497703936159294e-66,4.014696604448576e-56
proteome,STEAP4,9605,7.640489317136678e-4,4.220477110896681e-4,3.296019742554668e-4,0.04411114869381103,0.36689798950176034,-0.03148288499851687,0.06231845704785387,0.43243662230388935
proteome,STIP1,10321,0.007787957692528935,0.006982371251180175,9.10319350337474e-4,1.8679769777288546e-17,0.0244684830328022,0.12358207332962702,6.019952266705008e-17,0.03982259237465525
proteome,STK11,10146,0.0066465558900070665,0.006534280226681233,1.278706727766421e-4,3.5376641041372913e-16,0.7298732901229201,0.13097489828024453,1.095453939428347e-15,0.7632986143217515
proteome,STK24,10131,3.9709274693267016e-4,2.9962069964306615e-5,3.7236599813028626e-4,0.581767768946928,0.28722254658249097,0.00748826827872045,0.6328646031380242,0.352901010365961
proteome,STK4,10283,3.4561634084906423e-4,7.143112171159594e-5,2.779240149795026e-4,0.3915382218442026,0.414196147296893,0.016281555338346826,0.4495154055186977,0.47740352466436053
proteome,STOML2,9580,1.0248764092624096e-4,6.419796109879972e-5,3.403559088333008e-5,0.4330299653000572,0.955083431490312,-0.013970639484312755,0.490219437866796,0.9626582311193731
proteome,STX16,10125,4.4678795728247955e-4,6.179786324889136e-7,4.462256187396374e-4,0.9369690400979783,0.2107758953656607,0.0010174115824569826,0.9496221736135473,0.2722483173459241
proteome,STX1B,9655,0.0045494869576558905,0.0014153183808794934,0.0032105743456976032,2.1828093370974912e-4,8.363566644786508e-7,-0.03133515252455066,4.063918275373227e-4,1.932545873732092e-6
proteome,STX3,9903,0.00104184165490262,4.4014739212094867e-4,6.431686864082353e-4,0.03685028143222337,0.09499726864647284,0.015108776851863208,0.05262011364259351,0.13685412333841307
proteome,STX4,10318,0.00422460186653173,0.0011311530815385495,0.003044280722862558,6.346077324547158e-4,6.850310710086007e-7,0.04545117695876573,0.0011359206380680553,1.5954946777355696e-6
proteome,STX5,9627,7.278679091777818e-4,5.066944155439623e-4,2.1757970949187744e-4,0.027226412143177066,0.553150140454606,-0.019397699166349935,0.03967238419466928,0.6067008857594046
proteome,STX6,10125,7.784672053905428e-4,1.0341212106479425e-4,6.876697436825063e-4,0.30630690438051406,0.0731203119648971,0.01489270859207331,0.36263065269511646,0.10860298367550521
proteome,STX7,9627,0.03410815825566782,0.03320153361607714,5.183116899504236e-4,1.2580033992745128e-72,0.17262298728126307,0.19274802247598044,1.1563345710941512e-71,0.2287293707267144
proteome,STX8,10298,0.0016145009348971229,6.265592249165008e-4,9.84846327224398e-4,0.011089727642797968,0.017392786602146142,0.027027147480466092,0.017251343214421747,0.02908416203551097
proteome,STXBP1,9908,5.529685617942093e-4,3.150557731401715e-5,5.27294609111495e-4,0.5764622770142802,0.1561481533268405,0.009016734675471023,0.6280280416372498,0.2102353994354467
proteome,STXBP3,10125,0.0010643870080302431,3.9368795482730423e-4,6.993064509288605e-4,0.04591501237286653,0.0693970986533582,0.018725302409481556,0.0647105020086253,0.10365238598046296
proteome,SUGP1,9886,0.001856145192750791,1.2743989470243022e-4,0.0017540236849992175,0.26179307981196964,5.994263569709984e-4,0.009147578813375695,0.3147762946484522,0.001175132958703037
proteome,SUGT1,10125,4.5877267867200366e-4,3.0225224548763308e-5,4.18681606386917e-4,0.5802263994598534,0.23686955406717516,-0.009889540154848633,0.6316580132667231,0.3007687691304748
proteome,SULT1A1,10430,0.001337960635472868,1.3076392113131607e-4,0.0011903083047172247,0.2429771590461505,0.006083168144514872,-0.03333092520519101,0.29396615724002395,0.010815754553781613
proteome,SULT2A1,10298,0.030674327912492583,0.022885640626995052,0.008215852360370701,9.291216546458202e-54,2.7008530284190406e-18,0.18992128818144494,6.360240272903355e-53,9.022392459507265e-18
proteome,SUMF1,9627,4.6077498520580296e-4,1.4177402035686626e-6,4.6062257681778185e-4,0.9070234388990956,0.21831183401375073,0.0015927250701995488,0.9260319636402574,0.2803714810290832
proteome,SUMF2,10430,0.010472978871668204,0.005437298004922764,0.005062705706902926,4.7376955941998385e-14,1.9112002264489984e-11,0.08663996637629919,1.3848284221846127e-13,5.28018739311004e-11
proteome,SUOX,9908,0.04410527271711362,0.0385820982587457,0.006221033433762013,9.989587142648662e-87,2.421461104005769e-13,0.2452741093233812,1.1144871457237419e-85,7.077930807008863e-13
proteome,SUSD1,10146,0.0015743446978651043,0.0013973248528087456,1.811079561749862e-4,1.6617271015167742e-4,0.6069440883705473,0.040877608382111255,3.1216120293917293e-4,0.6541657707622086
proteome,SUSD2,10349,0.05410854132664267,3.516043199620622e-4,0.053687490062360066,0.056493099777088794,2.117605996412165e-123,0.012395162676483397,0.07814923362443471,2.8135283306876175e-122
proteome,SUSD4,9877,0.04130806666874587,0.03968794303670875,0.0026272966718112745,6.19234069487106e-89,9.666465553120398e-6,-0.17516982882938764,7.0981222945522e-88,2.1276414767899792e-5
proteome,SUSD5,9625,0.17806975814926973,0.05592112334866706,0.13491625155077258,2.1165292383428959e-122,5.112114036821726e-302,0.17164768630129168,3.418019316948223e-121,3.8314639306743344e-300
proteome,SV2A,9655,6.728769266693968e-4,5.291421870514679e-4,1.417218947108445e-4,0.023825248015650093,0.7131033916425129,0.02939886037669588,0.03512127258283853,0.7492455836704045
proteome,SWAP70,9886,0.004823830500096382,9.167425536373841e-4,0.003871767997148723,0.002609721874029257,2.4027559923648434e-8,0.02155093591074301,0.004389077697231024,5.9468719438462636e-8
proteome,SYAP1,9676,0.00238881352110909,7.402764590540567e-4,0.0015759204149432549,0.007448510710205723,0.0016123158853607019,-0.03211748834020148,0.011877794220366245,0.003050355555281121
proteome,SYNGAP1,9605,7.087528445560709e-4,3.6807682042838685e-5,6.740023250449978e-4,0.5522274604015889,0.09073577731054203,-0.007045489237214695,0.6061437727201818,0.1316885189070081
proteome,SYT1,9903,0.019599001379211112,0.004728348734916454,0.015262392013500992,7.432921858720788e-12,8.66235725827502e-33,-0.05642259816972373,1.9969145765662558e-11,3.84219579149285e-32
proteome,SYTL4,9919,5.958715313743035e-4,1.6850506318433212e-4,4.182343410582545e-4,0.19617608618870647,0.24597590597106336,-0.02004586327998859,0.2432849808780607,0.3105895193013342
proteome,TAB2,9746,0.0019217523927484992,2.135759347987598e-5,0.0018979673928384289,0.6483112507726712,3.457398017248097e-4,-0.01036435945593806,0.6954179031223919,6.888871441319828e-4
proteome,TACC3,10318,7.745170441146865e-4,2.211793049665678e-4,5.731479987722832e-4,0.13095357006768046,0.11592778078405758,0.03886404434742717,0.1690712390935645,0.1631472812863747
proteome,TACSTD2,9275,0.003449865016678877,0.0014405889334455635,0.0020201922849760745,2.566146043692246e-4,3.083644212219556e-4,-0.025003821425219012,4.7413684486172155e-4,6.169399063872527e-4
proteome,TADA3,9877,0.0010029572855180247,2.5240343448940106e-4,7.5537681253246e-4,0.1144324112467289,0.05858797605238461,0.01319242526525311,0.14972512894995013,0.08956728765748964
proteome,TAFA5,10318,0.05176113201796073,2.7604980938666923e-4,0.051613481270457395,0.0915356939125213,3.8984087899511194e-118,-0.01299309522749467,0.12167295739258743,5.064466174678721e-117
proteome,TAGLN3,9580,5.849870440132188e-4,4.8245599101792713e-4,8.201108954131175e-5,0.03159406204778636,0.8529727357178565,-0.027276153502085072,0.0455821536849356,0.8729080017554914
proteome,TALDO1,9893,0.027783303926477987,0.027107789194455778,9.05053413360446e-4,4.767304564497037e-61,0.0299132125129419,0.15266887193349282,3.715954997873291e-60,0.04820083802388598
proteome,TANK,10167,7.037798484271773e-4,4.0214885993350435e-4,3.21111753942005e-4,0.04320769492752864,0.35270973843542636,0.030960094009971007,0.06116033524124272,0.41875327597349765
proteome,TAP1,9746,3.8595263483531816e-4,5.282460103339659e-6,3.8300181943551337e-4,0.8205523530878054,0.29192793720027826,0.002922364810871367,0.8508245931449646,0.3574802515443709
proteome,TARBP2,10131,0.0017755509363603927,0.0014061006653082186,3.8759553880796105e-4,1.6027429503315678e-4,0.26959454170323394,0.0673322915616629,3.0136782155715486e-4,0.33359543024188876
proteome,TARM1,9655,0.0022860120246775972,0.0016078033736611763,6.786458938254913e-4,8.133586715143579e-5,0.08765362252268798,-0.06433369569166882,1.5672032938935187e-4,0.1275953877658451
proteome,TARS1,9877,5.514364959708917e-4,3.17182200219035e-4,2.1791445642693752e-4,0.0767901908493371,0.5415454835734053,-0.013203323077157613,0.1033414953280904,0.596659422723356
proteome,TAX1BP1,9903,0.0015172439689533634,0.001194795046282504,3.1383062271328477e-4,5.820409948631678e-4,0.37542921882368935,0.046621017259742326,0.001043745906739288,0.4407147014544755
proteome,TBC1D17,10131,0.01196062869917247,0.010722095584869806,0.0011174811887697533,1.5024494317336308e-25,0.010103898232760354,0.10042669144761919,6.1507838780916e-25,0.017434294294190387
proteome,TBC1D23,10318,0.0011037401492391963,1.8605050862152694e-6,0.0011028571992891534,0.8898332120709312,0.009836214621375072,0.0028020724881448896,0.9117526475093206,0.017002516462613446
proteome,TBC1D5,10298,0.0013058321906759263,7.505133447278656e-4,5.591896070400448e-4,0.00543842298826771,0.12401635934022033,-0.04824098492362315,0.008811812857376118,0.17256571303877216
proteome,TBCA,9676,0.004219362792285297,0.004132214756971231,1.1572758166289443e-4,2.4838576893259335e-10,0.7724113423933467,0.11336181197601466,6.307833211033626e-10,0.8011917508217716
proteome,TBCB,10264,4.116247741844381e-4,1.0037323710188062e-4,3.1660039065495305e-4,0.3102219658789674,0.3548501083850383,0.022656935825590915,0.3660794534776834,0.420781690389236
proteome,TBCC,10264,3.630653042174803e-4,1.9346812119014345e-7,3.620143286130473e-4,0.9644660830222167,0.2939580569700542,-7.974308457232782e-4,0.9714453344844726,0.3593640320047965
proteome,TBL1X,10125,0.0011389939146765338,4.4316830021073894e-4,6.533001203434807e-4,0.034180833239544274,0.0852777740619219,-0.04009104599591437,0.049023834916186414,0.12444679659660395
proteome,TBR1,9655,8.280827587857642e-4,7.139275407550549e-4,1.1179253297122216e-4,0.008660636311803032,0.782166575804379,-0.02666729346133312,0.013683805372648792,0.8099049371600272
proteome,TCL1A,10255,0.002004877549670603,2.063105683896005e-4,0.0017590311447405194,0.14588126929648157,4.3017607054760465e-4,-0.031950178652407395,0.18596203670022488,8.495977393315192e-4
proteome,TCL1B,10146,5.805765146917885e-4,5.9702631340696755e-5,5.200908832466711e-4,0.43651271539292325,0.15267558967896921,-0.01301239777661929,0.49301648651217717,0.20605386605841064
proteome,TCN1,9690,0.005471666598598213,0.002959638491811689,0.0026169253653925972,8.42806666622803e-8,1.286181218676757e-5,-0.038346569606231805,1.9413111793053214e-7,2.8076980598895897e-5
proteome,TCN2,10420,0.05454985365290921,0.042993373989528294,0.013453339288740596,1.54899734764846e-101,2.21719840633001e-30,-0.14508662846790077,2.0487417408038229e-100,9.378973866429261e-30
proteome,TCOF1,9919,0.02189650825781353,0.012307456969850916,0.009730190696885743,1.5682391951817473e-28,7.060580778543206e-21,0.06630082890282703,6.924415660900676e-28,2.4925214511692983e-20
proteome,TCP11,9746,8.392545225582859e-4,5.651729364579694e-4,2.937828393408948e-4,0.018944588280370354,0.41334567696665336,-0.029037913088045576,0.028382896741938772,0.47661120858916284
proteome,TCTN3,9919,0.03811141955056252,0.03774222449294984,7.399825319268638e-4,6.164464472716102e-85,0.0618352727011765,0.12285354544713535,6.799520624056289e-84,0.09379579766763826
proteome,TDGF1,10131,0.003153914233613775,3.024956411445956e-4,0.0028207460009899155,0.0800747946188009,2.711406937376562e-6,0.05582539639991323,0.10756370619060433,6.120032801507097e-6
proteome,TDO2,9655,0.00620966159220504,0.005845377392264428,5.129187093104726e-4,5.422000231901667e-14,0.175406202326584,0.06088711974556508,1.578536521698065e-13,0.23178676736012885
proteome,TDP1,9877,0.004726688916555144,0.0031869605953254165,0.0015923468820441267,1.9838312151522616e-8,0.0012862565493542985,0.06455618890943694,4.7029510477616065e-8,0.0024621662696546263
proteome,TDRKH,10131,5.655009959449897e-4,1.564286243610491e-4,4.194084004963683e-4,0.20817944446019818,0.23589694476803857,0.024195970159278383,0.2566463585648078,0.29966395895566134
proteome,TEF,9611,1.1254596215715118e-4,5.081762636560683e-5,6.687121782134042e-5,0.48475768469988123,0.8866562873921107,-0.006077431736783784,0.5403738045284557,0.9033448337564097
proteome,TEK,10379,0.005748384401970896,0.005253588437021173,5.690086632579305e-4,1.4462949570785858e-13,0.11633183883801977,0.03511066556745104,4.14056822677836e-13,0.16355842468664347
proteome,TERF1,9627,4.281888019279645e-4,1.5417599259159864e-5,4.177137819769694e-4,0.7001252730479934,0.2592814337181953,-0.0021835958119499764,0.7436286966276472,0.3226607406555084
proteome,TET2,9733,9.147683625944092e-4,1.679054909340394e-4,7.158843360267619e-4,0.20122821089604465,0.07295788052496002,-0.02672562665780777,0.2492330764614994,0.10841681991584044
proteome,TEX101,9655,0.5375356422607911,0.5356580365997239,0.003665437071277644,0,9.84291786480868e-8,1.1045551817913846,0,2.3797228220707833e-7
proteome,TEX33,9746,1.3224040119508285e-4,2.5371206332502894e-6,1.2980144375851488e-4,0.8750846843149449,0.7375694486932243,-0.0012742879727419925,0.8993398345670656,0.7688714331420451
proteome,TF,9911,0.010092948354858966,0.00155088905841394,0.008536490486753312,8.81815322755557e-5,2.686787941261504e-18,-0.017614618565656413,1.690194221911143e-4,8.98567637563773e-18
proteome,TFAP2A,9605,3.134409587047804e-4,2.9523058506053523e-4,2.446423814139731e-5,0.09226040686970485,0.9717726512154844,-0.020080521446231406,0.12252483838262031,0.975778584508025
proteome,TFF1,10292,0.07765387936603485,0.0010988769941784327,0.07703741285143462,7.709851807547035e-4,1.8896206704880746e-178,-0.05874617575944536,0.0013666401960861117,4.564761338707969e-177
proteome,TFF2,10343,0.07880476171677342,0.013244929918937665,0.06812651184144858,7.921864499833977e-32,8.561068108473049e-158,-0.15353040345547733,3.734775795647535e-31,1.7499302154592111e-156
proteome,TFF3,10267,0.040273450520183385,0.01587275964867918,0.026144169276011042,1.3784215704892538e-37,1.213357110660537e-58,-0.12940017526143766,7.25968693791007e-37,8.042274001044784e-58
proteome,TFPI,10254,0.039161159716472715,0.009490324254505023,0.03036528717075393,4.804586355802001e-23,3.33685353445497e-68,0.07159908850004369,1.8601067441071854e-22,2.553304419165413e-67
proteome,TFPI2,10365,0.08906492031031987,0.06671684748951712,0.026413782433552302,1.4161025447414495e-157,7.972318739019566e-60,-0.22332106189346326,3.112231382164855e-156,5.406748880314197e-59
proteome,TFRC,10303,0.00221447402836239,3.809277486399587e-5,0.002192706831989466,0.5311097412062499,4.877698920365965e-5,-0.005504448296273563,0.5869314833821808,1.0286806597568338e-4
proteome,TG,9877,0.031483492105861766,0.031012639657761354,7.046773769322501e-4,1.3298257047153245e-69,0.07320381067212363,-0.4092736288188469,1.1637965673302077e-68,0.10867178191702254
proteome,TGFA,10298,0.021881407298937172,0.006543639790451028,0.016103097124330223,2.0315884732981647e-16,5.362104244249622e-36,-0.08688923616148941,6.337602035699611e-16,2.5239018850147575e-35
proteome,TGFB1,10415,0.024358171205895562,6.593988295744424e-5,0.0242497794272567,0.4073834339472493,4.0967068367953104e-55,0.007013604430563448,0.4662418862285864,2.558691043579635e-54
proteome,TGFB2,9877,0.0010145946312201115,2.2571544738858584e-4,7.926115916064846e-4,0.13549395827458116,0.049699866867714645,-0.016207625157610994,0.17439402907820375,0.07702688804577408
proteome,TGFBI,10230,0.03345301776348342,0.03218825490826749,0.0019212919778168747,9.951712765999953e-75,1.9914806529770996e-4,0.1104108700725442,9.413869389973419e-74,4.022873495958578e-4
proteome,TGFBR1,9627,0.005864428687079815,6.548423357655153e-5,0.005787747206844385,0.4273270034715081,4.512520171190917e-12,0.0034342452196708204,0.48507838102804585,1.2756379555503918e-11
proteome,TGFBR2,10379,0.10155566413264572,7.254563846870177e-6,0.10154351316387611,0.783833073513843,1.5952611175921993e-240,-0.0019145465215119433,0.8187999445275199,6.476317009336109e-239
proteome,TGFBR3,10431,0.021438509300000463,3.701979759951346e-5,0.02137238713377443,0.534432243594095,1.467910189235847e-48,0.004340503524387684,0.589934081580642,8.396676092243406e-48
proteome,TGM2,10277,0.023889906878638345,0.02297491953709363,9.454622192912598e-4,7.403447303897025e-54,0.021132853430977785,0.25404751777591067,5.079877105467371e-53,0.0348007496218299
proteome,TGOLN2,9904,0.04228942228539134,3.391205418437071e-4,0.04184679671404046,0.06690548933861003,2.108213868740566e-91,0.00964272337386531,0.09108744542932329,2.13969067303079e-90
proteome,THAP12,9568,3.728366254739379e-4,9.551620918846204e-5,2.8028266387036815e-4,0.33920931137487687,0.44348991956679407,0.017356492351510835,0.3959281986646921,0.5040128440488877
proteome,THBD,10283,0.07805755593982544,0.04404386732822685,0.036001148162075,1.1061536576815665e-102,2.2721138760952495e-81,0.1316569829083918,1.4899940743793635e-101,2.024813676776346e-80
proteome,THBS2,10349,0.014292869968816069,0.013597825836020427,9.652108681014182e-4,1.1810080566162475e-32,0.018656065939524735,-0.09626171310414997,5.659158277851297e-32,0.031054487893639408
proteome,THBS4,10295,0.031404523364295445,0.009433510677328782,0.022900677376513023,5.313093882830388e-23,2.1113840757634964e-51,-0.10325698380435759,2.0515420633438868e-22,1.2467829602942827e-50
proteome,THOP1,10221,0.055943918878148424,0.05491666486684854,0.0018436586978067826,1.6904642414230789e-127,2.931974761188181e-4,0.1641521656544221,2.8562005651327515e-126,5.873997413950004e-4
proteome,THPO,10146,0.015963146594676014,0.009062745712299924,0.007012516975055227,7.374479375435998e-22,2.17418710077068e-15,-0.08141155015698201,2.7389584770520234e-21,6.775212042167056e-15
proteome,THRAP3,9611,0.0046451312104336395,0.0035798369372900263,0.0010066535673283195,4.378329106208727e-9,0.021537880855292083,-0.13979828336509595,1.0745471013810335e-8,0.03544776224100155
proteome,THSD1,9565,3.7342784034710697e-4,1.9370391268203058e-5,3.5571303397352594e-4,0.6669647848269427,0.3337772319037576,-0.0030167306881341157,0.7125504627372636,0.3996849032587806
proteome,THTPA,9875,0.0010139759246297064,6.827791567780572e-4,3.6260715421476686e-4,0.009422229748984476,0.3105635234748479,0.04797282088999822,0.014783240770950952,0.37539824671277283
proteome,THY1,10430,0.05127960165273493,0.034224118500934764,0.019637028880685525,6.202416480361272e-81,1.4582254202715978e-44,-0.12101585225579677,6.3836842859492944e-80,7.82090441000712e-44
proteome,TIA1,10046,0.0017148423154731418,0.0014095528869420004,3.333775941850581e-4,1.6767044204653856e-4,0.34099445711609766,0.10057300396315683,3.147724483635403e-4,0.40699338429985854
proteome,TIE1,10431,0.00158391602833996,6.791724543490085e-4,9.082066846859416e-4,0.00778134950533727,0.023612589064691405,-0.024091205151408304,0.012361350328315675,0.03862316610861387
proteome,TIGAR,10123,0.004949838549322627,0.0011175164589471986,0.003781487457102828,7.697481030742872e-4,2.3999724374788195e-8,0.03253668444681215,0.0013652753066056684,5.9450164701276185e-8
proteome,TIGIT,9746,0.004392276979223841,0.002292210750777235,0.0021877766733188198,2.268693015006444e-6,8.966380626177785e-5,-0.033632455091018275,4.805354842654953e-6,1.858775217753026e-4
proteome,TIMD4,10345,0.02592659711221268,0.02136922482575787,0.005239376621581471,1.6882050710397708e-50,9.587922193994454e-12,-0.14684103115198316,1.0941515349554878e-49,2.6690949117186466e-11
proteome,TIMM10,9919,0.0010857936867993967,1.6110040968364547e-4,9.351449685865987e-4,0.2063008081079006,0.025839683291523786,0.010731341753645702,0.2546525600081898,0.04184453975685541
proteome,TIMM8A,9903,0.003469854804362793,0.0020168110569132036,0.0015066193090308433,7.819326076747647e-6,0.001882304078447662,0.08106881474482798,1.61094400686178e-5,0.003538247473506441
proteome,TIMP1,10171,0.058281886566021734,0.00794631376131727,0.050442077974572896,2.1448113958501105e-19,9.984668897095287e-114,0.055942984228322896,7.350419857758495e-19,1.236660473991929e-112
proteome,TIMP2,9919,0.015579446361232319,4.636213984776649e-4,0.015174931646387835,0.03202465659172216,1.1871592479959109e-32,-0.011470808207185447,0.04618059754198514,5.249722362922916e-32
proteome,TIMP3,10351,0.008100056727967209,0.0033819981022277235,0.004814333111432312,3.2171666639943948e-9,8.260933617642575e-11,-0.17172700951870712,7.902334587273627e-9,2.2234538641223983e-10
proteome,TIMP4,10349,0.10930810584641593,0.05413840825347316,0.0632167751779672,3.2166275571593105e-127,4.244283771429611e-146,-0.2158752732330596,5.4035645687222216e-126,7.473518954149851e-145
proteome,TINAGL1,10253,0.06398012867569713,0.00577440557637765,0.05844539432695328,1.3233422122692946e-14,1.8869112747682966e-133,0.0377830343786262,3.91907729124939e-14,2.887665788559021e-132
proteome,TJAP1,10379,0.003528614744995995,0.00264777217486456,9.758288020874639e-4,1.568435537107835e-7,0.017503401078116234,0.09773573217861085,3.545658990693118e-7,0.029235680772190718
proteome,TJP3,9605,0.001116024889183942,9.404719388860228e-4,1.9282543177412403e-4,0.0026524931482745347,0.6038143025144371,-0.027348739837520477,0.004453324223093891,0.6510325364255625
proteome,TK1,9746,0.0037086389327153357,0.003398667719206272,2.878766516696274e-4,8.483041488330492e-9,0.4227179015041178,0.05290372515294559,2.0475582386779546e-8,0.48494933930702555
proteome,TLR1,9627,0.0054879200720417964,0.0020079779894948135,0.0035095609211748258,1.0943740835490674e-5,2.1516911860046183e-7,-0.02462153288840628,2.2291675583372296e-5,5.121655811638029e-7
proteome,TLR2,9746,0.0021820942428683043,4.7128604043933375e-4,0.0017510991038063306,0.03212818800772912,6.826335453453821e-4,-0.01033257647183182,0.046307048099897545,0.0013311126437922293
proteome,TLR3,10432,0.004177553758272112,3.550565295252772e-4,0.003812693344827922,0.054325982147217546,1.1560802856477834e-8,-0.02608537120978697,0.07547283546402894,2.8906951881509587e-8
proteome,TLR4,9627,4.968222793612087e-4,6.183307723284237e-5,4.322009421461326e-4,0.440513129971421,0.24472243725942222,-0.004685454504187725,0.4967793983934546,0.3092622931730614
proteome,TMCO5A,9655,3.758342584262442e-4,6.0983638803246976e-6,3.7361615691955397e-4,0.8083287235875873,0.3072402429419733,0.002689603051301939,0.8396392533925081,0.372022879088396
proteome,TMED1,9746,2.7044831768596733e-4,1.870867226092532e-4,9.500802253858964e-5,0.17701732386689828,0.8192545038476491,-0.014765003472181622,0.22187891838033605,0.8435901599409286
proteome,TMED10,9611,0.0013875047460543133,0.0010787471589301934,2.9259683506255296e-4,0.0012825318385496433,0.4216524967610269,-0.03310125080414952,0.0022327817534726667,0.4840888641133078
proteome,TMED4,9611,4.95474314993305e-4,1.4205656361676589e-4,3.5655304137871546e-4,0.24273818090028604,0.33050888357931474,-0.013617806405059553,0.29379863468800665,0.39642079060415963
proteome,TMED8,9886,4.226358686828524e-4,8.9847221135253e-6,4.165935926604414e-4,0.7657416543352935,0.24906010466087647,0.006459294996071259,0.8025323971394991,0.3128967709966409
proteome,TMEM106A,9877,0.0019948018554524216,0.0018337019502751017,1.1646156768241323e-4,2.076287766113855e-5,0.7650596333417392,0.06260943418959743,4.18262518287443e-5,0.7952593557104921
proteome,TMEM132A,9666,6.174618557641676e-4,1.890451451409536e-4,4.203516151073394e-4,0.17654822651013724,0.2548380722526865,-0.017654892761756164,0.22146918021756065,0.31832977999769346
proteome,TMEM25,9908,0.006833768842683274,0.0048794205849673755,0.001867891086837381,3.411185843442698e-12,3.4420760925905425e-4,-0.06528637420637684,9.292540745930107e-12,6.867705405216489e-4
proteome,TMOD4,9580,0.0018791591235050031,5.245271785674355e-4,0.0013482957998860456,0.025006975755477494,0.0048143740368675495,0.01919326074258816,0.03678680932725753,0.008633383625621993
proteome,TMPRSS11B,9605,0.0018718036191370802,8.500439316592168e-4,0.0010655915934369986,0.004274258825339454,0.01666553324524835,-0.046126256359211776,0.006983598963928019,0.027996180273483287
proteome,TMPRSS11D,9881,0.039334225098236364,0.03608730475931121,0.0035824584610446575,6.352700158589644e-81,9.807576296192334e-8,-0.15701156024486923,6.515418443353519e-80,2.373141184914751e-7
proteome,TMPRSS15,10318,0.013365054338307703,0.0024951033446840576,0.010967844477037803,3.8603661999396606e-7,1.7177525967534604e-24,-0.10245015901207542,8.5289874545908e-7,6.5123097799096815e-24
proteome,TMPRSS5,10195,0.02888058647825953,0.014159912357188165,0.01527480771223877,1.8339176312465388e-33,8.728533376159036e-34,-0.10499664554679031,8.904553548394739e-33,3.937268990511244e-33
proteome,TMSB10,10349,0.013781741480702991,3.369112591576906e-4,0.013517738650499211,0.06191132017901139,2.5559779376058673e-30,-0.03131118226613025,0.0850256621780225,1.0796421259569293e-29
proteome,TNC,10345,0.011432166800773191,0.0010706638619615294,0.010577311324548089,8.744943911627803e-4,1.1208253713412735e-23,-0.0352101680426462,0.0015435670926140137,4.1787915311614065e-23
proteome,TNF,10146,0.03348097816882556,4.8641182692754636e-4,0.033165980413330076,0.026338489594438984,7.82580726659689e-74,-0.01845537270091659,0.03849370254227258,6.480123127553175e-73
proteome,TNFAIP2,9886,0.008586424972400697,0.0018023912638633899,0.0067898403120404405,2.4223176526384952e-5,1.597395671134656e-14,0.03996895701937995,4.852936599494395e-5,4.808638050181873e-14
proteome,TNFAIP8,10167,9.667269134974177e-4,6.300214955878847e-5,9.145164216286528e-4,0.42363240613434916,0.02558000908682034,0.00631885502208331,0.4823836684752863,0.04146997590725227
proteome,TNFAIP8L2,9676,0.0019242034960296195,6.633639648895295e-4,0.0012062519830872143,0.011302086083617342,0.008590318733586809,-0.03282739489486168,0.017535030585145165,0.01497286920588804
proteome,TNFRSF10A,10264,0.07418129473877533,0.0038246602508753558,0.07138407646865463,3.614920630430913e-10,2.240192969652353e-164,-0.04640883231744045,9.12470898337613e-10,4.814767684039579e-163
proteome,TNFRSF10B,10264,0.12345328000112954,0.0076238011782102655,0.11653785394639926,7.965819087279417e-19,2.5831335597699807e-275,0.07127419354130249,2.682498754852274e-18,1.4804900774916967e-273
proteome,TNFRSF10C,10339,0.0024271128492581173,1.804681849029155e-4,0.0022954377551235305,0.17204466407730007,2.8176421278520036e-5,-0.014953205334336915,0.21657474293623952,6.069246823663528e-5
proteome,TNFRSF11A,10432,0.060680375724592284,0.0010637425106032605,0.060021724726518344,8.646680221159301e-4,1.4144621316853037e-139,-0.028075041881926985,0.0015280680947066892,2.3227375342225524e-138
proteome,TNFRSF11B,10330,0.17579156977343324,0.021787017907228146,0.16193234470936935,2.170497827709099e-51,0,-0.09779617724686711,1.425700033796336e-50,0
proteome,TNFRSF12A,10379,0.1352980531608381,0.026101115401493402,0.11341274473929286,1.275012916568592e-61,1.8575472014275977e-270,0.12910920741371942,1.0045452170161711e-60,9.872019035950669e-269
proteome,TNFRSF13B,10341,0.021367956073726546,1.2002240908703943e-4,0.021333587300309653,0.2653619880453158,4.73849325716306e-48,-0.007969199727982438,0.3187204313749983,2.6687120983983866e-47
proteome,TNFRSF13C,10167,0.00524579808925052,0.003252765897900911,0.0019914012805922754,8.723064995161968e-9,1.5008954827638702e-4,-0.05321901382195221,2.1037556914899696e-8,3.052969725900343e-4
proteome,TNFRSF14,10341,0.05220467745561874,0.007929399501503509,0.044139146956071795,1.180536735959243e-19,8.168647075415776e-101,0.05882561003444986,4.098229072694616e-19,9.218901699397805e-100
proteome,TNFRSF17,9676,0.017154068960192115,0.0028104003245603693,0.014105415261916554,1.8192423137601937e-7,1.3797448325087213e-29,0.044358117620958114,4.096799139538556e-7,5.728684865657661e-29
proteome,TNFRSF19,10438,0.11220810348606658,0.03401126063360038,0.08157081972855562,1.7080890794624436e-80,3.937020989423174e-192,0.1262343537191618,1.7396321878985098e-79,1.0655474400077719e-190
proteome,TNFRSF1A,10349,0.10091911360014816,0.009247575752547643,0.091998797981801,1.0937246965613252e-22,4.117206411460503e-216,0.06292625941994877,4.1518925818814983e-22,1.3832867058274773e-214
proteome,TNFRSF1B,10349,0.06139814137486488,0.002376118412802386,0.058713859590465156,7.030953361230716e-7,2.414373525887926e-135,0.03887942141511876,1.5371336331247108e-6,3.733975564111327e-134
proteome,TNFRSF21,10430,0.05204346090483536,0.009953521865678994,0.04351855010987915,1.7562333704493315e-24,3.219472931786957e-100,-0.058922201125776744,6.98431311812707e-24,3.6194305306204904e-99
proteome,TNFRSF4,10415,0.06060950428189393,6.319513097461371e-4,0.0602669788939465,0.010310907285436845,6.162315523312252e-140,-0.020779564969387054,0.016142893409390412,1.017652444895012e-138
proteome,TNFRSF6B,10264,0.05245369309797021,0.015780695173776782,0.03717184617936309,2.2882707281302625e-37,6.41497733289638e-84,0.16097174097331252,1.194395596129421e-36,5.9338540329291514e-83
proteome,TNFRSF8,10430,0.03251001702694156,0.0073751667000797605,0.026233400039640697,1.5706957657824813e-18,8.770138544449778e-60,-0.08423915866696037,5.2350555568782134e-18,5.934054390145069e-59
proteome,TNFRSF9,10264,0.08664587902474907,3.225803692086249e-5,0.086529397040782,0.5651152684932363,5.7461599347357465e-201,0.004877473451647356,0.6170459207343032,1.696568231235615e-199
proteome,TNFSF10,10432,0.0039417988720144015,1.2142080683119616e-6,0.003930954103387396,0.9104139393141432,6.316963966521497e-9,-6.407567156905672e-4,0.928359463094257,1.597273847244147e-8
proteome,TNFSF11,10298,0.03272096225121812,0.0019118811142814218,0.03109226437055279,9.074980727038752e-6,3.617169712644548e-70,0.06033409098077786,1.8641018035934135e-5,2.865308149067754e-69
proteome,TNFSF12,10432,0.013132447444604511,0.009211793880842367,0.004075183994948661,8.961015636125823e-23,3.020685328522293e-9,-0.06199195005141291,3.419458055404149e-22,7.731578997610038e-9
proteome,TNFSF13,10351,0.11442616813830864,6.068265460119626e-4,0.1141252242216616,0.012211984007275686,1.5684379580762497e-271,-0.014684425980769229,0.018856645141715176,8.489896576771996e-270
proteome,TNFSF13B,10417,0.075826156547253,0.06376626729797097,0.0142527951570246,3.287331915009928e-151,3.419952274702519e-32,-0.1605808536983961,6.962950135923202e-150,1.4920179849187257e-31
proteome,TNFSF14,10264,0.002268998449674098,6.16313976632421e-5,0.0022254409234918615,0.4265256472773392,4.324418761587945e-5,-0.010303291889987435,0.48435682478308567,9.15962031892867e-5
proteome,TNFSF8,9921,0.012116484825068108,0.005090638921377955,0.007239166866263025,1.1294843161909072e-12,1.5544264914405704e-15,-0.051873726123237825,3.1204940039943494e-12,4.849080719830083e-15
proteome,TNIP1,9903,0.0021386512714113293,0.001340979375829332,8.298479313751939e-4,2.680736434531152e-4,0.041721128877780275,0.06843392474244529,4.937487459442065e-4,0.06560024728873144
proteome,TNN,9921,0.014010785720832475,0.008242868557732042,0.005988771438721785,1.3129263902378517e-19,7.276476772279251e-13,-0.0837068979238388,4.525570564463728e-19,2.0913610231437807e-12
proteome,TNNI3,10146,0.012885583935389744,0.00932613888303735,0.0033403063271175704,1.8890317235836912e-22,2.0473486976052705e-7,0.18025075842538066,7.143130307936778e-22,4.889215884885789e-7
proteome,TNPO1,9746,3.986976440771839e-4,6.904591813305938e-5,3.220434240893688e-4,0.4121587630923511,0.37087922364734216,-0.00579641553296588,0.4706015877027119,0.43624948519967044
proteome,TNR,10264,0.056405198282728164,0.05343322469090306,0.0023254715024965122,1.5834169441703036e-124,2.6387529056894705e-5,-0.22829861464009496,2.6001841167470773e-123,5.692306083638614e-5
proteome,TNXB,10349,0.030531104352774396,0.006404218112537996,0.023998399408105775,3.57963008077016e-16,3.461343912531799e-54,-0.04585678379547308,1.1060527194599553e-15,2.116633526428964e-53
proteome,TOMM20,9919,0.00778582301714259,0.002940110578346644,0.004856149725316339,6.562653741062583e-8,1.8714622840162464e-10,0.08871406262353008,1.5224314988195186e-7,4.986585465979479e-10
proteome,TOP1,9886,0.03878520911049754,0.03199197018282329,0.0072918921688669425,7.685812961087924e-72,1.3602490211206542e-15,0.42928934909323235,6.9553038034860696e-71,4.24787167599965e-15
proteome,TOP1MT,9580,8.280171240552248e-4,5.52686550871373e-4,3.0342894160495515e-4,0.02140933442953256,0.4063583147817301,-0.023695035410805018,0.031782368988077035,0.47059641604873104
proteome,TOP2B,9627,0.006921412629578572,0.006573099551719697,2.927960699652399e-4,1.6433532236648923e-15,0.4205711041623893,0.130941684951809,4.988080449400291e-15,0.48341696321929367
proteome,TOR1AIP1,9666,0.003932424118274658,0.0024439847813372273,0.001416959096290027,1.1620745045761034e-6,0.0033438273882562077,0.04824022416777652,2.5086733950339368e-6,0.0061202300913418255
proteome,TP53,10125,0.0015243540060216887,0.0012277521941518321,3.516675859427387e-4,4.2206871873023396e-4,0.3131042014512568,0.032916586741523424,7.648523650641499e-4,0.3777150560635673
proteome,TP53BP1,9627,0.0022442724990672236,0.00140494051106832,7.478929820410318e-4,2.3513812574443957e-4,0.06580974489031365,-0.06726077048924738,4.3666374939707554e-4,0.09905349346775838
proteome,TP53I3,9521,0.01060363853200641,0.008983124209565152,0.0015666203086489583,1.9263189983535398e-20,0.0018859229579037023,0.10245474644780432,6.84991536762457e-20,0.0035427717261905666
proteome,TP53INP1,10146,0.004572091060879302,0.004461102269354589,1.1628641689764851e-4,1.6571488169190628e-11,0.7579522219713994,-0.04496961434509367,4.387541659288424e-11,0.788432151182349
proteome,TP73,9655,3.6474611238324073e-4,6.889899270834388e-5,2.928363977175996e-4,0.4148480947446205,0.41916728314385077,0.005890296753745614,0.473487302201689,0.4821825929277748
proteome,TPBGL,9655,6.531633703961148e-4,2.075185724458306e-4,4.721366393740656e-4,0.1570236147825641,0.20722446140739997,-0.011758222258082603,0.19921008073326166,0.26825380898752443
proteome,TPD52L2,9676,0.0012274673100796107,7.776462915645155e-4,4.7207813579086544e-4,0.00609109382400604,0.20641030449193612,0.062260589234362146,0.00979332631879519,0.26731826319447466
proteome,TPK1,9919,0.008103538866639948,4.415264067065827e-4,0.007657309200205464,0.0364048661574251,1.9935541202839258e-16,0.011872639812008931,0.052034926052886836,6.340760275941148e-16
proteome,TPM3,9611,0.01373940799524298,0.01163149565780941,0.0019706027135145687,2.9481209771876885e-26,2.8008183645808786e-4,0.09738553199866154,1.2292949523993743e-25,5.615083730912146e-4
proteome,TPMT,10125,0.001868207973421021,2.3204484212524523e-4,0.0016172110299189635,0.12540762415752568,9.475541488416577e-4,-0.024273473743751144,0.1623412247176473,0.0018293928514294356
proteome,TPP1,10258,0.027736014327717662,0.023777043710466517,0.0036804936137522226,1.3481374785883724e-55,3.104450844971436e-8,0.16424249672157445,9.634733129373625e-55,7.651188718255908e-8
proteome,TPPP2,9746,0.0028874628959012494,0.0013818810701210493,0.0016113606866122732,2.4247014571292415e-4,0.0013004344296560276,-0.06234132809651432,4.4970827152213024e-4,0.002487676595474194
proteome,TPPP3,10131,0.00158253242636619,2.8884322361277803e-4,0.0013049807903744437,0.08721157639905229,0.00417734301537049,-0.014788392930090148,0.11645474546113745,0.007537267675264161
proteome,TPR,9611,0.011482120164014176,0.006297421128948599,0.005098778388762937,6.7109723946284566e-15,1.2379746810866975e-10,0.06664652675984686,2.005743589928321e-14,3.3167735956154145e-10
proteome,TPRKB,9580,2.5366867042719843e-4,1.1756000650575693e-4,1.3552778462599946e-4,0.2887062958242265,0.7296474201392011,0.014266001390619691,0.34416333715098457,0.7632986143217515
proteome,TPSAB1,10410,0.019249668108994755,0.0014118649522557591,0.01778574061734728,1.260378426048704e-4,3.0963581556104744e-40,0.044294347602583835,2.3907113168983532e-4,1.571294251536357e-39
proteome,TPSD1,9908,0.006860642618300772,9.144830726137698e-5,0.006760012191702858,0.34128236470829865,1.717852322158645e-14,0.007244805693544426,0.3980719680935183,5.155320675225585e-14
proteome,TPSG1,9627,2.5083796668645686e-4,5.226199072450033e-5,1.9397046330571488e-4,0.4782497019623154,0.6005371033276916,-0.0037953947289468873,0.5353978854216193,0.6484558378377697
proteome,TPT1,10167,0.0014525949423979112,1.2167518164984958e-4,0.001346236532912548,0.26615099030641753,0.0033584297819490246,-0.016343227529608147,0.319490490622447,0.006143110295767834
proteome,TRAF2,10298,0.0024515362490288295,0.0013616369028421893,0.001138038527975005,1.8047312727595725e-4,0.0084023725996366,0.058400546078580085,3.3837264337884736e-4,0.014654018561299394
proteome,TRAF3,9627,0.009894000780937717,0.009806747894887669,3.205537577999351e-5,2.0836753014546753e-22,0.9584300276847486,0.06837592748564082,7.868970162987101e-22,0.9640368103656297
proteome,TRAF3IP2,9611,0.0012329915160973481,8.553876844403785e-4,3.4072450418176636e-4,0.004143251153754891,0.351316032082057,-0.02903232125870722,0.006784718836092743,0.4176074671719612
proteome,TRDMT1,9746,0.0013548609415442447,2.0259067504690975e-5,0.001329265805781299,0.6568802482524512,0.004729075713679799,0.008097870370468864,0.7033190350336684,0.008496059195504642
proteome,TREH,9921,0.016479269081610348,0.006967647494883766,0.009838459940869404,8.331306965424376e-17,4.088456194805416e-21,0.13173291646158838,2.632693001074103e-16,1.4485524190807554e-20
proteome,TREM2,10330,0.1279703945048274,0.008862830838205604,0.12189249707992689,9.060842125709013e-22,1.0402719275481927e-290,-0.11159280258551392,3.352511586512335e-21,6.610249661355147e-289
proteome,TREML1,9904,9.799414343494295e-4,5.986358588104812e-4,4.07626700501873e-4,0.0149074623937183,0.2575898060958452,-0.02673604479936309,0.022766203018201984,0.32094416164456757
proteome,TREML2,10349,0.01199921212957289,0.010790842872211548,0.0015217371481579534,3.195134676391833e-26,0.0012738042775027499,-0.07916750409078943,1.3303958203836649e-25,0.0024399278526477967
proteome,TRIAP1,10438,0.005592481338220323,0.0012882126309519126,0.004298128449877203,2.4527507403758806e-4,9.522927558956217e-10,0.051152814696679254,4.5462209347613814e-4,2.4919890111753824e-9
proteome,TRIM21,10298,0.018251159128760186,0.017390364232909628,0.0012545132185843855,3.648084544962531e-41,0.004809616363402774,0.22915525060795164,2.0506444471010535e-40,0.008630146488782265
proteome,TRIM24,9734,0.0030082895929175457,0.002423873404969079,6.285764828890539e-4,1.1801715830027292e-6,0.10602414329117564,0.06525365985560272,2.5439834344520483e-6,0.15066046224604104
proteome,TRIM25,9886,0.0014944503148375254,6.040186274435255e-4,9.286471820544318e-4,0.014552855445918033,0.026982515064113054,0.05677203030878914,0.022271202339486082,0.04364686858461674
proteome,TRIM26,9580,3.479659554195269e-5,1.8907200636242294e-5,1.7028791147843947e-5,0.6704906749598664,0.9833199790625258,0.004798452719003142,0.7152716214991567,0.9860186273755618
proteome,TRIM40,9655,0.0022735770869326544,0.0015657878060997277,6.913682966798174e-4,1.008401101111e-4,0.08303416665811217,0.06004614377886248,1.9290290697300083e-4,0.12171959335088359
proteome,TRIM5,10298,0.0024750468785483815,0.0012620361031548955,0.0012880792211800163,3.1187212294849344e-4,0.004092635089202785,0.06826838700806101,5.711793329438887e-4,0.007393555232224808
proteome,TRIM58,9877,0.007538692428998406,0.004552726740125745,0.003029457765516219,1.9257211297912993e-11,1.411343071708445e-6,0.12343418731388578,5.071065641783755e-11,3.2355731753755174e-6
proteome,TRPV3,9611,2.54132719046396e-4,5.9183144990093695e-5,1.9038422062056526e-4,0.45085538450667395,0.6086229880369824,0.00803002557048056,0.5074510161390096,0.6554918916846352
proteome,TSC1,9627,4.376419409748422e-4,7.760880052720687e-6,4.29000831835058e-4,0.7846525597103331,0.24787269508571108,-0.00406732415534738,0.8187999445275199,0.31198562451377015
proteome,TSC22D1,9908,0.0066940105087922586,0.006434356244554684,3.5825372973308234e-4,1.294384823011506e-15,0.31451316166065785,0.10912807593614747,3.953486768717484e-15,0.37898670761422204
proteome,TSHB,10283,0.004249980321805458,0.003794508629959892,3.966265980338557e-4,4.0841004205544214e-10,0.25321253337036526,0.1059973983435084,1.027351594602459e-9,0.3172482790576844
proteome,TSLP,10146,0.0012771480868188911,1.373613722266409e-4,0.0011164324041108564,0.23789766331910794,0.010075347223591054,0.01582240901264275,0.28865706512318495,0.017405579157539392
proteome,TSNAX,9611,0.007258385402918788,0.00708134827707585,2.9586358967015336e-4,1.4316249482898914e-16,0.41652958821142705,0.06666307004752178,4.491650861249791e-16,0.47960391216695525
proteome,TSPAN1,10146,0.15019276868366715,0.09374811028816421,0.06394315603361922,4.397135441963831e-219,6.258302700343625e-145,0.40837001188958144,1.5485333610675034e-217,1.0953903468924802e-143
proteome,TSPAN15,9611,9.606246691622466e-4,5.136226831912172e-4,4.637121496001706e-4,0.026320040229875982,0.21627740816996147,-0.02362891995564531,0.03848598178685718,0.27812532515653204
proteome,TSPAN7,9605,0.0014963200093091045,0.0013231663872659283,1.5650802927347218e-4,3.636769362526057e-4,0.6816535584388759,0.06795366859957801,6.606760004141494e-4,0.720737070077437
proteome,TSPAN8,9886,0.06638334653888944,0.05046540276770595,0.018220189332871062,2.7815263379484393e-113,3.781333947935163e-39,0.4732811480711607,4.169436659396558e-112,1.882936819389179e-38
proteome,TSPYL1,9627,4.3031255874581564e-4,1.621310559775102e-4,2.649520993610599e-4,0.21165490831466718,0.46635128613606536,0.010607033707682002,0.2602723167874515,0.5267174688468774
proteome,TST,10100,5.904683550435053e-4,3.391225329412162e-4,2.763623855339681e-4,0.06426086774308103,0.42508234814158175,0.03061877654232008,0.08777313851075974,0.48707005237861367
proteome,TTF2,9655,7.64224005759151e-4,1.2259312245832543e-4,6.561493400024654e-4,0.2767390243813524,0.09643364958633194,0.010886206786104358,0.3307065283183537,0.13865005299599029
proteome,TTN,9611,0.018391448351799844,0.014062260673976423,0.004353828532535298,1.9616444198498597e-31,4.17947414332006e-9,0.13974961667249888,9.144954767497831e-31,1.063237852125721e-8
proteome,TTR,9810,0.1018874337261747,0.10085512941040664,0.002644474707035771,1.1322041242762349e-228,9.70089969795036e-6,0.1735496604667212,4.596434243415881e-227,2.13361398172377e-5
proteome,TUBB3,9605,6.471732831661026e-4,3.8855497877521294e-5,6.205763249390595e-4,0.541373210419462,0.11358783072186435,-0.0035981566834092354,0.5957958938464184,0.16062759032414586
proteome,TWF2,9921,0.0018480480943315891,0.0013228865922271238,5.949062078383083e-4,2.912622556956876e-4,0.1165201554585947,0.06424099368605882,5.347736013809641e-4,0.16374443000263092
proteome,TXK,9746,0.001152757033189955,8.490646457879336e-4,2.7596538075813637e-4,0.0040220633631819994,0.44215311586906725,-0.04229932958383283,0.006597357581695277,0.5032763075098456
proteome,TXLNA,10264,0.007725376229198444,0.006785304541669257,0.0010111471386348159,6.41760975056991e-17,0.015603776153049911,0.16617242502455187,2.0323589708467873e-16,0.026303251266069718
proteome,TXN,9822,0.007618540971104926,0.007281873966703323,3.0297174127347226e-4,2.4500137740299814e-17,0.3955150868800116,0.0801686939087557,7.861021143237799e-17,0.46038605903944474
proteome,TXNDC15,10379,0.006302797271199645,0.0019283214903882406,0.004617550588479125,7.652609876353614e-6,2.1131405587853187e-10,-0.026664195548534622,1.5785870620029366e-5,5.620300139517276e-10
proteome,TXNDC5,10430,0.005590626103907814,3.5873689432985856e-4,0.005203854166231592,0.05311415454496607,9.244658693647175e-12,0.029028976328692148,0.07389465670391995,2.585850465218248e-11
proteome,TXNDC9,9903,3.018642554443174e-4,1.3995044871895068e-4,1.6239650456384425e-4,0.23920779865561487,0.6576650082376387,-0.013213976688276695,0.29012630517442417,0.6985941587584665
proteome,TXNL1,9588,0.0012489184973520917,8.22613073858669e-6,0.0012361645399708854,0.7788930585629189,0.007899994624349163,-0.005040231642545293,0.8145632952341367,0.013819080961683185
proteome,TXNRD1,10349,0.006686455716583106,0.005095793285338046,0.0016626821333498576,3.612870483820559e-13,6.386310080774019e-4,0.07477494260900175,1.02033047576884e-12,0.0012503137552647326
proteome,TYMP,10219,8.886602901028162e-4,2.3698807652050569e-4,6.505377931952383e-4,0.1197364765943472,0.08403902923579457,0.022479187225331404,0.1557586653695046,0.12282304122811376
proteome,TYRO3,10283,0.002353384340480491,0.002001309411402752,2.942308456669318e-4,5.692024798876158e-6,0.38783307644782716,-0.028601807620114283,1.1808224618250538e-5,0.4530919594152673
proteome,TYRP1,9627,0.004025490643346452,0.0016565831696057076,0.002430023510383683,6.496801124586129e-5,3.314573812317556e-5,-0.05247188319136751,1.2651665347878253e-4,7.103005317745027e-5
proteome,UBAC1,10318,0.02703023031112417,0.026721390978117543,1.0681080755459149e-4,1.0599805343535542e-62,0.7766752760246708,0.12938005929040566,8.488556443603942e-62,0.8050432027730896
proteome,UBE2B,9877,0.0021934933825923375,0.00213693618170796,6.98598021294794e-5,4.320019883968684e-6,0.875620380707558,0.025289802263972764,9.051912631426857e-6,0.8924122638801228
proteome,UBE2L6,9919,0.011360326941920573,0.003650021314663854,0.0077788651332412195,1.7349900730851543e-9,1.0945641431743783e-16,0.07796370607261663,4.301421529794661e-9,3.5313587091597214e-16
proteome,UBE2Z,9627,0.00129947834796873,7.917101649552727e-4,4.603180535442952e-4,0.00577098815927709,0.2185803309297752,-0.03352936828923134,0.009309381009694776,0.2804698451745974
proteome,UBQLN3,9611,0.002203807270843239,0.0016239105005060317,5.688566551881324e-4,7.779444474735531e-5,0.14066963686271053,0.040732574044831396,1.5029290283973535e-4,0.19258892203733155
proteome,UBXN1,9676,0.009272622883884418,0.008884824460658192,4.889672749364138e-4,1.5424389641748657e-20,0.1926530390627855,0.1344976411572144,5.511673706947594e-20,0.2512828349756903
proteome,UFD1,9886,0.001753098075554238,0.0013088297087134881,4.819125117969669e-4,3.215727793994797e-4,0.18998371260623043,0.10586846823094441,5.878406717852902e-4,0.2483552736797905
proteome,UGDH,9611,0.001090533418432127,2.8097429379148053e-5,0.0010429657081713062,0.6034031216938234,0.01835920107175435,-0.009269053014110405,0.6546946268415166,0.030612632477317724
proteome,UHRF2,9611,9.125958841745829e-4,7.08049703144753e-4,2.3743190899938593e-4,0.009097525728591115,0.5161396698970847,-0.019815597612965728,0.01430450118594504,0.5725526584854568
proteome,ULBP2,10264,0.052497791026522966,0.005598723350366819,0.04804614146385411,3.2189792295551786e-14,3.6261121452970127e-109,-0.06319695692146604,9.437388453349838e-14,4.326173796205375e-108
proteome,UMOD,10415,0.06761898302119584,0.06120777562995894,0.005801972302478142,5.2884333862121e-145,4.4247983562732843e-13,-0.3117085024471292,1.051570801897821e-143,1.2831037297010724e-12
proteome,UNC5D,9627,0.011338514274221279,0.00849857847315294,0.0031699619223432007,1.2816618064405375e-19,1.056518189199303e-6,-0.04851162225644916,4.428247588919256e-19,2.4354910623261536e-6
proteome,UNC79,9580,0.0013883148903732767,2.270737221066188e-5,0.001371274119913557,0.6410172678814189,0.004344141335721066,0.005298043563561713,0.6891112445816062,0.007823736983556793
proteome,UNG,9877,1.4884385322300187e-4,1.1585971881777901e-5,1.3610558836918418e-4,0.735221004924096,0.7187609812996555,0.0024881872598393126,0.7758306849794702,0.753835072959775
proteome,UPB1,9919,0.029944867828503474,0.027162251204491117,0.0034783213295249693,2.5211556478109068e-61,1.519325664405952e-7,0.33381288423184396,1.9810048275675484e-60,3.6431410312211634e-7
proteome,UPK3A,9605,0.0024766194925956997,5.692776687320489e-4,0.0019605838542725573,0.019386215533195097,2.948855243231686e-4,-0.02417378181231924,0.02898511918339093,5.903769778059052e-4
proteome,UPK3BL1,9724,3.855910878162172e-4,1.5447075123131704e-5,3.762776012475877e-4,0.6984173086003291,0.3008507602741565,0.0042724550371311424,0.7426378488457164,0.3661060667282929
proteome,UROD,9676,0.017427510377727495,0.014972164143530642,0.002677771508335147,1.3768407397889181e-33,9.851421532108738e-6,0.17545630773547913,6.696348556410994e-33,2.165090611906304e-5
proteome,UROS,9655,0.003221860931046372,0.0028271822244276823,4.590509985320512e-4,1.7246050883332516e-7,0.2185199915406146,0.07279869465721911,3.886677465842787e-7,0.2804698451745974
proteome,USO1,10318,6.780756859418036e-4,3.0559018957432293e-5,6.525392245027017e-4,0.5745402184325674,0.08094285817495092,0.011165931633874401,0.6261674341828466,0.11898892802786494
proteome,USP25,9877,8.017974479688217e-4,2.943497067109391e-4,5.157444871740635e-4,0.08824498411201503,0.1651124625228427,0.026285469774072843,0.11778086235589952,0.22067843070611304
proteome,USP28,9903,0.010812348478193123,0.002224192828953364,0.008468893667888833,2.672406049346739e-6,3.879731455447161e-18,0.03542340703622836,5.6522741550220834e-6,1.2886880732127332e-17
proteome,USP47,9611,0.0010096763429403577,2.0564702291903103e-4,8.293818538602782e-4,0.15986045369932178,0.046619835198156934,0.02527608478745938,0.20254534294023302,0.07256111729723787
proteome,USP8,10146,0.0069102554625098955,0.006699911883594756,3.164116988648713e-4,1.5006059806975778e-16,0.3604532605906858,0.1735855447670324,4.701255392903558e-16,0.4265606804480058
proteome,UXS1,10125,0.026554348051026633,0.023917721358749033,0.00261398361144094,3.2327416770625815e-55,7.532128254934281e-6,0.17829318849925016,2.2935203694305644e-54,1.672979550849005e-5
proteome,VAMP5,10146,0.004291758638655274,0.0015723685618604932,0.00273203792692156,6.479251221193733e-5,4.108568792226975e-6,0.04515712851300856,1.2625900879699524e-4,9.202564428873141e-6
proteome,VAMP8,9627,8.27812021052865e-4,1.2136687788100176e-7,8.276467384700226e-4,0.9727399253764395,0.046691780912159885,-6.295773143287067e-4,0.977757497206098,0.07263442022684584
proteome,VASH1,10298,3.5470781642499283e-4,1.2249709048783863e-5,3.461565797359123e-4,0.722530612583322,0.3125838451895377,0.006364684005898201,0.7640944213390196,0.3773988349810073
proteome,VASN,10108,0.015185347594754539,0.0019407067951859869,0.013186899904579441,9.422618536319593e-6,6.999686755238345e-29,0.027120875788949873,1.9300850722958775e-5,2.833806701601341e-28
proteome,VASP,9904,5.685995196220706e-4,1.742465407821303e-4,3.7356158771417736e-4,0.1890597225131395,0.2958832238635411,-0.0199478735337207,0.23525822431073082,0.36141523750653176
proteome,VAT1,10318,0.012381534138028782,4.4127762735990395e-4,0.011989100962805588,0.032886465589513345,8.717165920550848e-27,-0.009254437308352816,0.0473299551541839,3.443280538617585e-26
proteome,VAV3,9605,0.002254646309111097,0.0017008897740289353,5.100296921121128e-4,5.289026104632025e-5,0.17943635668888003,-0.0852796095375201,1.0354871603375358e-4,0.23679118311584482
proteome,VCAM1,10312,0.04243935300728652,8.823027214253099e-4,0.041327077487883224,0.0025596372971376626,5.706237995142243e-94,0.017729121593004965,0.004309804043510016,5.935705928754724e-93
proteome,VCAN,10430,0.049434961851977044,0.005001332406415537,0.04526880932253563,4.843973206763727e-13,2.3446382300787628e-104,-0.047930120385343424,1.356219701472258e-12,2.7304293014024793e-103
proteome,VCPKMT,9580,0.001393263343992257,4.646069384772744e-8,0.0013928533802513021,0.983172919714523,0.003944046310187543,-3.7993208095927903e-4,0.9868868284084997,0.0071516422857805136
proteome,VEGFA,10367,0.020628263497041388,3.231473743799951e-4,0.02039485740881808,0.06725269094048408,5.034722460916331e-46,-0.023599376849021216,0.09147492583482317,2.7610682463899505e-45
proteome,VEGFB,9627,0.0284044038140443,0.002883154339470617,0.025882575430839494,1.359003621915271e-7,2.045598010275639e-54,-0.03281014837077388,3.0865327015216296e-7,1.2587964176917248e-53
proteome,VEGFC,10379,0.008047882942707751,0.0018706495227486242,0.006239686119237864,1.0471856152817798e-5,5.175576452717944e-14,-0.05391405857372185,2.136024810515452e-5,1.535858880334472e-13
proteome,VEGFD,10394,0.04012356683162521,0.0384120888596835,0.0019168041261365953,1.7246558150968033e-90,1.7519420448092548e-4,-0.16346223979510635,2.032729414325789e-89,3.5561990256787856e-4
proteome,VGF,9908,0.02237776969359373,0.019608018127735827,0.0028789938043177754,1.4843259063761358e-44,2.7796641680452518e-6,-0.08835259072168429,8.729747735085402e-44,6.269257996293418e-6
proteome,VIM,10146,6.341281794154385e-4,4.838851988302473e-4,1.2776080073118035e-4,0.026732183786582663,0.7301380294561581,0.05413555984453064,0.039010570747968605,0.7633023820101396
proteome,VIPR1,9666,6.224699330248384e-4,2.528791064758673e-4,3.6598154993605636e-4,0.11803163787815316,0.31604898073757,-0.007761823978837104,0.15381474699859193,0.3806391309006663
proteome,VIT,9919,0.18321286091787248,0.17522230722879328,0.010274200330814831,0,4.758249265185647e-22,0.3585612125077495,0,1.7149645625323856e-21
proteome,VMO1,10318,0.02493667770189456,0.0010505265695687216,0.02380812060123183,9.937098634507442e-4,1.3707338833815795e-53,0.049433530637850394,0.0017455612565303639,8.347198210675744e-53
proteome,VNN1,9904,0.009197874394911598,0.006512319846667558,0.002973813167008399,8.841750184254875e-16,1.7725267106363378e-6,0.12708937773620554,2.711903020837041e-15,4.041416205296424e-6
proteome,VNN2,10318,0.00622434900345048,0.004670240199814657,0.001748998114812439,3.7050778289739644e-12,4.2869550015257836e-4,-0.07231102493015819,1.0065002317928344e-11,8.472460763664547e-4
proteome,VPS28,9746,7.959675535402777e-4,5.065943350039959e-4,3.0514102391188125e-4,0.026306911295983774,0.39580915715570464,0.030794617088412815,0.03848598178685718,0.46038605903944474
proteome,VPS37A,10318,0.0064731602309638925,0.004978271819304658,0.0015416348343333386,7.282398562913443e-13,0.0011821226598530913,0.1269627798871419,2.0257091764735885e-12,0.002265799694918417
proteome,VPS4B,9877,5.366432665437904e-4,1.1176164375725772e-4,4.123003287631599e-4,0.2935393726477271,0.25386993083777276,-0.020697410067949996,0.3493548803946687,0.31739170566245073
proteome,VPS53,10318,8.788741349325946e-4,3.6382755754771345e-4,5.342433831787563e-4,0.05272372119197553,0.13795886770264665,0.03355489959644191,0.07342136114537612,0.18949895220622
proteome,VSIG10,9877,0.0014754315155337538,8.505305300026134e-4,5.670867750117159e-4,0.003753067373096927,0.13276962081660598,-0.021150013679356185,0.006204873264458325,0.18305924605987703
proteome,VSIG10L,9611,0.010420571530873168,0.009158502105907407,0.0012594425422082223,5.408745955727311e-21,0.007027230204562054,0.06527737878407813,1.954235405264639e-20,0.012396254609496006
proteome,VSIG2,9877,0.07667181186489891,6.371632337632827e-4,0.07626317896793733,0.012130043699652041,1.93665969714433e-169,-0.03063428386414607,0.018740019944018454,4.321264347139601e-168
proteome,VSIG4,10349,0.09464206851597612,0.0044156532501569146,0.09006334576690433,1.3268309728737977e-11,2.470195682623017e-211,0.061620725758274784,3.5225494402453315e-11,7.934485692645142e-210
proteome,VSIR,10283,0.0028542343129148717,0.0013486095871162451,0.0015010493523066604,1.959330523974729e-4,0.001476665034009862,0.0505062022679012,3.661843428119011e-4,0.002804608118525553
proteome,VSNL1,9903,0.15930277442760055,0.15763937629314895,0.002865056778394659,0,2.99278142954227e-6,0.3411344691936343,0,6.74471867274638e-6
proteome,VSTM1,10131,0.0026528371344460844,0.001058487601212632,0.0014949028667111675,0.0010578953064016834,0.001693278510698465,0.03499188111654809,0.0018560792200552946,0.003197321115485538
proteome,VSTM2B,9746,0.0010331817744463345,5.759885195437686e-4,4.0855679247919774e-4,0.017837560575262673,0.26354820854146793,-0.017748241334941947,0.026875870907985974,0.32751624416253344
proteome,VSTM2L,10146,0.001138675831859448,8.25299263392143e-4,3.5262032894356476e-4,0.0038096164747940474,0.31094603866508513,-0.03624335352801004,0.0062912479976401136,0.37557655827191894
proteome,VTA1,10430,0.0024007249913644557,3.4621852202199044e-4,0.0020948162842874263,0.05744072074417607,6.967531306594105e-5,0.029874336388718094,0.07934746064991807,1.4568021465790107e-4
proteome,VTCN1,10125,0.00708059168149755,2.22870869800329e-4,0.006837365232516324,0.13313243687050041,5.638874207303771e-15,0.010516545312105267,0.17165686500770744,1.7295308822611674e-14
proteome,VTI1A,9676,0.002160329602187261,0.0012343569513881825,9.143735225811689e-4,5.481711043502776e-4,0.0313899914817476,0.04253738168993254,9.860333157020685e-4,0.05049694281846353
proteome,VWA1,10427,0.017889106610421424,0.0036512328252408244,0.014350230454575397,6.649200804237811e-10,1.9090068677711362e-32,0.0594011534361536,1.6640080437317741e-9,8.403655232673239e-32
proteome,VWA5A,9580,0.0011284735151111391,8.161953944674227e-5,0.0010560073296177475,0.3766833359414937,0.017596194707966365,-0.014879235160363104,0.43416616362657184,0.02937388756789588
proteome,VWC2,10237,0.08616660854736757,0.03360595954622059,0.057735495868392994,4.80437364818506e-78,1.434065412496463e-131,-0.1648444973036979,4.744318977582747e-77,2.138659796289368e-130
proteome,VWC2L,9908,0.027085947933510157,0.02525344707530608,0.0021677115855440743,4.994608804706665e-57,8.322705026301389e-5,-0.15513630242927623,3.6407086125081254e-56,1.732711309962889e-4
proteome,VWF,10431,0.019230597811173977,1.6081589315208866e-5,0.019202273398673975,0.6821999060100028,1.440435609524419e-43,0.006669671326426884,0.7264372769643855,7.669204529398682e-43
proteome,WARS,10349,0.018363220245263268,2.0093293343370622e-4,0.018126160814665115,0.1493811760594656,8.969085939028273e-41,0.011389840823883567,0.19009193627419155,4.591355201362459e-40
proteome,WAS,10167,0.0013013345772769913,3.214393584785036e-4,9.717638328761158e-4,0.07069405670384286,0.019611058336345806,-0.026610088746749805,0.09588804071709174,0.03254755316078393
proteome,WASF1,10146,9.533677668215335e-4,5.297133750016281e-4,4.412290749882253e-4,0.020450989386394967,0.21446696843316887,0.048130417278101446,0.030468013239771913,0.2764051802161167
proteome,WASF3,10131,7.951049355016115e-4,7.97536086251105e-5,7.276873705415188e-4,0.36883747287196156,0.06095078822905659,0.016291154538267263,0.42629969679902874,0.0925502098667701
proteome,WASHC3,9903,8.687036065090359e-4,3.025879354427996e-4,5.755515936169964e-4,0.08350555308576185,0.12722347912574536,0.027564608190191037,0.11191505349366432,0.17632727808655937
proteome,WASL,9627,6.137390652465324e-4,2.3021675517476137e-4,3.8821827624324623e-4,0.13664977840121864,0.29137633160206666,0.018375732152976155,0.17572692576628338,0.35710399047079283
proteome,WDR46,9877,0.0033458711268326002,0.0031249987196555473,2.4172920944864895e-4,2.7213039055279117e-8,0.49610398464163974,0.038715861834540295,6.414815577304909e-8,0.5537929621048631
proteome,WFDC1,9743,0.01454561327203907,0.004642186782405799,0.00989165957431326,1.6831345601888188e-11,7.54045683329382e-21,0.06757710157128348,4.4523097913411015e-11,2.6555126896045586e-20
proteome,WFDC12,10408,0.1761691933989593,0.16976040645201074,0.0073753150957627245,0,1.3412231958992572e-16,0.6489292094332652,0,4.298679168435887e-16
proteome,WFDC2,9864,0.17003466873886164,0.008825453374396441,0.16281696072470075,8.90124008344902e-21,0,0.08261419459358946,3.1924324863707345e-20,0
proteome,WFIKKN1,10237,0.10829192817364253,0.10185990178892945,0.008980394605687225,5.022494706673546e-241,6.998116548349299e-20,0.3102647653338345,2.2243563678192086e-239,2.3980650258880424e-19
proteome,WFIKKN2,10341,0.015097634128314663,0.011578682720758793,0.0038602172943749125,5.250472257890227e-28,1.0768291111318844e-8,-0.0877914493437412,2.290616479076587e-27,2.6948386060261115e-8
proteome,WIF1,10438,0.030167216978165823,0.02940146897151763,9.359306687181101e-4,1.1204837943240389e-69,0.02062960633970448,-0.13677984952801683,9.835357750177676e-69,0.03406798832257412
proteome,WNT9A,10167,0.21327711366500446,1.1439939253632403e-4,0.21307542965906012,0.280940231686622,0,0.0066454160208957265,0.3354527357924821,0
proteome,WWP2,10264,0.003933678967847132,9.541554439405076e-4,0.003064920614061273,0.0017518921133278984,6.693438915827208e-7,0.03703711761194018,0.003003390408948649,1.5602011125169801e-6
proteome,XCL1,10438,0.011574948732443469,0.0010450667767417654,0.010672169813802035,9.57312309964184e-4,4.182152343937059e-24,-0.04084215643856374,0.0016846621806293255,1.575313312026807e-23
proteome,XG,10344,0.42006677302233997,0.3908410646594267,0.08029538371506872,0,2.768638210633653e-187,-0.5642944837070141,0,7.161707512993068e-186
proteome,XIAP,9627,5.313020487816011e-4,7.055212897888463e-5,4.6455721026839036e-4,0.4099860187690554,0.21486996913503267,0.009912061489000732,0.4686699776542623,0.27680252083812273
proteome,XPNPEP2,10379,0.029771050206107375,0.02774456197904529,0.0014495287639566534,1.9397636311760476e-65,0.0017752120912921342,-0.376099558630511,1.6153644142243837e-64,0.003345547996677568
proteome,XRCC4,10131,9.887935974023376e-4,2.3931651812669763e-4,7.323083166066446e-4,0.11952841457116808,0.05969161488178562,0.012333367479244213,0.1555572376631898,0.09077970358972912
proteome,YAP1,9903,0.1780787830193813,0.0038222453231784304,0.17582675339089382,7.43448173803582e-10,0,-0.03575376315470897,1.8573495829298036e-9,0
proteome,YARS1,9886,0.0010646086762585716,4.943981901437411e-4,5.915890889590658e-4,0.027073632170703157,0.11926915114674813,0.06884877169039423,0.03948913514718829,0.16712546922432636
proteome,YES1,10318,0.0018864889485533665,0.0011273586802174052,7.974355665728572e-4,6.481131785767626e-4,0.04153418746783291,0.08637773489192933,0.0011586757314861634,0.06537664510957221
proteome,YJU2,9877,0.002475088110647783,0.0021632060115927,3.8901747677877463e-4,3.7722701715453623e-6,0.2791161090501696,0.030365297916823526,7.926919993836876e-6,0.3443885127706398
proteome,YOD1,9611,0.036996958359347576,0.03647176482092085,5.822045769939832e-4,1.3471805931608168e-79,0.13309003397344987,0.24927892105024635,1.3578651288996785e-78,0.1833280722452375
proteome,YTHDF3,10167,0.0016588212669622626,0.001414846866507058,2.587486067199274e-4,1.4881462404233025e-4,0.4522764833522114,0.07157626656012439,2.804546396361904e-4,0.5130012265574365
proteome,YWHAQ,9676,0.00125712456454663,6.671823536558152e-4,6.06477122550575e-4,0.011069409292348946,0.11824673785161853,0.03954526158831884,0.017228904878347162,0.1658637595881917
proteome,YY1,9627,3.060073285258147e-4,2.5578821454264045e-6,3.052620435356479e-4,0.8753410295392753,0.4013098430320633,8.559578067019872e-4,0.8993398345670656,0.46567235854812267
proteome,ZBP1,9627,0.009118213339997183,0.007836684235371205,0.0011727350305218431,3.305994611907977e-18,0.010250784007289055,0.06342137780666353,1.088223226419709e-17,0.017656477108606898
proteome,ZBTB16,10125,0.007799472685812048,0.007114426189393286,7.246778966104594e-4,1.8942180064790728e-17,0.061904481028234766,0.1364690451955255,6.097796512046619e-17,0.09385207367506754
proteome,ZBTB17,10146,0.024128370853264913,0.012386788836771911,0.011390330626070089,2.5228423887734301e-29,5.134191460740789e-25,0.08909708960511467,1.1397632615741476e-28,1.9720422654067447e-24
proteome,ZCCHC8,9611,9.308509115024677e-5,3.814868744700384e-5,5.1031984660498964e-5,0.5449488881945965,0.921027885804401,-0.0069816887495170645,0.5990543814188813,0.9343993799095401
proteome,ZFYVE19,9886,0.0010656344224094783,7.066722113518997e-4,4.0092664982749326e-4,0.008220745380937079,0.26553643501812896,0.05062021027930191,0.013031040536051563,0.32902204305128907
proteome,ZHX2,9903,0.00982028188844808,0.0076672887943670665,0.002050080812756927,2.5902816522435805e-18,1.461461323079245e-4,0.04688832264053181,8.555246632212413e-18,2.976899963317515e-4
proteome,ZNF174,9627,0.0010201084626065837,4.5304145180524724e-4,5.633140861064367e-4,0.03679390285416856,0.14337797707525204,-0.016847526855883508,0.052565287410916275,0.19611316190498912
proteome,ZNF75D,9746,2.8538562344482266e-4,5.7627811603788714e-6,2.7925519516935893e-4,0.8127164875552758,0.4367135071272542,0.002951198151831418,0.8438970845911443,0.4974721673160421
proteome,ZNF830,9877,0.010937586784302789,0.0021704239664890324,0.008763009680272105,3.634365184659944e-6,1.017505159694914e-18,-0.07643641188138302,7.648127742808507e-6,3.4304124357419074e-18
proteome,ZNRD2,9886,0.02243209323806339,0.004854673739211668,0.017616870179223088,4.084670612265341e-12,7.736309624257172e-38,0.10121740167211006,1.1085879479713643e-11,3.74391275359333e-37
proteome,ZNRF4,9877,2.2795668823560877e-4,8.322117742831647e-5,1.5397596799882063e-4,0.36472677628653316,0.6776057889688883,-0.010058764454912416,0.4222163830041728,0.7173638975574287
proteome,ZP3,9666,0.0025463424522539357,0.0013933811652202532,0.0012514176676917677,2.4238950579986155e-4,0.007054414521897232,-0.20149547613439958,4.4970827152213024e-4,0.012429206538580838
proteome,ZP4,9580,0.0016376728056730627,2.1849789203187697e-4,0.0014325170975071355,0.14804918040627896,0.003301468721920852,-0.009394927226744903,0.18864331051767802,0.006050277789451192
proteome,ZPR1,9605,6.978345036290357e-4,1.6350023813360703e-4,5.246276247046211e-4,0.2102580148286365,0.16903499202379713,-0.025231317568854137,0.25895351976710346,0.22489270900571642
