name,wX_01,wX_02,wX_03,wX_04,wX_05
AARSD1,-0.03678008218698015,0.04208619287255119,0.004391572530576416,0.0064342050807836716,-0.01137167018463578
ABHD14B,-0.003010924279178171,-0.008994359802299118,0.013411926061019463,0.013170453127965207,0.024876198873011738
ABL1,1.447628849254752e-4,-0.01751542362430723,-0.03549064818764986,-0.004487549959175832,0.0046619510810685895
ACAA1,0.006605663211687874,0.00248761789564556,0.030093624087549318,0.0029403128141857944,0.04236228776669086
ACAN,-0.011922492115952163,0.01995065350258427,-0.008673471886698734,0.009347908670103338,4.1319976655161464e-5
ACE2,-0.02270789683477408,-0.0414703229000104,-0.01382492611949632,-0.0016920909819586436,-0.016156688679235386
ACOX1,-0.0056612286024651124,0.0038285301412100824,0.003233501109792445,0.011495434748877585,-0.017344739477214658
ACP5,0.020618221152548265,0.006688605488938301,-0.012971805179348426,0.003476272855432946,-0.040533036114522886
ACP6,-0.007943067535658042,0.001707711724031557,-0.02289351734310995,0.0023228301505823124,3.816034230284145e-7
ACTA2,-0.009266571999712207,-0.011102474842380899,-0.007497758606520617,0.006980881052618802,0.00564720819125967
ACTN4,-0.01225049190336169,-0.003635806942697397,0.00663373809457871,0.01247785163599216,0.0032010712503518102
ACVRL1,0.006099378440947049,-0.020531946095340942,0.016798509060781366,0.0060554419147538265,-0.017163776495383042
ACY1,-0.04737253449723004,-0.040609688412011936,0.01590855408637315,-0.014751067535465064,-0.06828326002768029
ADA,0.01022251319842693,0.0026318061506176225,-0.001230659838695691,-0.008543614776892602,-0.010331000628746128
ADA2,-0.008995052711003752,-0.016127767555605677,0.013085594209268981,-0.01333712889479454,0.019051126477994573
ADAM15,-0.011242653062371809,0.0024168486422658985,-0.012463486047046219,-0.007395219463651187,-0.023038635975555898
ADAM22,0.009303617817259583,-2.758300626860358e-4,-0.008502233170563585,-0.009566445639068223,-0.0061070894545975085
ADAM23,6.028349857833532e-4,-0.0192599718591222,-8.632789342998766e-4,0.022922511704331548,0.0047155718783818594
ADAM8,0.002486531807311288,0.005028321931486856,0.0032904923794979464,-0.02433522819244324,0.02445637712254795
ADAMTS13,0.00923809600065187,-0.028323070318931134,0.005863401084255629,0.013973377844100441,-0.0200599567150073
ADAMTS15,0.029463422815138203,-0.006938833680159439,-0.0078331237004868,0.006224041838875832,-0.016943273537884
ADAMTS16,-7.120028589858644e-4,0.00667749986931885,0.013173176313591455,0.0029902970128274455,-0.007749066037332146
ADAMTS8,-0.01310983073796504,-0.009547327747562794,0.0058665890849886,-0.0175201800119252,0.02777633730548877
ADCYAP1R1,-0.012983086146998937,0.017262841354863806,0.0165798004107095,-0.004871574441214907,-0.0229613330577686
ADGRB3,-0.005063158657420222,0.011017187884116984,0.0026251344347538673,-0.010197251523661391,-0.006314564542952752
ADGRE2,2.340169470358309e-4,-0.034402655314306925,0.007552943539169512,-0.05129872655519404,-0.033316437827426874
ADGRE5,-0.017578483447166324,0.01901952375180826,-0.0035968037258668146,0.02399717717873739,0.004302360225131707
ADGRG1,0.009184017153598895,-0.00834701866111039,0.003182608202400191,-0.03256769566227998,-0.016021504488470468
ADGRG2,0.020673383508975192,-0.0061220889541121525,-0.015693884128954363,0.003642028361019539,0.03603704730323796
ADH4,0.026681091835288502,-0.043436800818309744,0.04574578180352272,0.0019809161743448976,0.006169412560619542
ADM,-0.005164027809605079,-0.017111732952520654,-0.014500500892429031,-0.046442652245444305,0.012511332229076615
AFP,0.007497092594620885,0.016572700289328213,-0.004981228231412873,0.04250833692577773,-0.011500961514282777
AGER,0.009220862609258237,-0.018873921535492867,0.009800697032798447,-0.0018262858757112119,0.020680098807338704
AGR2,-0.001307528335095556,-0.012376694666848065,-0.00911961425177686,0.010699198026432898,0.02728477386031261
AGR3,-0.00943447683662513,-0.0067080396777075505,-0.009633380258534704,0.018018348688174028,0.018318788254947906
AGRN,-0.006969817382536387,0.025707122353509294,-0.004571486006278993,-0.024137394959216883,-0.010968817991510314
AGRP,0.004181169423724027,0.02736647486990694,0.03813748195824407,-0.002437349816291278,0.004688811098274741
AGXT,-0.038121348879949765,0.004816428741220889,-0.0032304934817583395,-0.015098586455225894,-0.041757248891146764
AHCY,0.031394864238420125,0.0075000665276663174,-0.03978219079203625,0.045110178452507116,0.05362481931947479
AHSP,-0.02448343103731176,0.024513144403559065,0.003565977055583331,-0.01876659745262146,0.08606481334198289
AIF1,0.013296987074732737,0.016233684692072526,-0.015952702240926847,0.011329761293745272,0.018519958128222387
AIFM1,0.03651937796092608,0.0411126944047692,0.041439976471562855,-0.02111433851806007,0.05989543653943518
AK1,0.027064128182197004,2.7288256781086024e-4,-0.05488310867861581,0.09754628289697058,0.12394095293628922
AKR1B1,0.006551576144755221,-0.0061754823735755944,-0.007501121042705907,-0.009560144210778778,0.023732846410095675
AKR1C4,-0.0010801857982204565,-0.002711897546856973,-0.011308154272042797,0.02093764030059713,-0.013176754011554615
AKT1S1,-0.002052336193392511,-0.0028784523436259347,0.025320423048548965,-0.03232322864641916,0.035063038704486536
AKT3,0.02192517943181959,-0.010170925492305674,-0.006455987579567879,-0.017215040224275547,0.021352636217683543
ALCAM,-0.0053221227009209535,0.029791963225048592,0.03119298239436099,-0.03861027695787087,0.06229109292020911
ALDH1A1,-0.006303065089379914,-0.019771747954681212,0.016790924749052902,-0.02910667190857324,0.010515362773621837
ALDH3A1,-0.005829067465661777,-0.0025580588184362174,-0.0015210291868011142,0.014666662997109899,-0.02384318754357422
ALPP,-0.007934698932808747,0.006567277396003857,-9.419018943714459e-4,-0.0074404438815753975,0.015606072382182597
AMBN,0.014731841924333394,-0.013938865026357284,0.01860589223913719,-0.0174141988859868,0.01010553563915886
AMBP,0.04834637034526896,-0.024183704136575435,-0.027432169523151063,-0.012244877016676701,9.559546349697806e-4
AMFR,-0.009745791249684319,-0.00701342912015293,0.03704075357241745,1.14667232407065e-6,-0.0458272356488333
AMIGO2,0.011978078779966341,0.007569620789184631,-0.01875628941560193,0.018584736113285625,0.0074925048524609
AMN,-0.009790499804601848,0.008769488428625107,-0.008395080465191027,-0.014767414402235914,0.009013632220847079
ANG,0.005906308907264271,0.011671477685870952,0.035125671165283964,-0.02366270350948223,-0.03644607634759957
ANGPT1,0.023565920816272384,-0.01429441395021183,-2.1624162393014317e-4,0.04338961319376422,0.035667767484725305
ANGPT2,0.005874929001817515,0.0012501096707474948,0.018341754484425123,-0.0020181941042705627,-0.020330619275203608
ANGPTL1,-0.03702661684067785,-0.02496166565086101,0.0011660960087412477,0.004884782012031452,0.07625291340400166
ANGPTL2,0.002600187533761825,-0.037611457042092206,-0.019308721416813522,-0.005343949239674587,-0.0350099037707852
ANGPTL3,-0.019685975240327665,-0.11446438601120133,-0.05685582966129991,-0.03525250599203514,0.0865826718680076
ANGPTL4,-0.04698202211497414,0.03448486147300138,0.005220562812607593,0.10726506539879105,-0.038500719189868894
ANGPTL7,-0.019955069535480468,0.014642099146994407,-0.03872261515042625,0.005115113476212712,-0.002395217939278994
ANKRD54,-0.002418381110468439,-0.00812450068124191,0.011215466464684529,-0.004038975076316136,0.023601932843952768
ANPEP,0.013680767586315198,-0.01820270345260439,0.006955980728336661,-0.03247883042033624,0.011224829750589985
ANXA10,-0.007526923566376967,-0.010684088545998739,0.010232596090505988,-0.002492602041574302,0.0182691286055779
ANXA11,0.003910784011582384,-0.00804062714292067,0.035953096207988575,0.028852223930933122,-0.07004676416179566
ANXA3,-0.003439668729820597,0.010026653113783122,-0.015829795687416572,0.10558449065406555,-0.07348184212813245
ANXA4,-0.0673316040835421,0.06052611555448893,-0.017916225750389092,-0.06316734584978906,-0.015876696361467286
ANXA5,0.0019350614207689675,-0.004904649946434984,-0.006699257346207624,0.01066340718695778,3.3057243930558877e-4
AOC1,0.0037525017480828688,-0.00198792290874454,-0.003125749992757765,0.005159542862046603,-0.01919372936865889
AOC3,0.00789841483915459,0.006822571081388707,0.002731923682043523,-0.012019128657550518,0.001670321930420956
APBB1IP,-0.014815881234823901,-0.007122676572991891,0.010898038852385276,-0.05246004760635744,-0.0429692481035256
APEX1,-0.013229968719710515,0.005526464455687118,0.019262886727837516,-0.05457835743861677,-0.02275240839313651
APLP1,-0.0353055654327357,0.022767801019717235,-0.01913917479409618,0.012685315539299623,0.014027253241124018
APOH,0.00369388951150692,0.004719433268857842,-0.025401503190668775,-0.003278389991719435,-0.01302558863038187
APOM,-0.07493440214490653,-0.08671836751344748,-0.04141836529557579,0.12425148283553801,-0.01440523932414534
APP,0.04992059190567364,-0.032612605187529814,-0.02084097788545847,-0.04486988770205373,-0.009136240046480493
APRT,-0.028022816052534236,0.005000503593633135,0.031202619305932718,0.006979953575233409,4.827273310282868e-4
AREG,-0.011269880120300857,-0.010422913427387586,0.016151603321266743,-0.009285102028833724,-0.04170612641066405
ARG1,-0.01565282076849751,-0.004105960097002583,0.030322452200024757,-0.044488935262845114,-0.02436435843386052
ARHGAP1,-0.005843974271707952,-0.01924317644390443,0.0538590288351,-0.03255701564418386,-0.024970377645978606
ARHGAP25,0.001724894092549772,-4.3918531621179674e-4,-0.00508102075500014,0.030474132615410075,-0.03366896470205386
ARHGEF12,-0.009507706484019949,0.013855403289084382,-0.030689362072507,-0.02802310072990789,0.019988384553820533
ARID4B,0.011456866746981823,0.003140465104001167,-0.014253002159719875,-0.002165449775647157,-0.002384525019191012
ARNT,-0.006602715050275778,0.00941215618569808,5.815143353412403e-4,-0.019396525115385123,-0.02808296291370505
ARSA,-0.011851877077459357,0.02105288221415398,-0.005070198450779647,0.01677836957422117,-0.0025194271721996303
ARSB,0.021293145331575263,0.001762378734151587,0.03970428940656844,-0.013769709840540443,-0.03290641916545057
ART3,-0.012663668023513354,-0.01123624119799928,0.02850045890750797,0.009706583269205303,0.014311015721636023
ARTN,0.004022304885531479,0.0032457895012617667,0.007455878784424311,-0.005436353686004579,0.002434547320511537
ASAH2,-0.0056796838342747,-0.017945762202508063,-0.031079961955876007,-0.016630884416483808,-0.012168318142146313
ASGR1,0.023093463426160345,-0.02737624616747916,-0.04753778687281874,-0.042779376182774144,-4.5106961979624337e-4
ATF2,0.001965035543248423,-0.011747925631815629,6.677925750601786e-4,0.0016924339112773196,-0.004769580146755013
ATG4A,0.011282580000323277,0.05829988267792679,0.004087964430209956,-0.020477544459236507,0.02157448690496468
ATOX1,-5.429989632592648e-4,0.023410606878914057,-0.0069474283686057296,-0.04096383226785677,0.01125749143040929
ATP5IF1,0.008266015535657183,0.0455144015408179,0.05731926732289563,-0.10115797761157541,-9.342686414710478e-4
ATP5PO,-0.001011644171059506,0.004517694710596452,-0.006251285788123603,0.007174207743052609,0.013616910497189876
ATP6AP2,0.0044131521479452915,-0.01363614792429775,-0.01956197848623617,0.003985918635538323,-0.007842176672611174
ATP6V1D,0.008345891367388699,-0.017134490908225376,0.012278692927347986,-0.01221477877813806,-0.00891991602968371
ATP6V1F,0.00482539593968672,-0.0227794418023775,-0.017141992627403475,-0.0012073189571409678,0.0053102942084434675
ATXN10,0.014530046191772929,0.028371357281658342,-0.007345789285360755,-0.0055243516123526185,0.018363509732999394
AXIN1,-0.03480674920092976,-0.0673135474909827,0.013473977655363132,-0.06273139913781892,0.19000525576702054
AXL,0.006667784655598101,-0.009291192885654297,0.03490354288417154,-0.023885054406253037,-0.011236205603916832
B4GALT1,-8.225210502141809e-4,0.003913268780589184,-0.03462039159142485,0.006431090403327032,0.060471203319041336
B4GAT1,-0.0027337876803854764,0.02065034079386339,0.024286880907612166,0.04262478302694861,-0.0726193785982613
BACH1,0.002213748437342838,-0.01242525278033854,-0.004818664535625621,-0.03402202759031997,-0.02672228778657694
BAG3,0.019162026949767593,-0.012076881956889931,0.006490082901936273,0.02394877369073671,0.022203160743302194
BAG6,-0.015333111003569608,0.031381977457713324,-0.018817801120923155,0.011592642903500998,0.10434457403421636
BAIAP2,-0.0032449834501526165,0.005383651512603672,0.0013012693428874438,0.015965219983294348,0.0022175073618364875
BAMBI,0.016640113371989593,0.007340935916779677,0.010397471985251254,0.013083571101851292,-0.04823316557455473
BANK1,-0.01544413565767437,0.03459733031445933,-0.014913759845425293,0.0046549292278753205,-0.03420224299004651
BAX,-0.010336192058784683,0.008839425047338714,0.01235111464062282,-0.0055630232995275775,0.04719753872986967
BCAM,-0.001271794248816412,0.003888399153569423,0.0650442637526902,9.90523517337873e-4,0.02650677597950376
BCAN,-0.0023041685954311164,0.039373195498281964,0.006647835421233294,0.007131408443625727,-0.024856220951765852
BCL2L11,-0.021148865170724875,-0.006125767257235808,-0.05397133445832912,-0.05223934037131688,7.773212756350243e-4
BCR,0.026256367559421144,0.014253822348482853,0.041918140170211664,0.0020379070373242776,0.06057825945318979
BGN,0.01655596944208331,0.0015597745269469525,-0.0075675752595918515,0.04190430220873157,-0.0027595889936157863
BID,0.004082425894332477,3.6281460131920584e-4,0.03629431591166588,-0.023330853899532756,0.04314497024586322
BIN2,-0.008915055417166402,0.012570490930039827,0.03894758878433461,0.03767571385430547,-0.003881877431224172
BIRC2,0.02238225441250749,-0.006829031824520739,-0.031242872327187948,0.022273442913821297,0.05154325292506605
BLMH,-0.010904248995444852,-0.004823836671475799,0.019053901244314966,8.527974694425591e-4,-0.05236628541283569
BLVRB,0.0397645307853771,-0.01337064861440955,-0.030108152073978926,0.027265678686544077,0.055420188720591915
BMP4,0.010129100496707857,-0.006102748809983973,-0.028985980631927446,-0.03761648746283365,0.00838260680553979
BMP6,0.0017829023218471896,-6.465049466086735e-4,0.02294056102292366,-0.02391781375580472,0.006339082153484613
BOC,-0.020451886767440152,0.016810032280554815,0.014667664058000823,0.001029549687787479,-0.04940508262836959
BPIFB1,-0.030485772062817898,0.01733713248639933,-0.03610290696791926,0.024697188976442186,-0.014849070333510272
BRK1,0.015413253289818863,-0.019427219017930732,-0.004095404102434522,0.0060454835622007225,0.039567369765565054
BSG,0.010767526300047925,0.010907766557751324,2.802119048392687e-4,-0.01973669581690285,0.07660660787722638
BST1,-0.007485949329886865,0.018923997837071372,-0.00659870449106316,0.0030726515318871264,0.009033010114337476
BST2,-0.007501837931855595,0.00678762125298525,-0.04828890306725215,0.02622424890978531,0.006192587997247308
BTC,0.006289380035947957,0.01318218202317277,0.015906586661789183,0.025223923638458785,-0.00365990831636922
BTN2A1,-0.020244414873879023,0.019526121831896913,0.03473751862562237,-0.0271935352413287,-0.020636573235939214
BTN3A2,-0.00513793972456455,-0.0034778024088341418,0.012647234797732117,-0.0012835878734230874,0.014035480438829703
C19ORF12,0.004444001295179135,-0.003655165797661756,0.013666820841573085,0.02603105861262787,0.024219550960614407
C1QA,-0.010225160466342188,0.010980694691835644,-0.009290337602062477,-0.01154559325340265,0.041170730582495
C1QTNF1,-0.024708215248413795,0.03155694359367484,-0.01491930568965529,0.002106380302376982,0.023387280372306106
C2,0.011029046754714677,0.01811732696733255,-0.005936603778919344,0.022120614442937732,0.01653473572620351
C2CD2L,0.002452640653410893,0.0033961721192851298,-0.007803003788281169,0.01450342073317511,-0.019330395582555542
C4BPB,-0.0028924043584101946,0.02805895664346274,0.010659521531044141,0.027244244537604,-0.014550712444967626
CA1,0.011748611152134813,-0.00688708437734583,0.0632141722217989,0.03717115738908282,0.01899986592348962
CA11,0.012965638013625855,0.0161154151789648,0.014224850894292292,0.01784537313974882,-0.019562685037866862
CA12,-0.006014053672116463,0.0046867907574551695,0.0035255838426300765,-0.005744057384360756,-0.011589949119984691
CA13,-0.024162296911583662,-0.010464454877259404,-0.023289055022621255,-0.05835014444500527,4.4194895096042185e-4
CA14,-0.034211038901295704,-0.03159204551699011,0.07811540133070878,-0.012229754374305039,0.038273147376899075
CA2,0.00505022041254609,-0.08079912921142939,-0.028865502426829066,-0.05076790724936805,-0.06442485853799844
CA3,-0.009015684711485053,0.023518694231182358,-3.4340399610204177e-4,-3.045992062115833e-5,0.04315387299650476
CA4,0.004718483002600431,0.02170609000408973,-0.016905874789899487,0.015531134309894268,-0.05912005130504271
CA5A,-0.0059318697073184705,-0.009290542250606925,-0.03292805504329359,0.0018738479578789408,0.012378978242162468
CA6,-0.0024660417764287047,3.237482703971288e-4,-0.002511854664260489,-0.006317807317174508,-0.019975191714321477
CA9,-0.026115443974691423,-0.003654727694735578,0.008174405640408665,-0.04790945275970999,-0.008628665703606993
CALB1,0.008834739250857412,0.009078787844371189,0.00593552469171103,-0.0027978339080619633,0.004737732301772906
CALB2,0.00745516167457657,0.024695773989493557,-0.012749274757485803,-6.301074016525896e-4,0.021531899193943476
CALCA,0.01780104214640818,0.0029984973638110595,0.020598640629504384,0.020028736005853105,-0.01151983395789742
CALCOCO1,-0.039128684386395336,0.05279899143256295,-0.010833838672636304,-0.08388386639211161,-0.01998928437469579
CAMKK1,-0.014628931354105413,0.00805607032595607,0.004409720240804068,-0.04437533233539844,0.018263265979520285
CANT1,-0.024530473194548087,-0.021082305924435118,-3.641945418438017e-4,0.06207548858322602,-0.009926639898489855
CAPG,0.003261515331514065,-0.008084003583141064,-0.022916469765518293,-0.009447744223909276,-0.01164993535241536
CARHSP1,0.015009582336204702,-0.01581113559420732,0.013915177208022371,0.031187775644804648,0.03177331298240636
CASP1,-0.010422724800154383,0.009019987120657744,9.868144021409897e-4,-0.022036171949267203,-0.027498152988721852
CASP10,-9.95894186811087e-4,0.013045456727539283,-6.627184043537626e-4,-0.008236685155479354,-0.0017352488978091148
CASP2,0.025160746738690263,0.019607067414781867,-0.05385628539607489,0.0040044751375596785,0.0403052868191559
CASP3,-0.09305806942036496,-0.010258218425737861,-0.1641108728449202,0.08001020273386056,0.07035211364670406
CASP8,0.013616525578506032,0.050077928407217406,0.0015242794969790936,-0.0025106625334181624,0.017743986186495333
CBLIF,8.05448939136256e-4,-0.005608417265650335,0.004037607008296037,-9.110581145553302e-4,0.03995080958943302
CBLN4,-0.01935648520041646,0.003308846337930033,-0.011889452340342138,-0.011343937344334481,-0.02233600218657186
CC2D1A,0.08323549594872295,-0.045220074729097476,0.02113053250503909,0.07770074743769598,-0.0018526728697870717
CCDC80,0.018020806143267322,0.03310059836643464,0.03767977789323267,-0.013546244353375715,0.02095075430755512
CCL11,0.008461858848957208,-0.007452789769734266,-3.603242661095266e-4,0.01850805225523868,0.046004509424918495
CCL13,0.003717452261312417,0.020761664603749685,-0.0011544598115470872,-0.026961723768435954,0.027231943506291503
CCL14,-0.0010770092691651946,0.011785868781941478,-0.03105117470558819,0.006827068011925198,-0.0022400036083533408
CCL15,0.010025471642708207,-0.013762579143781662,0.006903655505431355,0.0020612614649931356,0.004040852780085871
CCL16,0.006898583923953266,0.004006776447139457,0.015287053381495304,-0.030565525576184787,0.0026700571338724795
CCL17,-0.01143582691471599,-0.015447938338762271,0.005677825031698859,0.018708084138708645,-0.016904758253765022
CCL18,-0.02187884340205429,0.017614310839860727,-0.02882925637955672,0.0051795022251909986,-0.033855413022786204
CCL19,-0.011480367722783661,-0.010521556110119365,0.007188498803722258,0.0016862249117244388,0.006747774504171994
CCL2,-0.020096335031661194,-0.02407916323312976,-0.0196561468211113,-0.006150297600205316,-0.026821532920472665
CCL20,0.005811622720891712,3.809842032576783e-4,0.008371032360337411,-0.009965692302572266,-0.006251796918581511
CCL21,-0.0022713949650625077,-0.0077408632342454865,-0.018376884544481355,-0.035525057254853186,-0.027948369998374974
CCL22,0.002664198933624576,-0.004377875863085444,-0.008879235120418995,-0.0038749497173309506,0.019923170887717934
CCL23,0.004092460600301052,-0.018543345903784154,0.015453328763884989,-0.006836143495416372,-0.0017529619948167252
CCL24,-0.006414576473113425,-0.016874895826994918,0.005188740336204206,0.0023701206002089245,-0.008326438357921857
CCL25,-0.007247098753115724,0.009677975016798115,0.010992439735791554,0.013542791328860895,-0.013145112537893643
CCL26,0.012597695063706846,-0.011656548580018578,-0.01776215077702523,0.02804543387775956,-0.013066387559529026
CCL27,0.008453609631617834,-0.004570269882769558,-0.006734476350348766,-0.026029563847913138,-0.022193685264616136
CCL28,-0.014777343900409778,0.022801915938303954,-0.0027889109775796773,0.05505091147319373,0.005851220733167546
CCL3,0.003999544484614835,0.009093660520858695,0.02133252811243457,-3.549194691690987e-5,-5.374865788107859e-4
CCL4,-0.003369101640246957,-2.6265392546243984e-5,-0.011055679658505058,0.006666359789137303,-0.013828674710476531
CCL5,-0.004318866680105573,-0.009639057380633184,0.0010232378272768616,0.0035508355236181896,0.05312851593775596
CCL7,0.01105766506743363,0.018553505940937083,7.497769169480182e-4,0.00373107483283762,-0.032749652072174014
CCL8,0.0021418510873020833,0.012130364141585765,-0.013257189066115475,-0.029145017378148005,-0.00486312554588942
CCN1,-0.004282785084800856,-0.022532090433867294,-0.024944461092754444,0.006426923372622534,0.027095939872838728
CCN2,0.005302734422601724,0.0325974982220983,-0.010188194938502664,0.017063300603344378,0.039038444238602914
CCN3,-0.007319229192068377,-0.00130780421223022,0.01673362712160913,-0.018201548963582545,-0.020149636062911012
CCN4,0.0016496040013226996,-0.013026295742807975,-0.005908252564926933,-0.004830654679522121,-0.01666016939137505
CCN5,-0.007330087237992792,-0.03313884603551581,0.0027162950461152168,-0.005407526420914996,-0.049905379153977206
CCS,-0.016135307943813435,-0.014394040854558882,0.03670165087971786,-0.015936221495123876,-0.03156954327041728
CCT5,-0.017277355241781686,0.004750965584764428,-0.05581764044133322,-0.036658627327795325,0.022478653975928308
CD109,0.002881000560226356,0.017276949265219405,0.0155131252031529,-0.010163135084513433,0.0072690376920577044
CD14,0.01134605062330039,0.032048816078169326,0.002437702919608427,0.04882069840180216,-0.034431943622134975
CD160,0.0030245680504698844,-0.0032968649969856135,0.03215150441405706,0.022541990155968503,0.025577090434591516
CD163,-0.026709923589569782,0.009943705894532709,0.06878738049183437,-0.003050424714275512,-0.015158912054134341
CD164,0.005574242955059412,0.0017422988884665189,-0.005786343403636042,0.021149079141949297,0.028585742986497378
CD177,-0.0029832519404446554,-0.007221886852913712,0.00626156792869126,0.016686185356892032,0.011863291099676102
CD1C,-0.0024325003075535015,-0.01088735633508211,-0.005783975887302132,-0.028903346435665223,0.030501092889429367
CD200,-0.013351472555723177,-0.0141649650981503,0.014502073501026785,0.00848713972325176,-0.02203933577642886
CD200R1,0.004861512644496845,0.0021252175138439283,0.0021501319792787007,0.0018482127489968484,-0.003132456017053863
CD207,0.003509562300735365,-0.015465510230394063,0.02418946739991431,0.006607587425625754,-0.02864510885367842
CD209,-0.016469885599380334,-0.0413619153106894,-0.015299451189001475,-0.01597396051182591,0.02454491085082833
CD22,0.03742649411770797,-0.009493033526194659,-0.03522097469364146,0.042999363460807814,0.016849092874537147
CD244,0.01800769952026281,-0.007228742290326105,0.02020874972021828,-0.013959549364389923,-0.013222500632090224
CD27,0.012252466775885198,0.03412541777020851,0.01467402328209869,0.0021988620260454746,0.07320748950231555
CD274,-0.0036745498220757066,-0.01339301877115175,-0.0036391280772897286,0.008824900910458736,-0.008865355250010528
CD276,-0.010034865375123521,0.012416615756942596,-0.018736129317821756,-0.020651428917559868,0.02611563711121716
CD28,-6.359415379105756e-4,-0.00432452369464443,0.005115538467005487,0.028618020906065914,0.00862154767904727
CD2AP,-0.0025443148436030054,-0.009888144799893158,0.02486095709721968,-0.0396502608272125,-0.052994760498016734
CD300C,-0.0017095863385095656,0.010051695381853458,-0.01258306943746588,0.006711428247041162,-0.02370843854504872
CD300E,-0.008483495797492026,-0.005151053151391584,-0.014131536183356299,0.06487938563338577,0.056952993649747485
CD300LF,-0.020286483581265103,0.006136929025908099,0.001824195110099639,0.015427029290800589,-0.027556488838467702
CD300LG,-0.08947789548846391,-0.07190586623919633,-0.1278421724638486,0.02632125873563133,0.0787322918502549
CD302,-0.01459893675161771,-0.01554798961348899,0.02410529414427628,-0.020677796316456293,0.014404807567532278
CD33,0.003254175751566432,-0.0029648330267508585,-0.007277784445466917,0.020287285998706602,0.009163907635415244
CD34,0.01227915189624939,0.008822842390531417,0.009529786553761325,-0.027246672414980435,-0.010691271026214387
CD38,-0.002288799612186191,0.013332677406327232,0.008343716899272019,-0.02015318511522048,0.05228427747464828
CD4,0.017096941045674458,0.016239470870423815,0.031169596151511367,0.007211748009364617,-0.014882643478123318
CD40,0.03804724528945291,0.020435157660798217,-0.007419459606573857,0.022152969923301652,0.04860628821683282
CD40LG,-0.028933302442534278,-0.009333713142123778,0.04264861083880333,0.008117827443690015,-0.00714776817957525
CD46,-0.010656889223919585,-0.026431923604744563,0.007305067054311593,-0.024477325514771473,-0.0041709666031355865
CD48,-0.01934236242922326,0.008543085419777717,0.019026349029830573,-0.002908392315083749,-0.037118149160955495
CD5,0.004337190790294258,0.028879800852643498,0.008233789513852105,-0.02515436264109501,-0.01046855240096156
CD58,-0.014595136834426786,-0.034489121560525984,0.011677099115738495,-0.021439523060401276,-0.012842097520545985
CD6,-0.023979070557491742,-0.0054236807016685975,-0.018094739702355603,0.012240300292035487,-0.013321278450210286
CD63,-0.001683123222067181,0.005470376183041017,0.032164651941222935,-0.02476987735773085,-0.008903071956995728
CD69,0.054397576228660954,0.12172668262427681,0.05881909908756729,-0.009081364053150793,-0.06594039239261608
CD70,0.008514630961521068,-8.728249488595567e-4,-0.0017290687494111883,-0.002746046155037119,-0.028695268416332798
CD74,-0.007737195478344252,0.02031033865348056,-0.07866549898920036,-0.017860993782905073,-0.009173068238317029
CD79B,0.011338986280933192,0.0062954091972573815,0.02373090439116477,-7.44295195999524e-4,0.011314992973304858
CD83,0.0028238171708070805,-0.02477499667260227,0.00894775795825162,-0.004646531798948858,-0.0010987128926662228
CD84,-0.012931385265326091,0.02713647300237177,0.0025458956345946137,6.62162548176987e-5,-3.8683390557297826e-4
CD8A,-0.01645141749089671,-0.011275311866312789,0.0013818607398647454,-0.00991984990869965,-0.002645593802219947
CD99,-0.03289677628800594,0.04267242347867358,-0.09396174906155211,0.013238002875005131,-0.08268348036510986
CD99L2,-0.024317458027789056,-0.07059201812826989,-0.0696697994656175,0.07160112950310481,-5.634385049524929e-4
CDC27,-0.015578905029274327,0.021428801322906938,-0.028530111127528172,0.016300818541141977,-0.01545108322038992
CDC37,0.032400725781659194,0.015199870682031614,0.008213022539206248,-0.021170166760634292,-0.017439550739050003
CDCP1,-0.008005981298030505,-0.002697074742624078,-5.832612267226302e-5,-0.007265457469744908,0.0195852542197968
CDH15,-0.005293744911943378,-0.01757737577878322,-0.0018493001523862648,-0.001994547944473017,0.00668160119401733
CDH17,0.021237388621007287,-0.0019796093780134736,-0.005176223343330615,-0.006384441929901093,-0.05522373221540135
CDH2,-0.005123863919822887,-0.009705038829875008,-0.02417854535346083,0.008674341671690941,-0.008789462848362352
CDH3,0.006478799655258759,-0.0042715307862397425,-0.04982614127557694,-0.04272472274548321,0.05135839976588743
CDH5,0.005989467893309508,0.024227708019851926,0.030201117093549355,-0.01796853760957762,0.011340073561920199
CDH6,-0.008932331566307638,-0.010085007844694903,-0.01860781671696153,2.0395539306058717e-4,-0.008168966068253439
CDHR1,-0.008458509504090155,0.022643498926802848,-0.02183192847010427,-0.010864986314310618,0.020372060833944158
CDHR2,-0.00423866595505952,0.001047471731415134,0.008016305010090813,0.011315146107267934,0.02810173291247348
CDHR5,0.014109385341291764,0.013106981261849837,-8.793378837937793e-4,-0.028842016806312112,0.020564100796362953
CDKN1A,6.278289253718528e-4,0.09898335673929723,0.010783497383757943,-0.037203133314815624,-0.011245832792302983
CDKN2D,0.012012980389277197,0.02570841796080672,0.018815593867485613,-0.1092247031007836,0.094285768343274165
CDNF,0.012962301762093755,-0.021429470912603246,0.01816435205042445,-0.012105707361225786,0.01792103361998692
CDON,0.020461518183890973,-0.024501150333406937,0.012206012723131645,-0.014843433838851644,-0.007689671637512541
CDSN,-0.01316186646776243,-0.004099523787038347,-0.016654781555709302,0.006790463593716924,-0.023595630227114934
CEACAM1,0.014394757314190789,0.009082999236522922,-0.013345543459761099,-0.0018345661188710143,0.0015774704824286713
CEACAM21,8.282679763712231e-4,-0.01655789767938599,0.0016827873823135058,-0.006189260931972086,0.011254714797317001
CEACAM3,-0.010205535000825671,0.006444857669425602,0.01536356292086292,0.0293952255206704,0.01327836998711848
CEACAM8,-0.02688253459159155,-0.0538858789706086,0.020655041006786296,-0.01598304732151237,-0.008188630577714802
CEBPB,0.0011451115191089447,-0.0021823054343168714,-0.0046709285524550006,-0.00909183119996224,0.016238991878583898
CELA3A,0.011537368931027211,0.00869471283187516,0.002356933790134848,0.034045692337313076,0.038908063042134594
CEP164,-0.0012493935143557137,0.006883175286780171,-0.010572353844985833,-0.014615379384364354,0.004351130267593927
CEP20,0.05151833668524475,0.002263242119810591,-0.010584146142440479,0.0011228912352930468,0.006640328886252511
CEP43,0.003124640770806089,-0.03982970556907293,-0.012967701480310734,-0.03083533476201254,0.016072957921960767
CEP85,-0.0030757919918785455,0.013879806204735284,-0.013434866092223186,0.002803498810376697,0.0036942464617868618
CERT,0.0012882180608344421,-0.04033355142392426,-0.004361710961052574,-0.013000753451435768,0.012683066202670656
CES1,0.0014967803607749406,-0.024387001282018213,-0.018668947595390537,-0.028241441633313925,0.029897750273182526
CES2,0.01680031125645346,-0.006273430201891014,0.018243419895214556,0.0023333566675004824,-0.05936876619301221
CES3,0.016348483228317532,-0.018963133540083606,-0.011537573102576937,-0.013374791211461472,-0.02984035482800697
CETN2,-0.0018766234825600013,0.019604327495162544,0.00405853272778098,-0.01777618045438801,-0.012396792549914808
CFC1,0.009469224638942985,0.0076221732103249696,0.02010372937819007,0.03802204484991671,-0.0017232998085915884
CGA,-0.012061976887268556,0.01060026775426511,-0.012408220914383348,0.011280252914635358,-0.008144207039195488
CGREF1,-0.013486885571460275,-0.017767699972624944,-0.031853849589873875,-0.012714744661294405,0.009463540776168329
CHAC2,0.027998472091402073,0.008854092945604854,-8.597370861568712e-4,0.008770698103712112,6.153338044749271e-4
CHEK2,0.012933894904059315,-0.011205411500083412,0.01253623231485482,-0.010485288679723644,-0.008367339909527293
CHGB,0.025837526527796174,0.004982131243988218,-0.009936218011143142,0.020955196645893497,-0.00844638160666301
CHI3L1,0.004200378054678411,-0.011855270737501792,-0.038813155905557915,-0.03206995205156557,0.003455615629406261
CHIT1,0.01580431944868131,-0.006885231832876583,-0.012240529431742789,3.4008133348619737e-4,3.1435844049674497e-4
CHL1,-2.887949403922501e-5,-0.01518377240267493,0.011934501689410223,0.0059942279060502335,0.012025932876337435
CHMP1A,0.04548981620237801,-0.04448159651733597,-0.005550816720835131,-0.02231544387977862,0.020618621542957627
CHRDL1,-0.01421079596668704,-0.04282201961420404,0.03922098887535772,0.03386330989044249,0.038339035947740414
CHRDL2,0.01611024949631192,0.003573338771097821,0.027615321391035338,-0.015434602958539176,-0.02299980296731416
CIAPIN1,-0.056056598903051,0.02336012885128391,0.014817671564805202,0.17302245237439295,0.015389167154423603
CKAP4,-0.019938756177114797,-0.03109056765695246,0.038139995602861194,-0.030931935638968854,-0.05873029724229365
CKMT1A_CKMT1B,0.004008690146661176,-0.004468367678638498,0.002895102938732998,-0.014793151988969603,-0.014872845375685088
CLC,0.0010720575614159694,-0.00738153945714939,-0.026407700224324475,-0.015561336495614964,0.00396402967847353
CLEC10A,-0.022805570124007735,-0.006317295934266462,-9.197821479683112e-4,0.02471025083602318,-0.014998822382698939
CLEC11A,-0.012898891749187019,0.004105472691134944,0.0068000041373620845,-0.009175655002200788,-0.021929696163913978
CLEC14A,-0.02570736310472091,0.04155820838763841,-0.008991573319916853,-0.04338359308615743,0.011917530715046967
CLEC1A,-0.005109127926816753,-0.01664829708998208,-0.03055290578297634,0.024279576716306255,0.05063635714324582
CLEC1B,-0.029508407950714192,-0.028389636484622217,0.023224561051890587,0.02476049068184566,0.0896254382712831
CLEC4A,-0.015507182845364485,0.0010915838266415691,-0.050100383107578084,-0.03183609807067459,0.012671816610553825
CLEC4C,-0.006089461479912286,0.0018195499789934301,0.008018561497414025,4.539593494880171e-4,0.013987745254154721
CLEC4D,0.012208989009879927,0.005414081868816798,-0.02202745951566043,-0.009809388841903827,-0.02950710519211309
CLEC4G,0.021719172524483726,0.0036077016871700696,-0.012678004971621224,0.003569826170826065,0.008083874716428102
CLEC5A,-0.015766380083236733,0.021278612784395523,-0.03554311146405481,0.01788055081805753,-0.0033016935228002467
CLEC6A,0.0026976331679430202,0.008051953339690837,-0.01667414423217382,-0.01676150773190144,-0.0057827223117253275
CLEC7A,-0.018320185745951074,0.002247609799159236,-0.0024407168049277272,0.005113563697135341,0.004873183545740885
CLIP2,-0.02274701253566932,-0.00973502614886182,0.029343403478176957,-0.05433698265683415,-0.023263603027848648
CLMP,-0.024495324801086786,-0.018271509198712184,-0.026332409777054623,8.442090306869977e-4,-0.012021340375566536
CLPP,3.295454496660798e-4,0.008157771515186077,0.0103662398358049,0.0011509833519697094,-0.012535868139009487
CLPS,-0.011645092051362015,0.0025660191922936256,0.024581814577344176,-6.150452343226596e-4,-0.01847801784463152
CLSPN,-0.004324567132838111,-0.0019489253991349877,-0.026595743853410403,-0.012234252223438555,0.02044748080499695
CLSTN1,0.0120050675076719,0.011684621560566011,-0.010719593201121426,9.272475734302119e-4,0.0061973853900940505
CLSTN2,0.004590755312817231,9.479502757088738e-4,0.020479976699608944,0.0037401017228812523,-0.013791661772819971
CLTA,-0.019103304073292776,0.008062851736024581,-0.008220131576949508,-0.007136226372782675,0.018199137280698816
CLUL1,-0.01773916570671196,-0.0028902371681878633,-0.004962904204552073,0.04146314183572233,0.04960750932613942
CNDP1,-0.0091214806005271,0.015455493877758027,-0.027413356704609603,-0.024337668015633574,0.02655072027513351
CNPY2,-0.007716321820436434,0.004350861131825511,-2.9807747133780906e-4,4.39925809432875e-4,0.011988459315023566
CNPY4,0.03287188974843185,-0.020976371834765698,-0.013656668441854161,0.05781366810582646,-0.09110961408776731
CNST,0.06401571055886743,0.08824923494637593,0.02599643552642259,-0.04267825367209852,0.048352710184151756
CNTN1,-0.013726108529216241,0.007449783688460251,0.029114272656478982,-0.02780455834429785,-0.007974875725040723
CNTN2,0.0030223726701601645,-6.2872863763402e-4,0.01822747651278635,-3.0693423576891776e-4,-0.021602566063806384
CNTN3,0.024940461599700755,-0.0012344006336593855,-0.0043849591141287775,0.007562021620012419,-0.03573838718575137
CNTN4,0.010207826206855912,0.00500195114185908,-0.022962463404407094,-0.032205324584664484,-6.349746022290386e-4
CNTN5,0.013024272912620812,0.02508586374495487,0.02033335510603947,0.006879492724975909,0.042951005589502364
CNTNAP2,0.01201084678434215,-0.025490139884404427,-0.011259390447835695,0.007569407924254079,0.00466590547319826
COL18A1,0.02118218640778598,-0.03554886584911542,0.008452971530887416,-0.04754542337565415,-0.0012153386954426074
COL1A1,-0.003237724004216879,0.02003336590114022,0.014536283131997445,0.0240530804988271,0.03333470572117977
COL4A1,0.004043346198240262,-0.006739374017610414,0.0230778677173222,-0.02820887678436694,0.027183233413587835
COL6A3,-0.03311776871549231,0.05156342491383717,-0.048846319053461915,-0.03800653641445404,0.006287106467738474
COL9A1,-0.0016308226220292858,-0.0021702210829925503,0.02264889147213068,1.9630647025686748e-4,-0.04135103295071845
COLEC12,-0.0173502092920625,0.0048428122307810585,0.02265067990387895,0.035618580899995825,-0.031818380176511944
COMP,-0.013107837204286042,-0.0074239209212613065,0.01869454468604257,-0.05294311782090577,0.016819454509349827
COMT,0.014982356444313389,0.021862532390395456,-0.012640465033906076,-0.03427761463171387,-0.02704182594108516
COPE,-0.011487984528573903,0.0070343280262009054,1.4471175701797796e-4,0.0012966607254393464,0.011479276387162594
CORO1A,-3.3082327345782176e-4,-0.020611184333128026,0.006087747524765866,0.01595685473567288,0.01783365655496819
COX5B,-0.014286091618472328,-0.01346880237981048,0.01162738018689982,0.0016253591494320623,-0.008530607755194411
CPA1,0.0323437494040162,-0.008145196746423774,-0.01322114934817719,0.01763652962295698,0.036413770158178205
CPA2,-0.003161433315790047,0.004663677680908901,-0.00945590033978151,-0.0031466984922754416,0.03020528408730839
CPB1,-0.028371679660857966,-0.020759633152504568,0.04520206641718369,-0.03478103640706878,-0.03748803542018533
CPE,-0.005464315506579763,-0.007670771909502952,0.021634581969441794,0.03881844204890545,0.015127579496719801
CPM,-0.027202604073130496,0.01696285947917417,0.021802681617306006,-0.03206706758442304,-0.023759038678819188
CPPED1,-0.022203538759458928,0.0025893753112264696,0.005650358319736035,-0.003142675226562114,-0.010608370219627015
CPVL,-0.00401800298922392,-0.01793784210195377,-0.018683361254640006,9.982690935959333e-4,-0.023870753635961396
CPXM1,-0.016390914038178814,0.027571536815675472,-0.00888850186694956,-0.0145166922296777,0.03803979463489645
CR2,-9.716597394995442e-4,8.963351840572797e-4,0.025304049213790192,-0.0380918191408038,0.030503360603832793
CRACR2A,-0.02080484835916824,-0.015614574254323627,0.014114820412776242,-0.004509003703194774,0.06525423355952176
CRADD,-0.02573954981799759,0.010920672183243423,-0.08269334050738343,0.006513807209616523,-0.10355172464338597
CREG1,-0.013624840417486097,-0.05386978973961261,-0.021639488306206264,0.009030820224074797,0.1115838359107167
CRELD2,0.009236752258950114,-0.010386962885367595,0.00375602311025336,0.007576199955613832,-4.255879089665337e-4
CRH,0.012453899267884955,0.004561016988395377,-2.2788772316132463e-4,-0.011615863903088629,-0.029519931363576772
CRHBP,0.007262541236517195,0.014434680546851562,-0.0126962282256767,-0.04037412601607255,0.04024820301059509
CRHR1,2.0075381647989316e-4,-0.01780603044211553,-7.152765634938809e-4,1.6676490518866628e-4,0.016453684005844026
CRIM1,0.011955321399563717,0.05396279942946894,0.03064677878953231,0.026285044169771916,-0.0030990780509681007
CRIP2,0.012925025669883915,0.0191191894631912,0.020515894427038203,0.011673558862609203,0.0019007134218939853
CRISP2,6.253485239637779e-4,0.006787251555587396,0.004962243604877896,0.008546914271152596,0.017539946044892084
CRKL,0.08864432598900372,0.19245590961587175,0.12006671379759355,0.07690297399473746,-0.1206390503521821
CRLF1,0.021420319672559203,0.0043869375756041456,-0.015814105836531592,-0.014784134572040315,-0.012872684068516545
CRNN,0.014661629093808729,0.003981862795422364,0.010355219562171962,0.011970274300668257,0.020288053397970535
CRTAC1,0.011206754112236412,-0.009830491957348399,0.006647576216988287,-8.515838404922939e-5,-8.52649096209534e-5
CRTAM,8.862466758772568e-4,-0.027505884664032205,0.012746435980484092,-0.0013998470551816924,0.01863427781221361
CRX,-0.00966460830092507,0.0054561970892784755,0.015501495883200118,-0.008265241040332336,0.0049745983867525755
CSF1,0.001137464871502132,-0.01988165155613309,-0.08122799683290619,0.11623754425140052,0.08371681112264209
CSF2RA,-0.009261607438773701,0.0161861639956839,0.012563527925627961,-0.005866412378530308,-0.00926894110064693
CSF3,-0.0064849875457853486,-0.006054187167857702,0.005813595872930187,8.747930025198434e-4,0.03324972435772529
CST3,0.012188884890847726,0.013197010995446642,0.06258139980770859,0.0240425544789638,-0.00488747953309791
CST5,0.01957753552978781,-0.007381908902399308,0.010279215940481819,-0.008215708842963083,0.03227965426589848
CST6,0.008676257967187366,0.03710469997745724,0.055412491146277255,-0.011095791442122598,0.05661902367151974
CST7,-0.0012344022586641046,0.006824482326436863,-0.008064750596973114,0.006558453653551057,-0.016906574320919927
CSTB,0.007035760819823942,-0.004397583607308716,0.004170208036342584,-0.01497262127044802,0.004809326790269434
CTF1,-0.005375780516420007,0.035897468376968514,0.04086356608075062,-0.006900801137660205,-0.003209132869905526
CTRB1,5.353531420235542e-4,0.006280905535262455,-0.003772465001661013,-0.029508979976417233,-0.011041074313072574
CTRC,0.012337525922994839,0.015425803022649894,-0.028372721178416303,-0.01837997197715067,-0.030300620324295983
CTSB,0.0024585813760028235,-0.008178314177586224,0.01842112062520483,0.0050266611397594575,-8.684929970998044e-4
CTSC,-0.008774110824359187,-0.0041486440807241036,0.017383554876862446,0.017464948333106873,0.0022621863140235006
CTSF,-0.007679428916832357,-0.0299042868985233,-0.03449194392639315,-0.04345653250341894,-0.0026846307283025558
CTSH,-0.003269022981066711,-0.005136029541976099,-0.006772662258581208,0.0019888938903503094,-0.00860903992882941
CTSL,0.011290854298403315,0.01946480899343382,-0.014757047209479027,-0.038191575162344095,0.013536982745669328
CTSO,0.012421432471236695,0.04268159720656182,0.002200203272182763,3.0709552057205753e-4,0.0017425122163742962
CTSV,0.02209551521865349,-0.0029747960926492243,-0.0060437296987028094,0.01568712545493522,0.015125293408848984
CTSZ,0.002022304262826646,0.01025598524300922,-0.032206194279080676,-0.06917560736794656,0.019537457021429235
CX3CL1,-0.019014130570157165,0.01651899350919711,0.0394281090709221,0.004883339592922211,-0.04217416135230792
CXADR,0.02500863218741376,0.041394603398459386,-0.008457521663882361,0.0035360360948296743,-0.01433528217759306
CXCL1,-0.0018061861447066585,-0.012148762059263138,0.018123881322898962,0.01983679343515234,0.004018653416433783
CXCL10,-2.3918307248046362e-4,-0.029762713006254854,0.04069521079107711,0.002796195863229792,-2.1260748621750053e-4
CXCL11,-0.019428079812056662,0.001707942815791275,0.008008704748198783,0.027034488003054396,-0.01749015993062194
CXCL12,0.0010169955078883222,0.02522746533711407,-0.014301319794629506,4.608256458561917e-4,-0.003303578382850635
CXCL13,-0.01630935791074996,-0.002133378503287459,-0.008600255482021067,0.04622485287662327,0.02978066874523861
CXCL14,0.002954813750816556,-0.0017520366357844026,-0.006090513733986389,0.011089011465547641,-0.0018986801033622352
CXCL16,-0.016413224137009817,0.012942595777899845,-0.0014727632011513091,-0.011609018285970975,0.00356144871912036
CXCL17,0.0035027068900378546,-0.008959369126466613,-0.029377130711932858,-0.03997087138842702,0.013058692229647787
CXCL3,0.008145939456017732,-0.020827068239665184,-0.023215753913730663,0.006239158256696353,0.0426879997076003
CXCL5,-0.00123059542703851,-0.0019943505841457697,0.008840799062360809,-0.04105121340357377,-0.010996112353123127
CXCL6,0.025240940642753906,0.02811872590447761,-0.013343932172172515,0.01916726183594617,-0.011574306381104614
CXCL8,0.004345391103348462,-0.005718597643994658,-0.004684750270138995,-0.018717949710234456,-0.0018269078871371045
CXCL9,0.011192931512137457,0.015618293098455489,0.008803745104825447,-0.02701723864668972,0.026350193650898794
DAB2,-0.020337143158882024,-0.020456816599609302,-0.0334293108947616,0.16048394258732077,0.10542134036981372
DAG1,-0.002886376973069614,-0.019428564408612847,-0.04846451516525192,-0.07609194850743825,0.02909447184376466
DAPP1,0.0075442871004535355,-0.08627530239615909,-0.033620433830451345,0.0838345507390371,-0.12834311531759102
DARS1,-0.030642650732672312,-0.053869471133119774,0.02305290563499762,-0.026048097669598168,0.013776770261530822
DBI,-0.035082126135669855,0.04231382969603018,0.069948845893596,-0.027203457575627213,-0.03981913826505953
DBNL,-0.016636177827452223,-0.16347356554979714,-0.03372196979090012,-0.013283835790026361,-0.028953680229057324
DCBLD2,-0.013763367177304748,0.016709126390724804,-0.052025786716538104,-0.049433816227814904,-0.07710579486113114
DCN,-0.009601028507794958,0.0027145531842698955,0.024139336447955243,-0.03818715724470883,-0.0069246909274105475
DCTN1,0.02476198310155887,0.007010473181292679,-0.010624503289138056,-0.008196804805325265,0.038407664762903075
DCTN2,-0.003077131109221068,-6.912176838377059e-4,0.001040315380576254,-0.00806472463364618,-0.0676791884134112
DCTN6,-8.27133923541354e-4,0.009022842376182233,7.055191847014135e-4,0.004782040925956257,7.432553148159301e-4
DCTPP1,7.235897606682153e-4,0.008074090056281078,0.02424726790681452,-0.011108971989904634,0.005025336769793203
DCXR,-0.009553630747318624,-0.014028838654312587,0.01449900023490939,-0.03309006943928251,-0.01876085711884278
DDAH1,0.002140918879961849,-0.014204008839767704,-0.019753962358195584,0.03405450624497449,0.022767779823004538
DDC,0.004614438673044656,-0.011775238836473939,-0.008281628730488077,-0.03623929836573417,-0.019682995039283186
DDR1,-0.014726395769285697,-0.010431353666662988,0.003472498487477067,-0.029509127114296433,-0.0039049519439146464
DDX58,-0.01694888414250437,-0.011828024028533985,-0.001466715447533097,0.011145551273724023,-0.010088227494015901
DECR1,-0.03320671346328452,-0.032581285857115956,-0.03785734081778397,0.021727387020779445,0.061876703471460556
DEFA1_DEFA1B,0.013351357053711425,0.033828887567684623,-0.031109437039800653,-0.019594079024159515,0.0012901802848625664
DEFB4A_DEFB4B,-0.0059848259055179775,0.016741773349989643,-0.00976576457305551,-0.01754374834204785,-0.0210358491393446
DFFA,-0.01886639091817702,0.062189992707235776,-0.13284858175992467,-0.05776978712299302,0.09231628421311082
DGKZ,-0.008206268871019329,-0.0015821172764630828,-0.004859135137046841,0.010637172398909624,-0.010014315022411452
DIABLO,-0.13863101982368561,-0.13456615272795677,-0.08448199023607796,0.12417569770149188,0.1559614197384094
DKK1,0.019232436607887326,-0.051206824507655874,-0.03332835518843982,-0.08235407121740719,-0.021629720301277966
DKK3,0.012196284668398501,-0.013036655013026026,0.010443470494152306,8.108877167203408e-4,-0.03230296336914193
DKK4,-0.00887525154786687,0.03222948544712029,-0.025677118576535398,0.014187366651296322,0.048731842983349656
DKKL1,-0.008853971758721749,-0.01453303295096014,-0.015590696876802536,0.009662240109270488,0.022774879565556825
DLK1,0.0011545189897286012,-0.0011227769023182857,0.015294314809353261,-0.03039125441321584,-0.0010065351737638417
DLL1,0.018397977120045653,0.01866045840324664,-0.0255771539307576,0.022426334717709707,0.013239150718735838
DNAJA2,0.0026090743171859796,0.047861673483956604,0.08934920577968648,0.07221715333247397,-0.03503990462982865
DNAJB1,-0.01847075262830337,0.0020896233484576188,0.015911842928573453,-0.02256903579351319,0.11285773881516349
DNAJB8,0.008052978858056288,0.004498518203118412,-2.0693195652803564e-4,-0.010076183062050815,-0.02334735641410432
DNER,0.015288153710792052,0.007956698499196769,-0.032424607773975204,-0.010566790282809053,8.911628882934748e-4
DNMBP,-0.018651707224504984,-0.019176935377887307,0.05008129606227223,-0.04026079401007282,0.013367527110913557
DNPH1,-0.04465816156530512,-0.009188009247771986,0.009321957931986856,0.018227072033718983,-0.01729616563688051
DOK2,0.0026804588646448945,-0.03949413081433533,-0.11449834679550655,0.07055049606915156,-0.04942791937256356
DPEP1,0.01282057934804694,0.029122980470711473,0.00515624131183599,-0.004382980973825493,-0.022265279385324424
DPEP2,0.00271357936481229,-0.003869735317880448,0.009786357353014903,0.02953789232054683,0.034642735977401036
DPP10,0.01518023927441572,0.005600739688159671,0.0022940108803849025,-0.011016579106311765,0.014772413391626323
DPP4,-0.01935478730251111,0.01917404394101056,0.02547067126306582,0.0034903461131843027,0.011268525331025526
DPP6,0.01259094171821456,-0.011188103673907941,-0.02004247273336942,-0.019557588054121083,-0.016859551935079205
DPP7,-0.01097504013391681,0.005793931074967663,-0.03514558922762714,0.013851216389973192,-0.05366242506543833
DPT,-0.01019427576246853,0.019749092329010624,7.680109295100739e-4,-0.006227719987609682,0.04025137141807144
DPY30,0.043119538055419404,0.054874407571214374,0.03152274218610299,0.014418629904615751,0.01698329935060148
DRAXIN,0.0043415836421039624,0.01177620289875139,0.014016842785486134,-0.0035603834603473985,-0.01554466529918269
DRG2,-0.03292000844844297,-0.02220341996906342,0.013799043208123751,0.01426310692080473,0.09045860621542477
DSC2,-0.006983499508106848,0.0014938016761806897,0.02840952862132467,0.007815275061070224,0.031170849250326916
DSG2,-0.024000324409261423,0.028246268104225314,-0.025018932002709385,0.011211153395885291,-0.007717580611231782
DSG3,-0.023791788713505638,-0.002756659998068918,-0.018102383532790565,-0.03701437850677389,-0.004465129188369197
DSG4,-0.013162634814142234,-0.009481015955125321,0.02060570125374305,0.018095808274436524,-0.014794759292789098
DTX3,0.002264903070068739,-0.012189353266851435,7.25635986025197e-4,0.028217554569736104,-0.07395666779161754
DUOX2,0.00887606339999888,-0.015251447917884488,-0.019685744805182186,-0.011169265443200422,0.015307916886076868
DUSP3,0.0017854006349520427,-0.014996951449359208,0.0031623185289398636,-0.007403390944190721,-0.023470060876199093
EBAG9,-0.003131535177173006,0.016713214464975493,0.06921346621516183,-0.03488768571626618,0.035030678348442784
EBI3_IL27,-0.012876229340996338,-0.01689092393650878,-0.028241249365700473,0.0158804533816771,-0.010148804779114558
ECE1,0.009947693529663983,-0.018203360826519865,0.013115935538288584,-0.007026759629965396,-0.03798179932520632
EDA2R,0.003870602325579087,0.0021983334224362945,0.03809884956657154,-0.0016113443163797317,0.017414209348515088
EDAR,-0.006246830933098783,-0.0189406223629652,0.04172623328576062,0.004818520967844489,0.014015649937012216
EDIL3,-0.005410590542923435,-0.001631574312766717,0.017358257675957885,0.004913107717281818,0.010282901458495732
EFEMP1,0.012096185125703278,0.007531815478930814,-0.08296591906786094,0.09214402360995377,0.034720963451054555
EFNA1,-0.0026325438799714475,0.028967884827088397,0.05722354318963826,0.03206520229394943,-0.010103802974716086
EFNA4,-0.031211365124135394,-0.008725329667770234,0.015164744692388113,0.021890500037875005,0.04217722043132141
EGF,-0.11333444342785091,0.015906647111364327,0.04464691422354446,0.1386448723834603,-0.003377665279630999
EGFL7,0.002578180126178156,0.012125186629201723,0.012432971305348034,-6.945277921580052e-4,0.011541644532661634
EGFR,0.014418214708970086,0.018986949492914327,0.020187703988881384,0.00854821409104751,-0.071469338474143
EGLN1,0.027410893964245134,-0.00834845009712217,-0.05217746199271922,0.026365396294575363,-0.022198205664404492
EIF4B,-0.0048867808461833,-0.0704561098719244,-0.04451317506355968,0.007673868904385227,0.048938251201923466
EIF4EBP1,0.002130090600510857,-0.12370545194388262,-0.08972443494354862,0.025451505991570304,0.03698146561269243
EIF4G1,0.02226897711729204,0.0044028236481915605,0.007612062324426428,0.0929984178388998,0.10257179566399133
EIF5A,9.05135162883225e-4,-0.004754165406190108,-0.008392268893538975,-0.01656072631370536,0.02928726358497697
ELOA,-0.010821215025995938,0.037829610340938465,-0.014936769277713853,0.028233934564434758,-0.04052874830157608
ENAH,-0.0018355380873349922,-0.012439390795950878,-0.013005798240003611,0.019876164805335203,0.026784448609518986
ENG,0.0150234206517195,-0.003598475843678884,0.02143514069739344,0.03373931522287489,-0.01819116028792213
ENO1,0.002657764518866029,-0.047377758799532654,0.021502347509785406,0.029911838771039426,0.02261965458956068
ENO2,2.8869186999675665e-4,-0.01036531605242132,0.01420650900066693,-0.014990621086424297,0.016964580625975133
ENPP2,0.004075298267629513,-0.0024881329877449476,0.004914171554432149,-0.027511209616490864,-0.010352111057747769
ENPP5,0.0017731119496020185,0.010566716369913621,0.02833844353401533,-0.016849641125399606,3.01892527965773e-4
ENPP7,0.0022017431033812635,-0.0066974969867643905,0.010975215839995821,-0.004996843008009676,9.51207926147146e-4
ENTPD2,-0.02320667901932221,0.004698910759014446,0.007181426541631783,8.514736488078763e-4,-0.0038779612647846084
ENTPD5,0.005330823584625323,0.01314763272423814,-0.02576044998783001,-0.011565906013906526,0.02835583744184971
ENTPD6,-0.0075635614061444634,-0.003265628198480063,-0.009016611125534205,-0.024425166467004652,0.00251655297857227
EPCAM,0.011855077832940372,-0.03697500666243357,-0.04989010214639973,-0.07764522595824003,-0.0036089107194601016
EPHA1,0.007371748985525918,0.008314577576813184,0.021471076182559518,0.0027130043539074014,0.02254023827621264
EPHA10,0.005824876677453564,-0.015360276727408853,0.0037666371285689825,-0.006639496846953921,0.012411608151732706
EPHB4,-0.016677812744426614,-0.0019403725883138734,-0.026091740989086152,-0.035378146471714535,-0.008925564963650785
EPHB6,0.0010755438477662237,-0.00576517360164873,0.034878765942880204,0.010365479953734156,-0.018759297948925235
EPHX2,-6.115684441969435e-4,0.0030456000114924037,-0.005839595354899625,0.01532183543862349,-0.015614489613043956
EPO,0.014181859511197367,-0.008515608871073227,0.013138882385062903,-0.0229468651007044,0.02857016072747293
EPS8L2,-0.003336764754633772,0.002062271694441538,0.022360600142576414,0.01658125384687387,0.020303369886819727
ERBB2,-0.01514315653745858,0.015239743331741752,0.052872961726450673,0.010397808493741207,-0.013279054934417856
ERBB3,0.013158170934154655,-0.021433141183757224,-2.1380659062991925e-4,-0.016739969303649797,-0.057054717620379045
ERBB4,0.01987146469934358,0.04800457491883003,-0.038841286635623765,0.02694077286502599,0.06664259740148752
ERBIN,-0.04054849376338483,0.007533864113024204,-0.008650415531422683,-0.008010916936414491,-0.023863146313999658
EREG,0.03421797016756276,-0.017639052396222144,-0.05448734212534254,0.0332961267197294,0.019037577416760973
ERP44,0.0014961532577792483,-0.007213402494601097,0.005954928716664097,0.0037657874132322557,0.018365670747102818
ESAM,-0.01625462586860216,-0.02662337459007605,0.004857666065099574,0.07486727509319831,-0.04052277305349969
ESM1,0.0020147881658153137,0.011465974884341375,0.016743104473376312,-0.04429621944507877,0.009255854212829475
EZR,-0.02026571316844957,-0.027848745406737506,-0.05065698623749436,0.038549896613284076,0.02324558606934575
F11R,0.04951649541801164,-0.07250082352908908,-0.0014081146608849295,-0.03731035019820227,-0.12346211888038167
F2R,-0.02731455753818233,0.030563209591773027,-0.0355425991446911,0.041891984034754165,-0.039108465346882455
F3,-0.025434675356749554,-0.020384322235341295,0.00803792911279825,0.03869700611861699,-0.012320293528706385
F7,-0.02408381981915425,-0.018681625245458366,-0.047019954695167704,-0.04362207141889739,-0.0314016187978063
F9,0.032753997633066745,0.007639999440084307,-0.035484410289606735,0.022689556378006903,-8.131368698162864e-4
FABP1,-0.03112011163200805,0.03530117727131549,-0.07970211669463202,0.004308794988538107,-0.052689992379005374
FABP2,-0.009219923316627916,-0.023249539426374626,0.012134418278004575,0.021654718458985193,0.014177090938770698
FABP4,-0.015205246084101696,0.0016175053092173034,-0.028427236154457115,-0.004946236902575945,-4.0699754627724884e-4
FABP5,-0.02389504852640633,-6.237755103139324e-6,-0.033516114340001665,-0.05250290273646416,0.012400665694159988
FABP6,-0.004088064682136914,0.01942536224658958,0.01765382589602743,-0.015395307079669594,-0.01912565084440689
FABP9,0.0022685175638551473,1.143452824303389e-4,-0.020668999500983363,0.001670870235175708,0.022952740074932837
FADD,0.011506885317423127,0.03000329991411164,-0.03624436906988357,0.03710137478614357,-0.015414332577870575
FAM3B,0.002534688427283194,-0.033000237613211886,0.023416381698773324,0.005140880033236965,0.02357840535423377
FAM3C,0.014894378937946876,-0.04223488531229732,-0.026409878628551445,0.005230267431404166,0.02793612669909534
FAP,0.0016233325596573228,-0.005962139385012981,-0.014776530490569224,-0.031133924166381614,-0.019108646121308373
FAS,0.003910604360039645,-0.0045266891347360075,0.014770304227191224,0.003581138496352275,0.03817053277222488
FASLG,-0.002742726490164104,0.019224839231018136,-0.030388005047512438,0.011007438916607852,-0.027904554114674674
FBP1,0.003858958020490087,0.004269831516592602,-0.006310510444040105,0.010832924192272862,-0.034672215026556326
FCAR,-0.003377259370744898,0.01977783466029893,-0.009530509408922253,0.00977404489089889,0.04369920835726084
FCER2,0.019994316490791936,0.0412265101421207,-0.01318866888428622,-0.012236551433053026,-0.00441790279258656
FCGR2A,0.004089374020981937,-0.00899433476545742,-0.006435536069305666,-0.009047000512261214,0.027232136405056638
FCGR2B,-0.0024446328847966972,-0.013935684487886428,-0.011912238201992135,0.0017137910360141824,0.0032908719994853932
FCGR3B,0.002992907742556348,0.009310565430612521,0.01806941499474585,-0.025966740228764915,0.005302120074318894
FCN2,0.00796875585507702,0.0039859093386234706,-0.021700244526522826,0.01229851238544934,-0.009873097336118658
FCRL1,-0.005726054845491153,-0.009636055290792709,0.04058667513611955,-0.012339992479088336,0.036596022441914
FCRL2,-0.004608424991322703,-0.0183780130776792,0.01409456260077445,-0.003651213500933695,-0.010542839435220655
FCRL3,0.0035419660504429147,0.017880252779137122,-0.008250147320640763,-0.0040807584633398165,3.5457632210080913e-4
FCRL5,9.850091789036669e-4,0.027865265514063382,-0.0034481451178696725,-0.029635741301547575,0.032730808830149644
FCRL6,-0.0031536423062371306,0.030365932828521652,-0.018475928550250213,-0.009582010268106378,0.01727931518836298
FCRLB,0.006770399915997394,0.02874589713504785,0.009658075434265707,-0.005045964134143327,-0.005723046353698301
FEN1,0.01605174250792137,0.018060493413513193,-0.0038314809566610927,-0.03996020138867121,0.03136982099432186
FES,0.002062533893169255,-0.007680139668499183,0.009689267920015088,-0.017360332335238426,0.002157331421221564
FETUB,0.019805000913245663,-0.014959354852253068,0.010238740562412016,0.010131673102313925,0.009819911269078298
FGF19,0.006432827015360253,-0.002912591478192179,-1.0466455177318275e-4,0.013418127751596858,0.03849520135575633
FGF2,0.011436039657261437,-0.00983370893590107,-0.012477299835513437,-0.016257431087660115,0.014737647901465858
FGF21,0.004015067734789915,-0.0016497847271096536,-0.007535695985022962,0.011716434720057579,-0.045398550039985545
FGF23,0.02104056162294983,0.013229879166398761,-0.005412612010760647,-0.01166777663916993,0.017590216488288863
FGF5,-0.005927323783931384,0.0050880092720475755,0.020317639529024555,0.005464206224537791,-0.019766207310742936
FGFBP1,0.003023746966926243,-0.1333680776375599,0.16218904893292127,0.12763681837923424,0.09931598686100362
FGFR2,0.008301799480601156,0.007573045404753032,0.04303526480580141,0.0027900473179176327,0.001801234135089618
FGR,0.008962239535379586,-0.006787599972405944,-0.009747368673784132,0.00885346984072153,0.019412704984536056
FHIT,-0.004384194273975775,-0.017570962678749538,-0.009054833701327356,0.027520673141159177,-0.04863563548176476
FIS1,-0.060443408901262645,-0.11229442424539907,-0.11974110298515837,0.034440251942670225,-0.07366621878353596
FKBP1B,-0.014912417372726158,0.005771757837065774,-0.0672640537126396,0.002634590107614971,-0.043990974437624134
FKBP4,0.004360172495564311,0.027310076409574075,-0.05709420567161026,-0.06703557451049125,0.04316170917403711
FKBP5,-0.021023381690874067,-0.007207046976069659,0.00983405692681827,-0.002086181587223938,-0.03248939212012153
FKBP7,0.005514813456809665,-0.004508102750109716,-0.001704281269506406,-0.001783142230212537,-0.00913300726689011
FLI1,0.010373734999486893,-0.028805854794429694,0.06540545684625027,-0.006447524855322548,0.06322088129301086
FLRT2,-0.00834127314129387,0.026592841983779567,-0.011844679722068367,-0.03783526362977901,-0.015827626764343444
FLT1,-0.003109478353285792,-0.007886187706232884,-0.01303558071951736,-0.009947120686083392,-0.004039231111377379
FLT3,0.0023925785615406523,0.025536730664287778,-0.005785248447251101,-0.016788449776722367,0.01621022127478459
FLT3LG,-0.0020578529569889596,0.03642102458219501,-0.020472222014587805,-0.026835562378845206,0.010439799476985085
FLT4,0.0012474225324861298,-0.011200550325484032,-0.0033267968898757164,-0.010118900539269357,0.028769931394937154
FMNL1,0.0032175521041602623,0.023389479584216395,0.00520410565178901,0.005624976986861983,0.01896145598159264
FMR1,-0.012141669550534482,0.00510257042349652,0.020319146230085565,0.002347049378235585,0.026586333289345503
FOLR1,9.500645669045339e-4,0.023711446451134544,-0.01614522771713147,-0.029818369772463268,-0.060832831555504056
FOLR2,0.003636291347462262,0.051697503206049766,0.026018431604595053,-0.03568950167372125,-0.03728268307807087
FOLR3,-0.0027134849864397705,0.008670322833385003,-0.013501627592689556,-0.012854325099598222,0.018402832014303854
FOSB,8.198864328691857e-4,-0.006806824762141068,-0.006609842534290378,-0.003575757765212394,0.01958752878232088
FOXO1,-0.027832399301031173,-0.031065396962101786,-6.044656508481125e-4,0.01839304525002493,0.028176503570892106
FOXO3,-0.0033488167638360497,0.042615506096422645,0.003120400287874512,-0.0014577244246586239,-0.01461141959026382
FRZB,0.0018314752150693444,-0.017144929762805024,0.008968262500977207,-0.03747159348139181,-0.0018571060963058909
FST,0.014424662038954764,-0.01261027660584939,0.002558124428522419,-0.04530353195838397,0.004336377301312127
FSTL3,-0.04011823197157128,0.06670771927598564,-0.016511206298974818,0.06281513218362618,-0.020923928153150823
FUCA1,-0.0047833896623889595,-0.009716847682998117,-0.007623047330882249,-8.343805079619549e-4,-0.0076842643054056674
FURIN,0.027635818740848424,0.011817442163141383,-0.011807174156119848,-0.0907597961360326,-0.03244486584046343
FUS,0.003013488443180643,-0.00907878849117315,-0.01578069902925912,-0.011212573070128039,-0.036653745850125145
FUT3_FUT5,0.016270774507953657,0.012765101109736013,0.0017178226949596358,0.02253328034672188,-0.04573043637439495
FUT8,-0.0026622727057587776,0.029132910867813663,-0.009012335514507874,0.006520986708279679,-0.007945823123586064
FXN,0.010774318466708973,0.04265636153654175,0.07432161883547624,-0.028958277317430007,0.025198143668909524
FXYD5,0.022561195071127967,-0.0041092820864422315,0.03580503266076578,0.018527961307696097,-0.04888368666718087
FYB1,-0.02247660259371164,-0.001194464665161368,-0.1283593179218411,0.06546707802980156,0.1337835838627172
GAL,-0.026987620684735807,1.7067423657707522e-5,-0.028499824872240002,-0.005428283131775538,-0.050199769225776736
GALNT10,0.0012743139083516508,-0.0034766791568443577,-0.02727928088922577,0.002546601765370365,-0.01886477119435612
GALNT2,-0.04902943862045069,-0.019075709134543054,0.07959143664515127,-0.11920897663371226,-0.07492371879019598
GALNT3,0.019605276045830313,0.005910246422826503,0.0203309602718325,-0.03592066975896439,0.0077090300853602444
GALNT7,0.00811270314158239,-0.013377406738453642,-3.0720239169047207e-4,-0.030780409914074713,8.757337620858171e-5
GAS6,-0.013195931301358078,0.007254068019717745,-0.030411125824035885,-0.00317885848889611,-0.014085817443949442
GBP2,-0.004381441328232484,0.004993943453359468,-0.006047544555767632,0.00434351675674002,-0.002226996152101017
GBP4,-0.002407407212975959,0.012986676563331434,0.0012503258866702303,7.184090142104358e-4,0.017639991852023074
GCG,-0.011714845361182644,0.0180855546012631,-0.0012962191423949124,-0.0705957361413457,0.019579564840246894
GCNT1,-0.017309137053764315,0.017176060641524278,1.2523482903848408e-4,-0.005613867305691765,-0.044342967681669294
GDF15,-0.007250777809676152,0.009329315713289182,0.0044800375872172055,-0.009224396723010161,-0.04899032649121007
GDF2,-0.030122467438693474,0.02185511382841787,0.016437926988898306,0.017060860903110386,0.005610323882715126
GDNF,0.0018499422550221454,-0.023782554552835934,0.001033835839131463,0.001800325296981966,-0.012553527817471046
GFAP,-0.014925626104749023,-0.015263982058144809,-0.005919400708307241,-0.00698072249440828,-0.00242851368169067
GFER,-0.006910243817521447,-0.03441247289989344,-0.005604166621184838,0.055742367575274544,0.06601092036728386
GFOD2,0.005127112692931231,-0.01658137955237338,0.014570155869792479,-0.0037179960088052663,0.009282611328099514
GFRA1,0.07587176712850398,0.06693109630255009,-0.004521594545741232,0.12775054911709613,0.01587976527620118
GFRA2,0.002441786072438121,-0.016190084962832724,0.0015273727273467284,-0.015353039821705869,0.021640970844060307
GFRA3,0.01160722703268665,0.021040825080475115,0.024768362688173957,0.008841521513822271,-0.02116504842126716
GGA1,0.013272290175333075,0.014922349377998646,0.00521963402103435,0.018434371937320337,0.016187105396009368
GGH,0.021111036873205112,0.01887954274438501,0.014599723985590032,0.07029132279785594,0.01272673326264099
GGT1,0.0033412330858497096,0.009362291505851258,0.01123608942625173,0.015446015730716193,-0.07277562686995767
GGT5,0.010472782078078141,0.011689226479034422,0.03254608594084526,-0.010020958938266912,0.01742884250736035
GH1,0.01030367700289987,-0.019493825509749842,0.005647162989089943,0.0026284189695092272,-0.013124875609503794
GH2,0.007804503431218055,-0.008550220633048108,0.00439784145279593,0.00222012310647835,0.017659654513949116
GHRHR,0.0016877038750306933,-0.005797603429736754,0.015603105829794068,-0.011053339306847001,0.013574681615046595
GHRL,0.0060647727659407505,-0.010980879954916197,-2.2068735420470299e-4,-0.0010698335955898128,0.0012490171601432622
GKN1,-0.011780324235972375,-0.00804910258278587,-0.0027670413931842244,0.004092809174995342,-0.025261176704142567
GLB1,-9.833845915253542e-4,-0.007219072870977195,0.008481459006905584,-0.0056125166696180655,-0.014199520647677209
GLO1,-0.011124039076436118,0.010036345879209044,-0.04117714504428307,0.036962937941583396,-0.017476358947458012
GLOD4,-0.0029572702689241396,0.08643843420593081,0.0661292379198793,0.026703067402221663,-0.12020051207616719
GLRX,-0.009708710091647609,-0.017838702156687865,-0.017559651618290102,-0.017415542503859148,0.033065140791427354
GLT8D2,0.005356103653894676,0.008779238664888745,-0.00279832471398588,-0.018270320219720353,4.768320898919833e-4
GMPR,-0.01813789684340769,-0.012200466470620676,0.030638152269939007,2.829678651959432e-4,0.020918027701489986
GNE,0.015000741589330445,0.0030797348461016876,0.021820226203691593,-0.02304976388287247,0.047993400928603644
GNLY,0.002931944638528202,-1.1134123805666039e-4,0.003029680638784951,0.013987731286483224,-0.015352356805507216
GOLM2,0.0027428052582398957,0.01604242760419477,-0.012210393368843437,0.050955713081745346,0.03938596672672105
GOPC,0.01083664015791502,-0.032611582627851826,0.04815505006664534,-0.03972688198491155,0.08197674416892738
GP1BA,-0.0011932286437326795,-0.007737399084250629,0.01886629601837046,0.004446544750794256,-0.005327709041626882
GP6,-0.01681158157557395,-0.012377115933038262,-0.008932151517869882,-0.006941158476592709,0.1347154120817683
GPA33,-0.020661008963722773,0.014359329429181639,0.019851907792893163,0.06603805069057526,-0.006332794887333433
GPC1,-0.00625596348769195,0.01796931533396319,-0.02232546717692199,0.02641551547242572,0.02324681279984707
GPC5,-0.00962548952003128,-8.919366961676167e-4,0.01415487613888084,-0.0033456928036270646,-0.032303207218272005
GPKOW,0.0039299411184261016,-0.03416664102761749,0.013450439854713187,-0.011988214892385348,0.028890710763661093
GPR37,0.005106622226130487,-0.020955474940931133,0.01714326735304514,0.008752448710860663,0.006656439528678682
GRAP2,-0.09487113105783715,0.04373867981253649,0.157283448024803,-0.03981716166632276,-0.026150365757918285
GRK5,0.0026650848054775877,-0.004177497476900953,0.002859711802979022,-0.006828013841299179,0.001317737523940428
GRN,-0.013939676070991298,0.005731526821992981,-0.0110988399466764,0.04213088164257371,-0.030893227510910858
GRPEL1,0.007221095876807819,0.009613647069937165,-0.03570263946025014,-0.00653322237252738,0.04383826103909156
GSAP,-0.001815228265725391,-0.0016914107438862449,4.663579427656273e-4,-0.01897613756147235,0.007175741532460499
GSTA1,0.014689507198716563,0.0030922322652496264,0.01460540255081931,0.05232295254219164,0.05738608323949371
GSTA3,0.003146476716584055,0.029828684293036645,0.0018843265632642221,-0.044920582123048614,6.387002912019394e-5
GSTP1,0.010693940549846138,9.114932299983339e-4,-0.0021909759066041723,-0.01762821278403875,0.021465776695765885
GUCA2A,0.0026303945328671283,-0.017440227657012648,5.1787046000786e-4,0.030252249772419276,0.06560150042594705
GUSB,-0.007089833433848811,-0.013083542698463287,0.008385982605041356,0.01975924286640212,0.00750184256867763
GYS1,0.01952681304810111,0.03836964099261894,0.033464606666664884,0.038753481477923374,-0.028186893765424176
GZMA,0.0032282090179558904,0.020254825705905425,-0.02150964288985914,-0.025554187798464845,0.017661396841743594
GZMB,0.021228559257378585,-0.008914587493209074,-0.0025033419959935395,0.0023250494311461735,-0.006312112285640701
GZMH,4.8002937679445223e-4,-0.02367226019796187,-0.0032277245407821924,0.002263790368073405,-0.03591596110406847
HAGH,0.020389082325818954,0.07297400809802768,-0.07742674826796664,-0.009249622472319198,-0.05985978237166305
HAO1,0.05872655990412173,0.00907720020860385,0.033552380928097814,-0.02414356007300419,0.03217509557204075
HARS1,0.04134588344467225,0.05953310366707545,-0.07614841297750917,-0.050485611856704436,-0.03720998680683843
HAVCR1,0.003930440289167688,-0.016233245512555616,-0.05756389486434392,0.025636305330230508,0.02819200512039568
HAVCR2,0.008207068171460405,0.04051513754218503,0.02027753127080036,0.002462515617760764,0.04471628185945699
HBEGF,0.026184930322717733,0.016033121757354447,-0.011936540354834062,-0.013463496160378117,9.856572175620884e-4
HBQ1,-0.01785475995469648,-0.009210393494186887,0.03772896849975462,-0.003568721521797321,-0.030086277990108753
HCLS1,-0.007765561059621004,-0.0175579158499579,0.004016371960244321,0.01589636871353614,-0.04562442821694687
HDGF,0.003545115890780587,0.017984460783984746,0.005065688427669523,0.0013236952265214008,-0.025941367257830646
HEBP1,-2.74869507265835e-4,-0.0037660404992303177,-0.0029734483756745237,0.013313528386394997,-0.007217414550907326
HEXIM1,0.03909586110420666,-0.04771927835017869,0.03895869302644478,0.03923671981226943,-0.15876392535123748
HGF,-0.015824988193222835,-0.0036802249599590543,-0.04246653518270969,0.019456334571906195,-0.07372420892703588
HGS,-0.019131994838097258,-0.01051275004321873,0.016086665352479428,-0.03944986250013551,0.005296641875467585
HK2,0.01229860756019598,0.0076706785134694816,0.00560445251448796,0.006754833302436085,-0.02854273838568639
HLA_DRA,-6.592205110447201e-4,0.006383963048624174,-0.0013166321314746134,-0.01105859965904903,-0.01787566148505118
HLA_E,0.014543211155874406,-0.005578118891483697,0.03562785127671347,0.013664507395990339,0.015410756566047533
HMBS,0.021189104618494613,-0.013103285637553126,0.005606289123554843,-0.017201550217665763,-0.04436801809496952
HMOX1,-0.008731474518042837,-1.3574611738358098e-4,-0.07674748527029172,-0.05432083333427607,-0.0036772513314856127
HMOX2,0.008454198963113514,-0.004472154536689808,-0.004119513295969706,0.030343913164253732,-0.024205090658523144
HNMT,-0.020292785885675495,-0.01793090555109934,-0.013162202298146894,0.018027890794243807,-0.0013781121048428839
HNRNPK,-0.05849868720158525,-0.007984959875870196,-0.014153414738770428,-0.007831712848687318,-0.024699523897601095
HPCAL1,0.0765735700266627,0.002448353624240197,0.16409155585084334,0.014019700553471594,0.024453589731939358
HPGDS,0.0036424372146762855,-0.009757655983829558,3.997562618115801e-4,0.03296799776215285,-0.006549608060800675
HS3ST3B1,0.021298866124766874,0.005086873005715361,0.010156917173161665,-0.005830213522908259,0.0215359354594152
HS6ST1,-0.009902469391852645,-0.008884343458981427,-0.00720843715978423,-0.031320806379617844,0.012133920237396047
HSD11B1,-0.004148546683195994,-0.062313284648787846,-0.019519574733331938,0.01863914018918797,0.018851126739669287
HSP90B1,-0.011413377227437004,0.023907765188942217,-0.0020936917248279203,-0.014155578454530207,0.024388179896710334
HSPA1A,-0.02409743557112885,-0.03763801787681389,0.011966099929996196,0.050333714168751334,-0.028225522311270342
HSPB1,0.0138892733592037,-0.03718821923115146,-0.0027981958196448757,-0.030480538181283233,-0.013804574052061733
HSPB6,0.019277754186228412,-0.06071591509157422,0.05017143099975711,0.0021311152702243367,-0.022198017097417165
HSPG2,-2.880616545655541e-4,-0.03361171694709382,-0.030141491198724935,0.012588627459518147,0.0011342747164377288
HTRA2,0.011306682230838899,0.001397758848201407,0.04027072976322857,-0.0354975036505786,-0.0068844273238352505
HYAL1,-0.010621073059532384,0.014697901523108216,-0.05038010264612783,0.007858306811190156,-0.02295244777141864
HYOU1,0.008781580342873395,-0.009787828248765968,-0.011001879698712089,0.011996205597041976,0.029498767646871267
ICA1,-0.004437333619837916,-0.01885483178497966,-0.028220806930277148,0.0025165061666881277,-0.021618604247220213
ICAM1,-0.02413192552887528,0.008435279124533335,-0.03084359632405428,-5.970440849595929e-4,0.01964317449586471
ICAM2,-0.003267069684564986,0.0249715332918627,-0.01453472952114792,0.004121738153646494,-0.0025599695778625443
ICAM3,-0.0015216419021922016,-0.004564134209512913,0.007479131770417283,-0.003915571874060042,0.049681545312706056
ICAM4,0.002590798102276982,0.0034403912823164112,0.003898555668962799,0.027720265894621433,0.016035368293540252
ICAM5,0.01866840858190217,0.006308637967191624,0.015367615468196039,-0.0031086720438652728,0.020041775370778548
ICOSLG,-0.007733172184933465,-2.0725288593741157e-4,-0.020622848745418587,-0.007332006841220904,-0.06313981753716169
IDI2,-0.014294795049157242,0.005211870509625111,0.0075177577345489355,8.282625447646511e-4,-0.03203829430293069
IDS,0.00463840651227884,-6.058798709549604e-4,0.001735983147651888,0.02486663958521436,-0.017484676852684587
IDUA,-0.0042863340428215425,0.022350079065116237,0.020975136048850818,-0.0052582879418052834,0.05036072323692983
IFNG,-0.007743237237752505,-0.013194133397152127,0.015191357399456585,0.01438139841624889,-0.008661626980732456
IFNGR1,0.0364446846448895,-0.048060052831026434,-0.03949685117269583,-0.010447089448918189,0.03672699505012963
IFNGR2,0.01721904078175317,-0.016535669378902496,-0.028355408903689084,0.02221543524923334,0.003368673093363209
IFNL1,-0.006388170685318248,-0.004937218054390318,0.0074610191059135515,0.005810687013128591,0.003107230091369294
IFNLR1,-0.023108638305191612,0.0015364069453180848,-0.012039827605985173,0.009896309023329072,0.005953296325099994
IGF1R,-0.005334875028409965,0.029777307886120652,0.013445410041904124,0.009198611419045337,0.013929145489349657
IGF2R,0.0180333862760569,-0.02033678495744199,-0.03262622861964945,0.021274543749302068,0.0013860780738560276
IGFBP1,-0.01196670816367965,0.009637953797334297,0.014440139288699819,0.07090779171723582,-0.04814962073910499
IGFBP2,-0.010877210308545025,-0.014146413232453888,0.03021556042419976,-0.033725278330434406,0.08544637368754579
IGFBP3,0.005965008459969841,-0.02599914283376807,-0.014767414995098366,0.004749261798690514,0.03286996867923694
IGFBP4,-0.005602675319608079,-0.03278128193102094,0.03029186434894057,-0.05932872386554349,0.00456912339199002
IGFBP6,0.004120166510660697,0.02314512306135226,0.013800559284391709,-0.05250636808250814,-0.06732794186570742
IGFBP7,0.0016614656623784789,0.0010976285441576107,0.022147966751390417,-0.031111382215775675,-4.1522864304912986e-4
IGFBPL1,-0.0038309077991722233,-0.03330001986988098,-0.023309934564704638,0.005337367642342627,0.046446314123644944
IGSF3,0.018436996478877202,-0.01692755107705531,-0.022860718142967393,0.02046728048421682,0.047151237072507596
IGSF8,-0.03639565209200138,-0.012214480273565403,-0.050440812004092034,-0.01677502204332793,-0.012665021337673497
IKBKG,0.007035157567913375,0.05258799412532082,0.1898653631220056,-0.03595708355079217,0.07002145083396621
IKZF2,-0.0038731666409407488,-0.00889044106746163,0.010771127247507247,0.008305071814991648,0.004430961279743705
IL10,-0.011700394026299955,0.004231118857972126,-0.011457302982129994,-0.02977120477136553,-8.22213935630844e-4
IL10RA,0.008746267427697508,-0.013663633075285012,0.002918990803262138,0.011331316945358865,-0.020128602124778544
IL10RB,0.023700717121887135,-0.004811090248840188,-0.03374388615541326,0.03750982402655532,4.4275614461222154e-4
IL11,-5.694391257313867e-4,-0.004507308919930067,0.013383505068505852,0.0026731581273959676,-8.507059981526068e-4
IL12A_IL12B,0.037369136882746144,-0.02406802637101574,-0.021866342350228055,0.009785405731092186,0.00981240555030499
IL12B,-0.03122407096073321,0.014885364286716033,0.01193592875435109,-0.019328693010855453,-0.017793250457342417
IL12RB1,-0.01004335531270675,0.011789841904507267,0.005103423385145337,0.016625527372134536,-0.0141223196318857
IL13,-0.002126852014976084,0.008904959331491637,0.007262180121447979,-0.0010138215465668424,0.011902118929731823
IL13RA1,0.005283733240597046,0.005181623058100781,-0.00728930070868258,0.018535331449467386,-0.0010286177618440274
IL15,0.01902683800515396,0.006983525436166112,-0.005072789149337386,-0.026654726019441615,0.008513521453043831
IL15RA,0.0062546405948907206,-0.0022623837430557838,-0.011279569882800645,0.012531538800467857,-0.004158406398121261
IL16,0.023384680246090386,-0.020671524891539037,0.018142441554138817,-0.011315706608423303,-0.03502486997073713
IL17A,0.004486981651911631,-0.016957930464639483,-0.013544129911367614,-0.004607483088643111,0.03223911185639966
IL17C,-0.006926604136062399,0.003389495598080226,0.008216668857445153,-0.007324128919111136,-0.01870518896390205
IL17D,-0.0038826950547095978,-0.0021670581091221357,0.014339959399849105,-0.003214918474984466,0.007854226124524081
IL17F,0.009635626190356761,-0.017079476532077822,0.001311795091388537,-2.88716730722622e-6,0.023086778323696603
IL17RA,0.011709505860437083,0.00306538631581811,0.015105893841078355,-0.013511897255100186,0.008665776411888534
IL17RB,0.00112194026490177,0.019438724798162558,0.01104474567618702,0.018776828315636842,-0.002168728149260535
IL18,-0.0044993081580441225,-0.009319580526020875,0.01289879961381984,0.031131132450312644,0.0031575423071046674
IL18BP,-0.019069852618225785,0.017287220223404388,-0.05213903627041623,0.0064892045477271286,-0.04073406187074773
IL18R1,0.0057063259674350764,-0.009494793115540566,0.010962478061415747,0.02235117209112251,-0.00950409821815544
IL18RAP,-0.01076880569747256,-0.010605180121037557,-0.003776279406586055,0.0148439674360205,-0.015456299011993802
IL19,0.010838857272997581,0.014556610654000162,0.03129912442586333,0.011549605598995986,-0.02566704932856618
IL1A,0.006113187999698583,0.004000622877052332,4.6218634222371753e-4,-0.004934877312897023,-0.011618235339982939
IL1B,0.007162881695203389,-0.007026258949127327,0.007073619427441575,-0.002467351746194508,0.034615732755339745
IL1R1,0.015847668866911097,0.013595667501728286,0.009433709023094948,-0.05062539030013212,0.002936148984528353
IL1R2,0.01661167878993696,0.011259643336193795,-0.012720966568982472,-0.0065540436815579185,-0.04137468140610721
IL1RAP,-0.0055801621437935375,0.0011505130080680134,0.002275639726165728,-0.007963180803608154,-0.013362661960652894
IL1RL1,0.002561410588095738,0.02275824680014067,-0.010658719839795173,0.020578008657673372,0.04537114593110228
IL1RL2,0.013517959052355102,0.0011893018353277799,0.02860572208488311,0.0015687053354655003,0.012586616997940638
IL1RN,0.032064948588339526,-0.019244939697081572,0.024024513227668468,-0.0246719310750099,-0.0032477839649515863
IL2,0.006661339292929347,0.01006139274430348,0.003177447620193618,0.0028321706880815437,-0.018345244948497652
IL20,5.463466435561828e-4,-0.0025154636753829964,-0.0017863846125174042,-5.91377319395412e-4,0.015515484156204464
IL20RA,0.0028257556419757604,0.0125960992856749,-0.022894557156142623,0.008300382960705593,-0.02805366967122853
IL22RA1,-0.001763294097724097,-0.022534026499542812,-0.013807502883062822,-0.010639689378207827,0.0037448712545898625
IL24,0.01061014011539198,1.990354641162373e-4,-0.00511396495083129,-0.003007308809371786,0.010692254335087909
IL2RA,0.006370856613895305,-0.01790070645362609,-0.006899826730602877,-0.0021465575603697344,-0.029364922571163868
IL2RB,-0.008927509723349497,0.013602141455221938,-0.004276655130879862,-0.016086130747478705,0.022965417601107284
IL32,-0.03417260339815249,-0.03507447047200432,-0.0662549104553336,0.00792582788352097,0.01276449413671932
IL33,0.005180787495213598,-0.00817111487106068,0.0032422551737835382,0.016504126489339858,-0.014369937962760409
IL34,-0.0014846905930135323,0.002756309558675102,0.0011456545099634706,-0.02611742582935931,-0.0034027177945400435
IL3RA,0.005325505070727667,-0.0072253009556579924,0.025735662144111725,0.025311002864623667,-0.02972429021011273
IL4,-0.0022955103483318856,4.237328838099037e-4,-0.00911477291699454,0.009646177948313106,0.0011426865789393404
IL4R,-0.0028489212586045682,-0.02254771424524134,-0.009947805507510064,-0.014077420224817172,-0.004244052188792868
IL5,0.0028448854983918626,-0.005377646784730309,0.0144405122969122,-0.0013744530639522873,0.001955712790542792
IL5RA,0.014807639798042305,0.008302224545122484,-0.01254737988836,0.01131381496878152,-0.010922114131682082
IL6,0.005393191285533312,0.005578646033560163,0.012616882456059554,0.0030881572959288836,0.019527720295333246
IL6R,-0.004615598294491713,-0.00816240969086437,0.005102286638301815,-0.026241507828460593,-0.006027632661639666
IL6ST,-6.234175138451609e-4,0.003143040726543427,0.019749701338927114,0.020928710816810754,-0.006527917549512268
IL7,-8.207355906284673e-4,-0.022868210866753454,-0.01850824338080581,-0.013834076401398115,0.04360800827849677
IL7R,-0.005303469095943168,-0.012984418280430976,-0.008961177815331437,0.010866397799881735,-0.020137780708543416
ILKAP,0.005045415022051077,-0.007293120964270656,-0.0015990123757045282,0.017019211253782775,-0.04110815377170657
IMPA1,-0.03903420785729867,-0.034109115446275456,-0.02457823807421996,-0.05269137185172445,-0.0032468872208157797
ING1,-0.005359351748342914,0.0071860614435650125,-0.009093819913765223,-0.027689107576515787,0.006223179366037076
INHBC,0.015075439472504087,-0.016271357934908217,0.009786326599056224,-2.914440155337385e-4,-0.044488577433437204
INPP1,-0.017883911381531975,-0.00873533454038795,-0.003377468560258471,0.04158270988648106,-0.02187236543909749
INPPL1,0.0016041999852936277,-8.151303762642766e-4,-0.06074593418162551,0.011362980619901077,0.0017896035347361827
IPCEF1,0.022473835273553906,-0.018294254306609418,-0.025223717497927775,-0.04840719856055026,0.011246506298823667
IQGAP2,0.008544367183708336,0.003145103156532179,0.01939605322488867,-0.05329328362192143,5.280055820906143e-4
IRAG2,0.012462912205865814,-0.0324179844430635,-0.04356516459551292,0.0396024527860401,0.015174480962979972
IRAK1,0.023522600044093032,-0.015411523923415774,0.04954972204011002,0.05849631041242333,-0.06696542137382201
IRAK4,0.02337632788100451,0.042411107226421135,-0.09329242722912376,-0.01837094490862742,-0.12445636758279105
ISLR2,0.006467229019440577,-0.010130556502510915,0.00215562314268105,-0.019069440351529084,8.871289086107648e-4
ISM1,-0.015400660729077175,-0.024949627349834313,-0.020330143158499618,-0.0043853428543689735,0.03716002968508196
ITGA11,-0.021390355571992987,-0.017226301151451857,0.028544244992676528,-0.03606228462906994,0.0025072409931124998
ITGA5,0.003415343018147975,0.0040952436897915894,0.01979325215478219,0.03486196838421519,0.019870944500391136
ITGA6,-0.005231798994668712,0.009383977052371496,0.007151807688062224,0.005919786385228496,0.004365373342828425
ITGAM,0.005075775457622141,0.03169244924935319,-0.019263884058717082,-0.06814563094644599,-0.001039377010732993
ITGAV,8.898748600267684e-4,-0.054665980667701584,-0.04631137365702049,0.06057283795649015,1.3292134358627581e-4
ITGB1,0.0036143723054081357,-0.054871217430317774,-0.03586167269715199,-0.08926235334068917,0.044094777763202815
ITGB1BP1,-0.01206122039400433,-0.004607097854155183,-0.00412500140199474,-0.006481487312978959,0.01496136732567881
ITGB1BP2,0.008838311883773013,-0.06101071636038556,-0.05392173193174709,0.04669115278466607,-0.080787019242512
ITGB2,-0.005886198215775336,-0.041754578442580424,0.014183190338270884,0.025423611088879087,-0.037355946863813154
ITGB5,-0.006887666248719385,0.06523515774781574,-0.028780766911155112,0.035171805357899155,-0.012451578612936493
ITGB6,-0.013419690243167243,-0.025583088915726138,-0.026284423926665305,0.012726273717521809,-0.05137544871945943
ITGB7,0.01326353553032182,0.0217010975326076,-0.03032270567320539,0.008391858616337405,-0.01738211783662414
ITIH3,0.032041554476254425,0.03776398238861668,-0.004280524102456153,0.06647369844973111,0.017751742406567413
ITM2A,0.027707009216852204,0.00902395195582142,-0.006721564946411754,0.010023861841841957,-0.021059212459123604
IVD,1.9932991651436255e-4,0.001642165688462692,-0.006960505134914247,-0.008614895484184787,0.015148550774970158
JAM2,0.007404217676191934,-0.0076593892586048744,-0.03940464058388863,-0.025105789565804053,0.013519976353055484
JCHAIN,-0.005772052925233578,0.006084394874262626,0.007374260837828101,8.443349190797062e-4,-0.030319914270480336
JUN,0.0014871983575769894,2.2361093449915745e-5,-0.00994966678913162,-0.02851566380030687,-0.006432208283775881
KAZALD1,0.008926025413179576,-0.0012544732690299048,0.017566378907580556,-0.009217131280259522,0.013842573796985872
KCNIP4,-0.0029501695711738984,0.008289203161477547,0.027904273637445715,8.379834545314158e-4,0.017137609645662123
KDR,0.011342825994206789,0.001735846464899389,0.01102116997464165,-0.025316138533117188,-0.012128064463371242
KEL,-0.008065505656188753,0.0062468571272784,0.006275183146471902,-0.005663994946423004,-0.04013602687193121
KIFBP,-0.01931192127447592,-0.04987549925029272,-0.04649672854382127,0.014823751622381531,-0.07299121225073518
KIR2DL3,0.0018258979471323493,0.007181157225374882,-0.0011827262546226448,-0.016840045910571456,-0.003631157164907153
KIR3DL1,-0.00573366291807674,-0.0020230518096213275,0.0036709014665968548,0.008921694362375707,0.005912952133414002
KIRREL2,0.004368300910103697,-0.0016638845164910535,0.02836210223178411,-0.011380580848386428,0.04073079271532646
KIT,-0.014419606445393944,-0.009302374750492315,0.013693179825168591,0.02299472435579351,-0.027328812502616092
KITLG,-0.06248757632623957,0.05953947993204195,-0.02019099650896604,-0.0052650558231636365,-0.3821347491652099
KLB,-0.00540983964021691,0.007075780458038009,-0.0066459737382164345,0.015150818895947812,0.028430258324855007
KLK1,-0.004905007206721257,-0.029826183427870377,-0.011935693973707822,0.02100375623967059,-0.025238658619080135
KLK10,-1.7726357752555197e-4,0.006555750208429546,-0.025578256560507405,8.758154797916692e-4,-0.008437625331808706
KLK11,-0.0042370575561037245,0.017626651361364765,0.020466955861016507,-0.01797241029209766,0.009793627523557263
KLK12,0.0015872358403212457,-0.012614182202123785,0.01257623636981393,0.004396022001465051,-0.019707308458611947
KLK13,-0.012732229948717212,-0.015059164870756965,-0.005581138724989416,0.002226945972513251,0.03605421485072602
KLK14,0.007788274831973607,0.018005820828992252,-0.00677809670217121,-0.018069304976572075,0.011125405674509856
KLK4,0.01998349014663683,-0.008363729601335395,0.008521381445979291,-0.003471367396117418,0.014861895131100653
KLK6,0.003621733853932783,-0.004813908397304001,-0.05499548817639673,-0.011423443269871292,0.033689667940457205
KLK8,0.002467284271703274,-0.00712052327553306,-0.020944049914512024,-0.03541770968281558,-0.0756713211019893
KLRB1,8.973136615628238e-4,-0.01831633513610132,-0.002031797429007534,-0.01455861841203569,0.021822843781288064
KLRD1,0.006345604345972422,0.0020950890341648286,0.03551209684394246,0.01708150879707131,0.002876188577103124
KRT18,-0.024061027928348893,0.006134787280669719,-0.0062121369868730885,-0.026448224676255877,-0.0561640577022809
KRT19,0.0062474383050814515,-0.002053213394136015,0.0023792114635971602,0.017388177695970626,0.03214719805734702
KRT5,0.015381640106321301,0.023589129975462003,-0.012183427741014455,0.013024874261593896,-0.005622829480504552
KYAT1,0.022061231721858886,-0.045951009586914913,0.013139150572691499,-0.03375806356385354,0.013025412307918502
KYNU,-0.010914674610156286,0.021018272365932074,-0.02494713400144383,0.0233448040376854,-0.0020758330623181376
L1CAM,-0.00754623431863991,-0.020517960684524182,-0.014308201822149653,-0.013640410607574278,0.01782049794801103
LACTB2,0.05497074205993037,-0.02913907733193121,0.029814606205430305,-0.023931473080672064,-0.001516270518671567
LAG3,-0.008280257923986945,0.021930774236830916,0.024389823239350288,0.04314419798283964,-0.019526005601418445
LAIR1,-0.015139253309062344,0.0013012772373318304,0.016057260153913497,-0.0010122286735273918,0.0041986222526766296
LAIR2,-0.0019046672641093965,-0.004529885541919047,0.028887187330122105,-0.022265880978642745,0.002694620888237188
LAMA4,-0.017118708234799867,0.011564069139695796,0.04190391994585857,-0.02071728781221033,0.08882320501832242
LAMP2,-0.005827646079443956,-0.019400707509192986,0.008493022913142453,-0.008672081734548254,0.0026983317548098388
LAMP3,0.019839812323556826,-0.040527643373643334,0.05533380762183313,0.019618834309258586,0.03280999284342412
LAP3,-0.006164101319229633,0.0027559425075336674,0.008408446593361193,-0.019449829930909032,0.01645256964870573
LAT,-0.0041763290401215835,0.09766438785929105,-0.07371030966817899,-0.09144275157389317,-0.02461901863230397
LAT2,0.10913070361417843,-0.13221011469589505,-0.028479536635905106,-0.051925666113530014,-0.01793940160083283
LAYN,0.018429519591377137,0.002140527362715934,-0.01184063648019146,-0.01786935348498351,-0.004386161202091605
LBP,0.0070703952243022635,0.03333827009920793,0.002738047755689602,0.011190146584158905,9.065203435908765e-4
LBR,-0.03827461295248956,0.03778908627983888,0.06460295490406427,-0.024740871558246117,0.032053830022343514
LDLR,0.14940025707394675,-0.19340608380470617,0.07893507503022779,-0.10018003890078751,-0.04893424218407436
LEFTY2,-0.020591719255719395,-0.011468627831288053,0.012969035527336954,0.01617389201985907,-0.029203631768533467
LEP,0.03998047905737433,-0.025791080128999767,0.02103612193688961,0.001032929741780354,0.004361771993329339
LEPR,0.004531278874501392,-0.029317480855640492,-0.022913016913401318,-0.03555765163952337,-0.026909682327812386
LGALS1,0.024800472619582008,-0.001924813160858626,0.03159249318182115,0.007205328366098937,-0.019809999010564572
LGALS3,0.02072969079820836,0.03042270573535134,-0.031166773634330534,0.012162003156832992,0.03674199984925592
LGALS4,-0.006226090977877155,0.015107665361417718,-0.011924828804825238,-0.04082874381616722,-0.018782456059446298
LGALS7_LGALS7B,0.04214857321657608,-0.007212504937956944,0.019022633793835356,-0.003949576541962822,-0.008256519921119488
LGALS8,-0.014396014991987692,-0.03288490677879842,0.002999662258327818,0.03656657419262949,-0.046229513359044336
LGALS9,0.011221420693534621,0.04450166200686627,-0.02024553460551304,0.04509258742489133,-0.006676950931629219
LGMN,-0.002020691739079813,-0.004798781801332081,-0.034513569082887094,0.026200552551846633,-0.0019663954842793333
LHB,0.003709505747299432,0.007277889276842467,0.012950477489125598,0.002865479171082918,0.021230282863442595
LHPP,-0.019182706987587898,-0.008191566991309646,-0.028235201907124922,0.031905354826501475,-0.025289316931270327
LIF,-0.015610054165426454,-0.007490706257735001,-0.0016964191813589728,0.011306535783612279,0.010393607616708371
LIFR,0.005731131907624109,-0.04132694275075188,0.018892628272993702,0.017417896067011735,0.00910886218239597
LILRA2,-0.00475083348942175,0.019817224484003512,-0.012857885630689245,-0.002706705008456186,0.005083843406222116
LILRA5,4.0534725109498266e-4,0.002408481615470521,-0.021451099382118068,0.02521649514594328,0.011326585979781657
LILRB1,0.0013731048850569012,0.0028035471167218735,0.018609551963782472,-0.006826161839023734,0.0035134078682698224
LILRB2,-0.005871423331551789,0.019753349164204122,-0.027986097032692905,0.006019641941239339,0.015976754054754308
LILRB4,-7.965515308997643e-5,0.024436679865422917,0.004941609703438101,-0.020934358618316995,0.0037658011486497015
LILRB5,-0.016564871580584593,-0.023822795356811307,-0.03364141096120855,0.024929913563304984,-0.009348002620020782
LPCAT2,0.025847960894429214,-0.01354868182521477,-9.436164303197983e-4,-0.003720628662796451,0.009323119935796664
LPL,-0.02490819675625831,0.02075418733570451,0.01718517216764753,-0.013542616598300788,0.005528764310116729
LPO,0.010563044244018731,-0.008200442365072901,-0.0122166308764513,0.026237392620330723,-0.010238874190804942
LRIG1,0.014020420973404155,0.012514971843199472,-0.015972476109875754,0.040593525143082426,0.07284902705508331
LRP1,-0.022062390314133686,0.02849347844169041,0.006893035989254031,0.016120960637284975,0.005640250592064843
LRP11,0.015110190598129358,-0.008179562141350846,0.017106257768687207,0.0020385871831945382,-0.02534393007425479
LRPAP1,0.00738896781002123,-0.019628211981456523,-0.029377550303028566,-0.021657514672615223,-0.010243958713312823
LRRC25,-0.011164566656464607,0.008718596170615081,0.0021816449855206616,0.027041150432159485,-0.005229286128680734
LRRN1,-0.0032075316287974373,-0.008103574610131335,0.002081712735677275,0.035572362850112095,2.4991561931828163e-4
LSM1,-0.001770036750921295,-0.004020958837651429,0.014483216783357176,0.014740281034130567,0.016768919568055613
LSP1,0.03034051756335737,0.02764570263247376,0.0294419920277183,2.0625879179357105e-4,0.055763895704604924
LTA,-0.012646738066433892,-0.007555039480928135,0.016392163948391783,-0.021554666008816763,0.034477122648896776
LTA4H,-0.023927678908084546,0.03469979433964808,0.052877688815316085,-0.0448925415618946,-0.030533296366485826
LTBP2,0.0041241139172802175,-0.018857530678473507,-0.012276757531203771,0.05092110494215529,0.03701370894563512
LTBP3,0.006755162058015243,-0.0074782462187614526,-0.009497812015027574,-0.001588690233490093,8.433612675724045e-4
LTBR,-0.043348021135870184,4.1158672129777696e-4,0.003180078925285051,-0.011872890115540678,0.018277936028251316
LTO1,0.0012938862111173534,-0.002749660293096148,-0.016362343257452273,0.002979725534335124,0.009389240369431137
LXN,-0.025293460548172848,0.018168534378324046,-0.003137149312248501,-0.002182828994326176,0.03584329892116969
LY6D,-0.02418340730272959,0.04075298128778248,0.0049654157754268164,-0.02367149127562745,0.012711323039221538
LY75,-0.006766360081130289,-0.004541928036497809,0.01629347025386839,0.0068095803148047855,-2.4011468313059396e-4
LY9,0.013143291742926234,-0.013435164699274575,-0.054226352720070224,0.013335696267043399,0.008602005167017866
LY96,0.012839175108602684,0.01518972111862653,0.0036708091240002733,-0.00715579053092673,0.051084791301454276
LYAR,-0.010508606052485131,-0.002678799633079387,-0.016546457610318345,0.004875039406806982,0.027698242401806183
LYN,0.003903085412066534,0.059144236937479396,0.024505652469560848,-0.02099295079433045,0.040374740884656944
LYPD1,-0.004017093423983586,0.0040055274149059135,0.0177674405916993,0.009982132587995936,0.014863891332475027
LYPD3,-0.02426241909972482,-0.0018388782326797435,0.008805314266197413,-3.71714868974826e-4,-0.016865482282297783
LYPD8,0.005384397148541813,0.004804168437973555,-3.528306770050422e-6,0.012767054460757009,-0.0053504232305799015
MAD1L1,0.03133476434683448,-0.021029994848619366,0.00803757671620708,-0.007686936634641467,-0.05531532006920834
MAEA,0.0026513293632490086,0.01080736670989375,-0.0013170209177688823,0.0022767724059378595,-0.014087331693922378
MAGED1,-0.0022049471915481173,-0.0073850570747966875,7.630260014441534e-4,-0.0064709714393458625,0.008409767526856219
MANF,0.0966343208893269,-0.0911436786567644,0.005487656193810589,0.05515562092964043,-0.031196313068086432
MANSC1,-1.7537077267524087e-4,0.0285730992408109,-0.04182720097156347,0.023685687849493084,-0.03995166095629061
MAP2K6,-0.05599235159638237,0.0017468708097581002,0.012000480707573556,0.057751365276069055,-0.05501245117893382
MAP3K5,-0.0038009757926126013,-0.04233370395077661,-0.0016703441290419985,-0.043456823128896385,-0.0043270023556162465
MAP4K5,-0.025110300441200818,-0.06583010741893382,0.03390063942033305,-0.050182535695728774,0.04888494941012121
MAPK9,0.009792832323210782,-0.012024240131588246,-0.013353890089210545,0.007190292168426866,0.0035276065232430474
MAPT,0.003225110629582515,0.00121486282434139,-0.01959888262493299,0.007158316609713309,0.023920856815194128
MARCO,0.00929515627037639,-0.006130672530863554,-0.004067802587120279,0.03715132065074259,0.07422733493601207
MASP1,-0.014707869932392655,0.008497804219788997,0.00432222322336853,-0.029451447616324903,-0.014691081952082656
MATN2,0.007833422763381517,0.01695823230061482,-0.002345116904711839,-0.022616063766005758,0.05369850960825584
MATN3,0.01052894948452295,-0.017157148501393354,0.001553642502501365,0.0029062447937529233,0.024789946868707283
MAVS,-0.04679462918541309,0.024546131972467224,-0.050138805850459156,0.08558126319034089,-0.06680190520909121
MAX,0.021404716888530344,-0.014980673674689554,0.01414934499971124,-0.0041281316409013,0.06159290118999076
MB,0.019926215341811968,0.04364135662071506,0.016558483381248917,-0.014434246668689525,-0.033874228939882026
MCAM,0.0065820757192910665,0.002738171547800901,0.041728169727481716,1.7161207742828692e-4,-0.02934524733644494
MCFD2,-0.02514620958170892,0.06774979903336938,0.03974571826805131,-0.0879713926187172,-0.09543397133228472
MDGA1,-0.005250386914445724,6.64038152209309e-4,0.015130094037459381,-0.0014696500084478265,-0.0048814142694178974
MDK,0.00935093457700233,-0.01098840668581399,-0.0024341896693305873,-0.040109517227328195,-0.009273996614198341
MED18,0.043225890852270986,-0.09545338161849592,-0.029544381626721516,0.06242911697032034,-0.06276923810987918
MEGF10,0.0035546426487146083,0.010510436434534039,0.0020217617945822103,-0.006368986267174477,-0.0022388187466702157
MEGF9,0.03459347563140087,-0.025200676482799524,-0.06233614136392184,-0.019487687861824685,-0.041004800744691705
MEP1B,0.008435632470081387,0.003611717964984654,0.01297954551428599,-0.002564883311918261,0.022913822048258627
MEPE,-0.014375384149867616,-0.018464745145647644,-0.021244410099841512,0.023280701612994482,-0.01086402793657037
MERTK,-0.0049090873868232405,-0.007775143716843105,0.011631477540894063,-0.028310565579608274,-0.022995892988455682
MESD,-0.1356896496602336,0.049745811213305124,-0.06449752749523245,-0.004522498715440688,0.08808266711371902
MET,-0.007479079909871642,0.011460237839696874,-0.0010899688456380038,0.047814911074915374,0.01601403629922612
METAP1,0.011852947459265321,0.0035055787965304905,0.011045017460528411,-0.001268996714523011,0.0063015498338480636
METAP1D,0.006293498722159051,0.047044982637548444,0.07721119406359993,0.05559336576090513,-0.06846216784356891
METAP2,-0.004308250863024995,-0.03107609749217607,0.005366226850233879,-0.010224528091011402,-0.04422749838235764
MFAP3,5.623795066370664e-4,-0.007232535734963223,3.903700675341179e-4,0.018970431354474477,-0.020280634896129596
MFAP5,-0.01887205351038501,-0.022329103887472352,-0.005049165334954122,0.03653436672151034,0.012873909368229455
MFGE8,0.0667391771428417,-0.0511803327598966,-0.02889594086927993,-0.108901932376762,0.046141923252667104
MGLL,-0.005634037992337455,0.18915678793984017,-0.08537277402588385,0.02029496124428559,0.12823077824357682
MGMT,-0.013178333765897454,0.03231058019137268,0.016816847501914343,-0.017293408406961874,-0.037615964059895625
MIA,-0.0034171819195180295,-0.015530138156586881,0.010342290723851323,-1.1997202965528578e-4,-4.829689318431721e-4
MICB_MICA,-0.013426754191221617,0.0018510362953721637,0.003216908711072316,-0.011867505531254737,-0.013212082964365332
MIF,0.02753553838829051,0.059917371379593694,-0.055895124034982674,0.023527965832852514,0.06615568379237402
MILR1,-0.002871825690554774,0.01022068174891211,0.018012455748952348,-0.01059014137700975,0.0014429485172509874
MITD1,0.018902542663644415,-0.06923082831156634,0.04812860270544492,-0.01668692912773378,-0.021823783744630693
MLN,-1.6269123719864415e-4,-0.0019766760222966204,-0.0015512310962479431,0.0074957837076596425,-0.005982412450291841
MME,0.004853006791006892,-0.021708188724920165,-0.010493523968965532,-0.050241775356320684,0.01197446157727529
MMP10,0.01266739411448478,0.009673533301732947,-0.015669407281572796,0.007483259661875246,0.04273242246536549
MMP12,-0.005956535096683055,0.017425564597132626,0.02273244710947529,0.001923793785939256,-0.03344922650592425
MMP13,0.011230586340120792,-6.693766039959317e-4,-0.021627469504948805,0.0058021261411291295,0.018924267675995254
MMP3,-0.009602194837979952,0.011281131096869883,0.011467384014615983,-0.01695088254816677,0.02031807870966285
MMP7,-0.023185254455717584,0.007000797803009875,0.05227767989092421,-0.01760771422104588,-0.015258431165584892
MMP8,-0.012769407841193209,-0.004670916356779914,0.005919628017034025,0.038751195456196784,-0.017106061246966203
MMP9,0.005789915204284686,0.009551163335107504,0.00820125765442096,0.009929349476452524,-0.057883619469404415
MNDA,-9.98130054596672e-4,-0.044841570880624224,0.027493682427606768,0.025940162427663047,0.025992170892474607
MOG,-0.008652530444006622,-0.02386313779078563,0.003613245677464818,0.0501739401294956,-0.023511388179656235
MPHOSPH8,-0.0047402231572735145,-6.469610561980707e-4,0.02504546970633691,-0.00401436072954323,0.0024577689745442018
MPI,-0.011695770956230906,0.027284423367288566,0.03159014314875581,-0.01743631867406679,-0.04171886753686584
MPIG6B,-0.013899756826429783,-0.06309088553697663,-0.08928618022537003,0.0048653011705920585,0.07429120739133327
MPO,0.00340930481080644,-0.016443641733484598,-0.010081625356600718,0.024508846494649895,-0.02819724135434849
MRPL46,-0.012642025791795146,0.009479280110779866,-0.012276063880666661,-0.014019374311970338,-0.003135350610407271
MSLN,0.0015519497974561427,0.009105219523134716,-0.014676761269613812,0.0036144396585881984,0.008180898492662025
MSMB,-0.006243013163415338,0.01685890604559198,-0.00527219182976332,0.0033857996766582447,-0.001104709176243756
MSR1,0.0042021506414866,0.01647442744881535,-0.009370478687124564,-0.021729195811712516,-0.022263461372537402
MSRA,-0.009664914499976538,-0.0667202671423143,-0.15210632269109128,0.006492621887402447,0.012859914090835896
MSTN,0.012025146711639253,0.007502684338563594,0.0065188510224537385,0.016729441693210192,-0.02931561414962591
MTPN,-0.011429807855173833,-0.002687232729506326,-0.022510540122656218,0.012176858073966856,-0.0029314931877947787
MUC13,-0.011902720958563835,-0.004714314687189831,-0.011052579898265072,-0.030423848493273155,-0.0029211838284464785
MUC16,-0.0030884738965460193,-0.020888181287523337,0.011025284457124118,0.010244802220356987,-0.014910133427689733
MVK,-0.017385254253477235,0.03609984407808394,-0.09644736357520316,-0.07047255303043146,-0.010417757993172046
MYO9B,-0.009121652253319552,0.0029019522538876264,0.05576373498964346,-0.011364385052735612,-0.02193954023075448
MYOC,0.02002720831893729,0.005729779520712287,0.011576884053247704,-0.0046949665119697176,7.382717753921324e-4
MZB1,0.021329418894407537,0.02101819807431548,-0.03194799683353357,0.009600936872387712,0.030970418786732956
MZT1,-0.013826834661749731,6.25380462828001e-4,0.04508191383399226,-0.0040010655260255745,-0.025871190229712737
NAAA,0.0012888709624483444,-0.007314059239777381,-0.015388696749255373,-9.155668019701098e-4,0.03368200575179578
NADK,0.004435747785824316,-0.004168750571860839,0.022869834161285012,-0.006791321698283865,0.0025447520307737602
NAMPT,-0.003820446504799291,0.010234345758730043,-0.010938382144855707,0.02528253086715603,-0.03319295116688945
NBL1,0.006295363136526149,-0.006758450787448713,-0.0017239102235202006,0.022354063763991332,0.06871429091354239
NBN,-0.016715951670266894,-0.01143931951520609,0.004102962869429628,0.01119613220431353,-0.00430177727587493
NCAM1,7.254623367751062e-4,-0.006034688104790204,0.009791007932375664,0.0015320224424871399,-7.408515859444008e-4
NCAM2,-0.005849021170761823,0.015903590626471276,-0.0070125364347650475,-0.012541958143662319,0.0055173444258610925
NCAN,0.0056731485291757365,-0.0014791147315128131,0.013190272708890548,0.005851268858038837,-0.021012426352244446
NCF2,0.014716309427466111,0.030946381715055087,-0.05810987352895472,-0.03525320623682693,-0.0415135743506731
NCK2,0.15862797066168288,-0.028981842815258896,0.06081501094601961,0.053462934817812946,0.11431836464353122
NCLN,-0.02581492529184749,-0.024612116459026043,-0.012533376520687284,0.005404119526136736,-0.027506241131416254
NCR1,-0.009570901644154034,0.01036147498347717,-0.003028030760339212,-0.040702189862916446,-0.03870723708067921
NCS1,0.006617093311460906,0.06177771702721226,0.038756596210120474,-0.09294686205800151,-0.006943123180708345
NDRG1,-0.008347960809816854,-0.005766476355851244,0.0019126259305265356,0.016977519544285814,0.0069013633860152196
NDUFS6,-0.005744647772939974,0.0013504228466560428,-0.005187119998119546,-0.01290272090937221,-2.3165126607531264e-4
NECTIN2,-0.010019662389707208,0.017871230356657327,0.03231051680357663,0.017803078171800317,0.03340612676561887
NECTIN4,0.015602531536594366,0.028844520649593433,-0.03419058551355491,-0.010474002976318739,0.01582578296608934
NEFL,0.005824035329047837,0.01054720079988625,0.01942802106876107,-0.010037147209063966,0.01046423423888582
NELL1,-0.006349804315561954,-0.035711598909790955,-0.002251294409203284,0.006080047132588622,-0.0021616261600954333
NELL2,-0.004406405036839332,0.025177659227798757,-0.020758491424327462,-0.011361897257460032,-0.04255214371480226
NFASC,8.455198807729516e-4,-0.007520839525923359,0.009973505393823221,-0.023495519181260166,-0.010141238682313909
NFATC1,0.010927178294262482,-0.01945360069564561,-0.05431205545009689,0.06802663803866879,-0.025477405353409664
NFATC3,-0.007610873828591833,-0.018612218945417442,-0.006747420100215727,0.01514537078550184,0.008490846110296268
NFKBIE,-0.0029743095469269946,-0.0034994064907438263,-0.016284312782162174,-0.010459030603179488,-8.033976060181633e-5
NGF,-0.0021567422958376436,0.004020993102100293,0.0012945009452649144,0.008052525593831806,-0.02831667655733409
NID1,0.01744288387288939,0.035660892618920956,-0.026440909148298324,0.026354659909936053,0.038959036828420085
NID2,-0.0066542995137262705,-0.027757530545125718,0.030308543795690007,0.004523452889264235,-0.03110664705956678
NINJ1,0.022874029741383608,0.007144805562323056,0.013590379139507813,0.022706179201292195,0.007090464749845417
NME3,6.153058249092255e-4,0.01011829344738196,-0.006115026797441994,-0.008207901371730997,-0.002915469586455825
NMNAT1,-0.012025172796584974,-0.004849567914716718,-0.021686843745250112,0.0026708845504737496,-0.0035044701657132027
NOMO1,0.020141019985287972,-0.021503206579762974,-0.032871366402855665,-0.008835638529699432,0.020817220405363393
NOS1,-0.019733833171734036,0.010323749830431755,-0.017566299937277784,0.02677375557956695,0.05680617636041393
NOS3,0.018449421988995775,0.008215845285264254,-0.002771789679582587,0.009806868311010762,-0.006695079571611803
NOTCH1,0.03141418036885396,0.033362245739793,0.0611507163235034,-0.03790646324816343,-0.07026774046316847
NOTCH3,-0.03423172246150178,-0.01445898952700935,-0.005745739983606438,0.004472898464581605,0.03867613801901355
NPDC1,0.0022841980091169705,0.016382814262558425,-0.0013610937558417734,0.01276156323879267,-0.04172807309163597
NPPB,0.013128824904396963,-0.00697978363927064,-0.0014328610513533637,0.011854148714212757,0.003288119146321542
NPPC,-0.022719019619339514,0.008523751870482736,-0.046490541282927574,0.014524196050408845,0.02404056048117019
NPTN,-0.011795813922043926,0.0010173369370429497,-0.025175035160878944,-0.01012523888377257,6.011839424028676e-4
NPTX1,0.004309353290988119,-0.02234480345272143,0.020283278431687136,-4.828185764090733e-4,-0.030273187309967895
NPTXR,-0.013838883922522268,0.01342159606261201,0.005039673544416717,-0.009816346957888952,0.02663678240241283
NPY,-0.010320659520215747,-0.011830048923095086,-0.03690549620618216,-0.023556840186841416,-0.04271306136837568
NRCAM,0.009239147190311459,-0.0029811891341901564,0.018894018073625504,-0.013542952609587437,0.011574686231751381
NRP1,-0.015831034516770717,0.08351029444099557,0.008850254742671254,0.026786323353020777,8.05663735374308e-4
NRP2,-0.01742905804253975,0.04190820988795781,-0.033648919233275204,0.015400277246982591,-0.0211421128790964
NRTN,0.009949819065755271,-0.0033112631911398735,-0.010928057654057627,0.008716612016245882,-0.014100529540669536
NSFL1C,0.03543206289479523,0.010472867094449743,0.08115102780591973,0.005653105212073981,-0.03224103717290511
NT5C3A,0.011147270019430852,-0.09490478816882697,0.009721585028734277,-0.04225427190823212,-0.006435976674825277
NT5E,-0.006148169770517701,-0.007417125157146088,0.017066742034154123,0.015676760630400445,0.02222371117382085
NTF3,0.004510962727508785,0.01857294878874491,0.024111940461971466,-0.029996568681547497,-0.010498071204987193
NTF4,-0.001104105823033329,0.011300882386871807,-0.018759556166118026,0.015262268450471237,0.010754263923628224
NTPROBNP,-0.007910691818732362,0.02316711787148478,-0.018033936770931496,0.0025370784356015153,-0.02671135486212479
NTRK2,0.017089909536022713,-0.005543757438729236,0.0025457527613029778,0.01776988869074071,0.04236131243523806
NTRK3,-0.017940483461663177,0.008693511148730602,0.01796526122203281,0.00647538730275315,-0.012976765216380755
NUB1,0.02868417913371559,-0.026799177313206007,0.0026486020834691503,0.009649907450916196,-0.09998436558328774
NUCB2,-0.029758868509073916,-0.006964993911670953,-0.003183456672731137,0.024639580093193177,0.04247466577350498
NUDC,-0.05007555992840095,0.017090929346767997,0.02627349223758073,0.017264010779160947,-0.052866172368652334
NUDT2,0.005040202876963667,-0.015339560256709414,-0.007640257584323761,-0.015916569341079354,0.004412928852300481
NUDT5,-0.04019660971161776,-0.020067596036207253,-0.028029612576817513,0.01232970685980728,-0.03773552025647985
NXPH1,0.012374822203727088,0.009754174410732001,0.008621119974250874,0.002770419492752246,0.007934178846798172
OBP2B,0.00515538239406595,9.194430290829141e-4,-0.016555324070538717,-0.0034055699520448082,0.026568890180737433
ODAM,-0.007410349553373646,-0.011719097975712498,0.008663771167447156,-0.010241426864568578,-0.006124804637421077
OGFR,-0.028802937652727817,0.01135163227470907,0.04710129668225715,0.022463902865026062,-0.0018945004720182686
OGN,-0.005056618293238152,0.016804285592653477,0.011218728834285367,-0.012100815889459379,-0.017704140891972003
OLR1,0.018980836376466706,0.009708141595124679,-3.0379761142311203e-4,0.0016365546342306267,-0.029469686908504683
OMD,0.009301115378021854,-2.914895157033187e-4,0.006554967767767156,-0.0025325971010680334,-0.021084382865600278
OMG,-0.028878403579316637,0.019064036113954956,0.04350170224743682,-2.374871281544777e-4,0.05162978135342713
OPTC,-0.0036757811855998796,0.01629791874890305,-0.005000340318033086,0.020998925303335834,0.014811867006726598
OSCAR,0.008400043955833412,-0.018848420524807893,-1.4237477489673615e-4,-0.00808521716845977,-0.006668273668371638
OSM,0.013863868746579371,0.02076117539734926,0.025721494029952906,0.005303727998616678,0.037519868953970324
OSMR,0.013135681300750813,0.007587625235979313,-0.01116567134241914,0.0222652729874278,0.01195870422879974
OXT,-0.013768105895581808,0.010559018162183777,-0.011694763681724077,-0.034324285185954165,-6.464014447971822e-4
P4HB,0.007745079902392241,0.004418352505329417,0.07246298077927767,0.02212058761953037,-0.07531134941649269
PADI2,-0.005590600219583996,0.012166336532389641,0.0010479881133414078,0.004184413853651223,-0.007011083274597346
PADI4,-0.007485991597881335,0.025698259621633978,-0.005053086622343365,0.004310836734027181,0.03501033563131366
PAEP,0.005790355020788032,0.003409931077300499,-0.010455538855311971,-0.014785355851896505,0.0016774413222774957
PAG1,0.012170009357331701,0.00280489769744363,0.02177207310856018,-0.001776583154224722,0.02083305479334842
PAK4,-0.011906106779251767,0.0016822226982373897,-1.795348398586208e-4,-0.01387947316955493,-0.017205709575092418
PAM,0.0023859352608187594,-0.008684029523409357,-0.015779797354590362,-0.023696244953026722,0.016263636603705778
PAMR1,-0.010372148389760394,-0.0011506810587030214,0.02707586358553016,0.08094762603981417,-0.014497553098021271
PAPPA,0.011892732768638229,0.004024459728771292,0.0038258276116121185,-0.0119175409932144,0.008386389790329383
PARK7,0.032074826083190754,0.002552322620748626,-0.05449405944348394,0.027088928589594587,0.0023840861585001615
PARP1,-0.006692751329477024,0.010906239679792465,0.01483598407540222,-0.007560298575644656,0.002992965097607438
PBLD,0.0011696871111675044,0.016030528713165636,-0.005502796022405737,0.009264619120512385,0.050078273334593096
PCDH1,-0.0028204857206714992,0.012774088065242379,0.01482124705115404,-0.009797292235108467,0.0077002359377684754
PCDH17,0.0030463345810661396,0.033182969926145424,-0.01532742331479077,-0.007292142013493843,0.010000590191930676
PCSK9,-0.0045849181989367094,-0.07626792230776641,-0.02561132918266941,0.030050262841245755,0.05959466356114205
PDCD1,-0.005426733066401095,0.013988477526392453,0.053123761612838424,0.009864717867014039,0.011304376807863375
PDCD1LG2,-0.0050652540223452254,0.0016915080354755463,0.0055506339554225155,-0.018160622648138464,-0.017996818796106307
PDCD5,-0.004805164298019437,0.03195981888151204,0.003356750197950324,-0.013301417425199469,0.08969937213139154
PDCD6,-0.0015382428751304388,0.015999698761776354,-0.007230258562468782,0.02296133697638165,0.00762749305842747
PDGFA,-0.05047510837903895,0.05771352820583501,0.034621759197653146,-8.882002875283802e-4,0.019102854636831364
PDGFB,-0.013829055497770273,-0.0258633112954462,0.003034880434815957,-0.015575409104861828,-0.050770595886335264
PDGFC,0.009087414679786993,0.01394639135843483,-0.01237804691107065,0.018682470039299234,-0.04589979846116269
PDGFRA,-0.007393418596814407,-0.0178720655845206,0.0014164848678321473,0.007974576913415039,0.0018926857848786435
PDGFRB,0.004253116818099863,-0.006519570729280096,-0.016345547631029606,0.003879931205461893,0.021394898216600847
PDLIM7,-0.0384989146488238,0.07045079177285106,0.019315029516738635,-0.0438886962094679,0.04153515148549847
PDP1,-7.053164183309961e-5,7.489652675138411e-5,1.5710401574692794e-4,0.009065118913706318,-0.01515988978177176
PEAR1,0.00897045092113563,0.03598966465825802,-0.0023100082298228063,-0.027533234110013564,-0.03371938152554829
PEBP1,-0.0258366756878108,-0.015045988140644182,0.024869302032189775,-0.07049528211276951,0.02858172782963573
PECAM1,-0.025641075402427528,0.005668445749612657,0.025422397012010586,-0.009117043556631508,0.048512407844598586
PFDN2,0.005339175430849673,-0.006023752816273033,0.003391929671616601,0.03107992223570525,-0.029022701085605156
PFKFB2,-0.01790924989011189,-0.014544789657755085,0.019974266197119103,0.011430511744512034,-0.04465432261216156
PGF,0.013547910117795502,-0.03161889175841912,-0.009009724550872768,-0.0023995879469092315,-0.002803280007970139
PGLYRP1,0.012412792142856037,0.02449490087925346,0.039290115510246124,-0.014008721189376856,0.0454567718133582
PHOSPHO1,-0.0066003666620927165,-0.0043839878507002045,0.006307272433893449,0.009493313208788113,-0.004291871255440707
PI3,-3.62198689155849e-4,-0.008882354352876865,0.0038987559879948043,0.03346366789797652,-0.00651227654506811
PIGR,-0.0033676633778406007,-0.0031579794793076647,-0.005753347139933771,0.026641392483999438,0.004580692677087682
PIK3AP1,0.012892072052609513,-0.0103951391131558,0.055679378207998786,-0.00841126872208384,0.02480949694373991
PIK3IP1,0.011058484244560527,0.0013579701262256849,-0.003331992037153943,-0.05354894064150054,-0.019005434477105756
PILRA,-0.015296608648547365,-0.06149081779866129,-0.08310669052460953,0.01891618144055205,-0.0428540611925989
PILRB,0.010146657123386742,0.05369539285311749,0.06718219283549236,-0.00811420556308514,0.035990801019340476
PKLR,0.026287358414548788,-0.021525506887701776,0.026381272724572014,-0.0283555032172517,-0.0781019533229406
PLA2G10,-0.01470193610084031,0.07949195588618294,-0.03639367747873512,-0.05848268807965067,0.09304609540545732
PLA2G15,-0.013240037910882513,0.015143117309575653,0.04222565702350515,0.010205892107798027,-0.025687935988206876
PLA2G1B,-0.0190232281588596,-0.008746975206270248,-0.02257986799940686,0.06494979806083054,0.05300147413397523
PLA2G2A,0.004301729287534973,-0.027125822142713824,-0.01076775169526259,-0.03399385794098905,-1.799548883263384e-4
PLA2G4A,-0.04599688929117613,-0.13568533093595408,0.138605549697276,-0.037745823582561205,0.0344375464756171
PLA2G7,-0.01814257081262887,-0.2185523551293734,0.3766552847244128,0.2280800730737471,0.06178914159116908
PLAT,0.007519170901497143,-0.014104009648738288,-0.024590933093876385,-0.007570495871347697,0.04448452212175962
PLAU,-0.0023221835745577766,0.012170096465138206,0.05826094600465085,-0.0010692609645973612,-0.002402652828744834
PLAUR,-0.01981202788227998,0.00504484911594967,-0.018754171495050802,0.030400668263317217,0.047559453140669575
PLIN1,-0.0018945807763748937,-0.004986951609414764,0.023510608584463005,-0.003894368479381276,0.002410750578736107
PLIN3,-0.002987182204427705,0.06957855824001632,0.04589305557694785,-0.11146686564225998,-0.024813657807683836
PLPBP,0.07226255009922868,0.10805647920817173,-0.01853930612380735,0.042383576421135195,0.17710723726417885
PLTP,-0.20842396073846453,0.02071707938407964,-0.05842285719145842,0.04193906439109277,0.14124631763188064
PLXDC1,0.017030650394439042,-0.006788087593919799,-0.004166753735272377,0.0040339941076821635,6.694448747911893e-4
PLXNA4,-0.021519381646906744,0.010166116183405915,0.021627168753086776,-0.05267967565177847,0.0032726354340566447
PLXNB2,0.019796146882452775,0.0015320017796673748,0.009662376107633385,-0.010567954385271689,-0.011775843545622958
PLXNB3,-0.02996013288694911,-0.04321493942556532,-0.043211422510203205,0.09811125164718923,0.05700037727580349
PM20D1,0.0034398356073099623,-0.0022766223214223972,0.011256752737884285,-0.01611962573562667,0.009750425002680524
PMVK,0.017349469863265816,0.021294318843627022,-0.024352894784154405,-0.009350338748889271,-0.008986585606758229
PNLIPRP2,-0.0028877563169093776,0.015520760719335405,-0.023430150520516908,-0.013731832911196833,0.00818326771922208
PNPT1,-0.004881687068551845,-0.005944049242480929,-0.03508050775112553,-0.03665951531089469,-0.011383556155847225
PODXL,-0.012908019905934404,-0.006264533637190473,0.006195885529065016,0.02401932942065324,0.05273148586998044
PODXL2,0.003717179626112034,0.00257258994233408,0.002850846159913063,0.026711954140842303,0.003994975300787226
POLR2F,-0.03931130499628828,-0.02458805740441602,-0.02418975879007814,0.014308655988453897,0.034895869335190656
PON2,0.009810323255435162,-0.0029837280215815154,0.010883720667035312,0.004203484354557797,-0.007893870984271455
PON3,-0.050000281017348346,-0.03778989203539641,-0.006537662636327488,0.004165538109066414,0.034065157458746435
PPCDC,-0.025120132492372618,-0.01511491791844232,0.03445711930995761,-0.03114164178519978,0.005128699073853979
PPIB,-0.02298517164069171,-0.07088583848096269,0.0067064308715856094,0.0461747976079249,-0.03850010982354054
PPM1A,-0.006580106047854313,-0.0051552207579847005,0.0053496703012790615,-0.006931432390180833,-0.034199071912596087
PPME1,-0.03028708238060259,-0.029831592725996878,0.047037042534272065,0.027151008906957052,0.011439879715961832
PPP1R12A,-6.707440223049909e-6,-0.05520278363249616,-0.05055539555075422,-0.0020297846027943506,-0.07076434618658062
PPP1R2,0.009533118704370208,-0.10172831366671806,0.024347485647518045,-0.19920184897038704,0.0029033558066438488
PPP1R9B,-0.029937833325070193,0.0020182488586816738,-0.07419172878002404,-0.0553435276346683,0.026594218176143228
PPP3R1,0.018754003140495183,-0.02915346125143995,0.026138173763500538,0.04313069128725707,0.006021673511740467
PPY,0.0038870079609763667,0.010312349963986176,-0.0034385077301696603,-0.008867865287003094,0.002982444376038804
PQBP1,0.00656292564890922,-0.0031212154480984343,0.0038569141982839287,-0.002347529705122184,-0.009406603651451897
PRCP,-0.008236700032714707,0.019533739454797826,-0.012633309333170863,0.0228525175712088,-0.02800735573193946
PRDX1,0.023634525976953435,-0.011420009482041707,0.024003520136193956,0.08130039989275911,-0.03379662297766781
PRDX3,0.014248418076300617,0.0022161164944149245,-0.00676310214188838,0.06404923726517853,0.02433158024426924
PRDX5,-0.0017755404484016341,0.01656429499180538,0.039989313171532,0.0829919684004087,-0.03175590497048948
PRDX6,0.008689830669052533,-0.016016212062345766,-0.021054035612457913,-0.02521190978318154,0.013732072568901386
PREB,0.005767685000064079,-0.0040728562295111355,0.01421748320503054,0.004267648463202569,-0.0014098241567790247
PRELP,-0.0024121799873924573,0.0029054492853098257,4.152643776032611e-4,-0.004198166998087287,0.03429810799258548
PRKAB1,-0.01445328751425353,5.944521473723117e-4,-0.015424634104710403,-0.004424598077353013,0.02248200689350166
PRKAR1A,0.00841658118822215,0.02758585725056251,-0.004282955726972233,-0.00213304190431959,-0.02036246233455512
PRKCQ,-0.0038828308707629195,0.00317487032897419,-0.01102130795532387,1.7329763353569696e-4,0.018174261416152353
PRKRA,0.004780655599561366,-0.0094911040444901,0.0030104143577736227,-0.002575712398345819,0.008811200953562514
PRL,0.010657640735736646,0.0023644789805928575,-0.0068646478734376536,-0.022198368239265288,0.010195290774977845
PROC,0.009358469654970114,-0.014615697960106042,-0.0027872564752300343,0.039909423547046144,-0.04349693069966138
PROK1,-0.006782956529330635,0.015890823109134283,-0.009410687711547249,0.007965139098165734,0.002785981653288587
PRSS2,0.00937544009768564,0.03522315087769277,-0.021584466408897825,-0.00233494376098234,-0.0177973369010738
PRSS27,0.005893401898779988,0.013745273273197658,-0.0032700949126127756,-0.029882178283673816,0.041353442238669116
PRSS8,0.03483018986630373,0.007401017285132958,-0.007777166278368771,0.03627957343502522,-0.040048956427152504
PRTFDC1,-0.0434705872346002,-0.033753940198607495,-0.0432897857110709,0.03306528996607293,-0.049113850485827996
PRTG,-0.010085790672525888,0.009879586320288118,-0.007652348257766914,-0.0018132064728055635,-0.0014492259157248917
PRTN3,-0.010222039862993266,-0.003935780364394961,-0.004756304290958352,0.003672447003098993,-0.018260493706492503
PSG1,-0.004198264512869827,-0.0013088898504943938,0.0033941317604760063,0.006631851660075895,-0.005409737767264569
PSIP1,-0.019707340487772607,0.0119032837393671,0.03348500412645479,-0.011489261683713498,-0.034342117322461556
PSMA1,0.003987306537012791,0.003991142294271002,0.004505810399401894,-0.014831971979468441,3.98230094772394e-4
PSMD9,-0.006489043499884595,-0.004496031115360078,-0.04159837628459668,-0.00778040262710729,-0.019110460973618
PSME1,0.030539718249959075,-0.012937794478100615,-0.007168179776862221,-0.02359832206980988,-0.07150800500542384
PSME2,0.03984273061263146,0.07646775141388176,-0.015232785219893215,0.027210795883745528,0.025728795042919292
PSMG3,0.027422572960389115,0.07058914811205044,0.0362934359093285,-0.025535212356406364,-0.06044681006620087
PSPN,-0.01919245670246937,0.012512429343030672,-0.01158901023628741,-0.01201531626420114,0.0015557718302128983
PSRC1,-0.019635140671062184,0.05041807675621287,0.001193601246724235,-2.026960225505307e-4,-0.004873905809815621
PTEN,-0.0038979387661631677,-0.002365078047941716,-0.0025890815340420836,-0.012958398738747769,-0.006324826200413367
PTGDS,0.005862320514611232,-0.014345840153761386,0.03647569895682289,-0.00850475851588186,0.04640391121469327
PTH1R,-0.0020893171576212076,0.012668587522752812,0.006498805959097451,0.007317044038873404,0.012470044671327046
PTK7,-0.02132709460549292,-0.0049760149722350945,-0.010547372302048072,-0.0035301892139766033,-0.02048017346159916
PTN,-0.010384107703777717,0.019110600425077524,-0.02648145241796049,-9.150165173677392e-4,-0.016880282126316298
PTPN1,-0.020062892043959085,0.012900625725428508,-0.03385427835394726,0.05397009118440072,0.013476393886823139
PTPN6,-0.020241432051433864,0.019590944338630373,0.07144626568545996,-0.17125169142472133,0.010701542430377149
PTPRF,0.009197064398946046,0.006806870086720167,-0.033878713175890446,0.03945857818703176,-0.009974154563638782
PTPRM,-0.015535533497541157,0.0012859522582695773,-0.022419116480966995,-0.0028858361499427333,-0.012942950918477757
PTPRN2,-0.027161024963990213,-0.00483865854727899,0.01699306694942536,-0.018440770183731706,-0.034325577901804225
PTPRS,-0.008243248972863448,0.012519176728033859,0.04230560070970403,0.01435143086791509,0.009298365974772273
PTS,0.023696290141626983,-0.029392728394391734,0.006149878013078104,-0.005336457745668639,0.0358137713965232
PTX3,0.016896068470069102,0.01563982947206124,-0.003990803756773533,-0.003696374909347312,-0.013834034224113919
PVALB,0.015255660632989897,-0.017243505918186946,-0.01787846122688856,0.004054797881592624,0.0027123934098633134
PVR,0.009779673647774564,0.008209193753048606,-0.004010803384031269,0.005069833061224976,-0.02617121374833131
PXN,-0.017830596716231738,0.013908751799941737,-0.021014634727251097,0.006859377443741546,0.0281871287331508
QDPR,0.04197660863792546,0.05152088521844702,-0.0024316433646792077,0.013050214826490476,0.02912552643864494
QPCT,0.01590562726726865,9.173165917472788e-4,-0.024079064507036965,0.0315627410525853,-0.01730951242356599
RAB37,0.004969599260423687,-0.003955135790389359,-0.003100287329007954,0.007346065897235794,0.0344456154966138
RAB6A,-0.034736772471151436,-0.027119529770792093,-0.07175075026059509,2.7181011710914485e-4,0.007250551773438769
RAB6B,-0.004655970581170041,-0.014625953397066987,0.002267985639024221,-0.006125455685295523,0.00688198245357493
RABEPK,0.0159463707576271,-0.025638160542565912,-0.003194616987753717,0.006573380830963568,-0.008663794634777656
RABGAP1L,0.006484449029637335,0.00806138312868373,-0.04544867271109927,0.0072148476347170575,-0.021888510311862293
RAD23B,0.003576686327299992,-0.01188524813006202,0.030388680623607806,-0.010201120398603533,-0.018163865119831608
RANGAP1,0.005034868485020084,-0.011946463389032385,0.01472464914419729,-6.279899840632126e-4,0.0026234633721216824
RARRES1,-0.006036176763218969,-0.0018988556941417543,-0.007749791978773758,-0.014818499774394343,0.00160254758892524
RARRES2,0.029155860918429487,0.001777607019615435,-0.06358022427215718,-0.020636957917883947,0.006395038836745767
RASA1,-0.005729859378765622,1.266358213687764e-4,-0.00605598565742624,6.575695571333466e-4,0.004369838588310757
RASSF2,-0.008608178393017349,0.00846547313159509,-0.006054206947219229,0.0045114702169072665,-0.021116040005693587
RBKS,-0.02394946215784382,0.007278927112819666,-0.02637133683969603,0.03789035210085841,-0.013557839057813815
RBP2,0.03588394490379124,0.022821457838747262,0.03954046059398863,0.0015833191854349494,-0.015571455324463994
RBP5,1.0949351225394494e-4,0.009128320149393541,-0.025264245665205663,-0.016447274062378572,-0.07301705662075891
RCOR1,0.006321082042567519,-0.009340812784701615,0.0017274949815679244,-0.005972110435042887,0.007102554268755155
REG1A,0.016249421456102302,-0.03816468517435305,0.046375900086810355,0.11533547185234187,-0.08934718399297215
REG1B,-0.018819647091498064,0.02228985532043098,-0.06760639213744955,-0.08551388193130172,0.05988354520967516
REG3A,-0.0019525990979568193,0.01129736757790644,0.010006343972784552,-0.00432098874468756,0.0225886737064647
REG4,-0.012520058673007125,0.03488955683404377,0.008979241031385263,0.015808079659958788,-0.05117740971868508
RELT,0.02655896990890584,-0.00428836452242558,0.005775907809293932,0.010750050835667867,0.04039299249066792
REN,0.007005868202813469,0.022766874802581598,-0.005158317742796819,0.008035592572761251,-0.006524158660237741
RET,-0.002649684686043341,-0.013787010847276123,-0.007286748685553459,0.006027019729238922,0.018414642136884988
RETN,-0.00976956136951509,0.007022923234325414,0.010073154316872715,-0.003245635747814427,0.006915605460253746
RGMA,-8.724900835937841e-4,0.011645126799930374,1.9106806859754883e-4,-0.037509756321387776,0.005300572740193059
RGMB,0.027980053138653642,-0.0448309448532275,-0.015153769245770705,0.028342958388389815,0.061071892315514506
RGS8,-0.007898609682497072,0.017655164234267138,-0.0025197843190700093,-0.012939716399543302,-3.634700340252656e-4
RHOC,-0.04233319144544271,0.19002639032338547,-0.1998898120528455,-0.01599322318036964,0.018609221240706467
RILP,-0.019288201427875566,-0.06656131136049037,0.03715843213901063,0.08167491076634055,-0.016660032042460755
RNASE3,0.0092269515824780525,-0.011480903850921334,0.005348649321482772,-0.0035484631772626997,-0.002048702190745913
RNASET2,0.005514643196130209,0.02140750085810777,0.012106396770664657,-0.06411913051568124,0.019852976991926993
RNF41,0.013138813475189725,-0.00743630466162279,0.0024781276549776586,-0.008833031873287288,-0.02778991840605991
ROBO1,0.010574954394236663,0.0024209170177467,0.01443791506276972,0.004758922777259412,-0.01834786073639751
ROBO2,-0.014065088052925636,0.00503777849208768,-0.02535066478778039,-0.004729827624213763,0.03360884259060886
ROR1,0.008740983633030809,-0.06518837555700648,0.04602060900647491,-0.029633901352414733,0.001104704182389982
RP2,-0.019708275142924808,0.027177801567217805,-0.0033206441102816456,0.04331423900409991,-0.019164687253609744
RRM2,-0.0061077858352223706,-0.019463441575068366,-0.006151883549148281,-0.0028190233074035127,0.028123554911359018
RRM2B,0.011134411334806013,0.039047843824269055,0.0024881150815512006,-0.008448818581833769,-0.06579640614248061
RSPO1,-0.017451121602149657,0.004752129253923431,0.0077434390558487705,0.03008197855988632,0.021806554735721385
RSPO3,0.003244735440824402,0.003775705372708625,-0.01973827500898949,-0.011631011967439623,-0.015394812536966498
RTBDN,0.00998157964835837,0.025751690297099023,0.00942959803359589,-0.035632075685290816,0.016017421939591433
RTN4R,0.02043419117606615,0.02555726367346152,0.007572087201237057,-0.0016524532398810448,-0.003957477559398193
RUVBL1,0.007661117384138566,-0.00508998739031481,-0.011386602853579593,-0.004014290195374232,-0.001474458262259502
RWDD1,0.1013837292496563,-0.13699532943611242,-0.09168060038545993,-0.07825626364595739,0.19768451768125547
S100A11,0.006170368518893592,-0.025737330840345546,0.04538039029868498,0.04660326377065134,0.041050874625004355
S100A12,0.013799162001884253,-0.02469066197483189,-0.00756711311266768,0.02119046448740549,0.044559451409575956
S100A16,-3.478332361669009e-4,0.014416830696202764,0.02242304191853193,-0.007160827819711635,-0.020026322008703218
S100A4,0.037059032214875234,0.04919910953445134,0.01262316030804856,-0.04387825504008852,-0.06617871562591338
S100P,-1.734848695156729e-4,-0.017089758926044946,-3.765674023553681e-4,-0.02809757408767446,0.015080675518481114
SAMD9L,-0.011593737707311405,0.011040931666039639,-0.03589518204514041,-0.0029546158254462784,0.050919724785823114
SCAMP3,0.045319798969448474,-0.01575379265708222,-0.038069241641458626,0.08071959119094815,-0.060487758090063994
SCARA5,0.02502922713051616,-0.0075862648222166425,-7.251985507340804e-4,-0.012356948264141502,-0.047902497191783154
SCARB1,-0.003741445222719226,-0.006083900211141745,-0.007106553595832508,-0.01651636013060197,-0.008411986308139496
SCARB2,-0.013528226027652775,-0.0170323761486887,-0.01769695054729436,0.02780732991184704,0.043626443276391744
SCARF1,0.029715652280575086,-0.029000966581009674,0.028483608361430084,0.011338029606557802,-0.039307984283282256
SCARF2,-0.0022922145244000857,-0.010414517070153428,0.014697307855321952,0.02392005014057769,-0.011548988009850672
SCG2,0.025835398987024874,-0.03526113535129817,-0.042793875292749806,-0.027512294924371596,0.05759267998284561
SCG3,-0.018325732602273544,0.0012508820376845677,0.03043096943560209,-0.015376998164170229,0.029329666023262275
SCGB1A1,-0.010855155571746048,-0.0034531747320416793,9.46964843856439e-4,0.013725237714683211,-0.013361291277725344
SCGB3A2,-0.002993541953276621,-0.01544812022357825,-0.015595495847445481,-0.004169736269457056,0.014872574847790835
SCGN,0.006837684618559186,0.0038825962643665645,0.011481398882211766,-0.00858429352152101,-0.01824216808988428
SCLY,0.008787280446185371,0.03205654410364627,-0.009364630688526507,0.02405898876923235,-0.0018266347784891017
SCP2,-8.887032347868666e-4,-0.02594727756145748,-0.01622436230946562,0.01768901821406652,-0.009192751152611839
SCRN1,0.0019685243135804417,0.014685532431300692,-0.018922625265187416,-0.016951168975519317,-0.008860507799714317
SDC1,-0.005940265853059002,0.005039366401512533,0.006279029298533649,0.008807962605066671,-0.021148891362001154
SDC4,-0.005705389285980006,-0.0033003426868900157,-0.034753119480874804,-0.007339493308315487,-0.044429627046346884
SELE,0.04232873801695535,4.354051546423043e-4,0.011004789917126943,-0.012461457350707897,0.019732752823734875
SELP,0.00962471393195798,0.026815995237071073,-0.0092763324198285365,-0.028912097405962674,-0.04187997461969806
SELPLG,0.012132728726581112,0.011908796120749635,-0.008435676253148451,0.003824811895510833,-0.016680114475271308
SEMA3F,-0.021928661233907985,-0.03019929134425338,-0.04998990294307752,0.022230413911090968,0.02681901685943854
SEMA4C,0.008693872279390748,-0.0015600860924591571,-1.077681898306489e-4,-0.018355477035759096,0.0038078173224780406
SEMA4D,0.003882745558503847,-0.0019587109653636495,0.0539643003903675,0.05925983434848736,-0.08906027835765977
SEMA7A,-0.017340570275437967,-0.03831006387918571,-0.06713714904339715,0.004249203790326186,0.0063212224446245685
SEPTIN9,-0.004737412301161162,-3.6918303463163155e-5,0.008718221593747522,0.003464890387047357,0.053880110933829675
SERPINA11,0.018063804766563232,-0.00492052072906005,-0.031870354757236576,-0.015171137796641762,0.013819033385122621
SERPINA9,0.002903989115329448,-0.02883947865624305,-0.01713117654035213,-0.02663836759567968,0.0028003159233921456
SERPINB1,-0.038579159486190305,-6.196619194677486e-4,0.03667568104707289,-0.07763776989200982,0.13279565462940676
SERPINB5,-0.010312323032233131,-0.0057719250933684,0.010163695245650051,-0.004559772036139185,0.02063247884641588
SERPINB6,-0.026954943094175655,0.028120700630281922,0.006217669777166285,0.047658459321183504,-0.03866892677879839
SERPINB8,-0.006872576433741488,-0.017227539500355053,0.003475752305778907,0.005593243717008488,-0.004732268801112398
SERPINB9,-0.013459847341588449,0.015068670262862923,-0.038477842585648854,0.002280692941271591,0.07503862911602427
SERPINE1,-0.01928611546190882,0.02801854897816859,-0.02438466000136305,0.055012523177627316,-0.0393667128357428
SESTD1,-0.013627366707559234,-0.007615622312400099,0.013070675436668903,-0.043552437801868085,-0.01886015890103583
SETMAR,0.007662624859621362,-0.0012404769232786936,-0.018329624567672634,0.015913351064376163,0.004144870516660242
SEZ6L,0.008089597877479362,-0.01739825409619379,-0.04238578040413882,-0.020357248423534178,-0.019964791359347523
SEZ6L2,0.025309844153459195,-0.023498634453229923,-0.021982297578800557,0.03029410499399979,0.016685840267780326
SF3B4,0.00705854058752585,0.027823066631339103,0.009139367451480173,-0.01689404927821633,-0.03754430712294529
SFRP1,0.012531476576281978,0.02773595656906616,0.009452345704881774,0.03803498857905851,-0.03240176027192177
SFTPA1,0.004619470842949038,0.014869287822881596,0.003917082511729027,-0.0021928473660759074,-0.008996181116826717
SFTPA2,0.005981001682004293,-0.019590757106179794,8.9478378333859e-4,0.006950289044948422,-0.023336831781274294
SFTPD,-0.004152412178006473,0.0019035228424545837,-0.012534299960018399,0.005879611532325571,0.0013483385281017437
SH2B3,-0.025635388987074702,0.01049949725023337,0.010700226591729783,0.021694574901866933,0.0179881472360777
SH2D1A,-0.0136802206588396,-0.010092022469013806,0.010245692199640426,0.003941991652077943,-0.008275220845062232
SHMT1,0.016888282200817336,-0.014545502314231167,-0.022394479787167177,0.008259601835626207,0.022814450603110766
SIAE,-0.008400316893955297,0.00883916665685554,0.06845166140533962,-0.005150349919367313,-0.06276150211526771
SIGLEC1,0.06463284522357153,-0.031782705376057055,-0.006263407421349539,-0.017839263939835863,0.023530156354150303
SIGLEC10,0.009808281780818011,-0.015108386090940094,0.010603666367096101,0.029963523397995684,0.02197231851545527
SIGLEC15,-0.0013671921546459774,-0.0014226116660487303,-0.0014394739580871508,-1.0204022612911301e-4,-0.0078076106198401865
SIGLEC5,0.003579111763246658,0.014789689630280094,0.018735048339593822,0.004207057935001722,-0.013184996454041796
SIGLEC6,-0.004667897999875076,0.009159602708661379,0.00900698002623445,-0.00249676194915951,-0.010295135802855808
SIGLEC7,-0.006208728933647076,-0.006015773709529212,-0.02732806715222214,-0.01747052279238053,0.027033179045601905
SIGLEC9,-0.002438335095737962,-0.014633621862383572,0.0081970049702278,0.030190679433084858,-0.012585563539885438
SIRPA,-0.011244254367096038,0.010880673891500136,-0.012154817257333361,-0.02835956701857553,0.028974635262510425
SIRPB1,0.01568656509860198,-0.020876444305886133,2.0717915366505742e-4,-0.02040801950999796,0.02172924057773571
SIRT2,0.05755557214389701,-0.01679396663737192,-0.055710244756383004,0.059948126374360595,0.015349109665789125
SIRT5,0.003170759360848668,0.03727068038881989,0.048209880505159446,-0.02903672568245995,-0.02323649624900703
SIT1,0.034045135398570264,0.03662071224497323,0.028034321505667946,-0.014873265027612551,0.0159891659025155
SKAP1,0.03836720975830732,-0.04889519018504381,0.008766440789251036,0.030209875941906605,0.01867701918736782
SKAP2,0.0025961484976565227,-0.05118259740223854,-0.028148828676594954,0.024778574889396585,-0.10563384610792945
SLAMF1,0.006969486410155895,-0.018522168891102038,0.008402058275595535,0.004693387477197864,0.026090087700598008
SLAMF6,-0.007511045561237313,0.00610437311730587,0.020263603186103842,-0.022649600039452475,-0.008826941973984702
SLAMF7,-0.0043605994144587336,0.007183054673159325,-0.013782713801372214,-0.002878423847673692,0.014971130111795218
SLAMF8,-0.007176421031414561,0.011539353055464174,-0.020937862308397663,0.008789285514376388,-0.005036901805320895
SLC16A1,-0.00903209997815002,0.017894165013260386,0.021017867020394754,-0.012607158258041675,-0.022226730756340567
SLC27A4,0.004637056516399623,0.03082253991920086,-0.0050344528447648675,0.020056549749871387,0.015877575515395263
SLC39A14,-0.00582906392604733,0.025996437376331973,-0.022781969913546588,-0.011897817288299598,-0.022757046446258675
SLC39A5,0.0012345528941111368,-0.06193885746060834,-0.004528388059691467,0.009660049916751446,0.02275783027708431
SLIT2,-0.003985493580772996,0.0014405647577119423,0.0013653519643918952,0.017919457082418717,-0.00932909349825406
SLITRK2,-0.0036618702278769562,-0.020497949550566316,0.011282856851257794,0.003763169455497379,0.008556948517113699
SLITRK6,0.004795026582773027,-0.0061223042352382216,-0.0012459392180393927,0.012575076270748466,-0.036135041770793463
SMAD1,0.062450744535288545,-0.06400987715124479,0.05193313901727699,-0.052900980539583635,0.08737576492249348
SMAD5,0.0056123229254576934,0.008659702008935588,0.023933049774784904,0.01781881957008218,-0.026247782090958433
SMARCA2,0.0015306842611567718,0.019274641050969064,0.014532462036085145,0.023495423469200083,0.012112245668250646
SMOC1,-0.007141072687968451,-0.011270589887429143,-0.006599695412454303,0.03502112279868394,-0.01317055969174211
SMOC2,0.009408828510377573,0.021382952724104832,0.02171716755452101,-0.05002085029306572,-6.217054714615419e-4
SMPD1,0.018164085855498648,0.0017766171672506973,0.021352454464345125,-0.004467171123173454,0.004306082275654221
SMPDL3A,-0.004795950672722358,-0.009170578925237321,0.0018581361733321143,0.002449393863288679,-0.002729682779956368
SNAP23,0.06874414152784294,0.03772673903619218,-0.03535159675662973,-0.017280823287970818,-0.1386846117196331
SNAP29,0.03934993294827942,0.0037285733525785855,0.09686296683215527,0.0906709204117049,0.08198165138123169
SNCG,0.019950760694541332,0.0044411197403458925,-0.01394305256691993,-0.026393024005926358,3.5136224635767734e-4
SNX9,0.033798711482334695,0.1124611161129781,0.09211211962068779,0.03940300860172754,-0.042781323127169466
SOD1,-0.02319213373456281,2.805219112296393e-4,0.013288637590796439,-0.02510164432147482,-0.017122016440845243
SOD2,0.011479111977317994,0.014347032784059157,0.005489768368537659,-0.0026237636408085376,0.023661591947766472
SORCS2,-9.76014291526074e-5,-0.0037674782295131957,4.4652382197815383e-4,-0.014177846793989677,0.030344033326168134
SORD,-0.004069335112743272,0.0016384181561941598,0.03823794866008756,0.009357373664137728,-0.04534533519356789
SORT1,-0.003155813396107945,-0.06314963228384009,-0.006085054396292182,0.0013970329747781055,-0.007110379177340728
SOST,0.007295628384292415,-0.032115673096584314,0.005753400749253915,-0.003993331730610321,-0.009618272930523098
SPARC,0.021467176883823352,-5.350801774031593e-4,0.038935225618573335,-0.07107031824810878,-0.046870032248469654
SPARCL1,-0.0012980837208467434,0.006299747898064109,0.02564659788659851,-0.04136397461772262,-0.010251199769789587
SPINK1,0.006558647430814478,-0.005281403918084125,0.010917845228568276,-0.01219228533324216,-0.00580487070715556
SPINK4,0.014589000839936545,0.003118805708618717,0.007522310236546103,0.01304868552340993,0.021867297863653688
SPINK5,0.009053164639678618,-0.01697519977844073,-0.024049311062663246,-0.018599750024386217,-0.02386478842033281
SPINK6,-0.00694065194607136,6.874540776105209e-4,0.010482320090312405,0.004820608512824524,0.009048919981546832
SPINT1,0.010630454640005846,0.005711477073057862,0.018645692783538673,-0.002029060038307625,0.0032064708119538573
SPINT2,0.015323520297650396,0.028029847996557288,0.05790555046962206,0.07670273748564825,-0.03301708170403401
SPOCK1,-0.015429432097856341,0.005146018872216566,-0.0376599163662894,0.0021130851497863706,-0.033923375592266165
SPON1,0.006294987700975185,-0.0043338732858330545,-0.004812578235313089,0.0253453305309863,0.020528650388182836
SPON2,0.018062134763227645,0.03537778020227477,0.014221971027895386,0.007521903144126867,-0.06270389160828092
SPP1,0.015949425369779245,-0.014029477076257041,-0.007791309645067809,0.005431969782442766,-0.007875216765717726
SPRY2,-0.0147182910084282,0.0033630584891440685,0.015394426427605069,-0.05315812907492548,0.006468029228707372
SRC,0.01995991501125242,0.05828562772410668,0.12532613078710608,-0.11917271260955552,-0.06262882135059313
SRP14,0.0059714961586359505,0.016193111694958,-0.03291740279708818,-0.01222547047574007,-0.014213752494761535
SRPK2,-0.014461940626329375,5.887866079726764e-4,-0.06293191252575876,0.041915217749402434,0.08315243183724041
SSB,-6.143282685425843e-5,-0.00613116415900704,-0.015761135177321438,0.02285793705126772,-0.009861977321351103
SSC4D,0.004863829617327644,-9.488366089062671e-4,0.022822775285211174,-0.02001110971698655,-0.0023090365760518802
SSC5D,0.026306601293062053,0.03726190742896055,0.0211797506018431,0.02700660124812824,0.003955540966505797
ST3GAL1,0.0023725313330723763,0.0049004128594424485,0.006139557796705832,-0.01024041498538945,-0.026753727242151647
ST6GAL1,0.02535943709016144,0.04792265154484616,1.0606234937345839e-4,0.06352457082524568,-0.05722751149547356
STAMBP,-0.032368176295110004,-0.0510534325327469,-0.0488975419310298,-0.0220632661709026,0.04327481599147592
STAT5B,0.01238413532096522,0.003351431453582702,0.13124817753224566,-0.14355722485582884,-0.0848366981770086
STC1,-0.0031041668173502875,-0.0241609069614701,0.0018813354587375905,0.027715713267420037,-0.001509424171495996
STC2,0.00395994205272836,0.003226633247832854,0.019154381068005905,-0.0034276314407613775,-0.026611726184832044
STIP1,0.029217404094481595,0.04755319820346841,0.03545577912792898,0.015890060893656174,-0.050740993594792325
STK11,-0.02642347081428617,0.025043557861106618,-0.03425464716990814,-0.0574609191955005,0.012892451665701377
STK24,0.01671609412233769,-0.009262464112222007,0.026668155146419445,0.03201467309734351,-0.006755247465437355
STK4,0.05021668364356363,0.016791854291293457,0.0418918759606097,-0.006919383407929072,-0.03096152164024938
STX16,-0.0013434846095121585,-0.01029373713293503,-0.02225468359856075,-0.002030743586886096,0.001471248458753938
STX4,0.003574457462474372,0.04789274169027798,-0.012810366338377004,-0.06474474578668628,0.04104357327435537
STX6,-0.009933078301885544,-0.00295100723928289,-0.04094020425340481,-0.005254908595963722,0.01980198312520495
STX8,-0.01148339385926952,0.008443670775527089,-0.0036140815978857794,0.012595162890838034,-0.013888452929214007
STXBP3,0.005522020699076075,-0.01575001966706826,0.005744067729698285,-0.01970868960645615,1.3981171249845332e-4
SUGT1,-0.05991437152028456,-0.040542613694457434,0.0025659571269278725,0.036581504928209066,0.02444227390206966
SULT1A1,0.040938332767553785,0.058519628162128016,0.014555131795993123,-0.003720666384951852,-0.07440678398325279
SULT2A1,-8.509565354212422e-5,-0.0294687857523706,0.0427321103176757,0.005600325484429803,0.004852447498194112
SUMF2,-0.004372112331259297,0.021023433340064276,-0.005448816541208722,0.005222267006813118,-0.008212109433602378
SUSD1,0.019155743499925278,-0.03548548305549976,-0.0077955395062270115,0.01900331653633705,0.019508941038347164
SUSD2,-0.005972266594912786,-0.018631858688671815,-0.024510072908919014,-0.0168840178391246,-0.03351054645937382
TACC3,0.007989369289731115,-0.01157039948280892,0.03278019383068323,-0.05291167303617247,-0.039710458676553574
TAFA5,0.004530214325267899,-0.009954666097010545,-0.03267034917522211,0.01871206341554538,0.030275399410564337
TANK,0.010407718673159797,-0.011385822782113537,-0.037828334044385625,-0.015175281790716004,0.004506891157857896
TARBP2,0.043619778585899605,0.0075185374460250065,0.04186679833150767,0.04301722183223001,-0.08537908123731772
TBC1D17,-0.016468288650904918,-0.004916109986031983,0.020153267857890123,-0.020076066905768374,0.016520464663680113
TBC1D23,0.05247691429672994,0.03785083785971953,-0.05850824482373318,0.022419895971437058,0.0033316145280201785
TBC1D5,0.047714580933392675,-7.266086943427591e-4,-0.012213520658921574,-0.022315286100747848,-0.08266898677348793
TBCB,0.02406629963992831,-0.05188305654462161,0.043677498996514755,0.11516447302552885,0.2637413879436178
TBCC,-0.05446358956437323,0.04223991517325443,-0.06559134503754671,0.09846427953553888,-0.011030744564026853
TBL1X,-0.0052973678489211026,0.0254719033182893,-0.0666722251558859,-0.009790254660173879,0.013515894130143738
TCL1A,0.0036007591895810087,-0.017561130842263926,0.014276259026652558,0.003079028076342206,-0.01990977985302675
TCL1B,0.0033689301029290043,-0.005738316999993138,0.01936191401231885,0.007348662545302163,0.012209653734859336
TCN2,0.003325320002007072,-0.020564252025737167,0.018257707036693917,-0.009992994687540195,-0.00708052303135534
TDGF1,0.0023946641240715663,-1.591825218938291e-4,0.014113310535479777,0.0036914696168884953,-0.0149326518925913
TDRKH,0.005276052547138059,-0.03346926224132254,-0.010174350413183089,-0.01857699588325415,-0.033336007644765145
TEK,0.006061673435419695,-0.020861305066509735,-0.029293682459082388,0.004154353935503316,0.002552582495665948
TFF1,-0.015736416447721467,-0.020909045376583717,-0.0017103635845808966,0.014394807955229462,-0.005785960179960999
TFF2,0.02577624178284226,0.03658826602687908,-0.011843220025141096,0.03167429083837664,-0.04485005428637986
TFF3,0.01009667932060827,-0.032349585018565094,0.014563940118923919,-0.006585830357451319,-0.018649045934926427
TFPI,0.017124131521114135,-0.03161730687121036,0.09766199566770177,0.06486101698885578,0.032609867821663766
TFPI2,0.0018285579958510377,0.002984768293541975,-0.008166982098396046,0.013872104536992584,0.019693574460314105
TFRC,0.017711141680986673,0.026526827676371923,0.0028222306198033525,-0.007115619298495136,0.0031141727661559908
TGFA,0.007449302438454063,-0.003592020095372639,-0.011260746187896065,0.0343811683837162,-0.061896605394158456
TGFB1,0.03340490417690918,-0.009942008664067763,-0.0073629307423019805,0.03298435769063039,0.011315862067235354
TGFBI,-0.00547064943022912,-7.97167508996096e-4,0.02675469499616876,-0.01802611197274341,-0.05323088099827135
TGFBR2,-0.016089541645010082,0.009069201685922845,0.04417831847131683,-0.02717673555871384,-0.14363248165776038
TGFBR3,-0.0014668321187158086,-0.00777804181255632,0.02817102617348399,-0.023627659104423663,0.03269367970641883
TGM2,0.004978587527166177,0.0010483218063293196,-0.007626555504632045,0.02682562322792878,-0.004135840300813622
THBD,0.012733324667583593,-0.004953299894505042,0.016455941273748463,0.052932550429892075,-0.0020305744374814246
THBS2,0.004874253915453107,0.018408863621605636,-0.0017714928626741911,0.009736881737806059,-0.017882422172380154
THBS4,-1.9777235241802822e-4,-0.00817074396551042,-0.019703116231743357,0.03423835097117706,0.04137044958513238
THOP1,5.334010458589952e-4,0.027138687042919628,0.046209857037401034,-0.012755995046244912,-0.03957740644664791
THPO,-0.002733040893844933,0.042133068928817234,0.013882043059283337,0.005047265659144933,0.01141533523409295
THY1,0.016132506837123858,-0.011953594691266561,0.034392112673719236,0.05837993279130931,-0.02741602152589791
TIA1,0.04660310830493101,0.07721356021484642,0.02783608235619607,0.05136196541991576,-0.023073087998792662
TIE1,-0.009730272708687423,0.02339039931997909,0.009315470617709862,0.024700462757718342,0.02909470958963508
TIGAR,0.001921672969733874,6.172170011212861e-4,-0.010960739029467573,-0.0049020681349249435,-0.01645640134703744
TIMD4,-0.021737338651715434,-0.03345982097959703,-0.024920081093034473,0.005361839117791465,0.0390187674061822
TIMP1,0.019571938357350917,-0.006826998432203568,0.0435567488890601,-0.03296711854675795,0.07388656715396826
TIMP3,-4.4114318246403194e-5,0.020960132741472067,0.014341344455305353,-0.01385362341674846,-0.02590787140612528
TIMP4,-0.027003061380149147,0.02135645598652219,-0.04783121242020694,0.01157202086368546,0.01906664110493672
TINAGL1,0.002269374816386835,0.0026233313260357848,0.009760285288411557,-0.01100048559470256,0.02633877808691076
TJAP1,-0.02800641000425003,-0.03799030987613902,-0.060478214727255696,-0.018863667849819726,0.015311631324197342
TLR3,-0.004061514049307647,-0.004585617438930917,0.01927210812279648,-0.003530622869429561,-0.039591324874403706
TMPRSS15,0.022424993566220932,-0.007825526365649501,-0.029852071929743915,-0.04220496761559787,0.10392855129049347
TMPRSS5,0.004231093221764114,0.008632902164253163,0.0014840058477593625,0.0026672089286463425,0.014838844943049637
TMSB10,0.045029806638140615,-0.033485511166048774,0.09049648266911262,-0.004476388860126092,-0.09282609678230418
TNC,-0.008995837419641741,-0.010659861127560661,0.00745411689417719,0.024278566613664003,-0.05784352760176003
TNF,-0.001265812688210376,-0.008594800166317109,-0.012686761588187274,0.04475694704990318,-0.00698778007818963
TNFAIP8,-0.004424865588163107,0.015617392128193847,0.00681484701500872,-0.011831068763187132,-0.004113908521853954
TNFRSF10A,0.00844174061119556,-0.011055774793519985,0.013361553631364471,-0.016341395257005172,-0.006546790613506179
TNFRSF10B,0.0142014372923675,0.01655531429607494,-0.00906542437353145,-0.02521787352515837,0.00674061703522269
TNFRSF10C,0.013203298867324298,0.0051715735368507865,-0.021100492621917273,0.044109458367843274,-0.012084914651172061
TNFRSF11A,0.007569565965338724,-0.01616804004484246,0.02657070305426711,0.01631023867302463,-0.010228598183609309
TNFRSF11B,-0.0018345236912926223,-0.013354292568662008,0.014302289846323054,0.01627588618108145,0.07516094732025175
TNFRSF12A,-0.014234608601949954,-0.016493981292349587,-0.024876701918996273,-0.0016527047193318585,-0.028418211506582254
TNFRSF13B,0.011400756992156641,-0.013269826430542348,0.03469185351123547,-0.017447771269921673,-0.03842222877106571
TNFRSF13C,-0.0032885666926896857,-0.010397262967494525,-0.02435449592825424,0.004359888932213007,-0.002870555506174024
TNFRSF14,0.05837232391328748,-0.03837341220482815,0.03712771341807002,-0.07722501931084699,0.04558791445678635
TNFRSF19,-0.013483219799243117,-0.008876594229830153,-0.01474589256676124,0.019148175510367398,0.006878914758384721
TNFRSF1A,0.06317667814596103,0.03855901932281828,-0.07024073035742917,0.07979487660865475,0.1301568617601172
TNFRSF1B,0.02622871359467497,0.033661703766812434,0.03125887594671698,-0.0030503346805849435,-0.07694895948199534
TNFRSF21,-0.007956149986359708,-0.008965492292515193,0.03924325862983233,0.03812248199718376,0.027778365295023446
TNFRSF4,0.014199406697289089,0.006713743747462172,-0.0682294554920382,0.011467029178689594,-0.01597495799233543
TNFRSF6B,0.006189950848560437,-0.006515266035870634,0.0015567537890287051,0.012830543862388067,0.005515811353525317
TNFRSF8,-0.01889514914205461,-0.008681156638248535,0.0058911177505480946,-8.299504935074387e-4,-0.0068149846295668705
TNFRSF9,-0.021976893628838878,0.031820557922007706,0.01737034075991556,-0.005747132829766432,-0.025654139552334913
TNFSF10,-0.020349844125336004,-0.007024621118325041,0.09813767167727419,-0.05804237794545564,-0.006502855416948417
TNFSF11,-0.011869093939161966,0.016144237285696274,0.020247002974321936,0.028849795220796365,0.049998651219183475
TNFSF12,0.011543950618293507,-0.03453907291720635,0.008946387045352524,0.0013876058272915867,0.034674059766353016
TNFSF13,-0.0010585050076124152,0.001311003515927287,-0.009203653875810841,-0.043921678524237506,-0.038027845830736755
TNFSF13B,0.01481202808978078,-0.024546595615666564,-0.001857096916323955,0.008457660963947955,-0.0024145221034283107
TNFSF14,0.01174864327777281,-0.0356108893959151,-0.007113480069199336,-0.02591741439026536,0.013011555555066369
TNNI3,9.018432767492143e-4,0.003919644389021615,0.017466046374701047,-0.010550286975079657,-0.017636208518202204
TNR,0.02239088546705522,-0.0025445953790987526,0.011013923248481317,0.021654846843473657,-0.031761370518892516
TNXB,-0.012180209295589592,0.03970881635766928,1.5662213433160224e-4,-0.002113186571371002,0.021530983966798232
TP53,-0.00788334437375642,0.00376772525163068,0.014817584223098578,0.006842472268099153,-0.04026480604716227
TP53INP1,0.009749536250642434,0.00666600424129259,0.002912380954606765,0.0015461100786946552,-0.008384095416411783
TPMT,-0.011211138632897032,-0.02521123906980323,-0.0191821151311864,-0.02077167306476761,0.011779167960954894
TPP1,0.005448030826367082,0.009595729337028016,0.005813573454107002,0.004348374628970643,0.024225582703901682
TPPP3,0.005119646593382377,-0.02757442749806659,0.003595980012753521,-0.002802302647152198,0.023984849693290965
TPSAB1,0.007536290076396751,0.023027087630194624,-0.0065843166862471275,0.005172488796361571,-0.006226433867461674
TPT1,0.00407355790522931,-0.009463972911045252,0.007333162946098908,-0.006007480542260039,-0.007930721159340367
TRAF2,0.009763450939382627,-0.025767181706560182,0.029202966130430733,-0.01043145512096785,0.018153400656746
TREM2,-0.03222262024485793,-0.02238993231793342,-0.049131148142181634,-0.0010051444789986811,-0.01813994126771487
TREML2,-0.00769191796438053,-0.0036200511290198794,-0.04521860610009335,-0.010571543067872185,-0.02236130906298859
TRIAP1,-0.0036723909590085893,0.04614149772116052,0.011070475893520953,0.04882455133070985,0.007518748021704189
TRIM21,-0.002628335973706938,0.0011442817975349411,0.0065386884528759286,-0.02231953185527546,0.0019217235786531043
TRIM5,-0.002277601386475845,0.008017555666090262,0.012991975282005797,-0.0216488789956442,0.0017903840962005093
TSHB,-0.0026180149290561915,-0.0015734895258769663,0.01507907275049088,0.008384532544642201,0.004295886595830699
TSLP,-0.011939549530586298,0.007769369774991499,-0.01035267374293219,0.013258014535595618,0.012617280691057392
TSPAN1,-0.007087243253837564,-0.012375046352405312,3.944194386499706e-4,0.009297059229487134,-0.018887330401732294
TST,-0.01952120411877365,-0.016914750995444684,-0.009791434839199583,-0.05154426415888981,-0.035661195321721816
TXLNA,-0.03828178754867822,0.03329252866796563,0.03854850031515851,0.008910324163007551,0.026927859129991776
TXNDC15,0.011860662209331638,0.017557065960900273,-0.0070056621820405165,0.02319139417612128,0.030054323358841943
TXNDC5,0.012281706391692536,-0.005563752217331117,-0.05458518517236707,0.025041244568135484,-0.03750123415744767
TXNRD1,-0.020098438993053108,-0.020242721040344178,0.0560077926375958,-0.0791219152994349,0.05278929961500658
TYMP,0.02586398147755041,0.019312740016417435,0.008669233128721856,0.033579677026460274,-0.013947834795281874
TYRO3,0.007219486265564253,-0.005722233869277723,0.004390590135222493,-0.00428831709175063,0.031877892581604186
UBAC1,-0.05580121349002238,-0.0055105203114080275,-0.026418305776488966,-0.026063848661748164,0.016718670150484765
ULBP2,0.01002935544804199,-0.0038623874660851042,0.002341492930529936,0.004170141679841006,-0.02406602917336982
UMOD,-0.002426120947174023,0.0150335305492992,-0.007933623184569694,-0.02895492353722916,-0.014797973871061207
USO1,-0.023445280203080947,-0.01027853357231069,-0.013544303959497253,0.00968033022032673,-0.03283703257585961
USP8,0.09017857108430685,0.03306881698397743,-0.038816122142040214,0.06644456310220091,-0.10995474523945176
UXS1,0.012676439016052747,-0.0036427228118693046,0.019789320050897185,-0.0034112685879256546,-0.006018413002136382
VAMP5,-9.162606341110666e-4,-0.00563475238372082,0.03901360243497754,-0.011534484689983584,-0.008506935233565459
VASH1,-0.016030628782840443,-0.033165826746840814,-0.022705900393335955,0.08978179509189715,-0.006154857143688322
VASN,-0.005428744555938257,0.04997515482618658,0.04341085383572988,-0.023043082249759362,-0.035680893228435095
VAT1,-0.012176556565101864,0.05368737226296827,0.03044483727030973,0.02603816021165085,-0.010874452951720216
VCAM1,0.0191000826795746,0.04964376364498499,-0.045029787624546486,-0.11858834641584386,-0.03904454268319623
VCAN,0.010937719934503496,-0.02310025892812288,0.026942324640269907,0.0086256605911745,-7.208034845161854e-4
VEGFA,0.0010993866829096303,-0.008411630652910547,-0.006781113155550322,-0.0053260924295066335,0.006544736861374212
VEGFC,-0.014347946256989765,-0.05781356162147833,-0.029806836232611524,0.04292860420056908,-0.02261591999569799
VEGFD,-0.009187155477924555,-0.013102232059117282,0.01248103168054295,-2.6553250632269175e-4,-0.021464345715894995
VIM,-0.013858599283501204,0.005018559261802268,0.013083304614833214,0.011561219820377283,0.0050997490512895765
VMO1,0.02363589552653728,-0.038096498042538396,-0.00724820883553608,-0.02136195696279554,0.014957015499564645
VNN2,0.0026935646385425937,-0.010631569274537038,-0.017417330727750244,-0.01055228922599375,0.01706272829802494
VPS37A,0.0024138095602970417,-0.01064847769044275,-0.03339022573083333,-0.010728123978243286,0.008556345166100167
VPS53,-0.04577586207267247,0.012162906293664281,0.03985539378368626,-0.04491339489441986,-0.009735495420150024
VSIG4,0.01892686267638389,-0.02446930227085774,0.016775962897154266,-0.01036248029231884,0.05014430267797336
VSIR,0.027824413750422976,-0.03779096784356008,-0.031888602400730874,-0.07676978476013922,0.012592742539213844
VSTM1,-0.005086688577870627,0.005951809133947038,-0.0025914216312899084,0.0408450459785124,-0.01155857427808012
VSTM2L,0.0015635779057444625,0.010673808639913723,-0.02447648615891743,-0.021394403952633426,0.007718951803252657
VTA1,-0.0394193167219458,0.03427347415786527,-0.003950480362242497,-0.04382761620430062,-0.054874021494021735
VTCN1,-0.009248512303553436,0.004370357804487294,-0.02602212035018331,0.005591058969245717,-0.0061767555211545465
VWA1,-0.011339504181110596,3.6444194614493623e-4,-0.014067030937529292,-0.0076849765380108325,0.06130306941946522
VWC2,0.03304294065218176,0.006314085895504236,0.008671593026333933,0.032567820876960515,-0.03190824357805424
VWF,0.026640334859739503,-0.02699808316110444,-5.514603789984661e-4,0.012486778969183578,-0.04764428705682991
WARS,0.010292025005735131,-0.023104210991731666,-0.041127449940539164,0.013932500498787671,0.004676381714872943
WAS,0.008230231961234425,0.017181436309317052,0.01117465874366793,5.817556760796647e-5,0.0017191572776119014
WASF1,0.022706189188253845,0.017828366066680833,0.07913075444555702,-0.027100407983144375,-0.004015212827820637
WASF3,0.0051181192248109025,-0.010644748016414454,-0.0016710061905984117,0.006214944326856396,-0.0026812661994131525
WFDC12,-0.0036136857241923863,0.0018326938498127888,0.018987864163919,0.019602574352675862,0.016740878141906813
WFIKKN1,0.015920828007820777,0.001326775755976358,0.002846159636609886,-0.007821467070632089,0.00163124965838591
WFIKKN2,-0.0026599502221761645,-0.035795943206108405,-0.008839843873095556,0.004407252927829575,-0.02028156066691725
WIF1,-0.004198677620822867,0.016227998848605672,-0.028578324273027228,0.009839439741557291,0.004239527740863575
WNT9A,0.01384141332310202,0.024488360407694736,-0.009177326239365947,-0.02284759511709266,1.2733868844046605e-5
WWP2,-0.034947556380467724,-0.009312319283492557,0.033180417593831425,-0.015057041159686188,0.04701424206544933
XCL1,0.006443023175542623,-0.009407272923322732,0.007134719462731152,-0.01673465832743752,0.015313325655847207
XG,-0.006145170575124926,0.003006988378499543,0.009572977264084579,-0.010630454212983061,0.02136033216651923
XPNPEP2,-0.0014413403577189954,0.002459411107604193,0.004645740512511421,-0.015847256703071987,0.012877040086715594
XRCC4,-0.006390056472657759,0.005957490225418799,0.002174060478295722,0.0022106272347401585,0.013307510385130046
YES1,0.024062118620873763,0.020657889867380392,-0.03687427942250023,-3.0928759256907226e-4,-0.11296878735820666
YTHDF3,-0.010704223233341987,0.02029692751312465,-0.012460728364938086,-0.02465604312774625,0.005911601467938071
ZBTB16,0.001200691069268396,-0.0020725189139751883,-0.05359593883333635,0.011961786952926327,0.020617385977310436
ZBTB17,0.01128025284711536,-0.011853373284206404,-0.014306401036940185,0.007743719195384212,0.03309584477123784
