"row","n_missing","p","pct_missing","dataset"
1,4,2923,0.13684570646596,"proteome"
2,150,2923,5.13171399247349,"proteome"
3,7,2923,0.239479986315429,"proteome"
4,7,2923,0.239479986315429,"proteome"
5,99,2923,3.3869312350325,"proteome"
6,1,2923,0.0342114266164899,"proteome"
7,3,2923,0.10263427984947,"proteome"
8,23,2923,0.786862812179268,"proteome"
9,17,2923,0.581594252480328,"proteome"
10,9,2923,0.307902839548409,"proteome"
11,225,2923,7.69757098871023,"proteome"
12,79,2923,2.7027027027027,"proteome"
13,221,2923,7.56072528224427,"proteome"
14,3,2923,0.10263427984947,"proteome"
15,3,2923,0.10263427984947,"proteome"
16,1,2923,0.0342114266164899,"proteome"
17,15,2923,0.513171399247349,"proteome"
18,6,2923,0.205268559698939,"proteome"
19,3,2923,0.10263427984947,"proteome"
20,3,2923,0.10263427984947,"proteome"
21,312,2923,10.6739651043449,"proteome"
22,6,2923,0.205268559698939,"proteome"
23,99,2923,3.3869312350325,"proteome"
24,75,2923,2.56585699623674,"proteome"
25,78,2923,2.66849127608621,"proteome"
26,202,2923,6.91070817653096,"proteome"
27,1478,2923,50.5644885391721,"proteome"
28,1461,2923,49.9828942866918,"proteome"
29,762,2923,26.0691070817653,"proteome"
30,1464,2923,50.0855285665412,"proteome"
31,1462,2923,50.0171057133082,"proteome"
32,4,2923,0.13684570646596,"proteome"
33,16,2923,0.547382825863839,"proteome"
34,4,2923,0.13684570646596,"proteome"
35,144,2923,4.92644543277455,"proteome"
36,116,2923,3.96852548751283,"proteome"
37,117,2923,4.00273691412932,"proteome"
38,6,2923,0.205268559698939,"proteome"
39,209,2923,7.15018816284639,"proteome"
40,17,2923,0.581594252480328,"proteome"
41,4,2923,0.13684570646596,"proteome"
42,1479,2923,50.5986999657886,"proteome"
43,5,2923,0.17105713308245,"proteome"
44,99,2923,3.3869312350325,"proteome"
45,92,2923,3.14745124871707,"proteome"
46,3,2923,0.10263427984947,"proteome"
47,16,2923,0.547382825863839,"proteome"
48,4,2923,0.13684570646596,"proteome"
49,68,2923,2.32637700992131,"proteome"
50,154,2923,5.26855969893945,"proteome"
51,1464,2923,50.0855285665412,"proteome"
52,29,2923,0.992131371878207,"proteome"
53,1462,2923,50.0171057133082,"proteome"
54,2,2923,0.0684228532329798,"proteome"
55,1463,2923,50.0513171399247,"proteome"
56,1069,2923,36.5720150530277,"proteome"
57,205,2923,7.01334245638043,"proteome"
58,189,2923,6.46595963051659,"proteome"
59,1562,2923,53.4382483749572,"proteome"
60,4,2923,0.13684570646596,"proteome"
61,100,2923,3.42114266164899,"proteome"
62,90,2923,3.07902839548409,"proteome"
63,8,2923,0.273691412931919,"proteome"
64,1461,2923,49.9828942866918,"proteome"
65,1466,2923,50.1539514197742,"proteome"
66,1467,2923,50.1881628463907,"proteome"
67,4,2923,0.13684570646596,"proteome"
68,5,2923,0.17105713308245,"proteome"
69,7,2923,0.239479986315429,"proteome"
70,7,2923,0.239479986315429,"proteome"
71,5,2923,0.17105713308245,"proteome"
72,68,2923,2.32637700992131,"proteome"
73,68,2923,2.32637700992131,"proteome"
74,101,2923,3.45535408826548,"proteome"
75,7,2923,0.239479986315429,"proteome"
76,8,2923,0.273691412931919,"proteome"
77,360,2923,12.3161135819364,"proteome"
78,6,2923,0.205268559698939,"proteome"
79,102,2923,3.48956551488197,"proteome"
80,5,2923,0.17105713308245,"proteome"
81,8,2923,0.273691412931919,"proteome"
82,299,2923,10.2292165583305,"proteome"
83,7,2923,0.239479986315429,"proteome"
84,2,2923,0.0684228532329798,"proteome"
85,1463,2923,50.0513171399247,"proteome"
86,18,2923,0.615805679096818,"proteome"
87,812,2923,27.7796784125898,"proteome"
88,4,2923,0.13684570646596,"proteome"
89,7,2923,0.239479986315429,"proteome"
90,77,2923,2.63427984946972,"proteome"
91,8,2923,0.273691412931919,"proteome"
92,15,2923,0.513171399247349,"proteome"
93,1462,2923,50.0171057133082,"proteome"
94,17,2923,0.581594252480328,"proteome"
95,1472,2923,50.3592199794731,"proteome"
96,109,2923,3.7290455011974,"proteome"
97,5,2923,0.17105713308245,"proteome"
98,4,2923,0.13684570646596,"proteome"
99,3,2923,0.10263427984947,"proteome"
100,277,2923,9.4765651727677,"proteome"
101,6,2923,0.205268559698939,"proteome"
102,6,2923,0.205268559698939,"proteome"
103,1577,2923,53.9514197742046,"proteome"
104,7,2923,0.239479986315429,"proteome"
105,101,2923,3.45535408826548,"proteome"
106,9,2923,0.307902839548409,"proteome"
107,1462,2923,50.0171057133082,"proteome"
108,1461,2923,49.9828942866918,"proteome"
109,115,2923,3.93431406089634,"proteome"
110,9,2923,0.307902839548409,"proteome"
111,6,2923,0.205268559698939,"proteome"
112,485,2923,16.5925419089976,"proteome"
113,118,2923,4.03694834074581,"proteome"
114,1468,2923,50.2223742730072,"proteome"
115,118,2923,4.03694834074581,"proteome"
116,1155,2923,39.5141977420458,"proteome"
117,3,2923,0.10263427984947,"proteome"
118,222,2923,7.59493670886076,"proteome"
119,57,2923,1.95005131713992,"proteome"
120,4,2923,0.13684570646596,"proteome"
121,103,2923,3.52377694149846,"proteome"
122,115,2923,3.93431406089634,"proteome"
123,3,2923,0.10263427984947,"proteome"
124,1463,2923,50.0513171399247,"proteome"
125,1461,2923,49.9828942866918,"proteome"
126,2,2923,0.0684228532329798,"proteome"
127,117,2923,4.00273691412932,"proteome"
128,100,2923,3.42114266164899,"proteome"
129,1464,2923,50.0855285665412,"proteome"
130,1478,2923,50.5644885391721,"proteome"
131,1525,2923,52.1724255901471,"proteome"
132,4,2923,0.13684570646596,"proteome"
133,17,2923,0.581594252480328,"proteome"
134,8,2923,0.273691412931919,"proteome"
135,22,2923,0.752651385562778,"proteome"
136,5,2923,0.17105713308245,"proteome"
137,15,2923,0.513171399247349,"proteome"
138,3,2923,0.10263427984947,"proteome"
139,150,2923,5.13171399247349,"proteome"
140,1463,2923,50.0513171399247,"proteome"
141,5,2923,0.17105713308245,"proteome"
142,379,2923,12.9661306876497,"proteome"
143,11,2923,0.376325692781389,"proteome"
144,1568,2923,53.6435169346562,"proteome"
145,5,2923,0.17105713308245,"proteome"
146,525,2923,17.9609989736572,"proteome"
147,96,2923,3.28429695518303,"proteome"
148,3,2923,0.10263427984947,"proteome"
149,1462,2923,50.0171057133082,"proteome"
150,4,2923,0.13684570646596,"proteome"
151,4,2923,0.13684570646596,"proteome"
152,18,2923,0.615805679096818,"proteome"
153,1563,2923,53.4724598015737,"proteome"
154,3,2923,0.10263427984947,"proteome"
155,206,2923,7.04755388299692,"proteome"
156,3,2923,0.10263427984947,"proteome"
157,13,2923,0.444748546014369,"proteome"
158,5,2923,0.17105713308245,"proteome"
159,4,2923,0.13684570646596,"proteome"
160,1480,2923,50.6329113924051,"proteome"
161,8,2923,0.273691412931919,"proteome"
162,3,2923,0.10263427984947,"proteome"
163,98,2923,3.35271980841601,"proteome"
164,2,2923,0.0684228532329798,"proteome"
165,2,2923,0.0684228532329798,"proteome"
166,1462,2923,50.0171057133082,"proteome"
167,6,2923,0.205268559698939,"proteome"
168,96,2923,3.28429695518303,"proteome"
169,6,2923,0.205268559698939,"proteome"
170,13,2923,0.444748546014369,"proteome"
171,238,2923,8.1423195347246,"proteome"
172,3,2923,0.10263427984947,"proteome"
173,2,2923,0.0684228532329798,"proteome"
174,5,2923,0.17105713308245,"proteome"
175,1463,2923,50.0513171399247,"proteome"
176,3,2923,0.10263427984947,"proteome"
177,4,2923,0.13684570646596,"proteome"
178,1462,2923,50.0171057133082,"proteome"
179,1538,2923,52.6171741361615,"proteome"
180,9,2923,0.307902839548409,"proteome"
181,118,2923,4.03694834074581,"proteome"
182,6,2923,0.205268559698939,"proteome"
183,224,2923,7.66335956209374,"proteome"
184,1462,2923,50.0171057133082,"proteome"
185,5,2923,0.17105713308245,"proteome"
186,7,2923,0.239479986315429,"proteome"
187,4,2923,0.13684570646596,"proteome"
188,102,2923,3.48956551488197,"proteome"
189,97,2923,3.31850838179952,"proteome"
190,122,2923,4.17379404721177,"proteome"
191,18,2923,0.615805679096818,"proteome"
192,4,2923,0.13684570646596,"proteome"
193,98,2923,3.35271980841601,"proteome"
194,189,2923,6.46595963051659,"proteome"
195,2,2923,0.0684228532329798,"proteome"
196,6,2923,0.205268559698939,"proteome"
197,103,2923,3.52377694149846,"proteome"
198,6,2923,0.205268559698939,"proteome"
199,1826,2923,62.4700650017106,"proteome"
200,5,2923,0.17105713308245,"proteome"
201,3,2923,0.10263427984947,"proteome"
202,18,2923,0.615805679096818,"proteome"
203,7,2923,0.239479986315429,"proteome"
204,108,2923,3.69483407458091,"proteome"
205,375,2923,12.8292849811837,"proteome"
206,10,2923,0.342114266164899,"proteome"
207,3,2923,0.10263427984947,"proteome"
208,1465,2923,50.1197399931577,"proteome"
209,95,2923,3.25008552856654,"proteome"
210,7,2923,0.239479986315429,"proteome"
211,6,2923,0.205268559698939,"proteome"
212,4,2923,0.13684570646596,"proteome"
213,3,2923,0.10263427984947,"proteome"
214,16,2923,0.547382825863839,"proteome"
215,29,2923,0.992131371878207,"proteome"
216,1464,2923,50.0855285665412,"proteome"
217,12,2923,0.410537119397879,"proteome"
218,1,2923,0.0342114266164899,"proteome"
219,2,2923,0.0684228532329798,"proteome"
220,3,2923,0.10263427984947,"proteome"
221,1462,2923,50.0171057133082,"proteome"
222,15,2923,0.513171399247349,"proteome"
223,9,2923,0.307902839548409,"proteome"
224,78,2923,2.66849127608621,"proteome"
225,1460,2923,49.9486828600753,"proteome"
226,1468,2923,50.2223742730072,"proteome"
227,5,2923,0.17105713308245,"proteome"
228,7,2923,0.239479986315429,"proteome"
229,3,2923,0.10263427984947,"proteome"
230,182,2923,6.22647964420116,"proteome"
231,314,2923,10.7423879575778,"proteome"
232,5,2923,0.17105713308245,"proteome"
233,1463,2923,50.0513171399247,"proteome"
234,3,2923,0.10263427984947,"proteome"
235,757,2923,25.8980499486829,"proteome"
236,349,2923,11.939787889155,"proteome"
237,29,2923,0.992131371878207,"proteome"
238,8,2923,0.273691412931919,"proteome"
239,2,2923,0.0684228532329798,"proteome"
240,383,2923,13.1029763941156,"proteome"
241,11,2923,0.376325692781389,"proteome"
242,84,2923,2.87375983578515,"proteome"
243,102,2923,3.48956551488197,"proteome"
244,3,2923,0.10263427984947,"proteome"
245,7,2923,0.239479986315429,"proteome"
246,1462,2923,50.0171057133082,"proteome"
247,101,2923,3.45535408826548,"proteome"
248,1469,2923,50.2565856996237,"proteome"
249,6,2923,0.205268559698939,"proteome"
250,116,2923,3.96852548751283,"proteome"
251,1,2923,0.0342114266164899,"proteome"
252,1465,2923,50.1197399931577,"proteome"
253,500,2923,17.105713308245,"proteome"
254,1574,2923,53.8487854943551,"proteome"
255,22,2923,0.752651385562778,"proteome"
256,4,2923,0.13684570646596,"proteome"
257,7,2923,0.239479986315429,"proteome"
258,10,2923,0.342114266164899,"proteome"
259,2,2923,0.0684228532329798,"proteome"
260,5,2923,0.17105713308245,"proteome"
261,18,2923,0.615805679096818,"proteome"
262,17,2923,0.581594252480328,"proteome"
263,8,2923,0.273691412931919,"proteome"
264,11,2923,0.376325692781389,"proteome"
265,10,2923,0.342114266164899,"proteome"
266,1462,2923,50.0171057133082,"proteome"
267,100,2923,3.42114266164899,"proteome"
268,1536,2923,52.5487512829285,"proteome"
269,1572,2923,53.7803626411221,"proteome"
270,5,2923,0.17105713308245,"proteome"
271,5,2923,0.17105713308245,"proteome"
272,18,2923,0.615805679096818,"proteome"
273,2,2923,0.0684228532329798,"proteome"
274,192,2923,6.56859391036606,"proteome"
275,240,2923,8.21074238795758,"proteome"
276,255,2923,8.72391378720493,"proteome"
277,24,2923,0.821074238795758,"proteome"
278,6,2923,0.205268559698939,"proteome"
279,72,2923,2.46322271638727,"proteome"
280,118,2923,4.03694834074581,"proteome"
281,1462,2923,50.0171057133082,"proteome"
282,1462,2923,50.0171057133082,"proteome"
283,5,2923,0.17105713308245,"proteome"
284,184,2923,6.29490249743414,"proteome"
285,372,2923,12.7266507013342,"proteome"
286,5,2923,0.17105713308245,"proteome"
287,1555,2923,53.1987683886418,"proteome"
288,5,2923,0.17105713308245,"proteome"
289,97,2923,3.31850838179952,"proteome"
290,116,2923,3.96852548751283,"proteome"
291,80,2923,2.73691412931919,"proteome"
292,1466,2923,50.1539514197742,"proteome"
293,120,2923,4.10537119397879,"proteome"
294,7,2923,0.239479986315429,"proteome"
295,2046,2923,69.9965788573383,"proteome"
296,8,2923,0.273691412931919,"proteome"
297,4,2923,0.13684570646596,"proteome"
298,1464,2923,50.0855285665412,"proteome"
299,111,2923,3.79746835443038,"proteome"
300,12,2923,0.410537119397879,"proteome"
301,5,2923,0.17105713308245,"proteome"
302,51,2923,1.74478275744099,"proteome"
303,6,2923,0.205268559698939,"proteome"
304,282,2923,9.64762230585015,"proteome"
305,1540,2923,52.6855969893945,"proteome"
306,1464,2923,50.0855285665412,"proteome"
307,7,2923,0.239479986315429,"proteome"
308,7,2923,0.239479986315429,"proteome"
309,7,2923,0.239479986315429,"proteome"
310,820,2923,28.0533698255217,"proteome"
311,6,2923,0.205268559698939,"proteome"
312,117,2923,4.00273691412932,"proteome"
313,1567,2923,53.6093055080397,"proteome"
314,1461,2923,49.9828942866918,"proteome"
315,150,2923,5.13171399247349,"proteome"
316,10,2923,0.342114266164899,"proteome"
317,98,2923,3.35271980841601,"proteome"
318,1613,2923,55.1830311323982,"proteome"
319,106,2923,3.62641122134793,"proteome"
320,1461,2923,49.9828942866918,"proteome"
321,6,2923,0.205268559698939,"proteome"
322,4,2923,0.13684570646596,"proteome"
323,98,2923,3.35271980841601,"proteome"
324,15,2923,0.513171399247349,"proteome"
325,1462,2923,50.0171057133082,"proteome"
326,119,2923,4.0711597673623,"proteome"
327,112,2923,3.83167978104687,"proteome"
328,194,2923,6.63701676359904,"proteome"
329,1480,2923,50.6329113924051,"proteome"
330,152,2923,5.20013684570647,"proteome"
331,148,2923,5.06329113924051,"proteome"
332,115,2923,3.93431406089634,"proteome"
333,2,2923,0.0684228532329798,"proteome"
334,9,2923,0.307902839548409,"proteome"
335,91,2923,3.11323982210058,"proteome"
336,17,2923,0.581594252480328,"proteome"
337,8,2923,0.273691412931919,"proteome"
338,2,2923,0.0684228532329798,"proteome"
339,370,2923,12.6582278481013,"proteome"
340,194,2923,6.63701676359904,"proteome"
341,2,2923,0.0684228532329798,"proteome"
342,106,2923,3.62641122134793,"proteome"
343,3,2923,0.10263427984947,"proteome"
344,10,2923,0.342114266164899,"proteome"
345,9,2923,0.307902839548409,"proteome"
346,221,2923,7.56072528224427,"proteome"
347,1,2923,0.0342114266164899,"proteome"
348,1468,2923,50.2223742730072,"proteome"
349,10,2923,0.342114266164899,"proteome"
350,306,2923,10.4686965446459,"proteome"
351,6,2923,0.205268559698939,"proteome"
352,1568,2923,53.6435169346562,"proteome"
353,1479,2923,50.5986999657886,"proteome"
354,5,2923,0.17105713308245,"proteome"
355,373,2923,12.7608621279507,"proteome"
356,4,2923,0.13684570646596,"proteome"
357,5,2923,0.17105713308245,"proteome"
358,1,2923,0.0342114266164899,"proteome"
359,4,2923,0.13684570646596,"proteome"
360,1461,2923,49.9828942866918,"proteome"
361,5,2923,0.17105713308245,"proteome"
362,330,2923,11.2897707834417,"proteome"
363,4,2923,0.13684570646596,"proteome"
364,2,2923,0.0684228532329798,"proteome"
365,5,2923,0.17105713308245,"proteome"
366,1462,2923,50.0171057133082,"proteome"
367,1570,2923,53.7119397878892,"proteome"
368,1463,2923,50.0513171399247,"proteome"
369,1467,2923,50.1881628463907,"proteome"
370,5,2923,0.17105713308245,"proteome"
371,114,2923,3.90010263427985,"proteome"
372,151,2923,5.16592541908998,"proteome"
373,1469,2923,50.2565856996237,"proteome"
374,3,2923,0.10263427984947,"proteome"
375,425,2923,14.5398563120082,"proteome"
376,6,2923,0.205268559698939,"proteome"
377,1466,2923,50.1539514197742,"proteome"
378,7,2923,0.239479986315429,"proteome"
379,97,2923,3.31850838179952,"proteome"
380,1,2923,0.0342114266164899,"proteome"
381,1462,2923,50.0171057133082,"proteome"
382,1466,2923,50.1539514197742,"proteome"
383,18,2923,0.615805679096818,"proteome"
384,1,2923,0.0342114266164899,"proteome"
385,3,2923,0.10263427984947,"proteome"
386,20,2923,0.684228532329798,"proteome"
387,515,2923,17.6188847074923,"proteome"
388,105,2923,3.59219979473144,"proteome"
389,242,2923,8.27916524119056,"proteome"
390,9,2923,0.307902839548409,"proteome"
391,1462,2923,50.0171057133082,"proteome"
392,1463,2923,50.0513171399247,"proteome"
393,1575,2923,53.8829969209716,"proteome"
394,77,2923,2.63427984946972,"proteome"
395,4,2923,0.13684570646596,"proteome"
396,15,2923,0.513171399247349,"proteome"
397,99,2923,3.3869312350325,"proteome"
398,1476,2923,50.4960656859391,"proteome"
399,6,2923,0.205268559698939,"proteome"
400,245,2923,8.38179952104003,"proteome"
401,4,2923,0.13684570646596,"proteome"
402,77,2923,2.63427984946972,"proteome"
403,4,2923,0.13684570646596,"proteome"
404,1465,2923,50.1197399931577,"proteome"
405,8,2923,0.273691412931919,"proteome"
406,5,2923,0.17105713308245,"proteome"
407,7,2923,0.239479986315429,"proteome"
408,1461,2923,49.9828942866918,"proteome"
409,1461,2923,49.9828942866918,"proteome"
410,3,2923,0.10263427984947,"proteome"
411,8,2923,0.273691412931919,"proteome"
412,146,2923,4.99486828600753,"proteome"
413,7,2923,0.239479986315429,"proteome"
414,1653,2923,56.5514881970578,"proteome"
415,8,2923,0.273691412931919,"proteome"
416,172,2923,5.88436537803626,"proteome"
417,1,2923,0.0342114266164899,"proteome"
418,1554,2923,53.1645569620253,"proteome"
419,5,2923,0.17105713308245,"proteome"
420,2,2923,0.0684228532329798,"proteome"
421,106,2923,3.62641122134793,"proteome"
422,4,2923,0.13684570646596,"proteome"
423,1464,2923,50.0855285665412,"proteome"
424,128,2923,4.37906260691071,"proteome"
425,179,2923,6.12384536435169,"proteome"
426,164,2923,5.61067396510435,"proteome"
427,5,2923,0.17105713308245,"proteome"
428,147,2923,5.02907971262402,"proteome"
429,1477,2923,50.5302771125556,"proteome"
430,16,2923,0.547382825863839,"proteome"
431,123,2923,4.20800547382826,"proteome"
432,334,2923,11.4266164899076,"proteome"
433,108,2923,3.69483407458091,"proteome"
434,242,2923,8.27916524119056,"proteome"
435,8,2923,0.273691412931919,"proteome"
436,106,2923,3.62641122134793,"proteome"
437,101,2923,3.45535408826548,"proteome"
438,63,2923,2.15531987683886,"proteome"
439,111,2923,3.79746835443038,"proteome"
440,2,2923,0.0684228532329798,"proteome"
441,1463,2923,50.0513171399247,"proteome"
442,174,2923,5.95278823126924,"proteome"
443,6,2923,0.205268559698939,"proteome"
444,7,2923,0.239479986315429,"proteome"
445,1462,2923,50.0171057133082,"proteome"
446,1468,2923,50.2223742730072,"proteome"
447,1480,2923,50.6329113924051,"proteome"
448,18,2923,0.615805679096818,"proteome"
449,6,2923,0.205268559698939,"proteome"
450,4,2923,0.13684570646596,"proteome"
451,304,2923,10.4002736914129,"proteome"
452,66,2923,2.25795415668833,"proteome"
453,1576,2923,53.9172083475881,"proteome"
454,5,2923,0.17105713308245,"proteome"
455,1581,2923,54.0882654806705,"proteome"
456,5,2923,0.17105713308245,"proteome"
457,7,2923,0.239479986315429,"proteome"
458,369,2923,12.6240164214848,"proteome"
459,18,2923,0.615805679096818,"proteome"
460,6,2923,0.205268559698939,"proteome"
461,3,2923,0.10263427984947,"proteome"
462,1461,2923,49.9828942866918,"proteome"
463,76,2923,2.60006842285323,"proteome"
464,1575,2923,53.8829969209716,"proteome"
465,262,2923,8.96339377352036,"proteome"
466,1462,2923,50.0171057133082,"proteome"
467,9,2923,0.307902839548409,"proteome"
468,15,2923,0.513171399247349,"proteome"
469,95,2923,3.25008552856654,"proteome"
470,5,2923,0.17105713308245,"proteome"
471,1466,2923,50.1539514197742,"proteome"
472,1462,2923,50.0171057133082,"proteome"
473,3,2923,0.10263427984947,"proteome"
474,15,2923,0.513171399247349,"proteome"
475,3,2923,0.10263427984947,"proteome"
476,7,2923,0.239479986315429,"proteome"
477,4,2923,0.13684570646596,"proteome"
478,7,2923,0.239479986315429,"proteome"
479,1462,2923,50.0171057133082,"proteome"
480,182,2923,6.22647964420116,"proteome"
481,1650,2923,56.4488539172083,"proteome"
482,1462,2923,50.0171057133082,"proteome"
483,99,2923,3.3869312350325,"proteome"
484,1464,2923,50.0855285665412,"proteome"
485,6,2923,0.205268559698939,"proteome"
486,2,2923,0.0684228532329798,"proteome"
487,2,2923,0.0684228532329798,"proteome"
488,16,2923,0.547382825863839,"proteome"
489,66,2923,2.25795415668833,"proteome"
490,263,2923,8.99760520013685,"proteome"
491,1477,2923,50.5302771125556,"proteome"
492,5,2923,0.17105713308245,"proteome"
493,3,2923,0.10263427984947,"proteome"
494,61,2923,2.08689702360588,"proteome"
495,1462,2923,50.0171057133082,"proteome"
496,6,2923,0.205268559698939,"proteome"
497,181,2923,6.19226821758467,"proteome"
498,17,2923,0.581594252480328,"proteome"
499,5,2923,0.17105713308245,"proteome"
500,1477,2923,50.5302771125556,"proteome"
501,78,2923,2.66849127608621,"proteome"
502,114,2923,3.90010263427985,"proteome"
503,83,2923,2.83954840916866,"proteome"
504,8,2923,0.273691412931919,"proteome"
505,3,2923,0.10263427984947,"proteome"
506,369,2923,12.6240164214848,"proteome"
507,7,2923,0.239479986315429,"proteome"
508,5,2923,0.17105713308245,"proteome"
509,8,2923,0.273691412931919,"proteome"
510,1462,2923,50.0171057133082,"proteome"
511,4,2923,0.13684570646596,"proteome"
512,1466,2923,50.1539514197742,"proteome"
513,1465,2923,50.1197399931577,"proteome"
514,88,2923,3.01060554225111,"proteome"
515,500,2923,17.105713308245,"proteome"
516,78,2923,2.66849127608621,"proteome"
517,4,2923,0.13684570646596,"proteome"
518,10,2923,0.342114266164899,"proteome"
519,4,2923,0.13684570646596,"proteome"
520,1480,2923,50.6329113924051,"proteome"
521,3,2923,0.10263427984947,"proteome"
522,3,2923,0.10263427984947,"proteome"
523,7,2923,0.239479986315429,"proteome"
524,3,2923,0.10263427984947,"proteome"
525,1,2923,0.0342114266164899,"proteome"
526,5,2923,0.17105713308245,"proteome"
527,5,2923,0.17105713308245,"proteome"
528,114,2923,3.90010263427985,"proteome"
529,2,2923,0.0684228532329798,"proteome"
530,212,2923,7.25282244269586,"proteome"
531,3,2923,0.10263427984947,"proteome"
532,7,2923,0.239479986315429,"proteome"
533,5,2923,0.17105713308245,"proteome"
534,22,2923,0.752651385562778,"proteome"
535,285,2923,9.75025658569962,"proteome"
536,6,2923,0.205268559698939,"proteome"
537,194,2923,6.63701676359904,"proteome"
538,1463,2923,50.0513171399247,"proteome"
539,15,2923,0.513171399247349,"proteome"
540,6,2923,0.205268559698939,"proteome"
541,3,2923,0.10263427984947,"proteome"
542,4,2923,0.13684570646596,"proteome"
543,746,2923,25.5217242559015,"proteome"
544,587,2923,20.0821074238796,"proteome"
545,2,2923,0.0684228532329798,"proteome"
546,15,2923,0.513171399247349,"proteome"
547,7,2923,0.239479986315429,"proteome"
548,1830,2923,62.6069107081765,"proteome"
549,7,2923,0.239479986315429,"proteome"
550,6,2923,0.205268559698939,"proteome"
551,3,2923,0.10263427984947,"proteome"
552,7,2923,0.239479986315429,"proteome"
553,103,2923,3.52377694149846,"proteome"
554,1468,2923,50.2223742730072,"proteome"
555,2,2923,0.0684228532329798,"proteome"
556,8,2923,0.273691412931919,"proteome"
557,35,2923,1.19739993157715,"proteome"
558,1461,2923,49.9828942866918,"proteome"
559,1463,2923,50.0513171399247,"proteome"
560,1472,2923,50.3592199794731,"proteome"
561,1571,2923,53.7461512145056,"proteome"
562,99,2923,3.3869312350325,"proteome"
563,10,2923,0.342114266164899,"proteome"
564,2,2923,0.0684228532329798,"proteome"
565,1462,2923,50.0171057133082,"proteome"
566,5,2923,0.17105713308245,"proteome"
567,107,2923,3.66062264796442,"proteome"
568,328,2923,11.2213479302087,"proteome"
569,1591,2923,54.4303797468354,"proteome"
570,1463,2923,50.0513171399247,"proteome"
571,325,2923,11.1187136503592,"proteome"
572,6,2923,0.205268559698939,"proteome"
573,14,2923,0.478959972630859,"proteome"
574,1461,2923,49.9828942866918,"proteome"
575,1468,2923,50.2223742730072,"proteome"
576,376,2923,12.8634964078002,"proteome"
577,231,2923,7.90283954840917,"proteome"
578,100,2923,3.42114266164899,"proteome"
579,7,2923,0.239479986315429,"proteome"
580,258,2923,8.8265480670544,"proteome"
581,200,2923,6.84228532329798,"proteome"
582,104,2923,3.55798836811495,"proteome"
583,2,2923,0.0684228532329798,"proteome"
584,4,2923,0.13684570646596,"proteome"
585,1461,2923,49.9828942866918,"proteome"
586,3,2923,0.10263427984947,"proteome"
587,368,2923,12.5898049948683,"proteome"
588,167,2923,5.71330824495381,"proteome"
589,4,2923,0.13684570646596,"proteome"
590,11,2923,0.376325692781389,"proteome"
591,3,2923,0.10263427984947,"proteome"
592,1,2923,0.0342114266164899,"proteome"
593,1555,2923,53.1987683886418,"proteome"
594,650,2923,22.2374273007184,"proteome"
595,5,2923,0.17105713308245,"proteome"
596,5,2923,0.17105713308245,"proteome"
597,17,2923,0.581594252480328,"proteome"
598,4,2923,0.13684570646596,"proteome"
599,117,2923,4.00273691412932,"proteome"
600,3,2923,0.10263427984947,"proteome"
601,1463,2923,50.0513171399247,"proteome"
602,3,2923,0.10263427984947,"proteome"
603,29,2923,0.992131371878207,"proteome"
604,115,2923,3.93431406089634,"proteome"
605,1534,2923,52.4803284296955,"proteome"
606,75,2923,2.56585699623674,"proteome"
607,104,2923,3.55798836811495,"proteome"
608,4,2923,0.13684570646596,"proteome"
609,616,2923,21.0742387957578,"proteome"
610,6,2923,0.205268559698939,"proteome"
611,4,2923,0.13684570646596,"proteome"
612,3,2923,0.10263427984947,"proteome"
613,112,2923,3.83167978104687,"proteome"
614,6,2923,0.205268559698939,"proteome"
615,557,2923,19.0557646253849,"proteome"
616,3,2923,0.10263427984947,"proteome"
617,4,2923,0.13684570646596,"proteome"
618,4,2923,0.13684570646596,"proteome"
619,11,2923,0.376325692781389,"proteome"
620,1462,2923,50.0171057133082,"proteome"
621,1101,2923,37.6667807047554,"proteome"
622,1463,2923,50.0513171399247,"proteome"
623,6,2923,0.205268559698939,"proteome"
624,92,2923,3.14745124871707,"proteome"
625,198,2923,6.773862470065,"proteome"
626,121,2923,4.13958262059528,"proteome"
627,1570,2923,53.7119397878892,"proteome"
628,5,2923,0.17105713308245,"proteome"
629,1463,2923,50.0513171399247,"proteome"
630,234,2923,8.00547382825864,"proteome"
631,4,2923,0.13684570646596,"proteome"
632,1566,2923,53.5750940814232,"proteome"
633,4,2923,0.13684570646596,"proteome"
634,8,2923,0.273691412931919,"proteome"
635,1466,2923,50.1539514197742,"proteome"
636,87,2923,2.97639411563462,"proteome"
637,17,2923,0.581594252480328,"proteome"
638,68,2923,2.32637700992131,"proteome"
639,11,2923,0.376325692781389,"proteome"
640,2,2923,0.0684228532329798,"proteome"
641,1463,2923,50.0513171399247,"proteome"
642,3,2923,0.10263427984947,"proteome"
643,4,2923,0.13684570646596,"proteome"
644,4,2923,0.13684570646596,"proteome"
645,226,2923,7.73178241532672,"proteome"
646,1463,2923,50.0513171399247,"proteome"
647,89,2923,3.0448169688676,"proteome"
648,97,2923,3.31850838179952,"proteome"
649,3,2923,0.10263427984947,"proteome"
650,1461,2923,49.9828942866918,"proteome"
651,444,2923,15.1898734177215,"proteome"
652,10,2923,0.342114266164899,"proteome"
653,7,2923,0.239479986315429,"proteome"
654,7,2923,0.239479986315429,"proteome"
655,1464,2923,50.0855285665412,"proteome"
656,8,2923,0.273691412931919,"proteome"
657,110,2923,3.76325692781389,"proteome"
658,1472,2923,50.3592199794731,"proteome"
659,2,2923,0.0684228532329798,"proteome"
660,147,2923,5.02907971262402,"proteome"
661,18,2923,0.615805679096818,"proteome"
662,6,2923,0.205268559698939,"proteome"
663,7,2923,0.239479986315429,"proteome"
664,3,2923,0.10263427984947,"proteome"
665,67,2923,2.29216558330482,"proteome"
666,93,2923,3.18166267533356,"proteome"
667,102,2923,3.48956551488197,"proteome"
668,2,2923,0.0684228532329798,"proteome"
669,91,2923,3.11323982210058,"proteome"
670,1460,2923,49.9486828600753,"proteome"
671,5,2923,0.17105713308245,"proteome"
672,5,2923,0.17105713308245,"proteome"
673,1463,2923,50.0513171399247,"proteome"
674,189,2923,6.46595963051659,"proteome"
675,1571,2923,53.7461512145056,"proteome"
676,708,2923,24.2216900444749,"proteome"
677,9,2923,0.307902839548409,"proteome"
678,5,2923,0.17105713308245,"proteome"
679,120,2923,4.10537119397879,"proteome"
680,7,2923,0.239479986315429,"proteome"
681,1461,2923,49.9828942866918,"proteome"
682,1462,2923,50.0171057133082,"proteome"
683,1461,2923,49.9828942866918,"proteome"
684,5,2923,0.17105713308245,"proteome"
685,1469,2923,50.2565856996237,"proteome"
686,529,2923,18.0978446801232,"proteome"
687,109,2923,3.7290455011974,"proteome"
688,6,2923,0.205268559698939,"proteome"
689,255,2923,8.72391378720493,"proteome"
690,7,2923,0.239479986315429,"proteome"
691,390,2923,13.3424563804311,"proteome"
692,7,2923,0.239479986315429,"proteome"
693,153,2923,5.23434827232296,"proteome"
694,7,2923,0.239479986315429,"proteome"
695,301,2923,10.2976394115635,"proteome"
696,6,2923,0.205268559698939,"proteome"
697,1461,2923,49.9828942866918,"proteome"
698,20,2923,0.684228532329798,"proteome"
699,14,2923,0.478959972630859,"proteome"
700,1460,2923,49.9486828600753,"proteome"
701,97,2923,3.31850838179952,"proteome"
702,8,2923,0.273691412931919,"proteome"
703,2,2923,0.0684228532329798,"proteome"
704,1461,2923,49.9828942866918,"proteome"
705,9,2923,0.307902839548409,"proteome"
706,3,2923,0.10263427984947,"proteome"
707,181,2923,6.19226821758467,"proteome"
708,1461,2923,49.9828942866918,"proteome"
709,118,2923,4.03694834074581,"proteome"
710,107,2923,3.66062264796442,"proteome"
711,6,2923,0.205268559698939,"proteome"
712,5,2923,0.17105713308245,"proteome"
713,1475,2923,50.4618542593226,"proteome"
714,1464,2923,50.0855285665412,"proteome"
715,1,2923,0.0342114266164899,"proteome"
716,1462,2923,50.0171057133082,"proteome"
717,1572,2923,53.7803626411221,"proteome"
718,218,2923,7.4580910023948,"proteome"
719,82,2923,2.80533698255217,"proteome"
720,1580,2923,54.0540540540541,"proteome"
721,2,2923,0.0684228532329798,"proteome"
722,1461,2923,49.9828942866918,"proteome"
723,1461,2923,49.9828942866918,"proteome"
724,83,2923,2.83954840916866,"proteome"
725,10,2923,0.342114266164899,"proteome"
726,1467,2923,50.1881628463907,"proteome"
727,4,2923,0.13684570646596,"proteome"
728,167,2923,5.71330824495381,"proteome"
729,8,2923,0.273691412931919,"proteome"
730,10,2923,0.342114266164899,"proteome"
731,1462,2923,50.0171057133082,"proteome"
732,113,2923,3.86589120766336,"proteome"
733,1460,2923,49.9486828600753,"proteome"
734,1469,2923,50.2565856996237,"proteome"
735,98,2923,3.35271980841601,"proteome"
736,97,2923,3.31850838179952,"proteome"
737,1,2923,0.0342114266164899,"proteome"
738,191,2923,6.53438248374957,"proteome"
739,1578,2923,53.9856312008211,"proteome"
740,77,2923,2.63427984946972,"proteome"
741,1462,2923,50.0171057133082,"proteome"
742,1568,2923,53.6435169346562,"proteome"
743,1,2923,0.0342114266164899,"proteome"
744,7,2923,0.239479986315429,"proteome"
745,158,2923,5.40540540540541,"proteome"
746,1462,2923,50.0171057133082,"proteome"
747,274,2923,9.37393089291824,"proteome"
748,1830,2923,62.6069107081765,"proteome"
749,15,2923,0.513171399247349,"proteome"
750,1464,2923,50.0855285665412,"proteome"
751,1461,2923,49.9828942866918,"proteome"
752,4,2923,0.13684570646596,"proteome"
753,7,2923,0.239479986315429,"proteome"
754,6,2923,0.205268559698939,"proteome"
755,7,2923,0.239479986315429,"proteome"
756,116,2923,3.96852548751283,"proteome"
757,6,2923,0.205268559698939,"proteome"
758,102,2923,3.48956551488197,"proteome"
759,9,2923,0.307902839548409,"proteome"
760,2,2923,0.0684228532329798,"proteome"
761,105,2923,3.59219979473144,"proteome"
762,2,2923,0.0684228532329798,"proteome"
763,3,2923,0.10263427984947,"proteome"
764,86,2923,2.94218268901813,"proteome"
765,80,2923,2.73691412931919,"proteome"
766,4,2923,0.13684570646596,"proteome"
767,113,2923,3.86589120766336,"proteome"
768,1585,2923,54.2251111871365,"proteome"
769,5,2923,0.17105713308245,"proteome"
770,6,2923,0.205268559698939,"proteome"
771,1467,2923,50.1881628463907,"proteome"
772,188,2923,6.4317482039001,"proteome"
773,1476,2923,50.4960656859391,"proteome"
774,3,2923,0.10263427984947,"proteome"
775,1477,2923,50.5302771125556,"proteome"
776,1524,2923,52.1382141635306,"proteome"
777,102,2923,3.48956551488197,"proteome"
778,7,2923,0.239479986315429,"proteome"
779,8,2923,0.273691412931919,"proteome"
780,32,2923,1.09476565172768,"proteome"
781,3,2923,0.10263427984947,"proteome"
782,1462,2923,50.0171057133082,"proteome"
783,10,2923,0.342114266164899,"proteome"
784,14,2923,0.478959972630859,"proteome"
785,116,2923,3.96852548751283,"proteome"
786,11,2923,0.376325692781389,"proteome"
787,1466,2923,50.1539514197742,"proteome"
788,1461,2923,49.9828942866918,"proteome"
789,102,2923,3.48956551488197,"proteome"
790,1464,2923,50.0855285665412,"proteome"
791,12,2923,0.410537119397879,"proteome"
792,148,2923,5.06329113924051,"proteome"
793,1462,2923,50.0171057133082,"proteome"
794,1463,2923,50.0513171399247,"proteome"
795,470,2923,16.0793705097503,"proteome"
796,1463,2923,50.0513171399247,"proteome"
797,2,2923,0.0684228532329798,"proteome"
798,88,2923,3.01060554225111,"proteome"
799,286,2923,9.78446801231611,"proteome"
800,5,2923,0.17105713308245,"proteome"
801,2,2923,0.0684228532329798,"proteome"
802,1463,2923,50.0513171399247,"proteome"
803,5,2923,0.17105713308245,"proteome"
804,1477,2923,50.5302771125556,"proteome"
805,224,2923,7.66335956209374,"proteome"
806,59,2923,2.0184741703729,"proteome"
807,1573,2923,53.8145740677386,"proteome"
808,97,2923,3.31850838179952,"proteome"
809,80,2923,2.73691412931919,"proteome"
810,5,2923,0.17105713308245,"proteome"
811,3,2923,0.10263427984947,"proteome"
812,5,2923,0.17105713308245,"proteome"
813,17,2923,0.581594252480328,"proteome"
814,8,2923,0.273691412931919,"proteome"
815,1463,2923,50.0513171399247,"proteome"
816,1464,2923,50.0855285665412,"proteome"
817,1462,2923,50.0171057133082,"proteome"
818,80,2923,2.73691412931919,"proteome"
819,1460,2923,49.9486828600753,"proteome"
820,5,2923,0.17105713308245,"proteome"
821,10,2923,0.342114266164899,"proteome"
822,147,2923,5.02907971262402,"proteome"
823,96,2923,3.28429695518303,"proteome"
824,336,2923,11.4950393431406,"proteome"
825,1463,2923,50.0513171399247,"proteome"
826,4,2923,0.13684570646596,"proteome"
827,1462,2923,50.0171057133082,"proteome"
828,3,2923,0.10263427984947,"proteome"
829,4,2923,0.13684570646596,"proteome"
830,4,2923,0.13684570646596,"proteome"
831,2,2923,0.0684228532329798,"proteome"
832,11,2923,0.376325692781389,"proteome"
833,1543,2923,52.7882312692439,"proteome"
834,7,2923,0.239479986315429,"proteome"
835,3,2923,0.10263427984947,"proteome"
836,1460,2923,49.9486828600753,"proteome"
837,1465,2923,50.1197399931577,"proteome"
838,1462,2923,50.0171057133082,"proteome"
839,7,2923,0.239479986315429,"proteome"
840,9,2923,0.307902839548409,"proteome"
841,1461,2923,49.9828942866918,"proteome"
842,5,2923,0.17105713308245,"proteome"
843,3,2923,0.10263427984947,"proteome"
844,4,2923,0.13684570646596,"proteome"
845,1468,2923,50.2223742730072,"proteome"
846,11,2923,0.376325692781389,"proteome"
847,528,2923,18.0636332535067,"proteome"
848,8,2923,0.273691412931919,"proteome"
849,29,2923,0.992131371878207,"proteome"
850,110,2923,3.76325692781389,"proteome"
851,1,2923,0.0342114266164899,"proteome"
852,5,2923,0.17105713308245,"proteome"
853,107,2923,3.66062264796442,"proteome"
854,113,2923,3.86589120766336,"proteome"
855,1462,2923,50.0171057133082,"proteome"
856,1463,2923,50.0513171399247,"proteome"
857,179,2923,6.12384536435169,"proteome"
858,2,2923,0.0684228532329798,"proteome"
859,100,2923,3.42114266164899,"proteome"
860,1463,2923,50.0513171399247,"proteome"
861,1468,2923,50.2223742730072,"proteome"
862,66,2923,2.25795415668833,"proteome"
863,120,2923,4.10537119397879,"proteome"
864,5,2923,0.17105713308245,"proteome"
865,1462,2923,50.0171057133082,"proteome"
866,4,2923,0.13684570646596,"proteome"
867,8,2923,0.273691412931919,"proteome"
868,14,2923,0.478959972630859,"proteome"
869,4,2923,0.13684570646596,"proteome"
870,15,2923,0.513171399247349,"proteome"
871,1652,2923,56.5172767704413,"proteome"
872,13,2923,0.444748546014369,"proteome"
873,1464,2923,50.0855285665412,"proteome"
874,276,2923,9.44235374615121,"proteome"
875,5,2923,0.17105713308245,"proteome"
876,2,2923,0.0684228532329798,"proteome"
877,101,2923,3.45535408826548,"proteome"
878,152,2923,5.20013684570647,"proteome"
879,101,2923,3.45535408826548,"proteome"
880,99,2923,3.3869312350325,"proteome"
881,3,2923,0.10263427984947,"proteome"
882,3,2923,0.10263427984947,"proteome"
883,7,2923,0.239479986315429,"proteome"
884,7,2923,0.239479986315429,"proteome"
885,3,2923,0.10263427984947,"proteome"
886,1462,2923,50.0171057133082,"proteome"
887,1462,2923,50.0171057133082,"proteome"
888,386,2923,13.2056106739651,"proteome"
889,5,2923,0.17105713308245,"proteome"
890,122,2923,4.17379404721177,"proteome"
891,1462,2923,50.0171057133082,"proteome"
892,4,2923,0.13684570646596,"proteome"
893,310,2923,10.6055422511119,"proteome"
894,1462,2923,50.0171057133082,"proteome"
895,4,2923,0.13684570646596,"proteome"
896,1466,2923,50.1539514197742,"proteome"
897,571,2923,19.5347245980157,"proteome"
898,2,2923,0.0684228532329798,"proteome"
899,1460,2923,49.9486828600753,"proteome"
900,3,2923,0.10263427984947,"proteome"
901,1464,2923,50.0855285665412,"proteome"
902,3,2923,0.10263427984947,"proteome"
903,80,2923,2.73691412931919,"proteome"
904,15,2923,0.513171399247349,"proteome"
905,3,2923,0.10263427984947,"proteome"
906,5,2923,0.17105713308245,"proteome"
907,7,2923,0.239479986315429,"proteome"
908,218,2923,7.4580910023948,"proteome"
909,1462,2923,50.0171057133082,"proteome"
910,1465,2923,50.1197399931577,"proteome"
911,95,2923,3.25008552856654,"proteome"
912,170,2923,5.81594252480328,"proteome"
913,110,2923,3.76325692781389,"proteome"
914,10,2923,0.342114266164899,"proteome"
915,85,2923,2.90797126240164,"proteome"
916,1542,2923,52.7540198426274,"proteome"
917,9,2923,0.307902839548409,"proteome"
918,4,2923,0.13684570646596,"proteome"
919,368,2923,12.5898049948683,"proteome"
920,100,2923,3.42114266164899,"proteome"
921,2,2923,0.0684228532329798,"proteome"
922,97,2923,3.31850838179952,"proteome"
923,4,2923,0.13684570646596,"proteome"
924,659,2923,22.5453301402668,"proteome"
925,10,2923,0.342114266164899,"proteome"
926,8,2923,0.273691412931919,"proteome"
927,1480,2923,50.6329113924051,"proteome"
928,108,2923,3.69483407458091,"proteome"
929,1461,2923,49.9828942866918,"proteome"
930,7,2923,0.239479986315429,"proteome"
931,1461,2923,49.9828942866918,"proteome"
932,10,2923,0.342114266164899,"proteome"
933,7,2923,0.239479986315429,"proteome"
934,5,2923,0.17105713308245,"proteome"
935,394,2923,13.479302086897,"proteome"
936,108,2923,3.69483407458091,"proteome"
937,370,2923,12.6582278481013,"proteome"
938,294,2923,10.058159425248,"proteome"
939,6,2923,0.205268559698939,"proteome"
940,6,2923,0.205268559698939,"proteome"
941,3,2923,0.10263427984947,"proteome"
942,1462,2923,50.0171057133082,"proteome"
943,100,2923,3.42114266164899,"proteome"
944,95,2923,3.25008552856654,"proteome"
945,3,2923,0.10263427984947,"proteome"
946,17,2923,0.581594252480328,"proteome"
947,111,2923,3.79746835443038,"proteome"
948,7,2923,0.239479986315429,"proteome"
949,1571,2923,53.7461512145056,"proteome"
950,2,2923,0.0684228532329798,"proteome"
951,18,2923,0.615805679096818,"proteome"
952,1464,2923,50.0855285665412,"proteome"
953,8,2923,0.273691412931919,"proteome"
954,2,2923,0.0684228532329798,"proteome"
955,4,2923,0.13684570646596,"proteome"
956,3,2923,0.10263427984947,"proteome"
957,5,2923,0.17105713308245,"proteome"
958,7,2923,0.239479986315429,"proteome"
959,9,2923,0.307902839548409,"proteome"
960,5,2923,0.17105713308245,"proteome"
961,15,2923,0.513171399247349,"proteome"
962,4,2923,0.13684570646596,"proteome"
963,7,2923,0.239479986315429,"proteome"
964,10,2923,0.342114266164899,"proteome"
965,1460,2923,49.9486828600753,"proteome"
966,6,2923,0.205268559698939,"proteome"
967,75,2923,2.56585699623674,"proteome"
968,218,2923,7.4580910023948,"proteome"
969,9,2923,0.307902839548409,"proteome"
970,11,2923,0.376325692781389,"proteome"
971,2,2923,0.0684228532329798,"proteome"
972,8,2923,0.273691412931919,"proteome"
973,7,2923,0.239479986315429,"proteome"
974,3,2923,0.10263427984947,"proteome"
975,153,2923,5.23434827232296,"proteome"
976,15,2923,0.513171399247349,"proteome"
977,3,2923,0.10263427984947,"proteome"
978,1463,2923,50.0513171399247,"proteome"
979,99,2923,3.3869312350325,"proteome"
980,1746,2923,59.7331508723914,"proteome"
981,127,2923,4.34485118029422,"proteome"
982,7,2923,0.239479986315429,"proteome"
983,1463,2923,50.0513171399247,"proteome"
984,7,2923,0.239479986315429,"proteome"
985,99,2923,3.3869312350325,"proteome"
986,12,2923,0.410537119397879,"proteome"
987,148,2923,5.06329113924051,"proteome"
988,3,2923,0.10263427984947,"proteome"
989,7,2923,0.239479986315429,"proteome"
990,1464,2923,50.0855285665412,"proteome"
991,3,2923,0.10263427984947,"proteome"
992,384,2923,13.1371878207321,"proteome"
993,3,2923,0.10263427984947,"proteome"
994,111,2923,3.79746835443038,"proteome"
995,1461,2923,49.9828942866918,"proteome"
996,4,2923,0.13684570646596,"proteome"
997,8,2923,0.273691412931919,"proteome"
998,101,2923,3.45535408826548,"proteome"
999,367,2923,12.5555935682518,"proteome"
1000,4,2923,0.13684570646596,"proteome"
1001,239,2923,8.17653096134109,"proteome"
1002,1464,2923,50.0855285665412,"proteome"
1003,352,2923,12.0424221690044,"proteome"
1004,105,2923,3.59219979473144,"proteome"
1005,5,2923,0.17105713308245,"proteome"
1006,8,2923,0.273691412931919,"proteome"
1007,1461,2923,49.9828942866918,"proteome"
1008,171,2923,5.85015395141977,"proteome"
1009,112,2923,3.83167978104687,"proteome"
1010,9,2923,0.307902839548409,"proteome"
1011,1477,2923,50.5302771125556,"proteome"
1012,18,2923,0.615805679096818,"proteome"
1013,230,2923,7.86862812179268,"proteome"
1014,2,2923,0.0684228532329798,"proteome"
1015,208,2923,7.1159767362299,"proteome"
1016,373,2923,12.7608621279507,"proteome"
1017,1463,2923,50.0513171399247,"proteome"
1018,1569,2923,53.6777283612727,"proteome"
1019,4,2923,0.13684570646596,"proteome"
1020,1466,2923,50.1539514197742,"proteome"
1021,3,2923,0.10263427984947,"proteome"
1022,1984,2923,67.875470407116,"proteome"
1023,325,2923,11.1187136503592,"proteome"
1024,8,2923,0.273691412931919,"proteome"
1025,1462,2923,50.0171057133082,"proteome"
1026,5,2923,0.17105713308245,"proteome"
1027,4,2923,0.13684570646596,"proteome"
1028,1,2923,0.0342114266164899,"proteome"
1029,11,2923,0.376325692781389,"proteome"
1030,10,2923,0.342114266164899,"proteome"
1031,10,2923,0.342114266164899,"proteome"
1032,3,2923,0.10263427984947,"proteome"
1033,94,2923,3.21587410195005,"proteome"
1034,4,2923,0.13684570646596,"proteome"
1035,99,2923,3.3869312350325,"proteome"
1036,4,2923,0.13684570646596,"proteome"
1037,3,2923,0.10263427984947,"proteome"
1038,305,2923,10.4344851180294,"proteome"
1039,1461,2923,49.9828942866918,"proteome"
1040,2294,2923,78.4810126582279,"proteome"
1041,111,2923,3.79746835443038,"proteome"
1042,4,2923,0.13684570646596,"proteome"
1043,10,2923,0.342114266164899,"proteome"
1044,4,2923,0.13684570646596,"proteome"
1045,4,2923,0.13684570646596,"proteome"
1046,5,2923,0.17105713308245,"proteome"
1047,7,2923,0.239479986315429,"proteome"
1048,2,2923,0.0684228532329798,"proteome"
1049,24,2923,0.821074238795758,"proteome"
1050,5,2923,0.17105713308245,"proteome"
1051,1461,2923,49.9828942866918,"proteome"
1052,5,2923,0.17105713308245,"proteome"
1053,1463,2923,50.0513171399247,"proteome"
1054,2,2923,0.0684228532329798,"proteome"
1055,1461,2923,49.9828942866918,"proteome"
1056,7,2923,0.239479986315429,"proteome"
1057,10,2923,0.342114266164899,"proteome"
1058,6,2923,0.205268559698939,"proteome"
1059,70,2923,2.39479986315429,"proteome"
1060,1570,2923,53.7119397878892,"proteome"
1061,1462,2923,50.0171057133082,"proteome"
1062,1472,2923,50.3592199794731,"proteome"
1063,74,2923,2.53164556962025,"proteome"
1064,5,2923,0.17105713308245,"proteome"
1065,118,2923,4.03694834074581,"proteome"
1066,6,2923,0.205268559698939,"proteome"
1067,168,2923,5.7475196715703,"proteome"
1068,1462,2923,50.0171057133082,"proteome"
1069,4,2923,0.13684570646596,"proteome"
1070,3,2923,0.10263427984947,"proteome"
1071,1468,2923,50.2223742730072,"proteome"
1072,88,2923,3.01060554225111,"proteome"
1073,185,2923,6.32911392405063,"proteome"
1074,109,2923,3.7290455011974,"proteome"
1075,100,2923,3.42114266164899,"proteome"
1076,4,2923,0.13684570646596,"proteome"
1077,1468,2923,50.2223742730072,"proteome"
1078,12,2923,0.410537119397879,"proteome"
1079,2,2923,0.0684228532329798,"proteome"
1080,1461,2923,49.9828942866918,"proteome"
1081,7,2923,0.239479986315429,"proteome"
1082,254,2923,8.68970236058844,"proteome"
1083,1461,2923,49.9828942866918,"proteome"
1084,1461,2923,49.9828942866918,"proteome"
1085,6,2923,0.205268559698939,"proteome"
1086,365,2923,12.4871707150188,"proteome"
1087,14,2923,0.478959972630859,"proteome"
1088,4,2923,0.13684570646596,"proteome"
1089,392,2923,13.410879233664,"proteome"
1090,8,2923,0.273691412931919,"proteome"
1091,1468,2923,50.2223742730072,"proteome"
1092,1,2923,0.0342114266164899,"proteome"
1093,3,2923,0.10263427984947,"proteome"
1094,4,2923,0.13684570646596,"proteome"
1095,130,2923,4.44748546014369,"proteome"
1096,109,2923,3.7290455011974,"proteome"
1097,5,2923,0.17105713308245,"proteome"
1098,8,2923,0.273691412931919,"proteome"
1099,11,2923,0.376325692781389,"proteome"
1100,1541,2923,52.7198084160109,"proteome"
1101,150,2923,5.13171399247349,"proteome"
1102,82,2923,2.80533698255217,"proteome"
1103,2,2923,0.0684228532329798,"proteome"
1104,100,2923,3.42114266164899,"proteome"
1105,1478,2923,50.5644885391721,"proteome"
1106,1463,2923,50.0513171399247,"proteome"
1107,11,2923,0.376325692781389,"proteome"
1108,4,2923,0.13684570646596,"proteome"
1109,2,2923,0.0684228532329798,"proteome"
1110,1469,2923,50.2565856996237,"proteome"
1111,2,2923,0.0684228532329798,"proteome"
1112,573,2923,19.6031474512487,"proteome"
1113,760,2923,26.0006842285323,"proteome"
1114,286,2923,9.78446801231611,"proteome"
1115,10,2923,0.342114266164899,"proteome"
1116,10,2923,0.342114266164899,"proteome"
1117,3,2923,0.10263427984947,"proteome"
1118,3,2923,0.10263427984947,"proteome"
1119,5,2923,0.17105713308245,"proteome"
1120,1468,2923,50.2223742730072,"proteome"
1121,122,2923,4.17379404721177,"proteome"
1122,92,2923,3.14745124871707,"proteome"
1123,2,2923,0.0684228532329798,"proteome"
1124,1468,2923,50.2223742730072,"proteome"
1125,5,2923,0.17105713308245,"proteome"
1126,370,2923,12.6582278481013,"proteome"
1127,1928,2923,65.9596305165925,"proteome"
1128,100,2923,3.42114266164899,"proteome"
1129,1480,2923,50.6329113924051,"proteome"
1130,6,2923,0.205268559698939,"proteome"
1131,286,2923,9.78446801231611,"proteome"
1132,99,2923,3.3869312350325,"proteome"
1133,1,2923,0.0342114266164899,"proteome"
1134,96,2923,3.28429695518303,"proteome"
1135,5,2923,0.17105713308245,"proteome"
1136,2,2923,0.0684228532329798,"proteome"
1137,2,2923,0.0684228532329798,"proteome"
1138,474,2923,16.2162162162162,"proteome"
1139,1463,2923,50.0513171399247,"proteome"
1140,5,2923,0.17105713308245,"proteome"
1141,1468,2923,50.2223742730072,"proteome"
1142,3,2923,0.10263427984947,"proteome"
1143,271,2923,9.27129661306877,"proteome"
1144,104,2923,3.55798836811495,"proteome"
1145,3,2923,0.10263427984947,"proteome"
1146,310,2923,10.6055422511119,"proteome"
1147,3,2923,0.10263427984947,"proteome"
1148,1467,2923,50.1881628463907,"proteome"
1149,240,2923,8.21074238795758,"proteome"
1150,1,2923,0.0342114266164899,"proteome"
1151,6,2923,0.205268559698939,"proteome"
1152,1461,2923,49.9828942866918,"proteome"
1153,147,2923,5.02907971262402,"proteome"
1154,1464,2923,50.0855285665412,"proteome"
1155,9,2923,0.307902839548409,"proteome"
1156,51,2923,1.74478275744099,"proteome"
1157,4,2923,0.13684570646596,"proteome"
1158,385,2923,13.1713992473486,"proteome"
1159,2,2923,0.0684228532329798,"proteome"
1160,23,2923,0.786862812179268,"proteome"
1161,1461,2923,49.9828942866918,"proteome"
1162,2,2923,0.0684228532329798,"proteome"
1163,7,2923,0.239479986315429,"proteome"
1164,3,2923,0.10263427984947,"proteome"
1165,3,2923,0.10263427984947,"proteome"
1166,1469,2923,50.2565856996237,"proteome"
1167,2,2923,0.0684228532329798,"proteome"
1168,1463,2923,50.0513171399247,"proteome"
1169,302,2923,10.33185083818,"proteome"
1170,7,2923,0.239479986315429,"proteome"
1171,30,2923,1.0263427984947,"proteome"
1172,115,2923,3.93431406089634,"proteome"
1173,4,2923,0.13684570646596,"proteome"
1174,3,2923,0.10263427984947,"proteome"
1175,119,2923,4.0711597673623,"proteome"
1176,6,2923,0.205268559698939,"proteome"
1177,97,2923,3.31850838179952,"proteome"
1178,202,2923,6.91070817653096,"proteome"
1179,10,2923,0.342114266164899,"proteome"
1180,114,2923,3.90010263427985,"proteome"
1181,6,2923,0.205268559698939,"proteome"
1182,6,2923,0.205268559698939,"proteome"
1183,3,2923,0.10263427984947,"proteome"
1184,15,2923,0.513171399247349,"proteome"
1185,8,2923,0.273691412931919,"proteome"
1186,4,2923,0.13684570646596,"proteome"
1187,1461,2923,49.9828942866918,"proteome"
1188,6,2923,0.205268559698939,"proteome"
1189,76,2923,2.60006842285323,"proteome"
1190,1825,2923,62.4358535750941,"proteome"
1191,6,2923,0.205268559698939,"proteome"
1192,1464,2923,50.0855285665412,"proteome"
1193,154,2923,5.26855969893945,"proteome"
1194,18,2923,0.615805679096818,"proteome"
1195,23,2923,0.786862812179268,"proteome"
1196,1572,2923,53.7803626411221,"proteome"
1197,5,2923,0.17105713308245,"proteome"
1198,99,2923,3.3869312350325,"proteome"
1199,2,2923,0.0684228532329798,"proteome"
1200,7,2923,0.239479986315429,"proteome"
1201,3,2923,0.10263427984947,"proteome"
1202,111,2923,3.79746835443038,"proteome"
1203,1464,2923,50.0855285665412,"proteome"
1204,98,2923,3.35271980841601,"proteome"
1205,6,2923,0.205268559698939,"proteome"
1206,6,2923,0.205268559698939,"proteome"
1207,185,2923,6.32911392405063,"proteome"
1208,353,2923,12.0766335956209,"proteome"
1209,5,2923,0.17105713308245,"proteome"
1210,1463,2923,50.0513171399247,"proteome"
1211,6,2923,0.205268559698939,"proteome"
1212,6,2923,0.205268559698939,"proteome"
1213,5,2923,0.17105713308245,"proteome"
1214,94,2923,3.21587410195005,"proteome"
1215,1463,2923,50.0513171399247,"proteome"
1216,1,2923,0.0342114266164899,"proteome"
1217,4,2923,0.13684570646596,"proteome"
1218,4,2923,0.13684570646596,"proteome"
1219,2558,2923,87.5128292849812,"proteome"
1220,733,2923,25.0769757098871,"proteome"
1221,24,2923,0.821074238795758,"proteome"
1222,3,2923,0.10263427984947,"proteome"
1223,181,2923,6.19226821758467,"proteome"
1224,148,2923,5.06329113924051,"proteome"
1225,148,2923,5.06329113924051,"proteome"
1226,1462,2923,50.0171057133082,"proteome"
1227,5,2923,0.17105713308245,"proteome"
1228,1461,2923,49.9828942866918,"proteome"
1229,251,2923,8.58706808073897,"proteome"
1230,1463,2923,50.0513171399247,"proteome"
1231,968,2923,33.1166609647622,"proteome"
1232,118,2923,4.03694834074581,"proteome"
1233,5,2923,0.17105713308245,"proteome"
1234,96,2923,3.28429695518303,"proteome"
1235,1566,2923,53.5750940814232,"proteome"
1236,1462,2923,50.0171057133082,"proteome"
1237,1463,2923,50.0513171399247,"proteome"
1238,2,2923,0.0684228532329798,"proteome"
1239,7,2923,0.239479986315429,"proteome"
1240,4,2923,0.13684570646596,"proteome"
1241,1,2923,0.0342114266164899,"proteome"
1242,1,2923,0.0342114266164899,"proteome"
1243,5,2923,0.17105713308245,"proteome"
1244,97,2923,3.31850838179952,"proteome"
1245,3,2923,0.10263427984947,"proteome"
1246,320,2923,10.9476565172768,"proteome"
1247,1461,2923,49.9828942866918,"proteome"
1248,392,2923,13.410879233664,"proteome"
1249,1462,2923,50.0171057133082,"proteome"
1250,154,2923,5.26855969893945,"proteome"
1251,1462,2923,50.0171057133082,"proteome"
1252,146,2923,4.99486828600753,"proteome"
1253,1461,2923,49.9828942866918,"proteome"
1254,2,2923,0.0684228532329798,"proteome"
1255,1461,2923,49.9828942866918,"proteome"
1256,14,2923,0.478959972630859,"proteome"
1257,7,2923,0.239479986315429,"proteome"
1258,1,2923,0.0342114266164899,"proteome"
1259,3,2923,0.10263427984947,"proteome"
1260,251,2923,8.58706808073897,"proteome"
1261,1470,2923,50.2907971262402,"proteome"
1262,1472,2923,50.3592199794731,"proteome"
1263,173,2923,5.91857680465275,"proteome"
1264,236,2923,8.07389668149162,"proteome"
1265,102,2923,3.48956551488197,"proteome"
1266,14,2923,0.478959972630859,"proteome"
1267,151,2923,5.16592541908998,"proteome"
1268,8,2923,0.273691412931919,"proteome"
1269,3,2923,0.10263427984947,"proteome"
1270,5,2923,0.17105713308245,"proteome"
1271,18,2923,0.615805679096818,"proteome"
1272,114,2923,3.90010263427985,"proteome"
1273,8,2923,0.273691412931919,"proteome"
1274,145,2923,4.96065685939104,"proteome"
1275,7,2923,0.239479986315429,"proteome"
1276,4,2923,0.13684570646596,"proteome"
1277,1463,2923,50.0513171399247,"proteome"
1278,96,2923,3.28429695518303,"proteome"
1279,86,2923,2.94218268901813,"proteome"
1280,92,2923,3.14745124871707,"proteome"
1281,8,2923,0.273691412931919,"proteome"
1282,1,2923,0.0342114266164899,"proteome"
1283,334,2923,11.4266164899076,"proteome"
1284,219,2923,7.49230242901129,"proteome"
1285,93,2923,3.18166267533356,"proteome"
1286,7,2923,0.239479986315429,"proteome"
1287,561,2923,19.1926103318508,"proteome"
1288,102,2923,3.48956551488197,"proteome"
1289,5,2923,0.17105713308245,"proteome"
1290,1642,2923,56.1751625042764,"proteome"
1291,3,2923,0.10263427984947,"proteome"
1292,393,2923,13.4450906602805,"proteome"
1293,4,2923,0.13684570646596,"proteome"
1294,7,2923,0.239479986315429,"proteome"
1295,7,2923,0.239479986315429,"proteome"
1296,2,2923,0.0684228532329798,"proteome"
1297,4,2923,0.13684570646596,"proteome"
1298,310,2923,10.6055422511119,"proteome"
1299,1464,2923,50.0855285665412,"proteome"
1300,330,2923,11.2897707834417,"proteome"
1301,2,2923,0.0684228532329798,"proteome"
1302,1464,2923,50.0855285665412,"proteome"
1303,274,2923,9.37393089291824,"proteome"
1304,111,2923,3.79746835443038,"proteome"
1305,1461,2923,49.9828942866918,"proteome"
1306,4,2923,0.13684570646596,"proteome"
1307,457,2923,15.6346219637359,"proteome"
1308,1462,2923,50.0171057133082,"proteome"
1309,15,2923,0.513171399247349,"proteome"
1310,1934,2923,66.1648990762915,"proteome"
1311,1461,2923,49.9828942866918,"proteome"
1312,6,2923,0.205268559698939,"proteome"
1313,96,2923,3.28429695518303,"proteome"
1314,4,2923,0.13684570646596,"proteome"
1315,76,2923,2.60006842285323,"proteome"
1316,14,2923,0.478959972630859,"proteome"
1317,199,2923,6.80807389668149,"proteome"
1318,69,2923,2.3605884365378,"proteome"
1319,3,2923,0.10263427984947,"proteome"
1320,100,2923,3.42114266164899,"proteome"
1321,593,2923,20.2873759835785,"proteome"
1322,1,2923,0.0342114266164899,"proteome"
1323,5,2923,0.17105713308245,"proteome"
1324,6,2923,0.205268559698939,"proteome"
1325,1462,2923,50.0171057133082,"proteome"
1326,3,2923,0.10263427984947,"proteome"
1327,4,2923,0.13684570646596,"proteome"
1328,1463,2923,50.0513171399247,"proteome"
1329,8,2923,0.273691412931919,"proteome"
1330,8,2923,0.273691412931919,"proteome"
1331,68,2923,2.32637700992131,"proteome"
1332,91,2923,3.11323982210058,"proteome"
1333,1649,2923,56.4146424905919,"proteome"
1334,5,2923,0.17105713308245,"proteome"
1335,11,2923,0.376325692781389,"proteome"
1336,114,2923,3.90010263427985,"proteome"
1337,1,2923,0.0342114266164899,"proteome"
1338,5,2923,0.17105713308245,"proteome"
1339,5,2923,0.17105713308245,"proteome"
1340,449,2923,15.360930550804,"proteome"
1341,1468,2923,50.2223742730072,"proteome"
1342,90,2923,3.07902839548409,"proteome"
1343,390,2923,13.3424563804311,"proteome"
1344,4,2923,0.13684570646596,"proteome"
1345,8,2923,0.273691412931919,"proteome"
1346,3,2923,0.10263427984947,"proteome"
1347,73,2923,2.49743414300376,"proteome"
1348,7,2923,0.239479986315429,"proteome"
1349,4,2923,0.13684570646596,"proteome"
1350,78,2923,2.66849127608621,"proteome"
1351,347,2923,11.871365035922,"proteome"
1352,4,2923,0.13684570646596,"proteome"
1353,93,2923,3.18166267533356,"proteome"
1354,22,2923,0.752651385562778,"proteome"
1355,148,2923,5.06329113924051,"proteome"
1356,130,2923,4.44748546014369,"proteome"
1357,15,2923,0.513171399247349,"proteome"
1358,1462,2923,50.0171057133082,"proteome"
1359,15,2923,0.513171399247349,"proteome"
1360,5,2923,0.17105713308245,"proteome"
1361,1462,2923,50.0171057133082,"proteome"
1362,85,2923,2.90797126240164,"proteome"
1363,11,2923,0.376325692781389,"proteome"
1364,1464,2923,50.0855285665412,"proteome"
1365,21,2923,0.718439958946288,"proteome"
1366,10,2923,0.342114266164899,"proteome"
1367,1563,2923,53.4724598015737,"proteome"
1368,1469,2923,50.2565856996237,"proteome"
1369,1463,2923,50.0513171399247,"proteome"
1370,5,2923,0.17105713308245,"proteome"
1371,13,2923,0.444748546014369,"proteome"
1372,1463,2923,50.0513171399247,"proteome"
1373,102,2923,3.48956551488197,"proteome"
1374,8,2923,0.273691412931919,"proteome"
1375,1461,2923,49.9828942866918,"proteome"
1376,4,2923,0.13684570646596,"proteome"
1377,2194,2923,75.0598699965789,"proteome"
1378,97,2923,3.31850838179952,"proteome"
1379,51,2923,1.74478275744099,"proteome"
1380,99,2923,3.3869312350325,"proteome"
1381,30,2923,1.0263427984947,"proteome"
1382,1460,2923,49.9486828600753,"proteome"
1383,10,2923,0.342114266164899,"proteome"
1384,4,2923,0.13684570646596,"proteome"
1385,1461,2923,49.9828942866918,"proteome"
1386,4,2923,0.13684570646596,"proteome"
1387,8,2923,0.273691412931919,"proteome"
1388,3,2923,0.10263427984947,"proteome"
1389,104,2923,3.55798836811495,"proteome"
1390,214,2923,7.32124529592884,"proteome"
1391,29,2923,0.992131371878207,"proteome"
1392,1463,2923,50.0513171399247,"proteome"
1393,118,2923,4.03694834074581,"proteome"
1394,5,2923,0.17105713308245,"proteome"
1395,8,2923,0.273691412931919,"proteome"
1396,102,2923,3.48956551488197,"proteome"
1397,5,2923,0.17105713308245,"proteome"
1398,14,2923,0.478959972630859,"proteome"
1399,11,2923,0.376325692781389,"proteome"
1400,3,2923,0.10263427984947,"proteome"
1401,5,2923,0.17105713308245,"proteome"
1402,5,2923,0.17105713308245,"proteome"
1403,7,2923,0.239479986315429,"proteome"
1404,18,2923,0.615805679096818,"proteome"
1405,3,2923,0.10263427984947,"proteome"
1406,16,2923,0.547382825863839,"proteome"
1407,6,2923,0.205268559698939,"proteome"
1408,98,2923,3.35271980841601,"proteome"
1409,3,2923,0.10263427984947,"proteome"
1410,170,2923,5.81594252480328,"proteome"
1411,96,2923,3.28429695518303,"proteome"
1412,95,2923,3.25008552856654,"proteome"
1413,1480,2923,50.6329113924051,"proteome"
1414,1573,2923,53.8145740677386,"proteome"
1415,111,2923,3.79746835443038,"proteome"
1416,32,2923,1.09476565172768,"proteome"
1417,11,2923,0.376325692781389,"proteome"
1418,1464,2923,50.0855285665412,"proteome"
1419,1463,2923,50.0513171399247,"proteome"
1420,1462,2923,50.0171057133082,"proteome"
1421,74,2923,2.53164556962025,"proteome"
1422,1461,2923,49.9828942866918,"proteome"
1423,1472,2923,50.3592199794731,"proteome"
1424,18,2923,0.615805679096818,"proteome"
1425,1462,2923,50.0171057133082,"proteome"
1426,100,2923,3.42114266164899,"proteome"
1427,179,2923,6.12384536435169,"proteome"
1428,97,2923,3.31850838179952,"proteome"
1429,1545,2923,52.8566541224769,"proteome"
1430,5,2923,0.17105713308245,"proteome"
1431,146,2923,4.99486828600753,"proteome"
1432,7,2923,0.239479986315429,"proteome"
1433,150,2923,5.13171399247349,"proteome"
1434,1463,2923,50.0513171399247,"proteome"
1435,6,2923,0.205268559698939,"proteome"
1436,1462,2923,50.0171057133082,"proteome"
1437,7,2923,0.239479986315429,"proteome"
1438,19,2923,0.650017105713308,"proteome"
1439,7,2923,0.239479986315429,"proteome"
1440,150,2923,5.13171399247349,"proteome"
1441,1463,2923,50.0513171399247,"proteome"
1442,5,2923,0.17105713308245,"proteome"
1443,4,2923,0.13684570646596,"proteome"
1444,1,2923,0.0342114266164899,"proteome"
1445,78,2923,2.66849127608621,"proteome"
1446,193,2923,6.60280533698255,"proteome"
1447,152,2923,5.20013684570647,"proteome"
1448,212,2923,7.25282244269586,"proteome"
1449,9,2923,0.307902839548409,"proteome"
1450,7,2923,0.239479986315429,"proteome"
1451,1463,2923,50.0513171399247,"proteome"
1452,3,2923,0.10263427984947,"proteome"
1453,1462,2923,50.0171057133082,"proteome"
1454,384,2923,13.1371878207321,"proteome"
1455,11,2923,0.376325692781389,"proteome"
1456,11,2923,0.376325692781389,"proteome"
1457,8,2923,0.273691412931919,"proteome"
1458,10,2923,0.342114266164899,"proteome"
1459,110,2923,3.76325692781389,"proteome"
1460,3,2923,0.10263427984947,"proteome"
1461,1571,2923,53.7461512145056,"proteome"
1462,146,2923,4.99486828600753,"proteome"
1463,1465,2923,50.1197399931577,"proteome"
1464,198,2923,6.773862470065,"proteome"
1465,4,2923,0.13684570646596,"proteome"
1466,15,2923,0.513171399247349,"proteome"
1467,1461,2923,49.9828942866918,"proteome"
1468,120,2923,4.10537119397879,"proteome"
1469,421,2923,14.4030106055423,"proteome"
1470,150,2923,5.13171399247349,"proteome"
1471,14,2923,0.478959972630859,"proteome"
1472,4,2923,0.13684570646596,"proteome"
1473,1701,2923,58.1936366746493,"proteome"
1474,3,2923,0.10263427984947,"proteome"
1475,1462,2923,50.0171057133082,"proteome"
1476,1460,2923,49.9486828600753,"proteome"
1477,214,2923,7.32124529592884,"proteome"
1478,1461,2923,49.9828942866918,"proteome"
1479,4,2923,0.13684570646596,"proteome"
1480,11,2923,0.376325692781389,"proteome"
1481,6,2923,0.205268559698939,"proteome"
1482,74,2923,2.53164556962025,"proteome"
1483,7,2923,0.239479986315429,"proteome"
1484,113,2923,3.86589120766336,"proteome"
1485,1683,2923,57.5778309955525,"proteome"
1486,285,2923,9.75025658569962,"proteome"
1487,2,2923,0.0684228532329798,"proteome"
1488,2,2923,0.0684228532329798,"proteome"
1489,7,2923,0.239479986315429,"proteome"
1490,6,2923,0.205268559698939,"proteome"
1491,5,2923,0.17105713308245,"proteome"
1492,1468,2923,50.2223742730072,"proteome"
1493,15,2923,0.513171399247349,"proteome"
1494,10,2923,0.342114266164899,"proteome"
1495,1461,2923,49.9828942866918,"proteome"
1496,3,2923,0.10263427984947,"proteome"
1497,4,2923,0.13684570646596,"proteome"
1498,11,2923,0.376325692781389,"proteome"
1499,2295,2923,78.5152240848443,"proteome"
1500,5,2923,0.17105713308245,"proteome"
1501,32,2923,1.09476565172768,"proteome"
1502,6,2923,0.205268559698939,"proteome"
1503,17,2923,0.581594252480328,"proteome"
1504,1463,2923,50.0513171399247,"proteome"
1505,15,2923,0.513171399247349,"proteome"
1506,2,2923,0.0684228532329798,"proteome"
1507,5,2923,0.17105713308245,"proteome"
1508,1573,2923,53.8145740677386,"proteome"
1509,113,2923,3.86589120766336,"proteome"
1510,1461,2923,49.9828942866918,"proteome"
1511,22,2923,0.752651385562778,"proteome"
1512,426,2923,14.5740677386247,"proteome"
1513,8,2923,0.273691412931919,"proteome"
1514,13,2923,0.444748546014369,"proteome"
1515,3,2923,0.10263427984947,"proteome"
1516,4,2923,0.13684570646596,"proteome"
1517,9,2923,0.307902839548409,"proteome"
1518,10,2923,0.342114266164899,"proteome"
1519,1464,2923,50.0855285665412,"proteome"
1520,120,2923,4.10537119397879,"proteome"
1521,7,2923,0.239479986315429,"proteome"
1522,1535,2923,52.514539856312,"proteome"
1523,7,2923,0.239479986315429,"proteome"
1524,1461,2923,49.9828942866918,"proteome"
1525,3,2923,0.10263427984947,"proteome"
1526,4,2923,0.13684570646596,"proteome"
1527,278,2923,9.51077659938419,"proteome"
1528,190,2923,6.50017105713308,"proteome"
1529,1462,2923,50.0171057133082,"proteome"
1530,1571,2923,53.7461512145056,"proteome"
1531,3,2923,0.10263427984947,"proteome"
1532,1571,2923,53.7461512145056,"proteome"
1533,8,2923,0.273691412931919,"proteome"
1534,112,2923,3.83167978104687,"proteome"
1535,12,2923,0.410537119397879,"proteome"
1536,3,2923,0.10263427984947,"proteome"
1537,10,2923,0.342114266164899,"proteome"
1538,7,2923,0.239479986315429,"proteome"
1539,108,2923,3.69483407458091,"proteome"
1540,1461,2923,49.9828942866918,"proteome"
1541,7,2923,0.239479986315429,"proteome"
1542,4,2923,0.13684570646596,"proteome"
1543,1463,2923,50.0513171399247,"proteome"
1544,8,2923,0.273691412931919,"proteome"
1545,1469,2923,50.2565856996237,"proteome"
1546,10,2923,0.342114266164899,"proteome"
1547,30,2923,1.0263427984947,"proteome"
1548,117,2923,4.00273691412932,"proteome"
1549,219,2923,7.49230242901129,"proteome"
1550,10,2923,0.342114266164899,"proteome"
1551,8,2923,0.273691412931919,"proteome"
1552,6,2923,0.205268559698939,"proteome"
1553,8,2923,0.273691412931919,"proteome"
1554,5,2923,0.17105713308245,"proteome"
1555,100,2923,3.42114266164899,"proteome"
1556,4,2923,0.13684570646596,"proteome"
1557,3,2923,0.10263427984947,"proteome"
1558,184,2923,6.29490249743414,"proteome"
1559,10,2923,0.342114266164899,"proteome"
1560,15,2923,0.513171399247349,"proteome"
1561,3,2923,0.10263427984947,"proteome"
1562,2,2923,0.0684228532329798,"proteome"
1563,8,2923,0.273691412931919,"proteome"
1564,6,2923,0.205268559698939,"proteome"
1565,5,2923,0.17105713308245,"proteome"
1566,10,2923,0.342114266164899,"proteome"
1567,5,2923,0.17105713308245,"proteome"
1568,14,2923,0.478959972630859,"proteome"
1569,5,2923,0.17105713308245,"proteome"
1570,1585,2923,54.2251111871365,"proteome"
1571,1468,2923,50.2223742730072,"proteome"
1572,3,2923,0.10263427984947,"proteome"
1573,10,2923,0.342114266164899,"proteome"
1574,10,2923,0.342114266164899,"proteome"
1575,1461,2923,49.9828942866918,"proteome"
1576,8,2923,0.273691412931919,"proteome"
1577,1461,2923,49.9828942866918,"proteome"
1578,4,2923,0.13684570646596,"proteome"
1579,1,2923,0.0342114266164899,"proteome"
1580,3,2923,0.10263427984947,"proteome"
1581,7,2923,0.239479986315429,"proteome"
1582,3,2923,0.10263427984947,"proteome"
1583,7,2923,0.239479986315429,"proteome"
1584,7,2923,0.239479986315429,"proteome"
1585,3,2923,0.10263427984947,"proteome"
1586,2,2923,0.0684228532329798,"proteome"
1587,4,2923,0.13684570646596,"proteome"
1588,70,2923,2.39479986315429,"proteome"
1589,146,2923,4.99486828600753,"proteome"
1590,8,2923,0.273691412931919,"proteome"
1591,2,2923,0.0684228532329798,"proteome"
1592,3,2923,0.10263427984947,"proteome"
1593,94,2923,3.21587410195005,"proteome"
1594,8,2923,0.273691412931919,"proteome"
1595,3,2923,0.10263427984947,"proteome"
1596,4,2923,0.13684570646596,"proteome"
1597,3,2923,0.10263427984947,"proteome"
1598,1468,2923,50.2223742730072,"proteome"
1599,210,2923,7.18439958946288,"proteome"
1600,1462,2923,50.0171057133082,"proteome"
1601,5,2923,0.17105713308245,"proteome"
1602,100,2923,3.42114266164899,"proteome"
1603,1461,2923,49.9828942866918,"proteome"
1604,7,2923,0.239479986315429,"proteome"
1605,1461,2923,49.9828942866918,"proteome"
1606,6,2923,0.205268559698939,"proteome"
1607,1462,2923,50.0171057133082,"proteome"
1608,159,2923,5.43961683202189,"proteome"
1609,1808,2923,61.8542593226137,"proteome"
1610,9,2923,0.307902839548409,"proteome"
1611,95,2923,3.25008552856654,"proteome"
1612,7,2923,0.239479986315429,"proteome"
1613,244,2923,8.34758809442354,"proteome"
1614,1461,2923,49.9828942866918,"proteome"
1615,1468,2923,50.2223742730072,"proteome"
1616,4,2923,0.13684570646596,"proteome"
1617,51,2923,1.74478275744099,"proteome"
1618,195,2923,6.67122819021553,"proteome"
1619,470,2923,16.0793705097503,"proteome"
1620,2,2923,0.0684228532329798,"proteome"
1621,5,2923,0.17105713308245,"proteome"
1622,1462,2923,50.0171057133082,"proteome"
1623,6,2923,0.205268559698939,"proteome"
1624,2,2923,0.0684228532329798,"proteome"
1625,1462,2923,50.0171057133082,"proteome"
1626,5,2923,0.17105713308245,"proteome"
1627,3,2923,0.10263427984947,"proteome"
1628,1460,2923,49.9486828600753,"proteome"
1629,5,2923,0.17105713308245,"proteome"
1630,2557,2923,87.4786178583647,"proteome"
1631,103,2923,3.52377694149846,"proteome"
1632,4,2923,0.13684570646596,"proteome"
1633,22,2923,0.752651385562778,"proteome"
1634,74,2923,2.53164556962025,"proteome"
1635,105,2923,3.59219979473144,"proteome"
1636,6,2923,0.205268559698939,"proteome"
1637,1580,2923,54.0540540540541,"proteome"
1638,1464,2923,50.0855285665412,"proteome"
1639,32,2923,1.09476565172768,"proteome"
1640,1466,2923,50.1539514197742,"proteome"
1641,4,2923,0.13684570646596,"proteome"
1642,4,2923,0.13684570646596,"proteome"
1643,5,2923,0.17105713308245,"proteome"
1644,6,2923,0.205268559698939,"proteome"
1645,1468,2923,50.2223742730072,"proteome"
1646,10,2923,0.342114266164899,"proteome"
1647,102,2923,3.48956551488197,"proteome"
1648,261,2923,8.92918234690387,"proteome"
1649,11,2923,0.376325692781389,"proteome"
1650,123,2923,4.20800547382826,"proteome"
1651,5,2923,0.17105713308245,"proteome"
1652,1464,2923,50.0855285665412,"proteome"
1653,1464,2923,50.0855285665412,"proteome"
1654,1462,2923,50.0171057133082,"proteome"
1655,9,2923,0.307902839548409,"proteome"
1656,1467,2923,50.1881628463907,"proteome"
1657,90,2923,3.07902839548409,"proteome"
1658,311,2923,10.6397536777284,"proteome"
1659,4,2923,0.13684570646596,"proteome"
1660,1480,2923,50.6329113924051,"proteome"
1661,15,2923,0.513171399247349,"proteome"
1662,1472,2923,50.3592199794731,"proteome"
1663,77,2923,2.63427984946972,"proteome"
1664,98,2923,3.35271980841601,"proteome"
1665,4,2923,0.13684570646596,"proteome"
1666,3,2923,0.10263427984947,"proteome"
1667,4,2923,0.13684570646596,"proteome"
1668,100,2923,3.42114266164899,"proteome"
1669,7,2923,0.239479986315429,"proteome"
1670,1461,2923,49.9828942866918,"proteome"
1671,2,2923,0.0684228532329798,"proteome"
1672,2,2923,0.0684228532329798,"proteome"
1673,1463,2923,50.0513171399247,"proteome"
1674,1463,2923,50.0513171399247,"proteome"
1675,5,2923,0.17105713308245,"proteome"
1676,5,2923,0.17105713308245,"proteome"
1677,14,2923,0.478959972630859,"proteome"
1678,1461,2923,49.9828942866918,"proteome"
1679,13,2923,0.444748546014369,"proteome"
1680,1747,2923,59.7673622990079,"proteome"
1681,1463,2923,50.0513171399247,"proteome"
1682,4,2923,0.13684570646596,"proteome"
1683,10,2923,0.342114266164899,"proteome"
1684,123,2923,4.20800547382826,"proteome"
1685,1,2923,0.0342114266164899,"proteome"
1686,1477,2923,50.5302771125556,"proteome"
1687,1468,2923,50.2223742730072,"proteome"
1688,1,2923,0.0342114266164899,"proteome"
1689,7,2923,0.239479986315429,"proteome"
1690,1,2923,0.0342114266164899,"proteome"
1691,89,2923,3.0448169688676,"proteome"
1692,29,2923,0.992131371878207,"proteome"
1693,2,2923,0.0684228532329798,"proteome"
1694,1465,2923,50.1197399931577,"proteome"
1695,1477,2923,50.5302771125556,"proteome"
1696,2,2923,0.0684228532329798,"proteome"
1697,3,2923,0.10263427984947,"proteome"
1698,1460,2923,49.9486828600753,"proteome"
1699,121,2923,4.13958262059528,"proteome"
1700,2,2923,0.0684228532329798,"proteome"
1701,4,2923,0.13684570646596,"proteome"
1702,1461,2923,49.9828942866918,"proteome"
1703,100,2923,3.42114266164899,"proteome"
1704,3,2923,0.10263427984947,"proteome"
1705,13,2923,0.444748546014369,"proteome"
1706,3,2923,0.10263427984947,"proteome"
1707,500,2923,17.105713308245,"proteome"
1708,2,2923,0.0684228532329798,"proteome"
1709,197,2923,6.73965104344851,"proteome"
1710,72,2923,2.46322271638727,"proteome"
1711,27,2923,0.923708518645228,"proteome"
1712,14,2923,0.478959972630859,"proteome"
1713,1476,2923,50.4960656859391,"proteome"
1714,1995,2923,68.2517960998974,"proteome"
1715,176,2923,6.02121108450222,"proteome"
1716,2,2923,0.0684228532329798,"proteome"
1717,94,2923,3.21587410195005,"proteome"
1718,106,2923,3.62641122134793,"proteome"
1719,4,2923,0.13684570646596,"proteome"
1720,7,2923,0.239479986315429,"proteome"
1721,108,2923,3.69483407458091,"proteome"
1722,223,2923,7.62914813547725,"proteome"
1723,2,2923,0.0684228532329798,"proteome"
1724,174,2923,5.95278823126924,"proteome"
1725,1574,2923,53.8487854943551,"proteome"
1726,5,2923,0.17105713308245,"proteome"
1727,99,2923,3.3869312350325,"proteome"
1728,1461,2923,49.9828942866918,"proteome"
1729,145,2923,4.96065685939104,"proteome"
1730,5,2923,0.17105713308245,"proteome"
1731,4,2923,0.13684570646596,"proteome"
1732,10,2923,0.342114266164899,"proteome"
1733,5,2923,0.17105713308245,"proteome"
1734,6,2923,0.205268559698939,"proteome"
1735,8,2923,0.273691412931919,"proteome"
1736,1464,2923,50.0855285665412,"proteome"
1737,3,2923,0.10263427984947,"proteome"
1738,94,2923,3.21587410195005,"proteome"
1739,1461,2923,49.9828942866918,"proteome"
1740,2,2923,0.0684228532329798,"proteome"
1741,6,2923,0.205268559698939,"proteome"
1742,1461,2923,49.9828942866918,"proteome"
1743,14,2923,0.478959972630859,"proteome"
1744,9,2923,0.307902839548409,"proteome"
1745,12,2923,0.410537119397879,"proteome"
1746,5,2923,0.17105713308245,"proteome"
1747,148,2923,5.06329113924051,"proteome"
1748,2,2923,0.0684228532329798,"proteome"
1749,6,2923,0.205268559698939,"proteome"
1750,27,2923,0.923708518645228,"proteome"
1751,1464,2923,50.0855285665412,"proteome"
1752,1462,2923,50.0171057133082,"proteome"
1753,18,2923,0.615805679096818,"proteome"
1754,1472,2923,50.3592199794731,"proteome"
1755,368,2923,12.5898049948683,"proteome"
1756,122,2923,4.17379404721177,"proteome"
1757,2,2923,0.0684228532329798,"proteome"
1758,1460,2923,49.9486828600753,"proteome"
1759,2,2923,0.0684228532329798,"proteome"
1760,4,2923,0.13684570646596,"proteome"
1761,3,2923,0.10263427984947,"proteome"
1762,228,2923,7.8002052685597,"proteome"
1763,23,2923,0.786862812179268,"proteome"
1764,1468,2923,50.2223742730072,"proteome"
1765,5,2923,0.17105713308245,"proteome"
1766,117,2923,4.00273691412932,"proteome"
1767,121,2923,4.13958262059528,"proteome"
1768,4,2923,0.13684570646596,"proteome"
1769,2,2923,0.0684228532329798,"proteome"
1770,5,2923,0.17105713308245,"proteome"
1771,1464,2923,50.0855285665412,"proteome"
1772,167,2923,5.71330824495381,"proteome"
1773,230,2923,7.86862812179268,"proteome"
1774,475,2923,16.2504276428327,"proteome"
1775,373,2923,12.7608621279507,"proteome"
1776,1463,2923,50.0513171399247,"proteome"
1777,175,2923,5.98699965788573,"proteome"
1778,1463,2923,50.0513171399247,"proteome"
1779,97,2923,3.31850838179952,"proteome"
1780,13,2923,0.444748546014369,"proteome"
1781,1462,2923,50.0171057133082,"proteome"
1782,275,2923,9.40814231953472,"proteome"
1783,6,2923,0.205268559698939,"proteome"
1784,7,2923,0.239479986315429,"proteome"
1785,6,2923,0.205268559698939,"proteome"
1786,1477,2923,50.5302771125556,"proteome"
1787,178,2923,6.0896339377352,"proteome"
1788,1462,2923,50.0171057133082,"proteome"
1789,5,2923,0.17105713308245,"proteome"
1790,5,2923,0.17105713308245,"proteome"
1791,6,2923,0.205268559698939,"proteome"
1792,1096,2923,37.4957235716729,"proteome"
1793,91,2923,3.11323982210058,"proteome"
1794,292,2923,9.98973657201505,"proteome"
1795,190,2923,6.50017105713308,"proteome"
1796,5,2923,0.17105713308245,"proteome"
1797,3,2923,0.10263427984947,"proteome"
1798,4,2923,0.13684570646596,"proteome"
1799,3,2923,0.10263427984947,"proteome"
1800,1463,2923,50.0513171399247,"proteome"
1801,110,2923,3.76325692781389,"proteome"
1802,9,2923,0.307902839548409,"proteome"
1803,7,2923,0.239479986315429,"proteome"
1804,80,2923,2.73691412931919,"proteome"
1805,218,2923,7.4580910023948,"proteome"
1806,174,2923,5.95278823126924,"proteome"
1807,103,2923,3.52377694149846,"proteome"
1808,5,2923,0.17105713308245,"proteome"
1809,1646,2923,56.3120082107424,"proteome"
1810,3,2923,0.10263427984947,"proteome"
1811,114,2923,3.90010263427985,"proteome"
1812,146,2923,4.99486828600753,"proteome"
1813,8,2923,0.273691412931919,"proteome"
1814,11,2923,0.376325692781389,"proteome"
1815,9,2923,0.307902839548409,"proteome"
1816,1466,2923,50.1539514197742,"proteome"
1817,324,2923,11.0845022237427,"proteome"
1818,1465,2923,50.1197399931577,"proteome"
1819,132,2923,4.51590831337667,"proteome"
1820,190,2923,6.50017105713308,"proteome"
1821,1464,2923,50.0855285665412,"proteome"
1822,6,2923,0.205268559698939,"proteome"
1823,1463,2923,50.0513171399247,"proteome"
1824,5,2923,0.17105713308245,"proteome"
1825,1462,2923,50.0171057133082,"proteome"
1826,11,2923,0.376325692781389,"proteome"
1827,384,2923,13.1371878207321,"proteome"
1828,223,2923,7.62914813547725,"proteome"
1829,517,2923,17.6873075607253,"proteome"
1830,15,2923,0.513171399247349,"proteome"
1831,13,2923,0.444748546014369,"proteome"
1832,1464,2923,50.0855285665412,"proteome"
1833,3,2923,0.10263427984947,"proteome"
1834,1463,2923,50.0513171399247,"proteome"
1835,8,2923,0.273691412931919,"proteome"
1836,701,2923,23.9822100581594,"proteome"
1837,7,2923,0.239479986315429,"proteome"
1838,188,2923,6.4317482039001,"proteome"
1839,3,2923,0.10263427984947,"proteome"
1840,1461,2923,49.9828942866918,"proteome"
1841,85,2923,2.90797126240164,"proteome"
1842,10,2923,0.342114266164899,"proteome"
1843,32,2923,1.09476565172768,"proteome"
1844,6,2923,0.205268559698939,"proteome"
1845,179,2923,6.12384536435169,"proteome"
1846,1461,2923,49.9828942866918,"proteome"
1847,1468,2923,50.2223742730072,"proteome"
1848,3,2923,0.10263427984947,"proteome"
1849,10,2923,0.342114266164899,"proteome"
1850,5,2923,0.17105713308245,"proteome"
1851,3,2923,0.10263427984947,"proteome"
1852,3,2923,0.10263427984947,"proteome"
1853,286,2923,9.78446801231611,"proteome"
1854,103,2923,3.52377694149846,"proteome"
1855,287,2923,9.8186794389326,"proteome"
1856,1463,2923,50.0513171399247,"proteome"
1857,17,2923,0.581594252480328,"proteome"
1858,76,2923,2.60006842285323,"proteome"
1859,3,2923,0.10263427984947,"proteome"
1860,1465,2923,50.1197399931577,"proteome"
1861,1469,2923,50.2565856996237,"proteome"
1862,4,2923,0.13684570646596,"proteome"
1863,6,2923,0.205268559698939,"proteome"
1864,1461,2923,49.9828942866918,"proteome"
1865,1571,2923,53.7461512145056,"proteome"
1866,4,2923,0.13684570646596,"proteome"
1867,1,2923,0.0342114266164899,"proteome"
1868,1477,2923,50.5302771125556,"proteome"
1869,14,2923,0.478959972630859,"proteome"
1870,107,2923,3.66062264796442,"proteome"
1871,7,2923,0.239479986315429,"proteome"
1872,96,2923,3.28429695518303,"proteome"
1873,177,2923,6.05542251111871,"proteome"
1874,1477,2923,50.5302771125556,"proteome"
1875,5,2923,0.17105713308245,"proteome"
1876,1464,2923,50.0855285665412,"proteome"
1877,5,2923,0.17105713308245,"proteome"
1878,3,2923,0.10263427984947,"proteome"
1879,538,2923,18.4057475196716,"proteome"
1880,4,2923,0.13684570646596,"proteome"
1881,1827,2923,62.5042764283271,"proteome"
1882,1463,2923,50.0513171399247,"proteome"
1883,2,2923,0.0684228532329798,"proteome"
1884,190,2923,6.50017105713308,"proteome"
1885,6,2923,0.205268559698939,"proteome"
1886,4,2923,0.13684570646596,"proteome"
1887,19,2923,0.650017105713308,"proteome"
1888,1463,2923,50.0513171399247,"proteome"
1889,2,2923,0.0684228532329798,"proteome"
1890,6,2923,0.205268559698939,"proteome"
1891,95,2923,3.25008552856654,"proteome"
1892,3,2923,0.10263427984947,"proteome"
1893,1460,2923,49.9486828600753,"proteome"
1894,4,2923,0.13684570646596,"proteome"
1895,4,2923,0.13684570646596,"proteome"
1896,1823,2923,62.3674307218611,"proteome"
1897,8,2923,0.273691412931919,"proteome"
1898,1826,2923,62.4700650017106,"proteome"
1899,1465,2923,50.1197399931577,"proteome"
1900,3,2923,0.10263427984947,"proteome"
1901,606,2923,20.7321245295929,"proteome"
1902,3,2923,0.10263427984947,"proteome"
1903,370,2923,12.6582278481013,"proteome"
1904,3,2923,0.10263427984947,"proteome"
1905,282,2923,9.64762230585015,"proteome"
1906,1479,2923,50.5986999657886,"proteome"
1907,190,2923,6.50017105713308,"proteome"
1908,1462,2923,50.0171057133082,"proteome"
1909,118,2923,4.03694834074581,"proteome"
1910,348,2923,11.9055764625385,"proteome"
1911,147,2923,5.02907971262402,"proteome"
1912,15,2923,0.513171399247349,"proteome"
1913,7,2923,0.239479986315429,"proteome"
1914,2,2923,0.0684228532329798,"proteome"
1915,1477,2923,50.5302771125556,"proteome"
1916,97,2923,3.31850838179952,"proteome"
1917,7,2923,0.239479986315429,"proteome"
1918,95,2923,3.25008552856654,"proteome"
1919,5,2923,0.17105713308245,"proteome"
1920,10,2923,0.342114266164899,"proteome"
1921,100,2923,3.42114266164899,"proteome"
1922,9,2923,0.307902839548409,"proteome"
1923,5,2923,0.17105713308245,"proteome"
1924,1478,2923,50.5644885391721,"proteome"
1925,382,2923,13.0687649674991,"proteome"
1926,1460,2923,49.9486828600753,"proteome"
1927,13,2923,0.444748546014369,"proteome"
1928,2,2923,0.0684228532329798,"proteome"
1929,23,2923,0.786862812179268,"proteome"
1930,18,2923,0.615805679096818,"proteome"
1931,192,2923,6.56859391036606,"proteome"
1932,186,2923,6.36332535066712,"proteome"
1933,6,2923,0.205268559698939,"proteome"
1934,99,2923,3.3869312350325,"proteome"
1935,5,2923,0.17105713308245,"proteome"
1936,405,2923,13.8556277796784,"proteome"
1937,7,2923,0.239479986315429,"proteome"
1938,212,2923,7.25282244269586,"proteome"
1939,71,2923,2.42901128977078,"proteome"
1940,101,2923,3.45535408826548,"proteome"
1941,17,2923,0.581594252480328,"proteome"
1942,122,2923,4.17379404721177,"proteome"
1943,3,2923,0.10263427984947,"proteome"
1944,98,2923,3.35271980841601,"proteome"
1945,1462,2923,50.0171057133082,"proteome"
1946,8,2923,0.273691412931919,"proteome"
1947,176,2923,6.02121108450222,"proteome"
1948,7,2923,0.239479986315429,"proteome"
1949,146,2923,4.99486828600753,"proteome"
1950,1463,2923,50.0513171399247,"proteome"
1951,2,2923,0.0684228532329798,"proteome"
1952,7,2923,0.239479986315429,"proteome"
1953,3,2923,0.10263427984947,"proteome"
1954,2,2923,0.0684228532329798,"proteome"
1955,1460,2923,49.9486828600753,"proteome"
1956,170,2923,5.81594252480328,"proteome"
1957,4,2923,0.13684570646596,"proteome"
1958,114,2923,3.90010263427985,"proteome"
1959,209,2923,7.15018816284639,"proteome"
1960,17,2923,0.581594252480328,"proteome"
1961,1461,2923,49.9828942866918,"proteome"
1962,6,2923,0.205268559698939,"proteome"
1963,2,2923,0.0684228532329798,"proteome"
1964,96,2923,3.28429695518303,"proteome"
1965,1,2923,0.0342114266164899,"proteome"
1966,3,2923,0.10263427984947,"proteome"
1967,1472,2923,50.3592199794731,"proteome"
1968,3,2923,0.10263427984947,"proteome"
1969,8,2923,0.273691412931919,"proteome"
1970,4,2923,0.13684570646596,"proteome"
1971,103,2923,3.52377694149846,"proteome"
1972,19,2923,0.650017105713308,"proteome"
1973,1462,2923,50.0171057133082,"proteome"
1974,1465,2923,50.1197399931577,"proteome"
1975,4,2923,0.13684570646596,"proteome"
1976,376,2923,12.8634964078002,"proteome"
1977,212,2923,7.25282244269586,"proteome"
1978,59,2923,2.0184741703729,"proteome"
1979,30,2923,1.0263427984947,"proteome"
1980,111,2923,3.79746835443038,"proteome"
1981,3,2923,0.10263427984947,"proteome"
1982,229,2923,7.83441669517619,"proteome"
1983,1479,2923,50.5986999657886,"proteome"
1984,4,2923,0.13684570646596,"proteome"
1985,5,2923,0.17105713308245,"proteome"
1986,4,2923,0.13684570646596,"proteome"
1987,17,2923,0.581594252480328,"proteome"
1988,1468,2923,50.2223742730072,"proteome"
1989,7,2923,0.239479986315429,"proteome"
1990,83,2923,2.83954840916866,"proteome"
1991,4,2923,0.13684570646596,"proteome"
1992,6,2923,0.205268559698939,"proteome"
1993,555,2923,18.9873417721519,"proteome"
1994,5,2923,0.17105713308245,"proteome"
1995,101,2923,3.45535408826548,"proteome"
1996,11,2923,0.376325692781389,"proteome"
1997,108,2923,3.69483407458091,"proteome"
1998,3,2923,0.10263427984947,"proteome"
1999,10,2923,0.342114266164899,"proteome"
2000,3,2923,0.10263427984947,"proteome"
2001,108,2923,3.69483407458091,"proteome"
2002,13,2923,0.444748546014369,"proteome"
2003,5,2923,0.17105713308245,"proteome"
2004,5,2923,0.17105713308245,"proteome"
2005,118,2923,4.03694834074581,"proteome"
2006,14,2923,0.478959972630859,"proteome"
2007,78,2923,2.66849127608621,"proteome"
2008,168,2923,5.7475196715703,"proteome"
2009,97,2923,3.31850838179952,"proteome"
2010,1523,2923,52.1040027369141,"proteome"
2011,1461,2923,49.9828942866918,"proteome"
2012,4,2923,0.13684570646596,"proteome"
2013,334,2923,11.4266164899076,"proteome"
2014,1462,2923,50.0171057133082,"proteome"
2015,279,2923,9.54498802600068,"proteome"
2016,5,2923,0.17105713308245,"proteome"
2017,12,2923,0.410537119397879,"proteome"
2018,149,2923,5.097502565857,"proteome"
2019,96,2923,3.28429695518303,"proteome"
2020,1460,2923,49.9486828600753,"proteome"
2021,2,2923,0.0684228532329798,"proteome"
2022,1462,2923,50.0171057133082,"proteome"
2023,7,2923,0.239479986315429,"proteome"
2024,10,2923,0.342114266164899,"proteome"
2025,1462,2923,50.0171057133082,"proteome"
2026,438,2923,14.9846048580226,"proteome"
2027,381,2923,13.0345535408827,"proteome"
2028,96,2923,3.28429695518303,"proteome"
2029,2,2923,0.0684228532329798,"proteome"
2030,184,2923,6.29490249743414,"proteome"
2031,3,2923,0.10263427984947,"proteome"
2032,7,2923,0.239479986315429,"proteome"
2033,11,2923,0.376325692781389,"proteome"
2034,4,2923,0.13684570646596,"proteome"
2035,111,2923,3.79746835443038,"proteome"
2036,4,2923,0.13684570646596,"proteome"
2037,11,2923,0.376325692781389,"proteome"
2038,6,2923,0.205268559698939,"proteome"
2039,1464,2923,50.0855285665412,"proteome"
2040,1644,2923,56.2435853575094,"proteome"
2041,1463,2923,50.0513171399247,"proteome"
2042,1,2923,0.0342114266164899,"proteome"
2043,283,2923,9.68183373246664,"proteome"
2044,122,2923,4.17379404721177,"proteome"
2045,111,2923,3.79746835443038,"proteome"
2046,1467,2923,50.1881628463907,"proteome"
2047,1463,2923,50.0513171399247,"proteome"
2048,12,2923,0.410537119397879,"proteome"
2049,4,2923,0.13684570646596,"proteome"
2050,1477,2923,50.5302771125556,"proteome"
2051,1465,2923,50.1197399931577,"proteome"
2052,4,2923,0.13684570646596,"proteome"
2053,7,2923,0.239479986315429,"proteome"
2054,147,2923,5.02907971262402,"proteome"
2055,1,2923,0.0342114266164899,"proteome"
2056,1653,2923,56.5514881970578,"proteome"
2057,110,2923,3.76325692781389,"proteome"
2058,245,2923,8.38179952104003,"proteome"
2059,1462,2923,50.0171057133082,"proteome"
2060,6,2923,0.205268559698939,"proteome"
2061,5,2923,0.17105713308245,"proteome"
2062,1462,2923,50.0171057133082,"proteome"
2063,357,2923,12.2134793020869,"proteome"
2064,17,2923,0.581594252480328,"proteome"
2065,4,2923,0.13684570646596,"proteome"
2066,1461,2923,49.9828942866918,"proteome"
2067,5,2923,0.17105713308245,"proteome"
2068,104,2923,3.55798836811495,"proteome"
2069,95,2923,3.25008552856654,"proteome"
2070,1478,2923,50.5644885391721,"proteome"
2071,108,2923,3.69483407458091,"proteome"
2072,1465,2923,50.1197399931577,"proteome"
2073,1680,2923,57.475196715703,"proteome"
2074,223,2923,7.62914813547725,"proteome"
2075,99,2923,3.3869312350325,"proteome"
2076,1463,2923,50.0513171399247,"proteome"
2077,2273,2923,77.7625726992816,"proteome"
2078,369,2923,12.6240164214848,"proteome"
2079,375,2923,12.8292849811837,"proteome"
2080,1563,2923,53.4724598015737,"proteome"
2081,5,2923,0.17105713308245,"proteome"
2082,9,2923,0.307902839548409,"proteome"
2083,10,2923,0.342114266164899,"proteome"
2084,104,2923,3.55798836811495,"proteome"
2085,6,2923,0.205268559698939,"proteome"
2086,8,2923,0.273691412931919,"proteome"
2087,80,2923,2.73691412931919,"proteome"
2088,1462,2923,50.0171057133082,"proteome"
2089,79,2923,2.7027027027027,"proteome"
2090,1463,2923,50.0513171399247,"proteome"
2091,3,2923,0.10263427984947,"proteome"
2092,1570,2923,53.7119397878892,"proteome"
2093,102,2923,3.48956551488197,"proteome"
2094,111,2923,3.79746835443038,"proteome"
2095,1573,2923,53.8145740677386,"proteome"
2096,1,2923,0.0342114266164899,"proteome"
2097,10,2923,0.342114266164899,"proteome"
2098,5,2923,0.17105713308245,"proteome"
2099,96,2923,3.28429695518303,"proteome"
2100,157,2923,5.37119397878892,"proteome"
2101,4,2923,0.13684570646596,"proteome"
2102,8,2923,0.273691412931919,"proteome"
2103,127,2923,4.34485118029422,"proteome"
2104,1463,2923,50.0513171399247,"proteome"
2105,506,2923,17.3109818679439,"proteome"
2106,1463,2923,50.0513171399247,"proteome"
2107,14,2923,0.478959972630859,"proteome"
2108,1462,2923,50.0171057133082,"proteome"
2109,1461,2923,49.9828942866918,"proteome"
2110,2,2923,0.0684228532329798,"proteome"
2111,218,2923,7.4580910023948,"proteome"
2112,103,2923,3.52377694149846,"proteome"
2113,6,2923,0.205268559698939,"proteome"
2114,3,2923,0.10263427984947,"proteome"
2115,9,2923,0.307902839548409,"proteome"
2116,160,2923,5.47382825863839,"proteome"
2117,2,2923,0.0684228532329798,"proteome"
2118,1,2923,0.0342114266164899,"proteome"
2119,1463,2923,50.0513171399247,"proteome"
2120,14,2923,0.478959972630859,"proteome"
2121,102,2923,3.48956551488197,"proteome"
2122,284,2923,9.71604515908313,"proteome"
2123,7,2923,0.239479986315429,"proteome"
2124,101,2923,3.45535408826548,"proteome"
2125,110,2923,3.76325692781389,"proteome"
2126,1462,2923,50.0171057133082,"proteome"
2127,3,2923,0.10263427984947,"proteome"
2128,6,2923,0.205268559698939,"proteome"
2129,1464,2923,50.0855285665412,"proteome"
2130,268,2923,9.1686623332193,"proteome"
2131,195,2923,6.67122819021553,"proteome"
2132,6,2923,0.205268559698939,"proteome"
2133,4,2923,0.13684570646596,"proteome"
2134,115,2923,3.93431406089634,"proteome"
2135,114,2923,3.90010263427985,"proteome"
2136,4,2923,0.13684570646596,"proteome"
2137,790,2923,27.027027027027,"proteome"
2138,3,2923,0.10263427984947,"proteome"
2139,106,2923,3.62641122134793,"proteome"
2140,74,2923,2.53164556962025,"proteome"
2141,1463,2923,50.0513171399247,"proteome"
2142,1464,2923,50.0855285665412,"proteome"
2143,3,2923,0.10263427984947,"proteome"
2144,8,2923,0.273691412931919,"proteome"
2145,8,2923,0.273691412931919,"proteome"
2146,1462,2923,50.0171057133082,"proteome"
2147,1468,2923,50.2223742730072,"proteome"
2148,128,2923,4.37906260691071,"proteome"
2149,204,2923,6.97913102976394,"proteome"
2150,18,2923,0.615805679096818,"proteome"
2151,1460,2923,49.9486828600753,"proteome"
2152,1472,2923,50.3592199794731,"proteome"
2153,6,2923,0.205268559698939,"proteome"
2154,385,2923,13.1713992473486,"proteome"
2155,5,2923,0.17105713308245,"proteome"
2156,227,2923,7.76599384194321,"proteome"
2157,29,2923,0.992131371878207,"proteome"
2158,1461,2923,49.9828942866918,"proteome"
2159,126,2923,4.31063975367773,"proteome"
2160,2,2923,0.0684228532329798,"proteome"
2161,6,2923,0.205268559698939,"proteome"
2162,120,2923,4.10537119397879,"proteome"
2163,5,2923,0.17105713308245,"proteome"
2164,95,2923,3.25008552856654,"proteome"
2165,148,2923,5.06329113924051,"proteome"
2166,5,2923,0.17105713308245,"proteome"
2167,4,2923,0.13684570646596,"proteome"
2168,10,2923,0.342114266164899,"proteome"
2169,3,2923,0.10263427984947,"proteome"
2170,99,2923,3.3869312350325,"proteome"
2171,8,2923,0.273691412931919,"proteome"
2172,1463,2923,50.0513171399247,"proteome"
2173,1,2923,0.0342114266164899,"proteome"
2174,7,2923,0.239479986315429,"proteome"
2175,2,2923,0.0684228532329798,"proteome"
2176,8,2923,0.273691412931919,"proteome"
2177,1463,2923,50.0513171399247,"proteome"
2178,8,2923,0.273691412931919,"proteome"
2179,21,2923,0.718439958946288,"proteome"
2180,3,2923,0.10263427984947,"proteome"
2181,153,2923,5.23434827232296,"proteome"
2182,105,2923,3.59219979473144,"proteome"
2183,2,2923,0.0684228532329798,"proteome"
2184,3,2923,0.10263427984947,"proteome"
2185,3,2923,0.10263427984947,"proteome"
2186,1462,2923,50.0171057133082,"proteome"
2187,1464,2923,50.0855285665412,"proteome"
2188,1462,2923,50.0171057133082,"proteome"
2189,3,2923,0.10263427984947,"proteome"
2190,1461,2923,49.9828942866918,"proteome"
2191,5,2923,0.17105713308245,"proteome"
2192,2,2923,0.0684228532329798,"proteome"
2193,1,2923,0.0342114266164899,"proteome"
2194,10,2923,0.342114266164899,"proteome"
2195,1468,2923,50.2223742730072,"proteome"
2196,1461,2923,49.9828942866918,"proteome"
2197,3,2923,0.10263427984947,"proteome"
2198,236,2923,8.07389668149162,"proteome"
2199,1542,2923,52.7540198426274,"proteome"
2200,112,2923,3.83167978104687,"proteome"
2201,97,2923,3.31850838179952,"proteome"
2202,5,2923,0.17105713308245,"proteome"
2203,12,2923,0.410537119397879,"proteome"
2204,5,2923,0.17105713308245,"proteome"
2205,5,2923,0.17105713308245,"proteome"
2206,3,2923,0.10263427984947,"proteome"
2207,1,2923,0.0342114266164899,"proteome"
2208,3,2923,0.10263427984947,"proteome"
2209,184,2923,6.29490249743414,"proteome"
2210,11,2923,0.376325692781389,"proteome"
2211,1462,2923,50.0171057133082,"proteome"
2212,1460,2923,49.9486828600753,"proteome"
2213,99,2923,3.3869312350325,"proteome"
2214,5,2923,0.17105713308245,"proteome"
2215,6,2923,0.205268559698939,"proteome"
2216,3,2923,0.10263427984947,"proteome"
2217,1464,2923,50.0855285665412,"proteome"
2218,5,2923,0.17105713308245,"proteome"
2219,100,2923,3.42114266164899,"proteome"
2220,2,2923,0.0684228532329798,"proteome"
2221,116,2923,3.96852548751283,"proteome"
2222,4,2923,0.13684570646596,"proteome"
2223,215,2923,7.35545672254533,"proteome"
2224,4,2923,0.13684570646596,"proteome"
2225,209,2923,7.15018816284639,"proteome"
2226,16,2923,0.547382825863839,"proteome"
2227,1462,2923,50.0171057133082,"proteome"
2228,327,2923,11.1871365035922,"proteome"
2229,18,2923,0.615805679096818,"proteome"
2230,2,2923,0.0684228532329798,"proteome"
2231,1793,2923,61.3410879233664,"proteome"
2232,8,2923,0.273691412931919,"proteome"
2233,4,2923,0.13684570646596,"proteome"
2234,3,2923,0.10263427984947,"proteome"
2235,160,2923,5.47382825863839,"proteome"
2236,1477,2923,50.5302771125556,"proteome"
2237,1462,2923,50.0171057133082,"proteome"
2238,3,2923,0.10263427984947,"proteome"
2239,1463,2923,50.0513171399247,"proteome"
2240,29,2923,0.992131371878207,"proteome"
2241,166,2923,5.67909681833732,"proteome"
2242,104,2923,3.55798836811495,"proteome"
2243,1462,2923,50.0171057133082,"proteome"
2244,3,2923,0.10263427984947,"proteome"
2245,3,2923,0.10263427984947,"proteome"
2246,6,2923,0.205268559698939,"proteome"
2247,1462,2923,50.0171057133082,"proteome"
2248,88,2923,3.01060554225111,"proteome"
2249,4,2923,0.13684570646596,"proteome"
2250,4,2923,0.13684570646596,"proteome"
2251,10,2923,0.342114266164899,"proteome"
2252,3,2923,0.10263427984947,"proteome"
2253,203,2923,6.94491960314745,"proteome"
2254,434,2923,14.8477591515566,"proteome"
2255,1464,2923,50.0855285665412,"proteome"
2256,304,2923,10.4002736914129,"proteome"
2257,3,2923,0.10263427984947,"proteome"
2258,4,2923,0.13684570646596,"proteome"
2259,245,2923,8.38179952104003,"proteome"
2260,14,2923,0.478959972630859,"proteome"
2261,4,2923,0.13684570646596,"proteome"
2262,5,2923,0.17105713308245,"proteome"
2263,224,2923,7.66335956209374,"proteome"
2264,9,2923,0.307902839548409,"proteome"
2265,4,2923,0.13684570646596,"proteome"
2266,3,2923,0.10263427984947,"proteome"
2267,3,2923,0.10263427984947,"proteome"
2268,1466,2923,50.1539514197742,"proteome"
2269,239,2923,8.17653096134109,"proteome"
2270,7,2923,0.239479986315429,"proteome"
2271,11,2923,0.376325692781389,"proteome"
2272,1572,2923,53.7803626411221,"proteome"
2273,1461,2923,49.9828942866918,"proteome"
2274,2,2923,0.0684228532329798,"proteome"
2275,187,2923,6.39753677728361,"proteome"
2276,3,2923,0.10263427984947,"proteome"
2277,1462,2923,50.0171057133082,"proteome"
2278,79,2923,2.7027027027027,"proteome"
2279,1462,2923,50.0171057133082,"proteome"
2280,147,2923,5.02907971262402,"proteome"
2281,8,2923,0.273691412931919,"proteome"
2282,1465,2923,50.1197399931577,"proteome"
2283,9,2923,0.307902839548409,"proteome"
2284,1465,2923,50.1197399931577,"proteome"
2285,18,2923,0.615805679096818,"proteome"
2286,159,2923,5.43961683202189,"proteome"
2287,123,2923,4.20800547382826,"proteome"
2288,201,2923,6.87649674991447,"proteome"
2289,8,2923,0.273691412931919,"proteome"
2290,1468,2923,50.2223742730072,"proteome"
2291,1462,2923,50.0171057133082,"proteome"
2292,1461,2923,49.9828942866918,"proteome"
2293,9,2923,0.307902839548409,"proteome"
2294,664,2923,22.7163872733493,"proteome"
2295,3,2923,0.10263427984947,"proteome"
2296,6,2923,0.205268559698939,"proteome"
2297,6,2923,0.205268559698939,"proteome"
2298,10,2923,0.342114266164899,"proteome"
2299,1466,2923,50.1539514197742,"proteome"
2300,144,2923,4.92644543277455,"proteome"
2301,12,2923,0.410537119397879,"proteome"
2302,116,2923,3.96852548751283,"proteome"
2303,1464,2923,50.0855285665412,"proteome"
2304,99,2923,3.3869312350325,"proteome"
2305,8,2923,0.273691412931919,"proteome"
2306,2,2923,0.0684228532329798,"proteome"
2307,10,2923,0.342114266164899,"proteome"
2308,99,2923,3.3869312350325,"proteome"
2309,4,2923,0.13684570646596,"proteome"
2310,1480,2923,50.6329113924051,"proteome"
2311,301,2923,10.2976394115635,"proteome"
2312,1468,2923,50.2223742730072,"proteome"
2313,150,2923,5.13171399247349,"proteome"
2314,12,2923,0.410537119397879,"proteome"
2315,4,2923,0.13684570646596,"proteome"
2316,1461,2923,49.9828942866918,"proteome"
2317,6,2923,0.205268559698939,"proteome"
2318,108,2923,3.69483407458091,"proteome"
2319,5,2923,0.17105713308245,"proteome"
2320,10,2923,0.342114266164899,"proteome"
2321,8,2923,0.273691412931919,"proteome"
2322,370,2923,12.6582278481013,"proteome"
2323,1568,2923,53.6435169346562,"proteome"
2324,210,2923,7.18439958946288,"proteome"
2325,101,2923,3.45535408826548,"proteome"
2326,8,2923,0.273691412931919,"proteome"
2327,4,2923,0.13684570646596,"proteome"
2328,4,2923,0.13684570646596,"proteome"
2329,7,2923,0.239479986315429,"proteome"
2330,1463,2923,50.0513171399247,"proteome"
2331,229,2923,7.83441669517619,"proteome"
2332,1,2923,0.0342114266164899,"proteome"
2333,4,2923,0.13684570646596,"proteome"
2334,386,2923,13.2056106739651,"proteome"
2335,1463,2923,50.0513171399247,"proteome"
2336,162,2923,5.54225111187136,"proteome"
2337,4,2923,0.13684570646596,"proteome"
2338,3,2923,0.10263427984947,"proteome"
2339,3,2923,0.10263427984947,"proteome"
2340,1466,2923,50.1539514197742,"proteome"
2341,145,2923,4.96065685939104,"proteome"
2342,110,2923,3.76325692781389,"proteome"
2343,3,2923,0.10263427984947,"proteome"
2344,11,2923,0.376325692781389,"proteome"
2345,167,2923,5.71330824495381,"proteome"
2346,1461,2923,49.9828942866918,"proteome"
2347,3,2923,0.10263427984947,"proteome"
2348,10,2923,0.342114266164899,"proteome"
2349,5,2923,0.17105713308245,"proteome"
2350,7,2923,0.239479986315429,"proteome"
2351,12,2923,0.410537119397879,"proteome"
2352,2,2923,0.0684228532329798,"proteome"
2353,1541,2923,52.7198084160109,"proteome"
2354,2,2923,0.0684228532329798,"proteome"
2355,96,2923,3.28429695518303,"proteome"
2356,14,2923,0.478959972630859,"proteome"
2357,1462,2923,50.0171057133082,"proteome"
2358,110,2923,3.76325692781389,"proteome"
2359,11,2923,0.376325692781389,"proteome"
2360,813,2923,27.8138898392063,"proteome"
2361,6,2923,0.205268559698939,"proteome"
2362,6,2923,0.205268559698939,"proteome"
2363,3,2923,0.10263427984947,"proteome"
2364,1463,2923,50.0513171399247,"proteome"
2365,305,2923,10.4344851180294,"proteome"
2366,1468,2923,50.2223742730072,"proteome"
2367,1478,2923,50.5644885391721,"proteome"
2368,4,2923,0.13684570646596,"proteome"
2369,1461,2923,49.9828942866918,"proteome"
2370,204,2923,6.97913102976394,"proteome"
2371,70,2923,2.39479986315429,"proteome"
2372,1461,2923,49.9828942866918,"proteome"
2373,5,2923,0.17105713308245,"proteome"
2374,11,2923,0.376325692781389,"proteome"
2375,1469,2923,50.2565856996237,"proteome"
2376,5,2923,0.17105713308245,"proteome"
2377,15,2923,0.513171399247349,"proteome"
2378,3,2923,0.10263427984947,"proteome"
2379,94,2923,3.21587410195005,"proteome"
2380,2,2923,0.0684228532329798,"proteome"
2381,128,2923,4.37906260691071,"proteome"
2382,978,2923,33.4587752309271,"proteome"
2383,99,2923,3.3869312350325,"proteome"
2384,205,2923,7.01334245638043,"proteome"
2385,1460,2923,49.9486828600753,"proteome"
2386,84,2923,2.87375983578515,"proteome"
2387,3,2923,0.10263427984947,"proteome"
2388,5,2923,0.17105713308245,"proteome"
2389,187,2923,6.39753677728361,"proteome"
2390,4,2923,0.13684570646596,"proteome"
2391,17,2923,0.581594252480328,"proteome"
2392,10,2923,0.342114266164899,"proteome"
2393,7,2923,0.239479986315429,"proteome"
2394,6,2923,0.205268559698939,"proteome"
2395,150,2923,5.13171399247349,"proteome"
2396,268,2923,9.1686623332193,"proteome"
2397,8,2923,0.273691412931919,"proteome"
2398,1461,2923,49.9828942866918,"proteome"
2399,171,2923,5.85015395141977,"proteome"
2400,22,2923,0.752651385562778,"proteome"
2401,1462,2923,50.0171057133082,"proteome"
2402,7,2923,0.239479986315429,"proteome"
2403,114,2923,3.90010263427985,"proteome"
2404,107,2923,3.66062264796442,"proteome"
2405,848,2923,29.0112897707834,"proteome"
2406,18,2923,0.615805679096818,"proteome"
2407,3,2923,0.10263427984947,"proteome"
2408,17,2923,0.581594252480328,"proteome"
2409,5,2923,0.17105713308245,"proteome"
2410,2,2923,0.0684228532329798,"proteome"
2411,113,2923,3.86589120766336,"proteome"
2412,1465,2923,50.1197399931577,"proteome"
2413,6,2923,0.205268559698939,"proteome"
2414,7,2923,0.239479986315429,"proteome"
2415,296,2923,10.126582278481,"proteome"
2416,354,2923,12.1108450222374,"proteome"
2417,3,2923,0.10263427984947,"proteome"
2418,150,2923,5.13171399247349,"proteome"
2419,3,2923,0.10263427984947,"proteome"
2420,1462,2923,50.0171057133082,"proteome"
2421,8,2923,0.273691412931919,"proteome"
2422,75,2923,2.56585699623674,"proteome"
2423,7,2923,0.239479986315429,"proteome"
2424,1463,2923,50.0513171399247,"proteome"
2425,1461,2923,49.9828942866918,"proteome"
2426,5,2923,0.17105713308245,"proteome"
2427,152,2923,5.20013684570647,"proteome"
2428,98,2923,3.35271980841601,"proteome"
2429,15,2923,0.513171399247349,"proteome"
2430,85,2923,2.90797126240164,"proteome"
2431,18,2923,0.615805679096818,"proteome"
2432,447,2923,15.292507697571,"proteome"
2433,27,2923,0.923708518645228,"proteome"
2434,185,2923,6.32911392405063,"proteome"
2435,102,2923,3.48956551488197,"proteome"
2436,3,2923,0.10263427984947,"proteome"
2437,11,2923,0.376325692781389,"proteome"
2438,4,2923,0.13684570646596,"proteome"
2439,29,2923,0.992131371878207,"proteome"
2440,4,2923,0.13684570646596,"proteome"
2441,4,2923,0.13684570646596,"proteome"
2442,5,2923,0.17105713308245,"proteome"
2443,23,2923,0.786862812179268,"proteome"
2444,1460,2923,49.9486828600753,"proteome"
2445,5,2923,0.17105713308245,"proteome"
2446,3,2923,0.10263427984947,"proteome"
2447,1461,2923,49.9828942866918,"proteome"
2448,1934,2923,66.1648990762915,"proteome"
2449,1462,2923,50.0171057133082,"proteome"
2450,3,2923,0.10263427984947,"proteome"
2451,113,2923,3.86589120766336,"proteome"
2452,1463,2923,50.0513171399247,"proteome"
2453,1542,2923,52.7540198426274,"proteome"
2454,4,2923,0.13684570646596,"proteome"
2455,1464,2923,50.0855285665412,"proteome"
2456,117,2923,4.00273691412932,"proteome"
2457,100,2923,3.42114266164899,"proteome"
2458,1462,2923,50.0171057133082,"proteome"
2459,2,2923,0.0684228532329798,"proteome"
2460,1461,2923,49.9828942866918,"proteome"
2461,1462,2923,50.0171057133082,"proteome"
2462,97,2923,3.31850838179952,"proteome"
2463,5,2923,0.17105713308245,"proteome"
2464,189,2923,6.46595963051659,"proteome"
2465,10,2923,0.342114266164899,"proteome"
2466,1934,2923,66.1648990762915,"proteome"
2467,1465,2923,50.1197399931577,"proteome"
2468,13,2923,0.444748546014369,"proteome"
2469,5,2923,0.17105713308245,"proteome"
2470,8,2923,0.273691412931919,"proteome"
2471,1827,2923,62.5042764283271,"proteome"
2472,588,2923,20.1163188504961,"proteome"
2473,11,2923,0.376325692781389,"proteome"
2474,1476,2923,50.4960656859391,"proteome"
2475,3,2923,0.10263427984947,"proteome"
2476,7,2923,0.239479986315429,"proteome"
2477,1461,2923,49.9828942866918,"proteome"
2478,4,2923,0.13684570646596,"proteome"
2479,7,2923,0.239479986315429,"proteome"
2480,99,2923,3.3869312350325,"proteome"
2481,150,2923,5.13171399247349,"proteome"
2482,9,2923,0.307902839548409,"proteome"
2483,325,2923,11.1187136503592,"proteome"
2484,92,2923,3.14745124871707,"proteome"
2485,110,2923,3.76325692781389,"proteome"
2486,5,2923,0.17105713308245,"proteome"
2487,1462,2923,50.0171057133082,"proteome"
2488,5,2923,0.17105713308245,"proteome"
2489,3,2923,0.10263427984947,"proteome"
2490,79,2923,2.7027027027027,"proteome"
2491,6,2923,0.205268559698939,"proteome"
2492,5,2923,0.17105713308245,"proteome"
2493,54,2923,1.84741703729046,"proteome"
2494,4,2923,0.13684570646596,"proteome"
2495,18,2923,0.615805679096818,"proteome"
2496,1,2923,0.0342114266164899,"proteome"
2497,185,2923,6.32911392405063,"proteome"
2498,7,2923,0.239479986315429,"proteome"
2499,1463,2923,50.0513171399247,"proteome"
2500,1464,2923,50.0855285665412,"proteome"
2501,1466,2923,50.1539514197742,"proteome"
2502,198,2923,6.773862470065,"proteome"
2503,1463,2923,50.0513171399247,"proteome"
2504,4,2923,0.13684570646596,"proteome"
2505,6,2923,0.205268559698939,"proteome"
2506,10,2923,0.342114266164899,"proteome"
2507,3,2923,0.10263427984947,"proteome"
2508,1462,2923,50.0171057133082,"proteome"
2509,257,2923,8.79233664043791,"proteome"
2510,112,2923,3.83167978104687,"proteome"
2511,5,2923,0.17105713308245,"proteome"
2512,479,2923,16.3872733492987,"proteome"
2513,84,2923,2.87375983578515,"proteome"
2514,118,2923,4.03694834074581,"proteome"
2515,11,2923,0.376325692781389,"proteome"
2516,1464,2923,50.0855285665412,"proteome"
2517,99,2923,3.3869312350325,"proteome"
2518,66,2923,2.25795415668833,"proteome"
2519,15,2923,0.513171399247349,"proteome"
2520,93,2923,3.18166267533356,"proteome"
2521,7,2923,0.239479986315429,"proteome"
2522,4,2923,0.13684570646596,"proteome"
2523,14,2923,0.478959972630859,"proteome"
2524,3,2923,0.10263427984947,"proteome"
2525,1,2923,0.0342114266164899,"proteome"
2526,4,2923,0.13684570646596,"proteome"
2527,6,2923,0.205268559698939,"proteome"
2528,8,2923,0.273691412931919,"proteome"
2529,3,2923,0.10263427984947,"proteome"
2530,7,2923,0.239479986315429,"proteome"
2531,1566,2923,53.5750940814232,"proteome"
2532,96,2923,3.28429695518303,"proteome"
2533,8,2923,0.273691412931919,"proteome"
2534,3,2923,0.10263427984947,"proteome"
2535,76,2923,2.60006842285323,"proteome"
2536,4,2923,0.13684570646596,"proteome"
2537,1465,2923,50.1197399931577,"proteome"
2538,7,2923,0.239479986315429,"proteome"
2539,5,2923,0.17105713308245,"proteome"
2540,185,2923,6.32911392405063,"proteome"
2541,3,2923,0.10263427984947,"proteome"
2542,3,2923,0.10263427984947,"proteome"
2543,1461,2923,49.9828942866918,"proteome"
2544,95,2923,3.25008552856654,"proteome"
2545,2,2923,0.0684228532329798,"proteome"
2546,5,2923,0.17105713308245,"proteome"
2547,1462,2923,50.0171057133082,"proteome"
2548,273,2923,9.33971946630174,"proteome"
2549,4,2923,0.13684570646596,"proteome"
2550,2070,2923,70.8176530961341,"proteome"
2551,5,2923,0.17105713308245,"proteome"
2552,10,2923,0.342114266164899,"proteome"
2553,10,2923,0.342114266164899,"proteome"
2554,1563,2923,53.4724598015737,"proteome"
2555,6,2923,0.205268559698939,"proteome"
2556,1462,2923,50.0171057133082,"proteome"
2557,6,2923,0.205268559698939,"proteome"
2558,11,2923,0.376325692781389,"proteome"
2559,10,2923,0.342114266164899,"proteome"
2560,9,2923,0.307902839548409,"proteome"
2561,1,2923,0.0342114266164899,"proteome"
2562,1463,2923,50.0513171399247,"proteome"
2563,9,2923,0.307902839548409,"proteome"
2564,5,2923,0.17105713308245,"proteome"
2565,2,2923,0.0684228532329798,"proteome"
2566,14,2923,0.478959972630859,"proteome"
2567,398,2923,13.616147793363,"proteome"
2568,2,2923,0.0684228532329798,"proteome"
2569,24,2923,0.821074238795758,"proteome"
2570,5,2923,0.17105713308245,"proteome"
2571,6,2923,0.205268559698939,"proteome"
2572,1468,2923,50.2223742730072,"proteome"
2573,153,2923,5.23434827232296,"proteome"
2574,7,2923,0.239479986315429,"proteome"
2575,1947,2923,66.6096476223058,"proteome"
2576,1461,2923,49.9828942866918,"proteome"
2577,4,2923,0.13684570646596,"proteome"
2578,4,2923,0.13684570646596,"proteome"
2579,3,2923,0.10263427984947,"proteome"
2580,10,2923,0.342114266164899,"proteome"
2581,4,2923,0.13684570646596,"proteome"
2582,130,2923,4.44748546014369,"proteome"
2583,12,2923,0.410537119397879,"proteome"
2584,125,2923,4.27642832706124,"proteome"
2585,147,2923,5.02907971262402,"proteome"
2586,10,2923,0.342114266164899,"proteome"
2587,128,2923,4.37906260691071,"proteome"
2588,7,2923,0.239479986315429,"proteome"
2589,6,2923,0.205268559698939,"proteome"
2590,4,2923,0.13684570646596,"proteome"
2591,10,2923,0.342114266164899,"proteome"
2592,7,2923,0.239479986315429,"proteome"
2593,1468,2923,50.2223742730072,"proteome"
2594,78,2923,2.66849127608621,"proteome"
2595,422,2923,14.4372220321587,"proteome"
2596,3,2923,0.10263427984947,"proteome"
2597,124,2923,4.24221690044475,"proteome"
2598,10,2923,0.342114266164899,"proteome"
2599,1461,2923,49.9828942866918,"proteome"
2600,1461,2923,49.9828942866918,"proteome"
2601,216,2923,7.38966814916182,"proteome"
2602,7,2923,0.239479986315429,"proteome"
2603,3,2923,0.10263427984947,"proteome"
2604,372,2923,12.7266507013342,"proteome"
2605,1463,2923,50.0513171399247,"proteome"
2606,5,2923,0.17105713308245,"proteome"
2607,1461,2923,49.9828942866918,"proteome"
2608,14,2923,0.478959972630859,"proteome"
2609,10,2923,0.342114266164899,"proteome"
2610,35,2923,1.19739993157715,"proteome"
2611,4,2923,0.13684570646596,"proteome"
2612,18,2923,0.615805679096818,"proteome"
2613,13,2923,0.444748546014369,"proteome"
2614,3,2923,0.10263427984947,"proteome"
2615,1580,2923,54.0540540540541,"proteome"
2616,4,2923,0.13684570646596,"proteome"
2617,2,2923,0.0684228532329798,"proteome"
2618,1,2923,0.0342114266164899,"proteome"
2619,4,2923,0.13684570646596,"proteome"
2620,3,2923,0.10263427984947,"proteome"
2621,5,2923,0.17105713308245,"proteome"
2622,150,2923,5.13171399247349,"proteome"
2623,1463,2923,50.0513171399247,"proteome"
2624,6,2923,0.205268559698939,"proteome"
2625,5,2923,0.17105713308245,"proteome"
2626,1467,2923,50.1881628463907,"proteome"
2627,9,2923,0.307902839548409,"proteome"
2628,185,2923,6.32911392405063,"proteome"
2629,1569,2923,53.6777283612727,"proteome"
2630,11,2923,0.376325692781389,"proteome"
2631,10,2923,0.342114266164899,"proteome"
2632,13,2923,0.444748546014369,"proteome"
2633,1463,2923,50.0513171399247,"proteome"
2634,3,2923,0.10263427984947,"proteome"
2635,10,2923,0.342114266164899,"proteome"
2636,1466,2923,50.1539514197742,"proteome"
2637,3,2923,0.10263427984947,"proteome"
2638,51,2923,1.74478275744099,"proteome"
2639,4,2923,0.13684570646596,"proteome"
2640,4,2923,0.13684570646596,"proteome"
2641,11,2923,0.376325692781389,"proteome"
2642,1462,2923,50.0171057133082,"proteome"
2643,8,2923,0.273691412931919,"proteome"
2644,5,2923,0.17105713308245,"proteome"
2645,114,2923,3.90010263427985,"proteome"
2646,109,2923,3.7290455011974,"proteome"
2647,4,2923,0.13684570646596,"proteome"
2648,106,2923,3.62641122134793,"proteome"
2649,97,2923,3.31850838179952,"proteome"
2650,24,2923,0.821074238795758,"proteome"
2651,147,2923,5.02907971262402,"proteome"
2652,9,2923,0.307902839548409,"proteome"
2653,112,2923,3.83167978104687,"proteome"
2654,1538,2923,52.6171741361615,"proteome"
2655,1572,2923,53.7803626411221,"proteome"
2656,5,2923,0.17105713308245,"proteome"
2657,1462,2923,50.0171057133082,"proteome"
2658,5,2923,0.17105713308245,"proteome"
2659,1461,2923,49.9828942866918,"proteome"
2660,6,2923,0.205268559698939,"proteome"
2661,1466,2923,50.1539514197742,"proteome"
2662,78,2923,2.66849127608621,"proteome"
2663,117,2923,4.00273691412932,"proteome"
2664,2,2923,0.0684228532329798,"proteome"
2665,4,2923,0.13684570646596,"proteome"
2666,287,2923,9.8186794389326,"proteome"
2667,1467,2923,50.1881628463907,"proteome"
2668,10,2923,0.342114266164899,"proteome"
2669,2,2923,0.0684228532329798,"proteome"
2670,6,2923,0.205268559698939,"proteome"
2671,343,2923,11.734519329456,"proteome"
2672,6,2923,0.205268559698939,"proteome"
2673,4,2923,0.13684570646596,"proteome"
2674,4,2923,0.13684570646596,"proteome"
2675,190,2923,6.50017105713308,"proteome"
2676,98,2923,3.35271980841601,"proteome"
2677,96,2923,3.28429695518303,"proteome"
2678,17,2923,0.581594252480328,"proteome"
2679,80,2923,2.73691412931919,"proteome"
2680,1461,2923,49.9828942866918,"proteome"
2681,2,2923,0.0684228532329798,"proteome"
2682,1825,2923,62.4358535750941,"proteome"
2683,106,2923,3.62641122134793,"proteome"
2684,6,2923,0.205268559698939,"proteome"
2685,4,2923,0.13684570646596,"proteome"
2686,4,2923,0.13684570646596,"proteome"
2687,8,2923,0.273691412931919,"proteome"
2688,4,2923,0.13684570646596,"proteome"
2689,109,2923,3.7290455011974,"proteome"
2690,1719,2923,58.8094423537461,"proteome"
2691,2,2923,0.0684228532329798,"proteome"
2692,4,2923,0.13684570646596,"proteome"
2693,1461,2923,49.9828942866918,"proteome"
2694,3,2923,0.10263427984947,"proteome"
2695,778,2923,26.6164899076291,"proteome"
2696,5,2923,0.17105713308245,"proteome"
2697,1464,2923,50.0855285665412,"proteome"
2698,23,2923,0.786862812179268,"proteome"
2699,4,2923,0.13684570646596,"proteome"
2700,175,2923,5.98699965788573,"proteome"
2701,176,2923,6.02121108450222,"proteome"
2702,3,2923,0.10263427984947,"proteome"
2703,1638,2923,56.0383167978105,"proteome"
2704,101,2923,3.45535408826548,"proteome"
2705,7,2923,0.239479986315429,"proteome"
2706,7,2923,0.239479986315429,"proteome"
2707,3,2923,0.10263427984947,"proteome"
2708,5,2923,0.17105713308245,"proteome"
2709,1,2923,0.0342114266164899,"proteome"
2710,1708,2923,58.4331166609648,"proteome"
2711,237,2923,8.10810810810811,"proteome"
2712,3,2923,0.10263427984947,"proteome"
2713,7,2923,0.239479986315429,"proteome"
2714,81,2923,2.77112555593568,"proteome"
2715,1469,2923,50.2565856996237,"proteome"
2716,15,2923,0.513171399247349,"proteome"
2717,6,2923,0.205268559698939,"proteome"
2718,1,2923,0.0342114266164899,"proteome"
2719,1462,2923,50.0171057133082,"proteome"
2720,831,2923,28.4296955183031,"proteome"
2721,7,2923,0.239479986315429,"proteome"
2722,98,2923,3.35271980841601,"proteome"
2723,381,2923,13.0345535408827,"proteome"
2724,185,2923,6.32911392405063,"proteome"
2725,2,2923,0.0684228532329798,"proteome"
2726,1469,2923,50.2565856996237,"proteome"
2727,72,2923,2.46322271638727,"proteome"
2728,875,2923,29.9349982894287,"proteome"
2729,373,2923,12.7608621279507,"proteome"
2730,10,2923,0.342114266164899,"proteome"
2731,332,2923,11.3581936366746,"proteome"
2732,4,2923,0.13684570646596,"proteome"
2733,288,2923,9.85289086554909,"proteome"
2734,4,2923,0.13684570646596,"proteome"
2735,6,2923,0.205268559698939,"proteome"
2736,1468,2923,50.2223742730072,"proteome"
2737,29,2923,0.992131371878207,"proteome"
2738,6,2923,0.205268559698939,"proteome"
2739,2,2923,0.0684228532329798,"proteome"
2740,1522,2923,52.0697913102976,"proteome"
2741,6,2923,0.205268559698939,"proteome"
2742,1476,2923,50.4960656859391,"proteome"
2743,103,2923,3.52377694149846,"proteome"
2744,6,2923,0.205268559698939,"proteome"
2745,3,2923,0.10263427984947,"proteome"
2746,372,2923,12.7266507013342,"proteome"
2747,1466,2923,50.1539514197742,"proteome"
2748,148,2923,5.06329113924051,"proteome"
2749,1467,2923,50.1881628463907,"proteome"
2750,1476,2923,50.4960656859391,"proteome"
2751,76,2923,2.60006842285323,"proteome"
2752,116,2923,3.96852548751283,"proteome"
2753,2557,2923,87.4786178583647,"proteome"
2754,1460,2923,49.9486828600753,"proteome"
2755,3,2923,0.10263427984947,"proteome"
2756,8,2923,0.273691412931919,"proteome"
2757,1462,2923,50.0171057133082,"proteome"
2758,1462,2923,50.0171057133082,"proteome"
2759,4,2923,0.13684570646596,"proteome"
2760,112,2923,3.83167978104687,"proteome"
2761,1462,2923,50.0171057133082,"proteome"
2762,97,2923,3.31850838179952,"proteome"
2763,103,2923,3.52377694149846,"proteome"
2764,22,2923,0.752651385562778,"proteome"
2765,4,2923,0.13684570646596,"proteome"
2766,4,2923,0.13684570646596,"proteome"
2767,5,2923,0.17105713308245,"proteome"
2768,539,2923,18.4399589462881,"proteome"
2769,4,2923,0.13684570646596,"proteome"
2770,1478,2923,50.5644885391721,"proteome"
2771,1557,2923,53.2671912418748,"proteome"
2772,3,2923,0.10263427984947,"proteome"
2773,88,2923,3.01060554225111,"proteome"
2774,100,2923,3.42114266164899,"proteome"
2775,2,2923,0.0684228532329798,"proteome"
2776,479,2923,16.3872733492987,"proteome"
2777,1465,2923,50.1197399931577,"proteome"
2778,91,2923,3.11323982210058,"proteome"
2779,7,2923,0.239479986315429,"proteome"
2780,1466,2923,50.1539514197742,"proteome"
2781,255,2923,8.72391378720493,"proteome"
2782,5,2923,0.17105713308245,"proteome"
2783,6,2923,0.205268559698939,"proteome"
2784,5,2923,0.17105713308245,"proteome"
2785,1462,2923,50.0171057133082,"proteome"
2786,274,2923,9.37393089291824,"proteome"
2787,220,2923,7.52651385562778,"proteome"
2788,9,2923,0.307902839548409,"proteome"
2789,1465,2923,50.1197399931577,"proteome"
2790,122,2923,4.17379404721177,"proteome"
2791,2,2923,0.0684228532329798,"proteome"
2792,8,2923,0.273691412931919,"proteome"
2793,1565,2923,53.5408826548067,"proteome"
2794,346,2923,11.8371536093055,"proteome"
2795,5,2923,0.17105713308245,"proteome"
2796,1462,2923,50.0171057133082,"proteome"
2797,148,2923,5.06329113924051,"proteome"
2798,5,2923,0.17105713308245,"proteome"
2799,9,2923,0.307902839548409,"proteome"
2800,11,2923,0.376325692781389,"proteome"
2801,4,2923,0.13684570646596,"proteome"
2802,11,2923,0.376325692781389,"proteome"
2803,2,2923,0.0684228532329798,"proteome"
2804,118,2923,4.03694834074581,"proteome"
2805,6,2923,0.205268559698939,"proteome"
2806,4,2923,0.13684570646596,"proteome"
2807,2,2923,0.0684228532329798,"proteome"
2808,4,2923,0.13684570646596,"proteome"
2809,98,2923,3.35271980841601,"proteome"
2810,185,2923,6.32911392405063,"proteome"
2811,6,2923,0.205268559698939,"proteome"
2812,7,2923,0.239479986315429,"proteome"
2813,73,2923,2.49743414300376,"proteome"
2814,12,2923,0.410537119397879,"proteome"
2815,254,2923,8.68970236058844,"proteome"
2816,404,2923,13.8214163530619,"proteome"
2817,9,2923,0.307902839548409,"proteome"
2818,776,2923,26.5480670543962,"proteome"
2819,1533,2923,52.446117003079,"proteome"
2820,5,2923,0.17105713308245,"proteome"
2821,302,2923,10.33185083818,"proteome"
2822,2,2923,0.0684228532329798,"proteome"
2823,22,2923,0.752651385562778,"proteome"
2824,2,2923,0.0684228532329798,"proteome"
2825,202,2923,6.91070817653096,"proteome"
2826,87,2923,2.97639411563462,"proteome"
2827,3,2923,0.10263427984947,"proteome"
2828,2,2923,0.0684228532329798,"proteome"
2829,4,2923,0.13684570646596,"proteome"
2830,312,2923,10.6739651043449,"proteome"
2831,180,2923,6.15805679096818,"proteome"
2832,1464,2923,50.0855285665412,"proteome"
2833,9,2923,0.307902839548409,"proteome"
2834,5,2923,0.17105713308245,"proteome"
2835,8,2923,0.273691412931919,"proteome"
2836,1464,2923,50.0855285665412,"proteome"
2837,191,2923,6.53438248374957,"proteome"
2838,1462,2923,50.0171057133082,"proteome"
2839,5,2923,0.17105713308245,"proteome"
2840,8,2923,0.273691412931919,"proteome"
2841,423,2923,14.4714334587752,"proteome"
2842,2,2923,0.0684228532329798,"proteome"
2843,1463,2923,50.0513171399247,"proteome"
2844,1466,2923,50.1539514197742,"proteome"
2845,3,2923,0.10263427984947,"proteome"
2846,3,2923,0.10263427984947,"proteome"
2847,9,2923,0.307902839548409,"proteome"
2848,1461,2923,49.9828942866918,"proteome"
2849,6,2923,0.205268559698939,"proteome"
2850,309,2923,10.5713308244954,"proteome"
2851,102,2923,3.48956551488197,"proteome"
2852,4,2923,0.13684570646596,"proteome"
2853,152,2923,5.20013684570647,"proteome"
2854,3,2923,0.10263427984947,"proteome"
2855,84,2923,2.87375983578515,"proteome"
2856,1,2923,0.0342114266164899,"proteome"
2857,4,2923,0.13684570646596,"proteome"
2858,22,2923,0.752651385562778,"proteome"
2859,5,2923,0.17105713308245,"proteome"
2860,300,2923,10.263427984947,"proteome"
2861,101,2923,3.45535408826548,"proteome"
2862,302,2923,10.33185083818,"proteome"
2863,6,2923,0.205268559698939,"proteome"
2864,1460,2923,49.9486828600753,"proteome"
2865,5,2923,0.17105713308245,"proteome"
2866,380,2923,13.0003421142662,"proteome"
2867,1468,2923,50.2223742730072,"proteome"
2868,1472,2923,50.3592199794731,"proteome"
2869,5,2923,0.17105713308245,"proteome"
2870,7,2923,0.239479986315429,"proteome"
2871,18,2923,0.615805679096818,"proteome"
2872,106,2923,3.62641122134793,"proteome"
2873,1464,2923,50.0855285665412,"proteome"
2874,17,2923,0.581594252480328,"proteome"
2875,1462,2923,50.0171057133082,"proteome"
2876,6,2923,0.205268559698939,"proteome"
2877,8,2923,0.273691412931919,"proteome"
2878,105,2923,3.59219979473144,"proteome"
2879,2,2923,0.0684228532329798,"proteome"
2880,91,2923,3.11323982210058,"proteome"
2881,1479,2923,50.5986999657886,"proteome"
2882,1,2923,0.0342114266164899,"proteome"
2883,1462,2923,50.0171057133082,"proteome"
2884,486,2923,16.6267533356141,"proteome"
2885,4,2923,0.13684570646596,"proteome"
2886,100,2923,3.42114266164899,"proteome"
2887,10,2923,0.342114266164899,"proteome"
2888,2,2923,0.0684228532329798,"proteome"
2889,32,2923,1.09476565172768,"proteome"
2890,5,2923,0.17105713308245,"proteome"
2891,6,2923,0.205268559698939,"proteome"
2892,3,2923,0.10263427984947,"proteome"
2893,1462,2923,50.0171057133082,"proteome"
2894,5,2923,0.17105713308245,"proteome"
2895,1462,2923,50.0171057133082,"proteome"
2896,1461,2923,49.9828942866918,"proteome"
2897,2,2923,0.0684228532329798,"proteome"
2898,190,2923,6.50017105713308,"proteome"
2899,3,2923,0.10263427984947,"proteome"
2900,17,2923,0.581594252480328,"proteome"
2901,211,2923,7.21861101607937,"proteome"
2902,144,2923,4.92644543277455,"proteome"
2903,1643,2923,56.2093739308929,"proteome"
2904,3,2923,0.10263427984947,"proteome"
2905,82,2923,2.80533698255217,"proteome"
2906,2,2923,0.0684228532329798,"proteome"
2907,10,2923,0.342114266164899,"proteome"
2908,3,2923,0.10263427984947,"proteome"
2909,5,2923,0.17105713308245,"proteome"
2910,1461,2923,49.9828942866918,"proteome"
2911,1461,2923,49.9828942866918,"proteome"
2912,1463,2923,50.0513171399247,"proteome"
2913,1467,2923,50.1881628463907,"proteome"
2914,1462,2923,50.0171057133082,"proteome"
2915,4,2923,0.13684570646596,"proteome"
2916,1887,2923,64.5569620253165,"proteome"
2917,580,2923,19.8426274375641,"proteome"
2918,6,2923,0.205268559698939,"proteome"
2919,7,2923,0.239479986315429,"proteome"
2920,1572,2923,53.7803626411221,"proteome"
2921,195,2923,6.67122819021553,"proteome"
2922,4,2923,0.13684570646596,"proteome"
2923,2,2923,0.0684228532329798,"proteome"
2924,8,2923,0.273691412931919,"proteome"
2925,13,2923,0.444748546014369,"proteome"
2926,309,2923,10.5713308244954,"proteome"
2927,3,2923,0.10263427984947,"proteome"
2928,221,2923,7.56072528224427,"proteome"
2929,152,2923,5.20013684570647,"proteome"
2930,172,2923,5.88436537803626,"proteome"
2931,60,2923,2.05268559698939,"proteome"
2932,2,2923,0.0684228532329798,"proteome"
2933,320,2923,10.9476565172768,"proteome"
2934,22,2923,0.752651385562778,"proteome"
2935,1464,2923,50.0855285665412,"proteome"
2936,219,2923,7.49230242901129,"proteome"
2937,1464,2923,50.0855285665412,"proteome"
2938,3,2923,0.10263427984947,"proteome"
2939,3,2923,0.10263427984947,"proteome"
2940,6,2923,0.205268559698939,"proteome"
2941,11,2923,0.376325692781389,"proteome"
2942,9,2923,0.307902839548409,"proteome"
2943,1574,2923,53.8487854943551,"proteome"
2944,1460,2923,49.9486828600753,"proteome"
2945,353,2923,12.0766335956209,"proteome"
2946,6,2923,0.205268559698939,"proteome"
2947,4,2923,0.13684570646596,"proteome"
2948,1637,2923,56.004105371194,"proteome"
2949,5,2923,0.17105713308245,"proteome"
2950,23,2923,0.786862812179268,"proteome"
2951,1755,2923,60.0410537119398,"proteome"
2952,148,2923,5.06329113924051,"proteome"
2953,4,2923,0.13684570646596,"proteome"
2954,4,2923,0.13684570646596,"proteome"
2955,6,2923,0.205268559698939,"proteome"
2956,455,2923,15.5661991105029,"proteome"
2957,216,2923,7.38966814916182,"proteome"
2958,98,2923,3.35271980841601,"proteome"
2959,4,2923,0.13684570646596,"proteome"
2960,2,2923,0.0684228532329798,"proteome"
2961,113,2923,3.86589120766336,"proteome"
2962,1477,2923,50.5302771125556,"proteome"
2963,7,2923,0.239479986315429,"proteome"
2964,13,2923,0.444748546014369,"proteome"
2965,84,2923,2.87375983578515,"proteome"
2966,1462,2923,50.0171057133082,"proteome"
2967,1463,2923,50.0513171399247,"proteome"
2968,2,2923,0.0684228532329798,"proteome"
2969,100,2923,3.42114266164899,"proteome"
2970,84,2923,2.87375983578515,"proteome"
2971,80,2923,2.73691412931919,"proteome"
2972,1477,2923,50.5302771125556,"proteome"
2973,3,2923,0.10263427984947,"proteome"
2974,344,2923,11.7687307560725,"proteome"
2975,146,2923,4.99486828600753,"proteome"
2976,7,2923,0.239479986315429,"proteome"
2977,6,2923,0.205268559698939,"proteome"
2978,5,2923,0.17105713308245,"proteome"
2979,1,2923,0.0342114266164899,"proteome"
2980,57,2923,1.95005131713992,"proteome"
2981,18,2923,0.615805679096818,"proteome"
2982,15,2923,0.513171399247349,"proteome"
2983,5,2923,0.17105713308245,"proteome"
2984,5,2923,0.17105713308245,"proteome"
2985,374,2923,12.7950735545672,"proteome"
2986,4,2923,0.13684570646596,"proteome"
2987,5,2923,0.17105713308245,"proteome"
2988,6,2923,0.205268559698939,"proteome"
2989,11,2923,0.376325692781389,"proteome"
2990,2,2923,0.0684228532329798,"proteome"
2991,5,2923,0.17105713308245,"proteome"
2992,4,2923,0.13684570646596,"proteome"
2993,6,2923,0.205268559698939,"proteome"
2994,10,2923,0.342114266164899,"proteome"
2995,5,2923,0.17105713308245,"proteome"
2996,1562,2923,53.4382483749572,"proteome"
2997,106,2923,3.62641122134793,"proteome"
2998,3,2923,0.10263427984947,"proteome"
2999,7,2923,0.239479986315429,"proteome"
3000,7,2923,0.239479986315429,"proteome"
3001,3,2923,0.10263427984947,"proteome"
3002,223,2923,7.62914813547725,"proteome"
3003,94,2923,3.21587410195005,"proteome"
3004,99,2923,3.3869312350325,"proteome"
3005,1462,2923,50.0171057133082,"proteome"
3006,241,2923,8.24495381457407,"proteome"
3007,117,2923,4.00273691412932,"proteome"
3008,27,2923,0.923708518645228,"proteome"
3009,100,2923,3.42114266164899,"proteome"
3010,2556,2923,87.4444064317482,"proteome"
3011,1466,2923,50.1539514197742,"proteome"
3012,5,2923,0.17105713308245,"proteome"
3013,1466,2923,50.1539514197742,"proteome"
3014,3,2923,0.10263427984947,"proteome"
3015,1469,2923,50.2565856996237,"proteome"
3016,3,2923,0.10263427984947,"proteome"
3017,191,2923,6.53438248374957,"proteome"
3018,115,2923,3.93431406089634,"proteome"
3019,1478,2923,50.5644885391721,"proteome"
3020,6,2923,0.205268559698939,"proteome"
3021,3,2923,0.10263427984947,"proteome"
3022,480,2923,16.4214847759152,"proteome"
3023,2,2923,0.0684228532329798,"proteome"
3024,10,2923,0.342114266164899,"proteome"
3025,1462,2923,50.0171057133082,"proteome"
3026,3,2923,0.10263427984947,"proteome"
3027,9,2923,0.307902839548409,"proteome"
3028,1463,2923,50.0513171399247,"proteome"
3029,9,2923,0.307902839548409,"proteome"
3030,6,2923,0.205268559698939,"proteome"
3031,735,2923,25.1453985631201,"proteome"
3032,7,2923,0.239479986315429,"proteome"
3033,1468,2923,50.2223742730072,"proteome"
3034,544,2923,18.6110160793705,"proteome"
3035,6,2923,0.205268559698939,"proteome"
3036,1477,2923,50.5302771125556,"proteome"
3037,7,2923,0.239479986315429,"proteome"
3038,5,2923,0.17105713308245,"proteome"
3039,9,2923,0.307902839548409,"proteome"
3040,11,2923,0.376325692781389,"proteome"
3041,7,2923,0.239479986315429,"proteome"
3042,96,2923,3.28429695518303,"proteome"
3043,1479,2923,50.5986999657886,"proteome"
3044,308,2923,10.5371193978789,"proteome"
3045,194,2923,6.63701676359904,"proteome"
3046,220,2923,7.52651385562778,"proteome"
3047,184,2923,6.29490249743414,"proteome"
3048,15,2923,0.513171399247349,"proteome"
3049,65,2923,2.22374273007184,"proteome"
3050,4,2923,0.13684570646596,"proteome"
3051,10,2923,0.342114266164899,"proteome"
3052,10,2923,0.342114266164899,"proteome"
3053,613,2923,20.9716045159083,"proteome"
3054,1754,2923,60.0068422853233,"proteome"
3055,6,2923,0.205268559698939,"proteome"
3056,3,2923,0.10263427984947,"proteome"
3057,345,2923,11.802942182689,"proteome"
3058,291,2923,9.95552514539856,"proteome"
3059,1479,2923,50.5986999657886,"proteome"
3060,3,2923,0.10263427984947,"proteome"
3061,111,2923,3.79746835443038,"proteome"
3062,153,2923,5.23434827232296,"proteome"
3063,539,2923,18.4399589462881,"proteome"
3064,1531,2923,52.3776941498461,"proteome"
3065,5,2923,0.17105713308245,"proteome"
3066,3,2923,0.10263427984947,"proteome"
3067,1461,2923,49.9828942866918,"proteome"
3068,115,2923,3.93431406089634,"proteome"
3069,617,2923,21.1084502223743,"proteome"
3070,3,2923,0.10263427984947,"proteome"
3071,29,2923,0.992131371878207,"proteome"
3072,10,2923,0.342114266164899,"proteome"
3073,208,2923,7.1159767362299,"proteome"
3074,97,2923,3.31850838179952,"proteome"
3075,173,2923,5.91857680465275,"proteome"
3076,7,2923,0.239479986315429,"proteome"
3077,7,2923,0.239479986315429,"proteome"
3078,106,2923,3.62641122134793,"proteome"
3079,1465,2923,50.1197399931577,"proteome"
3080,2,2923,0.0684228532329798,"proteome"
3081,3,2923,0.10263427984947,"proteome"
3082,1461,2923,49.9828942866918,"proteome"
3083,2,2923,0.0684228532329798,"proteome"
3084,18,2923,0.615805679096818,"proteome"
3085,250,2923,8.55285665412248,"proteome"
3086,111,2923,3.79746835443038,"proteome"
3087,11,2923,0.376325692781389,"proteome"
3088,6,2923,0.205268559698939,"proteome"
3089,8,2923,0.273691412931919,"proteome"
3090,1461,2923,49.9828942866918,"proteome"
3091,287,2923,9.8186794389326,"proteome"
3092,5,2923,0.17105713308245,"proteome"
3093,122,2923,4.17379404721177,"proteome"
3094,97,2923,3.31850838179952,"proteome"
3095,13,2923,0.444748546014369,"proteome"
3096,103,2923,3.52377694149846,"proteome"
3097,454,2923,15.5319876838864,"proteome"
3098,3,2923,0.10263427984947,"proteome"
3099,73,2923,2.49743414300376,"proteome"
3100,3,2923,0.10263427984947,"proteome"
3101,141,2923,4.82381115292508,"proteome"
3102,93,2923,3.18166267533356,"proteome"
3103,102,2923,3.48956551488197,"proteome"
3104,124,2923,4.24221690044475,"proteome"
3105,6,2923,0.205268559698939,"proteome"
3106,7,2923,0.239479986315429,"proteome"
3107,229,2923,7.83441669517619,"proteome"
3108,1462,2923,50.0171057133082,"proteome"
3109,489,2923,16.7293876154636,"proteome"
3110,1465,2923,50.1197399931577,"proteome"
3111,60,2923,2.05268559698939,"proteome"
3112,165,2923,5.64488539172083,"proteome"
3113,2,2923,0.0684228532329798,"proteome"
3114,146,2923,4.99486828600753,"proteome"
3115,4,2923,0.13684570646596,"proteome"
3116,1464,2923,50.0855285665412,"proteome"
3117,127,2923,4.34485118029422,"proteome"
3118,85,2923,2.90797126240164,"proteome"
3119,5,2923,0.17105713308245,"proteome"
3120,110,2923,3.76325692781389,"proteome"
3121,86,2923,2.94218268901813,"proteome"
3122,4,2923,0.13684570646596,"proteome"
3123,104,2923,3.55798836811495,"proteome"
3124,1463,2923,50.0513171399247,"proteome"
3125,351,2923,12.008210742388,"proteome"
3126,1462,2923,50.0171057133082,"proteome"
3127,2,2923,0.0684228532329798,"proteome"
3128,10,2923,0.342114266164899,"proteome"
3129,5,2923,0.17105713308245,"proteome"
3130,163,2923,5.57646253848785,"proteome"
3131,7,2923,0.239479986315429,"proteome"
3132,1464,2923,50.0855285665412,"proteome"
3133,1461,2923,49.9828942866918,"proteome"
3134,7,2923,0.239479986315429,"proteome"
3135,1476,2923,50.4960656859391,"proteome"
3136,100,2923,3.42114266164899,"proteome"
3137,1462,2923,50.0171057133082,"proteome"
3138,277,2923,9.4765651727677,"proteome"
3139,9,2923,0.307902839548409,"proteome"
3140,153,2923,5.23434827232296,"proteome"
3141,1463,2923,50.0513171399247,"proteome"
3142,1478,2923,50.5644885391721,"proteome"
3143,1464,2923,50.0855285665412,"proteome"
3144,76,2923,2.60006842285323,"proteome"
3145,3,2923,0.10263427984947,"proteome"
3146,9,2923,0.307902839548409,"proteome"
3147,10,2923,0.342114266164899,"proteome"
3148,3,2923,0.10263427984947,"proteome"
3149,1467,2923,50.1881628463907,"proteome"
3150,1462,2923,50.0171057133082,"proteome"
3151,10,2923,0.342114266164899,"proteome"
3152,3,2923,0.10263427984947,"proteome"
3153,9,2923,0.307902839548409,"proteome"
3154,3,2923,0.10263427984947,"proteome"
3155,112,2923,3.83167978104687,"proteome"
3156,1469,2923,50.2565856996237,"proteome"
3157,17,2923,0.581594252480328,"proteome"
3158,1466,2923,50.1539514197742,"proteome"
3159,8,2923,0.273691412931919,"proteome"
3160,10,2923,0.342114266164899,"proteome"
3161,86,2923,2.94218268901813,"proteome"
3162,1478,2923,50.5644885391721,"proteome"
3163,3,2923,0.10263427984947,"proteome"
3164,6,2923,0.205268559698939,"proteome"
3165,6,2923,0.205268559698939,"proteome"
3166,8,2923,0.273691412931919,"proteome"
3167,1461,2923,49.9828942866918,"proteome"
3168,5,2923,0.17105713308245,"proteome"
3169,7,2923,0.239479986315429,"proteome"
3170,7,2923,0.239479986315429,"proteome"
3171,1469,2923,50.2565856996237,"proteome"
3172,121,2923,4.13958262059528,"proteome"
3173,245,2923,8.38179952104003,"proteome"
3174,15,2923,0.513171399247349,"proteome"
3175,1462,2923,50.0171057133082,"proteome"
3176,439,2923,15.0188162846391,"proteome"
3177,6,2923,0.205268559698939,"proteome"
3178,2,2923,0.0684228532329798,"proteome"
3179,18,2923,0.615805679096818,"proteome"
3180,378,2923,12.9319192610332,"proteome"
3181,5,2923,0.17105713308245,"proteome"
3182,1461,2923,49.9828942866918,"proteome"
3183,6,2923,0.205268559698939,"proteome"
3184,105,2923,3.59219979473144,"proteome"
3185,1477,2923,50.5302771125556,"proteome"
3186,5,2923,0.17105713308245,"proteome"
3187,2,2923,0.0684228532329798,"proteome"
3188,234,2923,8.00547382825864,"proteome"
3189,7,2923,0.239479986315429,"proteome"
3190,11,2923,0.376325692781389,"proteome"
3191,1466,2923,50.1539514197742,"proteome"
3192,4,2923,0.13684570646596,"proteome"
3193,13,2923,0.444748546014369,"proteome"
3194,1464,2923,50.0855285665412,"proteome"
3195,8,2923,0.273691412931919,"proteome"
3196,1468,2923,50.2223742730072,"proteome"
3197,7,2923,0.239479986315429,"proteome"
3198,3,2923,0.10263427984947,"proteome"
3199,5,2923,0.17105713308245,"proteome"
3200,10,2923,0.342114266164899,"proteome"
3201,3,2923,0.10263427984947,"proteome"
3202,1465,2923,50.1197399931577,"proteome"
3203,1463,2923,50.0513171399247,"proteome"
3204,1467,2923,50.1881628463907,"proteome"
3205,23,2923,0.786862812179268,"proteome"
3206,4,2923,0.13684570646596,"proteome"
3207,23,2923,0.786862812179268,"proteome"
3208,9,2923,0.307902839548409,"proteome"
3209,148,2923,5.06329113924051,"proteome"
3210,1461,2923,49.9828942866918,"proteome"
3211,1464,2923,50.0855285665412,"proteome"
3212,10,2923,0.342114266164899,"proteome"
3213,6,2923,0.205268559698939,"proteome"
3214,5,2923,0.17105713308245,"proteome"
3215,6,2923,0.205268559698939,"proteome"
3216,148,2923,5.06329113924051,"proteome"
3217,1,2923,0.0342114266164899,"proteome"
3218,99,2923,3.3869312350325,"proteome"
3219,633,2923,21.6558330482381,"proteome"
3220,1460,2923,49.9486828600753,"proteome"
3221,1464,2923,50.0855285665412,"proteome"
3222,92,2923,3.14745124871707,"proteome"
3223,1472,2923,50.3592199794731,"proteome"
3224,1461,2923,49.9828942866918,"proteome"
3225,193,2923,6.60280533698255,"proteome"
3226,1463,2923,50.0513171399247,"proteome"
3227,8,2923,0.273691412931919,"proteome"
3228,105,2923,3.59219979473144,"proteome"
3229,1464,2923,50.0855285665412,"proteome"
3230,293,2923,10.0239479986315,"proteome"
3231,6,2923,0.205268559698939,"proteome"
3232,6,2923,0.205268559698939,"proteome"
3233,13,2923,0.444748546014369,"proteome"
3234,1,2923,0.0342114266164899,"proteome"
3235,291,2923,9.95552514539856,"proteome"
3236,3,2923,0.10263427984947,"proteome"
3237,354,2923,12.1108450222374,"proteome"
3238,9,2923,0.307902839548409,"proteome"
3239,119,2923,4.0711597673623,"proteome"
3240,611,2923,20.9031816626753,"proteome"
3241,215,2923,7.35545672254533,"proteome"
3242,73,2923,2.49743414300376,"proteome"
3243,94,2923,3.21587410195005,"proteome"
3244,108,2923,3.69483407458091,"proteome"
3245,5,2923,0.17105713308245,"proteome"
3246,224,2923,7.66335956209374,"proteome"
3247,4,2923,0.13684570646596,"proteome"
3248,3,2923,0.10263427984947,"proteome"
3249,91,2923,3.11323982210058,"proteome"
3250,209,2923,7.15018816284639,"proteome"
3251,10,2923,0.342114266164899,"proteome"
3252,3,2923,0.10263427984947,"proteome"
3253,18,2923,0.615805679096818,"proteome"
3254,1463,2923,50.0513171399247,"proteome"
3255,2,2923,0.0684228532329798,"proteome"
3256,1480,2923,50.6329113924051,"proteome"
3257,1461,2923,49.9828942866918,"proteome"
3258,6,2923,0.205268559698939,"proteome"
3259,3,2923,0.10263427984947,"proteome"
3260,8,2923,0.273691412931919,"proteome"
3261,1468,2923,50.2223742730072,"proteome"
3262,3,2923,0.10263427984947,"proteome"
3263,7,2923,0.239479986315429,"proteome"
3264,1462,2923,50.0171057133082,"proteome"
3265,13,2923,0.444748546014369,"proteome"
3266,3,2923,0.10263427984947,"proteome"
3267,15,2923,0.513171399247349,"proteome"
3268,100,2923,3.42114266164899,"proteome"
3269,109,2923,3.7290455011974,"proteome"
3270,9,2923,0.307902839548409,"proteome"
3271,5,2923,0.17105713308245,"proteome"
3272,2557,2923,87.4786178583647,"proteome"
3273,9,2923,0.307902839548409,"proteome"
3274,13,2923,0.444748546014369,"proteome"
3275,327,2923,11.1871365035922,"proteome"
3276,1466,2923,50.1539514197742,"proteome"
3277,418,2923,14.3003763256928,"proteome"
3278,123,2923,4.20800547382826,"proteome"
3279,1463,2923,50.0513171399247,"proteome"
3280,403,2923,13.7872049264454,"proteome"
3281,2,2923,0.0684228532329798,"proteome"
3282,1468,2923,50.2223742730072,"proteome"
3283,1463,2923,50.0513171399247,"proteome"
3284,559,2923,19.1241874786179,"proteome"
3285,305,2923,10.4344851180294,"proteome"
3286,1463,2923,50.0513171399247,"proteome"
3287,118,2923,4.03694834074581,"proteome"
3288,1468,2923,50.2223742730072,"proteome"
3289,1565,2923,53.5408826548067,"proteome"
3290,8,2923,0.273691412931919,"proteome"
3291,7,2923,0.239479986315429,"proteome"
3292,13,2923,0.444748546014369,"proteome"
3293,6,2923,0.205268559698939,"proteome"
3294,1464,2923,50.0855285665412,"proteome"
3295,5,2923,0.17105713308245,"proteome"
3296,116,2923,3.96852548751283,"proteome"
3297,14,2923,0.478959972630859,"proteome"
3298,79,2923,2.7027027027027,"proteome"
3299,5,2923,0.17105713308245,"proteome"
3300,115,2923,3.93431406089634,"proteome"
3301,400,2923,13.684570646596,"proteome"
3302,8,2923,0.273691412931919,"proteome"
3303,7,2923,0.239479986315429,"proteome"
3304,62,2923,2.12110845022237,"proteome"
3305,101,2923,3.45535408826548,"proteome"
3306,82,2923,2.80533698255217,"proteome"
3307,3,2923,0.10263427984947,"proteome"
3308,6,2923,0.205268559698939,"proteome"
3309,2,2923,0.0684228532329798,"proteome"
3310,1461,2923,49.9828942866918,"proteome"
3311,1466,2923,50.1539514197742,"proteome"
3312,1462,2923,50.0171057133082,"proteome"
3313,11,2923,0.376325692781389,"proteome"
3314,85,2923,2.90797126240164,"proteome"
3315,1645,2923,56.2777967841259,"proteome"
3316,17,2923,0.581594252480328,"proteome"
3317,1461,2923,49.9828942866918,"proteome"
3318,2,2923,0.0684228532329798,"proteome"
3319,5,2923,0.17105713308245,"proteome"
3320,18,2923,0.615805679096818,"proteome"
3321,366,2923,12.5213821416353,"proteome"
3322,222,2923,7.59493670886076,"proteome"
3323,4,2923,0.13684570646596,"proteome"
3324,5,2923,0.17105713308245,"proteome"
3325,7,2923,0.239479986315429,"proteome"
3326,1463,2923,50.0513171399247,"proteome"
3327,15,2923,0.513171399247349,"proteome"
3328,115,2923,3.93431406089634,"proteome"
3329,1,2923,0.0342114266164899,"proteome"
3330,237,2923,8.10810810810811,"proteome"
3331,5,2923,0.17105713308245,"proteome"
3332,4,2923,0.13684570646596,"proteome"
3333,7,2923,0.239479986315429,"proteome"
3334,6,2923,0.205268559698939,"proteome"
3335,4,2923,0.13684570646596,"proteome"
3336,5,2923,0.17105713308245,"proteome"
3337,10,2923,0.342114266164899,"proteome"
3338,182,2923,6.22647964420116,"proteome"
3339,3,2923,0.10263427984947,"proteome"
3340,10,2923,0.342114266164899,"proteome"
3341,186,2923,6.36332535066712,"proteome"
3342,5,2923,0.17105713308245,"proteome"
3343,1,2923,0.0342114266164899,"proteome"
3344,2,2923,0.0684228532329798,"proteome"
3345,1468,2923,50.2223742730072,"proteome"
3346,1461,2923,49.9828942866918,"proteome"
3347,99,2923,3.3869312350325,"proteome"
3348,3,2923,0.10263427984947,"proteome"
3349,3,2923,0.10263427984947,"proteome"
3350,70,2923,2.39479986315429,"proteome"
3351,5,2923,0.17105713308245,"proteome"
3352,10,2923,0.342114266164899,"proteome"
3353,1,2923,0.0342114266164899,"proteome"
3354,8,2923,0.273691412931919,"proteome"
3355,12,2923,0.410537119397879,"proteome"
3356,117,2923,4.00273691412932,"proteome"
3357,205,2923,7.01334245638043,"proteome"
3358,4,2923,0.13684570646596,"proteome"
3359,2,2923,0.0684228532329798,"proteome"
3360,1462,2923,50.0171057133082,"proteome"
3361,1463,2923,50.0513171399247,"proteome"
3362,150,2923,5.13171399247349,"proteome"
3363,95,2923,3.25008552856654,"proteome"
3364,149,2923,5.097502565857,"proteome"
3365,78,2923,2.66849127608621,"proteome"
3366,18,2923,0.615805679096818,"proteome"
3367,6,2923,0.205268559698939,"proteome"
3368,202,2923,6.91070817653096,"proteome"
3369,6,2923,0.205268559698939,"proteome"
3370,7,2923,0.239479986315429,"proteome"
3371,5,2923,0.17105713308245,"proteome"
3372,1099,2923,37.5983578515224,"proteome"
3373,8,2923,0.273691412931919,"proteome"
3374,10,2923,0.342114266164899,"proteome"
3375,117,2923,4.00273691412932,"proteome"
3376,1463,2923,50.0513171399247,"proteome"
3377,1462,2923,50.0171057133082,"proteome"
3378,106,2923,3.62641122134793,"proteome"
3379,4,2923,0.13684570646596,"proteome"
3380,14,2923,0.478959972630859,"proteome"
3381,97,2923,3.31850838179952,"proteome"
3382,98,2923,3.35271980841601,"proteome"
3383,5,2923,0.17105713308245,"proteome"
3384,1461,2923,49.9828942866918,"proteome"
3385,97,2923,3.31850838179952,"proteome"
3386,7,2923,0.239479986315429,"proteome"
3387,5,2923,0.17105713308245,"proteome"
3388,4,2923,0.13684570646596,"proteome"
3389,14,2923,0.478959972630859,"proteome"
3390,4,2923,0.13684570646596,"proteome"
3391,29,2923,0.992131371878207,"proteome"
3392,9,2923,0.307902839548409,"proteome"
3393,1464,2923,50.0855285665412,"proteome"
3394,14,2923,0.478959972630859,"proteome"
3395,5,2923,0.17105713308245,"proteome"
3396,1463,2923,50.0513171399247,"proteome"
3397,6,2923,0.205268559698939,"proteome"
3398,14,2923,0.478959972630859,"proteome"
3399,188,2923,6.4317482039001,"proteome"
3400,1461,2923,49.9828942866918,"proteome"
3401,11,2923,0.376325692781389,"proteome"
3402,1468,2923,50.2223742730072,"proteome"
3403,104,2923,3.55798836811495,"proteome"
3404,2,2923,0.0684228532329798,"proteome"
3405,17,2923,0.581594252480328,"proteome"
3406,5,2923,0.17105713308245,"proteome"
3407,1462,2923,50.0171057133082,"proteome"
3408,87,2923,2.97639411563462,"proteome"
3409,90,2923,3.07902839548409,"proteome"
3410,5,2923,0.17105713308245,"proteome"
3411,185,2923,6.32911392405063,"proteome"
3412,9,2923,0.307902839548409,"proteome"
3413,1461,2923,49.9828942866918,"proteome"
3414,5,2923,0.17105713308245,"proteome"
3415,1463,2923,50.0513171399247,"proteome"
3416,560,2923,19.1583989052343,"proteome"
3417,10,2923,0.342114266164899,"proteome"
3418,1462,2923,50.0171057133082,"proteome"
3419,1462,2923,50.0171057133082,"proteome"
3420,116,2923,3.96852548751283,"proteome"
3421,6,2923,0.205268559698939,"proteome"
3422,1462,2923,50.0171057133082,"proteome"
3423,1463,2923,50.0513171399247,"proteome"
3424,1462,2923,50.0171057133082,"proteome"
3425,7,2923,0.239479986315429,"proteome"
3426,1463,2923,50.0513171399247,"proteome"
3427,730,2923,24.9743414300376,"proteome"
3428,186,2923,6.36332535066712,"proteome"
3429,1464,2923,50.0855285665412,"proteome"
3430,78,2923,2.66849127608621,"proteome"
3431,2,2923,0.0684228532329798,"proteome"
3432,1462,2923,50.0171057133082,"proteome"
3433,253,2923,8.65549093397195,"proteome"
3434,5,2923,0.17105713308245,"proteome"
3435,1462,2923,50.0171057133082,"proteome"
3436,146,2923,4.99486828600753,"proteome"
3437,15,2923,0.513171399247349,"proteome"
3438,341,2923,11.6660964762231,"proteome"
3439,1461,2923,49.9828942866918,"proteome"
3440,181,2923,6.19226821758467,"proteome"
3441,3,2923,0.10263427984947,"proteome"
3442,245,2923,8.38179952104003,"proteome"
3443,194,2923,6.63701676359904,"proteome"
3444,1828,2923,62.5384878549436,"proteome"
3445,7,2923,0.239479986315429,"proteome"
3446,1462,2923,50.0171057133082,"proteome"
3447,121,2923,4.13958262059528,"proteome"
3448,4,2923,0.13684570646596,"proteome"
3449,145,2923,4.96065685939104,"proteome"
3450,89,2923,3.0448169688676,"proteome"
3451,266,2923,9.10023947998632,"proteome"
3452,165,2923,5.64488539172083,"proteome"
3453,7,2923,0.239479986315429,"proteome"
3454,3,2923,0.10263427984947,"proteome"
3455,1477,2923,50.5302771125556,"proteome"
3456,51,2923,1.74478275744099,"proteome"
3457,1462,2923,50.0171057133082,"proteome"
3458,1462,2923,50.0171057133082,"proteome"
3459,170,2923,5.81594252480328,"proteome"
3460,1466,2923,50.1539514197742,"proteome"
3461,4,2923,0.13684570646596,"proteome"
3462,189,2923,6.46595963051659,"proteome"
3463,2,2923,0.0684228532329798,"proteome"
3464,7,2923,0.239479986315429,"proteome"
3465,11,2923,0.376325692781389,"proteome"
3466,8,2923,0.273691412931919,"proteome"
3467,73,2923,2.49743414300376,"proteome"
3468,466,2923,15.9425248032843,"proteome"
3469,1463,2923,50.0513171399247,"proteome"
3470,10,2923,0.342114266164899,"proteome"
3471,17,2923,0.581594252480328,"proteome"
3472,27,2923,0.923708518645228,"proteome"
3473,10,2923,0.342114266164899,"proteome"
3474,5,2923,0.17105713308245,"proteome"
3475,1461,2923,49.9828942866918,"proteome"
3476,10,2923,0.342114266164899,"proteome"
3477,15,2923,0.513171399247349,"proteome"
3478,8,2923,0.273691412931919,"proteome"
3479,2,2923,0.0684228532329798,"proteome"
3480,9,2923,0.307902839548409,"proteome"
3481,6,2923,0.205268559698939,"proteome"
3482,3,2923,0.10263427984947,"proteome"
3483,3,2923,0.10263427984947,"proteome"
3484,4,2923,0.13684570646596,"proteome"
3485,196,2923,6.70543961683202,"proteome"
3486,1,2923,0.0342114266164899,"proteome"
3487,4,2923,0.13684570646596,"proteome"
3488,1575,2923,53.8829969209716,"proteome"
3489,4,2923,0.13684570646596,"proteome"
3490,4,2923,0.13684570646596,"proteome"
3491,186,2923,6.36332535066712,"proteome"
3492,2,2923,0.0684228532329798,"proteome"
3493,1572,2923,53.7803626411221,"proteome"
3494,1,2923,0.0342114266164899,"proteome"
3495,8,2923,0.273691412931919,"proteome"
3496,2,2923,0.0684228532329798,"proteome"
3497,5,2923,0.17105713308245,"proteome"
3498,63,2923,2.15531987683886,"proteome"
3499,86,2923,2.94218268901813,"proteome"
3500,2,2923,0.0684228532329798,"proteome"
3501,67,2923,2.29216558330482,"proteome"
3502,1463,2923,50.0513171399247,"proteome"
3503,9,2923,0.307902839548409,"proteome"
3504,6,2923,0.205268559698939,"proteome"
3505,108,2923,3.69483407458091,"proteome"
3506,4,2923,0.13684570646596,"proteome"
3507,115,2923,3.93431406089634,"proteome"
3508,1572,2923,53.7803626411221,"proteome"
3509,251,2923,8.58706808073897,"proteome"
3510,5,2923,0.17105713308245,"proteome"
3511,7,2923,0.239479986315429,"proteome"
3512,86,2923,2.94218268901813,"proteome"
3513,1,2923,0.0342114266164899,"proteome"
3514,10,2923,0.342114266164899,"proteome"
3515,273,2923,9.33971946630174,"proteome"
3516,1,2923,0.0342114266164899,"proteome"
3517,1577,2923,53.9514197742046,"proteome"
3518,2,2923,0.0684228532329798,"proteome"
3519,1464,2923,50.0855285665412,"proteome"
3520,1465,2923,50.1197399931577,"proteome"
3521,1461,2923,49.9828942866918,"proteome"
3522,8,2923,0.273691412931919,"proteome"
3523,8,2923,0.273691412931919,"proteome"
3524,9,2923,0.307902839548409,"proteome"
3525,18,2923,0.615805679096818,"proteome"
3526,6,2923,0.205268559698939,"proteome"
3527,4,2923,0.13684570646596,"proteome"
3528,5,2923,0.17105713308245,"proteome"
3529,6,2923,0.205268559698939,"proteome"
3530,1462,2923,50.0171057133082,"proteome"
3531,1,2923,0.0342114266164899,"proteome"
3532,102,2923,3.48956551488197,"proteome"
3533,5,2923,0.17105713308245,"proteome"
3534,5,2923,0.17105713308245,"proteome"
3535,4,2923,0.13684570646596,"proteome"
3536,3,2923,0.10263427984947,"proteome"
3537,184,2923,6.29490249743414,"proteome"
3538,327,2923,11.1871365035922,"proteome"
3539,5,2923,0.17105713308245,"proteome"
3540,182,2923,6.22647964420116,"proteome"
3541,5,2923,0.17105713308245,"proteome"
3542,3,2923,0.10263427984947,"proteome"
3543,1468,2923,50.2223742730072,"proteome"
3544,1461,2923,49.9828942866918,"proteome"
3545,7,2923,0.239479986315429,"proteome"
3546,3,2923,0.10263427984947,"proteome"
3547,1472,2923,50.3592199794731,"proteome"
3548,122,2923,4.17379404721177,"proteome"
3549,1461,2923,49.9828942866918,"proteome"
3550,368,2923,12.5898049948683,"proteome"
3551,124,2923,4.24221690044475,"proteome"
3552,3,2923,0.10263427984947,"proteome"
3553,1462,2923,50.0171057133082,"proteome"
3554,471,2923,16.1135819363667,"proteome"
3555,9,2923,0.307902839548409,"proteome"
3556,4,2923,0.13684570646596,"proteome"
3557,1463,2923,50.0513171399247,"proteome"
3558,4,2923,0.13684570646596,"proteome"
3559,5,2923,0.17105713308245,"proteome"
3560,9,2923,0.307902839548409,"proteome"
3561,18,2923,0.615805679096818,"proteome"
3562,5,2923,0.17105713308245,"proteome"
3563,3,2923,0.10263427984947,"proteome"
3564,6,2923,0.205268559698939,"proteome"
3565,17,2923,0.581594252480328,"proteome"
3566,6,2923,0.205268559698939,"proteome"
3567,3,2923,0.10263427984947,"proteome"
3568,8,2923,0.273691412931919,"proteome"
3569,150,2923,5.13171399247349,"proteome"
3570,3,2923,0.10263427984947,"proteome"
3571,3,2923,0.10263427984947,"proteome"
3572,219,2923,7.49230242901129,"proteome"
3573,3,2923,0.10263427984947,"proteome"
3574,589,2923,20.1505302771126,"proteome"
3575,4,2923,0.13684570646596,"proteome"
3576,4,2923,0.13684570646596,"proteome"
3577,446,2923,15.2582962709545,"proteome"
3578,72,2923,2.46322271638727,"proteome"
3579,152,2923,5.20013684570647,"proteome"
3580,1699,2923,58.1252138214164,"proteome"
3581,287,2923,9.8186794389326,"proteome"
3582,35,2923,1.19739993157715,"proteome"
3583,1460,2923,49.9486828600753,"proteome"
3584,3,2923,0.10263427984947,"proteome"
3585,1462,2923,50.0171057133082,"proteome"
3586,29,2923,0.992131371878207,"proteome"
3587,6,2923,0.205268559698939,"proteome"
3588,8,2923,0.273691412931919,"proteome"
3589,10,2923,0.342114266164899,"proteome"
3590,7,2923,0.239479986315429,"proteome"
3591,146,2923,4.99486828600753,"proteome"
3592,15,2923,0.513171399247349,"proteome"
3593,14,2923,0.478959972630859,"proteome"
3594,4,2923,0.13684570646596,"proteome"
3595,13,2923,0.444748546014369,"proteome"
3596,111,2923,3.79746835443038,"proteome"
3597,3,2923,0.10263427984947,"proteome"
3598,1462,2923,50.0171057133082,"proteome"
3599,3,2923,0.10263427984947,"proteome"
3600,1463,2923,50.0513171399247,"proteome"
3601,115,2923,3.93431406089634,"proteome"
3602,3,2923,0.10263427984947,"proteome"
3603,1466,2923,50.1539514197742,"proteome"
3604,29,2923,0.992131371878207,"proteome"
3605,370,2923,12.6582278481013,"proteome"
3606,85,2923,2.90797126240164,"proteome"
3607,129,2923,4.4132740335272,"proteome"
3608,7,2923,0.239479986315429,"proteome"
3609,471,2923,16.1135819363667,"proteome"
3610,1,2923,0.0342114266164899,"proteome"
3611,1549,2923,52.9934998289429,"proteome"
3612,14,2923,0.478959972630859,"proteome"
3613,1468,2923,50.2223742730072,"proteome"
3614,6,2923,0.205268559698939,"proteome"
3615,3,2923,0.10263427984947,"proteome"
3616,5,2923,0.17105713308245,"proteome"
3617,3,2923,0.10263427984947,"proteome"
3618,12,2923,0.410537119397879,"proteome"
3619,3,2923,0.10263427984947,"proteome"
3620,196,2923,6.70543961683202,"proteome"
3621,10,2923,0.342114266164899,"proteome"
3622,1461,2923,49.9828942866918,"proteome"
3623,6,2923,0.205268559698939,"proteome"
3624,3,2923,0.10263427984947,"proteome"
3625,1462,2923,50.0171057133082,"proteome"
3626,10,2923,0.342114266164899,"proteome"
3627,1464,2923,50.0855285665412,"proteome"
3628,129,2923,4.4132740335272,"proteome"
3629,4,2923,0.13684570646596,"proteome"
3630,1462,2923,50.0171057133082,"proteome"
3631,107,2923,3.66062264796442,"proteome"
3632,3,2923,0.10263427984947,"proteome"
3633,8,2923,0.273691412931919,"proteome"
3634,4,2923,0.13684570646596,"proteome"
3635,4,2923,0.13684570646596,"proteome"
3636,1462,2923,50.0171057133082,"proteome"
3637,3,2923,0.10263427984947,"proteome"
3638,4,2923,0.13684570646596,"proteome"
3639,331,2923,11.3239822100582,"proteome"
3640,103,2923,3.52377694149846,"proteome"
3641,3,2923,0.10263427984947,"proteome"
3642,125,2923,4.27642832706124,"proteome"
3643,236,2923,8.07389668149162,"proteome"
3644,5,2923,0.17105713308245,"proteome"
3645,1463,2923,50.0513171399247,"proteome"
3646,1468,2923,50.2223742730072,"proteome"
3647,625,2923,21.3821416353062,"proteome"
3648,7,2923,0.239479986315429,"proteome"
3649,118,2923,4.03694834074581,"proteome"
3650,1460,2923,49.9486828600753,"proteome"
3651,568,2923,19.4320903181663,"proteome"
3652,301,2923,10.2976394115635,"proteome"
3653,14,2923,0.478959972630859,"proteome"
3654,1464,2923,50.0855285665412,"proteome"
3655,1468,2923,50.2223742730072,"proteome"
3656,4,2923,0.13684570646596,"proteome"
3657,175,2923,5.98699965788573,"proteome"
3658,96,2923,3.28429695518303,"proteome"
3659,5,2923,0.17105713308245,"proteome"
3660,5,2923,0.17105713308245,"proteome"
3661,1,2923,0.0342114266164899,"proteome"
3662,333,2923,11.3924050632911,"proteome"
3663,332,2923,11.3581936366746,"proteome"
3664,7,2923,0.239479986315429,"proteome"
3665,1464,2923,50.0855285665412,"proteome"
3666,1462,2923,50.0171057133082,"proteome"
3667,373,2923,12.7608621279507,"proteome"
3668,7,2923,0.239479986315429,"proteome"
3669,1462,2923,50.0171057133082,"proteome"
3670,6,2923,0.205268559698939,"proteome"
3671,5,2923,0.17105713308245,"proteome"
3672,3,2923,0.10263427984947,"proteome"
3673,5,2923,0.17105713308245,"proteome"
3674,542,2923,18.5425932261375,"proteome"
3675,384,2923,13.1371878207321,"proteome"
3676,1462,2923,50.0171057133082,"proteome"
3677,17,2923,0.581594252480328,"proteome"
3678,97,2923,3.31850838179952,"proteome"
3679,1463,2923,50.0513171399247,"proteome"
3680,5,2923,0.17105713308245,"proteome"
3681,1533,2923,52.446117003079,"proteome"
3682,403,2923,13.7872049264454,"proteome"
3683,1463,2923,50.0513171399247,"proteome"
3684,93,2923,3.18166267533356,"proteome"
3685,5,2923,0.17105713308245,"proteome"
3686,2,2923,0.0684228532329798,"proteome"
3687,329,2923,11.2555593568252,"proteome"
3688,5,2923,0.17105713308245,"proteome"
3689,17,2923,0.581594252480328,"proteome"
3690,1461,2923,49.9828942866918,"proteome"
3691,112,2923,3.83167978104687,"proteome"
3692,15,2923,0.513171399247349,"proteome"
3693,1462,2923,50.0171057133082,"proteome"
3694,107,2923,3.66062264796442,"proteome"
3695,75,2923,2.56585699623674,"proteome"
3696,2,2923,0.0684228532329798,"proteome"
3697,440,2923,15.0530277112556,"proteome"
3698,1469,2923,50.2565856996237,"proteome"
3699,186,2923,6.36332535066712,"proteome"
3700,9,2923,0.307902839548409,"proteome"
3701,8,2923,0.273691412931919,"proteome"
3702,107,2923,3.66062264796442,"proteome"
3703,3,2923,0.10263427984947,"proteome"
3704,113,2923,3.86589120766336,"proteome"
3705,1461,2923,49.9828942866918,"proteome"
3706,103,2923,3.52377694149846,"proteome"
3707,6,2923,0.205268559698939,"proteome"
3708,936,2923,32.0218953130346,"proteome"
3709,1,2923,0.0342114266164899,"proteome"
3710,1462,2923,50.0171057133082,"proteome"
3711,6,2923,0.205268559698939,"proteome"
3712,107,2923,3.66062264796442,"proteome"
3713,287,2923,9.8186794389326,"proteome"
3714,4,2923,0.13684570646596,"proteome"
3715,7,2923,0.239479986315429,"proteome"
3716,234,2923,8.00547382825864,"proteome"
3717,642,2923,21.9637358877865,"proteome"
3718,4,2923,0.13684570646596,"proteome"
3719,6,2923,0.205268559698939,"proteome"
3720,5,2923,0.17105713308245,"proteome"
3721,1571,2923,53.7461512145056,"proteome"
3722,105,2923,3.59219979473144,"proteome"
3723,1462,2923,50.0171057133082,"proteome"
3724,5,2923,0.17105713308245,"proteome"
3725,1461,2923,49.9828942866918,"proteome"
3726,153,2923,5.23434827232296,"proteome"
3727,5,2923,0.17105713308245,"proteome"
3728,9,2923,0.307902839548409,"proteome"
3729,1463,2923,50.0513171399247,"proteome"
3730,310,2923,10.6055422511119,"proteome"
3731,6,2923,0.205268559698939,"proteome"
3732,9,2923,0.307902839548409,"proteome"
3733,7,2923,0.239479986315429,"proteome"
3734,1460,2923,49.9486828600753,"proteome"
3735,1470,2923,50.2907971262402,"proteome"
3736,3,2923,0.10263427984947,"proteome"
3737,1565,2923,53.5408826548067,"proteome"
3738,1463,2923,50.0513171399247,"proteome"
3739,4,2923,0.13684570646596,"proteome"
3740,8,2923,0.273691412931919,"proteome"
3741,1464,2923,50.0855285665412,"proteome"
3742,1461,2923,49.9828942866918,"proteome"
3743,98,2923,3.35271980841601,"proteome"
3744,1108,2923,37.9062606910708,"proteome"
3745,1,2923,0.0342114266164899,"proteome"
3746,325,2923,11.1187136503592,"proteome"
3747,5,2923,0.17105713308245,"proteome"
3748,1463,2923,50.0513171399247,"proteome"
3749,3,2923,0.10263427984947,"proteome"
3750,1469,2923,50.2565856996237,"proteome"
3751,1,2923,0.0342114266164899,"proteome"
3752,147,2923,5.02907971262402,"proteome"
3753,9,2923,0.307902839548409,"proteome"
3754,4,2923,0.13684570646596,"proteome"
3755,15,2923,0.513171399247349,"proteome"
3756,18,2923,0.615805679096818,"proteome"
3757,3,2923,0.10263427984947,"proteome"
3758,5,2923,0.17105713308245,"proteome"
3759,127,2923,4.34485118029422,"proteome"
3760,314,2923,10.7423879575778,"proteome"
3761,6,2923,0.205268559698939,"proteome"
3762,32,2923,1.09476565172768,"proteome"
3763,5,2923,0.17105713308245,"proteome"
3764,15,2923,0.513171399247349,"proteome"
3765,1461,2923,49.9828942866918,"proteome"
3766,101,2923,3.45535408826548,"proteome"
3767,4,2923,0.13684570646596,"proteome"
3768,4,2923,0.13684570646596,"proteome"
3769,1461,2923,49.9828942866918,"proteome"
3770,1943,2923,66.4728019158399,"proteome"
3771,111,2923,3.79746835443038,"proteome"
3772,101,2923,3.45535408826548,"proteome"
3773,5,2923,0.17105713308245,"proteome"
3774,1522,2923,52.0697913102976,"proteome"
3775,102,2923,3.48956551488197,"proteome"
3776,7,2923,0.239479986315429,"proteome"
3777,4,2923,0.13684570646596,"proteome"
3778,224,2923,7.66335956209374,"proteome"
3779,100,2923,3.42114266164899,"proteome"
3780,540,2923,18.4741703729045,"proteome"
3781,1461,2923,49.9828942866918,"proteome"
3782,79,2923,2.7027027027027,"proteome"
3783,1565,2923,53.5408826548067,"proteome"
3784,1468,2923,50.2223742730072,"proteome"
3785,1462,2923,50.0171057133082,"proteome"
3786,272,2923,9.30550803968526,"proteome"
3787,2,2923,0.0684228532329798,"proteome"
3788,104,2923,3.55798836811495,"proteome"
3789,1468,2923,50.2223742730072,"proteome"
3790,282,2923,9.64762230585015,"proteome"
3791,5,2923,0.17105713308245,"proteome"
3792,210,2923,7.18439958946288,"proteome"
3793,151,2923,5.16592541908998,"proteome"
3794,1461,2923,49.9828942866918,"proteome"
3795,9,2923,0.307902839548409,"proteome"
3796,309,2923,10.5713308244954,"proteome"
3797,146,2923,4.99486828600753,"proteome"
3798,3,2923,0.10263427984947,"proteome"
3799,8,2923,0.273691412931919,"proteome"
3800,9,2923,0.307902839548409,"proteome"
3801,6,2923,0.205268559698939,"proteome"
3802,5,2923,0.17105713308245,"proteome"
3803,1463,2923,50.0513171399247,"proteome"
3804,9,2923,0.307902839548409,"proteome"
3805,1466,2923,50.1539514197742,"proteome"
3806,3,2923,0.10263427984947,"proteome"
3807,572,2923,19.5689360246322,"proteome"
3808,3,2923,0.10263427984947,"proteome"
3809,105,2923,3.59219979473144,"proteome"
3810,1468,2923,50.2223742730072,"proteome"
3811,2,2923,0.0684228532329798,"proteome"
3812,8,2923,0.273691412931919,"proteome"
3813,18,2923,0.615805679096818,"proteome"
3814,3,2923,0.10263427984947,"proteome"
3815,6,2923,0.205268559698939,"proteome"
3816,1463,2923,50.0513171399247,"proteome"
3817,1462,2923,50.0171057133082,"proteome"
3818,146,2923,4.99486828600753,"proteome"
3819,1830,2923,62.6069107081765,"proteome"
3820,1681,2923,57.5094081423195,"proteome"
3821,9,2923,0.307902839548409,"proteome"
3822,811,2923,27.7454669859733,"proteome"
3823,4,2923,0.13684570646596,"proteome"
3824,4,2923,0.13684570646596,"proteome"
3825,1466,2923,50.1539514197742,"proteome"
3826,592,2923,20.253164556962,"proteome"
3827,103,2923,3.52377694149846,"proteome"
3828,1480,2923,50.6329113924051,"proteome"
3829,6,2923,0.205268559698939,"proteome"
3830,1463,2923,50.0513171399247,"proteome"
3831,10,2923,0.342114266164899,"proteome"
3832,779,2923,26.6507013342456,"proteome"
3833,1466,2923,50.1539514197742,"proteome"
3834,1464,2923,50.0855285665412,"proteome"
3835,1463,2923,50.0513171399247,"proteome"
3836,3,2923,0.10263427984947,"proteome"
3837,1463,2923,50.0513171399247,"proteome"
3838,27,2923,0.923708518645228,"proteome"
3839,5,2923,0.17105713308245,"proteome"
3840,1462,2923,50.0171057133082,"proteome"
3841,5,2923,0.17105713308245,"proteome"
3842,59,2923,2.0184741703729,"proteome"
3843,3,2923,0.10263427984947,"proteome"
3844,4,2923,0.13684570646596,"proteome"
3845,334,2923,11.4266164899076,"proteome"
3846,3,2923,0.10263427984947,"proteome"
3847,18,2923,0.615805679096818,"proteome"
3848,3,2923,0.10263427984947,"proteome"
3849,3,2923,0.10263427984947,"proteome"
3850,5,2923,0.17105713308245,"proteome"
3851,113,2923,3.86589120766336,"proteome"
3852,3,2923,0.10263427984947,"proteome"
3853,6,2923,0.205268559698939,"proteome"
3854,4,2923,0.13684570646596,"proteome"
3855,6,2923,0.205268559698939,"proteome"
3856,112,2923,3.83167978104687,"proteome"
3857,4,2923,0.13684570646596,"proteome"
3858,2,2923,0.0684228532329798,"proteome"
3859,103,2923,3.52377694149846,"proteome"
3860,2,2923,0.0684228532329798,"proteome"
3861,7,2923,0.239479986315429,"proteome"
3862,798,2923,27.3007184399589,"proteome"
3863,1467,2923,50.1881628463907,"proteome"
3864,101,2923,3.45535408826548,"proteome"
3865,2,2923,0.0684228532329798,"proteome"
3866,2,2923,0.0684228532329798,"proteome"
3867,1461,2923,49.9828942866918,"proteome"
3868,1464,2923,50.0855285665412,"proteome"
3869,6,2923,0.205268559698939,"proteome"
3870,7,2923,0.239479986315429,"proteome"
3871,521,2923,17.8241532671912,"proteome"
3872,4,2923,0.13684570646596,"proteome"
3873,11,2923,0.376325692781389,"proteome"
3874,1478,2923,50.5644885391721,"proteome"
3875,1462,2923,50.0171057133082,"proteome"
3876,190,2923,6.50017105713308,"proteome"
3877,1468,2923,50.2223742730072,"proteome"
3878,6,2923,0.205268559698939,"proteome"
3879,10,2923,0.342114266164899,"proteome"
3880,1467,2923,50.1881628463907,"proteome"
3881,68,2923,2.32637700992131,"proteome"
3882,1463,2923,50.0513171399247,"proteome"
3883,12,2923,0.410537119397879,"proteome"
3884,14,2923,0.478959972630859,"proteome"
3885,1536,2923,52.5487512829285,"proteome"
3886,1,2923,0.0342114266164899,"proteome"
3887,1462,2923,50.0171057133082,"proteome"
3888,240,2923,8.21074238795758,"proteome"
3889,5,2923,0.17105713308245,"proteome"
3890,153,2923,5.23434827232296,"proteome"
3891,86,2923,2.94218268901813,"proteome"
3892,5,2923,0.17105713308245,"proteome"
3893,118,2923,4.03694834074581,"proteome"
3894,27,2923,0.923708518645228,"proteome"
3895,1586,2923,54.259322613753,"proteome"
3896,6,2923,0.205268559698939,"proteome"
3897,744,2923,25.4533014026685,"proteome"
3898,19,2923,0.650017105713308,"proteome"
3899,100,2923,3.42114266164899,"proteome"
3900,7,2923,0.239479986315429,"proteome"
3901,3,2923,0.10263427984947,"proteome"
3902,1464,2923,50.0855285665412,"proteome"
3903,5,2923,0.17105713308245,"proteome"
3904,1463,2923,50.0513171399247,"proteome"
3905,1462,2923,50.0171057133082,"proteome"
3906,5,2923,0.17105713308245,"proteome"
3907,1463,2923,50.0513171399247,"proteome"
3908,2,2923,0.0684228532329798,"proteome"
3909,7,2923,0.239479986315429,"proteome"
3910,1830,2923,62.6069107081765,"proteome"
3911,3,2923,0.10263427984947,"proteome"
3912,4,2923,0.13684570646596,"proteome"
3913,208,2923,7.1159767362299,"proteome"
3914,117,2923,4.00273691412932,"proteome"
3915,5,2923,0.17105713308245,"proteome"
3916,318,2923,10.8792336640438,"proteome"
3917,11,2923,0.376325692781389,"proteome"
3918,5,2923,0.17105713308245,"proteome"
3919,205,2923,7.01334245638043,"proteome"
3920,65,2923,2.22374273007184,"proteome"
3921,2,2923,0.0684228532329798,"proteome"
3922,15,2923,0.513171399247349,"proteome"
3923,357,2923,12.2134793020869,"proteome"
3924,7,2923,0.239479986315429,"proteome"
3925,93,2923,3.18166267533356,"proteome"
3926,118,2923,4.03694834074581,"proteome"
3927,4,2923,0.13684570646596,"proteome"
3928,9,2923,0.307902839548409,"proteome"
3929,111,2923,3.79746835443038,"proteome"
3930,29,2923,0.992131371878207,"proteome"
3931,18,2923,0.615805679096818,"proteome"
3932,477,2923,16.3188504960657,"proteome"
3933,384,2923,13.1371878207321,"proteome"
3934,112,2923,3.83167978104687,"proteome"
3935,5,2923,0.17105713308245,"proteome"
3936,3,2923,0.10263427984947,"proteome"
3937,194,2923,6.63701676359904,"proteome"
3938,2,2923,0.0684228532329798,"proteome"
3939,7,2923,0.239479986315429,"proteome"
3940,1464,2923,50.0855285665412,"proteome"
3941,1480,2923,50.6329113924051,"proteome"
3942,1461,2923,49.9828942866918,"proteome"
3943,5,2923,0.17105713308245,"proteome"
3944,2,2923,0.0684228532329798,"proteome"
3945,1480,2923,50.6329113924051,"proteome"
3946,1461,2923,49.9828942866918,"proteome"
3947,146,2923,4.99486828600753,"proteome"
3948,191,2923,6.53438248374957,"proteome"
3949,4,2923,0.13684570646596,"proteome"
3950,80,2923,2.73691412931919,"proteome"
3951,1464,2923,50.0855285665412,"proteome"
3952,200,2923,6.84228532329798,"proteome"
3953,13,2923,0.444748546014369,"proteome"
3954,2,2923,0.0684228532329798,"proteome"
3955,6,2923,0.205268559698939,"proteome"
3956,4,2923,0.13684570646596,"proteome"
3957,84,2923,2.87375983578515,"proteome"
3958,289,2923,9.88710229216558,"proteome"
3959,153,2923,5.23434827232296,"proteome"
3960,14,2923,0.478959972630859,"proteome"
3961,1612,2923,55.1488197057817,"proteome"
3962,1472,2923,50.3592199794731,"proteome"
3963,509,2923,17.4136161477934,"proteome"
3964,1755,2923,60.0410537119398,"proteome"
3965,61,2923,2.08689702360588,"proteome"
3966,3,2923,0.10263427984947,"proteome"
3967,247,2923,8.45022237427301,"proteome"
3968,2,2923,0.0684228532329798,"proteome"
3969,112,2923,3.83167978104687,"proteome"
3970,2,2923,0.0684228532329798,"proteome"
3971,5,2923,0.17105713308245,"proteome"
3972,1465,2923,50.1197399931577,"proteome"
3973,21,2923,0.718439958946288,"proteome"
3974,1461,2923,49.9828942866918,"proteome"
3975,8,2923,0.273691412931919,"proteome"
3976,4,2923,0.13684570646596,"proteome"
3977,4,2923,0.13684570646596,"proteome"
3978,1468,2923,50.2223742730072,"proteome"
3979,18,2923,0.615805679096818,"proteome"
3980,238,2923,8.1423195347246,"proteome"
3981,5,2923,0.17105713308245,"proteome"
3982,9,2923,0.307902839548409,"proteome"
3983,217,2923,7.42387957577831,"proteome"
3984,7,2923,0.239479986315429,"proteome"
3985,15,2923,0.513171399247349,"proteome"
3986,294,2923,10.058159425248,"proteome"
3987,4,2923,0.13684570646596,"proteome"
3988,93,2923,3.18166267533356,"proteome"
3989,1463,2923,50.0513171399247,"proteome"
3990,6,2923,0.205268559698939,"proteome"
3991,1462,2923,50.0171057133082,"proteome"
3992,6,2923,0.205268559698939,"proteome"
3993,107,2923,3.66062264796442,"proteome"
3994,7,2923,0.239479986315429,"proteome"
3995,2556,2923,87.4444064317482,"proteome"
3996,185,2923,6.32911392405063,"proteome"
3997,1619,2923,55.3882996920972,"proteome"
3998,1,2923,0.0342114266164899,"proteome"
3999,7,2923,0.239479986315429,"proteome"
4000,393,2923,13.4450906602805,"proteome"
4001,1461,2923,49.9828942866918,"proteome"
4002,257,2923,8.79233664043791,"proteome"
4003,145,2923,4.96065685939104,"proteome"
4004,9,2923,0.307902839548409,"proteome"
4005,1734,2923,59.3226137529935,"proteome"
4006,630,2923,21.5531987683886,"proteome"
4007,7,2923,0.239479986315429,"proteome"
4008,6,2923,0.205268559698939,"proteome"
4009,5,2923,0.17105713308245,"proteome"
4010,7,2923,0.239479986315429,"proteome"
4011,3,2923,0.10263427984947,"proteome"
4012,192,2923,6.56859391036606,"proteome"
4013,752,2923,25.7269928156004,"proteome"
4014,8,2923,0.273691412931919,"proteome"
4015,6,2923,0.205268559698939,"proteome"
4016,289,2923,9.88710229216558,"proteome"
4017,280,2923,9.57919945261717,"proteome"
4018,1476,2923,50.4960656859391,"proteome"
4019,1463,2923,50.0513171399247,"proteome"
4020,97,2923,3.31850838179952,"proteome"
4021,3,2923,0.10263427984947,"proteome"
4022,5,2923,0.17105713308245,"proteome"
4023,216,2923,7.38966814916182,"proteome"
4024,18,2923,0.615805679096818,"proteome"
4025,6,2923,0.205268559698939,"proteome"
4026,7,2923,0.239479986315429,"proteome"
4027,4,2923,0.13684570646596,"proteome"
4028,6,2923,0.205268559698939,"proteome"
4029,5,2923,0.17105713308245,"proteome"
4030,18,2923,0.615805679096818,"proteome"
4031,97,2923,3.31850838179952,"proteome"
4032,5,2923,0.17105713308245,"proteome"
4033,23,2923,0.786862812179268,"proteome"
4034,1461,2923,49.9828942866918,"proteome"
4035,4,2923,0.13684570646596,"proteome"
4036,1465,2923,50.1197399931577,"proteome"
4037,2,2923,0.0684228532329798,"proteome"
4038,162,2923,5.54225111187136,"proteome"
4039,226,2923,7.73178241532672,"proteome"
4040,378,2923,12.9319192610332,"proteome"
4041,100,2923,3.42114266164899,"proteome"
4042,1461,2923,49.9828942866918,"proteome"
4043,1463,2923,50.0513171399247,"proteome"
4044,7,2923,0.239479986315429,"proteome"
4045,5,2923,0.17105713308245,"proteome"
4046,5,2923,0.17105713308245,"proteome"
4047,8,2923,0.273691412931919,"proteome"
4048,1461,2923,49.9828942866918,"proteome"
4049,225,2923,7.69757098871023,"proteome"
4050,8,2923,0.273691412931919,"proteome"
4051,247,2923,8.45022237427301,"proteome"
4052,147,2923,5.02907971262402,"proteome"
4053,1463,2923,50.0513171399247,"proteome"
4054,9,2923,0.307902839548409,"proteome"
4055,147,2923,5.02907971262402,"proteome"
4056,3,2923,0.10263427984947,"proteome"
4057,535,2923,18.3031132398221,"proteome"
4058,1463,2923,50.0513171399247,"proteome"
4059,172,2923,5.88436537803626,"proteome"
4060,7,2923,0.239479986315429,"proteome"
4061,3,2923,0.10263427984947,"proteome"
4062,5,2923,0.17105713308245,"proteome"
4063,1464,2923,50.0855285665412,"proteome"
4064,1463,2923,50.0513171399247,"proteome"
4065,2,2923,0.0684228532329798,"proteome"
4066,493,2923,16.8662333219295,"proteome"
4067,3,2923,0.10263427984947,"proteome"
4068,204,2923,6.97913102976394,"proteome"
4069,235,2923,8.03968525487513,"proteome"
4070,7,2923,0.239479986315429,"proteome"
4071,129,2923,4.4132740335272,"proteome"
4072,224,2923,7.66335956209374,"proteome"
4073,15,2923,0.513171399247349,"proteome"
4074,91,2923,3.11323982210058,"proteome"
4075,117,2923,4.00273691412932,"proteome"
4076,9,2923,0.307902839548409,"proteome"
4077,5,2923,0.17105713308245,"proteome"
4078,10,2923,0.342114266164899,"proteome"
4079,1462,2923,50.0171057133082,"proteome"
4080,13,2923,0.444748546014369,"proteome"
4081,1472,2923,50.3592199794731,"proteome"
4082,97,2923,3.31850838179952,"proteome"
4083,5,2923,0.17105713308245,"proteome"
4084,5,2923,0.17105713308245,"proteome"
4085,15,2923,0.513171399247349,"proteome"
4086,5,2923,0.17105713308245,"proteome"
4087,587,2923,20.0821074238796,"proteome"
4088,9,2923,0.307902839548409,"proteome"
4089,1468,2923,50.2223742730072,"proteome"
4090,6,2923,0.205268559698939,"proteome"
4091,114,2923,3.90010263427985,"proteome"
4092,116,2923,3.96852548751283,"proteome"
4093,3,2923,0.10263427984947,"proteome"
4094,7,2923,0.239479986315429,"proteome"
4095,9,2923,0.307902839548409,"proteome"
4096,4,2923,0.13684570646596,"proteome"
4097,105,2923,3.59219979473144,"proteome"
4098,3,2923,0.10263427984947,"proteome"
4099,7,2923,0.239479986315429,"proteome"
4100,242,2923,8.27916524119056,"proteome"
4101,5,2923,0.17105713308245,"proteome"
4102,114,2923,3.90010263427985,"proteome"
4103,119,2923,4.0711597673623,"proteome"
4104,2,2923,0.0684228532329798,"proteome"
4105,4,2923,0.13684570646596,"proteome"
4106,6,2923,0.205268559698939,"proteome"
4107,1,2923,0.0342114266164899,"proteome"
4108,1464,2923,50.0855285665412,"proteome"
4109,614,2923,21.0058159425248,"proteome"
4110,35,2923,1.19739993157715,"proteome"
4111,85,2923,2.90797126240164,"proteome"
4112,30,2923,1.0263427984947,"proteome"
4113,10,2923,0.342114266164899,"proteome"
4114,322,2923,11.0160793705098,"proteome"
4115,1461,2923,49.9828942866918,"proteome"
4116,6,2923,0.205268559698939,"proteome"
4117,2185,2923,74.7519671570304,"proteome"
4118,3,2923,0.10263427984947,"proteome"
4119,1462,2923,50.0171057133082,"proteome"
4120,112,2923,3.83167978104687,"proteome"
4121,4,2923,0.13684570646596,"proteome"
4122,121,2923,4.13958262059528,"proteome"
4123,1463,2923,50.0513171399247,"proteome"
4124,5,2923,0.17105713308245,"proteome"
4125,5,2923,0.17105713308245,"proteome"
4126,1464,2923,50.0855285665412,"proteome"
4127,7,2923,0.239479986315429,"proteome"
4128,8,2923,0.273691412931919,"proteome"
4129,4,2923,0.13684570646596,"proteome"
4130,1461,2923,49.9828942866918,"proteome"
4131,15,2923,0.513171399247349,"proteome"
4132,15,2923,0.513171399247349,"proteome"
4133,386,2923,13.2056106739651,"proteome"
4134,1461,2923,49.9828942866918,"proteome"
4135,1537,2923,52.582962709545,"proteome"
4136,5,2923,0.17105713308245,"proteome"
4137,95,2923,3.25008552856654,"proteome"
4138,24,2923,0.821074238795758,"proteome"
4139,332,2923,11.3581936366746,"proteome"
4140,122,2923,4.17379404721177,"proteome"
4141,1465,2923,50.1197399931577,"proteome"
4142,8,2923,0.273691412931919,"proteome"
4143,185,2923,6.32911392405063,"proteome"
4144,6,2923,0.205268559698939,"proteome"
4145,5,2923,0.17105713308245,"proteome"
4146,6,2923,0.205268559698939,"proteome"
4147,101,2923,3.45535408826548,"proteome"
4148,1464,2923,50.0855285665412,"proteome"
4149,117,2923,4.00273691412932,"proteome"
4150,1477,2923,50.5302771125556,"proteome"
4151,3,2923,0.10263427984947,"proteome"
4152,88,2923,3.01060554225111,"proteome"
4153,2,2923,0.0684228532329798,"proteome"
4154,1461,2923,49.9828942866918,"proteome"
4155,4,2923,0.13684570646596,"proteome"
4156,1464,2923,50.0855285665412,"proteome"
4157,5,2923,0.17105713308245,"proteome"
4158,1462,2923,50.0171057133082,"proteome"
4159,3,2923,0.10263427984947,"proteome"
4160,1681,2923,57.5094081423195,"proteome"
4161,1463,2923,50.0513171399247,"proteome"
4162,3,2923,0.10263427984947,"proteome"
4163,7,2923,0.239479986315429,"proteome"
4164,155,2923,5.30277112555594,"proteome"
4165,4,2923,0.13684570646596,"proteome"
4166,145,2923,4.96065685939104,"proteome"
4167,1567,2923,53.6093055080397,"proteome"
4168,3,2923,0.10263427984947,"proteome"
4169,2,2923,0.0684228532329798,"proteome"
4170,1461,2923,49.9828942866918,"proteome"
4171,111,2923,3.79746835443038,"proteome"
4172,3,2923,0.10263427984947,"proteome"
4173,7,2923,0.239479986315429,"proteome"
4174,3,2923,0.10263427984947,"proteome"
4175,1460,2923,49.9486828600753,"proteome"
4176,207,2923,7.08176530961341,"proteome"
4177,286,2923,9.78446801231611,"proteome"
4178,4,2923,0.13684570646596,"proteome"
4179,265,2923,9.06602805336983,"proteome"
4180,3,2923,0.10263427984947,"proteome"
4181,1682,2923,57.543619568936,"proteome"
4182,616,2923,21.0742387957578,"proteome"
4183,7,2923,0.239479986315429,"proteome"
4184,1463,2923,50.0513171399247,"proteome"
4185,22,2923,0.752651385562778,"proteome"
4186,472,2923,16.1477933629832,"proteome"
4187,3,2923,0.10263427984947,"proteome"
4188,9,2923,0.307902839548409,"proteome"
4189,570,2923,19.5005131713992,"proteome"
4190,230,2923,7.86862812179268,"proteome"
4191,92,2923,3.14745124871707,"proteome"
4192,9,2923,0.307902839548409,"proteome"
4193,4,2923,0.13684570646596,"proteome"
4194,18,2923,0.615805679096818,"proteome"
4195,4,2923,0.13684570646596,"proteome"
4196,3,2923,0.10263427984947,"proteome"
4197,4,2923,0.13684570646596,"proteome"
4198,6,2923,0.205268559698939,"proteome"
4199,5,2923,0.17105713308245,"proteome"
4200,7,2923,0.239479986315429,"proteome"
4201,6,2923,0.205268559698939,"proteome"
4202,3,2923,0.10263427984947,"proteome"
4203,4,2923,0.13684570646596,"proteome"
4204,1573,2923,53.8145740677386,"proteome"
4205,1462,2923,50.0171057133082,"proteome"
4206,7,2923,0.239479986315429,"proteome"
4207,100,2923,3.42114266164899,"proteome"
4208,9,2923,0.307902839548409,"proteome"
4209,563,2923,19.2610331850838,"proteome"
4210,8,2923,0.273691412931919,"proteome"
4211,291,2923,9.95552514539856,"proteome"
4212,118,2923,4.03694834074581,"proteome"
4213,108,2923,3.69483407458091,"proteome"
4214,1463,2923,50.0513171399247,"proteome"
4215,95,2923,3.25008552856654,"proteome"
4216,215,2923,7.35545672254533,"proteome"
4217,6,2923,0.205268559698939,"proteome"
4218,11,2923,0.376325692781389,"proteome"
4219,4,2923,0.13684570646596,"proteome"
4220,5,2923,0.17105713308245,"proteome"
4221,1463,2923,50.0513171399247,"proteome"
4222,1464,2923,50.0855285665412,"proteome"
4223,280,2923,9.57919945261717,"proteome"
4224,8,2923,0.273691412931919,"proteome"
4225,5,2923,0.17105713308245,"proteome"
4226,1463,2923,50.0513171399247,"proteome"
4227,4,2923,0.13684570646596,"proteome"
4228,1462,2923,50.0171057133082,"proteome"
4229,103,2923,3.52377694149846,"proteome"
4230,244,2923,8.34758809442354,"proteome"
4231,119,2923,4.0711597673623,"proteome"
4232,5,2923,0.17105713308245,"proteome"
4233,12,2923,0.410537119397879,"proteome"
4234,5,2923,0.17105713308245,"proteome"
4235,7,2923,0.239479986315429,"proteome"
4236,7,2923,0.239479986315429,"proteome"
4237,4,2923,0.13684570646596,"proteome"
4238,2,2923,0.0684228532329798,"proteome"
4239,3,2923,0.10263427984947,"proteome"
4240,1464,2923,50.0855285665412,"proteome"
4241,5,2923,0.17105713308245,"proteome"
4242,127,2923,4.34485118029422,"proteome"
4243,3,2923,0.10263427984947,"proteome"
4244,3,2923,0.10263427984947,"proteome"
4245,76,2923,2.60006842285323,"proteome"
4246,220,2923,7.52651385562778,"proteome"
4247,5,2923,0.17105713308245,"proteome"
4248,277,2923,9.4765651727677,"proteome"
4249,1461,2923,49.9828942866918,"proteome"
4250,120,2923,4.10537119397879,"proteome"
4251,74,2923,2.53164556962025,"proteome"
4252,1476,2923,50.4960656859391,"proteome"
4253,5,2923,0.17105713308245,"proteome"
4254,3,2923,0.10263427984947,"proteome"
4255,6,2923,0.205268559698939,"proteome"
4256,97,2923,3.31850838179952,"proteome"
4257,6,2923,0.205268559698939,"proteome"
4258,1462,2923,50.0171057133082,"proteome"
4259,243,2923,8.31337666780705,"proteome"
4260,11,2923,0.376325692781389,"proteome"
4261,223,2923,7.62914813547725,"proteome"
4262,1463,2923,50.0513171399247,"proteome"
4263,144,2923,4.92644543277455,"proteome"
4264,86,2923,2.94218268901813,"proteome"
4265,77,2923,2.63427984946972,"proteome"
4266,101,2923,3.45535408826548,"proteome"
4267,7,2923,0.239479986315429,"proteome"
4268,3,2923,0.10263427984947,"proteome"
4269,4,2923,0.13684570646596,"proteome"
4270,245,2923,8.38179952104003,"proteome"
4271,108,2923,3.69483407458091,"proteome"
4272,10,2923,0.342114266164899,"proteome"
4273,8,2923,0.273691412931919,"proteome"
4274,7,2923,0.239479986315429,"proteome"
4275,2,2923,0.0684228532329798,"proteome"
4276,6,2923,0.205268559698939,"proteome"
4277,1464,2923,50.0855285665412,"proteome"
4278,1831,2923,62.641122134793,"proteome"
4279,5,2923,0.17105713308245,"proteome"
4280,219,2923,7.49230242901129,"proteome"
4281,1464,2923,50.0855285665412,"proteome"
4282,1,2923,0.0342114266164899,"proteome"
4283,185,2923,6.32911392405063,"proteome"
4284,101,2923,3.45535408826548,"proteome"
4285,1462,2923,50.0171057133082,"proteome"
4286,2,2923,0.0684228532329798,"proteome"
4287,9,2923,0.307902839548409,"proteome"
4288,1,2923,0.0342114266164899,"proteome"
4289,12,2923,0.410537119397879,"proteome"
4290,602,2923,20.5952788231269,"proteome"
4291,15,2923,0.513171399247349,"proteome"
4292,491,2923,16.7978104686965,"proteome"
4293,456,2923,15.6004105371194,"proteome"
4294,102,2923,3.48956551488197,"proteome"
4295,1461,2923,49.9828942866918,"proteome"
4296,372,2923,12.7266507013342,"proteome"
4297,109,2923,3.7290455011974,"proteome"
4298,1461,2923,49.9828942866918,"proteome"
4299,497,2923,17.0030790283955,"proteome"
4300,1,2923,0.0342114266164899,"proteome"
4301,1462,2923,50.0171057133082,"proteome"
4302,13,2923,0.444748546014369,"proteome"
4303,97,2923,3.31850838179952,"proteome"
4304,205,2923,7.01334245638043,"proteome"
4305,5,2923,0.17105713308245,"proteome"
4306,6,2923,0.205268559698939,"proteome"
4307,13,2923,0.444748546014369,"proteome"
4308,802,2923,27.4375641464249,"proteome"
4309,2,2923,0.0684228532329798,"proteome"
4310,9,2923,0.307902839548409,"proteome"
4311,2,2923,0.0684228532329798,"proteome"
4312,8,2923,0.273691412931919,"proteome"
4313,98,2923,3.35271980841601,"proteome"
4314,6,2923,0.205268559698939,"proteome"
4315,5,2923,0.17105713308245,"proteome"
4316,1463,2923,50.0513171399247,"proteome"
4317,9,2923,0.307902839548409,"proteome"
4318,743,2923,25.419089976052,"proteome"
4319,1464,2923,50.0855285665412,"proteome"
4320,154,2923,5.26855969893945,"proteome"
4321,6,2923,0.205268559698939,"proteome"
4322,3,2923,0.10263427984947,"proteome"
4323,110,2923,3.76325692781389,"proteome"
4324,1463,2923,50.0513171399247,"proteome"
4325,1462,2923,50.0171057133082,"proteome"
4326,15,2923,0.513171399247349,"proteome"
4327,102,2923,3.48956551488197,"proteome"
4328,4,2923,0.13684570646596,"proteome"
4329,1575,2923,53.8829969209716,"proteome"
4330,1,2923,0.0342114266164899,"proteome"
4331,337,2923,11.5292507697571,"proteome"
4332,3,2923,0.10263427984947,"proteome"
4333,196,2923,6.70543961683202,"proteome"
4334,1463,2923,50.0513171399247,"proteome"
4335,112,2923,3.83167978104687,"proteome"
4336,15,2923,0.513171399247349,"proteome"
4337,6,2923,0.205268559698939,"proteome"
4338,1472,2923,50.3592199794731,"proteome"
4339,1461,2923,49.9828942866918,"proteome"
4340,10,2923,0.342114266164899,"proteome"
4341,119,2923,4.0711597673623,"proteome"
4342,4,2923,0.13684570646596,"proteome"
4343,1462,2923,50.0171057133082,"proteome"
4344,6,2923,0.205268559698939,"proteome"
4345,190,2923,6.50017105713308,"proteome"
4346,3,2923,0.10263427984947,"proteome"
4347,6,2923,0.205268559698939,"proteome"
4348,2,2923,0.0684228532329798,"proteome"
4349,1545,2923,52.8566541224769,"proteome"
4350,3,2923,0.10263427984947,"proteome"
4351,307,2923,10.5029079712624,"proteome"
4352,1462,2923,50.0171057133082,"proteome"
4353,1571,2923,53.7461512145056,"proteome"
4354,1461,2923,49.9828942866918,"proteome"
4355,1462,2923,50.0171057133082,"proteome"
4356,10,2923,0.342114266164899,"proteome"
4357,15,2923,0.513171399247349,"proteome"
4358,1568,2923,53.6435169346562,"proteome"
4359,3,2923,0.10263427984947,"proteome"
4360,1468,2923,50.2223742730072,"proteome"
4361,1463,2923,50.0513171399247,"proteome"
4362,9,2923,0.307902839548409,"proteome"
4363,3,2923,0.10263427984947,"proteome"
4364,2,2923,0.0684228532329798,"proteome"
4365,10,2923,0.342114266164899,"proteome"
4366,117,2923,4.00273691412932,"proteome"
4367,248,2923,8.4844338008895,"proteome"
4368,8,2923,0.273691412931919,"proteome"
4369,1572,2923,53.7803626411221,"proteome"
4370,215,2923,7.35545672254533,"proteome"
4371,101,2923,3.45535408826548,"proteome"
4372,149,2923,5.097502565857,"proteome"
4373,1578,2923,53.9856312008211,"proteome"
4374,7,2923,0.239479986315429,"proteome"
4375,3,2923,0.10263427984947,"proteome"
4376,1469,2923,50.2565856996237,"proteome"
4377,6,2923,0.205268559698939,"proteome"
4378,1,2923,0.0342114266164899,"proteome"
4379,10,2923,0.342114266164899,"proteome"
4380,3,2923,0.10263427984947,"proteome"
4381,1573,2923,53.8145740677386,"proteome"
4382,5,2923,0.17105713308245,"proteome"
4383,196,2923,6.70543961683202,"proteome"
4384,2,2923,0.0684228532329798,"proteome"
4385,11,2923,0.376325692781389,"proteome"
4386,183,2923,6.26069107081765,"proteome"
4387,1675,2923,57.3041395826206,"proteome"
4388,1461,2923,49.9828942866918,"proteome"
4389,1462,2923,50.0171057133082,"proteome"
4390,5,2923,0.17105713308245,"proteome"
4391,1479,2923,50.5986999657886,"proteome"
4392,2,2923,0.0684228532329798,"proteome"
4393,2,2923,0.0684228532329798,"proteome"
4394,3,2923,0.10263427984947,"proteome"
4395,17,2923,0.581594252480328,"proteome"
4396,3,2923,0.10263427984947,"proteome"
4397,1472,2923,50.3592199794731,"proteome"
4398,1466,2923,50.1539514197742,"proteome"
4399,1461,2923,49.9828942866918,"proteome"
4400,1568,2923,53.6435169346562,"proteome"
4401,95,2923,3.25008552856654,"proteome"
4402,1462,2923,50.0171057133082,"proteome"
4403,732,2923,25.0427642832706,"proteome"
4404,7,2923,0.239479986315429,"proteome"
4405,5,2923,0.17105713308245,"proteome"
4406,2568,2923,87.8549435511461,"proteome"
4407,481,2923,16.4556962025316,"proteome"
4408,4,2923,0.13684570646596,"proteome"
4409,294,2923,10.058159425248,"proteome"
4410,109,2923,3.7290455011974,"proteome"
4411,4,2923,0.13684570646596,"proteome"
4412,13,2923,0.444748546014369,"proteome"
4413,6,2923,0.205268559698939,"proteome"
4414,3,2923,0.10263427984947,"proteome"
4415,5,2923,0.17105713308245,"proteome"
4416,3,2923,0.10263427984947,"proteome"
4417,3,2923,0.10263427984947,"proteome"
4418,1464,2923,50.0855285665412,"proteome"
4419,3,2923,0.10263427984947,"proteome"
4420,1464,2923,50.0855285665412,"proteome"
4421,6,2923,0.205268559698939,"proteome"
4422,14,2923,0.478959972630859,"proteome"
4423,10,2923,0.342114266164899,"proteome"
4424,3,2923,0.10263427984947,"proteome"
4425,266,2923,9.10023947998632,"proteome"
4426,6,2923,0.205268559698939,"proteome"
4427,6,2923,0.205268559698939,"proteome"
4428,11,2923,0.376325692781389,"proteome"
4429,3,2923,0.10263427984947,"proteome"
4430,4,2923,0.13684570646596,"proteome"
4431,5,2923,0.17105713308245,"proteome"
4432,3,2923,0.10263427984947,"proteome"
4433,4,2923,0.13684570646596,"proteome"
4434,6,2923,0.205268559698939,"proteome"
4435,3,2923,0.10263427984947,"proteome"
4436,1468,2923,50.2223742730072,"proteome"
4437,108,2923,3.69483407458091,"proteome"
4438,1462,2923,50.0171057133082,"proteome"
4439,1567,2923,53.6093055080397,"proteome"
4440,1464,2923,50.0855285665412,"proteome"
4441,4,2923,0.13684570646596,"proteome"
4442,6,2923,0.205268559698939,"proteome"
4443,222,2923,7.59493670886076,"proteome"
4444,1461,2923,49.9828942866918,"proteome"
4445,6,2923,0.205268559698939,"proteome"
4446,6,2923,0.205268559698939,"proteome"
4447,4,2923,0.13684570646596,"proteome"
4448,1466,2923,50.1539514197742,"proteome"
4449,15,2923,0.513171399247349,"proteome"
4450,11,2923,0.376325692781389,"proteome"
4451,11,2923,0.376325692781389,"proteome"
4452,2,2923,0.0684228532329798,"proteome"
4453,6,2923,0.205268559698939,"proteome"
4454,7,2923,0.239479986315429,"proteome"
4455,7,2923,0.239479986315429,"proteome"
4456,283,2923,9.68183373246664,"proteome"
4457,18,2923,0.615805679096818,"proteome"
4458,7,2923,0.239479986315429,"proteome"
4459,7,2923,0.239479986315429,"proteome"
4460,1536,2923,52.5487512829285,"proteome"
4461,1536,2923,52.5487512829285,"proteome"
4462,291,2923,9.95552514539856,"proteome"
4463,84,2923,2.87375983578515,"proteome"
4464,4,2923,0.13684570646596,"proteome"
4465,1463,2923,50.0513171399247,"proteome"
4466,15,2923,0.513171399247349,"proteome"
4467,83,2923,2.83954840916866,"proteome"
4468,7,2923,0.239479986315429,"proteome"
4469,18,2923,0.615805679096818,"proteome"
4470,58,2923,1.98426274375641,"proteome"
4471,2,2923,0.0684228532329798,"proteome"
4472,30,2923,1.0263427984947,"proteome"
4473,1466,2923,50.1539514197742,"proteome"
4474,4,2923,0.13684570646596,"proteome"
4475,115,2923,3.93431406089634,"proteome"
4476,1464,2923,50.0855285665412,"proteome"
4477,1461,2923,49.9828942866918,"proteome"
4478,6,2923,0.205268559698939,"proteome"
4479,240,2923,8.21074238795758,"proteome"
4480,292,2923,9.98973657201505,"proteome"
4481,1467,2923,50.1881628463907,"proteome"
4482,1460,2923,49.9486828600753,"proteome"
4483,8,2923,0.273691412931919,"proteome"
4484,12,2923,0.410537119397879,"proteome"
4485,1468,2923,50.2223742730072,"proteome"
4486,1463,2923,50.0513171399247,"proteome"
4487,5,2923,0.17105713308245,"proteome"
4488,5,2923,0.17105713308245,"proteome"
4489,139,2923,4.7553882996921,"proteome"
4490,765,2923,26.1717413616148,"proteome"
4491,113,2923,3.86589120766336,"proteome"
4492,84,2923,2.87375983578515,"proteome"
4493,5,2923,0.17105713308245,"proteome"
4494,145,2923,4.96065685939104,"proteome"
4495,114,2923,3.90010263427985,"proteome"
4496,1461,2923,49.9828942866918,"proteome"
4497,1,2923,0.0342114266164899,"proteome"
4498,4,2923,0.13684570646596,"proteome"
4499,6,2923,0.205268559698939,"proteome"
4500,518,2923,17.7215189873418,"proteome"
4501,5,2923,0.17105713308245,"proteome"
4502,4,2923,0.13684570646596,"proteome"
4503,91,2923,3.11323982210058,"proteome"
4504,90,2923,3.07902839548409,"proteome"
4505,4,2923,0.13684570646596,"proteome"
4506,5,2923,0.17105713308245,"proteome"
4507,1466,2923,50.1539514197742,"proteome"
4508,94,2923,3.21587410195005,"proteome"
4509,1461,2923,49.9828942866918,"proteome"
4510,4,2923,0.13684570646596,"proteome"
4511,52,2923,1.77899418405748,"proteome"
4512,4,2923,0.13684570646596,"proteome"
4513,1462,2923,50.0171057133082,"proteome"
4514,1468,2923,50.2223742730072,"proteome"
4515,148,2923,5.06329113924051,"proteome"
4516,1463,2923,50.0513171399247,"proteome"
4517,5,2923,0.17105713308245,"proteome"
4518,8,2923,0.273691412931919,"proteome"
4519,110,2923,3.76325692781389,"proteome"
4520,1477,2923,50.5302771125556,"proteome"
4521,1716,2923,58.7068080738967,"proteome"
4522,1462,2923,50.0171057133082,"proteome"
4523,6,2923,0.205268559698939,"proteome"
4524,5,2923,0.17105713308245,"proteome"
4525,4,2923,0.13684570646596,"proteome"
4526,8,2923,0.273691412931919,"proteome"
4527,76,2923,2.60006842285323,"proteome"
4528,11,2923,0.376325692781389,"proteome"
4529,5,2923,0.17105713308245,"proteome"
4530,239,2923,8.17653096134109,"proteome"
4531,3,2923,0.10263427984947,"proteome"
4532,1572,2923,53.7803626411221,"proteome"
4533,7,2923,0.239479986315429,"proteome"
4534,7,2923,0.239479986315429,"proteome"
4535,1461,2923,49.9828942866918,"proteome"
4536,4,2923,0.13684570646596,"proteome"
4537,4,2923,0.13684570646596,"proteome"
4538,3,2923,0.10263427984947,"proteome"
4539,9,2923,0.307902839548409,"proteome"
4540,4,2923,0.13684570646596,"proteome"
4541,6,2923,0.205268559698939,"proteome"
4542,414,2923,14.1635306192268,"proteome"
4543,383,2923,13.1029763941156,"proteome"
4544,4,2923,0.13684570646596,"proteome"
4545,1477,2923,50.5302771125556,"proteome"
4546,101,2923,3.45535408826548,"proteome"
4547,6,2923,0.205268559698939,"proteome"
4548,4,2923,0.13684570646596,"proteome"
4549,104,2923,3.55798836811495,"proteome"
4550,365,2923,12.4871707150188,"proteome"
4551,287,2923,9.8186794389326,"proteome"
4552,9,2923,0.307902839548409,"proteome"
4553,1464,2923,50.0855285665412,"proteome"
4554,18,2923,0.615805679096818,"proteome"
4555,376,2923,12.8634964078002,"proteome"
4556,104,2923,3.55798836811495,"proteome"
4557,98,2923,3.35271980841601,"proteome"
4558,123,2923,4.20800547382826,"proteome"
4559,6,2923,0.205268559698939,"proteome"
4560,3,2923,0.10263427984947,"proteome"
4561,1479,2923,50.5986999657886,"proteome"
4562,106,2923,3.62641122134793,"proteome"
4563,4,2923,0.13684570646596,"proteome"
4564,368,2923,12.5898049948683,"proteome"
4565,3,2923,0.10263427984947,"proteome"
4566,1460,2923,49.9486828600753,"proteome"
4567,10,2923,0.342114266164899,"proteome"
4568,3,2923,0.10263427984947,"proteome"
4569,5,2923,0.17105713308245,"proteome"
4570,6,2923,0.205268559698939,"proteome"
4571,1462,2923,50.0171057133082,"proteome"
4572,1461,2923,49.9828942866918,"proteome"
4573,108,2923,3.69483407458091,"proteome"
4574,78,2923,2.66849127608621,"proteome"
4575,6,2923,0.205268559698939,"proteome"
4576,1468,2923,50.2223742730072,"proteome"
4577,253,2923,8.65549093397195,"proteome"
4578,1477,2923,50.5302771125556,"proteome"
4579,1971,2923,67.4307218611016,"proteome"
4580,193,2923,6.60280533698255,"proteome"
4581,2,2923,0.0684228532329798,"proteome"
4582,3,2923,0.10263427984947,"proteome"
4583,5,2923,0.17105713308245,"proteome"
4584,11,2923,0.376325692781389,"proteome"
4585,2,2923,0.0684228532329798,"proteome"
4586,363,2923,12.4187478617858,"proteome"
4587,4,2923,0.13684570646596,"proteome"
4588,1463,2923,50.0513171399247,"proteome"
4589,2,2923,0.0684228532329798,"proteome"
4590,20,2923,0.684228532329798,"proteome"
4591,1,2923,0.0342114266164899,"proteome"
4592,6,2923,0.205268559698939,"proteome"
4593,17,2923,0.581594252480328,"proteome"
4594,155,2923,5.30277112555594,"proteome"
4595,1462,2923,50.0171057133082,"proteome"
4596,95,2923,3.25008552856654,"proteome"
4597,5,2923,0.17105713308245,"proteome"
4598,1462,2923,50.0171057133082,"proteome"
4599,3,2923,0.10263427984947,"proteome"
4600,294,2923,10.058159425248,"proteome"
4601,327,2923,11.1871365035922,"proteome"
4602,15,2923,0.513171399247349,"proteome"
4603,218,2923,7.4580910023948,"proteome"
4604,5,2923,0.17105713308245,"proteome"
4605,239,2923,8.17653096134109,"proteome"
4606,9,2923,0.307902839548409,"proteome"
4607,1477,2923,50.5302771125556,"proteome"
4608,3,2923,0.10263427984947,"proteome"
4609,5,2923,0.17105713308245,"proteome"
4610,96,2923,3.28429695518303,"proteome"
4611,1,2923,0.0342114266164899,"proteome"
4612,2,2923,0.0684228532329798,"proteome"
4613,1574,2923,53.8487854943551,"proteome"
4614,92,2923,3.14745124871707,"proteome"
4615,106,2923,3.62641122134793,"proteome"
4616,5,2923,0.17105713308245,"proteome"
4617,2194,2923,75.0598699965789,"proteome"
4618,6,2923,0.205268559698939,"proteome"
4619,51,2923,1.74478275744099,"proteome"
4620,139,2923,4.7553882996921,"proteome"
4621,7,2923,0.239479986315429,"proteome"
4622,107,2923,3.66062264796442,"proteome"
4623,116,2923,3.96852548751283,"proteome"
4624,6,2923,0.205268559698939,"proteome"
4625,5,2923,0.17105713308245,"proteome"
4626,7,2923,0.239479986315429,"proteome"
4627,7,2923,0.239479986315429,"proteome"
4628,114,2923,3.90010263427985,"proteome"
4629,97,2923,3.31850838179952,"proteome"
4630,1469,2923,50.2565856996237,"proteome"
4631,1462,2923,50.0171057133082,"proteome"
4632,3,2923,0.10263427984947,"proteome"
4633,107,2923,3.66062264796442,"proteome"
4634,4,2923,0.13684570646596,"proteome"
4635,97,2923,3.31850838179952,"proteome"
4636,17,2923,0.581594252480328,"proteome"
4637,730,2923,24.9743414300376,"proteome"
4638,1463,2923,50.0513171399247,"proteome"
4639,1,2923,0.0342114266164899,"proteome"
4640,1467,2923,50.1881628463907,"proteome"
4641,6,2923,0.205268559698939,"proteome"
4642,5,2923,0.17105713308245,"proteome"
4643,517,2923,17.6873075607253,"proteome"
4644,11,2923,0.376325692781389,"proteome"
4645,73,2923,2.49743414300376,"proteome"
4646,1464,2923,50.0855285665412,"proteome"
4647,465,2923,15.9083133766678,"proteome"
4648,165,2923,5.64488539172083,"proteome"
4649,7,2923,0.239479986315429,"proteome"
4650,584,2923,19.9794731440301,"proteome"
4651,10,2923,0.342114266164899,"proteome"
4652,18,2923,0.615805679096818,"proteome"
4653,4,2923,0.13684570646596,"proteome"
4654,93,2923,3.18166267533356,"proteome"
4655,198,2923,6.773862470065,"proteome"
4656,289,2923,9.88710229216558,"proteome"
4657,15,2923,0.513171399247349,"proteome"
4658,196,2923,6.70543961683202,"proteome"
4659,3,2923,0.10263427984947,"proteome"
4660,783,2923,26.7875470407116,"proteome"
4661,82,2923,2.80533698255217,"proteome"
4662,559,2923,19.1241874786179,"proteome"
4663,5,2923,0.17105713308245,"proteome"
4664,6,2923,0.205268559698939,"proteome"
4665,152,2923,5.20013684570647,"proteome"
4666,15,2923,0.513171399247349,"proteome"
4667,11,2923,0.376325692781389,"proteome"
4668,6,2923,0.205268559698939,"proteome"
4669,3,2923,0.10263427984947,"proteome"
4670,7,2923,0.239479986315429,"proteome"
4671,185,2923,6.32911392405063,"proteome"
4672,15,2923,0.513171399247349,"proteome"
4673,103,2923,3.52377694149846,"proteome"
4674,120,2923,4.10537119397879,"proteome"
4675,148,2923,5.06329113924051,"proteome"
4676,81,2923,2.77112555593568,"proteome"
4677,225,2923,7.69757098871023,"proteome"
4678,15,2923,0.513171399247349,"proteome"
4679,1609,2923,55.0461854259323,"proteome"
4680,1461,2923,49.9828942866918,"proteome"
4681,7,2923,0.239479986315429,"proteome"
4682,146,2923,4.99486828600753,"proteome"
4683,1669,2923,57.0988710229217,"proteome"
4684,2556,2923,87.4444064317482,"proteome"
4685,1,2923,0.0342114266164899,"proteome"
4686,3,2923,0.10263427984947,"proteome"
4687,6,2923,0.205268559698939,"proteome"
4688,285,2923,9.75025658569962,"proteome"
4689,1465,2923,50.1197399931577,"proteome"
4690,3,2923,0.10263427984947,"proteome"
4691,4,2923,0.13684570646596,"proteome"
4692,11,2923,0.376325692781389,"proteome"
4693,1461,2923,49.9828942866918,"proteome"
4694,91,2923,3.11323982210058,"proteome"
4695,3,2923,0.10263427984947,"proteome"
4696,432,2923,14.7793362983236,"proteome"
4697,1464,2923,50.0855285665412,"proteome"
4698,1464,2923,50.0855285665412,"proteome"
4699,4,2923,0.13684570646596,"proteome"
4700,1476,2923,50.4960656859391,"proteome"
4701,4,2923,0.13684570646596,"proteome"
4702,2,2923,0.0684228532329798,"proteome"
4703,5,2923,0.17105713308245,"proteome"
4704,5,2923,0.17105713308245,"proteome"
4705,17,2923,0.581594252480328,"proteome"
4706,90,2923,3.07902839548409,"proteome"
4707,1461,2923,49.9828942866918,"proteome"
4708,4,2923,0.13684570646596,"proteome"
4709,10,2923,0.342114266164899,"proteome"
4710,7,2923,0.239479986315429,"proteome"
4711,15,2923,0.513171399247349,"proteome"
4712,209,2923,7.15018816284639,"proteome"
4713,204,2923,6.97913102976394,"proteome"
4714,185,2923,6.32911392405063,"proteome"
4715,167,2923,5.71330824495381,"proteome"
4716,1463,2923,50.0513171399247,"proteome"
4717,81,2923,2.77112555593568,"proteome"
4718,1472,2923,50.3592199794731,"proteome"
4719,281,2923,9.61341087923366,"proteome"
4720,4,2923,0.13684570646596,"proteome"
4721,99,2923,3.3869312350325,"proteome"
4722,1463,2923,50.0513171399247,"proteome"
4723,191,2923,6.53438248374957,"proteome"
4724,1572,2923,53.7803626411221,"proteome"
4725,1464,2923,50.0855285665412,"proteome"
4726,288,2923,9.85289086554909,"proteome"
4727,1465,2923,50.1197399931577,"proteome"
4728,276,2923,9.44235374615121,"proteome"
4729,7,2923,0.239479986315429,"proteome"
4730,5,2923,0.17105713308245,"proteome"
4731,1465,2923,50.1197399931577,"proteome"
4732,78,2923,2.66849127608621,"proteome"
4733,1461,2923,49.9828942866918,"proteome"
4734,2,2923,0.0684228532329798,"proteome"
4735,3,2923,0.10263427984947,"proteome"
4736,1463,2923,50.0513171399247,"proteome"
4737,68,2923,2.32637700992131,"proteome"
4738,14,2923,0.478959972630859,"proteome"
4739,7,2923,0.239479986315429,"proteome"
4740,9,2923,0.307902839548409,"proteome"
4741,8,2923,0.273691412931919,"proteome"
4742,14,2923,0.478959972630859,"proteome"
4743,5,2923,0.17105713308245,"proteome"
4744,1461,2923,49.9828942866918,"proteome"
4745,1460,2923,49.9486828600753,"proteome"
4746,5,2923,0.17105713308245,"proteome"
4747,3,2923,0.10263427984947,"proteome"
4748,301,2923,10.2976394115635,"proteome"
4749,3,2923,0.10263427984947,"proteome"
4750,9,2923,0.307902839548409,"proteome"
4751,89,2923,3.0448169688676,"proteome"
4752,4,2923,0.13684570646596,"proteome"
4753,1461,2923,49.9828942866918,"proteome"
4754,22,2923,0.752651385562778,"proteome"
4755,267,2923,9.1344509066028,"proteome"
4756,1461,2923,49.9828942866918,"proteome"
4757,1461,2923,49.9828942866918,"proteome"
4758,1461,2923,49.9828942866918,"proteome"
4759,2,2923,0.0684228532329798,"proteome"
4760,1461,2923,49.9828942866918,"proteome"
4761,1464,2923,50.0855285665412,"proteome"
4762,197,2923,6.73965104344851,"proteome"
4763,3,2923,0.10263427984947,"proteome"
4764,15,2923,0.513171399247349,"proteome"
4765,5,2923,0.17105713308245,"proteome"
4766,95,2923,3.25008552856654,"proteome"
4767,1472,2923,50.3592199794731,"proteome"
4768,8,2923,0.273691412931919,"proteome"
4769,100,2923,3.42114266164899,"proteome"
4770,9,2923,0.307902839548409,"proteome"
4771,3,2923,0.10263427984947,"proteome"
4772,6,2923,0.205268559698939,"proteome"
4773,1464,2923,50.0855285665412,"proteome"
4774,2,2923,0.0684228532329798,"proteome"
4775,118,2923,4.03694834074581,"proteome"
4776,5,2923,0.17105713308245,"proteome"
4777,6,2923,0.205268559698939,"proteome"
4778,79,2923,2.7027027027027,"proteome"
4779,288,2923,9.85289086554909,"proteome"
4780,9,2923,0.307902839548409,"proteome"
4781,6,2923,0.205268559698939,"proteome"
4782,81,2923,2.77112555593568,"proteome"
4783,1546,2923,52.8908655490934,"proteome"
4784,80,2923,2.73691412931919,"proteome"
4785,5,2923,0.17105713308245,"proteome"
4786,1462,2923,50.0171057133082,"proteome"
4787,3,2923,0.10263427984947,"proteome"
4788,10,2923,0.342114266164899,"proteome"
4789,3,2923,0.10263427984947,"proteome"
4790,1462,2923,50.0171057133082,"proteome"
4791,7,2923,0.239479986315429,"proteome"
4792,1570,2923,53.7119397878892,"proteome"
4793,72,2923,2.46322271638727,"proteome"
4794,1463,2923,50.0513171399247,"proteome"
4795,193,2923,6.60280533698255,"proteome"
4796,106,2923,3.62641122134793,"proteome"
4797,5,2923,0.17105713308245,"proteome"
4798,396,2923,13.54772494013,"proteome"
4799,1463,2923,50.0513171399247,"proteome"
4800,4,2923,0.13684570646596,"proteome"
4801,15,2923,0.513171399247349,"proteome"
4802,1,2923,0.0342114266164899,"proteome"
4803,13,2923,0.444748546014369,"proteome"
4804,153,2923,5.23434827232296,"proteome"
4805,101,2923,3.45535408826548,"proteome"
4806,1472,2923,50.3592199794731,"proteome"
4807,3,2923,0.10263427984947,"proteome"
4808,635,2923,21.7242559014711,"proteome"
4809,205,2923,7.01334245638043,"proteome"
4810,82,2923,2.80533698255217,"proteome"
4811,1778,2923,60.8279165241191,"proteome"
4812,108,2923,3.69483407458091,"proteome"
4813,1,2923,0.0342114266164899,"proteome"
4814,1564,2923,53.5066712281902,"proteome"
4815,9,2923,0.307902839548409,"proteome"
4816,252,2923,8.62127950735546,"proteome"
4817,190,2923,6.50017105713308,"proteome"
4818,3,2923,0.10263427984947,"proteome"
4819,10,2923,0.342114266164899,"proteome"
4820,151,2923,5.16592541908998,"proteome"
4821,4,2923,0.13684570646596,"proteome"
4822,3,2923,0.10263427984947,"proteome"
4823,164,2923,5.61067396510435,"proteome"
4824,5,2923,0.17105713308245,"proteome"
4825,1462,2923,50.0171057133082,"proteome"
4826,1563,2923,53.4724598015737,"proteome"
4827,6,2923,0.205268559698939,"proteome"
4828,107,2923,3.66062264796442,"proteome"
4829,1581,2923,54.0882654806705,"proteome"
4830,3,2923,0.10263427984947,"proteome"
4831,1572,2923,53.7803626411221,"proteome"
4832,7,2923,0.239479986315429,"proteome"
4833,98,2923,3.35271980841601,"proteome"
4834,1462,2923,50.0171057133082,"proteome"
4835,1461,2923,49.9828942866918,"proteome"
4836,3,2923,0.10263427984947,"proteome"
4837,13,2923,0.444748546014369,"proteome"
4838,13,2923,0.444748546014369,"proteome"
4839,2,2923,0.0684228532329798,"proteome"
4840,4,2923,0.13684570646596,"proteome"
4841,310,2923,10.6055422511119,"proteome"
4842,1463,2923,50.0513171399247,"proteome"
4843,4,2923,0.13684570646596,"proteome"
4844,4,2923,0.13684570646596,"proteome"
4845,124,2923,4.24221690044475,"proteome"
4846,2,2923,0.0684228532329798,"proteome"
4847,1461,2923,49.9828942866918,"proteome"
4848,1,2923,0.0342114266164899,"proteome"
4849,89,2923,3.0448169688676,"proteome"
4850,1538,2923,52.6171741361615,"proteome"
4851,100,2923,3.42114266164899,"proteome"
4852,1468,2923,50.2223742730072,"proteome"
4853,3,2923,0.10263427984947,"proteome"
4854,1462,2923,50.0171057133082,"proteome"
4855,2265,2923,77.4888812863496,"proteome"
4856,5,2923,0.17105713308245,"proteome"
4857,12,2923,0.410537119397879,"proteome"
4858,1461,2923,49.9828942866918,"proteome"
4859,27,2923,0.923708518645228,"proteome"
4860,10,2923,0.342114266164899,"proteome"
4861,23,2923,0.786862812179268,"proteome"
4862,94,2923,3.21587410195005,"proteome"
4863,1760,2923,60.2121108450222,"proteome"
4864,1464,2923,50.0855285665412,"proteome"
4865,3,2923,0.10263427984947,"proteome"
4866,7,2923,0.239479986315429,"proteome"
4867,3,2923,0.10263427984947,"proteome"
4868,7,2923,0.239479986315429,"proteome"
4869,1465,2923,50.1197399931577,"proteome"
4870,148,2923,5.06329113924051,"proteome"
4871,14,2923,0.478959972630859,"proteome"
4872,1463,2923,50.0513171399247,"proteome"
4873,112,2923,3.83167978104687,"proteome"
4874,1463,2923,50.0513171399247,"proteome"
4875,74,2923,2.53164556962025,"proteome"
4876,100,2923,3.42114266164899,"proteome"
4877,197,2923,6.73965104344851,"proteome"
4878,1461,2923,49.9828942866918,"proteome"
4879,87,2923,2.97639411563462,"proteome"
4880,562,2923,19.2268217584673,"proteome"
4881,3,2923,0.10263427984947,"proteome"
4882,13,2923,0.444748546014369,"proteome"
4883,115,2923,3.93431406089634,"proteome"
4884,5,2923,0.17105713308245,"proteome"
4885,7,2923,0.239479986315429,"proteome"
4886,9,2923,0.307902839548409,"proteome"
4887,3,2923,0.10263427984947,"proteome"
4888,111,2923,3.79746835443038,"proteome"
4889,6,2923,0.205268559698939,"proteome"
4890,403,2923,13.7872049264454,"proteome"
4891,4,2923,0.13684570646596,"proteome"
4892,108,2923,3.69483407458091,"proteome"
4893,3,2923,0.10263427984947,"proteome"
4894,5,2923,0.17105713308245,"proteome"
4895,6,2923,0.205268559698939,"proteome"
4896,1461,2923,49.9828942866918,"proteome"
4897,17,2923,0.581594252480328,"proteome"
4898,99,2923,3.3869312350325,"proteome"
4899,349,2923,11.939787889155,"proteome"
4900,1461,2923,49.9828942866918,"proteome"
4901,372,2923,12.7266507013342,"proteome"
4902,1468,2923,50.2223742730072,"proteome"
4903,9,2923,0.307902839548409,"proteome"
4904,75,2923,2.56585699623674,"proteome"
4905,8,2923,0.273691412931919,"proteome"
4906,9,2923,0.307902839548409,"proteome"
4907,203,2923,6.94491960314745,"proteome"
4908,176,2923,6.02121108450222,"proteome"
4909,13,2923,0.444748546014369,"proteome"
4910,1827,2923,62.5042764283271,"proteome"
4911,5,2923,0.17105713308245,"proteome"
4912,3,2923,0.10263427984947,"proteome"
4913,4,2923,0.13684570646596,"proteome"
4914,17,2923,0.581594252480328,"proteome"
4915,198,2923,6.773862470065,"proteome"
4916,68,2923,2.32637700992131,"proteome"
4917,1465,2923,50.1197399931577,"proteome"
4918,18,2923,0.615805679096818,"proteome"
4919,1827,2923,62.5042764283271,"proteome"
4920,95,2923,3.25008552856654,"proteome"
4921,6,2923,0.205268559698939,"proteome"
4922,7,2923,0.239479986315429,"proteome"
4923,1461,2923,49.9828942866918,"proteome"
4924,2556,2923,87.4444064317482,"proteome"
4925,10,2923,0.342114266164899,"proteome"
4926,118,2923,4.03694834074581,"proteome"
4927,1463,2923,50.0513171399247,"proteome"
4928,15,2923,0.513171399247349,"proteome"
4929,7,2923,0.239479986315429,"proteome"
4930,4,2923,0.13684570646596,"proteome"
4931,4,2923,0.13684570646596,"proteome"
4932,168,2923,5.7475196715703,"proteome"
4933,101,2923,3.45535408826548,"proteome"
4934,1476,2923,50.4960656859391,"proteome"
4935,2,2923,0.0684228532329798,"proteome"
4936,5,2923,0.17105713308245,"proteome"
4937,1463,2923,50.0513171399247,"proteome"
4938,8,2923,0.273691412931919,"proteome"
4939,3,2923,0.10263427984947,"proteome"
4940,117,2923,4.00273691412932,"proteome"
4941,3,2923,0.10263427984947,"proteome"
4942,23,2923,0.786862812179268,"proteome"
4943,94,2923,3.21587410195005,"proteome"
4944,1472,2923,50.3592199794731,"proteome"
4945,4,2923,0.13684570646596,"proteome"
4946,2,2923,0.0684228532329798,"proteome"
4947,239,2923,8.17653096134109,"proteome"
4948,4,2923,0.13684570646596,"proteome"
4949,112,2923,3.83167978104687,"proteome"
4950,92,2923,3.14745124871707,"proteome"
4951,112,2923,3.83167978104687,"proteome"
4952,1462,2923,50.0171057133082,"proteome"
4953,4,2923,0.13684570646596,"proteome"
4954,4,2923,0.13684570646596,"proteome"
4955,6,2923,0.205268559698939,"proteome"
4956,85,2923,2.90797126240164,"proteome"
4957,7,2923,0.239479986315429,"proteome"
4958,4,2923,0.13684570646596,"proteome"
4959,1464,2923,50.0855285665412,"proteome"
4960,98,2923,3.35271980841601,"proteome"
4961,276,2923,9.44235374615121,"proteome"
4962,99,2923,3.3869312350325,"proteome"
4963,4,2923,0.13684570646596,"proteome"
4964,2,2923,0.0684228532329798,"proteome"
4965,1461,2923,49.9828942866918,"proteome"
4966,147,2923,5.02907971262402,"proteome"
4967,4,2923,0.13684570646596,"proteome"
4968,1462,2923,50.0171057133082,"proteome"
4969,1461,2923,49.9828942866918,"proteome"
4970,2192,2923,74.9914471433459,"proteome"
4971,2,2923,0.0684228532329798,"proteome"
4972,10,2923,0.342114266164899,"proteome"
4973,1462,2923,50.0171057133082,"proteome"
4974,1461,2923,49.9828942866918,"proteome"
4975,103,2923,3.52377694149846,"proteome"
4976,1464,2923,50.0855285665412,"proteome"
4977,7,2923,0.239479986315429,"proteome"
4978,1461,2923,49.9828942866918,"proteome"
4979,158,2923,5.40540540540541,"proteome"
4980,1462,2923,50.0171057133082,"proteome"
4981,118,2923,4.03694834074581,"proteome"
4982,1,2923,0.0342114266164899,"proteome"
4983,105,2923,3.59219979473144,"proteome"
4984,17,2923,0.581594252480328,"proteome"
4985,1461,2923,49.9828942866918,"proteome"
4986,11,2923,0.376325692781389,"proteome"
4987,4,2923,0.13684570646596,"proteome"
4988,5,2923,0.17105713308245,"proteome"
4989,499,2923,17.0715018816285,"proteome"
4990,7,2923,0.239479986315429,"proteome"
4991,98,2923,3.35271980841601,"proteome"
4992,5,2923,0.17105713308245,"proteome"
4993,1462,2923,50.0171057133082,"proteome"
4994,32,2923,1.09476565172768,"proteome"
4995,4,2923,0.13684570646596,"proteome"
4996,15,2923,0.513171399247349,"proteome"
4997,595,2923,20.3557988368115,"proteome"
4998,5,2923,0.17105713308245,"proteome"
4999,8,2923,0.273691412931919,"proteome"
5000,4,2923,0.13684570646596,"proteome"
5001,270,2923,9.23708518645227,"proteome"
5002,1461,2923,49.9828942866918,"proteome"
5003,185,2923,6.32911392405063,"proteome"
5004,1461,2923,49.9828942866918,"proteome"
5005,6,2923,0.205268559698939,"proteome"
5006,4,2923,0.13684570646596,"proteome"
5007,29,2923,0.992131371878207,"proteome"
5008,3,2923,0.10263427984947,"proteome"
5009,156,2923,5.33698255217243,"proteome"
5010,4,2923,0.13684570646596,"proteome"
5011,240,2923,8.21074238795758,"proteome"
5012,1461,2923,49.9828942866918,"proteome"
5013,90,2923,3.07902839548409,"proteome"
5014,11,2923,0.376325692781389,"proteome"
5015,1464,2923,50.0855285665412,"proteome"
5016,1462,2923,50.0171057133082,"proteome"
5017,1460,2923,49.9486828600753,"proteome"
5018,119,2923,4.0711597673623,"proteome"
5019,6,2923,0.205268559698939,"proteome"
5020,14,2923,0.478959972630859,"proteome"
5021,1463,2923,50.0513171399247,"proteome"
5022,1462,2923,50.0171057133082,"proteome"
5023,161,2923,5.50803968525488,"proteome"
5024,5,2923,0.17105713308245,"proteome"
5025,4,2923,0.13684570646596,"proteome"
5026,685,2923,23.4348272322956,"proteome"
5027,17,2923,0.581594252480328,"proteome"
5028,343,2923,11.734519329456,"proteome"
5029,1462,2923,50.0171057133082,"proteome"
5030,14,2923,0.478959972630859,"proteome"
5031,109,2923,3.7290455011974,"proteome"
5032,373,2923,12.7608621279507,"proteome"
5033,245,2923,8.38179952104003,"proteome"
5034,13,2923,0.444748546014369,"proteome"
5035,364,2923,12.4529592884023,"proteome"
5036,1463,2923,50.0513171399247,"proteome"
5037,2,2923,0.0684228532329798,"proteome"
5038,1655,2923,56.6199110502908,"proteome"
5039,10,2923,0.342114266164899,"proteome"
5040,4,2923,0.13684570646596,"proteome"
5041,113,2923,3.86589120766336,"proteome"
5042,13,2923,0.444748546014369,"proteome"
5043,1461,2923,49.9828942866918,"proteome"
5044,275,2923,9.40814231953472,"proteome"
5045,7,2923,0.239479986315429,"proteome"
5046,4,2923,0.13684570646596,"proteome"
5047,185,2923,6.32911392405063,"proteome"
5048,8,2923,0.273691412931919,"proteome"
5049,852,2923,29.1481354772494,"proteome"
5050,7,2923,0.239479986315429,"proteome"
5051,202,2923,6.91070817653096,"proteome"
5052,1472,2923,50.3592199794731,"proteome"
5053,214,2923,7.32124529592884,"proteome"
5054,18,2923,0.615805679096818,"proteome"
5055,201,2923,6.87649674991447,"proteome"
5056,5,2923,0.17105713308245,"proteome"
5057,205,2923,7.01334245638043,"proteome"
5058,2191,2923,74.9572357167294,"proteome"
5059,166,2923,5.67909681833732,"proteome"
5060,147,2923,5.02907971262402,"proteome"
5061,7,2923,0.239479986315429,"proteome"
5062,100,2923,3.42114266164899,"proteome"
5063,6,2923,0.205268559698939,"proteome"
5064,1934,2923,66.1648990762915,"proteome"
5065,78,2923,2.66849127608621,"proteome"
5066,7,2923,0.239479986315429,"proteome"
5067,1461,2923,49.9828942866918,"proteome"
5068,119,2923,4.0711597673623,"proteome"
5069,1476,2923,50.4960656859391,"proteome"
5070,4,2923,0.13684570646596,"proteome"
5071,12,2923,0.410537119397879,"proteome"
5072,7,2923,0.239479986315429,"proteome"
5073,1,2923,0.0342114266164899,"proteome"
5074,91,2923,3.11323982210058,"proteome"
5075,105,2923,3.59219979473144,"proteome"
5076,4,2923,0.13684570646596,"proteome"
5077,5,2923,0.17105713308245,"proteome"
5078,1463,2923,50.0513171399247,"proteome"
5079,3,2923,0.10263427984947,"proteome"
5080,1464,2923,50.0855285665412,"proteome"
5081,1807,2923,61.8200478959973,"proteome"
5082,148,2923,5.06329113924051,"proteome"
5083,1462,2923,50.0171057133082,"proteome"
5084,7,2923,0.239479986315429,"proteome"
5085,1462,2923,50.0171057133082,"proteome"
5086,5,2923,0.17105713308245,"proteome"
5087,1478,2923,50.5644885391721,"proteome"
5088,6,2923,0.205268559698939,"proteome"
5089,1462,2923,50.0171057133082,"proteome"
5090,369,2923,12.6240164214848,"proteome"
5091,15,2923,0.513171399247349,"proteome"
5092,7,2923,0.239479986315429,"proteome"
5093,1460,2923,49.9486828600753,"proteome"
5094,95,2923,3.25008552856654,"proteome"
5095,17,2923,0.581594252480328,"proteome"
5096,5,2923,0.17105713308245,"proteome"
5097,3,2923,0.10263427984947,"proteome"
5098,18,2923,0.615805679096818,"proteome"
5099,673,2923,23.0242901128977,"proteome"
5100,185,2923,6.32911392405063,"proteome"
5101,330,2923,11.2897707834417,"proteome"
5102,1463,2923,50.0513171399247,"proteome"
5103,1472,2923,50.3592199794731,"proteome"
5104,5,2923,0.17105713308245,"proteome"
5105,3,2923,0.10263427984947,"proteome"
5106,96,2923,3.28429695518303,"proteome"
5107,4,2923,0.13684570646596,"proteome"
5108,105,2923,3.59219979473144,"proteome"
5109,81,2923,2.77112555593568,"proteome"
5110,275,2923,9.40814231953472,"proteome"
5111,1461,2923,49.9828942866918,"proteome"
5112,4,2923,0.13684570646596,"proteome"
5113,183,2923,6.26069107081765,"proteome"
5114,103,2923,3.52377694149846,"proteome"
5115,102,2923,3.48956551488197,"proteome"
5116,4,2923,0.13684570646596,"proteome"
5117,93,2923,3.18166267533356,"proteome"
5118,6,2923,0.205268559698939,"proteome"
5119,5,2923,0.17105713308245,"proteome"
5120,67,2923,2.29216558330482,"proteome"
5121,113,2923,3.86589120766336,"proteome"
5122,1479,2923,50.5986999657886,"proteome"
5123,7,2923,0.239479986315429,"proteome"
5124,7,2923,0.239479986315429,"proteome"
5125,518,2923,17.7215189873418,"proteome"
5126,3,2923,0.10263427984947,"proteome"
5127,9,2923,0.307902839548409,"proteome"
5128,226,2923,7.73178241532672,"proteome"
5129,7,2923,0.239479986315429,"proteome"
5130,4,2923,0.13684570646596,"proteome"
5131,11,2923,0.376325692781389,"proteome"
5132,5,2923,0.17105713308245,"proteome"
5133,5,2923,0.17105713308245,"proteome"
5134,1460,2923,49.9486828600753,"proteome"
5135,103,2923,3.52377694149846,"proteome"
5136,365,2923,12.4871707150188,"proteome"
5137,1463,2923,50.0513171399247,"proteome"
5138,95,2923,3.25008552856654,"proteome"
5139,100,2923,3.42114266164899,"proteome"
5140,1460,2923,49.9486828600753,"proteome"
5141,3,2923,0.10263427984947,"proteome"
5142,5,2923,0.17105713308245,"proteome"
5143,1096,2923,37.4957235716729,"proteome"
5144,6,2923,0.205268559698939,"proteome"
5145,110,2923,3.76325692781389,"proteome"
5146,10,2923,0.342114266164899,"proteome"
5147,147,2923,5.02907971262402,"proteome"
5148,3,2923,0.10263427984947,"proteome"
5149,7,2923,0.239479986315429,"proteome"
5150,77,2923,2.63427984946972,"proteome"
5151,419,2923,14.3345877523093,"proteome"
5152,296,2923,10.126582278481,"proteome"
5153,5,2923,0.17105713308245,"proteome"
5154,1574,2923,53.8487854943551,"proteome"
5155,6,2923,0.205268559698939,"proteome"
5156,95,2923,3.25008552856654,"proteome"
5157,74,2923,2.53164556962025,"proteome"
5158,9,2923,0.307902839548409,"proteome"
5159,2036,2923,69.6544645911735,"proteome"
5160,154,2923,5.26855969893945,"proteome"
5161,1463,2923,50.0513171399247,"proteome"
5162,1476,2923,50.4960656859391,"proteome"
5163,114,2923,3.90010263427985,"proteome"
5164,1461,2923,49.9828942866918,"proteome"
5165,3,2923,0.10263427984947,"proteome"
5166,1460,2923,49.9486828600753,"proteome"
5167,83,2923,2.83954840916866,"proteome"
5168,4,2923,0.13684570646596,"proteome"
5169,225,2923,7.69757098871023,"proteome"
5170,1465,2923,50.1197399931577,"proteome"
5171,4,2923,0.13684570646596,"proteome"
5172,609,2923,20.8347588094424,"proteome"
5173,11,2923,0.376325692781389,"proteome"
5174,9,2923,0.307902839548409,"proteome"
5175,5,2923,0.17105713308245,"proteome"
5176,277,2923,9.4765651727677,"proteome"
5177,91,2923,3.11323982210058,"proteome"
5178,1461,2923,49.9828942866918,"proteome"
5179,2,2923,0.0684228532329798,"proteome"
5180,3,2923,0.10263427984947,"proteome"
5181,1464,2923,50.0855285665412,"proteome"
5182,21,2923,0.718439958946288,"proteome"
5183,7,2923,0.239479986315429,"proteome"
5184,5,2923,0.17105713308245,"proteome"
5185,103,2923,3.52377694149846,"proteome"
5186,10,2923,0.342114266164899,"proteome"
5187,13,2923,0.444748546014369,"proteome"
5188,1478,2923,50.5644885391721,"proteome"
5189,333,2923,11.3924050632911,"proteome"
5190,1469,2923,50.2565856996237,"proteome"
5191,131,2923,4.48169688676018,"proteome"
5192,3,2923,0.10263427984947,"proteome"
5193,113,2923,3.86589120766336,"proteome"
5194,8,2923,0.273691412931919,"proteome"
5195,132,2923,4.51590831337667,"proteome"
5196,6,2923,0.205268559698939,"proteome"
5197,2,2923,0.0684228532329798,"proteome"
5198,4,2923,0.13684570646596,"proteome"
5199,335,2923,11.4608279165241,"proteome"
5200,94,2923,3.21587410195005,"proteome"
5201,3,2923,0.10263427984947,"proteome"
5202,29,2923,0.992131371878207,"proteome"
5203,334,2923,11.4266164899076,"proteome"
5204,10,2923,0.342114266164899,"proteome"
5205,94,2923,3.21587410195005,"proteome"
5206,226,2923,7.73178241532672,"proteome"
5207,10,2923,0.342114266164899,"proteome"
5208,2,2923,0.0684228532329798,"proteome"
5209,1461,2923,49.9828942866918,"proteome"
5210,4,2923,0.13684570646596,"proteome"
5211,807,2923,27.6086212795074,"proteome"
5212,2,2923,0.0684228532329798,"proteome"
5213,104,2923,3.55798836811495,"proteome"
5214,1460,2923,49.9486828600753,"proteome"
5215,501,2923,17.1399247348614,"proteome"
5216,3,2923,0.10263427984947,"proteome"
5217,1463,2923,50.0513171399247,"proteome"
5218,14,2923,0.478959972630859,"proteome"
5219,4,2923,0.13684570646596,"proteome"
5220,2,2923,0.0684228532329798,"proteome"
5221,1461,2923,49.9828942866918,"proteome"
5222,1725,2923,59.0147109134451,"proteome"
5223,4,2923,0.13684570646596,"proteome"
5224,1462,2923,50.0171057133082,"proteome"
5225,365,2923,12.4871707150188,"proteome"
5226,1463,2923,50.0513171399247,"proteome"
5227,163,2923,5.57646253848785,"proteome"
5228,15,2923,0.513171399247349,"proteome"
5229,479,2923,16.3872733492987,"proteome"
5230,1461,2923,49.9828942866918,"proteome"
5231,3,2923,0.10263427984947,"proteome"
5232,22,2923,0.752651385562778,"proteome"
5233,1461,2923,49.9828942866918,"proteome"
5234,118,2923,4.03694834074581,"proteome"
5235,110,2923,3.76325692781389,"proteome"
5236,284,2923,9.71604515908313,"proteome"
5237,1464,2923,50.0855285665412,"proteome"
5238,4,2923,0.13684570646596,"proteome"
5239,3,2923,0.10263427984947,"proteome"
5240,1463,2923,50.0513171399247,"proteome"
5241,280,2923,9.57919945261717,"proteome"
5242,150,2923,5.13171399247349,"proteome"
5243,114,2923,3.90010263427985,"proteome"
5244,116,2923,3.96852548751283,"proteome"
5245,5,2923,0.17105713308245,"proteome"
5246,2,2923,0.0684228532329798,"proteome"
5247,9,2923,0.307902839548409,"proteome"
5248,5,2923,0.17105713308245,"proteome"
5249,238,2923,8.1423195347246,"proteome"
5250,8,2923,0.273691412931919,"proteome"
5251,78,2923,2.66849127608621,"proteome"
5252,3,2923,0.10263427984947,"proteome"
5253,6,2923,0.205268559698939,"proteome"
5254,406,2923,13.8898392062949,"proteome"
5255,4,2923,0.13684570646596,"proteome"
5256,113,2923,3.86589120766336,"proteome"
5257,6,2923,0.205268559698939,"proteome"
5258,212,2923,7.25282244269586,"proteome"
5259,7,2923,0.239479986315429,"proteome"
5260,51,2923,1.74478275744099,"proteome"
5261,1463,2923,50.0513171399247,"proteome"
5262,1468,2923,50.2223742730072,"proteome"
5263,109,2923,3.7290455011974,"proteome"
5264,7,2923,0.239479986315429,"proteome"
5265,1478,2923,50.5644885391721,"proteome"
5266,312,2923,10.6739651043449,"proteome"
5267,1469,2923,50.2565856996237,"proteome"
5268,1,2923,0.0342114266164899,"proteome"
5269,4,2923,0.13684570646596,"proteome"
5270,8,2923,0.273691412931919,"proteome"
5271,5,2923,0.17105713308245,"proteome"
5272,258,2923,8.8265480670544,"proteome"
5273,9,2923,0.307902839548409,"proteome"
5274,146,2923,4.99486828600753,"proteome"
5275,4,2923,0.13684570646596,"proteome"
5276,1462,2923,50.0171057133082,"proteome"
5277,206,2923,7.04755388299692,"proteome"
5278,7,2923,0.239479986315429,"proteome"
5279,1463,2923,50.0513171399247,"proteome"
5280,1463,2923,50.0513171399247,"proteome"
5281,59,2923,2.0184741703729,"proteome"
5282,1463,2923,50.0513171399247,"proteome"
5283,122,2923,4.17379404721177,"proteome"
5284,1462,2923,50.0171057133082,"proteome"
5285,2,2923,0.0684228532329798,"proteome"
5286,3,2923,0.10263427984947,"proteome"
5287,1462,2923,50.0171057133082,"proteome"
5288,99,2923,3.3869312350325,"proteome"
5289,9,2923,0.307902839548409,"proteome"
5290,2,2923,0.0684228532329798,"proteome"
5291,103,2923,3.52377694149846,"proteome"
5292,124,2923,4.24221690044475,"proteome"
5293,1462,2923,50.0171057133082,"proteome"
5294,6,2923,0.205268559698939,"proteome"
5295,5,2923,0.17105713308245,"proteome"
5296,3,2923,0.10263427984947,"proteome"
5297,5,2923,0.17105713308245,"proteome"
5298,1460,2923,49.9486828600753,"proteome"
5299,1569,2923,53.6777283612727,"proteome"
5300,6,2923,0.205268559698939,"proteome"
5301,165,2923,5.64488539172083,"proteome"
5302,4,2923,0.13684570646596,"proteome"
5303,99,2923,3.3869312350325,"proteome"
5304,1461,2923,49.9828942866918,"proteome"
5305,3,2923,0.10263427984947,"proteome"
5306,130,2923,4.44748546014369,"proteome"
5307,29,2923,0.992131371878207,"proteome"
5308,8,2923,0.273691412931919,"proteome"
5309,469,2923,16.0451590831338,"proteome"
5310,22,2923,0.752651385562778,"proteome"
5311,2,2923,0.0684228532329798,"proteome"
5312,9,2923,0.307902839548409,"proteome"
5313,4,2923,0.13684570646596,"proteome"
5314,3,2923,0.10263427984947,"proteome"
5315,5,2923,0.17105713308245,"proteome"
5316,15,2923,0.513171399247349,"proteome"
5317,8,2923,0.273691412931919,"proteome"
5318,3,2923,0.10263427984947,"proteome"
5319,85,2923,2.90797126240164,"proteome"
5320,8,2923,0.273691412931919,"proteome"
5321,2,2923,0.0684228532329798,"proteome"
5322,7,2923,0.239479986315429,"proteome"
5323,97,2923,3.31850838179952,"proteome"
5324,15,2923,0.513171399247349,"proteome"
5325,2,2923,0.0684228532329798,"proteome"
5326,194,2923,6.63701676359904,"proteome"
5327,6,2923,0.205268559698939,"proteome"
5328,1462,2923,50.0171057133082,"proteome"
5329,6,2923,0.205268559698939,"proteome"
5330,1476,2923,50.4960656859391,"proteome"
5331,15,2923,0.513171399247349,"proteome"
5332,1480,2923,50.6329113924051,"proteome"
5333,1573,2923,53.8145740677386,"proteome"
5334,15,2923,0.513171399247349,"proteome"
5335,99,2923,3.3869312350325,"proteome"
5336,3,2923,0.10263427984947,"proteome"
5337,103,2923,3.52377694149846,"proteome"
5338,1462,2923,50.0171057133082,"proteome"
5339,5,2923,0.17105713308245,"proteome"
5340,1462,2923,50.0171057133082,"proteome"
5341,1462,2923,50.0171057133082,"proteome"
5342,1463,2923,50.0513171399247,"proteome"
5343,119,2923,4.0711597673623,"proteome"
5344,109,2923,3.7290455011974,"proteome"
5345,5,2923,0.17105713308245,"proteome"
5346,8,2923,0.273691412931919,"proteome"
5347,146,2923,4.99486828600753,"proteome"
5348,4,2923,0.13684570646596,"proteome"
5349,1463,2923,50.0513171399247,"proteome"
5350,9,2923,0.307902839548409,"proteome"
5351,9,2923,0.307902839548409,"proteome"
5352,10,2923,0.342114266164899,"proteome"
5353,1,2923,0.0342114266164899,"proteome"
5354,90,2923,3.07902839548409,"proteome"
5355,106,2923,3.62641122134793,"proteome"
5356,1461,2923,49.9828942866918,"proteome"
5357,1467,2923,50.1881628463907,"proteome"
5358,3,2923,0.10263427984947,"proteome"
5359,1,2923,0.0342114266164899,"proteome"
5360,1461,2923,49.9828942866918,"proteome"
5361,5,2923,0.17105713308245,"proteome"
5362,7,2923,0.239479986315429,"proteome"
5363,2,2923,0.0684228532329798,"proteome"
5364,12,2923,0.410537119397879,"proteome"
5365,309,2923,10.5713308244954,"proteome"
5366,110,2923,3.76325692781389,"proteome"
5367,15,2923,0.513171399247349,"proteome"
5368,1463,2923,50.0513171399247,"proteome"
5369,375,2923,12.8292849811837,"proteome"
5370,224,2923,7.66335956209374,"proteome"
5371,27,2923,0.923708518645228,"proteome"
5372,1,2923,0.0342114266164899,"proteome"
5373,19,2923,0.650017105713308,"proteome"
5374,9,2923,0.307902839548409,"proteome"
5375,145,2923,4.96065685939104,"proteome"
5376,92,2923,3.14745124871707,"proteome"
5377,1466,2923,50.1539514197742,"proteome"
5378,1466,2923,50.1539514197742,"proteome"
5379,3,2923,0.10263427984947,"proteome"
5380,13,2923,0.444748546014369,"proteome"
5381,116,2923,3.96852548751283,"proteome"
5382,1460,2923,49.9486828600753,"proteome"
5383,194,2923,6.63701676359904,"proteome"
5384,1477,2923,50.5302771125556,"proteome"
5385,95,2923,3.25008552856654,"proteome"
5386,9,2923,0.307902839548409,"proteome"
5387,6,2923,0.205268559698939,"proteome"
5388,10,2923,0.342114266164899,"proteome"
5389,1465,2923,50.1197399931577,"proteome"
5390,3,2923,0.10263427984947,"proteome"
5391,1467,2923,50.1881628463907,"proteome"
5392,1462,2923,50.0171057133082,"proteome"
5393,12,2923,0.410537119397879,"proteome"
5394,216,2923,7.38966814916182,"proteome"
5395,485,2923,16.5925419089976,"proteome"
5396,420,2923,14.3687991789258,"proteome"
5397,5,2923,0.17105713308245,"proteome"
5398,10,2923,0.342114266164899,"proteome"
5399,102,2923,3.48956551488197,"proteome"
5400,10,2923,0.342114266164899,"proteome"
5401,183,2923,6.26069107081765,"proteome"
5402,5,2923,0.17105713308245,"proteome"
5403,1,2923,0.0342114266164899,"proteome"
5404,1468,2923,50.2223742730072,"proteome"
5405,13,2923,0.444748546014369,"proteome"
5406,3,2923,0.10263427984947,"proteome"
5407,2,2923,0.0684228532329798,"proteome"
5408,9,2923,0.307902839548409,"proteome"
5409,11,2923,0.376325692781389,"proteome"
5410,14,2923,0.478959972630859,"proteome"
5411,6,2923,0.205268559698939,"proteome"
5412,22,2923,0.752651385562778,"proteome"
5413,2,2923,0.0684228532329798,"proteome"
5414,4,2923,0.13684570646596,"proteome"
5415,1462,2923,50.0171057133082,"proteome"
5416,3,2923,0.10263427984947,"proteome"
5417,10,2923,0.342114266164899,"proteome"
5418,112,2923,3.83167978104687,"proteome"
5419,3,2923,0.10263427984947,"proteome"
5420,79,2923,2.7027027027027,"proteome"
5421,7,2923,0.239479986315429,"proteome"
5422,3,2923,0.10263427984947,"proteome"
5423,6,2923,0.205268559698939,"proteome"
5424,99,2923,3.3869312350325,"proteome"
5425,5,2923,0.17105713308245,"proteome"
5426,1463,2923,50.0513171399247,"proteome"
5427,8,2923,0.273691412931919,"proteome"
5428,2,2923,0.0684228532329798,"proteome"
5429,10,2923,0.342114266164899,"proteome"
5430,391,2923,13.3766678070476,"proteome"
5431,440,2923,15.0530277112556,"proteome"
5432,1647,2923,56.3462196373589,"proteome"
5433,1469,2923,50.2565856996237,"proteome"
5434,288,2923,9.85289086554909,"proteome"
5435,7,2923,0.239479986315429,"proteome"
5436,15,2923,0.513171399247349,"proteome"
5437,276,2923,9.44235374615121,"proteome"
5438,96,2923,3.28429695518303,"proteome"
5439,105,2923,3.59219979473144,"proteome"
5440,2,2923,0.0684228532329798,"proteome"
5441,145,2923,4.96065685939104,"proteome"
5442,131,2923,4.48169688676018,"proteome"
5443,111,2923,3.79746835443038,"proteome"
5444,2,2923,0.0684228532329798,"proteome"
5445,5,2923,0.17105713308245,"proteome"
5446,15,2923,0.513171399247349,"proteome"
5447,6,2923,0.205268559698939,"proteome"
5448,119,2923,4.0711597673623,"proteome"
5449,1466,2923,50.1539514197742,"proteome"
5450,5,2923,0.17105713308245,"proteome"
5451,840,2923,28.7375983578515,"proteome"
5452,1461,2923,49.9828942866918,"proteome"
5453,1467,2923,50.1881628463907,"proteome"
5454,373,2923,12.7608621279507,"proteome"
5455,1472,2923,50.3592199794731,"proteome"
5456,15,2923,0.513171399247349,"proteome"
5457,3,2923,0.10263427984947,"proteome"
5458,3,2923,0.10263427984947,"proteome"
5459,1463,2923,50.0513171399247,"proteome"
5460,4,2923,0.13684570646596,"proteome"
5461,6,2923,0.205268559698939,"proteome"
5462,1464,2923,50.0855285665412,"proteome"
5463,584,2923,19.9794731440301,"proteome"
5464,158,2923,5.40540540540541,"proteome"
5465,233,2923,7.97126240164215,"proteome"
5466,2,2923,0.0684228532329798,"proteome"
5467,3,2923,0.10263427984947,"proteome"
5468,13,2923,0.444748546014369,"proteome"
5469,7,2923,0.239479986315429,"proteome"
5470,4,2923,0.13684570646596,"proteome"
5471,9,2923,0.307902839548409,"proteome"
5472,378,2923,12.9319192610332,"proteome"
5473,4,2923,0.13684570646596,"proteome"
5474,3,2923,0.10263427984947,"proteome"
5475,299,2923,10.2292165583305,"proteome"
5476,1468,2923,50.2223742730072,"proteome"
5477,1477,2923,50.5302771125556,"proteome"
5478,6,2923,0.205268559698939,"proteome"
5479,16,2923,0.547382825863839,"proteome"
5480,7,2923,0.239479986315429,"proteome"
5481,1,2923,0.0342114266164899,"proteome"
5482,10,2923,0.342114266164899,"proteome"
5483,351,2923,12.008210742388,"proteome"
5484,1480,2923,50.6329113924051,"proteome"
5485,4,2923,0.13684570646596,"proteome"
5486,10,2923,0.342114266164899,"proteome"
5487,96,2923,3.28429695518303,"proteome"
5488,3,2923,0.10263427984947,"proteome"
5489,9,2923,0.307902839548409,"proteome"
5490,3,2923,0.10263427984947,"proteome"
5491,1462,2923,50.0171057133082,"proteome"
5492,24,2923,0.821074238795758,"proteome"
5493,18,2923,0.615805679096818,"proteome"
5494,1461,2923,49.9828942866918,"proteome"
5495,101,2923,3.45535408826548,"proteome"
5496,3,2923,0.10263427984947,"proteome"
5497,4,2923,0.13684570646596,"proteome"
5498,6,2923,0.205268559698939,"proteome"
5499,3,2923,0.10263427984947,"proteome"
5500,8,2923,0.273691412931919,"proteome"
5501,18,2923,0.615805679096818,"proteome"
5502,7,2923,0.239479986315429,"proteome"
5503,365,2923,12.4871707150188,"proteome"
5504,2,2923,0.0684228532329798,"proteome"
5505,14,2923,0.478959972630859,"proteome"
5506,99,2923,3.3869312350325,"proteome"
5507,1472,2923,50.3592199794731,"proteome"
5508,8,2923,0.273691412931919,"proteome"
5509,5,2923,0.17105713308245,"proteome"
5510,4,2923,0.13684570646596,"proteome"
5511,11,2923,0.376325692781389,"proteome"
5512,18,2923,0.615805679096818,"proteome"
5513,20,2923,0.684228532329798,"proteome"
5514,1469,2923,50.2565856996237,"proteome"
5515,3,2923,0.10263427984947,"proteome"
5516,1463,2923,50.0513171399247,"proteome"
5517,6,2923,0.205268559698939,"proteome"
5518,209,2923,7.15018816284639,"proteome"
5519,110,2923,3.76325692781389,"proteome"
5520,5,2923,0.17105713308245,"proteome"
5521,2,2923,0.0684228532329798,"proteome"
5522,1,2923,0.0342114266164899,"proteome"
5523,1678,2923,57.4067738624701,"proteome"
5524,113,2923,3.86589120766336,"proteome"
5525,4,2923,0.13684570646596,"proteome"
5526,1465,2923,50.1197399931577,"proteome"
5527,1572,2923,53.7803626411221,"proteome"
5528,3,2923,0.10263427984947,"proteome"
5529,4,2923,0.13684570646596,"proteome"
5530,6,2923,0.205268559698939,"proteome"
5531,468,2923,16.0109476565173,"proteome"
5532,3,2923,0.10263427984947,"proteome"
5533,1,2923,0.0342114266164899,"proteome"
5534,15,2923,0.513171399247349,"proteome"
5535,5,2923,0.17105713308245,"proteome"
5536,122,2923,4.17379404721177,"proteome"
5537,1464,2923,50.0855285665412,"proteome"
5538,99,2923,3.3869312350325,"proteome"
5539,124,2923,4.24221690044475,"proteome"
5540,189,2923,6.46595963051659,"proteome"
5541,5,2923,0.17105713308245,"proteome"
5542,6,2923,0.205268559698939,"proteome"
5543,6,2923,0.205268559698939,"proteome"
5544,219,2923,7.49230242901129,"proteome"
5545,1555,2923,53.1987683886418,"proteome"
5546,7,2923,0.239479986315429,"proteome"
5547,3,2923,0.10263427984947,"proteome"
5548,105,2923,3.59219979473144,"proteome"
5549,3,2923,0.10263427984947,"proteome"
5550,1461,2923,49.9828942866918,"proteome"
5551,8,2923,0.273691412931919,"proteome"
5552,1463,2923,50.0513171399247,"proteome"
5553,197,2923,6.73965104344851,"proteome"
5554,203,2923,6.94491960314745,"proteome"
5555,9,2923,0.307902839548409,"proteome"
5556,16,2923,0.547382825863839,"proteome"
5557,6,2923,0.205268559698939,"proteome"
5558,4,2923,0.13684570646596,"proteome"
5559,102,2923,3.48956551488197,"proteome"
5560,7,2923,0.239479986315429,"proteome"
5561,4,2923,0.13684570646596,"proteome"
5562,11,2923,0.376325692781389,"proteome"
5563,1467,2923,50.1881628463907,"proteome"
5564,9,2923,0.307902839548409,"proteome"
5565,211,2923,7.21861101607937,"proteome"
5566,7,2923,0.239479986315429,"proteome"
5567,238,2923,8.1423195347246,"proteome"
5568,3,2923,0.10263427984947,"proteome"
5569,1465,2923,50.1197399931577,"proteome"
5570,4,2923,0.13684570646596,"proteome"
5571,1,2923,0.0342114266164899,"proteome"
5572,8,2923,0.273691412931919,"proteome"
5573,2,2923,0.0684228532329798,"proteome"
5574,1466,2923,50.1539514197742,"proteome"
5575,9,2923,0.307902839548409,"proteome"
5576,2,2923,0.0684228532329798,"proteome"
5577,565,2923,19.3294560383168,"proteome"
5578,5,2923,0.17105713308245,"proteome"
5579,192,2923,6.56859391036606,"proteome"
5580,7,2923,0.239479986315429,"proteome"
5581,113,2923,3.86589120766336,"proteome"
5582,1464,2923,50.0855285665412,"proteome"
5583,1463,2923,50.0513171399247,"proteome"
5584,1609,2923,55.0461854259323,"proteome"
5585,6,2923,0.205268559698939,"proteome"
5586,6,2923,0.205268559698939,"proteome"
5587,7,2923,0.239479986315429,"proteome"
5588,366,2923,12.5213821416353,"proteome"
5589,1,2923,0.0342114266164899,"proteome"
5590,17,2923,0.581594252480328,"proteome"
5591,16,2923,0.547382825863839,"proteome"
5592,3,2923,0.10263427984947,"proteome"
5593,2,2923,0.0684228532329798,"proteome"
5594,35,2923,1.19739993157715,"proteome"
5595,29,2923,0.992131371878207,"proteome"
5596,195,2923,6.67122819021553,"proteome"
5597,17,2923,0.581594252480328,"proteome"
5598,1462,2923,50.0171057133082,"proteome"
5599,412,2923,14.0951077659938,"proteome"
5600,8,2923,0.273691412931919,"proteome"
5601,100,2923,3.42114266164899,"proteome"
5602,94,2923,3.21587410195005,"proteome"
5603,3,2923,0.10263427984947,"proteome"
5604,5,2923,0.17105713308245,"proteome"
5605,7,2923,0.239479986315429,"proteome"
5606,1827,2923,62.5042764283271,"proteome"
5607,124,2923,4.24221690044475,"proteome"
5608,1463,2923,50.0513171399247,"proteome"
5609,4,2923,0.13684570646596,"proteome"
5610,6,2923,0.205268559698939,"proteome"
5611,2,2923,0.0684228532329798,"proteome"
5612,100,2923,3.42114266164899,"proteome"
5613,12,2923,0.410537119397879,"proteome"
5614,4,2923,0.13684570646596,"proteome"
5615,2,2923,0.0684228532329798,"proteome"
5616,7,2923,0.239479986315429,"proteome"
5617,10,2923,0.342114266164899,"proteome"
5618,1098,2923,37.5641464249059,"proteome"
5619,9,2923,0.307902839548409,"proteome"
5620,6,2923,0.205268559698939,"proteome"
5621,223,2923,7.62914813547725,"proteome"
5622,4,2923,0.13684570646596,"proteome"
5623,98,2923,3.35271980841601,"proteome"
5624,123,2923,4.20800547382826,"proteome"
5625,278,2923,9.51077659938419,"proteome"
5626,835,2923,28.5665412247691,"proteome"
5627,211,2923,7.21861101607937,"proteome"
5628,152,2923,5.20013684570647,"proteome"
5629,3,2923,0.10263427984947,"proteome"
5630,117,2923,4.00273691412932,"proteome"
5631,6,2923,0.205268559698939,"proteome"
5632,2,2923,0.0684228532329798,"proteome"
5633,91,2923,3.11323982210058,"proteome"
5634,4,2923,0.13684570646596,"proteome"
5635,1462,2923,50.0171057133082,"proteome"
5636,5,2923,0.17105713308245,"proteome"
5637,148,2923,5.06329113924051,"proteome"
5638,1639,2923,56.072528224427,"proteome"
5639,7,2923,0.239479986315429,"proteome"
5640,4,2923,0.13684570646596,"proteome"
5641,10,2923,0.342114266164899,"proteome"
5642,94,2923,3.21587410195005,"proteome"
5643,14,2923,0.478959972630859,"proteome"
5644,35,2923,1.19739993157715,"proteome"
5645,1,2923,0.0342114266164899,"proteome"
5646,3,2923,0.10263427984947,"proteome"
5647,21,2923,0.718439958946288,"proteome"
5648,1556,2923,53.2329798152583,"proteome"
5649,98,2923,3.35271980841601,"proteome"
5650,100,2923,3.42114266164899,"proteome"
5651,1573,2923,53.8145740677386,"proteome"
5652,5,2923,0.17105713308245,"proteome"
5653,1465,2923,50.1197399931577,"proteome"
5654,5,2923,0.17105713308245,"proteome"
5655,1570,2923,53.7119397878892,"proteome"
5656,6,2923,0.205268559698939,"proteome"
5657,4,2923,0.13684570646596,"proteome"
5658,1,2923,0.0342114266164899,"proteome"
5659,9,2923,0.307902839548409,"proteome"
5660,4,2923,0.13684570646596,"proteome"
5661,78,2923,2.66849127608621,"proteome"
5662,1572,2923,53.7803626411221,"proteome"
5663,4,2923,0.13684570646596,"proteome"
5664,6,2923,0.205268559698939,"proteome"
5665,4,2923,0.13684570646596,"proteome"
5666,233,2923,7.97126240164215,"proteome"
5667,1,2923,0.0342114266164899,"proteome"
5668,5,2923,0.17105713308245,"proteome"
5669,1461,2923,49.9828942866918,"proteome"
5670,29,2923,0.992131371878207,"proteome"
5671,106,2923,3.62641122134793,"proteome"
5672,240,2923,8.21074238795758,"proteome"
5673,373,2923,12.7608621279507,"proteome"
5674,1464,2923,50.0855285665412,"proteome"
5675,94,2923,3.21587410195005,"proteome"
5676,354,2923,12.1108450222374,"proteome"
5677,1464,2923,50.0855285665412,"proteome"
5678,6,2923,0.205268559698939,"proteome"
5679,116,2923,3.96852548751283,"proteome"
5680,222,2923,7.59493670886076,"proteome"
5681,3,2923,0.10263427984947,"proteome"
5682,7,2923,0.239479986315429,"proteome"
5683,5,2923,0.17105713308245,"proteome"
5684,6,2923,0.205268559698939,"proteome"
5685,17,2923,0.581594252480328,"proteome"
5686,13,2923,0.444748546014369,"proteome"
5687,7,2923,0.239479986315429,"proteome"
5688,6,2923,0.205268559698939,"proteome"
5689,1462,2923,50.0171057133082,"proteome"
5690,369,2923,12.6240164214848,"proteome"
5691,2,2923,0.0684228532329798,"proteome"
5692,1566,2923,53.5750940814232,"proteome"
5693,1462,2923,50.0171057133082,"proteome"
5694,93,2923,3.18166267533356,"proteome"
5695,2,2923,0.0684228532329798,"proteome"
5696,24,2923,0.821074238795758,"proteome"
5697,3,2923,0.10263427984947,"proteome"
5698,1464,2923,50.0855285665412,"proteome"
5699,342,2923,11.7003079028395,"proteome"
5700,4,2923,0.13684570646596,"proteome"
5701,623,2923,21.3137187820732,"proteome"
5702,3,2923,0.10263427984947,"proteome"
5703,16,2923,0.547382825863839,"proteome"
5704,35,2923,1.19739993157715,"proteome"
5705,9,2923,0.307902839548409,"proteome"
5706,5,2923,0.17105713308245,"proteome"
5707,4,2923,0.13684570646596,"proteome"
5708,118,2923,4.03694834074581,"proteome"
5709,4,2923,0.13684570646596,"proteome"
5710,368,2923,12.5898049948683,"proteome"
5711,5,2923,0.17105713308245,"proteome"
5712,209,2923,7.15018816284639,"proteome"
5713,6,2923,0.205268559698939,"proteome"
5714,3,2923,0.10263427984947,"proteome"
5715,8,2923,0.273691412931919,"proteome"
5716,1679,2923,57.4409852890866,"proteome"
5717,10,2923,0.342114266164899,"proteome"
5718,276,2923,9.44235374615121,"proteome"
5719,1462,2923,50.0171057133082,"proteome"
5720,13,2923,0.444748546014369,"proteome"
5721,150,2923,5.13171399247349,"proteome"
5722,4,2923,0.13684570646596,"proteome"
5723,178,2923,6.0896339377352,"proteome"
5724,10,2923,0.342114266164899,"proteome"
5725,15,2923,0.513171399247349,"proteome"
5726,7,2923,0.239479986315429,"proteome"
5727,3,2923,0.10263427984947,"proteome"
5728,7,2923,0.239479986315429,"proteome"
5729,98,2923,3.35271980841601,"proteome"
5730,16,2923,0.547382825863839,"proteome"
5731,7,2923,0.239479986315429,"proteome"
5732,4,2923,0.13684570646596,"proteome"
5733,265,2923,9.06602805336983,"proteome"
5734,1461,2923,49.9828942866918,"proteome"
5735,76,2923,2.60006842285323,"proteome"
5736,23,2923,0.786862812179268,"proteome"
5737,3,2923,0.10263427984947,"proteome"
5738,152,2923,5.20013684570647,"proteome"
5739,181,2923,6.19226821758467,"proteome"
5740,373,2923,12.7608621279507,"proteome"
5741,107,2923,3.66062264796442,"proteome"
5742,166,2923,5.67909681833732,"proteome"
5743,379,2923,12.9661306876497,"proteome"
5744,116,2923,3.96852548751283,"proteome"
5745,5,2923,0.17105713308245,"proteome"
5746,1568,2923,53.6435169346562,"proteome"
5747,1463,2923,50.0513171399247,"proteome"
5748,189,2923,6.46595963051659,"proteome"
5749,6,2923,0.205268559698939,"proteome"
5750,331,2923,11.3239822100582,"proteome"
5751,1462,2923,50.0171057133082,"proteome"
5752,1466,2923,50.1539514197742,"proteome"
5753,7,2923,0.239479986315429,"proteome"
5754,5,2923,0.17105713308245,"proteome"
5755,1462,2923,50.0171057133082,"proteome"
5756,126,2923,4.31063975367773,"proteome"
5757,7,2923,0.239479986315429,"proteome"
5758,1463,2923,50.0513171399247,"proteome"
5759,263,2923,8.99760520013685,"proteome"
5760,8,2923,0.273691412931919,"proteome"
5761,6,2923,0.205268559698939,"proteome"
5762,279,2923,9.54498802600068,"proteome"
5763,525,2923,17.9609989736572,"proteome"
5764,11,2923,0.376325692781389,"proteome"
5765,110,2923,3.76325692781389,"proteome"
5766,1468,2923,50.2223742730072,"proteome"
5767,4,2923,0.13684570646596,"proteome"
5768,84,2923,2.87375983578515,"proteome"
5769,9,2923,0.307902839548409,"proteome"
5770,89,2923,3.0448169688676,"proteome"
5771,1463,2923,50.0513171399247,"proteome"
5772,1463,2923,50.0513171399247,"proteome"
5773,3,2923,0.10263427984947,"proteome"
5774,5,2923,0.17105713308245,"proteome"
5775,295,2923,10.0923708518645,"proteome"
5776,1479,2923,50.5986999657886,"proteome"
5777,15,2923,0.513171399247349,"proteome"
5778,3,2923,0.10263427984947,"proteome"
5779,16,2923,0.547382825863839,"proteome"
5780,1463,2923,50.0513171399247,"proteome"
5781,6,2923,0.205268559698939,"proteome"
5782,2,2923,0.0684228532329798,"proteome"
5783,9,2923,0.307902839548409,"proteome"
5784,6,2923,0.205268559698939,"proteome"
5785,1468,2923,50.2223742730072,"proteome"
5786,1463,2923,50.0513171399247,"proteome"
5787,95,2923,3.25008552856654,"proteome"
5788,1526,2923,52.2066370167636,"proteome"
5789,1463,2923,50.0513171399247,"proteome"
5790,4,2923,0.13684570646596,"proteome"
5791,386,2923,13.2056106739651,"proteome"
5792,91,2923,3.11323982210058,"proteome"
5793,2203,2923,75.3677728361273,"proteome"
5794,187,2923,6.39753677728361,"proteome"
5795,104,2923,3.55798836811495,"proteome"
5796,4,2923,0.13684570646596,"proteome"
5797,101,2923,3.45535408826548,"proteome"
5798,97,2923,3.31850838179952,"proteome"
5799,3,2923,0.10263427984947,"proteome"
5800,113,2923,3.86589120766336,"proteome"
5801,4,2923,0.13684570646596,"proteome"
5802,5,2923,0.17105713308245,"proteome"
5803,273,2923,9.33971946630174,"proteome"
5804,96,2923,3.28429695518303,"proteome"
5805,249,2923,8.51864522750599,"proteome"
5806,17,2923,0.581594252480328,"proteome"
5807,1467,2923,50.1881628463907,"proteome"
5808,7,2923,0.239479986315429,"proteome"
5809,149,2923,5.097502565857,"proteome"
5810,2,2923,0.0684228532329798,"proteome"
5811,103,2923,3.52377694149846,"proteome"
5812,7,2923,0.239479986315429,"proteome"
5813,4,2923,0.13684570646596,"proteome"
5814,3,2923,0.10263427984947,"proteome"
5815,1463,2923,50.0513171399247,"proteome"
5816,4,2923,0.13684570646596,"proteome"
5817,810,2923,27.7112555593568,"proteome"
5818,6,2923,0.205268559698939,"proteome"
5819,76,2923,2.60006842285323,"proteome"
5820,5,2923,0.17105713308245,"proteome"
5821,200,2923,6.84228532329798,"proteome"
5822,3,2923,0.10263427984947,"proteome"
5823,13,2923,0.444748546014369,"proteome"
5824,10,2923,0.342114266164899,"proteome"
5825,1462,2923,50.0171057133082,"proteome"
5826,290,2923,9.92131371878207,"proteome"
5827,29,2923,0.992131371878207,"proteome"
5828,5,2923,0.17105713308245,"proteome"
5829,3,2923,0.10263427984947,"proteome"
5830,6,2923,0.205268559698939,"proteome"
5831,1540,2923,52.6855969893945,"proteome"
5832,3,2923,0.10263427984947,"proteome"
5833,4,2923,0.13684570646596,"proteome"
5834,2,2923,0.0684228532329798,"proteome"
5835,1463,2923,50.0513171399247,"proteome"
5836,1468,2923,50.2223742730072,"proteome"
5837,1480,2923,50.6329113924051,"proteome"
5838,188,2923,6.4317482039001,"proteome"
5839,3,2923,0.10263427984947,"proteome"
5840,15,2923,0.513171399247349,"proteome"
5841,1462,2923,50.0171057133082,"proteome"
5842,6,2923,0.205268559698939,"proteome"
5843,6,2923,0.205268559698939,"proteome"
5844,1468,2923,50.2223742730072,"proteome"
5845,1479,2923,50.5986999657886,"proteome"
5846,3,2923,0.10263427984947,"proteome"
5847,5,2923,0.17105713308245,"proteome"
5848,8,2923,0.273691412931919,"proteome"
5849,3,2923,0.10263427984947,"proteome"
5850,311,2923,10.6397536777284,"proteome"
5851,95,2923,3.25008552856654,"proteome"
5852,8,2923,0.273691412931919,"proteome"
5853,3,2923,0.10263427984947,"proteome"
5854,61,2923,2.08689702360588,"proteome"
5855,327,2923,11.1871365035922,"proteome"
5856,10,2923,0.342114266164899,"proteome"
5857,1462,2923,50.0171057133082,"proteome"
5858,1461,2923,49.9828942866918,"proteome"
5859,1463,2923,50.0513171399247,"proteome"
5860,6,2923,0.205268559698939,"proteome"
5861,4,2923,0.13684570646596,"proteome"
5862,7,2923,0.239479986315429,"proteome"
5863,1467,2923,50.1881628463907,"proteome"
5864,1465,2923,50.1197399931577,"proteome"
5865,5,2923,0.17105713308245,"proteome"
5866,201,2923,6.87649674991447,"proteome"
5867,1574,2923,53.8487854943551,"proteome"
5868,116,2923,3.96852548751283,"proteome"
5869,2,2923,0.0684228532329798,"proteome"
5870,114,2923,3.90010263427985,"proteome"
5871,3,2923,0.10263427984947,"proteome"
5872,103,2923,3.52377694149846,"proteome"
5873,8,2923,0.273691412931919,"proteome"
5874,17,2923,0.581594252480328,"proteome"
5875,4,2923,0.13684570646596,"proteome"
5876,367,2923,12.5555935682518,"proteome"
5877,7,2923,0.239479986315429,"proteome"
5878,13,2923,0.444748546014369,"proteome"
5879,2,2923,0.0684228532329798,"proteome"
5880,119,2923,4.0711597673623,"proteome"
5881,256,2923,8.75812521382142,"proteome"
5882,242,2923,8.27916524119056,"proteome"
5883,95,2923,3.25008552856654,"proteome"
5884,350,2923,11.9739993157715,"proteome"
5885,6,2923,0.205268559698939,"proteome"
5886,275,2923,9.40814231953472,"proteome"
5887,176,2923,6.02121108450222,"proteome"
5888,10,2923,0.342114266164899,"proteome"
5889,1463,2923,50.0513171399247,"proteome"
5890,1535,2923,52.514539856312,"proteome"
5891,11,2923,0.376325692781389,"proteome"
5892,3,2923,0.10263427984947,"proteome"
5893,7,2923,0.239479986315429,"proteome"
5894,99,2923,3.3869312350325,"proteome"
5895,1572,2923,53.7803626411221,"proteome"
5896,14,2923,0.478959972630859,"proteome"
5897,3,2923,0.10263427984947,"proteome"
5898,1,2923,0.0342114266164899,"proteome"
5899,5,2923,0.17105713308245,"proteome"
5900,389,2923,13.3082449538146,"proteome"
5901,100,2923,3.42114266164899,"proteome"
5902,471,2923,16.1135819363667,"proteome"
5903,1462,2923,50.0171057133082,"proteome"
5904,98,2923,3.35271980841601,"proteome"
5905,9,2923,0.307902839548409,"proteome"
5906,1461,2923,49.9828942866918,"proteome"
5907,1,2923,0.0342114266164899,"proteome"
5908,1461,2923,49.9828942866918,"proteome"
5909,3,2923,0.10263427984947,"proteome"
5910,4,2923,0.13684570646596,"proteome"
5911,5,2923,0.17105713308245,"proteome"
5912,9,2923,0.307902839548409,"proteome"
5913,1464,2923,50.0855285665412,"proteome"
5914,4,2923,0.13684570646596,"proteome"
5915,2,2923,0.0684228532329798,"proteome"
5916,100,2923,3.42114266164899,"proteome"
5917,190,2923,6.50017105713308,"proteome"
5918,1479,2923,50.5986999657886,"proteome"
5919,1468,2923,50.2223742730072,"proteome"
5920,111,2923,3.79746835443038,"proteome"
5921,1468,2923,50.2223742730072,"proteome"
5922,7,2923,0.239479986315429,"proteome"
5923,11,2923,0.376325692781389,"proteome"
5924,145,2923,4.96065685939104,"proteome"
5925,9,2923,0.307902839548409,"proteome"
5926,1463,2923,50.0513171399247,"proteome"
5927,13,2923,0.444748546014369,"proteome"
5928,3,2923,0.10263427984947,"proteome"
5929,184,2923,6.29490249743414,"proteome"
5930,193,2923,6.60280533698255,"proteome"
5931,97,2923,3.31850838179952,"proteome"
5932,6,2923,0.205268559698939,"proteome"
5933,105,2923,3.59219979473144,"proteome"
5934,4,2923,0.13684570646596,"proteome"
5935,76,2923,2.60006842285323,"proteome"
5936,1462,2923,50.0171057133082,"proteome"
5937,84,2923,2.87375983578515,"proteome"
5938,1653,2923,56.5514881970578,"proteome"
5939,1578,2923,53.9856312008211,"proteome"
5940,4,2923,0.13684570646596,"proteome"
5941,1460,2923,49.9486828600753,"proteome"
5942,113,2923,3.86589120766336,"proteome"
5943,4,2923,0.13684570646596,"proteome"
5944,4,2923,0.13684570646596,"proteome"
5945,7,2923,0.239479986315429,"proteome"
5946,1461,2923,49.9828942866918,"proteome"
5947,777,2923,26.5822784810127,"proteome"
5948,93,2923,3.18166267533356,"proteome"
5949,260,2923,8.89497092028738,"proteome"
5950,3,2923,0.10263427984947,"proteome"
5951,1462,2923,50.0171057133082,"proteome"
5952,111,2923,3.79746835443038,"proteome"
5953,1462,2923,50.0171057133082,"proteome"
5954,92,2923,3.14745124871707,"proteome"
5955,197,2923,6.73965104344851,"proteome"
5956,1461,2923,49.9828942866918,"proteome"
5957,1467,2923,50.1881628463907,"proteome"
5958,6,2923,0.205268559698939,"proteome"
5959,124,2923,4.24221690044475,"proteome"
5960,1746,2923,59.7331508723914,"proteome"
5961,3,2923,0.10263427984947,"proteome"
5962,1461,2923,49.9828942866918,"proteome"
5963,98,2923,3.35271980841601,"proteome"
5964,6,2923,0.205268559698939,"proteome"
5965,99,2923,3.3869312350325,"proteome"
5966,1463,2923,50.0513171399247,"proteome"
5967,1461,2923,49.9828942866918,"proteome"
5968,94,2923,3.21587410195005,"proteome"
5969,1,2923,0.0342114266164899,"proteome"
5970,7,2923,0.239479986315429,"proteome"
5971,2,2923,0.0684228532329798,"proteome"
5972,1462,2923,50.0171057133082,"proteome"
5973,1462,2923,50.0171057133082,"proteome"
5974,1464,2923,50.0855285665412,"proteome"
5975,150,2923,5.13171399247349,"proteome"
5976,120,2923,4.10537119397879,"proteome"
5977,1614,2923,55.2172425590147,"proteome"
5978,2,2923,0.0684228532329798,"proteome"
5979,7,2923,0.239479986315429,"proteome"
5980,674,2923,23.0585015395142,"proteome"
5981,8,2923,0.273691412931919,"proteome"
5982,10,2923,0.342114266164899,"proteome"
5983,8,2923,0.273691412931919,"proteome"
5984,355,2923,12.1450564488539,"proteome"
5985,109,2923,3.7290455011974,"proteome"
5986,66,2923,2.25795415668833,"proteome"
5987,8,2923,0.273691412931919,"proteome"
5988,4,2923,0.13684570646596,"proteome"
5989,1465,2923,50.1197399931577,"proteome"
5990,114,2923,3.90010263427985,"proteome"
5991,7,2923,0.239479986315429,"proteome"
5992,3,2923,0.10263427984947,"proteome"
5993,11,2923,0.376325692781389,"proteome"
5994,4,2923,0.13684570646596,"proteome"
5995,1477,2923,50.5302771125556,"proteome"
5996,5,2923,0.17105713308245,"proteome"
5997,4,2923,0.13684570646596,"proteome"
5998,2,2923,0.0684228532329798,"proteome"
5999,1465,2923,50.1197399931577,"proteome"
6000,11,2923,0.376325692781389,"proteome"
6001,5,2923,0.17105713308245,"proteome"
6002,6,2923,0.205268559698939,"proteome"
6003,67,2923,2.29216558330482,"proteome"
6004,1460,2923,49.9486828600753,"proteome"
6005,14,2923,0.478959972630859,"proteome"
6006,8,2923,0.273691412931919,"proteome"
6007,1466,2923,50.1539514197742,"proteome"
6008,115,2923,3.93431406089634,"proteome"
6009,1462,2923,50.0171057133082,"proteome"
6010,1464,2923,50.0855285665412,"proteome"
6011,5,2923,0.17105713308245,"proteome"
6012,4,2923,0.13684570646596,"proteome"
6013,1461,2923,49.9828942866918,"proteome"
6014,108,2923,3.69483407458091,"proteome"
6015,3,2923,0.10263427984947,"proteome"
6016,9,2923,0.307902839548409,"proteome"
6017,14,2923,0.478959972630859,"proteome"
6018,1462,2923,50.0171057133082,"proteome"
6019,1463,2923,50.0513171399247,"proteome"
6020,1,2923,0.0342114266164899,"proteome"
6021,92,2923,3.14745124871707,"proteome"
6022,7,2923,0.239479986315429,"proteome"
6023,1564,2923,53.5066712281902,"proteome"
6024,163,2923,5.57646253848785,"proteome"
6025,1666,2923,56.9962367430722,"proteome"
6026,5,2923,0.17105713308245,"proteome"
6027,1478,2923,50.5644885391721,"proteome"
6028,1568,2923,53.6435169346562,"proteome"
6029,5,2923,0.17105713308245,"proteome"
6030,1766,2923,60.4173794047212,"proteome"
6031,104,2923,3.55798836811495,"proteome"
6032,1460,2923,49.9486828600753,"proteome"
6033,6,2923,0.205268559698939,"proteome"
6034,466,2923,15.9425248032843,"proteome"
6035,5,2923,0.17105713308245,"proteome"
6036,114,2923,3.90010263427985,"proteome"
6037,1461,2923,49.9828942866918,"proteome"
6038,27,2923,0.923708518645228,"proteome"
6039,291,2923,9.95552514539856,"proteome"
6040,1468,2923,50.2223742730072,"proteome"
6041,11,2923,0.376325692781389,"proteome"
6042,1586,2923,54.259322613753,"proteome"
6043,100,2923,3.42114266164899,"proteome"
6044,5,2923,0.17105713308245,"proteome"
6045,4,2923,0.13684570646596,"proteome"
6046,5,2923,0.17105713308245,"proteome"
6047,5,2923,0.17105713308245,"proteome"
6048,106,2923,3.62641122134793,"proteome"
6049,305,2923,10.4344851180294,"proteome"
6050,5,2923,0.17105713308245,"proteome"
6051,244,2923,8.34758809442354,"proteome"
6052,11,2923,0.376325692781389,"proteome"
6053,1462,2923,50.0171057133082,"proteome"
6054,1461,2923,49.9828942866918,"proteome"
6055,1462,2923,50.0171057133082,"proteome"
6056,101,2923,3.45535408826548,"proteome"
6057,4,2923,0.13684570646596,"proteome"
6058,121,2923,4.13958262059528,"proteome"
6059,346,2923,11.8371536093055,"proteome"
6060,1461,2923,49.9828942866918,"proteome"
6061,1464,2923,50.0855285665412,"proteome"
6062,117,2923,4.00273691412932,"proteome"
6063,102,2923,3.48956551488197,"proteome"
6064,106,2923,3.62641122134793,"proteome"
6065,1462,2923,50.0171057133082,"proteome"
6066,1556,2923,53.2329798152583,"proteome"
6067,456,2923,15.6004105371194,"proteome"
6068,3,2923,0.10263427984947,"proteome"
6069,90,2923,3.07902839548409,"proteome"
6070,1464,2923,50.0855285665412,"proteome"
6071,7,2923,0.239479986315429,"proteome"
6072,2,2923,0.0684228532329798,"proteome"
6073,2,2923,0.0684228532329798,"proteome"
6074,9,2923,0.307902839548409,"proteome"
6075,4,2923,0.13684570646596,"proteome"
6076,10,2923,0.342114266164899,"proteome"
6077,128,2923,4.37906260691071,"proteome"
6078,11,2923,0.376325692781389,"proteome"
6079,1462,2923,50.0171057133082,"proteome"
6080,1463,2923,50.0513171399247,"proteome"
6081,93,2923,3.18166267533356,"proteome"
6082,4,2923,0.13684570646596,"proteome"
6083,5,2923,0.17105713308245,"proteome"
6084,5,2923,0.17105713308245,"proteome"
6085,196,2923,6.70543961683202,"proteome"
6086,1461,2923,49.9828942866918,"proteome"
6087,5,2923,0.17105713308245,"proteome"
6088,1461,2923,49.9828942866918,"proteome"
6089,3,2923,0.10263427984947,"proteome"
6090,744,2923,25.4533014026685,"proteome"
6091,6,2923,0.205268559698939,"proteome"
6092,451,2923,15.4293534040369,"proteome"
6093,56,2923,1.91583989052343,"proteome"
6094,1463,2923,50.0513171399247,"proteome"
6095,7,2923,0.239479986315429,"proteome"
6096,1468,2923,50.2223742730072,"proteome"
6097,277,2923,9.4765651727677,"proteome"
6098,1460,2923,49.9486828600753,"proteome"
6099,1461,2923,49.9828942866918,"proteome"
6100,188,2923,6.4317482039001,"proteome"
6101,124,2923,4.24221690044475,"proteome"
6102,6,2923,0.205268559698939,"proteome"
6103,5,2923,0.17105713308245,"proteome"
6104,5,2923,0.17105713308245,"proteome"
6105,5,2923,0.17105713308245,"proteome"
6106,5,2923,0.17105713308245,"proteome"
6107,109,2923,3.7290455011974,"proteome"
6108,17,2923,0.581594252480328,"proteome"
6109,1468,2923,50.2223742730072,"proteome"
6110,7,2923,0.239479986315429,"proteome"
6111,1465,2923,50.1197399931577,"proteome"
6112,69,2923,2.3605884365378,"proteome"
6113,109,2923,3.7290455011974,"proteome"
6114,1462,2923,50.0171057133082,"proteome"
6115,258,2923,8.8265480670544,"proteome"
6116,204,2923,6.97913102976394,"proteome"
6117,3,2923,0.10263427984947,"proteome"
6118,5,2923,0.17105713308245,"proteome"
6119,12,2923,0.410537119397879,"proteome"
6120,3,2923,0.10263427984947,"proteome"
6121,1462,2923,50.0171057133082,"proteome"
6122,1465,2923,50.1197399931577,"proteome"
6123,1463,2923,50.0513171399247,"proteome"
6124,2,2923,0.0684228532329798,"proteome"
6125,9,2923,0.307902839548409,"proteome"
6126,110,2923,3.76325692781389,"proteome"
6127,83,2923,2.83954840916866,"proteome"
6128,3,2923,0.10263427984947,"proteome"
6129,6,2923,0.205268559698939,"proteome"
6130,1464,2923,50.0855285665412,"proteome"
6131,1468,2923,50.2223742730072,"proteome"
6132,1673,2923,57.2357167293876,"proteome"
6133,115,2923,3.93431406089634,"proteome"
6134,7,2923,0.239479986315429,"proteome"
6135,5,2923,0.17105713308245,"proteome"
6136,2,2923,0.0684228532329798,"proteome"
6137,5,2923,0.17105713308245,"proteome"
6138,154,2923,5.26855969893945,"proteome"
6139,21,2923,0.718439958946288,"proteome"
6140,239,2923,8.17653096134109,"proteome"
6141,1461,2923,49.9828942866918,"proteome"
6142,1463,2923,50.0513171399247,"proteome"
6143,101,2923,3.45535408826548,"proteome"
6144,437,2923,14.9503934314061,"proteome"
6145,128,2923,4.37906260691071,"proteome"
6146,188,2923,6.4317482039001,"proteome"
6147,151,2923,5.16592541908998,"proteome"
6148,301,2923,10.2976394115635,"proteome"
6149,2,2923,0.0684228532329798,"proteome"
6150,3,2923,0.10263427984947,"proteome"
6151,112,2923,3.83167978104687,"proteome"
6152,3,2923,0.10263427984947,"proteome"
6153,3,2923,0.10263427984947,"proteome"
6154,70,2923,2.39479986315429,"proteome"
6155,426,2923,14.5740677386247,"proteome"
6156,123,2923,4.20800547382826,"proteome"
6157,7,2923,0.239479986315429,"proteome"
6158,3,2923,0.10263427984947,"proteome"
6159,3,2923,0.10263427984947,"proteome"
6160,1098,2923,37.5641464249059,"proteome"
6161,1464,2923,50.0855285665412,"proteome"
6162,149,2923,5.097502565857,"proteome"
6163,1468,2923,50.2223742730072,"proteome"
6164,11,2923,0.376325692781389,"proteome"
6165,4,2923,0.13684570646596,"proteome"
6166,3,2923,0.10263427984947,"proteome"
6167,84,2923,2.87375983578515,"proteome"
6168,1479,2923,50.5986999657886,"proteome"
6169,91,2923,3.11323982210058,"proteome"
6170,571,2923,19.5347245980157,"proteome"
6171,4,2923,0.13684570646596,"proteome"
6172,9,2923,0.307902839548409,"proteome"
6173,112,2923,3.83167978104687,"proteome"
6174,4,2923,0.13684570646596,"proteome"
6175,116,2923,3.96852548751283,"proteome"
6176,474,2923,16.2162162162162,"proteome"
6177,187,2923,6.39753677728361,"proteome"
6178,114,2923,3.90010263427985,"proteome"
6179,1,2923,0.0342114266164899,"proteome"
6180,1463,2923,50.0513171399247,"proteome"
6181,328,2923,11.2213479302087,"proteome"
6182,1463,2923,50.0513171399247,"proteome"
6183,1461,2923,49.9828942866918,"proteome"
6184,11,2923,0.376325692781389,"proteome"
6185,11,2923,0.376325692781389,"proteome"
6186,149,2923,5.097502565857,"proteome"
6187,7,2923,0.239479986315429,"proteome"
6188,1465,2923,50.1197399931577,"proteome"
6189,76,2923,2.60006842285323,"proteome"
6190,1541,2923,52.7198084160109,"proteome"
6191,6,2923,0.205268559698939,"proteome"
6192,4,2923,0.13684570646596,"proteome"
6193,3,2923,0.10263427984947,"proteome"
6194,487,2923,16.6609647622306,"proteome"
6195,1461,2923,49.9828942866918,"proteome"
6196,3,2923,0.10263427984947,"proteome"
6197,385,2923,13.1713992473486,"proteome"
6198,2,2923,0.0684228532329798,"proteome"
6199,4,2923,0.13684570646596,"proteome"
6200,5,2923,0.17105713308245,"proteome"
6201,314,2923,10.7423879575778,"proteome"
6202,1533,2923,52.446117003079,"proteome"
6203,1542,2923,52.7540198426274,"proteome"
6204,550,2923,18.8162846390694,"proteome"
6205,1833,2923,62.709544988026,"proteome"
6206,2,2923,0.0684228532329798,"proteome"
6207,1538,2923,52.6171741361615,"proteome"
6208,1566,2923,53.5750940814232,"proteome"
6209,6,2923,0.205268559698939,"proteome"
6210,3,2923,0.10263427984947,"proteome"
6211,3,2923,0.10263427984947,"proteome"
6212,2,2923,0.0684228532329798,"proteome"
6213,1466,2923,50.1539514197742,"proteome"
6214,4,2923,0.13684570646596,"proteome"
6215,4,2923,0.13684570646596,"proteome"
6216,149,2923,5.097502565857,"proteome"
6217,97,2923,3.31850838179952,"proteome"
6218,10,2923,0.342114266164899,"proteome"
6219,2,2923,0.0684228532329798,"proteome"
6220,145,2923,4.96065685939104,"proteome"
6221,3,2923,0.10263427984947,"proteome"
6222,8,2923,0.273691412931919,"proteome"
6223,1468,2923,50.2223742730072,"proteome"
6224,8,2923,0.273691412931919,"proteome"
6225,4,2923,0.13684570646596,"proteome"
6226,29,2923,0.992131371878207,"proteome"
6227,148,2923,5.06329113924051,"proteome"
6228,110,2923,3.76325692781389,"proteome"
6229,5,2923,0.17105713308245,"proteome"
6230,1461,2923,49.9828942866918,"proteome"
6231,8,2923,0.273691412931919,"proteome"
6232,8,2923,0.273691412931919,"proteome"
6233,1466,2923,50.1539514197742,"proteome"
6234,1463,2923,50.0513171399247,"proteome"
6235,1461,2923,49.9828942866918,"proteome"
6236,97,2923,3.31850838179952,"proteome"
6237,120,2923,4.10537119397879,"proteome"
6238,4,2923,0.13684570646596,"proteome"
6239,654,2923,22.3742730071844,"proteome"
6240,4,2923,0.13684570646596,"proteome"
6241,10,2923,0.342114266164899,"proteome"
6242,1461,2923,49.9828942866918,"proteome"
6243,1692,2923,57.8857338351009,"proteome"
6244,1692,2923,57.8857338351009,"proteome"
6245,4,2923,0.13684570646596,"proteome"
6246,6,2923,0.205268559698939,"proteome"
6247,277,2923,9.4765651727677,"proteome"
6248,112,2923,3.83167978104687,"proteome"
6249,3,2923,0.10263427984947,"proteome"
6250,8,2923,0.273691412931919,"proteome"
6251,92,2923,3.14745124871707,"proteome"
6252,7,2923,0.239479986315429,"proteome"
6253,90,2923,3.07902839548409,"proteome"
6254,3,2923,0.10263427984947,"proteome"
6255,1,2923,0.0342114266164899,"proteome"
6256,101,2923,3.45535408826548,"proteome"
6257,1463,2923,50.0513171399247,"proteome"
6258,5,2923,0.17105713308245,"proteome"
6259,369,2923,12.6240164214848,"proteome"
6260,7,2923,0.239479986315429,"proteome"
6261,1466,2923,50.1539514197742,"proteome"
6262,1465,2923,50.1197399931577,"proteome"
6263,1097,2923,37.5299349982894,"proteome"
6264,1463,2923,50.0513171399247,"proteome"
6265,15,2923,0.513171399247349,"proteome"
6266,106,2923,3.62641122134793,"proteome"
6267,1570,2923,53.7119397878892,"proteome"
6268,1463,2923,50.0513171399247,"proteome"
6269,5,2923,0.17105713308245,"proteome"
6270,116,2923,3.96852548751283,"proteome"
6271,183,2923,6.26069107081765,"proteome"
6272,8,2923,0.273691412931919,"proteome"
6273,106,2923,3.62641122134793,"proteome"
6274,192,2923,6.56859391036606,"proteome"
6275,7,2923,0.239479986315429,"proteome"
6276,2,2923,0.0684228532329798,"proteome"
6277,100,2923,3.42114266164899,"proteome"
6278,5,2923,0.17105713308245,"proteome"
6279,4,2923,0.13684570646596,"proteome"
6280,2,2923,0.0684228532329798,"proteome"
6281,192,2923,6.56859391036606,"proteome"
6282,8,2923,0.273691412931919,"proteome"
6283,75,2923,2.56585699623674,"proteome"
6284,15,2923,0.513171399247349,"proteome"
6285,5,2923,0.17105713308245,"proteome"
6286,287,2923,9.8186794389326,"proteome"
6287,178,2923,6.0896339377352,"proteome"
6288,7,2923,0.239479986315429,"proteome"
6289,23,2923,0.786862812179268,"proteome"
6290,99,2923,3.3869312350325,"proteome"
6291,1463,2923,50.0513171399247,"proteome"
6292,96,2923,3.28429695518303,"proteome"
6293,5,2923,0.17105713308245,"proteome"
6294,7,2923,0.239479986315429,"proteome"
6295,99,2923,3.3869312350325,"proteome"
6296,13,2923,0.444748546014369,"proteome"
6297,1464,2923,50.0855285665412,"proteome"
6298,104,2923,3.55798836811495,"proteome"
6299,5,2923,0.17105713308245,"proteome"
6300,13,2923,0.444748546014369,"proteome"
6301,732,2923,25.0427642832706,"proteome"
6302,6,2923,0.205268559698939,"proteome"
6303,3,2923,0.10263427984947,"proteome"
6304,7,2923,0.239479986315429,"proteome"
6305,2,2923,0.0684228532329798,"proteome"
6306,9,2923,0.307902839548409,"proteome"
6307,1463,2923,50.0513171399247,"proteome"
6308,92,2923,3.14745124871707,"proteome"
6309,6,2923,0.205268559698939,"proteome"
6310,1462,2923,50.0171057133082,"proteome"
6311,4,2923,0.13684570646596,"proteome"
6312,1,2923,0.0342114266164899,"proteome"
6313,469,2923,16.0451590831338,"proteome"
6314,78,2923,2.66849127608621,"proteome"
6315,2,2923,0.0684228532329798,"proteome"
6316,27,2923,0.923708518645228,"proteome"
6317,12,2923,0.410537119397879,"proteome"
6318,5,2923,0.17105713308245,"proteome"
6319,5,2923,0.17105713308245,"proteome"
6320,5,2923,0.17105713308245,"proteome"
6321,13,2923,0.444748546014369,"proteome"
6322,1463,2923,50.0513171399247,"proteome"
6323,17,2923,0.581594252480328,"proteome"
6324,119,2923,4.0711597673623,"proteome"
6325,383,2923,13.1029763941156,"proteome"
6326,6,2923,0.205268559698939,"proteome"
6327,4,2923,0.13684570646596,"proteome"
6328,1464,2923,50.0855285665412,"proteome"
6329,19,2923,0.650017105713308,"proteome"
6330,6,2923,0.205268559698939,"proteome"
6331,4,2923,0.13684570646596,"proteome"
6332,27,2923,0.923708518645228,"proteome"
6333,7,2923,0.239479986315429,"proteome"
6334,3,2923,0.10263427984947,"proteome"
6335,6,2923,0.205268559698939,"proteome"
6336,249,2923,8.51864522750599,"proteome"
6337,186,2923,6.36332535066712,"proteome"
6338,5,2923,0.17105713308245,"proteome"
6339,1478,2923,50.5644885391721,"proteome"
6340,15,2923,0.513171399247349,"proteome"
6341,103,2923,3.52377694149846,"proteome"
6342,14,2923,0.478959972630859,"proteome"
6343,1570,2923,53.7119397878892,"proteome"
6344,185,2923,6.32911392405063,"proteome"
6345,121,2923,4.13958262059528,"proteome"
6346,1540,2923,52.6855969893945,"proteome"
6347,7,2923,0.239479986315429,"proteome"
6348,12,2923,0.410537119397879,"proteome"
6349,11,2923,0.376325692781389,"proteome"
6350,1465,2923,50.1197399931577,"proteome"
6351,1461,2923,49.9828942866918,"proteome"
6352,6,2923,0.205268559698939,"proteome"
6353,7,2923,0.239479986315429,"proteome"
6354,4,2923,0.13684570646596,"proteome"
6355,3,2923,0.10263427984947,"proteome"
6356,102,2923,3.48956551488197,"proteome"
6357,7,2923,0.239479986315429,"proteome"
6358,10,2923,0.342114266164899,"proteome"
6359,14,2923,0.478959972630859,"proteome"
6360,29,2923,0.992131371878207,"proteome"
6361,1462,2923,50.0171057133082,"proteome"
6362,116,2923,3.96852548751283,"proteome"
6363,5,2923,0.17105713308245,"proteome"
6364,17,2923,0.581594252480328,"proteome"
6365,1556,2923,53.2329798152583,"proteome"
6366,1464,2923,50.0855285665412,"proteome"
6367,9,2923,0.307902839548409,"proteome"
6368,89,2923,3.0448169688676,"proteome"
6369,7,2923,0.239479986315429,"proteome"
6370,366,2923,12.5213821416353,"proteome"
6371,150,2923,5.13171399247349,"proteome"
6372,1477,2923,50.5302771125556,"proteome"
6373,4,2923,0.13684570646596,"proteome"
6374,2,2923,0.0684228532329798,"proteome"
6375,7,2923,0.239479986315429,"proteome"
6376,1462,2923,50.0171057133082,"proteome"
6377,2,2923,0.0684228532329798,"proteome"
6378,102,2923,3.48956551488197,"proteome"
6379,3,2923,0.10263427984947,"proteome"
6380,24,2923,0.821074238795758,"proteome"
6381,365,2923,12.4871707150188,"proteome"
6382,324,2923,11.0845022237427,"proteome"
6383,6,2923,0.205268559698939,"proteome"
6384,1466,2923,50.1539514197742,"proteome"
6385,1467,2923,50.1881628463907,"proteome"
6386,1468,2923,50.2223742730072,"proteome"
6387,2,2923,0.0684228532329798,"proteome"
6388,1467,2923,50.1881628463907,"proteome"
6389,7,2923,0.239479986315429,"proteome"
6390,51,2923,1.74478275744099,"proteome"
6391,22,2923,0.752651385562778,"proteome"
6392,1461,2923,49.9828942866918,"proteome"
6393,4,2923,0.13684570646596,"proteome"
6394,10,2923,0.342114266164899,"proteome"
6395,1461,2923,49.9828942866918,"proteome"
6396,3,2923,0.10263427984947,"proteome"
6397,7,2923,0.239479986315429,"proteome"
6398,470,2923,16.0793705097503,"proteome"
6399,18,2923,0.615805679096818,"proteome"
6400,2,2923,0.0684228532329798,"proteome"
6401,1462,2923,50.0171057133082,"proteome"
6402,2,2923,0.0684228532329798,"proteome"
6403,147,2923,5.02907971262402,"proteome"
6404,5,2923,0.17105713308245,"proteome"
6405,77,2923,2.63427984946972,"proteome"
6406,1,2923,0.0342114266164899,"proteome"
6407,70,2923,2.39479986315429,"proteome"
6408,1465,2923,50.1197399931577,"proteome"
6409,7,2923,0.239479986315429,"proteome"
6410,5,2923,0.17105713308245,"proteome"
6411,733,2923,25.0769757098871,"proteome"
6412,5,2923,0.17105713308245,"proteome"
6413,4,2923,0.13684570646596,"proteome"
6414,4,2923,0.13684570646596,"proteome"
6415,110,2923,3.76325692781389,"proteome"
6416,4,2923,0.13684570646596,"proteome"
6417,329,2923,11.2555593568252,"proteome"
6418,7,2923,0.239479986315429,"proteome"
6419,29,2923,0.992131371878207,"proteome"
6420,6,2923,0.205268559698939,"proteome"
6421,76,2923,2.60006842285323,"proteome"
6422,85,2923,2.90797126240164,"proteome"
6423,1462,2923,50.0171057133082,"proteome"
6424,3,2923,0.10263427984947,"proteome"
6425,113,2923,3.86589120766336,"proteome"
6426,108,2923,3.69483407458091,"proteome"
6427,6,2923,0.205268559698939,"proteome"
6428,1827,2923,62.5042764283271,"proteome"
6429,1,2923,0.0342114266164899,"proteome"
6430,160,2923,5.47382825863839,"proteome"
6431,1568,2923,53.6435169346562,"proteome"
6432,148,2923,5.06329113924051,"proteome"
6433,9,2923,0.307902839548409,"proteome"
6434,1464,2923,50.0855285665412,"proteome"
6435,4,2923,0.13684570646596,"proteome"
6436,1,2923,0.0342114266164899,"proteome"
6437,1463,2923,50.0513171399247,"proteome"
6438,6,2923,0.205268559698939,"proteome"
6439,6,2923,0.205268559698939,"proteome"
6440,53,2923,1.81320561067397,"proteome"
6441,1464,2923,50.0855285665412,"proteome"
6442,1463,2923,50.0513171399247,"proteome"
6443,4,2923,0.13684570646596,"proteome"
6444,1205,2923,41.2247690728703,"proteome"
6445,106,2923,3.62641122134793,"proteome"
6446,11,2923,0.376325692781389,"proteome"
6447,197,2923,6.73965104344851,"proteome"
6448,9,2923,0.307902839548409,"proteome"
6449,5,2923,0.17105713308245,"proteome"
6450,3,2923,0.10263427984947,"proteome"
6451,80,2923,2.73691412931919,"proteome"
6452,5,2923,0.17105713308245,"proteome"
6453,7,2923,0.239479986315429,"proteome"
6454,10,2923,0.342114266164899,"proteome"
6455,1653,2923,56.5514881970578,"proteome"
6456,211,2923,7.21861101607937,"proteome"
6457,102,2923,3.48956551488197,"proteome"
6458,1466,2923,50.1539514197742,"proteome"
6459,2,2923,0.0684228532329798,"proteome"
6460,7,2923,0.239479986315429,"proteome"
6461,7,2923,0.239479986315429,"proteome"
6462,2,2923,0.0684228532329798,"proteome"
6463,3,2923,0.10263427984947,"proteome"
6464,5,2923,0.17105713308245,"proteome"
6465,5,2923,0.17105713308245,"proteome"
6466,253,2923,8.65549093397195,"proteome"
6467,92,2923,3.14745124871707,"proteome"
6468,1465,2923,50.1197399931577,"proteome"
6469,1,2923,0.0342114266164899,"proteome"
6470,4,2923,0.13684570646596,"proteome"
6471,1462,2923,50.0171057133082,"proteome"
6472,10,2923,0.342114266164899,"proteome"
6473,15,2923,0.513171399247349,"proteome"
6474,11,2923,0.376325692781389,"proteome"
6475,1648,2923,56.3804310639754,"proteome"
6476,1464,2923,50.0855285665412,"proteome"
6477,8,2923,0.273691412931919,"proteome"
6478,226,2923,7.73178241532672,"proteome"
6479,2,2923,0.0684228532329798,"proteome"
6480,3,2923,0.10263427984947,"proteome"
6481,89,2923,3.0448169688676,"proteome"
6482,4,2923,0.13684570646596,"proteome"
6483,1569,2923,53.6777283612727,"proteome"
6484,8,2923,0.273691412931919,"proteome"
6485,265,2923,9.06602805336983,"proteome"
6486,4,2923,0.13684570646596,"proteome"
6487,1462,2923,50.0171057133082,"proteome"
6488,5,2923,0.17105713308245,"proteome"
6489,112,2923,3.83167978104687,"proteome"
6490,1463,2923,50.0513171399247,"proteome"
6491,1479,2923,50.5986999657886,"proteome"
6492,7,2923,0.239479986315429,"proteome"
6493,1549,2923,52.9934998289429,"proteome"
6494,146,2923,4.99486828600753,"proteome"
6495,1462,2923,50.0171057133082,"proteome"
6496,6,2923,0.205268559698939,"proteome"
6497,5,2923,0.17105713308245,"proteome"
6498,2,2923,0.0684228532329798,"proteome"
6499,1463,2923,50.0513171399247,"proteome"
6500,5,2923,0.17105713308245,"proteome"
6501,4,2923,0.13684570646596,"proteome"
6502,2,2923,0.0684228532329798,"proteome"
6503,1467,2923,50.1881628463907,"proteome"
6504,1465,2923,50.1197399931577,"proteome"
6505,51,2923,1.74478275744099,"proteome"
6506,115,2923,3.93431406089634,"proteome"
6507,113,2923,3.86589120766336,"proteome"
6508,5,2923,0.17105713308245,"proteome"
6509,275,2923,9.40814231953472,"proteome"
6510,198,2923,6.773862470065,"proteome"
6511,4,2923,0.13684570646596,"proteome"
6512,4,2923,0.13684570646596,"proteome"
6513,3,2923,0.10263427984947,"proteome"
6514,3,2923,0.10263427984947,"proteome"
6515,6,2923,0.205268559698939,"proteome"
6516,116,2923,3.96852548751283,"proteome"
6517,7,2923,0.239479986315429,"proteome"
6518,94,2923,3.21587410195005,"proteome"
6519,7,2923,0.239479986315429,"proteome"
6520,1461,2923,49.9828942866918,"proteome"
6521,17,2923,0.581594252480328,"proteome"
6522,72,2923,2.46322271638727,"proteome"
6523,362,2923,12.3845364351693,"proteome"
6524,4,2923,0.13684570646596,"proteome"
6525,101,2923,3.45535408826548,"proteome"
6526,2,2923,0.0684228532329798,"proteome"
6527,367,2923,12.5555935682518,"proteome"
6528,1461,2923,49.9828942866918,"proteome"
6529,5,2923,0.17105713308245,"proteome"
6530,4,2923,0.13684570646596,"proteome"
6531,264,2923,9.03181662675334,"proteome"
6532,1461,2923,49.9828942866918,"proteome"
6533,121,2923,4.13958262059528,"proteome"
6534,8,2923,0.273691412931919,"proteome"
6535,3,2923,0.10263427984947,"proteome"
6536,17,2923,0.581594252480328,"proteome"
6537,318,2923,10.8792336640438,"proteome"
6538,94,2923,3.21587410195005,"proteome"
6539,1465,2923,50.1197399931577,"proteome"
6540,5,2923,0.17105713308245,"proteome"
6541,7,2923,0.239479986315429,"proteome"
6542,7,2923,0.239479986315429,"proteome"
6543,284,2923,9.71604515908313,"proteome"
6544,3,2923,0.10263427984947,"proteome"
6545,3,2923,0.10263427984947,"proteome"
6546,189,2923,6.46595963051659,"proteome"
6547,284,2923,9.71604515908313,"proteome"
6548,1462,2923,50.0171057133082,"proteome"
6549,1463,2923,50.0513171399247,"proteome"
6550,3,2923,0.10263427984947,"proteome"
6551,1463,2923,50.0513171399247,"proteome"
6552,1462,2923,50.0171057133082,"proteome"
6553,1466,2923,50.1539514197742,"proteome"
6554,10,2923,0.342114266164899,"proteome"
6555,5,2923,0.17105713308245,"proteome"
6556,1463,2923,50.0513171399247,"proteome"
6557,162,2923,5.54225111187136,"proteome"
6558,89,2923,3.0448169688676,"proteome"
6559,18,2923,0.615805679096818,"proteome"
6560,150,2923,5.13171399247349,"proteome"
6561,10,2923,0.342114266164899,"proteome"
6562,3,2923,0.10263427984947,"proteome"
6563,1461,2923,49.9828942866918,"proteome"
6564,1,2923,0.0342114266164899,"proteome"
6565,79,2923,2.7027027027027,"proteome"
6566,8,2923,0.273691412931919,"proteome"
6567,153,2923,5.23434827232296,"proteome"
6568,7,2923,0.239479986315429,"proteome"
6569,6,2923,0.205268559698939,"proteome"
6570,548,2923,18.7478617858365,"proteome"
6571,1,2923,0.0342114266164899,"proteome"
6572,1463,2923,50.0513171399247,"proteome"
6573,1570,2923,53.7119397878892,"proteome"
6574,10,2923,0.342114266164899,"proteome"
6575,29,2923,0.992131371878207,"proteome"
6576,2,2923,0.0684228532329798,"proteome"
6577,17,2923,0.581594252480328,"proteome"
6578,7,2923,0.239479986315429,"proteome"
6579,9,2923,0.307902839548409,"proteome"
6580,1461,2923,49.9828942866918,"proteome"
6581,2,2923,0.0684228532329798,"proteome"
6582,5,2923,0.17105713308245,"proteome"
6583,6,2923,0.205268559698939,"proteome"
6584,80,2923,2.73691412931919,"proteome"
6585,4,2923,0.13684570646596,"proteome"
6586,7,2923,0.239479986315429,"proteome"
6587,10,2923,0.342114266164899,"proteome"
6588,6,2923,0.205268559698939,"proteome"
6589,6,2923,0.205268559698939,"proteome"
6590,4,2923,0.13684570646596,"proteome"
6591,4,2923,0.13684570646596,"proteome"
6592,6,2923,0.205268559698939,"proteome"
6593,168,2923,5.7475196715703,"proteome"
6594,18,2923,0.615805679096818,"proteome"
6595,1461,2923,49.9828942866918,"proteome"
6596,4,2923,0.13684570646596,"proteome"
6597,1461,2923,49.9828942866918,"proteome"
6598,113,2923,3.86589120766336,"proteome"
6599,1477,2923,50.5302771125556,"proteome"
6600,1462,2923,50.0171057133082,"proteome"
6601,4,2923,0.13684570646596,"proteome"
6602,32,2923,1.09476565172768,"proteome"
6603,245,2923,8.38179952104003,"proteome"
6604,237,2923,8.10810810810811,"proteome"
6605,4,2923,0.13684570646596,"proteome"
6606,1465,2923,50.1197399931577,"proteome"
6607,1463,2923,50.0513171399247,"proteome"
6608,119,2923,4.0711597673623,"proteome"
6609,6,2923,0.205268559698939,"proteome"
6610,1462,2923,50.0171057133082,"proteome"
6611,1462,2923,50.0171057133082,"proteome"
6612,15,2923,0.513171399247349,"proteome"
6613,4,2923,0.13684570646596,"proteome"
6614,2,2923,0.0684228532329798,"proteome"
6615,7,2923,0.239479986315429,"proteome"
6616,510,2923,17.4478275744099,"proteome"
6617,1462,2923,50.0171057133082,"proteome"
6618,91,2923,3.11323982210058,"proteome"
6619,6,2923,0.205268559698939,"proteome"
6620,6,2923,0.205268559698939,"proteome"
6621,577,2923,19.7399931577147,"proteome"
6622,145,2923,4.96065685939104,"proteome"
6623,92,2923,3.14745124871707,"proteome"
6624,4,2923,0.13684570646596,"proteome"
6625,199,2923,6.80807389668149,"proteome"
6626,89,2923,3.0448169688676,"proteome"
6627,1461,2923,49.9828942866918,"proteome"
6628,1479,2923,50.5986999657886,"proteome"
6629,4,2923,0.13684570646596,"proteome"
6630,1463,2923,50.0513171399247,"proteome"
6631,118,2923,4.03694834074581,"proteome"
6632,5,2923,0.17105713308245,"proteome"
6633,10,2923,0.342114266164899,"proteome"
6634,420,2923,14.3687991789258,"proteome"
6635,99,2923,3.3869312350325,"proteome"
6636,5,2923,0.17105713308245,"proteome"
6637,3,2923,0.10263427984947,"proteome"
6638,160,2923,5.47382825863839,"proteome"
6639,10,2923,0.342114266164899,"proteome"
6640,3,2923,0.10263427984947,"proteome"
6641,3,2923,0.10263427984947,"proteome"
6642,1469,2923,50.2565856996237,"proteome"
6643,3,2923,0.10263427984947,"proteome"
6644,120,2923,4.10537119397879,"proteome"
6645,114,2923,3.90010263427985,"proteome"
6646,29,2923,0.992131371878207,"proteome"
6647,2,2923,0.0684228532329798,"proteome"
6648,2,2923,0.0684228532329798,"proteome"
6649,1467,2923,50.1881628463907,"proteome"
6650,97,2923,3.31850838179952,"proteome"
6651,368,2923,12.5898049948683,"proteome"
6652,259,2923,8.86075949367089,"proteome"
6653,214,2923,7.32124529592884,"proteome"
6654,4,2923,0.13684570646596,"proteome"
6655,8,2923,0.273691412931919,"proteome"
6656,10,2923,0.342114266164899,"proteome"
6657,104,2923,3.55798836811495,"proteome"
6658,13,2923,0.444748546014369,"proteome"
6659,1461,2923,49.9828942866918,"proteome"
6660,3,2923,0.10263427984947,"proteome"
6661,3,2923,0.10263427984947,"proteome"
6662,6,2923,0.205268559698939,"proteome"
6663,730,2923,24.9743414300376,"proteome"
6664,4,2923,0.13684570646596,"proteome"
6665,6,2923,0.205268559698939,"proteome"
6666,1462,2923,50.0171057133082,"proteome"
6667,2,2923,0.0684228532329798,"proteome"
6668,470,2923,16.0793705097503,"proteome"
6669,1466,2923,50.1539514197742,"proteome"
6670,194,2923,6.63701676359904,"proteome"
6671,10,2923,0.342114266164899,"proteome"
6672,6,2923,0.205268559698939,"proteome"
6673,1467,2923,50.1881628463907,"proteome"
6674,2,2923,0.0684228532329798,"proteome"
6675,1477,2923,50.5302771125556,"proteome"
6676,7,2923,0.239479986315429,"proteome"
6677,19,2923,0.650017105713308,"proteome"
6678,211,2923,7.21861101607937,"proteome"
6679,6,2923,0.205268559698939,"proteome"
6680,2,2923,0.0684228532329798,"proteome"
6681,4,2923,0.13684570646596,"proteome"
6682,1465,2923,50.1197399931577,"proteome"
6683,368,2923,12.5898049948683,"proteome"
6684,101,2923,3.45535408826548,"proteome"
6685,2,2923,0.0684228532329798,"proteome"
6686,98,2923,3.35271980841601,"proteome"
6687,4,2923,0.13684570646596,"proteome"
6688,18,2923,0.615805679096818,"proteome"
6689,5,2923,0.17105713308245,"proteome"
6690,298,2923,10.195005131714,"proteome"
6691,89,2923,3.0448169688676,"proteome"
6692,7,2923,0.239479986315429,"proteome"
6693,78,2923,2.66849127608621,"proteome"
6694,1465,2923,50.1197399931577,"proteome"
6695,5,2923,0.17105713308245,"proteome"
6696,1460,2923,49.9486828600753,"proteome"
6697,7,2923,0.239479986315429,"proteome"
6698,5,2923,0.17105713308245,"proteome"
6699,6,2923,0.205268559698939,"proteome"
6700,7,2923,0.239479986315429,"proteome"
6701,1,2923,0.0342114266164899,"proteome"
6702,3,2923,0.10263427984947,"proteome"
6703,3,2923,0.10263427984947,"proteome"
6704,9,2923,0.307902839548409,"proteome"
6705,116,2923,3.96852548751283,"proteome"
6706,3,2923,0.10263427984947,"proteome"
6707,96,2923,3.28429695518303,"proteome"
6708,94,2923,3.21587410195005,"proteome"
6709,5,2923,0.17105713308245,"proteome"
6710,1462,2923,50.0171057133082,"proteome"
6711,1547,2923,52.9250769757099,"proteome"
6712,7,2923,0.239479986315429,"proteome"
6713,80,2923,2.73691412931919,"proteome"
6714,2,2923,0.0684228532329798,"proteome"
6715,1467,2923,50.1881628463907,"proteome"
6716,151,2923,5.16592541908998,"proteome"
6717,1466,2923,50.1539514197742,"proteome"
6718,80,2923,2.73691412931919,"proteome"
6719,4,2923,0.13684570646596,"proteome"
6720,1465,2923,50.1197399931577,"proteome"
6721,117,2923,4.00273691412932,"proteome"
6722,594,2923,20.321587410195,"proteome"
6723,4,2923,0.13684570646596,"proteome"
6724,92,2923,3.14745124871707,"proteome"
6725,1478,2923,50.5644885391721,"proteome"
6726,15,2923,0.513171399247349,"proteome"
6727,6,2923,0.205268559698939,"proteome"
6728,185,2923,6.32911392405063,"proteome"
6729,1462,2923,50.0171057133082,"proteome"
6730,4,2923,0.13684570646596,"proteome"
6731,105,2923,3.59219979473144,"proteome"
6732,18,2923,0.615805679096818,"proteome"
6733,4,2923,0.13684570646596,"proteome"
6734,81,2923,2.77112555593568,"proteome"
6735,6,2923,0.205268559698939,"proteome"
6736,5,2923,0.17105713308245,"proteome"
6737,5,2923,0.17105713308245,"proteome"
6738,7,2923,0.239479986315429,"proteome"
6739,151,2923,5.16592541908998,"proteome"
6740,1463,2923,50.0513171399247,"proteome"
6741,5,2923,0.17105713308245,"proteome"
6742,4,2923,0.13684570646596,"proteome"
6743,102,2923,3.48956551488197,"proteome"
6744,6,2923,0.205268559698939,"proteome"
6745,1464,2923,50.0855285665412,"proteome"
6746,231,2923,7.90283954840917,"proteome"
6747,1465,2923,50.1197399931577,"proteome"
6748,161,2923,5.50803968525488,"proteome"
6749,7,2923,0.239479986315429,"proteome"
6750,10,2923,0.342114266164899,"proteome"
6751,3,2923,0.10263427984947,"proteome"
6752,1478,2923,50.5644885391721,"proteome"
6753,10,2923,0.342114266164899,"proteome"
6754,2,2923,0.0684228532329798,"proteome"
6755,2,2923,0.0684228532329798,"proteome"
6756,5,2923,0.17105713308245,"proteome"
6757,10,2923,0.342114266164899,"proteome"
6758,8,2923,0.273691412931919,"proteome"
6759,1463,2923,50.0513171399247,"proteome"
6760,3,2923,0.10263427984947,"proteome"
6761,4,2923,0.13684570646596,"proteome"
6762,1469,2923,50.2565856996237,"proteome"
6763,217,2923,7.42387957577831,"proteome"
6764,6,2923,0.205268559698939,"proteome"
6765,59,2923,2.0184741703729,"proteome"
6766,4,2923,0.13684570646596,"proteome"
6767,7,2923,0.239479986315429,"proteome"
6768,115,2923,3.93431406089634,"proteome"
6769,116,2923,3.96852548751283,"proteome"
6770,17,2923,0.581594252480328,"proteome"
6771,8,2923,0.273691412931919,"proteome"
6772,4,2923,0.13684570646596,"proteome"
6773,101,2923,3.45535408826548,"proteome"
6774,186,2923,6.36332535066712,"proteome"
6775,5,2923,0.17105713308245,"proteome"
6776,2,2923,0.0684228532329798,"proteome"
6777,6,2923,0.205268559698939,"proteome"
6778,1462,2923,50.0171057133082,"proteome"
6779,116,2923,3.96852548751283,"proteome"
6780,6,2923,0.205268559698939,"proteome"
6781,1465,2923,50.1197399931577,"proteome"
6782,15,2923,0.513171399247349,"proteome"
6783,1464,2923,50.0855285665412,"proteome"
6784,72,2923,2.46322271638727,"proteome"
6785,776,2923,26.5480670543962,"proteome"
6786,10,2923,0.342114266164899,"proteome"
6787,22,2923,0.752651385562778,"proteome"
6788,6,2923,0.205268559698939,"proteome"
6789,4,2923,0.13684570646596,"proteome"
6790,1472,2923,50.3592199794731,"proteome"
6791,736,2923,25.1796099897366,"proteome"
6792,10,2923,0.342114266164899,"proteome"
6793,159,2923,5.43961683202189,"proteome"
6794,4,2923,0.13684570646596,"proteome"
6795,3,2923,0.10263427984947,"proteome"
6796,1656,2923,56.6541224769073,"proteome"
6797,3,2923,0.10263427984947,"proteome"
6798,202,2923,6.91070817653096,"proteome"
6799,15,2923,0.513171399247349,"proteome"
6800,3,2923,0.10263427984947,"proteome"
6801,152,2923,5.20013684570647,"proteome"
6802,194,2923,6.63701676359904,"proteome"
6803,220,2923,7.52651385562778,"proteome"
6804,4,2923,0.13684570646596,"proteome"
6805,68,2923,2.32637700992131,"proteome"
6806,3,2923,0.10263427984947,"proteome"
6807,1540,2923,52.6855969893945,"proteome"
6808,5,2923,0.17105713308245,"proteome"
6809,10,2923,0.342114266164899,"proteome"
6810,5,2923,0.17105713308245,"proteome"
6811,9,2923,0.307902839548409,"proteome"
6812,1464,2923,50.0855285665412,"proteome"
6813,250,2923,8.55285665412248,"proteome"
6814,1461,2923,49.9828942866918,"proteome"
6815,340,2923,11.6318850496066,"proteome"
6816,3,2923,0.10263427984947,"proteome"
6817,451,2923,15.4293534040369,"proteome"
6818,105,2923,3.59219979473144,"proteome"
6819,1461,2923,49.9828942866918,"proteome"
6820,5,2923,0.17105713308245,"proteome"
6821,6,2923,0.205268559698939,"proteome"
6822,1462,2923,50.0171057133082,"proteome"
6823,236,2923,8.07389668149162,"proteome"
6824,10,2923,0.342114266164899,"proteome"
6825,90,2923,3.07902839548409,"proteome"
6826,1469,2923,50.2565856996237,"proteome"
6827,96,2923,3.28429695518303,"proteome"
6828,3,2923,0.10263427984947,"proteome"
6829,1464,2923,50.0855285665412,"proteome"
6830,1,2923,0.0342114266164899,"proteome"
6831,7,2923,0.239479986315429,"proteome"
6832,29,2923,0.992131371878207,"proteome"
6833,226,2923,7.73178241532672,"proteome"
6834,2,2923,0.0684228532329798,"proteome"
6835,1468,2923,50.2223742730072,"proteome"
6836,110,2923,3.76325692781389,"proteome"
6837,5,2923,0.17105713308245,"proteome"
6838,1461,2923,49.9828942866918,"proteome"
6839,3,2923,0.10263427984947,"proteome"
6840,5,2923,0.17105713308245,"proteome"
6841,5,2923,0.17105713308245,"proteome"
6842,109,2923,3.7290455011974,"proteome"
6843,1462,2923,50.0171057133082,"proteome"
6844,118,2923,4.03694834074581,"proteome"
6845,624,2923,21.3479302086897,"proteome"
6846,1462,2923,50.0171057133082,"proteome"
6847,12,2923,0.410537119397879,"proteome"
6848,145,2923,4.96065685939104,"proteome"
6849,4,2923,0.13684570646596,"proteome"
6850,6,2923,0.205268559698939,"proteome"
6851,4,2923,0.13684570646596,"proteome"
6852,5,2923,0.17105713308245,"proteome"
6853,1461,2923,49.9828942866918,"proteome"
6854,4,2923,0.13684570646596,"proteome"
6855,9,2923,0.307902839548409,"proteome"
6856,1464,2923,50.0855285665412,"proteome"
6857,175,2923,5.98699965788573,"proteome"
6858,2557,2923,87.4786178583647,"proteome"
6859,4,2923,0.13684570646596,"proteome"
6860,1571,2923,53.7461512145056,"proteome"
6861,7,2923,0.239479986315429,"proteome"
6862,29,2923,0.992131371878207,"proteome"
6863,1478,2923,50.5644885391721,"proteome"
6864,1466,2923,50.1539514197742,"proteome"
6865,415,2923,14.1977420458433,"proteome"
6866,5,2923,0.17105713308245,"proteome"
6867,386,2923,13.2056106739651,"proteome"
6868,1468,2923,50.2223742730072,"proteome"
6869,4,2923,0.13684570646596,"proteome"
6870,8,2923,0.273691412931919,"proteome"
6871,117,2923,4.00273691412932,"proteome"
6872,3,2923,0.10263427984947,"proteome"
6873,5,2923,0.17105713308245,"proteome"
6874,284,2923,9.71604515908313,"proteome"
6875,224,2923,7.66335956209374,"proteome"
6876,3,2923,0.10263427984947,"proteome"
6877,246,2923,8.41601094765652,"proteome"
6878,4,2923,0.13684570646596,"proteome"
6879,118,2923,4.03694834074581,"proteome"
6880,7,2923,0.239479986315429,"proteome"
6881,1463,2923,50.0513171399247,"proteome"
6882,1477,2923,50.5302771125556,"proteome"
6883,1654,2923,56.5856996236743,"proteome"
6884,101,2923,3.45535408826548,"proteome"
6885,1898,2923,64.9332877180978,"proteome"
6886,73,2923,2.49743414300376,"proteome"
6887,6,2923,0.205268559698939,"proteome"
6888,147,2923,5.02907971262402,"proteome"
6889,7,2923,0.239479986315429,"proteome"
6890,4,2923,0.13684570646596,"proteome"
6891,15,2923,0.513171399247349,"proteome"
6892,6,2923,0.205268559698939,"proteome"
6893,1677,2923,57.3725624358536,"proteome"
6894,3,2923,0.10263427984947,"proteome"
6895,442,2923,15.1214505644885,"proteome"
6896,445,2923,15.224084844338,"proteome"
6897,108,2923,3.69483407458091,"proteome"
6898,27,2923,0.923708518645228,"proteome"
6899,1167,2923,39.9247348614437,"proteome"
6900,133,2923,4.55011973999316,"proteome"
6901,1461,2923,49.9828942866918,"proteome"
6902,9,2923,0.307902839548409,"proteome"
6903,5,2923,0.17105713308245,"proteome"
6904,3,2923,0.10263427984947,"proteome"
6905,6,2923,0.205268559698939,"proteome"
6906,1463,2923,50.0513171399247,"proteome"
6907,1463,2923,50.0513171399247,"proteome"
6908,1464,2923,50.0855285665412,"proteome"
6909,5,2923,0.17105713308245,"proteome"
6910,5,2923,0.17105713308245,"proteome"
6911,7,2923,0.239479986315429,"proteome"
6912,13,2923,0.444748546014369,"proteome"
6913,1462,2923,50.0171057133082,"proteome"
6914,112,2923,3.83167978104687,"proteome"
6915,8,2923,0.273691412931919,"proteome"
6916,2,2923,0.0684228532329798,"proteome"
6917,32,2923,1.09476565172768,"proteome"
6918,73,2923,2.49743414300376,"proteome"
6919,1468,2923,50.2223742730072,"proteome"
6920,148,2923,5.06329113924051,"proteome"
6921,9,2923,0.307902839548409,"proteome"
6922,7,2923,0.239479986315429,"proteome"
6923,104,2923,3.55798836811495,"proteome"
6924,110,2923,3.76325692781389,"proteome"
6925,91,2923,3.11323982210058,"proteome"
6926,341,2923,11.6660964762231,"proteome"
6927,107,2923,3.66062264796442,"proteome"
6928,1467,2923,50.1881628463907,"proteome"
6929,8,2923,0.273691412931919,"proteome"
6930,326,2923,11.1529250769757,"proteome"
6931,4,2923,0.13684570646596,"proteome"
6932,1572,2923,53.7803626411221,"proteome"
6933,1461,2923,49.9828942866918,"proteome"
6934,5,2923,0.17105713308245,"proteome"
6935,192,2923,6.56859391036606,"proteome"
6936,3,2923,0.10263427984947,"proteome"
6937,411,2923,14.0608963393774,"proteome"
6938,12,2923,0.410537119397879,"proteome"
6939,5,2923,0.17105713308245,"proteome"
6940,8,2923,0.273691412931919,"proteome"
6941,198,2923,6.773862470065,"proteome"
6942,75,2923,2.56585699623674,"proteome"
6943,2,2923,0.0684228532329798,"proteome"
6944,2,2923,0.0684228532329798,"proteome"
6945,5,2923,0.17105713308245,"proteome"
6946,186,2923,6.36332535066712,"proteome"
6947,4,2923,0.13684570646596,"proteome"
6948,5,2923,0.17105713308245,"proteome"
6949,541,2923,18.508381799521,"proteome"
6950,8,2923,0.273691412931919,"proteome"
6951,210,2923,7.18439958946288,"proteome"
6952,6,2923,0.205268559698939,"proteome"
6953,5,2923,0.17105713308245,"proteome"
6954,17,2923,0.581594252480328,"proteome"
6955,96,2923,3.28429695518303,"proteome"
6956,202,2923,6.91070817653096,"proteome"
6957,118,2923,4.03694834074581,"proteome"
6958,551,2923,18.8504960656859,"proteome"
6959,2,2923,0.0684228532329798,"proteome"
6960,1468,2923,50.2223742730072,"proteome"
6961,3,2923,0.10263427984947,"proteome"
6962,764,2923,26.1375299349983,"proteome"
6963,208,2923,7.1159767362299,"proteome"
6964,1463,2923,50.0513171399247,"proteome"
6965,189,2923,6.46595963051659,"proteome"
6966,1524,2923,52.1382141635306,"proteome"
6967,4,2923,0.13684570646596,"proteome"
6968,2,2923,0.0684228532329798,"proteome"
6969,544,2923,18.6110160793705,"proteome"
6970,584,2923,19.9794731440301,"proteome"
6971,35,2923,1.19739993157715,"proteome"
6972,2,2923,0.0684228532329798,"proteome"
6973,6,2923,0.205268559698939,"proteome"
6974,97,2923,3.31850838179952,"proteome"
6975,1466,2923,50.1539514197742,"proteome"
6976,1463,2923,50.0513171399247,"proteome"
6977,1469,2923,50.2565856996237,"proteome"
6978,18,2923,0.615805679096818,"proteome"
6979,10,2923,0.342114266164899,"proteome"
6980,7,2923,0.239479986315429,"proteome"
6981,11,2923,0.376325692781389,"proteome"
6982,513,2923,17.5504618542593,"proteome"
6983,153,2923,5.23434827232296,"proteome"
6984,98,2923,3.35271980841601,"proteome"
6985,1,2923,0.0342114266164899,"proteome"
6986,19,2923,0.650017105713308,"proteome"
6987,5,2923,0.17105713308245,"proteome"
6988,4,2923,0.13684570646596,"proteome"
6989,96,2923,3.28429695518303,"proteome"
6990,7,2923,0.239479986315429,"proteome"
6991,1472,2923,50.3592199794731,"proteome"
6992,1462,2923,50.0171057133082,"proteome"
6993,4,2923,0.13684570646596,"proteome"
6994,6,2923,0.205268559698939,"proteome"
6995,7,2923,0.239479986315429,"proteome"
6996,3,2923,0.10263427984947,"proteome"
6997,5,2923,0.17105713308245,"proteome"
6998,4,2923,0.13684570646596,"proteome"
6999,3,2923,0.10263427984947,"proteome"
7000,6,2923,0.205268559698939,"proteome"
7001,160,2923,5.47382825863839,"proteome"
7002,22,2923,0.752651385562778,"proteome"
7003,1461,2923,49.9828942866918,"proteome"
7004,68,2923,2.32637700992131,"proteome"
7005,1462,2923,50.0171057133082,"proteome"
7006,13,2923,0.444748546014369,"proteome"
7007,1468,2923,50.2223742730072,"proteome"
7008,288,2923,9.85289086554909,"proteome"
7009,8,2923,0.273691412931919,"proteome"
7010,4,2923,0.13684570646596,"proteome"
7011,1465,2923,50.1197399931577,"proteome"
7012,18,2923,0.615805679096818,"proteome"
7013,116,2923,3.96852548751283,"proteome"
7014,101,2923,3.45535408826548,"proteome"
7015,18,2923,0.615805679096818,"proteome"
7016,204,2923,6.97913102976394,"proteome"
7017,5,2923,0.17105713308245,"proteome"
7018,115,2923,3.93431406089634,"proteome"
7019,68,2923,2.32637700992131,"proteome"
7020,1937,2923,66.2675333561409,"proteome"
7021,1466,2923,50.1539514197742,"proteome"
7022,81,2923,2.77112555593568,"proteome"
7023,10,2923,0.342114266164899,"proteome"
7024,7,2923,0.239479986315429,"proteome"
7025,641,2923,21.92952446117,"proteome"
7026,5,2923,0.17105713308245,"proteome"
7027,108,2923,3.69483407458091,"proteome"
7028,112,2923,3.83167978104687,"proteome"
7029,115,2923,3.93431406089634,"proteome"
7030,100,2923,3.42114266164899,"proteome"
7031,1462,2923,50.0171057133082,"proteome"
7032,93,2923,3.18166267533356,"proteome"
7033,1461,2923,49.9828942866918,"proteome"
7034,27,2923,0.923708518645228,"proteome"
7035,2,2923,0.0684228532329798,"proteome"
7036,101,2923,3.45535408826548,"proteome"
7037,3,2923,0.10263427984947,"proteome"
7038,3,2923,0.10263427984947,"proteome"
7039,1468,2923,50.2223742730072,"proteome"
7040,95,2923,3.25008552856654,"proteome"
7041,151,2923,5.16592541908998,"proteome"
7042,7,2923,0.239479986315429,"proteome"
7043,3,2923,0.10263427984947,"proteome"
7044,15,2923,0.513171399247349,"proteome"
7045,1460,2923,49.9486828600753,"proteome"
7046,9,2923,0.307902839548409,"proteome"
7047,8,2923,0.273691412931919,"proteome"
7048,3,2923,0.10263427984947,"proteome"
7049,1463,2923,50.0513171399247,"proteome"
7050,1478,2923,50.5644885391721,"proteome"
7051,8,2923,0.273691412931919,"proteome"
7052,100,2923,3.42114266164899,"proteome"
7053,1462,2923,50.0171057133082,"proteome"
7054,5,2923,0.17105713308245,"proteome"
7055,208,2923,7.1159767362299,"proteome"
7056,1462,2923,50.0171057133082,"proteome"
7057,3,2923,0.10263427984947,"proteome"
7058,5,2923,0.17105713308245,"proteome"
7059,5,2923,0.17105713308245,"proteome"
7060,15,2923,0.513171399247349,"proteome"
7061,7,2923,0.239479986315429,"proteome"
7062,1034,2923,35.3746151214506,"proteome"
7063,1462,2923,50.0171057133082,"proteome"
7064,11,2923,0.376325692781389,"proteome"
7065,89,2923,3.0448169688676,"proteome"
7066,4,2923,0.13684570646596,"proteome"
7067,1633,2923,55.867259664728,"proteome"
7068,100,2923,3.42114266164899,"proteome"
7069,1463,2923,50.0513171399247,"proteome"
7070,94,2923,3.21587410195005,"proteome"
7071,4,2923,0.13684570646596,"proteome"
7072,3,2923,0.10263427984947,"proteome"
7073,1461,2923,49.9828942866918,"proteome"
7074,1461,2923,49.9828942866918,"proteome"
7075,15,2923,0.513171399247349,"proteome"
7076,100,2923,3.42114266164899,"proteome"
7077,1715,2923,58.6725966472802,"proteome"
7078,8,2923,0.273691412931919,"proteome"
7079,2,2923,0.0684228532329798,"proteome"
7080,93,2923,3.18166267533356,"proteome"
7081,1469,2923,50.2565856996237,"proteome"
7082,9,2923,0.307902839548409,"proteome"
7083,123,2923,4.20800547382826,"proteome"
7084,101,2923,3.45535408826548,"proteome"
7085,8,2923,0.273691412931919,"proteome"
7086,10,2923,0.342114266164899,"proteome"
7087,118,2923,4.03694834074581,"proteome"
7088,7,2923,0.239479986315429,"proteome"
7089,201,2923,6.87649674991447,"proteome"
7090,4,2923,0.13684570646596,"proteome"
7091,1464,2923,50.0855285665412,"proteome"
7092,5,2923,0.17105713308245,"proteome"
7093,117,2923,4.00273691412932,"proteome"
7094,3,2923,0.10263427984947,"proteome"
7095,1464,2923,50.0855285665412,"proteome"
7096,96,2923,3.28429695518303,"proteome"
7097,5,2923,0.17105713308245,"proteome"
7098,7,2923,0.239479986315429,"proteome"
7099,4,2923,0.13684570646596,"proteome"
7100,10,2923,0.342114266164899,"proteome"
7101,108,2923,3.69483407458091,"proteome"
7102,224,2923,7.66335956209374,"proteome"
7103,1,2923,0.0342114266164899,"proteome"
7104,210,2923,7.18439958946288,"proteome"
7105,1463,2923,50.0513171399247,"proteome"
7106,4,2923,0.13684570646596,"proteome"
7107,1461,2923,49.9828942866918,"proteome"
7108,8,2923,0.273691412931919,"proteome"
7109,4,2923,0.13684570646596,"proteome"
7110,4,2923,0.13684570646596,"proteome"
7111,4,2923,0.13684570646596,"proteome"
7112,1463,2923,50.0513171399247,"proteome"
7113,1,2923,0.0342114266164899,"proteome"
7114,5,2923,0.17105713308245,"proteome"
7115,5,2923,0.17105713308245,"proteome"
7116,13,2923,0.444748546014369,"proteome"
7117,1461,2923,49.9828942866918,"proteome"
7118,4,2923,0.13684570646596,"proteome"
7119,3,2923,0.10263427984947,"proteome"
7120,1461,2923,49.9828942866918,"proteome"
7121,1861,2923,63.6674649332877,"proteome"
7122,1462,2923,50.0171057133082,"proteome"
7123,4,2923,0.13684570646596,"proteome"
7124,9,2923,0.307902839548409,"proteome"
7125,5,2923,0.17105713308245,"proteome"
7126,1462,2923,50.0171057133082,"proteome"
7127,2,2923,0.0684228532329798,"proteome"
7128,3,2923,0.10263427984947,"proteome"
7129,268,2923,9.1686623332193,"proteome"
7130,92,2923,3.14745124871707,"proteome"
7131,139,2923,4.7553882996921,"proteome"
7132,5,2923,0.17105713308245,"proteome"
7133,1464,2923,50.0855285665412,"proteome"
7134,1468,2923,50.2223742730072,"proteome"
7135,8,2923,0.273691412931919,"proteome"
7136,1576,2923,53.9172083475881,"proteome"
7137,4,2923,0.13684570646596,"proteome"
7138,1464,2923,50.0855285665412,"proteome"
7139,3,2923,0.10263427984947,"proteome"
7140,1537,2923,52.582962709545,"proteome"
7141,443,2923,15.155661991105,"proteome"
7142,1468,2923,50.2223742730072,"proteome"
7143,1573,2923,53.8145740677386,"proteome"
7144,341,2923,11.6660964762231,"proteome"
7145,167,2923,5.71330824495381,"proteome"
7146,4,2923,0.13684570646596,"proteome"
7147,3,2923,0.10263427984947,"proteome"
7148,7,2923,0.239479986315429,"proteome"
7149,6,2923,0.205268559698939,"proteome"
7150,103,2923,3.52377694149846,"proteome"
7151,1463,2923,50.0513171399247,"proteome"
7152,3,2923,0.10263427984947,"proteome"
7153,237,2923,8.10810810810811,"proteome"
7154,1461,2923,49.9828942866918,"proteome"
7155,710,2923,24.2901128977078,"proteome"
7156,92,2923,3.14745124871707,"proteome"
7157,1470,2923,50.2907971262402,"proteome"
7158,100,2923,3.42114266164899,"proteome"
7159,120,2923,4.10537119397879,"proteome"
7160,1465,2923,50.1197399931577,"proteome"
7161,15,2923,0.513171399247349,"proteome"
7162,9,2923,0.307902839548409,"proteome"
7163,3,2923,0.10263427984947,"proteome"
7164,1464,2923,50.0855285665412,"proteome"
7165,96,2923,3.28429695518303,"proteome"
7166,9,2923,0.307902839548409,"proteome"
7167,18,2923,0.615805679096818,"proteome"
7168,116,2923,3.96852548751283,"proteome"
7169,1464,2923,50.0855285665412,"proteome"
7170,344,2923,11.7687307560725,"proteome"
7171,1462,2923,50.0171057133082,"proteome"
7172,7,2923,0.239479986315429,"proteome"
7173,5,2923,0.17105713308245,"proteome"
7174,5,2923,0.17105713308245,"proteome"
7175,3,2923,0.10263427984947,"proteome"
7176,387,2923,13.2398221005816,"proteome"
7177,111,2923,3.79746835443038,"proteome"
7178,2,2923,0.0684228532329798,"proteome"
7179,4,2923,0.13684570646596,"proteome"
7180,1460,2923,49.9486828600753,"proteome"
7181,1462,2923,50.0171057133082,"proteome"
7182,15,2923,0.513171399247349,"proteome"
7183,5,2923,0.17105713308245,"proteome"
7184,102,2923,3.48956551488197,"proteome"
7185,1462,2923,50.0171057133082,"proteome"
7186,2,2923,0.0684228532329798,"proteome"
7187,3,2923,0.10263427984947,"proteome"
7188,1468,2923,50.2223742730072,"proteome"
7189,92,2923,3.14745124871707,"proteome"
7190,1463,2923,50.0513171399247,"proteome"
7191,1463,2923,50.0513171399247,"proteome"
7192,94,2923,3.21587410195005,"proteome"
7193,484,2923,16.5583304823811,"proteome"
7194,1462,2923,50.0171057133082,"proteome"
7195,5,2923,0.17105713308245,"proteome"
7196,22,2923,0.752651385562778,"proteome"
7197,186,2923,6.36332535066712,"proteome"
7198,884,2923,30.2429011289771,"proteome"
7199,100,2923,3.42114266164899,"proteome"
7200,424,2923,14.5056448853917,"proteome"
7201,83,2923,2.83954840916866,"proteome"
7202,5,2923,0.17105713308245,"proteome"
7203,1468,2923,50.2223742730072,"proteome"
7204,22,2923,0.752651385562778,"proteome"
7205,106,2923,3.62641122134793,"proteome"
7206,1463,2923,50.0513171399247,"proteome"
7207,17,2923,0.581594252480328,"proteome"
7208,111,2923,3.79746835443038,"proteome"
7209,5,2923,0.17105713308245,"proteome"
7210,2,2923,0.0684228532329798,"proteome"
7211,4,2923,0.13684570646596,"proteome"
7212,1477,2923,50.5302771125556,"proteome"
7213,1544,2923,52.8224426958604,"proteome"
7214,5,2923,0.17105713308245,"proteome"
7215,4,2923,0.13684570646596,"proteome"
7216,1,2923,0.0342114266164899,"proteome"
7217,1463,2923,50.0513171399247,"proteome"
7218,3,2923,0.10263427984947,"proteome"
7219,3,2923,0.10263427984947,"proteome"
7220,116,2923,3.96852548751283,"proteome"
7221,12,2923,0.410537119397879,"proteome"
7222,10,2923,0.342114266164899,"proteome"
7223,9,2923,0.307902839548409,"proteome"
7224,2,2923,0.0684228532329798,"proteome"
7225,1465,2923,50.1197399931577,"proteome"
7226,17,2923,0.581594252480328,"proteome"
7227,124,2923,4.24221690044475,"proteome"
7228,5,2923,0.17105713308245,"proteome"
7229,4,2923,0.13684570646596,"proteome"
7230,7,2923,0.239479986315429,"proteome"
7231,74,2923,2.53164556962025,"proteome"
7232,2,2923,0.0684228532329798,"proteome"
7233,6,2923,0.205268559698939,"proteome"
7234,29,2923,0.992131371878207,"proteome"
7235,116,2923,3.96852548751283,"proteome"
7236,291,2923,9.95552514539856,"proteome"
7237,8,2923,0.273691412931919,"proteome"
7238,4,2923,0.13684570646596,"proteome"
7239,5,2923,0.17105713308245,"proteome"
7240,190,2923,6.50017105713308,"proteome"
7241,3,2923,0.10263427984947,"proteome"
7242,5,2923,0.17105713308245,"proteome"
7243,1465,2923,50.1197399931577,"proteome"
7244,2,2923,0.0684228532329798,"proteome"
7245,108,2923,3.69483407458091,"proteome"
7246,114,2923,3.90010263427985,"proteome"
7247,1463,2923,50.0513171399247,"proteome"
7248,366,2923,12.5213821416353,"proteome"
7249,198,2923,6.773862470065,"proteome"
7250,16,2923,0.547382825863839,"proteome"
7251,2,2923,0.0684228532329798,"proteome"
7252,183,2923,6.26069107081765,"proteome"
7253,6,2923,0.205268559698939,"proteome"
7254,4,2923,0.13684570646596,"proteome"
7255,9,2923,0.307902839548409,"proteome"
7256,3,2923,0.10263427984947,"proteome"
7257,1576,2923,53.9172083475881,"proteome"
7258,6,2923,0.205268559698939,"proteome"
7259,83,2923,2.83954840916866,"proteome"
7260,191,2923,6.53438248374957,"proteome"
7261,1536,2923,52.5487512829285,"proteome"
7262,3,2923,0.10263427984947,"proteome"
7263,3,2923,0.10263427984947,"proteome"
7264,151,2923,5.16592541908998,"proteome"
7265,1464,2923,50.0855285665412,"proteome"
7266,4,2923,0.13684570646596,"proteome"
7267,1461,2923,49.9828942866918,"proteome"
7268,81,2923,2.77112555593568,"proteome"
7269,2,2923,0.0684228532329798,"proteome"
7270,10,2923,0.342114266164899,"proteome"
7271,5,2923,0.17105713308245,"proteome"
7272,9,2923,0.307902839548409,"proteome"
7273,1533,2923,52.446117003079,"proteome"
7274,321,2923,10.9818679438933,"proteome"
7275,1463,2923,50.0513171399247,"proteome"
7276,3,2923,0.10263427984947,"proteome"
7277,27,2923,0.923708518645228,"proteome"
7278,18,2923,0.615805679096818,"proteome"
7279,29,2923,0.992131371878207,"proteome"
7280,1462,2923,50.0171057133082,"proteome"
7281,7,2923,0.239479986315429,"proteome"
7282,10,2923,0.342114266164899,"proteome"
7283,1463,2923,50.0513171399247,"proteome"
7284,4,2923,0.13684570646596,"proteome"
7285,75,2923,2.56585699623674,"proteome"
7286,611,2923,20.9031816626753,"proteome"
7287,107,2923,3.66062264796442,"proteome"
7288,3,2923,0.10263427984947,"proteome"
7289,1461,2923,49.9828942866918,"proteome"
7290,293,2923,10.0239479986315,"proteome"
7291,131,2923,4.48169688676018,"proteome"
7292,15,2923,0.513171399247349,"proteome"
7293,1469,2923,50.2565856996237,"proteome"
7294,96,2923,3.28429695518303,"proteome"
7295,109,2923,3.7290455011974,"proteome"
7296,106,2923,3.62641122134793,"proteome"
7297,4,2923,0.13684570646596,"proteome"
7298,1462,2923,50.0171057133082,"proteome"
7299,1461,2923,49.9828942866918,"proteome"
7300,4,2923,0.13684570646596,"proteome"
7301,3,2923,0.10263427984947,"proteome"
7302,1462,2923,50.0171057133082,"proteome"
7303,7,2923,0.239479986315429,"proteome"
7304,99,2923,3.3869312350325,"proteome"
7305,7,2923,0.239479986315429,"proteome"
7306,9,2923,0.307902839548409,"proteome"
7307,127,2923,4.34485118029422,"proteome"
7308,1463,2923,50.0513171399247,"proteome"
7309,24,2923,0.821074238795758,"proteome"
7310,4,2923,0.13684570646596,"proteome"
7311,10,2923,0.342114266164899,"proteome"
7312,3,2923,0.10263427984947,"proteome"
7313,112,2923,3.83167978104687,"proteome"
7314,6,2923,0.205268559698939,"proteome"
7315,1463,2923,50.0513171399247,"proteome"
7316,93,2923,3.18166267533356,"proteome"
7317,2,2923,0.0684228532329798,"proteome"
7318,196,2923,6.70543961683202,"proteome"
7319,9,2923,0.307902839548409,"proteome"
7320,1567,2923,53.6093055080397,"proteome"
7321,3,2923,0.10263427984947,"proteome"
7322,9,2923,0.307902839548409,"proteome"
7323,1468,2923,50.2223742730072,"proteome"
7324,252,2923,8.62127950735546,"proteome"
7325,5,2923,0.17105713308245,"proteome"
7326,258,2923,8.8265480670544,"proteome"
7327,416,2923,14.2319534724598,"proteome"
7328,100,2923,3.42114266164899,"proteome"
7329,1467,2923,50.1881628463907,"proteome"
7330,3,2923,0.10263427984947,"proteome"
7331,2,2923,0.0684228532329798,"proteome"
7332,749,2923,25.6243585357509,"proteome"
7333,24,2923,0.821074238795758,"proteome"
7334,1462,2923,50.0171057133082,"proteome"
7335,206,2923,7.04755388299692,"proteome"
7336,1674,2923,57.2699281560041,"proteome"
7337,7,2923,0.239479986315429,"proteome"
7338,1465,2923,50.1197399931577,"proteome"
7339,219,2923,7.49230242901129,"proteome"
7340,3,2923,0.10263427984947,"proteome"
7341,97,2923,3.31850838179952,"proteome"
7342,3,2923,0.10263427984947,"proteome"
7343,3,2923,0.10263427984947,"proteome"
7344,2,2923,0.0684228532329798,"proteome"
7345,1465,2923,50.1197399931577,"proteome"
7346,3,2923,0.10263427984947,"proteome"
7347,6,2923,0.205268559698939,"proteome"
7348,14,2923,0.478959972630859,"proteome"
7349,1480,2923,50.6329113924051,"proteome"
7350,9,2923,0.307902839548409,"proteome"
7351,1462,2923,50.0171057133082,"proteome"
7352,1464,2923,50.0855285665412,"proteome"
7353,213,2923,7.28703386931235,"proteome"
7354,1465,2923,50.1197399931577,"proteome"
7355,18,2923,0.615805679096818,"proteome"
7356,1469,2923,50.2565856996237,"proteome"
7357,5,2923,0.17105713308245,"proteome"
7358,1466,2923,50.1539514197742,"proteome"
7359,5,2923,0.17105713308245,"proteome"
7360,73,2923,2.49743414300376,"proteome"
7361,3,2923,0.10263427984947,"proteome"
7362,278,2923,9.51077659938419,"proteome"
7363,116,2923,3.96852548751283,"proteome"
7364,1462,2923,50.0171057133082,"proteome"
7365,606,2923,20.7321245295929,"proteome"
7366,9,2923,0.307902839548409,"proteome"
7367,12,2923,0.410537119397879,"proteome"
7368,98,2923,3.35271980841601,"proteome"
7369,24,2923,0.821074238795758,"proteome"
7370,5,2923,0.17105713308245,"proteome"
7371,175,2923,5.98699965788573,"proteome"
7372,478,2923,16.3530619226822,"proteome"
7373,9,2923,0.307902839548409,"proteome"
7374,97,2923,3.31850838179952,"proteome"
7375,3,2923,0.10263427984947,"proteome"
7376,11,2923,0.376325692781389,"proteome"
7377,112,2923,3.83167978104687,"proteome"
7378,7,2923,0.239479986315429,"proteome"
7379,1462,2923,50.0171057133082,"proteome"
7380,1461,2923,49.9828942866918,"proteome"
7381,10,2923,0.342114266164899,"proteome"
7382,27,2923,0.923708518645228,"proteome"
7383,8,2923,0.273691412931919,"proteome"
7384,181,2923,6.19226821758467,"proteome"
7385,1461,2923,49.9828942866918,"proteome"
7386,7,2923,0.239479986315429,"proteome"
7387,1462,2923,50.0171057133082,"proteome"
7388,121,2923,4.13958262059528,"proteome"
7389,108,2923,3.69483407458091,"proteome"
7390,3,2923,0.10263427984947,"proteome"
7391,197,2923,6.73965104344851,"proteome"
7392,4,2923,0.13684570646596,"proteome"
7393,3,2923,0.10263427984947,"proteome"
7394,1477,2923,50.5302771125556,"proteome"
7395,1732,2923,59.2541908997605,"proteome"
7396,8,2923,0.273691412931919,"proteome"
7397,1461,2923,49.9828942866918,"proteome"
7398,7,2923,0.239479986315429,"proteome"
7399,18,2923,0.615805679096818,"proteome"
7400,3,2923,0.10263427984947,"proteome"
7401,15,2923,0.513171399247349,"proteome"
7402,7,2923,0.239479986315429,"proteome"
7403,3,2923,0.10263427984947,"proteome"
7404,6,2923,0.205268559698939,"proteome"
7405,15,2923,0.513171399247349,"proteome"
7406,5,2923,0.17105713308245,"proteome"
7407,2,2923,0.0684228532329798,"proteome"
7408,2,2923,0.0684228532329798,"proteome"
7409,1464,2923,50.0855285665412,"proteome"
7410,110,2923,3.76325692781389,"proteome"
7411,1462,2923,50.0171057133082,"proteome"
7412,8,2923,0.273691412931919,"proteome"
7413,1462,2923,50.0171057133082,"proteome"
7414,3,2923,0.10263427984947,"proteome"
7415,1461,2923,49.9828942866918,"proteome"
7416,1807,2923,61.8200478959973,"proteome"
7417,7,2923,0.239479986315429,"proteome"
7418,70,2923,2.39479986315429,"proteome"
7419,102,2923,3.48956551488197,"proteome"
7420,92,2923,3.14745124871707,"proteome"
7421,6,2923,0.205268559698939,"proteome"
7422,5,2923,0.17105713308245,"proteome"
7423,7,2923,0.239479986315429,"proteome"
7424,112,2923,3.83167978104687,"proteome"
7425,3,2923,0.10263427984947,"proteome"
7426,1463,2923,50.0513171399247,"proteome"
7427,6,2923,0.205268559698939,"proteome"
7428,3,2923,0.10263427984947,"proteome"
7429,7,2923,0.239479986315429,"proteome"
7430,3,2923,0.10263427984947,"proteome"
7431,7,2923,0.239479986315429,"proteome"
7432,1875,2923,64.1464249059186,"proteome"
7433,88,2923,3.01060554225111,"proteome"
7434,1466,2923,50.1539514197742,"proteome"
7435,7,2923,0.239479986315429,"proteome"
7436,78,2923,2.66849127608621,"proteome"
7437,258,2923,8.8265480670544,"proteome"
7438,15,2923,0.513171399247349,"proteome"
7439,1462,2923,50.0171057133082,"proteome"
7440,108,2923,3.69483407458091,"proteome"
7441,1461,2923,49.9828942866918,"proteome"
7442,1461,2923,49.9828942866918,"proteome"
7443,17,2923,0.581594252480328,"proteome"
7444,7,2923,0.239479986315429,"proteome"
7445,368,2923,12.5898049948683,"proteome"
7446,3,2923,0.10263427984947,"proteome"
7447,9,2923,0.307902839548409,"proteome"
7448,101,2923,3.45535408826548,"proteome"
7449,185,2923,6.32911392405063,"proteome"
7450,198,2923,6.773862470065,"proteome"
7451,1462,2923,50.0171057133082,"proteome"
7452,7,2923,0.239479986315429,"proteome"
7453,91,2923,3.11323982210058,"proteome"
7454,1472,2923,50.3592199794731,"proteome"
7455,86,2923,2.94218268901813,"proteome"
7456,14,2923,0.478959972630859,"proteome"
7457,5,2923,0.17105713308245,"proteome"
7458,13,2923,0.444748546014369,"proteome"
7459,1355,2923,46.3564830653438,"proteome"
7460,1468,2923,50.2223742730072,"proteome"
7461,7,2923,0.239479986315429,"proteome"
7462,569,2923,19.4663017447828,"proteome"
7463,1462,2923,50.0171057133082,"proteome"
7464,1463,2923,50.0513171399247,"proteome"
7465,1676,2923,57.3383510092371,"proteome"
7466,18,2923,0.615805679096818,"proteome"
7467,3,2923,0.10263427984947,"proteome"
7468,481,2923,16.4556962025316,"proteome"
7469,82,2923,2.80533698255217,"proteome"
7470,21,2923,0.718439958946288,"proteome"
7471,368,2923,12.5898049948683,"proteome"
7472,5,2923,0.17105713308245,"proteome"
7473,3,2923,0.10263427984947,"proteome"
7474,1464,2923,50.0855285665412,"proteome"
7475,1462,2923,50.0171057133082,"proteome"
7476,733,2923,25.0769757098871,"proteome"
7477,2,2923,0.0684228532329798,"proteome"
7478,4,2923,0.13684570646596,"proteome"
7479,17,2923,0.581594252480328,"proteome"
7480,3,2923,0.10263427984947,"proteome"
7481,3,2923,0.10263427984947,"proteome"
7482,9,2923,0.307902839548409,"proteome"
7483,6,2923,0.205268559698939,"proteome"
7484,14,2923,0.478959972630859,"proteome"
7485,214,2923,7.32124529592884,"proteome"
7486,619,2923,21.1768730756073,"proteome"
7487,5,2923,0.17105713308245,"proteome"
7488,103,2923,3.52377694149846,"proteome"
7489,108,2923,3.69483407458091,"proteome"
7490,3,2923,0.10263427984947,"proteome"
7491,189,2923,6.46595963051659,"proteome"
7492,89,2923,3.0448169688676,"proteome"
7493,91,2923,3.11323982210058,"proteome"
7494,246,2923,8.41601094765652,"proteome"
7495,1532,2923,52.4119055764625,"proteome"
7496,347,2923,11.871365035922,"proteome"
7497,142,2923,4.85802257954157,"proteome"
7498,4,2923,0.13684570646596,"proteome"
7499,18,2923,0.615805679096818,"proteome"
7500,93,2923,3.18166267533356,"proteome"
7501,1464,2923,50.0855285665412,"proteome"
7502,150,2923,5.13171399247349,"proteome"
7503,77,2923,2.63427984946972,"proteome"
7504,1461,2923,49.9828942866918,"proteome"
7505,243,2923,8.31337666780705,"proteome"
7506,1463,2923,50.0513171399247,"proteome"
7507,5,2923,0.17105713308245,"proteome"
7508,156,2923,5.33698255217243,"proteome"
7509,4,2923,0.13684570646596,"proteome"
7510,178,2923,6.0896339377352,"proteome"
7511,29,2923,0.992131371878207,"proteome"
7512,3,2923,0.10263427984947,"proteome"
7513,253,2923,8.65549093397195,"proteome"
7514,1463,2923,50.0513171399247,"proteome"
7515,1467,2923,50.1881628463907,"proteome"
7516,4,2923,0.13684570646596,"proteome"
7517,3,2923,0.10263427984947,"proteome"
7518,2,2923,0.0684228532329798,"proteome"
7519,8,2923,0.273691412931919,"proteome"
7520,5,2923,0.17105713308245,"proteome"
7521,5,2923,0.17105713308245,"proteome"
7522,3,2923,0.10263427984947,"proteome"
7523,4,2923,0.13684570646596,"proteome"
7524,95,2923,3.25008552856654,"proteome"
7525,11,2923,0.376325692781389,"proteome"
7526,5,2923,0.17105713308245,"proteome"
7527,5,2923,0.17105713308245,"proteome"
7528,6,2923,0.205268559698939,"proteome"
7529,155,2923,5.30277112555594,"proteome"
7530,1,2923,0.0342114266164899,"proteome"
7531,334,2923,11.4266164899076,"proteome"
7532,744,2923,25.4533014026685,"proteome"
7533,7,2923,0.239479986315429,"proteome"
7534,5,2923,0.17105713308245,"proteome"
7535,1462,2923,50.0171057133082,"proteome"
7536,1461,2923,49.9828942866918,"proteome"
7537,100,2923,3.42114266164899,"proteome"
7538,1462,2923,50.0171057133082,"proteome"
7539,102,2923,3.48956551488197,"proteome"
7540,6,2923,0.205268559698939,"proteome"
7541,1,2923,0.0342114266164899,"proteome"
7542,5,2923,0.17105713308245,"proteome"
7543,89,2923,3.0448169688676,"proteome"
7544,2,2923,0.0684228532329798,"proteome"
7545,5,2923,0.17105713308245,"proteome"
7546,128,2923,4.37906260691071,"proteome"
7547,10,2923,0.342114266164899,"proteome"
7548,5,2923,0.17105713308245,"proteome"
7549,2,2923,0.0684228532329798,"proteome"
7550,184,2923,6.29490249743414,"proteome"
7551,3,2923,0.10263427984947,"proteome"
7552,1463,2923,50.0513171399247,"proteome"
7553,1,2923,0.0342114266164899,"proteome"
7554,1663,2923,56.8936024632227,"proteome"
7555,29,2923,0.992131371878207,"proteome"
7556,7,2923,0.239479986315429,"proteome"
7557,107,2923,3.66062264796442,"proteome"
7558,4,2923,0.13684570646596,"proteome"
7559,3,2923,0.10263427984947,"proteome"
7560,5,2923,0.17105713308245,"proteome"
7561,4,2923,0.13684570646596,"proteome"
7562,9,2923,0.307902839548409,"proteome"
7563,73,2923,2.49743414300376,"proteome"
7564,1462,2923,50.0171057133082,"proteome"
7565,2,2923,0.0684228532329798,"proteome"
7566,3,2923,0.10263427984947,"proteome"
7567,4,2923,0.13684570646596,"proteome"
7568,1571,2923,53.7461512145056,"proteome"
7569,2,2923,0.0684228532329798,"proteome"
7570,6,2923,0.205268559698939,"proteome"
7571,3,2923,0.10263427984947,"proteome"
7572,15,2923,0.513171399247349,"proteome"
7573,5,2923,0.17105713308245,"proteome"
7574,5,2923,0.17105713308245,"proteome"
7575,1461,2923,49.9828942866918,"proteome"
7576,1462,2923,50.0171057133082,"proteome"
7577,3,2923,0.10263427984947,"proteome"
7578,1464,2923,50.0855285665412,"proteome"
7579,1468,2923,50.2223742730072,"proteome"
7580,5,2923,0.17105713308245,"proteome"
7581,1464,2923,50.0855285665412,"proteome"
7582,146,2923,4.99486828600753,"proteome"
7583,100,2923,3.42114266164899,"proteome"
7584,94,2923,3.21587410195005,"proteome"
7585,9,2923,0.307902839548409,"proteome"
7586,14,2923,0.478959972630859,"proteome"
7587,107,2923,3.66062264796442,"proteome"
7588,1746,2923,59.7331508723914,"proteome"
7589,11,2923,0.376325692781389,"proteome"
7590,3,2923,0.10263427984947,"proteome"
7591,9,2923,0.307902839548409,"proteome"
7592,259,2923,8.86075949367089,"proteome"
7593,99,2923,3.3869312350325,"proteome"
7594,11,2923,0.376325692781389,"proteome"
7595,1463,2923,50.0513171399247,"proteome"
7596,1609,2923,55.0461854259323,"proteome"
7597,148,2923,5.06329113924051,"proteome"
7598,1647,2923,56.3462196373589,"proteome"
7599,4,2923,0.13684570646596,"proteome"
7600,1461,2923,49.9828942866918,"proteome"
7601,1461,2923,49.9828942866918,"proteome"
7602,5,2923,0.17105713308245,"proteome"
7603,3,2923,0.10263427984947,"proteome"
7604,1468,2923,50.2223742730072,"proteome"
7605,2,2923,0.0684228532329798,"proteome"
7606,6,2923,0.205268559698939,"proteome"
7607,1678,2923,57.4067738624701,"proteome"
7608,9,2923,0.307902839548409,"proteome"
7609,116,2923,3.96852548751283,"proteome"
7610,99,2923,3.3869312350325,"proteome"
7611,3,2923,0.10263427984947,"proteome"
7612,2,2923,0.0684228532329798,"proteome"
7613,110,2923,3.76325692781389,"proteome"
7614,304,2923,10.4002736914129,"proteome"
7615,97,2923,3.31850838179952,"proteome"
7616,18,2923,0.615805679096818,"proteome"
7617,80,2923,2.73691412931919,"proteome"
7618,7,2923,0.239479986315429,"proteome"
7619,151,2923,5.16592541908998,"proteome"
7620,4,2923,0.13684570646596,"proteome"
7621,2,2923,0.0684228532329798,"proteome"
7622,3,2923,0.10263427984947,"proteome"
7623,1462,2923,50.0171057133082,"proteome"
7624,2,2923,0.0684228532329798,"proteome"
7625,17,2923,0.581594252480328,"proteome"
7626,78,2923,2.66849127608621,"proteome"
7627,1463,2923,50.0513171399247,"proteome"
7628,5,2923,0.17105713308245,"proteome"
7629,1463,2923,50.0513171399247,"proteome"
7630,6,2923,0.205268559698939,"proteome"
7631,210,2923,7.18439958946288,"proteome"
7632,1462,2923,50.0171057133082,"proteome"
7633,243,2923,8.31337666780705,"proteome"
7634,1982,2923,67.807047553883,"proteome"
7635,56,2923,1.91583989052343,"proteome"
7636,5,2923,0.17105713308245,"proteome"
7637,10,2923,0.342114266164899,"proteome"
7638,10,2923,0.342114266164899,"proteome"
7639,111,2923,3.79746835443038,"proteome"
7640,32,2923,1.09476565172768,"proteome"
7641,1469,2923,50.2565856996237,"proteome"
7642,373,2923,12.7608621279507,"proteome"
7643,1478,2923,50.5644885391721,"proteome"
7644,4,2923,0.13684570646596,"proteome"
7645,17,2923,0.581594252480328,"proteome"
7646,116,2923,3.96852548751283,"proteome"
7647,106,2923,3.62641122134793,"proteome"
7648,5,2923,0.17105713308245,"proteome"
7649,2,2923,0.0684228532329798,"proteome"
7650,5,2923,0.17105713308245,"proteome"
7651,1461,2923,49.9828942866918,"proteome"
7652,210,2923,7.18439958946288,"proteome"
7653,1467,2923,50.1881628463907,"proteome"
7654,5,2923,0.17105713308245,"proteome"
7655,1524,2923,52.1382141635306,"proteome"
7656,1472,2923,50.3592199794731,"proteome"
7657,1461,2923,49.9828942866918,"proteome"
7658,132,2923,4.51590831337667,"proteome"
7659,3,2923,0.10263427984947,"proteome"
7660,1,2923,0.0342114266164899,"proteome"
7661,1462,2923,50.0171057133082,"proteome"
7662,82,2923,2.80533698255217,"proteome"
7663,6,2923,0.205268559698939,"proteome"
7664,1623,2923,55.5251453985631,"proteome"
7665,1643,2923,56.2093739308929,"proteome"
7666,332,2923,11.3581936366746,"proteome"
7667,204,2923,6.97913102976394,"proteome"
7668,92,2923,3.14745124871707,"proteome"
7669,7,2923,0.239479986315429,"proteome"
7670,154,2923,5.26855969893945,"proteome"
7671,212,2923,7.25282244269586,"proteome"
7672,23,2923,0.786862812179268,"proteome"
7673,3,2923,0.10263427984947,"proteome"
7674,5,2923,0.17105713308245,"proteome"
7675,342,2923,11.7003079028395,"proteome"
7676,388,2923,13.2740335271981,"proteome"
7677,4,2923,0.13684570646596,"proteome"
7678,193,2923,6.60280533698255,"proteome"
7679,5,2923,0.17105713308245,"proteome"
7680,149,2923,5.097502565857,"proteome"
7681,98,2923,3.35271980841601,"proteome"
7682,148,2923,5.06329113924051,"proteome"
7683,1567,2923,53.6093055080397,"proteome"
7684,367,2923,12.5555935682518,"proteome"
7685,4,2923,0.13684570646596,"proteome"
7686,100,2923,3.42114266164899,"proteome"
7687,3,2923,0.10263427984947,"proteome"
7688,311,2923,10.6397536777284,"proteome"
7689,29,2923,0.992131371878207,"proteome"
7690,4,2923,0.13684570646596,"proteome"
7691,1,2923,0.0342114266164899,"proteome"
7692,404,2923,13.8214163530619,"proteome"
7693,1532,2923,52.4119055764625,"proteome"
7694,3,2923,0.10263427984947,"proteome"
7695,116,2923,3.96852548751283,"proteome"
7696,4,2923,0.13684570646596,"proteome"
7697,1464,2923,50.0855285665412,"proteome"
7698,118,2923,4.03694834074581,"proteome"
7699,6,2923,0.205268559698939,"proteome"
7700,1462,2923,50.0171057133082,"proteome"
7701,4,2923,0.13684570646596,"proteome"
7702,117,2923,4.00273691412932,"proteome"
7703,158,2923,5.40540540540541,"proteome"
7704,1,2923,0.0342114266164899,"proteome"
7705,1679,2923,57.4409852890866,"proteome"
7706,4,2923,0.13684570646596,"proteome"
7707,1461,2923,49.9828942866918,"proteome"
7708,6,2923,0.205268559698939,"proteome"
7709,11,2923,0.376325692781389,"proteome"
7710,478,2923,16.3530619226822,"proteome"
7711,99,2923,3.3869312350325,"proteome"
7712,1463,2923,50.0513171399247,"proteome"
7713,18,2923,0.615805679096818,"proteome"
7714,1466,2923,50.1539514197742,"proteome"
7715,63,2923,2.15531987683886,"proteome"
7716,115,2923,3.93431406089634,"proteome"
7717,3,2923,0.10263427984947,"proteome"
7718,1461,2923,49.9828942866918,"proteome"
7719,3,2923,0.10263427984947,"proteome"
7720,1464,2923,50.0855285665412,"proteome"
7721,1638,2923,56.0383167978105,"proteome"
7722,193,2923,6.60280533698255,"proteome"
7723,1,2923,0.0342114266164899,"proteome"
7724,95,2923,3.25008552856654,"proteome"
7725,154,2923,5.26855969893945,"proteome"
7726,4,2923,0.13684570646596,"proteome"
7727,11,2923,0.376325692781389,"proteome"
7728,72,2923,2.46322271638727,"proteome"
7729,4,2923,0.13684570646596,"proteome"
7730,148,2923,5.06329113924051,"proteome"
7731,290,2923,9.92131371878207,"proteome"
7732,1537,2923,52.582962709545,"proteome"
7733,87,2923,2.97639411563462,"proteome"
7734,6,2923,0.205268559698939,"proteome"
7735,1462,2923,50.0171057133082,"proteome"
7736,90,2923,3.07902839548409,"proteome"
7737,247,2923,8.45022237427301,"proteome"
7738,1463,2923,50.0513171399247,"proteome"
7739,1463,2923,50.0513171399247,"proteome"
7740,1571,2923,53.7461512145056,"proteome"
7741,11,2923,0.376325692781389,"proteome"
7742,18,2923,0.615805679096818,"proteome"
7743,4,2923,0.13684570646596,"proteome"
7744,8,2923,0.273691412931919,"proteome"
7745,329,2923,11.2555593568252,"proteome"
7746,18,2923,0.615805679096818,"proteome"
7747,752,2923,25.7269928156004,"proteome"
7748,1,2923,0.0342114266164899,"proteome"
7749,16,2923,0.547382825863839,"proteome"
7750,3,2923,0.10263427984947,"proteome"
7751,17,2923,0.581594252480328,"proteome"
7752,68,2923,2.32637700992131,"proteome"
7753,165,2923,5.64488539172083,"proteome"
7754,3,2923,0.10263427984947,"proteome"
7755,225,2923,7.69757098871023,"proteome"
7756,110,2923,3.76325692781389,"proteome"
7757,225,2923,7.69757098871023,"proteome"
7758,1461,2923,49.9828942866918,"proteome"
7759,1462,2923,50.0171057133082,"proteome"
7760,1465,2923,50.1197399931577,"proteome"
7761,15,2923,0.513171399247349,"proteome"
7762,144,2923,4.92644543277455,"proteome"
7763,4,2923,0.13684570646596,"proteome"
7764,23,2923,0.786862812179268,"proteome"
7765,3,2923,0.10263427984947,"proteome"
7766,635,2923,21.7242559014711,"proteome"
7767,1827,2923,62.5042764283271,"proteome"
7768,3,2923,0.10263427984947,"proteome"
7769,5,2923,0.17105713308245,"proteome"
7770,184,2923,6.29490249743414,"proteome"
7771,277,2923,9.4765651727677,"proteome"
7772,7,2923,0.239479986315429,"proteome"
7773,77,2923,2.63427984946972,"proteome"
7774,15,2923,0.513171399247349,"proteome"
7775,1463,2923,50.0513171399247,"proteome"
7776,14,2923,0.478959972630859,"proteome"
7777,1460,2923,49.9486828600753,"proteome"
7778,1477,2923,50.5302771125556,"proteome"
7779,3,2923,0.10263427984947,"proteome"
7780,158,2923,5.40540540540541,"proteome"
7781,94,2923,3.21587410195005,"proteome"
7782,1,2923,0.0342114266164899,"proteome"
7783,1462,2923,50.0171057133082,"proteome"
7784,9,2923,0.307902839548409,"proteome"
7785,543,2923,18.576804652754,"proteome"
7786,3,2923,0.10263427984947,"proteome"
7787,2,2923,0.0684228532329798,"proteome"
7788,114,2923,3.90010263427985,"proteome"
7789,219,2923,7.49230242901129,"proteome"
7790,146,2923,4.99486828600753,"proteome"
7791,35,2923,1.19739993157715,"proteome"
7792,21,2923,0.718439958946288,"proteome"
7793,2,2923,0.0684228532329798,"proteome"
7794,23,2923,0.786862812179268,"proteome"
7795,179,2923,6.12384536435169,"proteome"
7796,295,2923,10.0923708518645,"proteome"
7797,1463,2923,50.0513171399247,"proteome"
7798,1462,2923,50.0171057133082,"proteome"
7799,1470,2923,50.2907971262402,"proteome"
7800,6,2923,0.205268559698939,"proteome"
7801,6,2923,0.205268559698939,"proteome"
7802,78,2923,2.66849127608621,"proteome"
7803,2,2923,0.0684228532329798,"proteome"
7804,5,2923,0.17105713308245,"proteome"
7805,1462,2923,50.0171057133082,"proteome"
7806,10,2923,0.342114266164899,"proteome"
7807,115,2923,3.93431406089634,"proteome"
7808,6,2923,0.205268559698939,"proteome"
7809,1939,2923,66.3359562093739,"proteome"
7810,6,2923,0.205268559698939,"proteome"
7811,12,2923,0.410537119397879,"proteome"
7812,1828,2923,62.5384878549436,"proteome"
7813,18,2923,0.615805679096818,"proteome"
7814,92,2923,3.14745124871707,"proteome"
7815,1461,2923,49.9828942866918,"proteome"
7816,1826,2923,62.4700650017106,"proteome"
7817,370,2923,12.6582278481013,"proteome"
7818,3,2923,0.10263427984947,"proteome"
7819,1465,2923,50.1197399931577,"proteome"
7820,1639,2923,56.072528224427,"proteome"
7821,21,2923,0.718439958946288,"proteome"
7822,8,2923,0.273691412931919,"proteome"
7823,577,2923,19.7399931577147,"proteome"
7824,35,2923,1.19739993157715,"proteome"
7825,1463,2923,50.0513171399247,"proteome"
7826,2,2923,0.0684228532329798,"proteome"
7827,1,2923,0.0342114266164899,"proteome"
7828,235,2923,8.03968525487513,"proteome"
7829,147,2923,5.02907971262402,"proteome"
7830,5,2923,0.17105713308245,"proteome"
7831,218,2923,7.4580910023948,"proteome"
7832,8,2923,0.273691412931919,"proteome"
7833,195,2923,6.67122819021553,"proteome"
7834,1,2923,0.0342114266164899,"proteome"
7835,1480,2923,50.6329113924051,"proteome"
7836,3,2923,0.10263427984947,"proteome"
7837,17,2923,0.581594252480328,"proteome"
7838,2,2923,0.0684228532329798,"proteome"
7839,8,2923,0.273691412931919,"proteome"
7840,3,2923,0.10263427984947,"proteome"
7841,12,2923,0.410537119397879,"proteome"
7842,198,2923,6.773862470065,"proteome"
7843,109,2923,3.7290455011974,"proteome"
7844,5,2923,0.17105713308245,"proteome"
7845,7,2923,0.239479986315429,"proteome"
7846,127,2923,4.34485118029422,"proteome"
7847,1463,2923,50.0513171399247,"proteome"
7848,1461,2923,49.9828942866918,"proteome"
7849,1466,2923,50.1539514197742,"proteome"
7850,6,2923,0.205268559698939,"proteome"
7851,5,2923,0.17105713308245,"proteome"
7852,27,2923,0.923708518645228,"proteome"
7853,1547,2923,52.9250769757099,"proteome"
7854,51,2923,1.74478275744099,"proteome"
7855,144,2923,4.92644543277455,"proteome"
7856,2,2923,0.0684228532329798,"proteome"
7857,242,2923,8.27916524119056,"proteome"
7858,1266,2923,43.3116660964762,"proteome"
7859,310,2923,10.6055422511119,"proteome"
7860,1460,2923,49.9486828600753,"proteome"
7861,1469,2923,50.2565856996237,"proteome"
7862,78,2923,2.66849127608621,"proteome"
7863,5,2923,0.17105713308245,"proteome"
7864,3,2923,0.10263427984947,"proteome"
7865,5,2923,0.17105713308245,"proteome"
7866,8,2923,0.273691412931919,"proteome"
7867,1463,2923,50.0513171399247,"proteome"
7868,3,2923,0.10263427984947,"proteome"
7869,22,2923,0.752651385562778,"proteome"
7870,18,2923,0.615805679096818,"proteome"
7871,4,2923,0.13684570646596,"proteome"
7872,100,2923,3.42114266164899,"proteome"
7873,105,2923,3.59219979473144,"proteome"
7874,102,2923,3.48956551488197,"proteome"
7875,7,2923,0.239479986315429,"proteome"
7876,252,2923,8.62127950735546,"proteome"
7877,1575,2923,53.8829969209716,"proteome"
7878,1,2923,0.0342114266164899,"proteome"
7879,14,2923,0.478959972630859,"proteome"
7880,75,2923,2.56585699623674,"proteome"
7881,95,2923,3.25008552856654,"proteome"
7882,4,2923,0.13684570646596,"proteome"
7883,1468,2923,50.2223742730072,"proteome"
7884,4,2923,0.13684570646596,"proteome"
7885,706,2923,24.1532671912419,"proteome"
7886,7,2923,0.239479986315429,"proteome"
7887,17,2923,0.581594252480328,"proteome"
7888,91,2923,3.11323982210058,"proteome"
7889,1460,2923,49.9486828600753,"proteome"
7890,9,2923,0.307902839548409,"proteome"
7891,197,2923,6.73965104344851,"proteome"
7892,3,2923,0.10263427984947,"proteome"
7893,10,2923,0.342114266164899,"proteome"
7894,6,2923,0.205268559698939,"proteome"
7895,98,2923,3.35271980841601,"proteome"
7896,368,2923,12.5898049948683,"proteome"
7897,1476,2923,50.4960656859391,"proteome"
7898,154,2923,5.26855969893945,"proteome"
7899,7,2923,0.239479986315429,"proteome"
7900,7,2923,0.239479986315429,"proteome"
7901,4,2923,0.13684570646596,"proteome"
7902,4,2923,0.13684570646596,"proteome"
7903,4,2923,0.13684570646596,"proteome"
7904,118,2923,4.03694834074581,"proteome"
7905,2,2923,0.0684228532329798,"proteome"
7906,103,2923,3.52377694149846,"proteome"
7907,1464,2923,50.0855285665412,"proteome"
7908,100,2923,3.42114266164899,"proteome"
7909,547,2923,18.71365035922,"proteome"
7910,2,2923,0.0684228532329798,"proteome"
7911,103,2923,3.52377694149846,"proteome"
7912,168,2923,5.7475196715703,"proteome"
7913,285,2923,9.75025658569962,"proteome"
7914,7,2923,0.239479986315429,"proteome"
7915,292,2923,9.98973657201505,"proteome"
7916,6,2923,0.205268559698939,"proteome"
7917,1763,2923,60.3147451248717,"proteome"
7918,1467,2923,50.1881628463907,"proteome"
7919,32,2923,1.09476565172768,"proteome"
7920,1462,2923,50.0171057133082,"proteome"
7921,9,2923,0.307902839548409,"proteome"
7922,15,2923,0.513171399247349,"proteome"
7923,1463,2923,50.0513171399247,"proteome"
7924,1461,2923,49.9828942866918,"proteome"
7925,11,2923,0.376325692781389,"proteome"
7926,13,2923,0.444748546014369,"proteome"
7927,2,2923,0.0684228532329798,"proteome"
7928,234,2923,8.00547382825864,"proteome"
7929,29,2923,0.992131371878207,"proteome"
7930,4,2923,0.13684570646596,"proteome"
7931,5,2923,0.17105713308245,"proteome"
7932,2,2923,0.0684228532329798,"proteome"
7933,550,2923,18.8162846390694,"proteome"
7934,200,2923,6.84228532329798,"proteome"
7935,6,2923,0.205268559698939,"proteome"
7936,409,2923,13.9924734861444,"proteome"
7937,5,2923,0.17105713308245,"proteome"
7938,385,2923,13.1713992473486,"proteome"
7939,3,2923,0.10263427984947,"proteome"
7940,7,2923,0.239479986315429,"proteome"
7941,1561,2923,53.4040369483407,"proteome"
7942,4,2923,0.13684570646596,"proteome"
7943,1541,2923,52.7198084160109,"proteome"
7944,655,2923,22.4084844338009,"proteome"
7945,1570,2923,53.7119397878892,"proteome"
7946,5,2923,0.17105713308245,"proteome"
7947,100,2923,3.42114266164899,"proteome"
7948,1463,2923,50.0513171399247,"proteome"
7949,4,2923,0.13684570646596,"proteome"
7950,190,2923,6.50017105713308,"proteome"
7951,5,2923,0.17105713308245,"proteome"
7952,1468,2923,50.2223742730072,"proteome"
7953,5,2923,0.17105713308245,"proteome"
7954,7,2923,0.239479986315429,"proteome"
7955,1468,2923,50.2223742730072,"proteome"
7956,1460,2923,49.9486828600753,"proteome"
7957,105,2923,3.59219979473144,"proteome"
7958,7,2923,0.239479986315429,"proteome"
7959,4,2923,0.13684570646596,"proteome"
7960,6,2923,0.205268559698939,"proteome"
7961,6,2923,0.205268559698939,"proteome"
7962,114,2923,3.90010263427985,"proteome"
7963,1464,2923,50.0855285665412,"proteome"
7964,1463,2923,50.0513171399247,"proteome"
7965,78,2923,2.66849127608621,"proteome"
7966,1468,2923,50.2223742730072,"proteome"
7967,2,2923,0.0684228532329798,"proteome"
7968,106,2923,3.62641122134793,"proteome"
7969,1465,2923,50.1197399931577,"proteome"
7970,7,2923,0.239479986315429,"proteome"
7971,1955,2923,66.8833390352378,"proteome"
7972,210,2923,7.18439958946288,"proteome"
7973,6,2923,0.205268559698939,"proteome"
7974,4,2923,0.13684570646596,"proteome"
7975,4,2923,0.13684570646596,"proteome"
7976,17,2923,0.581594252480328,"proteome"
7977,2,2923,0.0684228532329798,"proteome"
7978,1464,2923,50.0855285665412,"proteome"
7979,3,2923,0.10263427984947,"proteome"
7980,1462,2923,50.0171057133082,"proteome"
7981,10,2923,0.342114266164899,"proteome"
7982,4,2923,0.13684570646596,"proteome"
7983,1463,2923,50.0513171399247,"proteome"
7984,7,2923,0.239479986315429,"proteome"
7985,1461,2923,49.9828942866918,"proteome"
7986,101,2923,3.45535408826548,"proteome"
7987,1477,2923,50.5302771125556,"proteome"
7988,518,2923,17.7215189873418,"proteome"
7989,185,2923,6.32911392405063,"proteome"
7990,99,2923,3.3869312350325,"proteome"
7991,6,2923,0.205268559698939,"proteome"
7992,1462,2923,50.0171057133082,"proteome"
7993,6,2923,0.205268559698939,"proteome"
7994,4,2923,0.13684570646596,"proteome"
7995,1539,2923,52.651385562778,"proteome"
7996,5,2923,0.17105713308245,"proteome"
7997,916,2923,31.3376667807048,"proteome"
7998,284,2923,9.71604515908313,"proteome"
7999,146,2923,4.99486828600753,"proteome"
8000,1462,2923,50.0171057133082,"proteome"
8001,1463,2923,50.0513171399247,"proteome"
8002,1,2923,0.0342114266164899,"proteome"
8003,1464,2923,50.0855285665412,"proteome"
8004,1,2923,0.0342114266164899,"proteome"
8005,3,2923,0.10263427984947,"proteome"
8006,4,2923,0.13684570646596,"proteome"
8007,101,2923,3.45535408826548,"proteome"
8008,326,2923,11.1529250769757,"proteome"
8009,3,2923,0.10263427984947,"proteome"
8010,78,2923,2.66849127608621,"proteome"
8011,378,2923,12.9319192610332,"proteome"
8012,6,2923,0.205268559698939,"proteome"
8013,112,2923,3.83167978104687,"proteome"
8014,1463,2923,50.0513171399247,"proteome"
8015,8,2923,0.273691412931919,"proteome"
8016,4,2923,0.13684570646596,"proteome"
8017,11,2923,0.376325692781389,"proteome"
8018,118,2923,4.03694834074581,"proteome"
8019,1569,2923,53.6777283612727,"proteome"
8020,2,2923,0.0684228532329798,"proteome"
8021,67,2923,2.29216558330482,"proteome"
8022,4,2923,0.13684570646596,"proteome"
8023,5,2923,0.17105713308245,"proteome"
8024,7,2923,0.239479986315429,"proteome"
8025,3,2923,0.10263427984947,"proteome"
8026,513,2923,17.5504618542593,"proteome"
8027,500,2923,17.105713308245,"proteome"
8028,7,2923,0.239479986315429,"proteome"
8029,92,2923,3.14745124871707,"proteome"
8030,1,2923,0.0342114266164899,"proteome"
8031,5,2923,0.17105713308245,"proteome"
8032,381,2923,13.0345535408827,"proteome"
8033,92,2923,3.14745124871707,"proteome"
8034,148,2923,5.06329113924051,"proteome"
8035,1462,2923,50.0171057133082,"proteome"
8036,9,2923,0.307902839548409,"proteome"
8037,525,2923,17.9609989736572,"proteome"
8038,4,2923,0.13684570646596,"proteome"
8039,2,2923,0.0684228532329798,"proteome"
8040,11,2923,0.376325692781389,"proteome"
8041,9,2923,0.307902839548409,"proteome"
8042,2,2923,0.0684228532329798,"proteome"
8043,2,2923,0.0684228532329798,"proteome"
8044,186,2923,6.36332535066712,"proteome"
8045,6,2923,0.205268559698939,"proteome"
8046,341,2923,11.6660964762231,"proteome"
8047,147,2923,5.02907971262402,"proteome"
8048,1463,2923,50.0513171399247,"proteome"
8049,189,2923,6.46595963051659,"proteome"
8050,80,2923,2.73691412931919,"proteome"
8051,354,2923,12.1108450222374,"proteome"
8052,1570,2923,53.7119397878892,"proteome"
8053,3,2923,0.10263427984947,"proteome"
8054,11,2923,0.376325692781389,"proteome"
8055,1,2923,0.0342114266164899,"proteome"
8056,1478,2923,50.5644885391721,"proteome"
8057,1463,2923,50.0513171399247,"proteome"
8058,7,2923,0.239479986315429,"proteome"
8059,73,2923,2.49743414300376,"proteome"
8060,100,2923,3.42114266164899,"proteome"
8061,3,2923,0.10263427984947,"proteome"
8062,22,2923,0.752651385562778,"proteome"
8063,2,2923,0.0684228532329798,"proteome"
8064,119,2923,4.0711597673623,"proteome"
8065,5,2923,0.17105713308245,"proteome"
8066,4,2923,0.13684570646596,"proteome"
8067,1472,2923,50.3592199794731,"proteome"
8068,18,2923,0.615805679096818,"proteome"
8069,9,2923,0.307902839548409,"proteome"
8070,7,2923,0.239479986315429,"proteome"
8071,184,2923,6.29490249743414,"proteome"
8072,84,2923,2.87375983578515,"proteome"
8073,1467,2923,50.1881628463907,"proteome"
8074,7,2923,0.239479986315429,"proteome"
8075,118,2923,4.03694834074581,"proteome"
8076,6,2923,0.205268559698939,"proteome"
8077,51,2923,1.74478275744099,"proteome"
8078,107,2923,3.66062264796442,"proteome"
8079,3,2923,0.10263427984947,"proteome"
8080,1469,2923,50.2565856996237,"proteome"
8081,210,2923,7.18439958946288,"proteome"
8082,3,2923,0.10263427984947,"proteome"
8083,307,2923,10.5029079712624,"proteome"
8084,217,2923,7.42387957577831,"proteome"
8085,78,2923,2.66849127608621,"proteome"
8086,6,2923,0.205268559698939,"proteome"
8087,1462,2923,50.0171057133082,"proteome"
8088,99,2923,3.3869312350325,"proteome"
8089,8,2923,0.273691412931919,"proteome"
8090,12,2923,0.410537119397879,"proteome"
8091,1462,2923,50.0171057133082,"proteome"
8092,1469,2923,50.2565856996237,"proteome"
8093,114,2923,3.90010263427985,"proteome"
8094,4,2923,0.13684570646596,"proteome"
8095,591,2923,20.2189531303455,"proteome"
8096,97,2923,3.31850838179952,"proteome"
8097,102,2923,3.48956551488197,"proteome"
8098,100,2923,3.42114266164899,"proteome"
8099,1,2923,0.0342114266164899,"proteome"
8100,105,2923,3.59219979473144,"proteome"
8101,449,2923,15.360930550804,"proteome"
8102,6,2923,0.205268559698939,"proteome"
8103,8,2923,0.273691412931919,"proteome"
8104,3,2923,0.10263427984947,"proteome"
8105,5,2923,0.17105713308245,"proteome"
8106,15,2923,0.513171399247349,"proteome"
8107,4,2923,0.13684570646596,"proteome"
8108,1464,2923,50.0855285665412,"proteome"
8109,1464,2923,50.0855285665412,"proteome"
8110,7,2923,0.239479986315429,"proteome"
8111,1468,2923,50.2223742730072,"proteome"
8112,6,2923,0.205268559698939,"proteome"
8113,4,2923,0.13684570646596,"proteome"
8114,220,2923,7.52651385562778,"proteome"
8115,217,2923,7.42387957577831,"proteome"
8116,248,2923,8.4844338008895,"proteome"
8117,7,2923,0.239479986315429,"proteome"
8118,1463,2923,50.0513171399247,"proteome"
8119,1464,2923,50.0855285665412,"proteome"
8120,123,2923,4.20800547382826,"proteome"
8121,1468,2923,50.2223742730072,"proteome"
8122,4,2923,0.13684570646596,"proteome"
8123,4,2923,0.13684570646596,"proteome"
8124,1462,2923,50.0171057133082,"proteome"
8125,114,2923,3.90010263427985,"proteome"
8126,147,2923,5.02907971262402,"proteome"
8127,386,2923,13.2056106739651,"proteome"
8128,5,2923,0.17105713308245,"proteome"
8129,7,2923,0.239479986315429,"proteome"
8130,599,2923,20.4926445432775,"proteome"
8131,257,2923,8.79233664043791,"proteome"
8132,749,2923,25.6243585357509,"proteome"
8133,1,2923,0.0342114266164899,"proteome"
8134,3,2923,0.10263427984947,"proteome"
8135,1461,2923,49.9828942866918,"proteome"
8136,1464,2923,50.0855285665412,"proteome"
8137,241,2923,8.24495381457407,"proteome"
8138,8,2923,0.273691412931919,"proteome"
8139,101,2923,3.45535408826548,"proteome"
8140,197,2923,6.73965104344851,"proteome"
8141,585,2923,20.0136845706466,"proteome"
8142,5,2923,0.17105713308245,"proteome"
8143,117,2923,4.00273691412932,"proteome"
8144,5,2923,0.17105713308245,"proteome"
8145,1462,2923,50.0171057133082,"proteome"
8146,3,2923,0.10263427984947,"proteome"
8147,401,2923,13.7187820732125,"proteome"
8148,5,2923,0.17105713308245,"proteome"
8149,104,2923,3.55798836811495,"proteome"
8150,157,2923,5.37119397878892,"proteome"
8151,4,2923,0.13684570646596,"proteome"
8152,6,2923,0.205268559698939,"proteome"
8153,1571,2923,53.7461512145056,"proteome"
8154,2,2923,0.0684228532329798,"proteome"
8155,103,2923,3.52377694149846,"proteome"
8156,1462,2923,50.0171057133082,"proteome"
8157,66,2923,2.25795415668833,"proteome"
8158,27,2923,0.923708518645228,"proteome"
8159,1573,2923,53.8145740677386,"proteome"
8160,203,2923,6.94491960314745,"proteome"
8161,865,2923,29.5928840232638,"proteome"
8162,537,2923,18.3715360930551,"proteome"
8163,5,2923,0.17105713308245,"proteome"
8164,11,2923,0.376325692781389,"proteome"
8165,242,2923,8.27916524119056,"proteome"
8166,5,2923,0.17105713308245,"proteome"
8167,4,2923,0.13684570646596,"proteome"
8168,111,2923,3.79746835443038,"proteome"
8169,5,2923,0.17105713308245,"proteome"
8170,83,2923,2.83954840916866,"proteome"
8171,5,2923,0.17105713308245,"proteome"
8172,1,2923,0.0342114266164899,"proteome"
8173,2,2923,0.0684228532329798,"proteome"
8174,1462,2923,50.0171057133082,"proteome"
8175,93,2923,3.18166267533356,"proteome"
8176,1463,2923,50.0513171399247,"proteome"
8177,220,2923,7.52651385562778,"proteome"
8178,145,2923,4.96065685939104,"proteome"
8179,6,2923,0.205268559698939,"proteome"
8180,224,2923,7.66335956209374,"proteome"
8181,103,2923,3.52377694149846,"proteome"
8182,5,2923,0.17105713308245,"proteome"
8183,4,2923,0.13684570646596,"proteome"
8184,95,2923,3.25008552856654,"proteome"
8185,51,2923,1.74478275744099,"proteome"
8186,2,2923,0.0684228532329798,"proteome"
8187,102,2923,3.48956551488197,"proteome"
8188,238,2923,8.1423195347246,"proteome"
8189,3,2923,0.10263427984947,"proteome"
8190,3,2923,0.10263427984947,"proteome"
8191,154,2923,5.26855969893945,"proteome"
8192,4,2923,0.13684570646596,"proteome"
8193,1462,2923,50.0171057133082,"proteome"
8194,1462,2923,50.0171057133082,"proteome"
8195,5,2923,0.17105713308245,"proteome"
8196,1614,2923,55.2172425590147,"proteome"
8197,4,2923,0.13684570646596,"proteome"
8198,7,2923,0.239479986315429,"proteome"
8199,1461,2923,49.9828942866918,"proteome"
8200,17,2923,0.581594252480328,"proteome"
8201,1460,2923,49.9486828600753,"proteome"
8202,94,2923,3.21587410195005,"proteome"
8203,1465,2923,50.1197399931577,"proteome"
8204,177,2923,6.05542251111871,"proteome"
8205,6,2923,0.205268559698939,"proteome"
8206,97,2923,3.31850838179952,"proteome"
8207,75,2923,2.56585699623674,"proteome"
8208,2,2923,0.0684228532329798,"proteome"
8209,150,2923,5.13171399247349,"proteome"
8210,1480,2923,50.6329113924051,"proteome"
8211,147,2923,5.02907971262402,"proteome"
8212,5,2923,0.17105713308245,"proteome"
8213,3,2923,0.10263427984947,"proteome"
8214,110,2923,3.76325692781389,"proteome"
8215,1460,2923,49.9486828600753,"proteome"
8216,112,2923,3.83167978104687,"proteome"
8217,7,2923,0.239479986315429,"proteome"
8218,1467,2923,50.1881628463907,"proteome"
8219,11,2923,0.376325692781389,"proteome"
8220,7,2923,0.239479986315429,"proteome"
8221,238,2923,8.1423195347246,"proteome"
8222,1533,2923,52.446117003079,"proteome"
8223,513,2923,17.5504618542593,"proteome"
8224,4,2923,0.13684570646596,"proteome"
8225,9,2923,0.307902839548409,"proteome"
8226,4,2923,0.13684570646596,"proteome"
8227,2,2923,0.0684228532329798,"proteome"
8228,4,2923,0.13684570646596,"proteome"
8229,1479,2923,50.5986999657886,"proteome"
8230,1569,2923,53.6777283612727,"proteome"
8231,401,2923,13.7187820732125,"proteome"
8232,114,2923,3.90010263427985,"proteome"
8233,63,2923,2.15531987683886,"proteome"
8234,13,2923,0.444748546014369,"proteome"
8235,19,2923,0.650017105713308,"proteome"
8236,29,2923,0.992131371878207,"proteome"
8237,4,2923,0.13684570646596,"proteome"
8238,2,2923,0.0684228532329798,"proteome"
8239,11,2923,0.376325692781389,"proteome"
8240,4,2923,0.13684570646596,"proteome"
8241,1462,2923,50.0171057133082,"proteome"
8242,279,2923,9.54498802600068,"proteome"
8243,100,2923,3.42114266164899,"proteome"
8244,1463,2923,50.0513171399247,"proteome"
8245,4,2923,0.13684570646596,"proteome"
8246,4,2923,0.13684570646596,"proteome"
8247,2,2923,0.0684228532329798,"proteome"
8248,1464,2923,50.0855285665412,"proteome"
8249,709,2923,24.2559014710913,"proteome"
8250,1461,2923,49.9828942866918,"proteome"
8251,10,2923,0.342114266164899,"proteome"
8252,421,2923,14.4030106055423,"proteome"
8253,3,2923,0.10263427984947,"proteome"
8254,103,2923,3.52377694149846,"proteome"
8255,449,2923,15.360930550804,"proteome"
8256,212,2923,7.25282244269586,"proteome"
8257,174,2923,5.95278823126924,"proteome"
8258,1,2923,0.0342114266164899,"proteome"
8259,5,2923,0.17105713308245,"proteome"
8260,175,2923,5.98699965788573,"proteome"
8261,83,2923,2.83954840916866,"proteome"
8262,77,2923,2.63427984946972,"proteome"
8263,73,2923,2.49743414300376,"proteome"
8264,4,2923,0.13684570646596,"proteome"
8265,83,2923,2.83954840916866,"proteome"
8266,1462,2923,50.0171057133082,"proteome"
8267,4,2923,0.13684570646596,"proteome"
8268,5,2923,0.17105713308245,"proteome"
8269,118,2923,4.03694834074581,"proteome"
8270,370,2923,12.6582278481013,"proteome"
8271,113,2923,3.86589120766336,"proteome"
8272,249,2923,8.51864522750599,"proteome"
8273,11,2923,0.376325692781389,"proteome"
8274,12,2923,0.410537119397879,"proteome"
8275,15,2923,0.513171399247349,"proteome"
8276,1462,2923,50.0171057133082,"proteome"
8277,4,2923,0.13684570646596,"proteome"
8278,5,2923,0.17105713308245,"proteome"
8279,6,2923,0.205268559698939,"proteome"
8280,7,2923,0.239479986315429,"proteome"
8281,6,2923,0.205268559698939,"proteome"
8282,3,2923,0.10263427984947,"proteome"
8283,1463,2923,50.0513171399247,"proteome"
8284,267,2923,9.1344509066028,"proteome"
8285,23,2923,0.786862812179268,"proteome"
8286,5,2923,0.17105713308245,"proteome"
8287,7,2923,0.239479986315429,"proteome"
8288,7,2923,0.239479986315429,"proteome"
8289,114,2923,3.90010263427985,"proteome"
8290,1468,2923,50.2223742730072,"proteome"
8291,6,2923,0.205268559698939,"proteome"
8292,333,2923,11.3924050632911,"proteome"
8293,6,2923,0.205268559698939,"proteome"
8294,116,2923,3.96852548751283,"proteome"
8295,305,2923,10.4344851180294,"proteome"
8296,2,2923,0.0684228532329798,"proteome"
8297,5,2923,0.17105713308245,"proteome"
8298,4,2923,0.13684570646596,"proteome"
8299,2,2923,0.0684228532329798,"proteome"
8300,6,2923,0.205268559698939,"proteome"
8301,160,2923,5.47382825863839,"proteome"
8302,5,2923,0.17105713308245,"proteome"
8303,1464,2923,50.0855285665412,"proteome"
8304,94,2923,3.21587410195005,"proteome"
8305,5,2923,0.17105713308245,"proteome"
8306,9,2923,0.307902839548409,"proteome"
8307,1461,2923,49.9828942866918,"proteome"
8308,1463,2923,50.0513171399247,"proteome"
8309,9,2923,0.307902839548409,"proteome"
8310,6,2923,0.205268559698939,"proteome"
8311,3,2923,0.10263427984947,"proteome"
8312,101,2923,3.45535408826548,"proteome"
8313,150,2923,5.13171399247349,"proteome"
8314,146,2923,4.99486828600753,"proteome"
8315,12,2923,0.410537119397879,"proteome"
8316,6,2923,0.205268559698939,"proteome"
8317,51,2923,1.74478275744099,"proteome"
8318,468,2923,16.0109476565173,"proteome"
8319,1,2923,0.0342114266164899,"proteome"
8320,119,2923,4.0711597673623,"proteome"
8321,85,2923,2.90797126240164,"proteome"
8322,536,2923,18.3373246664386,"proteome"
8323,97,2923,3.31850838179952,"proteome"
8324,1463,2923,50.0513171399247,"proteome"
8325,7,2923,0.239479986315429,"proteome"
8326,1464,2923,50.0855285665412,"proteome"
8327,8,2923,0.273691412931919,"proteome"
8328,5,2923,0.17105713308245,"proteome"
8329,456,2923,15.6004105371194,"proteome"
8330,205,2923,7.01334245638043,"proteome"
8331,15,2923,0.513171399247349,"proteome"
8332,1462,2923,50.0171057133082,"proteome"
8333,1462,2923,50.0171057133082,"proteome"
8334,1946,2923,66.5754361956894,"proteome"
8335,2,2923,0.0684228532329798,"proteome"
8336,4,2923,0.13684570646596,"proteome"
8337,1531,2923,52.3776941498461,"proteome"
8338,7,2923,0.239479986315429,"proteome"
8339,737,2923,25.2138214163531,"proteome"
8340,851,2923,29.1139240506329,"proteome"
8341,172,2923,5.88436537803626,"proteome"
8342,29,2923,0.992131371878207,"proteome"
8343,2,2923,0.0684228532329798,"proteome"
8344,7,2923,0.239479986315429,"proteome"
8345,2,2923,0.0684228532329798,"proteome"
8346,6,2923,0.205268559698939,"proteome"
8347,305,2923,10.4344851180294,"proteome"
8348,13,2923,0.444748546014369,"proteome"
8349,4,2923,0.13684570646596,"proteome"
8350,83,2923,2.83954840916866,"proteome"
8351,1463,2923,50.0513171399247,"proteome"
8352,86,2923,2.94218268901813,"proteome"
8353,6,2923,0.205268559698939,"proteome"
8354,6,2923,0.205268559698939,"proteome"
8355,115,2923,3.93431406089634,"proteome"
8356,103,2923,3.52377694149846,"proteome"
8357,373,2923,12.7608621279507,"proteome"
8358,405,2923,13.8556277796784,"proteome"
8359,2,2923,0.0684228532329798,"proteome"
8360,91,2923,3.11323982210058,"proteome"
8361,100,2923,3.42114266164899,"proteome"
8362,117,2923,4.00273691412932,"proteome"
8363,94,2923,3.21587410195005,"proteome"
8364,115,2923,3.93431406089634,"proteome"
8365,343,2923,11.734519329456,"proteome"
8366,111,2923,3.79746835443038,"proteome"
8367,2,2923,0.0684228532329798,"proteome"
8368,6,2923,0.205268559698939,"proteome"
8369,1465,2923,50.1197399931577,"proteome"
8370,35,2923,1.19739993157715,"proteome"
8371,1464,2923,50.0855285665412,"proteome"
8372,8,2923,0.273691412931919,"proteome"
8373,3,2923,0.10263427984947,"proteome"
8374,10,2923,0.342114266164899,"proteome"
8375,290,2923,9.92131371878207,"proteome"
8376,6,2923,0.205268559698939,"proteome"
8377,1468,2923,50.2223742730072,"proteome"
8378,100,2923,3.42114266164899,"proteome"
8379,7,2923,0.239479986315429,"proteome"
8380,1462,2923,50.0171057133082,"proteome"
8381,1461,2923,49.9828942866918,"proteome"
8382,4,2923,0.13684570646596,"proteome"
8383,7,2923,0.239479986315429,"proteome"
8384,9,2923,0.307902839548409,"proteome"
8385,368,2923,12.5898049948683,"proteome"
8386,2,2923,0.0684228532329798,"proteome"
8387,3,2923,0.10263427984947,"proteome"
8388,10,2923,0.342114266164899,"proteome"
8389,15,2923,0.513171399247349,"proteome"
8390,1462,2923,50.0171057133082,"proteome"
8391,3,2923,0.10263427984947,"proteome"
8392,3,2923,0.10263427984947,"proteome"
8393,103,2923,3.52377694149846,"proteome"
8394,1,2923,0.0342114266164899,"proteome"
8395,158,2923,5.40540540540541,"proteome"
8396,4,2923,0.13684570646596,"proteome"
8397,7,2923,0.239479986315429,"proteome"
8398,143,2923,4.89223400615806,"proteome"
8399,4,2923,0.13684570646596,"proteome"
8400,4,2923,0.13684570646596,"proteome"
8401,145,2923,4.96065685939104,"proteome"
8402,1464,2923,50.0855285665412,"proteome"
8403,153,2923,5.23434827232296,"proteome"
8404,286,2923,9.78446801231611,"proteome"
8405,1463,2923,50.0513171399247,"proteome"
8406,12,2923,0.410537119397879,"proteome"
8407,5,2923,0.17105713308245,"proteome"
8408,4,2923,0.13684570646596,"proteome"
8409,289,2923,9.88710229216558,"proteome"
8410,1464,2923,50.0855285665412,"proteome"
8411,18,2923,0.615805679096818,"proteome"
8412,6,2923,0.205268559698939,"proteome"
8413,6,2923,0.205268559698939,"proteome"
8414,173,2923,5.91857680465275,"proteome"
8415,238,2923,8.1423195347246,"proteome"
8416,3,2923,0.10263427984947,"proteome"
8417,4,2923,0.13684570646596,"proteome"
8418,265,2923,9.06602805336983,"proteome"
8419,85,2923,2.90797126240164,"proteome"
8420,2,2923,0.0684228532329798,"proteome"
8421,5,2923,0.17105713308245,"proteome"
8422,73,2923,2.49743414300376,"proteome"
8423,188,2923,6.4317482039001,"proteome"
8424,6,2923,0.205268559698939,"proteome"
8425,1461,2923,49.9828942866918,"proteome"
8426,1,2923,0.0342114266164899,"proteome"
8427,104,2923,3.55798836811495,"proteome"
8428,7,2923,0.239479986315429,"proteome"
8429,1462,2923,50.0171057133082,"proteome"
8430,13,2923,0.444748546014369,"proteome"
8431,107,2923,3.66062264796442,"proteome"
8432,7,2923,0.239479986315429,"proteome"
8433,1461,2923,49.9828942866918,"proteome"
8434,8,2923,0.273691412931919,"proteome"
8435,245,2923,8.38179952104003,"proteome"
8436,1462,2923,50.0171057133082,"proteome"
8437,5,2923,0.17105713308245,"proteome"
8438,73,2923,2.49743414300376,"proteome"
8439,211,2923,7.21861101607937,"proteome"
8440,5,2923,0.17105713308245,"proteome"
8441,299,2923,10.2292165583305,"proteome"
8442,2203,2923,75.3677728361273,"proteome"
8443,248,2923,8.4844338008895,"proteome"
8444,100,2923,3.42114266164899,"proteome"
8445,205,2923,7.01334245638043,"proteome"
8446,1476,2923,50.4960656859391,"proteome"
8447,211,2923,7.21861101607937,"proteome"
8448,1462,2923,50.0171057133082,"proteome"
8449,1463,2923,50.0513171399247,"proteome"
8450,1461,2923,49.9828942866918,"proteome"
8451,222,2923,7.59493670886076,"proteome"
8452,95,2923,3.25008552856654,"proteome"
8453,3,2923,0.10263427984947,"proteome"
8454,93,2923,3.18166267533356,"proteome"
8455,3,2923,0.10263427984947,"proteome"
8456,8,2923,0.273691412931919,"proteome"
8457,6,2923,0.205268559698939,"proteome"
8458,7,2923,0.239479986315429,"proteome"
8459,4,2923,0.13684570646596,"proteome"
8460,1462,2923,50.0171057133082,"proteome"
8461,6,2923,0.205268559698939,"proteome"
8462,392,2923,13.410879233664,"proteome"
8463,1462,2923,50.0171057133082,"proteome"
8464,309,2923,10.5713308244954,"proteome"
8465,1469,2923,50.2565856996237,"proteome"
8466,11,2923,0.376325692781389,"proteome"
8467,1462,2923,50.0171057133082,"proteome"
8468,15,2923,0.513171399247349,"proteome"
8469,75,2923,2.56585699623674,"proteome"
8470,6,2923,0.205268559698939,"proteome"
8471,11,2923,0.376325692781389,"proteome"
8472,15,2923,0.513171399247349,"proteome"
8473,307,2923,10.5029079712624,"proteome"
8474,1462,2923,50.0171057133082,"proteome"
8475,7,2923,0.239479986315429,"proteome"
8476,6,2923,0.205268559698939,"proteome"
8477,3,2923,0.10263427984947,"proteome"
8478,4,2923,0.13684570646596,"proteome"
8479,1462,2923,50.0171057133082,"proteome"
8480,480,2923,16.4214847759152,"proteome"
8481,2,2923,0.0684228532329798,"proteome"
8482,5,2923,0.17105713308245,"proteome"
8483,4,2923,0.13684570646596,"proteome"
8484,191,2923,6.53438248374957,"proteome"
8485,1533,2923,52.446117003079,"proteome"
8486,1,2923,0.0342114266164899,"proteome"
8487,10,2923,0.342114266164899,"proteome"
8488,112,2923,3.83167978104687,"proteome"
8489,2,2923,0.0684228532329798,"proteome"
8490,1461,2923,49.9828942866918,"proteome"
8491,3,2923,0.10263427984947,"proteome"
8492,1462,2923,50.0171057133082,"proteome"
8493,82,2923,2.80533698255217,"proteome"
8494,110,2923,3.76325692781389,"proteome"
8495,103,2923,3.52377694149846,"proteome"
8496,1887,2923,64.5569620253165,"proteome"
8497,7,2923,0.239479986315429,"proteome"
8498,147,2923,5.02907971262402,"proteome"
8499,1461,2923,49.9828942866918,"proteome"
8500,9,2923,0.307902839548409,"proteome"
8501,6,2923,0.205268559698939,"proteome"
8502,91,2923,3.11323982210058,"proteome"
8503,1478,2923,50.5644885391721,"proteome"
8504,212,2923,7.25282244269586,"proteome"
8505,1463,2923,50.0513171399247,"proteome"
8506,1571,2923,53.7461512145056,"proteome"
8507,4,2923,0.13684570646596,"proteome"
8508,12,2923,0.410537119397879,"proteome"
8509,1564,2923,53.5066712281902,"proteome"
8510,4,2923,0.13684570646596,"proteome"
8511,1461,2923,49.9828942866918,"proteome"
8512,106,2923,3.62641122134793,"proteome"
8513,1467,2923,50.1881628463907,"proteome"
8514,4,2923,0.13684570646596,"proteome"
8515,295,2923,10.0923708518645,"proteome"
8516,4,2923,0.13684570646596,"proteome"
8517,144,2923,4.92644543277455,"proteome"
8518,7,2923,0.239479986315429,"proteome"
8519,386,2923,13.2056106739651,"proteome"
8520,2,2923,0.0684228532329798,"proteome"
8521,208,2923,7.1159767362299,"proteome"
8522,166,2923,5.67909681833732,"proteome"
8523,4,2923,0.13684570646596,"proteome"
8524,493,2923,16.8662333219295,"proteome"
8525,7,2923,0.239479986315429,"proteome"
8526,2,2923,0.0684228532329798,"proteome"
8527,5,2923,0.17105713308245,"proteome"
8528,4,2923,0.13684570646596,"proteome"
8529,4,2923,0.13684570646596,"proteome"
8530,283,2923,9.68183373246664,"proteome"
8531,159,2923,5.43961683202189,"proteome"
8532,530,2923,18.1320561067397,"proteome"
8533,73,2923,2.49743414300376,"proteome"
8534,1461,2923,49.9828942866918,"proteome"
8535,1460,2923,49.9486828600753,"proteome"
8536,119,2923,4.0711597673623,"proteome"
8537,1463,2923,50.0513171399247,"proteome"
8538,4,2923,0.13684570646596,"proteome"
8539,2,2923,0.0684228532329798,"proteome"
8540,146,2923,4.99486828600753,"proteome"
8541,1534,2923,52.4803284296955,"proteome"
8542,4,2923,0.13684570646596,"proteome"
8543,11,2923,0.376325692781389,"proteome"
8544,1886,2923,64.5227505987,"proteome"
8545,744,2923,25.4533014026685,"proteome"
8546,95,2923,3.25008552856654,"proteome"
8547,17,2923,0.581594252480328,"proteome"
8548,1463,2923,50.0513171399247,"proteome"
8549,4,2923,0.13684570646596,"proteome"
8550,1460,2923,49.9486828600753,"proteome"
8551,8,2923,0.273691412931919,"proteome"
8552,6,2923,0.205268559698939,"proteome"
8553,1462,2923,50.0171057133082,"proteome"
8554,18,2923,0.615805679096818,"proteome"
8555,113,2923,3.86589120766336,"proteome"
8556,1972,2923,67.4649332877181,"proteome"
8557,118,2923,4.03694834074581,"proteome"
8558,1462,2923,50.0171057133082,"proteome"
8559,1465,2923,50.1197399931577,"proteome"
8560,426,2923,14.5740677386247,"proteome"
8561,6,2923,0.205268559698939,"proteome"
8562,93,2923,3.18166267533356,"proteome"
8563,1461,2923,49.9828942866918,"proteome"
8564,99,2923,3.3869312350325,"proteome"
8565,67,2923,2.29216558330482,"proteome"
8566,3,2923,0.10263427984947,"proteome"
8567,7,2923,0.239479986315429,"proteome"
8568,496,2923,16.968867601779,"proteome"
8569,3,2923,0.10263427984947,"proteome"
8570,1469,2923,50.2565856996237,"proteome"
8571,1468,2923,50.2223742730072,"proteome"
8572,12,2923,0.410537119397879,"proteome"
8573,130,2923,4.44748546014369,"proteome"
8574,5,2923,0.17105713308245,"proteome"
8575,194,2923,6.63701676359904,"proteome"
8576,107,2923,3.66062264796442,"proteome"
8577,429,2923,14.6767020184742,"proteome"
8578,1,2923,0.0342114266164899,"proteome"
8579,4,2923,0.13684570646596,"proteome"
8580,212,2923,7.25282244269586,"proteome"
8581,6,2923,0.205268559698939,"proteome"
8582,3,2923,0.10263427984947,"proteome"
8583,3,2923,0.10263427984947,"proteome"
8584,106,2923,3.62641122134793,"proteome"
8585,3,2923,0.10263427984947,"proteome"
8586,7,2923,0.239479986315429,"proteome"
8587,5,2923,0.17105713308245,"proteome"
8588,3,2923,0.10263427984947,"proteome"
8589,73,2923,2.49743414300376,"proteome"
8590,730,2923,24.9743414300376,"proteome"
8591,3,2923,0.10263427984947,"proteome"
8592,7,2923,0.239479986315429,"proteome"
8593,3,2923,0.10263427984947,"proteome"
8594,13,2923,0.444748546014369,"proteome"
8595,9,2923,0.307902839548409,"proteome"
8596,489,2923,16.7293876154636,"proteome"
8597,6,2923,0.205268559698939,"proteome"
8598,119,2923,4.0711597673623,"proteome"
8599,3,2923,0.10263427984947,"proteome"
8600,116,2923,3.96852548751283,"proteome"
8601,1463,2923,50.0513171399247,"proteome"
8602,29,2923,0.992131371878207,"proteome"
8603,1462,2923,50.0171057133082,"proteome"
8604,100,2923,3.42114266164899,"proteome"
8605,1462,2923,50.0171057133082,"proteome"
8606,1462,2923,50.0171057133082,"proteome"
8607,109,2923,3.7290455011974,"proteome"
8608,1461,2923,49.9828942866918,"proteome"
8609,2,2923,0.0684228532329798,"proteome"
8610,244,2923,8.34758809442354,"proteome"
8611,2,2923,0.0684228532329798,"proteome"
8612,286,2923,9.78446801231611,"proteome"
8613,1462,2923,50.0171057133082,"proteome"
8614,97,2923,3.31850838179952,"proteome"
8615,167,2923,5.71330824495381,"proteome"
8616,2,2923,0.0684228532329798,"proteome"
8617,121,2923,4.13958262059528,"proteome"
8618,1463,2923,50.0513171399247,"proteome"
8619,75,2923,2.56585699623674,"proteome"
8620,120,2923,4.10537119397879,"proteome"
8621,7,2923,0.239479986315429,"proteome"
8622,147,2923,5.02907971262402,"proteome"
8623,8,2923,0.273691412931919,"proteome"
8624,4,2923,0.13684570646596,"proteome"
8625,1462,2923,50.0171057133082,"proteome"
8626,515,2923,17.6188847074923,"proteome"
8627,1461,2923,49.9828942866918,"proteome"
8628,147,2923,5.02907971262402,"proteome"
8629,146,2923,4.99486828600753,"proteome"
8630,1461,2923,49.9828942866918,"proteome"
8631,3,2923,0.10263427984947,"proteome"
8632,260,2923,8.89497092028738,"proteome"
8633,4,2923,0.13684570646596,"proteome"
8634,2,2923,0.0684228532329798,"proteome"
8635,93,2923,3.18166267533356,"proteome"
8636,8,2923,0.273691412931919,"proteome"
8637,8,2923,0.273691412931919,"proteome"
8638,9,2923,0.307902839548409,"proteome"
8639,4,2923,0.13684570646596,"proteome"
8640,670,2923,22.9216558330482,"proteome"
8641,13,2923,0.444748546014369,"proteome"
8642,117,2923,4.00273691412932,"proteome"
8643,18,2923,0.615805679096818,"proteome"
8644,154,2923,5.26855969893945,"proteome"
8645,10,2923,0.342114266164899,"proteome"
8646,8,2923,0.273691412931919,"proteome"
8647,1461,2923,49.9828942866918,"proteome"
8648,112,2923,3.83167978104687,"proteome"
8649,10,2923,0.342114266164899,"proteome"
8650,1463,2923,50.0513171399247,"proteome"
8651,4,2923,0.13684570646596,"proteome"
8652,4,2923,0.13684570646596,"proteome"
8653,75,2923,2.56585699623674,"proteome"
8654,1460,2923,49.9486828600753,"proteome"
8655,4,2923,0.13684570646596,"proteome"
8656,521,2923,17.8241532671912,"proteome"
8657,630,2923,21.5531987683886,"proteome"
8658,75,2923,2.56585699623674,"proteome"
8659,1530,2923,52.3434827232296,"proteome"
8660,3,2923,0.10263427984947,"proteome"
8661,9,2923,0.307902839548409,"proteome"
8662,4,2923,0.13684570646596,"proteome"
8663,3,2923,0.10263427984947,"proteome"
8664,276,2923,9.44235374615121,"proteome"
8665,3,2923,0.10263427984947,"proteome"
8666,113,2923,3.86589120766336,"proteome"
8667,6,2923,0.205268559698939,"proteome"
8668,1460,2923,49.9486828600753,"proteome"
8669,200,2923,6.84228532329798,"proteome"
8670,13,2923,0.444748546014369,"proteome"
8671,12,2923,0.410537119397879,"proteome"
8672,111,2923,3.79746835443038,"proteome"
8673,239,2923,8.17653096134109,"proteome"
8674,101,2923,3.45535408826548,"proteome"
8675,1463,2923,50.0513171399247,"proteome"
8676,1,2923,0.0342114266164899,"proteome"
8677,599,2923,20.4926445432775,"proteome"
8678,96,2923,3.28429695518303,"proteome"
8679,6,2923,0.205268559698939,"proteome"
8680,1464,2923,50.0855285665412,"proteome"
8681,108,2923,3.69483407458091,"proteome"
8682,2,2923,0.0684228532329798,"proteome"
8683,3,2923,0.10263427984947,"proteome"
8684,9,2923,0.307902839548409,"proteome"
8685,99,2923,3.3869312350325,"proteome"
8686,5,2923,0.17105713308245,"proteome"
8687,1464,2923,50.0855285665412,"proteome"
8688,1463,2923,50.0513171399247,"proteome"
8689,1570,2923,53.7119397878892,"proteome"
8690,1463,2923,50.0513171399247,"proteome"
8691,7,2923,0.239479986315429,"proteome"
8692,1,2923,0.0342114266164899,"proteome"
8693,4,2923,0.13684570646596,"proteome"
8694,7,2923,0.239479986315429,"proteome"
8695,704,2923,24.0848443380089,"proteome"
8696,2,2923,0.0684228532329798,"proteome"
8697,6,2923,0.205268559698939,"proteome"
8698,1469,2923,50.2565856996237,"proteome"
8699,1463,2923,50.0513171399247,"proteome"
8700,1462,2923,50.0171057133082,"proteome"
8701,97,2923,3.31850838179952,"proteome"
8702,7,2923,0.239479986315429,"proteome"
8703,2,2923,0.0684228532329798,"proteome"
8704,2,2923,0.0684228532329798,"proteome"
8705,6,2923,0.205268559698939,"proteome"
8706,5,2923,0.17105713308245,"proteome"
8707,196,2923,6.70543961683202,"proteome"
8708,2012,2923,68.8333903523777,"proteome"
8709,87,2923,2.97639411563462,"proteome"
8710,267,2923,9.1344509066028,"proteome"
8711,146,2923,4.99486828600753,"proteome"
8712,19,2923,0.650017105713308,"proteome"
8713,101,2923,3.45535408826548,"proteome"
8714,3,2923,0.10263427984947,"proteome"
8715,80,2923,2.73691412931919,"proteome"
8716,110,2923,3.76325692781389,"proteome"
8717,13,2923,0.444748546014369,"proteome"
8718,5,2923,0.17105713308245,"proteome"
8719,18,2923,0.615805679096818,"proteome"
8720,1463,2923,50.0513171399247,"proteome"
8721,116,2923,3.96852548751283,"proteome"
8722,1462,2923,50.0171057133082,"proteome"
8723,3,2923,0.10263427984947,"proteome"
8724,107,2923,3.66062264796442,"proteome"
8725,3,2923,0.10263427984947,"proteome"
8726,103,2923,3.52377694149846,"proteome"
8727,18,2923,0.615805679096818,"proteome"
8728,5,2923,0.17105713308245,"proteome"
8729,1,2923,0.0342114266164899,"proteome"
8730,4,2923,0.13684570646596,"proteome"
8731,1576,2923,53.9172083475881,"proteome"
8732,2,2923,0.0684228532329798,"proteome"
8733,3,2923,0.10263427984947,"proteome"
8734,176,2923,6.02121108450222,"proteome"
8735,5,2923,0.17105713308245,"proteome"
8736,8,2923,0.273691412931919,"proteome"
8737,73,2923,2.49743414300376,"proteome"
8738,5,2923,0.17105713308245,"proteome"
8739,18,2923,0.615805679096818,"proteome"
8740,1461,2923,49.9828942866918,"proteome"
8741,1464,2923,50.0855285665412,"proteome"
8742,422,2923,14.4372220321587,"proteome"
8743,122,2923,4.17379404721177,"proteome"
8744,165,2923,5.64488539172083,"proteome"
8745,2,2923,0.0684228532329798,"proteome"
8746,360,2923,12.3161135819364,"proteome"
8747,59,2923,2.0184741703729,"proteome"
8748,8,2923,0.273691412931919,"proteome"
8749,5,2923,0.17105713308245,"proteome"
8750,1468,2923,50.2223742730072,"proteome"
8751,10,2923,0.342114266164899,"proteome"
8752,1463,2923,50.0513171399247,"proteome"
8753,4,2923,0.13684570646596,"proteome"
8754,89,2923,3.0448169688676,"proteome"
8755,97,2923,3.31850838179952,"proteome"
8756,1468,2923,50.2223742730072,"proteome"
8757,9,2923,0.307902839548409,"proteome"
8758,89,2923,3.0448169688676,"proteome"
8759,4,2923,0.13684570646596,"proteome"
8760,4,2923,0.13684570646596,"proteome"
8761,517,2923,17.6873075607253,"proteome"
8762,3,2923,0.10263427984947,"proteome"
8763,2,2923,0.0684228532329798,"proteome"
8764,1464,2923,50.0855285665412,"proteome"
8765,1477,2923,50.5302771125556,"proteome"
8766,1462,2923,50.0171057133082,"proteome"
8767,179,2923,6.12384536435169,"proteome"
8768,1463,2923,50.0513171399247,"proteome"
8769,182,2923,6.22647964420116,"proteome"
8770,101,2923,3.45535408826548,"proteome"
8771,10,2923,0.342114266164899,"proteome"
8772,1462,2923,50.0171057133082,"proteome"
8773,1460,2923,49.9486828600753,"proteome"
8774,3,2923,0.10263427984947,"proteome"
8775,14,2923,0.478959972630859,"proteome"
8776,1480,2923,50.6329113924051,"proteome"
8777,335,2923,11.4608279165241,"proteome"
8778,1641,2923,56.1409510776599,"proteome"
8779,7,2923,0.239479986315429,"proteome"
8780,6,2923,0.205268559698939,"proteome"
8781,372,2923,12.7266507013342,"proteome"
8782,10,2923,0.342114266164899,"proteome"
8783,1462,2923,50.0171057133082,"proteome"
8784,1460,2923,49.9486828600753,"proteome"
8785,4,2923,0.13684570646596,"proteome"
8786,157,2923,5.37119397878892,"proteome"
8787,13,2923,0.444748546014369,"proteome"
8788,5,2923,0.17105713308245,"proteome"
8789,9,2923,0.307902839548409,"proteome"
8790,76,2923,2.60006842285323,"proteome"
8791,200,2923,6.84228532329798,"proteome"
8792,6,2923,0.205268559698939,"proteome"
8793,4,2923,0.13684570646596,"proteome"
8794,13,2923,0.444748546014369,"proteome"
8795,806,2923,27.5744098528909,"proteome"
8796,2,2923,0.0684228532329798,"proteome"
8797,80,2923,2.73691412931919,"proteome"
8798,2,2923,0.0684228532329798,"proteome"
8799,1656,2923,56.6541224769073,"proteome"
8800,1463,2923,50.0513171399247,"proteome"
8801,150,2923,5.13171399247349,"proteome"
8802,1462,2923,50.0171057133082,"proteome"
8803,240,2923,8.21074238795758,"proteome"
8804,218,2923,7.4580910023948,"proteome"
8805,73,2923,2.49743414300376,"proteome"
8806,1462,2923,50.0171057133082,"proteome"
8807,7,2923,0.239479986315429,"proteome"
8808,92,2923,3.14745124871707,"proteome"
8809,1462,2923,50.0171057133082,"proteome"
8810,3,2923,0.10263427984947,"proteome"
8811,122,2923,4.17379404721177,"proteome"
8812,4,2923,0.13684570646596,"proteome"
8813,107,2923,3.66062264796442,"proteome"
8814,148,2923,5.06329113924051,"proteome"
8815,15,2923,0.513171399247349,"proteome"
8816,4,2923,0.13684570646596,"proteome"
8817,1461,2923,49.9828942866918,"proteome"
8818,13,2923,0.444748546014369,"proteome"
8819,5,2923,0.17105713308245,"proteome"
8820,15,2923,0.513171399247349,"proteome"
8821,211,2923,7.21861101607937,"proteome"
8822,1472,2923,50.3592199794731,"proteome"
8823,387,2923,13.2398221005816,"proteome"
8824,1461,2923,49.9828942866918,"proteome"
8825,1463,2923,50.0513171399247,"proteome"
8826,5,2923,0.17105713308245,"proteome"
8827,7,2923,0.239479986315429,"proteome"
8828,211,2923,7.21861101607937,"proteome"
8829,6,2923,0.205268559698939,"proteome"
8830,113,2923,3.86589120766336,"proteome"
8831,104,2923,3.55798836811495,"proteome"
8832,8,2923,0.273691412931919,"proteome"
8833,1463,2923,50.0513171399247,"proteome"
8834,469,2923,16.0451590831338,"proteome"
8835,112,2923,3.83167978104687,"proteome"
8836,108,2923,3.69483407458091,"proteome"
8837,158,2923,5.40540540540541,"proteome"
8838,2,2923,0.0684228532329798,"proteome"
8839,1467,2923,50.1881628463907,"proteome"
8840,4,2923,0.13684570646596,"proteome"
8841,6,2923,0.205268559698939,"proteome"
8842,3,2923,0.10263427984947,"proteome"
8843,1748,2923,59.8015737256244,"proteome"
8844,205,2923,7.01334245638043,"proteome"
8845,1466,2923,50.1539514197742,"proteome"
8846,2,2923,0.0684228532329798,"proteome"
8847,225,2923,7.69757098871023,"proteome"
8848,1533,2923,52.446117003079,"proteome"
8849,1097,2923,37.5299349982894,"proteome"
8850,18,2923,0.615805679096818,"proteome"
8851,507,2923,17.3451932945604,"proteome"
8852,104,2923,3.55798836811495,"proteome"
8853,57,2923,1.95005131713992,"proteome"
8854,1,2923,0.0342114266164899,"proteome"
8855,1463,2923,50.0513171399247,"proteome"
8856,10,2923,0.342114266164899,"proteome"
8857,1462,2923,50.0171057133082,"proteome"
8858,1534,2923,52.4803284296955,"proteome"
8859,144,2923,4.92644543277455,"proteome"
8860,5,2923,0.17105713308245,"proteome"
8861,3,2923,0.10263427984947,"proteome"
8862,14,2923,0.478959972630859,"proteome"
8863,95,2923,3.25008552856654,"proteome"
8864,4,2923,0.13684570646596,"proteome"
8865,10,2923,0.342114266164899,"proteome"
8866,3,2923,0.10263427984947,"proteome"
8867,5,2923,0.17105713308245,"proteome"
8868,15,2923,0.513171399247349,"proteome"
8869,361,2923,12.3503250085529,"proteome"
8870,1462,2923,50.0171057133082,"proteome"
8871,6,2923,0.205268559698939,"proteome"
8872,526,2923,17.9952104002737,"proteome"
8873,338,2923,11.5634621963736,"proteome"
8874,1463,2923,50.0513171399247,"proteome"
8875,70,2923,2.39479986315429,"proteome"
8876,5,2923,0.17105713308245,"proteome"
8877,11,2923,0.376325692781389,"proteome"
8878,1464,2923,50.0855285665412,"proteome"
8879,1462,2923,50.0171057133082,"proteome"
8880,5,2923,0.17105713308245,"proteome"
8881,180,2923,6.15805679096818,"proteome"
8882,124,2923,4.24221690044475,"proteome"
8883,4,2923,0.13684570646596,"proteome"
8884,1461,2923,49.9828942866918,"proteome"
8885,149,2923,5.097502565857,"proteome"
8886,187,2923,6.39753677728361,"proteome"
8887,5,2923,0.17105713308245,"proteome"
8888,16,2923,0.547382825863839,"proteome"
8889,4,2923,0.13684570646596,"proteome"
8890,2,2923,0.0684228532329798,"proteome"
8891,238,2923,8.1423195347246,"proteome"
8892,212,2923,7.25282244269586,"proteome"
8893,2,2923,0.0684228532329798,"proteome"
8894,1462,2923,50.0171057133082,"proteome"
8895,1,2923,0.0342114266164899,"proteome"
8896,5,2923,0.17105713308245,"proteome"
8897,115,2923,3.93431406089634,"proteome"
8898,344,2923,11.7687307560725,"proteome"
8899,202,2923,6.91070817653096,"proteome"
8900,6,2923,0.205268559698939,"proteome"
8901,185,2923,6.32911392405063,"proteome"
8902,11,2923,0.376325692781389,"proteome"
8903,2,2923,0.0684228532329798,"proteome"
8904,111,2923,3.79746835443038,"proteome"
8905,1462,2923,50.0171057133082,"proteome"
8906,4,2923,0.13684570646596,"proteome"
8907,3,2923,0.10263427984947,"proteome"
8908,1463,2923,50.0513171399247,"proteome"
8909,194,2923,6.63701676359904,"proteome"
8910,5,2923,0.17105713308245,"proteome"
8911,111,2923,3.79746835443038,"proteome"
8912,6,2923,0.205268559698939,"proteome"
8913,4,2923,0.13684570646596,"proteome"
8914,113,2923,3.86589120766336,"proteome"
8915,5,2923,0.17105713308245,"proteome"
8916,350,2923,11.9739993157715,"proteome"
8917,95,2923,3.25008552856654,"proteome"
8918,1478,2923,50.5644885391721,"proteome"
8919,3,2923,0.10263427984947,"proteome"
8920,189,2923,6.46595963051659,"proteome"
8921,72,2923,2.46322271638727,"proteome"
8922,1465,2923,50.1197399931577,"proteome"
8923,4,2923,0.13684570646596,"proteome"
8924,9,2923,0.307902839548409,"proteome"
8925,7,2923,0.239479986315429,"proteome"
8926,197,2923,6.73965104344851,"proteome"
8927,1,2923,0.0342114266164899,"proteome"
8928,1462,2923,50.0171057133082,"proteome"
8929,1472,2923,50.3592199794731,"proteome"
8930,94,2923,3.21587410195005,"proteome"
8931,8,2923,0.273691412931919,"proteome"
8932,3,2923,0.10263427984947,"proteome"
8933,14,2923,0.478959972630859,"proteome"
8934,1534,2923,52.4803284296955,"proteome"
8935,22,2923,0.752651385562778,"proteome"
8936,329,2923,11.2555593568252,"proteome"
8937,6,2923,0.205268559698939,"proteome"
8938,10,2923,0.342114266164899,"proteome"
8939,6,2923,0.205268559698939,"proteome"
8940,1461,2923,49.9828942866918,"proteome"
8941,1462,2923,50.0171057133082,"proteome"
8942,145,2923,4.96065685939104,"proteome"
8943,7,2923,0.239479986315429,"proteome"
8944,106,2923,3.62641122134793,"proteome"
8945,1461,2923,49.9828942866918,"proteome"
8946,14,2923,0.478959972630859,"proteome"
8947,5,2923,0.17105713308245,"proteome"
8948,3,2923,0.10263427984947,"proteome"
8949,285,2923,9.75025658569962,"proteome"
8950,2,2923,0.0684228532329798,"proteome"
8951,154,2923,5.26855969893945,"proteome"
8952,118,2923,4.03694834074581,"proteome"
8953,3,2923,0.10263427984947,"proteome"
8954,59,2923,2.0184741703729,"proteome"
8955,75,2923,2.56585699623674,"proteome"
8956,30,2923,1.0263427984947,"proteome"
8957,1477,2923,50.5302771125556,"proteome"
8958,7,2923,0.239479986315429,"proteome"
8959,13,2923,0.444748546014369,"proteome"
8960,1464,2923,50.0855285665412,"proteome"
8961,2,2923,0.0684228532329798,"proteome"
8962,5,2923,0.17105713308245,"proteome"
8963,7,2923,0.239479986315429,"proteome"
8964,21,2923,0.718439958946288,"proteome"
8965,1464,2923,50.0855285665412,"proteome"
8966,1562,2923,53.4382483749572,"proteome"
8967,6,2923,0.205268559698939,"proteome"
8968,4,2923,0.13684570646596,"proteome"
8969,2,2923,0.0684228532329798,"proteome"
8970,173,2923,5.91857680465275,"proteome"
8971,1462,2923,50.0171057133082,"proteome"
8972,7,2923,0.239479986315429,"proteome"
8973,1,2923,0.0342114266164899,"proteome"
8974,172,2923,5.88436537803626,"proteome"
8975,3,2923,0.10263427984947,"proteome"
8976,3,2923,0.10263427984947,"proteome"
8977,167,2923,5.71330824495381,"proteome"
8978,6,2923,0.205268559698939,"proteome"
8979,4,2923,0.13684570646596,"proteome"
8980,22,2923,0.752651385562778,"proteome"
8981,668,2923,22.8532329798153,"proteome"
8982,3,2923,0.10263427984947,"proteome"
8983,7,2923,0.239479986315429,"proteome"
8984,94,2923,3.21587410195005,"proteome"
8985,22,2923,0.752651385562778,"proteome"
8986,9,2923,0.307902839548409,"proteome"
8987,7,2923,0.239479986315429,"proteome"
8988,99,2923,3.3869312350325,"proteome"
8989,4,2923,0.13684570646596,"proteome"
8990,9,2923,0.307902839548409,"proteome"
8991,10,2923,0.342114266164899,"proteome"
8992,1469,2923,50.2565856996237,"proteome"
8993,15,2923,0.513171399247349,"proteome"
8994,1463,2923,50.0513171399247,"proteome"
8995,159,2923,5.43961683202189,"proteome"
8996,3,2923,0.10263427984947,"proteome"
8997,4,2923,0.13684570646596,"proteome"
8998,1464,2923,50.0855285665412,"proteome"
8999,1464,2923,50.0855285665412,"proteome"
9000,7,2923,0.239479986315429,"proteome"
9001,274,2923,9.37393089291824,"proteome"
9002,7,2923,0.239479986315429,"proteome"
9003,29,2923,0.992131371878207,"proteome"
9004,5,2923,0.17105713308245,"proteome"
9005,14,2923,0.478959972630859,"proteome"
9006,22,2923,0.752651385562778,"proteome"
9007,3,2923,0.10263427984947,"proteome"
9008,1462,2923,50.0171057133082,"proteome"
9009,1461,2923,49.9828942866918,"proteome"
9010,1469,2923,50.2565856996237,"proteome"
9011,7,2923,0.239479986315429,"proteome"
9012,1463,2923,50.0513171399247,"proteome"
9013,1463,2923,50.0513171399247,"proteome"
9014,1462,2923,50.0171057133082,"proteome"
9015,110,2923,3.76325692781389,"proteome"
9016,1461,2923,49.9828942866918,"proteome"
9017,3,2923,0.10263427984947,"proteome"
9018,12,2923,0.410537119397879,"proteome"
9019,2146,2923,73.4177215189873,"proteome"
9020,14,2923,0.478959972630859,"proteome"
9021,9,2923,0.307902839548409,"proteome"
9022,180,2923,6.15805679096818,"proteome"
9023,73,2923,2.49743414300376,"proteome"
9024,1460,2923,49.9486828600753,"proteome"
9025,3,2923,0.10263427984947,"proteome"
9026,150,2923,5.13171399247349,"proteome"
9027,4,2923,0.13684570646596,"proteome"
9028,1462,2923,50.0171057133082,"proteome"
9029,99,2923,3.3869312350325,"proteome"
9030,95,2923,3.25008552856654,"proteome"
9031,102,2923,3.48956551488197,"proteome"
9032,201,2923,6.87649674991447,"proteome"
9033,1462,2923,50.0171057133082,"proteome"
9034,7,2923,0.239479986315429,"proteome"
9035,76,2923,2.60006842285323,"proteome"
9036,1,2923,0.0342114266164899,"proteome"
9037,253,2923,8.65549093397195,"proteome"
9038,1829,2923,62.57269928156,"proteome"
9039,1463,2923,50.0513171399247,"proteome"
9040,1461,2923,49.9828942866918,"proteome"
9041,4,2923,0.13684570646596,"proteome"
9042,1463,2923,50.0513171399247,"proteome"
9043,7,2923,0.239479986315429,"proteome"
9044,1461,2923,49.9828942866918,"proteome"
9045,196,2923,6.70543961683202,"proteome"
9046,3,2923,0.10263427984947,"proteome"
9047,1463,2923,50.0513171399247,"proteome"
9048,10,2923,0.342114266164899,"proteome"
9049,17,2923,0.581594252480328,"proteome"
9050,1463,2923,50.0513171399247,"proteome"
9051,2,2923,0.0684228532329798,"proteome"
9052,137,2923,4.68696544645912,"proteome"
9053,1462,2923,50.0171057133082,"proteome"
9054,1461,2923,49.9828942866918,"proteome"
9055,1465,2923,50.1197399931577,"proteome"
9056,6,2923,0.205268559698939,"proteome"
9057,14,2923,0.478959972630859,"proteome"
9058,7,2923,0.239479986315429,"proteome"
9059,11,2923,0.376325692781389,"proteome"
9060,10,2923,0.342114266164899,"proteome"
9061,377,2923,12.8977078344167,"proteome"
9062,1464,2923,50.0855285665412,"proteome"
9063,289,2923,9.88710229216558,"proteome"
9064,6,2923,0.205268559698939,"proteome"
9065,6,2923,0.205268559698939,"proteome"
9066,373,2923,12.7608621279507,"proteome"
9067,3,2923,0.10263427984947,"proteome"
9068,1576,2923,53.9172083475881,"proteome"
9069,2557,2923,87.4786178583647,"proteome"
9070,114,2923,3.90010263427985,"proteome"
9071,1462,2923,50.0171057133082,"proteome"
9072,4,2923,0.13684570646596,"proteome"
9073,1463,2923,50.0513171399247,"proteome"
9074,84,2923,2.87375983578515,"proteome"
9075,1462,2923,50.0171057133082,"proteome"
9076,1604,2923,54.8751282928498,"proteome"
9077,2,2923,0.0684228532329798,"proteome"
9078,24,2923,0.821074238795758,"proteome"
9079,10,2923,0.342114266164899,"proteome"
9080,1469,2923,50.2565856996237,"proteome"
9081,15,2923,0.513171399247349,"proteome"
9082,3,2923,0.10263427984947,"proteome"
9083,5,2923,0.17105713308245,"proteome"
9084,1574,2923,53.8487854943551,"proteome"
9085,298,2923,10.195005131714,"proteome"
9086,4,2923,0.13684570646596,"proteome"
9087,5,2923,0.17105713308245,"proteome"
9088,3,2923,0.10263427984947,"proteome"
9089,27,2923,0.923708518645228,"proteome"
9090,217,2923,7.42387957577831,"proteome"
9091,18,2923,0.615805679096818,"proteome"
9092,685,2923,23.4348272322956,"proteome"
9093,7,2923,0.239479986315429,"proteome"
9094,106,2923,3.62641122134793,"proteome"
9095,6,2923,0.205268559698939,"proteome"
9096,2,2923,0.0684228532329798,"proteome"
9097,3,2923,0.10263427984947,"proteome"
9098,5,2923,0.17105713308245,"proteome"
9099,1,2923,0.0342114266164899,"proteome"
9100,106,2923,3.62641122134793,"proteome"
9101,348,2923,11.9055764625385,"proteome"
9102,7,2923,0.239479986315429,"proteome"
9103,6,2923,0.205268559698939,"proteome"
9104,5,2923,0.17105713308245,"proteome"
9105,100,2923,3.42114266164899,"proteome"
9106,96,2923,3.28429695518303,"proteome"
9107,98,2923,3.35271980841601,"proteome"
9108,5,2923,0.17105713308245,"proteome"
9109,757,2923,25.8980499486829,"proteome"
9110,1463,2923,50.0513171399247,"proteome"
9111,1461,2923,49.9828942866918,"proteome"
9112,7,2923,0.239479986315429,"proteome"
9113,4,2923,0.13684570646596,"proteome"
9114,6,2923,0.205268559698939,"proteome"
9115,4,2923,0.13684570646596,"proteome"
9116,6,2923,0.205268559698939,"proteome"
9117,105,2923,3.59219979473144,"proteome"
9118,6,2923,0.205268559698939,"proteome"
9119,281,2923,9.61341087923366,"proteome"
9120,2,2923,0.0684228532329798,"proteome"
9121,1462,2923,50.0171057133082,"proteome"
9122,7,2923,0.239479986315429,"proteome"
9123,6,2923,0.205268559698939,"proteome"
9124,6,2923,0.205268559698939,"proteome"
9125,1464,2923,50.0855285665412,"proteome"
9126,1477,2923,50.5302771125556,"proteome"
9127,1465,2923,50.1197399931577,"proteome"
9128,7,2923,0.239479986315429,"proteome"
9129,225,2923,7.69757098871023,"proteome"
9130,16,2923,0.547382825863839,"proteome"
9131,1464,2923,50.0855285665412,"proteome"
9132,231,2923,7.90283954840917,"proteome"
9133,3,2923,0.10263427984947,"proteome"
9134,210,2923,7.18439958946288,"proteome"
9135,5,2923,0.17105713308245,"proteome"
9136,3,2923,0.10263427984947,"proteome"
9137,59,2923,2.0184741703729,"proteome"
9138,8,2923,0.273691412931919,"proteome"
9139,1461,2923,49.9828942866918,"proteome"
9140,744,2923,25.4533014026685,"proteome"
9141,9,2923,0.307902839548409,"proteome"
9142,14,2923,0.478959972630859,"proteome"
9143,4,2923,0.13684570646596,"proteome"
9144,6,2923,0.205268559698939,"proteome"
9145,1574,2923,53.8487854943551,"proteome"
9146,4,2923,0.13684570646596,"proteome"
9147,10,2923,0.342114266164899,"proteome"
9148,1576,2923,53.9172083475881,"proteome"
9149,1469,2923,50.2565856996237,"proteome"
9150,4,2923,0.13684570646596,"proteome"
9151,5,2923,0.17105713308245,"proteome"
9152,114,2923,3.90010263427985,"proteome"
9153,435,2923,14.8819705781731,"proteome"
9154,1465,2923,50.1197399931577,"proteome"
9155,1463,2923,50.0513171399247,"proteome"
9156,15,2923,0.513171399247349,"proteome"
9157,1466,2923,50.1539514197742,"proteome"
9158,1463,2923,50.0513171399247,"proteome"
9159,1461,2923,49.9828942866918,"proteome"
9160,9,2923,0.307902839548409,"proteome"
9161,6,2923,0.205268559698939,"proteome"
9162,106,2923,3.62641122134793,"proteome"
9163,1525,2923,52.1724255901471,"proteome"
9164,1464,2923,50.0855285665412,"proteome"
9165,583,2923,19.9452617174136,"proteome"
9166,423,2923,14.4714334587752,"proteome"
9167,9,2923,0.307902839548409,"proteome"
9168,4,2923,0.13684570646596,"proteome"
9169,5,2923,0.17105713308245,"proteome"
9170,2,2923,0.0684228532329798,"proteome"
9171,3,2923,0.10263427984947,"proteome"
9172,1639,2923,56.072528224427,"proteome"
9173,18,2923,0.615805679096818,"proteome"
9174,102,2923,3.48956551488197,"proteome"
9175,1463,2923,50.0513171399247,"proteome"
9176,1469,2923,50.2565856996237,"proteome"
9177,5,2923,0.17105713308245,"proteome"
9178,467,2923,15.9767362299008,"proteome"
9179,17,2923,0.581594252480328,"proteome"
9180,6,2923,0.205268559698939,"proteome"
9181,9,2923,0.307902839548409,"proteome"
9182,1468,2923,50.2223742730072,"proteome"
9183,1461,2923,49.9828942866918,"proteome"
9184,2,2923,0.0684228532329798,"proteome"
9185,6,2923,0.205268559698939,"proteome"
9186,4,2923,0.13684570646596,"proteome"
9187,7,2923,0.239479986315429,"proteome"
9188,3,2923,0.10263427984947,"proteome"
9189,18,2923,0.615805679096818,"proteome"
9190,4,2923,0.13684570646596,"proteome"
9191,1462,2923,50.0171057133082,"proteome"
9192,99,2923,3.3869312350325,"proteome"
9193,7,2923,0.239479986315429,"proteome"
9194,1478,2923,50.5644885391721,"proteome"
9195,9,2923,0.307902839548409,"proteome"
9196,18,2923,0.615805679096818,"proteome"
9197,93,2923,3.18166267533356,"proteome"
9198,1461,2923,49.9828942866918,"proteome"
9199,7,2923,0.239479986315429,"proteome"
9200,13,2923,0.444748546014369,"proteome"
9201,194,2923,6.63701676359904,"proteome"
9202,2,2923,0.0684228532329798,"proteome"
9203,2,2923,0.0684228532329798,"proteome"
9204,109,2923,3.7290455011974,"proteome"
9205,13,2923,0.444748546014369,"proteome"
9206,17,2923,0.581594252480328,"proteome"
9207,5,2923,0.17105713308245,"proteome"
9208,1928,2923,65.9596305165925,"proteome"
9209,1,2923,0.0342114266164899,"proteome"
9210,4,2923,0.13684570646596,"proteome"
9211,5,2923,0.17105713308245,"proteome"
9212,201,2923,6.87649674991447,"proteome"
9213,2,2923,0.0684228532329798,"proteome"
9214,1464,2923,50.0855285665412,"proteome"
9215,7,2923,0.239479986315429,"proteome"
9216,19,2923,0.650017105713308,"proteome"
9217,17,2923,0.581594252480328,"proteome"
9218,1463,2923,50.0513171399247,"proteome"
9219,17,2923,0.581594252480328,"proteome"
9220,1538,2923,52.6171741361615,"proteome"
9221,150,2923,5.13171399247349,"proteome"
9222,506,2923,17.3109818679439,"proteome"
9223,1468,2923,50.2223742730072,"proteome"
9224,8,2923,0.273691412931919,"proteome"
9225,5,2923,0.17105713308245,"proteome"
9226,4,2923,0.13684570646596,"proteome"
9227,7,2923,0.239479986315429,"proteome"
9228,1461,2923,49.9828942866918,"proteome"
9229,277,2923,9.4765651727677,"proteome"
9230,5,2923,0.17105713308245,"proteome"
9231,1464,2923,50.0855285665412,"proteome"
9232,5,2923,0.17105713308245,"proteome"
9233,3,2923,0.10263427984947,"proteome"
9234,1461,2923,49.9828942866918,"proteome"
9235,1463,2923,50.0513171399247,"proteome"
9236,11,2923,0.376325692781389,"proteome"
9237,51,2923,1.74478275744099,"proteome"
9238,4,2923,0.13684570646596,"proteome"
9239,17,2923,0.581594252480328,"proteome"
9240,2,2923,0.0684228532329798,"proteome"
9241,1464,2923,50.0855285665412,"proteome"
9242,18,2923,0.615805679096818,"proteome"
9243,10,2923,0.342114266164899,"proteome"
9244,516,2923,17.6530961341088,"proteome"
9245,2191,2923,74.9572357167294,"proteome"
9246,3,2923,0.10263427984947,"proteome"
9247,3,2923,0.10263427984947,"proteome"
9248,6,2923,0.205268559698939,"proteome"
9249,5,2923,0.17105713308245,"proteome"
9250,113,2923,3.86589120766336,"proteome"
9251,9,2923,0.307902839548409,"proteome"
9252,105,2923,3.59219979473144,"proteome"
9253,7,2923,0.239479986315429,"proteome"
9254,90,2923,3.07902839548409,"proteome"
9255,3,2923,0.10263427984947,"proteome"
9256,21,2923,0.718439958946288,"proteome"
9257,1826,2923,62.4700650017106,"proteome"
9258,11,2923,0.376325692781389,"proteome"
9259,4,2923,0.13684570646596,"proteome"
9260,115,2923,3.93431406089634,"proteome"
9261,3,2923,0.10263427984947,"proteome"
9262,3,2923,0.10263427984947,"proteome"
9263,8,2923,0.273691412931919,"proteome"
9264,1461,2923,49.9828942866918,"proteome"
9265,4,2923,0.13684570646596,"proteome"
9266,3,2923,0.10263427984947,"proteome"
9267,96,2923,3.28429695518303,"proteome"
9268,3,2923,0.10263427984947,"proteome"
9269,1477,2923,50.5302771125556,"proteome"
9270,99,2923,3.3869312350325,"proteome"
9271,1578,2923,53.9856312008211,"proteome"
9272,4,2923,0.13684570646596,"proteome"
9273,1261,2923,43.1406089633938,"proteome"
9274,6,2923,0.205268559698939,"proteome"
9275,1466,2923,50.1539514197742,"proteome"
9276,1534,2923,52.4803284296955,"proteome"
9277,1462,2923,50.0171057133082,"proteome"
9278,161,2923,5.50803968525488,"proteome"
9279,14,2923,0.478959972630859,"proteome"
9280,5,2923,0.17105713308245,"proteome"
9281,603,2923,20.6294902497434,"proteome"
9282,7,2923,0.239479986315429,"proteome"
9283,1477,2923,50.5302771125556,"proteome"
9284,331,2923,11.3239822100582,"proteome"
9285,14,2923,0.478959972630859,"proteome"
9286,319,2923,10.9134450906603,"proteome"
9287,5,2923,0.17105713308245,"proteome"
9288,5,2923,0.17105713308245,"proteome"
9289,165,2923,5.64488539172083,"proteome"
9290,5,2923,0.17105713308245,"proteome"
9291,10,2923,0.342114266164899,"proteome"
9292,1462,2923,50.0171057133082,"proteome"
9293,100,2923,3.42114266164899,"proteome"
9294,294,2923,10.058159425248,"proteome"
9295,4,2923,0.13684570646596,"proteome"
9296,1468,2923,50.2223742730072,"proteome"
9297,4,2923,0.13684570646596,"proteome"
9298,5,2923,0.17105713308245,"proteome"
9299,5,2923,0.17105713308245,"proteome"
9300,10,2923,0.342114266164899,"proteome"
9301,3,2923,0.10263427984947,"proteome"
9302,152,2923,5.20013684570647,"proteome"
9303,95,2923,3.25008552856654,"proteome"
9304,6,2923,0.205268559698939,"proteome"
9305,1462,2923,50.0171057133082,"proteome"
9306,2557,2923,87.4786178583647,"proteome"
9307,4,2923,0.13684570646596,"proteome"
9308,6,2923,0.205268559698939,"proteome"
9309,103,2923,3.52377694149846,"proteome"
9310,6,2923,0.205268559698939,"proteome"
9311,1462,2923,50.0171057133082,"proteome"
9312,7,2923,0.239479986315429,"proteome"
9313,5,2923,0.17105713308245,"proteome"
9314,8,2923,0.273691412931919,"proteome"
9315,1462,2923,50.0171057133082,"proteome"
9316,6,2923,0.205268559698939,"proteome"
9317,4,2923,0.13684570646596,"proteome"
9318,101,2923,3.45535408826548,"proteome"
9319,4,2923,0.13684570646596,"proteome"
9320,220,2923,7.52651385562778,"proteome"
9321,2,2923,0.0684228532329798,"proteome"
9322,1461,2923,49.9828942866918,"proteome"
9323,3,2923,0.10263427984947,"proteome"
9324,84,2923,2.87375983578515,"proteome"
9325,15,2923,0.513171399247349,"proteome"
9326,8,2923,0.273691412931919,"proteome"
9327,1462,2923,50.0171057133082,"proteome"
9328,7,2923,0.239479986315429,"proteome"
9329,5,2923,0.17105713308245,"proteome"
9330,4,2923,0.13684570646596,"proteome"
9331,3,2923,0.10263427984947,"proteome"
9332,218,2923,7.4580910023948,"proteome"
9333,7,2923,0.239479986315429,"proteome"
9334,1464,2923,50.0855285665412,"proteome"
9335,15,2923,0.513171399247349,"proteome"
9336,17,2923,0.581594252480328,"proteome"
9337,14,2923,0.478959972630859,"proteome"
9338,1,2923,0.0342114266164899,"proteome"
9339,5,2923,0.17105713308245,"proteome"
9340,2203,2923,75.3677728361273,"proteome"
9341,7,2923,0.239479986315429,"proteome"
9342,1463,2923,50.0513171399247,"proteome"
9343,97,2923,3.31850838179952,"proteome"
9344,15,2923,0.513171399247349,"proteome"
9345,1462,2923,50.0171057133082,"proteome"
9346,3,2923,0.10263427984947,"proteome"
9347,1461,2923,49.9828942866918,"proteome"
9348,1468,2923,50.2223742730072,"proteome"
9349,5,2923,0.17105713308245,"proteome"
9350,1468,2923,50.2223742730072,"proteome"
9351,326,2923,11.1529250769757,"proteome"
9352,2,2923,0.0684228532329798,"proteome"
9353,4,2923,0.13684570646596,"proteome"
9354,746,2923,25.5217242559015,"proteome"
9355,12,2923,0.410537119397879,"proteome"
9356,3,2923,0.10263427984947,"proteome"
9357,9,2923,0.307902839548409,"proteome"
9358,10,2923,0.342114266164899,"proteome"
9359,3,2923,0.10263427984947,"proteome"
9360,6,2923,0.205268559698939,"proteome"
9361,1,2923,0.0342114266164899,"proteome"
9362,211,2923,7.21861101607937,"proteome"
9363,6,2923,0.205268559698939,"proteome"
9364,22,2923,0.752651385562778,"proteome"
9365,6,2923,0.205268559698939,"proteome"
9366,1463,2923,50.0513171399247,"proteome"
9367,1463,2923,50.0513171399247,"proteome"
9368,10,2923,0.342114266164899,"proteome"
9369,105,2923,3.59219979473144,"proteome"
9370,206,2923,7.04755388299692,"proteome"
9371,2,2923,0.0684228532329798,"proteome"
9372,120,2923,4.10537119397879,"proteome"
9373,112,2923,3.83167978104687,"proteome"
9374,10,2923,0.342114266164899,"proteome"
9375,11,2923,0.376325692781389,"proteome"
9376,99,2923,3.3869312350325,"proteome"
9377,3,2923,0.10263427984947,"proteome"
9378,73,2923,2.49743414300376,"proteome"
9379,1464,2923,50.0855285665412,"proteome"
9380,586,2923,20.0478959972631,"proteome"
9381,94,2923,3.21587410195005,"proteome"
9382,1468,2923,50.2223742730072,"proteome"
9383,6,2923,0.205268559698939,"proteome"
9384,85,2923,2.90797126240164,"proteome"
9385,1480,2923,50.6329113924051,"proteome"
9386,1463,2923,50.0513171399247,"proteome"
9387,1462,2923,50.0171057133082,"proteome"
9388,11,2923,0.376325692781389,"proteome"
9389,51,2923,1.74478275744099,"proteome"
9390,367,2923,12.5555935682518,"proteome"
9391,214,2923,7.32124529592884,"proteome"
9392,5,2923,0.17105713308245,"proteome"
9393,159,2923,5.43961683202189,"proteome"
9394,111,2923,3.79746835443038,"proteome"
9395,110,2923,3.76325692781389,"proteome"
9396,4,2923,0.13684570646596,"proteome"
9397,4,2923,0.13684570646596,"proteome"
9398,1463,2923,50.0513171399247,"proteome"
9399,94,2923,3.21587410195005,"proteome"
9400,1462,2923,50.0171057133082,"proteome"
9401,27,2923,0.923708518645228,"proteome"
9402,2,2923,0.0684228532329798,"proteome"
9403,3,2923,0.10263427984947,"proteome"
9404,117,2923,4.00273691412932,"proteome"
9405,10,2923,0.342114266164899,"proteome"
9406,98,2923,3.35271980841601,"proteome"
9407,5,2923,0.17105713308245,"proteome"
9408,1461,2923,49.9828942866918,"proteome"
9409,339,2923,11.5976736229901,"proteome"
9410,192,2923,6.56859391036606,"proteome"
9411,1462,2923,50.0171057133082,"proteome"
9412,6,2923,0.205268559698939,"proteome"
9413,5,2923,0.17105713308245,"proteome"
9414,1654,2923,56.5856996236743,"proteome"
9415,5,2923,0.17105713308245,"proteome"
9416,1462,2923,50.0171057133082,"proteome"
9417,17,2923,0.581594252480328,"proteome"
9418,96,2923,3.28429695518303,"proteome"
9419,2,2923,0.0684228532329798,"proteome"
9420,1460,2923,49.9486828600753,"proteome"
9421,2,2923,0.0684228532329798,"proteome"
9422,3,2923,0.10263427984947,"proteome"
9423,116,2923,3.96852548751283,"proteome"
9424,151,2923,5.16592541908998,"proteome"
9425,8,2923,0.273691412931919,"proteome"
9426,5,2923,0.17105713308245,"proteome"
9427,19,2923,0.650017105713308,"proteome"
9428,1463,2923,50.0513171399247,"proteome"
9429,345,2923,11.802942182689,"proteome"
9430,5,2923,0.17105713308245,"proteome"
9431,3,2923,0.10263427984947,"proteome"
9432,1461,2923,49.9828942866918,"proteome"
9433,97,2923,3.31850838179952,"proteome"
9434,5,2923,0.17105713308245,"proteome"
9435,1462,2923,50.0171057133082,"proteome"
9436,4,2923,0.13684570646596,"proteome"
9437,8,2923,0.273691412931919,"proteome"
9438,1461,2923,49.9828942866918,"proteome"
9439,3,2923,0.10263427984947,"proteome"
9440,5,2923,0.17105713308245,"proteome"
9441,9,2923,0.307902839548409,"proteome"
9442,128,2923,4.37906260691071,"proteome"
9443,7,2923,0.239479986315429,"proteome"
9444,6,2923,0.205268559698939,"proteome"
9445,103,2923,3.52377694149846,"proteome"
9446,6,2923,0.205268559698939,"proteome"
9447,1,2923,0.0342114266164899,"proteome"
9448,2,2923,0.0684228532329798,"proteome"
9449,3,2923,0.10263427984947,"proteome"
9450,721,2923,24.6664385904892,"proteome"
9451,6,2923,0.205268559698939,"proteome"
9452,14,2923,0.478959972630859,"proteome"
9453,5,2923,0.17105713308245,"proteome"
9454,163,2923,5.57646253848785,"proteome"
9455,19,2923,0.650017105713308,"proteome"
9456,10,2923,0.342114266164899,"proteome"
9457,1572,2923,53.7803626411221,"proteome"
9458,18,2923,0.615805679096818,"proteome"
9459,17,2923,0.581594252480328,"proteome"
9460,3,2923,0.10263427984947,"proteome"
9461,727,2923,24.8717071501882,"proteome"
9462,5,2923,0.17105713308245,"proteome"
9463,8,2923,0.273691412931919,"proteome"
9464,97,2923,3.31850838179952,"proteome"
9465,11,2923,0.376325692781389,"proteome"
9466,1461,2923,49.9828942866918,"proteome"
9467,6,2923,0.205268559698939,"proteome"
9468,3,2923,0.10263427984947,"proteome"
9469,3,2923,0.10263427984947,"proteome"
9470,6,2923,0.205268559698939,"proteome"
9471,110,2923,3.76325692781389,"proteome"
9472,1462,2923,50.0171057133082,"proteome"
9473,6,2923,0.205268559698939,"proteome"
9474,5,2923,0.17105713308245,"proteome"
9475,85,2923,2.90797126240164,"proteome"
9476,2,2923,0.0684228532329798,"proteome"
9477,6,2923,0.205268559698939,"proteome"
9478,3,2923,0.10263427984947,"proteome"
9479,1462,2923,50.0171057133082,"proteome"
9480,7,2923,0.239479986315429,"proteome"
9481,3,2923,0.10263427984947,"proteome"
9482,112,2923,3.83167978104687,"proteome"
9483,1728,2923,59.1173451932946,"proteome"
9484,1480,2923,50.6329113924051,"proteome"
9485,239,2923,8.17653096134109,"proteome"
9486,5,2923,0.17105713308245,"proteome"
9487,5,2923,0.17105713308245,"proteome"
9488,6,2923,0.205268559698939,"proteome"
9489,7,2923,0.239479986315429,"proteome"
9490,9,2923,0.307902839548409,"proteome"
9491,4,2923,0.13684570646596,"proteome"
9492,1463,2923,50.0513171399247,"proteome"
9493,1467,2923,50.1881628463907,"proteome"
9494,97,2923,3.31850838179952,"proteome"
9495,6,2923,0.205268559698939,"proteome"
9496,66,2923,2.25795415668833,"proteome"
9497,80,2923,2.73691412931919,"proteome"
9498,4,2923,0.13684570646596,"proteome"
9499,7,2923,0.239479986315429,"proteome"
9500,10,2923,0.342114266164899,"proteome"
9501,1,2923,0.0342114266164899,"proteome"
9502,528,2923,18.0636332535067,"proteome"
9503,7,2923,0.239479986315429,"proteome"
9504,80,2923,2.73691412931919,"proteome"
9505,4,2923,0.13684570646596,"proteome"
9506,1461,2923,49.9828942866918,"proteome"
9507,1461,2923,49.9828942866918,"proteome"
9508,1461,2923,49.9828942866918,"proteome"
9509,1468,2923,50.2223742730072,"proteome"
9510,1461,2923,49.9828942866918,"proteome"
9511,27,2923,0.923708518645228,"proteome"
9512,95,2923,3.25008552856654,"proteome"
9513,1463,2923,50.0513171399247,"proteome"
9514,3,2923,0.10263427984947,"proteome"
9515,1479,2923,50.5986999657886,"proteome"
9516,4,2923,0.13684570646596,"proteome"
9517,1463,2923,50.0513171399247,"proteome"
9518,5,2923,0.17105713308245,"proteome"
9519,2,2923,0.0684228532329798,"proteome"
9520,1468,2923,50.2223742730072,"proteome"
9521,288,2923,9.85289086554909,"proteome"
9522,203,2923,6.94491960314745,"proteome"
9523,7,2923,0.239479986315429,"proteome"
9524,114,2923,3.90010263427985,"proteome"
9525,245,2923,8.38179952104003,"proteome"
9526,17,2923,0.581594252480328,"proteome"
9527,108,2923,3.69483407458091,"proteome"
9528,191,2923,6.53438248374957,"proteome"
9529,1463,2923,50.0513171399247,"proteome"
9530,6,2923,0.205268559698939,"proteome"
9531,251,2923,8.58706808073897,"proteome"
9532,5,2923,0.17105713308245,"proteome"
9533,110,2923,3.76325692781389,"proteome"
9534,11,2923,0.376325692781389,"proteome"
9535,626,2923,21.4163530619227,"proteome"
9536,7,2923,0.239479986315429,"proteome"
9537,3,2923,0.10263427984947,"proteome"
9538,125,2923,4.27642832706124,"proteome"
9539,1462,2923,50.0171057133082,"proteome"
9540,4,2923,0.13684570646596,"proteome"
9541,1464,2923,50.0855285665412,"proteome"
9542,1462,2923,50.0171057133082,"proteome"
9543,109,2923,3.7290455011974,"proteome"
9544,3,2923,0.10263427984947,"proteome"
9545,5,2923,0.17105713308245,"proteome"
9546,1463,2923,50.0513171399247,"proteome"
9547,356,2923,12.1792678754704,"proteome"
9548,6,2923,0.205268559698939,"proteome"
9549,29,2923,0.992131371878207,"proteome"
9550,1462,2923,50.0171057133082,"proteome"
9551,198,2923,6.773862470065,"proteome"
9552,108,2923,3.69483407458091,"proteome"
9553,1464,2923,50.0855285665412,"proteome"
9554,307,2923,10.5029079712624,"proteome"
9555,1468,2923,50.2223742730072,"proteome"
9556,1463,2923,50.0513171399247,"proteome"
9557,5,2923,0.17105713308245,"proteome"
9558,1461,2923,49.9828942866918,"proteome"
9559,3,2923,0.10263427984947,"proteome"
9560,24,2923,0.821074238795758,"proteome"
9561,1462,2923,50.0171057133082,"proteome"
9562,10,2923,0.342114266164899,"proteome"
9563,4,2923,0.13684570646596,"proteome"
9564,3,2923,0.10263427984947,"proteome"
9565,82,2923,2.80533698255217,"proteome"
9566,3,2923,0.10263427984947,"proteome"
9567,10,2923,0.342114266164899,"proteome"
9568,2,2923,0.0684228532329798,"proteome"
9569,105,2923,3.59219979473144,"proteome"
9570,74,2923,2.53164556962025,"proteome"
9571,1654,2923,56.5856996236743,"proteome"
9572,104,2923,3.55798836811495,"proteome"
9573,5,2923,0.17105713308245,"proteome"
9574,1463,2923,50.0513171399247,"proteome"
9575,1,2923,0.0342114266164899,"proteome"
9576,115,2923,3.93431406089634,"proteome"
9577,10,2923,0.342114266164899,"proteome"
9578,81,2923,2.77112555593568,"proteome"
9579,1462,2923,50.0171057133082,"proteome"
9580,608,2923,20.8005473828259,"proteome"
9581,15,2923,0.513171399247349,"proteome"
9582,112,2923,3.83167978104687,"proteome"
9583,1461,2923,49.9828942866918,"proteome"
9584,13,2923,0.444748546014369,"proteome"
9585,286,2923,9.78446801231611,"proteome"
9586,2,2923,0.0684228532329798,"proteome"
9587,3,2923,0.10263427984947,"proteome"
9588,4,2923,0.13684570646596,"proteome"
9589,3,2923,0.10263427984947,"proteome"
9590,3,2923,0.10263427984947,"proteome"
9591,1461,2923,49.9828942866918,"proteome"
9592,6,2923,0.205268559698939,"proteome"
9593,1463,2923,50.0513171399247,"proteome"
9594,7,2923,0.239479986315429,"proteome"
9595,273,2923,9.33971946630174,"proteome"
9596,2,2923,0.0684228532329798,"proteome"
9597,102,2923,3.48956551488197,"proteome"
9598,426,2923,14.5740677386247,"proteome"
9599,146,2923,4.99486828600753,"proteome"
9600,7,2923,0.239479986315429,"proteome"
9601,7,2923,0.239479986315429,"proteome"
9602,1463,2923,50.0513171399247,"proteome"
9603,1461,2923,49.9828942866918,"proteome"
9604,5,2923,0.17105713308245,"proteome"
9605,1615,2923,55.2514539856312,"proteome"
9606,11,2923,0.376325692781389,"proteome"
9607,2,2923,0.0684228532329798,"proteome"
9608,1782,2923,60.964762230585,"proteome"
9609,1461,2923,49.9828942866918,"proteome"
9610,7,2923,0.239479986315429,"proteome"
9611,15,2923,0.513171399247349,"proteome"
9612,200,2923,6.84228532329798,"proteome"
9613,176,2923,6.02121108450222,"proteome"
9614,115,2923,3.93431406089634,"proteome"
9615,72,2923,2.46322271638727,"proteome"
9616,1574,2923,53.8487854943551,"proteome"
9617,78,2923,2.66849127608621,"proteome"
9618,188,2923,6.4317482039001,"proteome"
9619,3,2923,0.10263427984947,"proteome"
9620,1463,2923,50.0513171399247,"proteome"
9621,1462,2923,50.0171057133082,"proteome"
9622,1472,2923,50.3592199794731,"proteome"
9623,5,2923,0.17105713308245,"proteome"
9624,15,2923,0.513171399247349,"proteome"
9625,1477,2923,50.5302771125556,"proteome"
9626,5,2923,0.17105713308245,"proteome"
9627,1,2923,0.0342114266164899,"proteome"
9628,8,2923,0.273691412931919,"proteome"
9629,7,2923,0.239479986315429,"proteome"
9630,10,2923,0.342114266164899,"proteome"
9631,113,2923,3.86589120766336,"proteome"
9632,4,2923,0.13684570646596,"proteome"
9633,1464,2923,50.0855285665412,"proteome"
9634,1461,2923,49.9828942866918,"proteome"
9635,102,2923,3.48956551488197,"proteome"
9636,15,2923,0.513171399247349,"proteome"
9637,94,2923,3.21587410195005,"proteome"
9638,4,2923,0.13684570646596,"proteome"
9639,17,2923,0.581594252480328,"proteome"
9640,15,2923,0.513171399247349,"proteome"
9641,80,2923,2.73691412931919,"proteome"
9642,4,2923,0.13684570646596,"proteome"
9643,6,2923,0.205268559698939,"proteome"
9644,6,2923,0.205268559698939,"proteome"
9645,4,2923,0.13684570646596,"proteome"
9646,13,2923,0.444748546014369,"proteome"
9647,7,2923,0.239479986315429,"proteome"
9648,1462,2923,50.0171057133082,"proteome"
9649,10,2923,0.342114266164899,"proteome"
9650,765,2923,26.1717413616148,"proteome"
9651,5,2923,0.17105713308245,"proteome"
9652,1464,2923,50.0855285665412,"proteome"
9653,4,2923,0.13684570646596,"proteome"
9654,1463,2923,50.0513171399247,"proteome"
9655,1461,2923,49.9828942866918,"proteome"
9656,5,2923,0.17105713308245,"proteome"
9657,2,2923,0.0684228532329798,"proteome"
9658,83,2923,2.83954840916866,"proteome"
9659,5,2923,0.17105713308245,"proteome"
9660,85,2923,2.90797126240164,"proteome"
9661,149,2923,5.097502565857,"proteome"
9662,6,2923,0.205268559698939,"proteome"
9663,368,2923,12.5898049948683,"proteome"
9664,3,2923,0.10263427984947,"proteome"
9665,205,2923,7.01334245638043,"proteome"
9666,16,2923,0.547382825863839,"proteome"
9667,7,2923,0.239479986315429,"proteome"
9668,1468,2923,50.2223742730072,"proteome"
9669,198,2923,6.773862470065,"proteome"
9670,1462,2923,50.0171057133082,"proteome"
9671,106,2923,3.62641122134793,"proteome"
9672,105,2923,3.59219979473144,"proteome"
9673,7,2923,0.239479986315429,"proteome"
9674,5,2923,0.17105713308245,"proteome"
9675,4,2923,0.13684570646596,"proteome"
9676,1477,2923,50.5302771125556,"proteome"
9677,7,2923,0.239479986315429,"proteome"
9678,3,2923,0.10263427984947,"proteome"
9679,194,2923,6.63701676359904,"proteome"
9680,2,2923,0.0684228532329798,"proteome"
9681,1466,2923,50.1539514197742,"proteome"
9682,1472,2923,50.3592199794731,"proteome"
9683,96,2923,3.28429695518303,"proteome"
9684,106,2923,3.62641122134793,"proteome"
9685,9,2923,0.307902839548409,"proteome"
9686,114,2923,3.90010263427985,"proteome"
9687,242,2923,8.27916524119056,"proteome"
9688,2,2923,0.0684228532329798,"proteome"
9689,5,2923,0.17105713308245,"proteome"
9690,7,2923,0.239479986315429,"proteome"
9691,535,2923,18.3031132398221,"proteome"
9692,1582,2923,54.122476907287,"proteome"
9693,4,2923,0.13684570646596,"proteome"
9694,11,2923,0.376325692781389,"proteome"
9695,118,2923,4.03694834074581,"proteome"
9696,187,2923,6.39753677728361,"proteome"
9697,3,2923,0.10263427984947,"proteome"
9698,1545,2923,52.8566541224769,"proteome"
9699,186,2923,6.36332535066712,"proteome"
9700,2,2923,0.0684228532329798,"proteome"
9701,4,2923,0.13684570646596,"proteome"
9702,150,2923,5.13171399247349,"proteome"
9703,1461,2923,49.9828942866918,"proteome"
9704,6,2923,0.205268559698939,"proteome"
9705,11,2923,0.376325692781389,"proteome"
9706,1464,2923,50.0855285665412,"proteome"
9707,1462,2923,50.0171057133082,"proteome"
9708,1546,2923,52.8908655490934,"proteome"
9709,10,2923,0.342114266164899,"proteome"
9710,10,2923,0.342114266164899,"proteome"
9711,521,2923,17.8241532671912,"proteome"
9712,1461,2923,49.9828942866918,"proteome"
9713,4,2923,0.13684570646596,"proteome"
9714,90,2923,3.07902839548409,"proteome"
9715,308,2923,10.5371193978789,"proteome"
9716,1477,2923,50.5302771125556,"proteome"
9717,188,2923,6.4317482039001,"proteome"
9718,59,2923,2.0184741703729,"proteome"
9719,125,2923,4.27642832706124,"proteome"
9720,7,2923,0.239479986315429,"proteome"
9721,226,2923,7.73178241532672,"proteome"
9722,2,2923,0.0684228532329798,"proteome"
9723,3,2923,0.10263427984947,"proteome"
9724,1461,2923,49.9828942866918,"proteome"
9725,4,2923,0.13684570646596,"proteome"
9726,3,2923,0.10263427984947,"proteome"
9727,7,2923,0.239479986315429,"proteome"
9728,5,2923,0.17105713308245,"proteome"
9729,7,2923,0.239479986315429,"proteome"
9730,1152,2923,39.4115634621964,"proteome"
9731,334,2923,11.4266164899076,"proteome"
9732,1,2923,0.0342114266164899,"proteome"
9733,10,2923,0.342114266164899,"proteome"
9734,1464,2923,50.0855285665412,"proteome"
9735,2,2923,0.0684228532329798,"proteome"
9736,1468,2923,50.2223742730072,"proteome"
9737,10,2923,0.342114266164899,"proteome"
9738,238,2923,8.1423195347246,"proteome"
9739,6,2923,0.205268559698939,"proteome"
9740,198,2923,6.773862470065,"proteome"
9741,6,2923,0.205268559698939,"proteome"
9742,1462,2923,50.0171057133082,"proteome"
9743,1462,2923,50.0171057133082,"proteome"
9744,368,2923,12.5898049948683,"proteome"
9745,1466,2923,50.1539514197742,"proteome"
9746,17,2923,0.581594252480328,"proteome"
9747,320,2923,10.9476565172768,"proteome"
9748,64,2923,2.18953130345535,"proteome"
9749,9,2923,0.307902839548409,"proteome"
9750,154,2923,5.26855969893945,"proteome"
9751,2,2923,0.0684228532329798,"proteome"
9752,1567,2923,53.6093055080397,"proteome"
9753,5,2923,0.17105713308245,"proteome"
9754,106,2923,3.62641122134793,"proteome"
9755,3,2923,0.10263427984947,"proteome"
9756,5,2923,0.17105713308245,"proteome"
9757,169,2923,5.78173109818679,"proteome"
9758,1462,2923,50.0171057133082,"proteome"
9759,14,2923,0.478959972630859,"proteome"
9760,107,2923,3.66062264796442,"proteome"
9761,2,2923,0.0684228532329798,"proteome"
9762,5,2923,0.17105713308245,"proteome"
9763,1,2923,0.0342114266164899,"proteome"
9764,7,2923,0.239479986315429,"proteome"
9765,98,2923,3.35271980841601,"proteome"
9766,191,2923,6.53438248374957,"proteome"
9767,1829,2923,62.57269928156,"proteome"
9768,4,2923,0.13684570646596,"proteome"
9769,75,2923,2.56585699623674,"proteome"
9770,23,2923,0.786862812179268,"proteome"
9771,8,2923,0.273691412931919,"proteome"
9772,1460,2923,49.9486828600753,"proteome"
9773,3,2923,0.10263427984947,"proteome"
9774,5,2923,0.17105713308245,"proteome"
9775,100,2923,3.42114266164899,"proteome"
9776,1462,2923,50.0171057133082,"proteome"
9777,1463,2923,50.0513171399247,"proteome"
9778,14,2923,0.478959972630859,"proteome"
9779,1461,2923,49.9828942866918,"proteome"
9780,3,2923,0.10263427984947,"proteome"
9781,4,2923,0.13684570646596,"proteome"
9782,6,2923,0.205268559698939,"proteome"
9783,5,2923,0.17105713308245,"proteome"
9784,1467,2923,50.1881628463907,"proteome"
9785,131,2923,4.48169688676018,"proteome"
9786,18,2923,0.615805679096818,"proteome"
9787,53,2923,1.81320561067397,"proteome"
9788,4,2923,0.13684570646596,"proteome"
9789,8,2923,0.273691412931919,"proteome"
9790,116,2923,3.96852548751283,"proteome"
9791,11,2923,0.376325692781389,"proteome"
9792,3,2923,0.10263427984947,"proteome"
9793,116,2923,3.96852548751283,"proteome"
9794,162,2923,5.54225111187136,"proteome"
9795,1463,2923,50.0513171399247,"proteome"
9796,14,2923,0.478959972630859,"proteome"
9797,794,2923,27.163872733493,"proteome"
9798,5,2923,0.17105713308245,"proteome"
9799,4,2923,0.13684570646596,"proteome"
9800,5,2923,0.17105713308245,"proteome"
9801,2,2923,0.0684228532329798,"proteome"
9802,106,2923,3.62641122134793,"proteome"
9803,1478,2923,50.5644885391721,"proteome"
9804,5,2923,0.17105713308245,"proteome"
9805,99,2923,3.3869312350325,"proteome"
9806,17,2923,0.581594252480328,"proteome"
9807,93,2923,3.18166267533356,"proteome"
9808,5,2923,0.17105713308245,"proteome"
9809,1467,2923,50.1881628463907,"proteome"
9810,5,2923,0.17105713308245,"proteome"
9811,2,2923,0.0684228532329798,"proteome"
9812,5,2923,0.17105713308245,"proteome"
9813,127,2923,4.34485118029422,"proteome"
9814,117,2923,4.00273691412932,"proteome"
9815,5,2923,0.17105713308245,"proteome"
9816,6,2923,0.205268559698939,"proteome"
9817,3,2923,0.10263427984947,"proteome"
9818,105,2923,3.59219979473144,"proteome"
9819,1462,2923,50.0171057133082,"proteome"
9820,105,2923,3.59219979473144,"proteome"
9821,102,2923,3.48956551488197,"proteome"
9822,1463,2923,50.0513171399247,"proteome"
9823,90,2923,3.07902839548409,"proteome"
9824,1,2923,0.0342114266164899,"proteome"
9825,113,2923,3.86589120766336,"proteome"
9826,3,2923,0.10263427984947,"proteome"
9827,6,2923,0.205268559698939,"proteome"
9828,208,2923,7.1159767362299,"proteome"
9829,121,2923,4.13958262059528,"proteome"
9830,78,2923,2.66849127608621,"proteome"
9831,3,2923,0.10263427984947,"proteome"
9832,557,2923,19.0557646253849,"proteome"
9833,12,2923,0.410537119397879,"proteome"
9834,909,2923,31.0981867943893,"proteome"
9835,1462,2923,50.0171057133082,"proteome"
9836,1468,2923,50.2223742730072,"proteome"
9837,271,2923,9.27129661306877,"proteome"
9838,1466,2923,50.1539514197742,"proteome"
9839,5,2923,0.17105713308245,"proteome"
9840,5,2923,0.17105713308245,"proteome"
9841,1462,2923,50.0171057133082,"proteome"
9842,1472,2923,50.3592199794731,"proteome"
9843,83,2923,2.83954840916866,"proteome"
9844,1461,2923,49.9828942866918,"proteome"
9845,7,2923,0.239479986315429,"proteome"
9846,5,2923,0.17105713308245,"proteome"
9847,4,2923,0.13684570646596,"proteome"
9848,17,2923,0.581594252480328,"proteome"
9849,248,2923,8.4844338008895,"proteome"
9850,11,2923,0.376325692781389,"proteome"
9851,3,2923,0.10263427984947,"proteome"
9852,1462,2923,50.0171057133082,"proteome"
9853,6,2923,0.205268559698939,"proteome"
9854,7,2923,0.239479986315429,"proteome"
9855,6,2923,0.205268559698939,"proteome"
9856,11,2923,0.376325692781389,"proteome"
9857,1463,2923,50.0513171399247,"proteome"
9858,4,2923,0.13684570646596,"proteome"
9859,146,2923,4.99486828600753,"proteome"
9860,1462,2923,50.0171057133082,"proteome"
9861,6,2923,0.205268559698939,"proteome"
9862,166,2923,5.67909681833732,"proteome"
9863,3,2923,0.10263427984947,"proteome"
9864,145,2923,4.96065685939104,"proteome"
9865,3,2923,0.10263427984947,"proteome"
9866,100,2923,3.42114266164899,"proteome"
9867,7,2923,0.239479986315429,"proteome"
9868,1462,2923,50.0171057133082,"proteome"
9869,1463,2923,50.0513171399247,"proteome"
9870,9,2923,0.307902839548409,"proteome"
9871,192,2923,6.56859391036606,"proteome"
9872,298,2923,10.195005131714,"proteome"
9873,10,2923,0.342114266164899,"proteome"
9874,123,2923,4.20800547382826,"proteome"
9875,179,2923,6.12384536435169,"proteome"
9876,1533,2923,52.446117003079,"proteome"
9877,3,2923,0.10263427984947,"proteome"
9878,257,2923,8.79233664043791,"proteome"
9879,159,2923,5.43961683202189,"proteome"
9880,7,2923,0.239479986315429,"proteome"
9881,112,2923,3.83167978104687,"proteome"
9882,9,2923,0.307902839548409,"proteome"
9883,4,2923,0.13684570646596,"proteome"
9884,3,2923,0.10263427984947,"proteome"
9885,91,2923,3.11323982210058,"proteome"
9886,13,2923,0.444748546014369,"proteome"
9887,4,2923,0.13684570646596,"proteome"
9888,4,2923,0.13684570646596,"proteome"
9889,4,2923,0.13684570646596,"proteome"
9890,7,2923,0.239479986315429,"proteome"
9891,8,2923,0.273691412931919,"proteome"
9892,97,2923,3.31850838179952,"proteome"
9893,1469,2923,50.2565856996237,"proteome"
9894,110,2923,3.76325692781389,"proteome"
9895,1540,2923,52.6855969893945,"proteome"
9896,1754,2923,60.0068422853233,"proteome"
9897,101,2923,3.45535408826548,"proteome"
9898,18,2923,0.615805679096818,"proteome"
9899,3,2923,0.10263427984947,"proteome"
9900,370,2923,12.6582278481013,"proteome"
9901,7,2923,0.239479986315429,"proteome"
9902,81,2923,2.77112555593568,"proteome"
9903,5,2923,0.17105713308245,"proteome"
9904,123,2923,4.20800547382826,"proteome"
9905,2,2923,0.0684228532329798,"proteome"
9906,10,2923,0.342114266164899,"proteome"
9907,97,2923,3.31850838179952,"proteome"
9908,17,2923,0.581594252480328,"proteome"
9909,1467,2923,50.1881628463907,"proteome"
9910,6,2923,0.205268559698939,"proteome"
9911,77,2923,2.63427984946972,"proteome"
9912,240,2923,8.21074238795758,"proteome"
9913,127,2923,4.34485118029422,"proteome"
9914,6,2923,0.205268559698939,"proteome"
9915,1465,2923,50.1197399931577,"proteome"
9916,2,2923,0.0684228532329798,"proteome"
9917,76,2923,2.60006842285323,"proteome"
9918,7,2923,0.239479986315429,"proteome"
9919,5,2923,0.17105713308245,"proteome"
9920,6,2923,0.205268559698939,"proteome"
9921,3,2923,0.10263427984947,"proteome"
9922,7,2923,0.239479986315429,"proteome"
9923,123,2923,4.20800547382826,"proteome"
9924,7,2923,0.239479986315429,"proteome"
9925,1468,2923,50.2223742730072,"proteome"
9926,8,2923,0.273691412931919,"proteome"
9927,103,2923,3.52377694149846,"proteome"
9928,76,2923,2.60006842285323,"proteome"
9929,109,2923,3.7290455011974,"proteome"
9930,232,2923,7.93705097502566,"proteome"
9931,5,2923,0.17105713308245,"proteome"
9932,1462,2923,50.0171057133082,"proteome"
9933,279,2923,9.54498802600068,"proteome"
9934,1460,2923,49.9486828600753,"proteome"
9935,105,2923,3.59219979473144,"proteome"
9936,59,2923,2.0184741703729,"proteome"
9937,7,2923,0.239479986315429,"proteome"
9938,1462,2923,50.0171057133082,"proteome"
9939,471,2923,16.1135819363667,"proteome"
9940,5,2923,0.17105713308245,"proteome"
9941,3,2923,0.10263427984947,"proteome"
9942,6,2923,0.205268559698939,"proteome"
9943,6,2923,0.205268559698939,"proteome"
9944,5,2923,0.17105713308245,"proteome"
9945,1463,2923,50.0513171399247,"proteome"
9946,1466,2923,50.1539514197742,"proteome"
9947,101,2923,3.45535408826548,"proteome"
9948,10,2923,0.342114266164899,"proteome"
9949,8,2923,0.273691412931919,"proteome"
9950,6,2923,0.205268559698939,"proteome"
9951,149,2923,5.097502565857,"proteome"
9952,101,2923,3.45535408826548,"proteome"
9953,1466,2923,50.1539514197742,"proteome"
9954,7,2923,0.239479986315429,"proteome"
9955,100,2923,3.42114266164899,"proteome"
9956,1463,2923,50.0513171399247,"proteome"
9957,1464,2923,50.0855285665412,"proteome"
9958,313,2923,10.7081765309613,"proteome"
9959,1466,2923,50.1539514197742,"proteome"
9960,97,2923,3.31850838179952,"proteome"
9961,10,2923,0.342114266164899,"proteome"
9962,5,2923,0.17105713308245,"proteome"
9963,97,2923,3.31850838179952,"proteome"
9964,3,2923,0.10263427984947,"proteome"
9965,1463,2923,50.0513171399247,"proteome"
9966,11,2923,0.376325692781389,"proteome"
9967,1464,2923,50.0855285665412,"proteome"
9968,6,2923,0.205268559698939,"proteome"
9969,1460,2923,49.9486828600753,"proteome"
9970,658,2923,22.5111187136504,"proteome"
9971,6,2923,0.205268559698939,"proteome"
9972,3,2923,0.10263427984947,"proteome"
9973,7,2923,0.239479986315429,"proteome"
9974,1460,2923,49.9486828600753,"proteome"
9975,1461,2923,49.9828942866918,"proteome"
9976,93,2923,3.18166267533356,"proteome"
9977,5,2923,0.17105713308245,"proteome"
9978,13,2923,0.444748546014369,"proteome"
9979,6,2923,0.205268559698939,"proteome"
9980,3,2923,0.10263427984947,"proteome"
9981,4,2923,0.13684570646596,"proteome"
9982,3,2923,0.10263427984947,"proteome"
9983,147,2923,5.02907971262402,"proteome"
9984,1462,2923,50.0171057133082,"proteome"
9985,4,2923,0.13684570646596,"proteome"
9986,6,2923,0.205268559698939,"proteome"
9987,7,2923,0.239479986315429,"proteome"
9988,3,2923,0.10263427984947,"proteome"
9989,167,2923,5.71330824495381,"proteome"
9990,4,2923,0.13684570646596,"proteome"
9991,5,2923,0.17105713308245,"proteome"
9992,283,2923,9.68183373246664,"proteome"
9993,1468,2923,50.2223742730072,"proteome"
9994,3,2923,0.10263427984947,"proteome"
9995,7,2923,0.239479986315429,"proteome"
9996,215,2923,7.35545672254533,"proteome"
9997,608,2923,20.8005473828259,"proteome"
9998,1567,2923,53.6093055080397,"proteome"
9999,2293,2923,78.4468012316114,"proteome"
10000,4,2923,0.13684570646596,"proteome"
10001,118,2923,4.03694834074581,"proteome"
10002,1463,2923,50.0513171399247,"proteome"
10003,3,2923,0.10263427984947,"proteome"
10004,1467,2923,50.1881628463907,"proteome"
10005,5,2923,0.17105713308245,"proteome"
10006,1472,2923,50.3592199794731,"proteome"
10007,4,2923,0.13684570646596,"proteome"
10008,1888,2923,64.5911734519329,"proteome"
10009,2,2923,0.0684228532329798,"proteome"
10010,1462,2923,50.0171057133082,"proteome"
10011,6,2923,0.205268559698939,"proteome"
10012,1462,2923,50.0171057133082,"proteome"
10013,95,2923,3.25008552856654,"proteome"
10014,5,2923,0.17105713308245,"proteome"
10015,1463,2923,50.0513171399247,"proteome"
10016,1578,2923,53.9856312008211,"proteome"
10017,5,2923,0.17105713308245,"proteome"
10018,4,2923,0.13684570646596,"proteome"
10019,95,2923,3.25008552856654,"proteome"
10020,2,2923,0.0684228532329798,"proteome"
10021,12,2923,0.410537119397879,"proteome"
10022,11,2923,0.376325692781389,"proteome"
10023,171,2923,5.85015395141977,"proteome"
10024,115,2923,3.93431406089634,"proteome"
10025,7,2923,0.239479986315429,"proteome"
10026,1461,2923,49.9828942866918,"proteome"
10027,7,2923,0.239479986315429,"proteome"
10028,9,2923,0.307902839548409,"proteome"
10029,8,2923,0.273691412931919,"proteome"
10030,4,2923,0.13684570646596,"proteome"
10031,1472,2923,50.3592199794731,"proteome"
10032,5,2923,0.17105713308245,"proteome"
10033,109,2923,3.7290455011974,"proteome"
10034,3,2923,0.10263427984947,"proteome"
10035,10,2923,0.342114266164899,"proteome"
10036,92,2923,3.14745124871707,"proteome"
10037,152,2923,5.20013684570647,"proteome"
10038,1462,2923,50.0171057133082,"proteome"
10039,1468,2923,50.2223742730072,"proteome"
10040,8,2923,0.273691412931919,"proteome"
10041,1468,2923,50.2223742730072,"proteome"
10042,18,2923,0.615805679096818,"proteome"
10043,223,2923,7.62914813547725,"proteome"
10044,1461,2923,49.9828942866918,"proteome"
10045,4,2923,0.13684570646596,"proteome"
10046,217,2923,7.42387957577831,"proteome"
10047,1,2923,0.0342114266164899,"proteome"
10048,5,2923,0.17105713308245,"proteome"
10049,370,2923,12.6582278481013,"proteome"
10050,1464,2923,50.0855285665412,"proteome"
10051,241,2923,8.24495381457407,"proteome"
10052,6,2923,0.205268559698939,"proteome"
10053,1463,2923,50.0513171399247,"proteome"
10054,11,2923,0.376325692781389,"proteome"
10055,807,2923,27.6086212795074,"proteome"
10056,21,2923,0.718439958946288,"proteome"
10057,6,2923,0.205268559698939,"proteome"
10058,1461,2923,49.9828942866918,"proteome"
10059,5,2923,0.17105713308245,"proteome"
10060,6,2923,0.205268559698939,"proteome"
10061,189,2923,6.46595963051659,"proteome"
10062,1468,2923,50.2223742730072,"proteome"
10063,310,2923,10.6055422511119,"proteome"
10064,3,2923,0.10263427984947,"proteome"
10065,160,2923,5.47382825863839,"proteome"
10066,3,2923,0.10263427984947,"proteome"
10067,2,2923,0.0684228532329798,"proteome"
10068,71,2923,2.42901128977078,"proteome"
10069,245,2923,8.38179952104003,"proteome"
10070,5,2923,0.17105713308245,"proteome"
10071,1460,2923,49.9486828600753,"proteome"
10072,1464,2923,50.0855285665412,"proteome"
10073,6,2923,0.205268559698939,"proteome"
10074,1467,2923,50.1881628463907,"proteome"
10075,1463,2923,50.0513171399247,"proteome"
10076,3,2923,0.10263427984947,"proteome"
10077,1464,2923,50.0855285665412,"proteome"
10078,1462,2923,50.0171057133082,"proteome"
10079,4,2923,0.13684570646596,"proteome"
10080,7,2923,0.239479986315429,"proteome"
10081,3,2923,0.10263427984947,"proteome"
10082,1570,2923,53.7119397878892,"proteome"
10083,51,2923,1.74478275744099,"proteome"
10084,6,2923,0.205268559698939,"proteome"
10085,203,2923,6.94491960314745,"proteome"
10086,1468,2923,50.2223742730072,"proteome"
10087,4,2923,0.13684570646596,"proteome"
10088,4,2923,0.13684570646596,"proteome"
10089,422,2923,14.4372220321587,"proteome"
10090,101,2923,3.45535408826548,"proteome"
10091,227,2923,7.76599384194321,"proteome"
10092,1840,2923,62.9490249743414,"proteome"
10093,2008,2923,68.6965446459117,"proteome"
10094,3,2923,0.10263427984947,"proteome"
10095,11,2923,0.376325692781389,"proteome"
10096,8,2923,0.273691412931919,"proteome"
10097,5,2923,0.17105713308245,"proteome"
10098,4,2923,0.13684570646596,"proteome"
10099,120,2923,4.10537119397879,"proteome"
10100,147,2923,5.02907971262402,"proteome"
10101,225,2923,7.69757098871023,"proteome"
10102,1,2923,0.0342114266164899,"proteome"
10103,3,2923,0.10263427984947,"proteome"
10104,7,2923,0.239479986315429,"proteome"
10105,1466,2923,50.1539514197742,"proteome"
10106,260,2923,8.89497092028738,"proteome"
10107,59,2923,2.0184741703729,"proteome"
10108,4,2923,0.13684570646596,"proteome"
10109,5,2923,0.17105713308245,"proteome"
10110,1463,2923,50.0513171399247,"proteome"
10111,5,2923,0.17105713308245,"proteome"
10112,6,2923,0.205268559698939,"proteome"
10113,150,2923,5.13171399247349,"proteome"
10114,2,2923,0.0684228532329798,"proteome"
10115,3,2923,0.10263427984947,"proteome"
10116,160,2923,5.47382825863839,"proteome"
10117,194,2923,6.63701676359904,"proteome"
10118,10,2923,0.342114266164899,"proteome"
10119,4,2923,0.13684570646596,"proteome"
10120,2,2923,0.0684228532329798,"proteome"
10121,1462,2923,50.0171057133082,"proteome"
10122,9,2923,0.307902839548409,"proteome"
10123,1469,2923,50.2565856996237,"proteome"
10124,1478,2923,50.5644885391721,"proteome"
10125,5,2923,0.17105713308245,"proteome"
10126,3,2923,0.10263427984947,"proteome"
10127,23,2923,0.786862812179268,"proteome"
10128,3,2923,0.10263427984947,"proteome"
10129,1462,2923,50.0171057133082,"proteome"
10130,6,2923,0.205268559698939,"proteome"
10131,1105,2923,37.8036264112213,"proteome"
10132,12,2923,0.410537119397879,"proteome"
10133,6,2923,0.205268559698939,"proteome"
10134,1,2923,0.0342114266164899,"proteome"
10135,4,2923,0.13684570646596,"proteome"
10136,367,2923,12.5555935682518,"proteome"
10137,1472,2923,50.3592199794731,"proteome"
10138,177,2923,6.05542251111871,"proteome"
10139,10,2923,0.342114266164899,"proteome"
10140,58,2923,1.98426274375641,"proteome"
10141,95,2923,3.25008552856654,"proteome"
10142,214,2923,7.32124529592884,"proteome"
10143,7,2923,0.239479986315429,"proteome"
10144,1461,2923,49.9828942866918,"proteome"
10145,760,2923,26.0006842285323,"proteome"
10146,260,2923,8.89497092028738,"proteome"
10147,1,2923,0.0342114266164899,"proteome"
10148,1,2923,0.0342114266164899,"proteome"
10149,5,2923,0.17105713308245,"proteome"
10150,90,2923,3.07902839548409,"proteome"
10151,302,2923,10.33185083818,"proteome"
10152,10,2923,0.342114266164899,"proteome"
10153,165,2923,5.64488539172083,"proteome"
10154,11,2923,0.376325692781389,"proteome"
10155,150,2923,5.13171399247349,"proteome"
10156,4,2923,0.13684570646596,"proteome"
10157,103,2923,3.52377694149846,"proteome"
10158,1463,2923,50.0513171399247,"proteome"
10159,7,2923,0.239479986315429,"proteome"
10160,99,2923,3.3869312350325,"proteome"
10161,1461,2923,49.9828942866918,"proteome"
10162,1462,2923,50.0171057133082,"proteome"
10163,1641,2923,56.1409510776599,"proteome"
10164,99,2923,3.3869312350325,"proteome"
10165,3,2923,0.10263427984947,"proteome"
10166,6,2923,0.205268559698939,"proteome"
10167,1569,2923,53.6777283612727,"proteome"
10168,4,2923,0.13684570646596,"proteome"
10169,217,2923,7.42387957577831,"proteome"
10170,5,2923,0.17105713308245,"proteome"
10171,1462,2923,50.0171057133082,"proteome"
10172,4,2923,0.13684570646596,"proteome"
10173,3,2923,0.10263427984947,"proteome"
10174,1466,2923,50.1539514197742,"proteome"
10175,10,2923,0.342114266164899,"proteome"
10176,6,2923,0.205268559698939,"proteome"
10177,1330,2923,45.5011973999316,"proteome"
10178,83,2923,2.83954840916866,"proteome"
10179,332,2923,11.3581936366746,"proteome"
10180,1462,2923,50.0171057133082,"proteome"
10181,97,2923,3.31850838179952,"proteome"
10182,93,2923,3.18166267533356,"proteome"
10183,16,2923,0.547382825863839,"proteome"
10184,1461,2923,49.9828942866918,"proteome"
10185,121,2923,4.13958262059528,"proteome"
10186,7,2923,0.239479986315429,"proteome"
10187,6,2923,0.205268559698939,"proteome"
10188,1463,2923,50.0513171399247,"proteome"
10189,1461,2923,49.9828942866918,"proteome"
10190,100,2923,3.42114266164899,"proteome"
10191,7,2923,0.239479986315429,"proteome"
10192,8,2923,0.273691412931919,"proteome"
10193,146,2923,4.99486828600753,"proteome"
10194,1,2923,0.0342114266164899,"proteome"
10195,728,2923,24.9059185768047,"proteome"
10196,1462,2923,50.0171057133082,"proteome"
10197,387,2923,13.2398221005816,"proteome"
10198,1464,2923,50.0855285665412,"proteome"
10199,299,2923,10.2292165583305,"proteome"
10200,3,2923,0.10263427984947,"proteome"
10201,3,2923,0.10263427984947,"proteome"
10202,6,2923,0.205268559698939,"proteome"
10203,3,2923,0.10263427984947,"proteome"
10204,5,2923,0.17105713308245,"proteome"
10205,1572,2923,53.7803626411221,"proteome"
10206,4,2923,0.13684570646596,"proteome"
10207,289,2923,9.88710229216558,"proteome"
10208,6,2923,0.205268559698939,"proteome"
10209,1542,2923,52.7540198426274,"proteome"
10210,1468,2923,50.2223742730072,"proteome"
10211,5,2923,0.17105713308245,"proteome"
10212,74,2923,2.53164556962025,"proteome"
10213,433,2923,14.8135477249401,"proteome"
10214,1463,2923,50.0513171399247,"proteome"
10215,15,2923,0.513171399247349,"proteome"
10216,582,2923,19.9110502907971,"proteome"
10217,2,2923,0.0684228532329798,"proteome"
10218,9,2923,0.307902839548409,"proteome"
10219,151,2923,5.16592541908998,"proteome"
10220,4,2923,0.13684570646596,"proteome"
10221,110,2923,3.76325692781389,"proteome"
10222,5,2923,0.17105713308245,"proteome"
10223,1462,2923,50.0171057133082,"proteome"
10224,2,2923,0.0684228532329798,"proteome"
10225,1935,2923,66.199110502908,"proteome"
10226,91,2923,3.11323982210058,"proteome"
10227,187,2923,6.39753677728361,"proteome"
10228,90,2923,3.07902839548409,"proteome"
10229,3,2923,0.10263427984947,"proteome"
10230,107,2923,3.66062264796442,"proteome"
10231,118,2923,4.03694834074581,"proteome"
10232,5,2923,0.17105713308245,"proteome"
10233,3,2923,0.10263427984947,"proteome"
10234,3,2923,0.10263427984947,"proteome"
10235,4,2923,0.13684570646596,"proteome"
10236,734,2923,25.1111871365036,"proteome"
10237,196,2923,6.70543961683202,"proteome"
10238,2,2923,0.0684228532329798,"proteome"
10239,4,2923,0.13684570646596,"proteome"
10240,4,2923,0.13684570646596,"proteome"
10241,77,2923,2.63427984946972,"proteome"
10242,99,2923,3.3869312350325,"proteome"
10243,10,2923,0.342114266164899,"proteome"
10244,2,2923,0.0684228532329798,"proteome"
10245,100,2923,3.42114266164899,"proteome"
10246,3,2923,0.10263427984947,"proteome"
10247,325,2923,11.1187136503592,"proteome"
10248,1463,2923,50.0513171399247,"proteome"
10249,1464,2923,50.0855285665412,"proteome"
10250,6,2923,0.205268559698939,"proteome"
10251,9,2923,0.307902839548409,"proteome"
10252,1463,2923,50.0513171399247,"proteome"
10253,2,2923,0.0684228532329798,"proteome"
10254,233,2923,7.97126240164215,"proteome"
10255,7,2923,0.239479986315429,"proteome"
10256,98,2923,3.35271980841601,"proteome"
10257,12,2923,0.410537119397879,"proteome"
10258,176,2923,6.02121108450222,"proteome"
10259,896,2923,30.653438248375,"proteome"
10260,6,2923,0.205268559698939,"proteome"
10261,7,2923,0.239479986315429,"proteome"
10262,256,2923,8.75812521382142,"proteome"
10263,3,2923,0.10263427984947,"proteome"
10264,3,2923,0.10263427984947,"proteome"
10265,73,2923,2.49743414300376,"proteome"
10266,5,2923,0.17105713308245,"proteome"
10267,189,2923,6.46595963051659,"proteome"
10268,1461,2923,49.9828942866918,"proteome"
10269,476,2923,16.2846390694492,"proteome"
10270,3,2923,0.10263427984947,"proteome"
10271,487,2923,16.6609647622306,"proteome"
10272,4,2923,0.13684570646596,"proteome"
10273,3,2923,0.10263427984947,"proteome"
10274,4,2923,0.13684570646596,"proteome"
10275,3,2923,0.10263427984947,"proteome"
10276,3,2923,0.10263427984947,"proteome"
10277,3,2923,0.10263427984947,"proteome"
10278,2,2923,0.0684228532329798,"proteome"
10279,7,2923,0.239479986315429,"proteome"
10280,391,2923,13.3766678070476,"proteome"
10281,326,2923,11.1529250769757,"proteome"
10282,29,2923,0.992131371878207,"proteome"
10283,5,2923,0.17105713308245,"proteome"
10284,1531,2923,52.3776941498461,"proteome"
10285,2,2923,0.0684228532329798,"proteome"
10286,1269,2923,43.4143003763257,"proteome"
10287,1,2923,0.0342114266164899,"proteome"
10288,1461,2923,49.9828942866918,"proteome"
10289,2,2923,0.0684228532329798,"proteome"
10290,10,2923,0.342114266164899,"proteome"
10291,291,2923,9.95552514539856,"proteome"
10292,7,2923,0.239479986315429,"proteome"
10293,1463,2923,50.0513171399247,"proteome"
10294,1460,2923,49.9486828600753,"proteome"
10295,112,2923,3.83167978104687,"proteome"
10296,1,2923,0.0342114266164899,"proteome"
10297,1460,2923,49.9486828600753,"proteome"
10298,22,2923,0.752651385562778,"proteome"
10299,91,2923,3.11323982210058,"proteome"
10300,5,2923,0.17105713308245,"proteome"
10301,93,2923,3.18166267533356,"proteome"
10302,29,2923,0.992131371878207,"proteome"
10303,2,2923,0.0684228532329798,"proteome"
10304,4,2923,0.13684570646596,"proteome"
10305,1463,2923,50.0513171399247,"proteome"
10306,1461,2923,49.9828942866918,"proteome"
10307,2,2923,0.0684228532329798,"proteome"
10308,8,2923,0.273691412931919,"proteome"
10309,2,2923,0.0684228532329798,"proteome"
10310,6,2923,0.205268559698939,"proteome"
10311,6,2923,0.205268559698939,"proteome"
10312,1479,2923,50.5986999657886,"proteome"
10313,1468,2923,50.2223742730072,"proteome"
10314,6,2923,0.205268559698939,"proteome"
10315,8,2923,0.273691412931919,"proteome"
10316,1466,2923,50.1539514197742,"proteome"
10317,1462,2923,50.0171057133082,"proteome"
10318,3,2923,0.10263427984947,"proteome"
10319,4,2923,0.13684570646596,"proteome"
10320,3,2923,0.10263427984947,"proteome"
10321,5,2923,0.17105713308245,"proteome"
10322,99,2923,3.3869312350325,"proteome"
10323,1460,2923,49.9486828600753,"proteome"
10324,5,2923,0.17105713308245,"proteome"
10325,19,2923,0.650017105713308,"proteome"
10326,107,2923,3.66062264796442,"proteome"
10327,5,2923,0.17105713308245,"proteome"
10328,247,2923,8.45022237427301,"proteome"
10329,4,2923,0.13684570646596,"proteome"
10330,1461,2923,49.9828942866918,"proteome"
10331,202,2923,6.91070817653096,"proteome"
10332,209,2923,7.15018816284639,"proteome"
10333,190,2923,6.50017105713308,"proteome"
10334,1460,2923,49.9486828600753,"proteome"
10335,236,2923,8.07389668149162,"proteome"
10336,4,2923,0.13684570646596,"proteome"
10337,1480,2923,50.6329113924051,"proteome"
10338,21,2923,0.718439958946288,"proteome"
10339,461,2923,15.7714676702018,"proteome"
10340,1463,2923,50.0513171399247,"proteome"
10341,121,2923,4.13958262059528,"proteome"
10342,229,2923,7.83441669517619,"proteome"
10343,3,2923,0.10263427984947,"proteome"
10344,109,2923,3.7290455011974,"proteome"
10345,3,2923,0.10263427984947,"proteome"
10346,1640,2923,56.1067396510434,"proteome"
10347,1674,2923,57.2699281560041,"proteome"
10348,1464,2923,50.0855285665412,"proteome"
10349,5,2923,0.17105713308245,"proteome"
10350,1462,2923,50.0171057133082,"proteome"
10351,11,2923,0.376325692781389,"proteome"
10352,108,2923,3.69483407458091,"proteome"
10353,51,2923,1.74478275744099,"proteome"
10354,4,2923,0.13684570646596,"proteome"
10355,5,2923,0.17105713308245,"proteome"
10356,4,2923,0.13684570646596,"proteome"
10357,12,2923,0.410537119397879,"proteome"
10358,120,2923,4.10537119397879,"proteome"
10359,2,2923,0.0684228532329798,"proteome"
10360,11,2923,0.376325692781389,"proteome"
10361,1461,2923,49.9828942866918,"proteome"
10362,2,2923,0.0684228532329798,"proteome"
10363,108,2923,3.69483407458091,"proteome"
10364,2,2923,0.0684228532329798,"proteome"
10365,11,2923,0.376325692781389,"proteome"
10366,23,2923,0.786862812179268,"proteome"
10367,1462,2923,50.0171057133082,"proteome"
10368,4,2923,0.13684570646596,"proteome"
10369,15,2923,0.513171399247349,"proteome"
10370,5,2923,0.17105713308245,"proteome"
10371,1464,2923,50.0855285665412,"proteome"
10372,1463,2923,50.0513171399247,"proteome"
10373,97,2923,3.31850838179952,"proteome"
10374,4,2923,0.13684570646596,"proteome"
10375,6,2923,0.205268559698939,"proteome"
10376,78,2923,2.66849127608621,"proteome"
10377,115,2923,3.93431406089634,"proteome"
10378,3,2923,0.10263427984947,"proteome"
10379,108,2923,3.69483407458091,"proteome"
10380,1462,2923,50.0171057133082,"proteome"
10381,2,2923,0.0684228532329798,"proteome"
10382,2,2923,0.0684228532329798,"proteome"
10383,241,2923,8.24495381457407,"proteome"
10384,3,2923,0.10263427984947,"proteome"
10385,1468,2923,50.2223742730072,"proteome"
10386,1468,2923,50.2223742730072,"proteome"
10387,3,2923,0.10263427984947,"proteome"
10388,10,2923,0.342114266164899,"proteome"
10389,191,2923,6.53438248374957,"proteome"
10390,1465,2923,50.1197399931577,"proteome"
10391,100,2923,3.42114266164899,"proteome"
10392,3,2923,0.10263427984947,"proteome"
10393,1653,2923,56.5514881970578,"proteome"
10394,6,2923,0.205268559698939,"proteome"
10395,9,2923,0.307902839548409,"proteome"
10396,10,2923,0.342114266164899,"proteome"
10397,1461,2923,49.9828942866918,"proteome"
10398,241,2923,8.24495381457407,"proteome"
10399,10,2923,0.342114266164899,"proteome"
10400,5,2923,0.17105713308245,"proteome"
10401,709,2923,24.2559014710913,"proteome"
10402,6,2923,0.205268559698939,"proteome"
10403,20,2923,0.684228532329798,"proteome"
10404,262,2923,8.96339377352036,"proteome"
10405,1463,2923,50.0513171399247,"proteome"
10406,10,2923,0.342114266164899,"proteome"
10407,225,2923,7.69757098871023,"proteome"
10408,5,2923,0.17105713308245,"proteome"
10409,21,2923,0.718439958946288,"proteome"
10410,3,2923,0.10263427984947,"proteome"
10411,698,2923,23.87957577831,"proteome"
10412,1466,2923,50.1539514197742,"proteome"
10413,7,2923,0.239479986315429,"proteome"
10414,4,2923,0.13684570646596,"proteome"
10415,3,2923,0.10263427984947,"proteome"
10416,1462,2923,50.0171057133082,"proteome"
10417,4,2923,0.13684570646596,"proteome"
10418,112,2923,3.83167978104687,"proteome"
10419,1465,2923,50.1197399931577,"proteome"
10420,5,2923,0.17105713308245,"proteome"
10421,93,2923,3.18166267533356,"proteome"
10422,10,2923,0.342114266164899,"proteome"
10423,4,2923,0.13684570646596,"proteome"
10424,99,2923,3.3869312350325,"proteome"
10425,1016,2923,34.7588094423537,"proteome"
10426,1463,2923,50.0513171399247,"proteome"
10427,18,2923,0.615805679096818,"proteome"
10428,279,2923,9.54498802600068,"proteome"
10429,199,2923,6.80807389668149,"proteome"
10430,1464,2923,50.0855285665412,"proteome"
10431,10,2923,0.342114266164899,"proteome"
10432,90,2923,3.07902839548409,"proteome"
10433,5,2923,0.17105713308245,"proteome"
10434,123,2923,4.20800547382826,"proteome"
10435,5,2923,0.17105713308245,"proteome"
10436,1542,2923,52.7540198426274,"proteome"
10437,5,2923,0.17105713308245,"proteome"
10438,12,2923,0.410537119397879,"proteome"
10439,2,2923,0.0684228532329798,"proteome"
10440,1463,2923,50.0513171399247,"proteome"
10441,1464,2923,50.0855285665412,"proteome"
10442,728,2923,24.9059185768047,"proteome"
10443,22,2923,0.752651385562778,"proteome"
10444,1462,2923,50.0171057133082,"proteome"
10445,5,2923,0.17105713308245,"proteome"
10446,6,2923,0.205268559698939,"proteome"
10447,4,2923,0.13684570646596,"proteome"
10448,367,2923,12.5555935682518,"proteome"
10449,1585,2923,54.2251111871365,"proteome"
10450,198,2923,6.773862470065,"proteome"
10451,17,2923,0.581594252480328,"proteome"
10452,3,2923,0.10263427984947,"proteome"
10453,4,2923,0.13684570646596,"proteome"
10454,5,2923,0.17105713308245,"proteome"
10455,716,2923,24.4953814574068,"proteome"
10456,2194,2923,75.0598699965789,"proteome"
10457,7,2923,0.239479986315429,"proteome"
10458,2,2923,0.0684228532329798,"proteome"
10459,1465,2923,50.1197399931577,"proteome"
10460,365,2923,12.4871707150188,"proteome"
10461,1461,2923,49.9828942866918,"proteome"
10462,6,2923,0.205268559698939,"proteome"
10463,3,2923,0.10263427984947,"proteome"
10464,106,2923,3.62641122134793,"proteome"
10465,4,2923,0.13684570646596,"proteome"
10466,9,2923,0.307902839548409,"proteome"
10467,1464,2923,50.0855285665412,"proteome"
10468,100,2923,3.42114266164899,"proteome"
10469,78,2923,2.66849127608621,"proteome"
10470,149,2923,5.097502565857,"proteome"
10471,9,2923,0.307902839548409,"proteome"
10472,3,2923,0.10263427984947,"proteome"
10473,9,2923,0.307902839548409,"proteome"
10474,1,2923,0.0342114266164899,"proteome"
10475,196,2923,6.70543961683202,"proteome"
10476,5,2923,0.17105713308245,"proteome"
10477,2,2923,0.0684228532329798,"proteome"
10478,10,2923,0.342114266164899,"proteome"
10479,203,2923,6.94491960314745,"proteome"
10480,1476,2923,50.4960656859391,"proteome"
10481,6,2923,0.205268559698939,"proteome"
10482,1460,2923,49.9486828600753,"proteome"
10483,4,2923,0.13684570646596,"proteome"
10484,100,2923,3.42114266164899,"proteome"
10485,149,2923,5.097502565857,"proteome"
10486,1461,2923,49.9828942866918,"proteome"
10487,96,2923,3.28429695518303,"proteome"
10488,17,2923,0.581594252480328,"proteome"
10489,1463,2923,50.0513171399247,"proteome"
10490,18,2923,0.615805679096818,"proteome"
10491,1651,2923,56.4830653438248,"proteome"
10492,7,2923,0.239479986315429,"proteome"
10493,189,2923,6.46595963051659,"proteome"
10494,6,2923,0.205268559698939,"proteome"
10495,93,2923,3.18166267533356,"proteome"
10496,7,2923,0.239479986315429,"proteome"
10497,5,2923,0.17105713308245,"proteome"
10498,370,2923,12.6582278481013,"proteome"
10499,189,2923,6.46595963051659,"proteome"
10500,99,2923,3.3869312350325,"proteome"
10501,366,2923,12.5213821416353,"proteome"
10502,101,2923,3.45535408826548,"proteome"
10503,8,2923,0.273691412931919,"proteome"
10504,10,2923,0.342114266164899,"proteome"
10505,1464,2923,50.0855285665412,"proteome"
10506,353,2923,12.0766335956209,"proteome"
10507,4,2923,0.13684570646596,"proteome"
10508,3,2923,0.10263427984947,"proteome"
10509,2,2923,0.0684228532329798,"proteome"
10510,146,2923,4.99486828600753,"proteome"
10511,1577,2923,53.9514197742046,"proteome"
10512,18,2923,0.615805679096818,"proteome"
10513,4,2923,0.13684570646596,"proteome"
10514,280,2923,9.57919945261717,"proteome"
10515,3,2923,0.10263427984947,"proteome"
10516,7,2923,0.239479986315429,"proteome"
10517,242,2923,8.27916524119056,"proteome"
10518,108,2923,3.69483407458091,"proteome"
10519,4,2923,0.13684570646596,"proteome"
10520,9,2923,0.307902839548409,"proteome"
10521,4,2923,0.13684570646596,"proteome"
10522,17,2923,0.581594252480328,"proteome"
10523,111,2923,3.79746835443038,"proteome"
10524,1468,2923,50.2223742730072,"proteome"
10525,165,2923,5.64488539172083,"proteome"
10526,193,2923,6.60280533698255,"proteome"
10527,5,2923,0.17105713308245,"proteome"
10528,236,2923,8.07389668149162,"proteome"
10529,2,2923,0.0684228532329798,"proteome"
10530,6,2923,0.205268559698939,"proteome"
10531,4,2923,0.13684570646596,"proteome"
10532,11,2923,0.376325692781389,"proteome"
10533,1573,2923,53.8145740677386,"proteome"
10534,1825,2923,62.4358535750941,"proteome"
10535,4,2923,0.13684570646596,"proteome"
10536,14,2923,0.478959972630859,"proteome"
10537,101,2923,3.45535408826548,"proteome"
10538,7,2923,0.239479986315429,"proteome"
10539,2,2923,0.0684228532329798,"proteome"
10540,185,2923,6.32911392405063,"proteome"
10541,122,2923,4.17379404721177,"proteome"
10542,10,2923,0.342114266164899,"proteome"
10543,1462,2923,50.0171057133082,"proteome"
10544,13,2923,0.444748546014369,"proteome"
10545,10,2923,0.342114266164899,"proteome"
10546,1573,2923,53.8145740677386,"proteome"
10547,6,2923,0.205268559698939,"proteome"
10548,113,2923,3.86589120766336,"proteome"
10549,1573,2923,53.8145740677386,"proteome"
10550,1462,2923,50.0171057133082,"proteome"
10551,3,2923,0.10263427984947,"proteome"
10552,4,2923,0.13684570646596,"proteome"
10553,1465,2923,50.1197399931577,"proteome"
10554,5,2923,0.17105713308245,"proteome"
10555,5,2923,0.17105713308245,"proteome"
10556,6,2923,0.205268559698939,"proteome"
10557,1581,2923,54.0882654806705,"proteome"
10558,2,2923,0.0684228532329798,"proteome"
10559,108,2923,3.69483407458091,"proteome"
10560,9,2923,0.307902839548409,"proteome"
10561,11,2923,0.376325692781389,"proteome"
10562,1462,2923,50.0171057133082,"proteome"
10563,10,2923,0.342114266164899,"proteome"
10564,4,2923,0.13684570646596,"proteome"
10565,9,2923,0.307902839548409,"proteome"
10566,1570,2923,53.7119397878892,"proteome"
10567,5,2923,0.17105713308245,"proteome"
10568,66,2923,2.25795415668833,"proteome"
10569,6,2923,0.205268559698939,"proteome"
10570,99,2923,3.3869312350325,"proteome"
10571,7,2923,0.239479986315429,"proteome"
10572,1460,2923,49.9486828600753,"proteome"
10573,300,2923,10.263427984947,"proteome"
10574,225,2923,7.69757098871023,"proteome"
10575,1466,2923,50.1539514197742,"proteome"
10576,5,2923,0.17105713308245,"proteome"
10577,3,2923,0.10263427984947,"proteome"
10578,5,2923,0.17105713308245,"proteome"
10579,104,2923,3.55798836811495,"proteome"
10580,203,2923,6.94491960314745,"proteome"
10581,9,2923,0.307902839548409,"proteome"
10582,3,2923,0.10263427984947,"proteome"
10583,1613,2923,55.1830311323982,"proteome"
10584,17,2923,0.581594252480328,"proteome"
10585,7,2923,0.239479986315429,"proteome"
10586,73,2923,2.49743414300376,"proteome"
10587,3,2923,0.10263427984947,"proteome"
10588,106,2923,3.62641122134793,"proteome"
10589,98,2923,3.35271980841601,"proteome"
10590,6,2923,0.205268559698939,"proteome"
10591,302,2923,10.33185083818,"proteome"
10592,5,2923,0.17105713308245,"proteome"
10593,5,2923,0.17105713308245,"proteome"
10594,6,2923,0.205268559698939,"proteome"
10595,79,2923,2.7027027027027,"proteome"
10596,8,2923,0.273691412931919,"proteome"
10597,1461,2923,49.9828942866918,"proteome"
10598,72,2923,2.46322271638727,"proteome"
10599,6,2923,0.205268559698939,"proteome"
10600,1462,2923,50.0171057133082,"proteome"
10601,1464,2923,50.0855285665412,"proteome"
10602,3,2923,0.10263427984947,"proteome"
10603,101,2923,3.45535408826548,"proteome"
10604,11,2923,0.376325692781389,"proteome"
10605,102,2923,3.48956551488197,"proteome"
10606,8,2923,0.273691412931919,"proteome"
10607,59,2923,2.0184741703729,"proteome"
10608,15,2923,0.513171399247349,"proteome"
10609,4,2923,0.13684570646596,"proteome"
10610,74,2923,2.53164556962025,"proteome"
10611,1462,2923,50.0171057133082,"proteome"
10612,96,2923,3.28429695518303,"proteome"
10613,3,2923,0.10263427984947,"proteome"
10614,6,2923,0.205268559698939,"proteome"
10615,22,2923,0.752651385562778,"proteome"
10616,1464,2923,50.0855285665412,"proteome"
10617,150,2923,5.13171399247349,"proteome"
10618,1461,2923,49.9828942866918,"proteome"
10619,326,2923,11.1529250769757,"proteome"
10620,1466,2923,50.1539514197742,"proteome"
10621,475,2923,16.2504276428327,"proteome"
10622,4,2923,0.13684570646596,"proteome"
10623,13,2923,0.444748546014369,"proteome"
10624,1463,2923,50.0513171399247,"proteome"
10625,6,2923,0.205268559698939,"proteome"
10626,1,2923,0.0342114266164899,"proteome"
10627,3,2923,0.10263427984947,"proteome"
10628,1461,2923,49.9828942866918,"proteome"
10629,35,2923,1.19739993157715,"proteome"
10630,75,2923,2.56585699623674,"proteome"
10631,74,2923,2.53164556962025,"proteome"
10632,13,2923,0.444748546014369,"proteome"
10633,17,2923,0.581594252480328,"proteome"
10634,5,2923,0.17105713308245,"proteome"
10635,124,2923,4.24221690044475,"proteome"
10636,1462,2923,50.0171057133082,"proteome"
10637,2,2923,0.0684228532329798,"proteome"
10638,6,2923,0.205268559698939,"proteome"
10639,5,2923,0.17105713308245,"proteome"
10640,1533,2923,52.446117003079,"proteome"
10641,148,2923,5.06329113924051,"proteome"
10642,3,2923,0.10263427984947,"proteome"
10643,227,2923,7.76599384194321,"proteome"
10644,105,2923,3.59219979473144,"proteome"
10645,5,2923,0.17105713308245,"proteome"
10646,3,2923,0.10263427984947,"proteome"
10647,1463,2923,50.0513171399247,"proteome"
10648,112,2923,3.83167978104687,"proteome"
10649,244,2923,8.34758809442354,"proteome"
10650,324,2923,11.0845022237427,"proteome"
10651,2,2923,0.0684228532329798,"proteome"
10652,92,2923,3.14745124871707,"proteome"
10653,4,2923,0.13684570646596,"proteome"
10654,6,2923,0.205268559698939,"proteome"
10655,100,2923,3.42114266164899,"proteome"
10656,5,2923,0.17105713308245,"proteome"
10657,1472,2923,50.3592199794731,"proteome"
10658,10,2923,0.342114266164899,"proteome"
10659,17,2923,0.581594252480328,"proteome"
10660,101,2923,3.45535408826548,"proteome"
10661,148,2923,5.06329113924051,"proteome"
10662,6,2923,0.205268559698939,"proteome"
10663,9,2923,0.307902839548409,"proteome"
10664,6,2923,0.205268559698939,"proteome"
10665,5,2923,0.17105713308245,"proteome"
10666,12,2923,0.410537119397879,"proteome"
10667,413,2923,14.1293191926103,"proteome"
10668,6,2923,0.205268559698939,"proteome"
10669,148,2923,5.06329113924051,"proteome"
10670,3,2923,0.10263427984947,"proteome"
10671,297,2923,10.1607937050975,"proteome"
10672,118,2923,4.03694834074581,"proteome"
10673,10,2923,0.342114266164899,"proteome"
10674,320,2923,10.9476565172768,"proteome"
10675,118,2923,4.03694834074581,"proteome"
10676,3,2923,0.10263427984947,"proteome"
10677,99,2923,3.3869312350325,"proteome"
10678,1462,2923,50.0171057133082,"proteome"
10679,7,2923,0.239479986315429,"proteome"
10680,368,2923,12.5898049948683,"proteome"
10681,1555,2923,53.1987683886418,"proteome"
10682,119,2923,4.0711597673623,"proteome"
10683,252,2923,8.62127950735546,"proteome"
10684,73,2923,2.49743414300376,"proteome"
10685,1840,2923,62.9490249743414,"proteome"
10686,1466,2923,50.1539514197742,"proteome"
10687,1463,2923,50.0513171399247,"proteome"
10688,5,2923,0.17105713308245,"proteome"
10689,4,2923,0.13684570646596,"proteome"
10690,150,2923,5.13171399247349,"proteome"
10691,1467,2923,50.1881628463907,"proteome"
10692,5,2923,0.17105713308245,"proteome"
10693,1477,2923,50.5302771125556,"proteome"
10694,5,2923,0.17105713308245,"proteome"
10695,1463,2923,50.0513171399247,"proteome"
10696,1463,2923,50.0513171399247,"proteome"
10697,117,2923,4.00273691412932,"proteome"
10698,366,2923,12.5213821416353,"proteome"
10699,1462,2923,50.0171057133082,"proteome"
10700,4,2923,0.13684570646596,"proteome"
10701,1,2923,0.0342114266164899,"proteome"
10702,3,2923,0.10263427984947,"proteome"
10703,1719,2923,58.8094423537461,"proteome"
10704,1,2923,0.0342114266164899,"proteome"
10705,1834,2923,62.7437564146425,"proteome"
10706,1468,2923,50.2223742730072,"proteome"
10707,5,2923,0.17105713308245,"proteome"
10708,1463,2923,50.0513171399247,"proteome"
10709,1466,2923,50.1539514197742,"proteome"
10710,4,2923,0.13684570646596,"proteome"
10711,105,2923,3.59219979473144,"proteome"
10712,6,2923,0.205268559698939,"proteome"
10713,3,2923,0.10263427984947,"proteome"
10714,97,2923,3.31850838179952,"proteome"
10715,145,2923,4.96065685939104,"proteome"
10716,1466,2923,50.1539514197742,"proteome"
10717,29,2923,0.992131371878207,"proteome"
10718,3,2923,0.10263427984947,"proteome"
10719,4,2923,0.13684570646596,"proteome"
10720,90,2923,3.07902839548409,"proteome"
10721,18,2923,0.615805679096818,"proteome"
10722,11,2923,0.376325692781389,"proteome"
10723,1461,2923,49.9828942866918,"proteome"
10724,5,2923,0.17105713308245,"proteome"
10725,1461,2923,49.9828942866918,"proteome"
10726,7,2923,0.239479986315429,"proteome"
10727,732,2923,25.0427642832706,"proteome"
10728,94,2923,3.21587410195005,"proteome"
10729,72,2923,2.46322271638727,"proteome"
10730,18,2923,0.615805679096818,"proteome"
10731,8,2923,0.273691412931919,"proteome"
10732,1463,2923,50.0513171399247,"proteome"
10733,1469,2923,50.2565856996237,"proteome"
10734,9,2923,0.307902839548409,"proteome"
10735,99,2923,3.3869312350325,"proteome"
10736,19,2923,0.650017105713308,"proteome"
10737,10,2923,0.342114266164899,"proteome"
10738,1461,2923,49.9828942866918,"proteome"
10739,183,2923,6.26069107081765,"proteome"
10740,1462,2923,50.0171057133082,"proteome"
10741,7,2923,0.239479986315429,"proteome"
10742,3,2923,0.10263427984947,"proteome"
10743,1464,2923,50.0855285665412,"proteome"
10744,6,2923,0.205268559698939,"proteome"
10745,1463,2923,50.0513171399247,"proteome"
10746,5,2923,0.17105713308245,"proteome"
10747,117,2923,4.00273691412932,"proteome"
10748,366,2923,12.5213821416353,"proteome"
10749,15,2923,0.513171399247349,"proteome"
10750,11,2923,0.376325692781389,"proteome"
10751,5,2923,0.17105713308245,"proteome"
10752,7,2923,0.239479986315429,"proteome"
10753,1469,2923,50.2565856996237,"proteome"
10754,121,2923,4.13958262059528,"proteome"
10755,1462,2923,50.0171057133082,"proteome"
10756,7,2923,0.239479986315429,"proteome"
10757,400,2923,13.684570646596,"proteome"
10758,202,2923,6.91070817653096,"proteome"
10759,1469,2923,50.2565856996237,"proteome"
10760,3,2923,0.10263427984947,"proteome"
10761,1463,2923,50.0513171399247,"proteome"
10762,191,2923,6.53438248374957,"proteome"
10763,6,2923,0.205268559698939,"proteome"
10764,4,2923,0.13684570646596,"proteome"
10765,117,2923,4.00273691412932,"proteome"
10766,113,2923,3.86589120766336,"proteome"
10767,383,2923,13.1029763941156,"proteome"
10768,599,2923,20.4926445432775,"proteome"
10769,1563,2923,53.4724598015737,"proteome"
10770,9,2923,0.307902839548409,"proteome"
10771,3,2923,0.10263427984947,"proteome"
10772,5,2923,0.17105713308245,"proteome"
10773,10,2923,0.342114266164899,"proteome"
10774,11,2923,0.376325692781389,"proteome"
10775,101,2923,3.45535408826548,"proteome"
10776,1460,2923,49.9486828600753,"proteome"
10777,1463,2923,50.0513171399247,"proteome"
10778,3,2923,0.10263427984947,"proteome"
10779,101,2923,3.45535408826548,"proteome"
10780,144,2923,4.92644543277455,"proteome"
10781,6,2923,0.205268559698939,"proteome"
10782,1464,2923,50.0855285665412,"proteome"
10783,5,2923,0.17105713308245,"proteome"
10784,1462,2923,50.0171057133082,"proteome"
10785,3,2923,0.10263427984947,"proteome"
10786,2,2923,0.0684228532329798,"proteome"
10787,4,2923,0.13684570646596,"proteome"
10788,5,2923,0.17105713308245,"proteome"
10789,169,2923,5.78173109818679,"proteome"
10790,10,2923,0.342114266164899,"proteome"
10791,1465,2923,50.1197399931577,"proteome"
10792,370,2923,12.6582278481013,"proteome"
10793,1477,2923,50.5302771125556,"proteome"
10794,3,2923,0.10263427984947,"proteome"
10795,7,2923,0.239479986315429,"proteome"
10796,258,2923,8.8265480670544,"proteome"
10797,1466,2923,50.1539514197742,"proteome"
10798,3,2923,0.10263427984947,"proteome"
10799,9,2923,0.307902839548409,"proteome"
10800,3,2923,0.10263427984947,"proteome"
10801,445,2923,15.224084844338,"proteome"
10802,3,2923,0.10263427984947,"proteome"
10803,7,2923,0.239479986315429,"proteome"
10804,5,2923,0.17105713308245,"proteome"
10805,84,2923,2.87375983578515,"proteome"
10806,1462,2923,50.0171057133082,"proteome"
10807,1461,2923,49.9828942866918,"proteome"
10808,5,2923,0.17105713308245,"proteome"
10809,1461,2923,49.9828942866918,"proteome"
10810,3,2923,0.10263427984947,"proteome"
10811,2,2923,0.0684228532329798,"proteome"
10812,2,2923,0.0684228532329798,"proteome"
10813,2,2923,0.0684228532329798,"proteome"
10814,255,2923,8.72391378720493,"proteome"
10815,1462,2923,50.0171057133082,"proteome"
10816,15,2923,0.513171399247349,"proteome"
10817,12,2923,0.410537119397879,"proteome"
10818,1462,2923,50.0171057133082,"proteome"
10819,119,2923,4.0711597673623,"proteome"
10820,97,2923,3.31850838179952,"proteome"
10821,5,2923,0.17105713308245,"proteome"
10822,4,2923,0.13684570646596,"proteome"
10823,1468,2923,50.2223742730072,"proteome"
10824,1461,2923,49.9828942866918,"proteome"
10825,7,2923,0.239479986315429,"proteome"
10826,1463,2923,50.0513171399247,"proteome"
10827,1569,2923,53.6777283612727,"proteome"
10828,3,2923,0.10263427984947,"proteome"
10829,360,2923,12.3161135819364,"proteome"
10830,4,2923,0.13684570646596,"proteome"
10831,5,2923,0.17105713308245,"proteome"
10832,1464,2923,50.0855285665412,"proteome"
10833,8,2923,0.273691412931919,"proteome"
10834,255,2923,8.72391378720493,"proteome"
10835,1,2923,0.0342114266164899,"proteome"
10836,19,2923,0.650017105713308,"proteome"
10837,1462,2923,50.0171057133082,"proteome"
10838,95,2923,3.25008552856654,"proteome"
10839,4,2923,0.13684570646596,"proteome"
10840,5,2923,0.17105713308245,"proteome"
10841,124,2923,4.24221690044475,"proteome"
10842,6,2923,0.205268559698939,"proteome"
10843,1540,2923,52.6855969893945,"proteome"
10844,14,2923,0.478959972630859,"proteome"
10845,151,2923,5.16592541908998,"proteome"
10846,1462,2923,50.0171057133082,"proteome"
10847,12,2923,0.410537119397879,"proteome"
10848,6,2923,0.205268559698939,"proteome"
10849,108,2923,3.69483407458091,"proteome"
10850,369,2923,12.6240164214848,"proteome"
10851,22,2923,0.752651385562778,"proteome"
10852,4,2923,0.13684570646596,"proteome"
10853,1479,2923,50.5986999657886,"proteome"
10854,7,2923,0.239479986315429,"proteome"
10855,3,2923,0.10263427984947,"proteome"
10856,15,2923,0.513171399247349,"proteome"
10857,66,2923,2.25795415668833,"proteome"
10858,1563,2923,53.4724598015737,"proteome"
10859,4,2923,0.13684570646596,"proteome"
10860,111,2923,3.79746835443038,"proteome"
10861,7,2923,0.239479986315429,"proteome"
10862,115,2923,3.93431406089634,"proteome"
10863,7,2923,0.239479986315429,"proteome"
10864,183,2923,6.26069107081765,"proteome"
10865,17,2923,0.581594252480328,"proteome"
10866,3,2923,0.10263427984947,"proteome"
10867,2,2923,0.0684228532329798,"proteome"
10868,1464,2923,50.0855285665412,"proteome"
10869,3,2923,0.10263427984947,"proteome"
10870,106,2923,3.62641122134793,"proteome"
10871,1,2923,0.0342114266164899,"proteome"
10872,6,2923,0.205268559698939,"proteome"
10873,1479,2923,50.5986999657886,"proteome"
10874,1462,2923,50.0171057133082,"proteome"
10875,93,2923,3.18166267533356,"proteome"
10876,6,2923,0.205268559698939,"proteome"
10877,5,2923,0.17105713308245,"proteome"
10878,1468,2923,50.2223742730072,"proteome"
10879,3,2923,0.10263427984947,"proteome"
10880,4,2923,0.13684570646596,"proteome"
10881,113,2923,3.86589120766336,"proteome"
10882,3,2923,0.10263427984947,"proteome"
10883,6,2923,0.205268559698939,"proteome"
10884,30,2923,1.0263427984947,"proteome"
10885,118,2923,4.03694834074581,"proteome"
10886,1462,2923,50.0171057133082,"proteome"
10887,2,2923,0.0684228532329798,"proteome"
10888,1464,2923,50.0855285665412,"proteome"
10889,372,2923,12.7266507013342,"proteome"
10890,101,2923,3.45535408826548,"proteome"
10891,1532,2923,52.4119055764625,"proteome"
10892,378,2923,12.9319192610332,"proteome"
10893,1461,2923,49.9828942866918,"proteome"
10894,14,2923,0.478959972630859,"proteome"
10895,6,2923,0.205268559698939,"proteome"
10896,2,2923,0.0684228532329798,"proteome"
10897,11,2923,0.376325692781389,"proteome"
10898,12,2923,0.410537119397879,"proteome"
10899,110,2923,3.76325692781389,"proteome"
10900,60,2923,2.05268559698939,"proteome"
10901,5,2923,0.17105713308245,"proteome"
10902,2,2923,0.0684228532329798,"proteome"
10903,224,2923,7.66335956209374,"proteome"
10904,78,2923,2.66849127608621,"proteome"
10905,120,2923,4.10537119397879,"proteome"
10906,271,2923,9.27129661306877,"proteome"
10907,1463,2923,50.0513171399247,"proteome"
10908,3,2923,0.10263427984947,"proteome"
10909,4,2923,0.13684570646596,"proteome"
10910,1461,2923,49.9828942866918,"proteome"
10911,29,2923,0.992131371878207,"proteome"
10912,92,2923,3.14745124871707,"proteome"
10913,1469,2923,50.2565856996237,"proteome"
10914,1463,2923,50.0513171399247,"proteome"
10915,74,2923,2.53164556962025,"proteome"
10916,1462,2923,50.0171057133082,"proteome"
10917,10,2923,0.342114266164899,"proteome"
10918,1465,2923,50.1197399931577,"proteome"
10919,89,2923,3.0448169688676,"proteome"
10920,15,2923,0.513171399247349,"proteome"
10921,4,2923,0.13684570646596,"proteome"
10922,4,2923,0.13684570646596,"proteome"
10923,1462,2923,50.0171057133082,"proteome"
10924,1463,2923,50.0513171399247,"proteome"
10925,5,2923,0.17105713308245,"proteome"
10926,1462,2923,50.0171057133082,"proteome"
10927,54,2923,1.84741703729046,"proteome"
10928,7,2923,0.239479986315429,"proteome"
10929,1469,2923,50.2565856996237,"proteome"
10930,1461,2923,49.9828942866918,"proteome"
10931,1462,2923,50.0171057133082,"proteome"
10932,5,2923,0.17105713308245,"proteome"
10933,2,2923,0.0684228532329798,"proteome"
10934,575,2923,19.6715703044817,"proteome"
10935,5,2923,0.17105713308245,"proteome"
10936,148,2923,5.06329113924051,"proteome"
10937,116,2923,3.96852548751283,"proteome"
10938,148,2923,5.06329113924051,"proteome"
10939,94,2923,3.21587410195005,"proteome"
10940,1577,2923,53.9514197742046,"proteome"
10941,2,2923,0.0684228532329798,"proteome"
10942,6,2923,0.205268559698939,"proteome"
10943,1463,2923,50.0513171399247,"proteome"
10944,1460,2923,49.9486828600753,"proteome"
10945,8,2923,0.273691412931919,"proteome"
10946,10,2923,0.342114266164899,"proteome"
10947,104,2923,3.55798836811495,"proteome"
10948,1464,2923,50.0855285665412,"proteome"
10949,14,2923,0.478959972630859,"proteome"
10950,6,2923,0.205268559698939,"proteome"
10951,9,2923,0.307902839548409,"proteome"
10952,198,2923,6.773862470065,"proteome"
10953,1825,2923,62.4358535750941,"proteome"
10954,1,2923,0.0342114266164899,"proteome"
10955,1636,2923,55.9698939445775,"proteome"
10956,1572,2923,53.7803626411221,"proteome"
10957,2,2923,0.0684228532329798,"proteome"
10958,1462,2923,50.0171057133082,"proteome"
10959,2,2923,0.0684228532329798,"proteome"
10960,1,2923,0.0342114266164899,"proteome"
10961,1462,2923,50.0171057133082,"proteome"
10962,4,2923,0.13684570646596,"proteome"
10963,328,2923,11.2213479302087,"proteome"
10964,95,2923,3.25008552856654,"proteome"
10965,1463,2923,50.0513171399247,"proteome"
10966,3,2923,0.10263427984947,"proteome"
10967,1463,2923,50.0513171399247,"proteome"
10968,4,2923,0.13684570646596,"proteome"
10969,87,2923,2.97639411563462,"proteome"
10970,17,2923,0.581594252480328,"proteome"
10971,100,2923,3.42114266164899,"proteome"
10972,4,2923,0.13684570646596,"proteome"
10973,1462,2923,50.0171057133082,"proteome"
10974,1462,2923,50.0171057133082,"proteome"
10975,5,2923,0.17105713308245,"proteome"
10976,1463,2923,50.0513171399247,"proteome"
10977,196,2923,6.70543961683202,"proteome"
10978,107,2923,3.66062264796442,"proteome"
10979,69,2923,2.3605884365378,"proteome"
10980,1462,2923,50.0171057133082,"proteome"
10981,122,2923,4.17379404721177,"proteome"
10982,246,2923,8.41601094765652,"proteome"
10983,11,2923,0.376325692781389,"proteome"
10984,3,2923,0.10263427984947,"proteome"
10985,1462,2923,50.0171057133082,"proteome"
10986,7,2923,0.239479986315429,"proteome"
10987,3,2923,0.10263427984947,"proteome"
10988,8,2923,0.273691412931919,"proteome"
10989,1462,2923,50.0171057133082,"proteome"
10990,1568,2923,53.6435169346562,"proteome"
10991,3,2923,0.10263427984947,"proteome"
10992,114,2923,3.90010263427985,"proteome"
10993,3,2923,0.10263427984947,"proteome"
10994,260,2923,8.89497092028738,"proteome"
10995,5,2923,0.17105713308245,"proteome"
10996,95,2923,3.25008552856654,"proteome"
10997,1462,2923,50.0171057133082,"proteome"
10998,3,2923,0.10263427984947,"proteome"
10999,77,2923,2.63427984946972,"proteome"
11000,250,2923,8.55285665412248,"proteome"
11001,94,2923,3.21587410195005,"proteome"
11002,3,2923,0.10263427984947,"proteome"
11003,205,2923,7.01334245638043,"proteome"
11004,3,2923,0.10263427984947,"proteome"
11005,6,2923,0.205268559698939,"proteome"
11006,3,2923,0.10263427984947,"proteome"
11007,111,2923,3.79746835443038,"proteome"
11008,6,2923,0.205268559698939,"proteome"
11009,3,2923,0.10263427984947,"proteome"
11010,1461,2923,49.9828942866918,"proteome"
11011,1463,2923,50.0513171399247,"proteome"
11012,63,2923,2.15531987683886,"proteome"
11013,100,2923,3.42114266164899,"proteome"
11014,116,2923,3.96852548751283,"proteome"
11015,8,2923,0.273691412931919,"proteome"
11016,8,2923,0.273691412931919,"proteome"
11017,190,2923,6.50017105713308,"proteome"
11018,17,2923,0.581594252480328,"proteome"
11019,1468,2923,50.2223742730072,"proteome"
11020,192,2923,6.56859391036606,"proteome"
11021,177,2923,6.05542251111871,"proteome"
11022,70,2923,2.39479986315429,"proteome"
11023,86,2923,2.94218268901813,"proteome"
11024,1460,2923,49.9486828600753,"proteome"
11025,10,2923,0.342114266164899,"proteome"
11026,4,2923,0.13684570646596,"proteome"
11027,1472,2923,50.3592199794731,"proteome"
11028,8,2923,0.273691412931919,"proteome"
11029,7,2923,0.239479986315429,"proteome"
11030,1463,2923,50.0513171399247,"proteome"
11031,1462,2923,50.0171057133082,"proteome"
11032,342,2923,11.7003079028395,"proteome"
11033,280,2923,9.57919945261717,"proteome"
11034,1462,2923,50.0171057133082,"proteome"
11035,1463,2923,50.0513171399247,"proteome"
11036,1463,2923,50.0513171399247,"proteome"
11037,95,2923,3.25008552856654,"proteome"
11038,10,2923,0.342114266164899,"proteome"
11039,4,2923,0.13684570646596,"proteome"
11040,1462,2923,50.0171057133082,"proteome"
11041,371,2923,12.6924392747178,"proteome"
11042,1465,2923,50.1197399931577,"proteome"
11043,678,2923,23.1953472459802,"proteome"
11044,3,2923,0.10263427984947,"proteome"
11045,6,2923,0.205268559698939,"proteome"
11046,111,2923,3.79746835443038,"proteome"
11047,1463,2923,50.0513171399247,"proteome"
11048,17,2923,0.581594252480328,"proteome"
11049,10,2923,0.342114266164899,"proteome"
11050,457,2923,15.6346219637359,"proteome"
11051,72,2923,2.46322271638727,"proteome"
11052,1463,2923,50.0513171399247,"proteome"
11053,2,2923,0.0684228532329798,"proteome"
11054,1,2923,0.0342114266164899,"proteome"
11055,1463,2923,50.0513171399247,"proteome"
11056,4,2923,0.13684570646596,"proteome"
11057,545,2923,18.645227505987,"proteome"
11058,5,2923,0.17105713308245,"proteome"
11059,12,2923,0.410537119397879,"proteome"
11060,5,2923,0.17105713308245,"proteome"
11061,113,2923,3.86589120766336,"proteome"
11062,1465,2923,50.1197399931577,"proteome"
11063,5,2923,0.17105713308245,"proteome"
11064,1568,2923,53.6435169346562,"proteome"
11065,189,2923,6.46595963051659,"proteome"
11066,372,2923,12.7266507013342,"proteome"
11067,205,2923,7.01334245638043,"proteome"
11068,3,2923,0.10263427984947,"proteome"
11069,7,2923,0.239479986315429,"proteome"
11070,112,2923,3.83167978104687,"proteome"
11071,7,2923,0.239479986315429,"proteome"
11072,1463,2923,50.0513171399247,"proteome"
11073,1464,2923,50.0855285665412,"proteome"
11074,4,2923,0.13684570646596,"proteome"
11075,327,2923,11.1871365035922,"proteome"
11076,1464,2923,50.0855285665412,"proteome"
11077,381,2923,13.0345535408827,"proteome"
11078,1477,2923,50.5302771125556,"proteome"
11079,7,2923,0.239479986315429,"proteome"
11080,6,2923,0.205268559698939,"proteome"
11081,192,2923,6.56859391036606,"proteome"
11082,6,2923,0.205268559698939,"proteome"
11083,1,2923,0.0342114266164899,"proteome"
11084,65,2923,2.22374273007184,"proteome"
11085,15,2923,0.513171399247349,"proteome"
11086,7,2923,0.239479986315429,"proteome"
11087,250,2923,8.55285665412248,"proteome"
11088,1465,2923,50.1197399931577,"proteome"
11089,10,2923,0.342114266164899,"proteome"
11090,1461,2923,49.9828942866918,"proteome"
11091,1461,2923,49.9828942866918,"proteome"
11092,323,2923,11.0502907971262,"proteome"
11093,7,2923,0.239479986315429,"proteome"
11094,3,2923,0.10263427984947,"proteome"
11095,4,2923,0.13684570646596,"proteome"
11096,7,2923,0.239479986315429,"proteome"
11097,8,2923,0.273691412931919,"proteome"
11098,6,2923,0.205268559698939,"proteome"
11099,1571,2923,53.7461512145056,"proteome"
11100,1,2923,0.0342114266164899,"proteome"
11101,1462,2923,50.0171057133082,"proteome"
11102,3,2923,0.10263427984947,"proteome"
11103,97,2923,3.31850838179952,"proteome"
11104,1469,2923,50.2565856996237,"proteome"
11105,10,2923,0.342114266164899,"proteome"
11106,10,2923,0.342114266164899,"proteome"
11107,102,2923,3.48956551488197,"proteome"
11108,10,2923,0.342114266164899,"proteome"
11109,450,2923,15.3951419774205,"proteome"
11110,100,2923,3.42114266164899,"proteome"
11111,5,2923,0.17105713308245,"proteome"
11112,15,2923,0.513171399247349,"proteome"
11113,108,2923,3.69483407458091,"proteome"
11114,256,2923,8.75812521382142,"proteome"
11115,44,2923,1.50530277112556,"proteome"
11116,1461,2923,49.9828942866918,"proteome"
11117,304,2923,10.4002736914129,"proteome"
11118,1463,2923,50.0513171399247,"proteome"
11119,1462,2923,50.0171057133082,"proteome"
11120,23,2923,0.786862812179268,"proteome"
11121,7,2923,0.239479986315429,"proteome"
11122,105,2923,3.59219979473144,"proteome"
11123,1562,2923,53.4382483749572,"proteome"
11124,111,2923,3.79746835443038,"proteome"
11125,105,2923,3.59219979473144,"proteome"
11126,14,2923,0.478959972630859,"proteome"
11127,83,2923,2.83954840916866,"proteome"
11128,2,2923,0.0684228532329798,"proteome"
11129,9,2923,0.307902839548409,"proteome"
11130,3,2923,0.10263427984947,"proteome"
11131,8,2923,0.273691412931919,"proteome"
11132,6,2923,0.205268559698939,"proteome"
11133,105,2923,3.59219979473144,"proteome"
11134,1469,2923,50.2565856996237,"proteome"
11135,3,2923,0.10263427984947,"proteome"
11136,1461,2923,49.9828942866918,"proteome"
11137,4,2923,0.13684570646596,"proteome"
11138,2848,2923,97.4341430037633,"proteome"
11139,4,2923,0.13684570646596,"proteome"
11140,114,2923,3.90010263427985,"proteome"
11141,9,2923,0.307902839548409,"proteome"
11142,14,2923,0.478959972630859,"proteome"
11143,5,2923,0.17105713308245,"proteome"
11144,9,2923,0.307902839548409,"proteome"
11145,106,2923,3.62641122134793,"proteome"
11146,203,2923,6.94491960314745,"proteome"
11147,550,2923,18.8162846390694,"proteome"
11148,2382,2923,81.491618200479,"proteome"
11149,6,2923,0.205268559698939,"proteome"
11150,1465,2923,50.1197399931577,"proteome"
11151,119,2923,4.0711597673623,"proteome"
11152,101,2923,3.45535408826548,"proteome"
11153,118,2923,4.03694834074581,"proteome"
11154,1464,2923,50.0855285665412,"proteome"
11155,281,2923,9.61341087923366,"proteome"
11156,6,2923,0.205268559698939,"proteome"
11157,368,2923,12.5898049948683,"proteome"
11158,5,2923,0.17105713308245,"proteome"
11159,1465,2923,50.1197399931577,"proteome"
11160,18,2923,0.615805679096818,"proteome"
11161,100,2923,3.42114266164899,"proteome"
11162,1570,2923,53.7119397878892,"proteome"
11163,3,2923,0.10263427984947,"proteome"
11164,147,2923,5.02907971262402,"proteome"
11165,3,2923,0.10263427984947,"proteome"
11166,81,2923,2.77112555593568,"proteome"
11167,1468,2923,50.2223742730072,"proteome"
11168,733,2923,25.0769757098871,"proteome"
11169,115,2923,3.93431406089634,"proteome"
11170,3,2923,0.10263427984947,"proteome"
11171,2,2923,0.0684228532329798,"proteome"
11172,248,2923,8.4844338008895,"proteome"
11173,1464,2923,50.0855285665412,"proteome"
11174,1808,2923,61.8542593226137,"proteome"
11175,1463,2923,50.0513171399247,"proteome"
11176,1462,2923,50.0171057133082,"proteome"
11177,229,2923,7.83441669517619,"proteome"
11178,1463,2923,50.0513171399247,"proteome"
11179,2,2923,0.0684228532329798,"proteome"
11180,509,2923,17.4136161477934,"proteome"
11181,3,2923,0.10263427984947,"proteome"
11182,18,2923,0.615805679096818,"proteome"
11183,1,2923,0.0342114266164899,"proteome"
11184,1464,2923,50.0855285665412,"proteome"
11185,3,2923,0.10263427984947,"proteome"
11186,1464,2923,50.0855285665412,"proteome"
11187,1477,2923,50.5302771125556,"proteome"
11188,99,2923,3.3869312350325,"proteome"
11189,7,2923,0.239479986315429,"proteome"
11190,1461,2923,49.9828942866918,"proteome"
11191,148,2923,5.06329113924051,"proteome"
11192,14,2923,0.478959972630859,"proteome"
11193,6,2923,0.205268559698939,"proteome"
11194,4,2923,0.13684570646596,"proteome"
11195,4,2923,0.13684570646596,"proteome"
11196,213,2923,7.28703386931235,"proteome"
11197,4,2923,0.13684570646596,"proteome"
11198,196,2923,6.70543961683202,"proteome"
11199,11,2923,0.376325692781389,"proteome"
11200,6,2923,0.205268559698939,"proteome"
11201,51,2923,1.74478275744099,"proteome"
11202,5,2923,0.17105713308245,"proteome"
11203,78,2923,2.66849127608621,"proteome"
11204,5,2923,0.17105713308245,"proteome"
11205,1467,2923,50.1881628463907,"proteome"
11206,6,2923,0.205268559698939,"proteome"
11207,7,2923,0.239479986315429,"proteome"
11208,128,2923,4.37906260691071,"proteome"
11209,91,2923,3.11323982210058,"proteome"
11210,1468,2923,50.2223742730072,"proteome"
11211,1461,2923,49.9828942866918,"proteome"
11212,94,2923,3.21587410195005,"proteome"
11213,1538,2923,52.6171741361615,"proteome"
11214,380,2923,13.0003421142662,"proteome"
11215,3,2923,0.10263427984947,"proteome"
11216,2556,2923,87.4444064317482,"proteome"
11217,98,2923,3.35271980841601,"proteome"
11218,5,2923,0.17105713308245,"proteome"
11219,3,2923,0.10263427984947,"proteome"
11220,98,2923,3.35271980841601,"proteome"
11221,7,2923,0.239479986315429,"proteome"
11222,8,2923,0.273691412931919,"proteome"
11223,369,2923,12.6240164214848,"proteome"
11224,1463,2923,50.0513171399247,"proteome"
11225,7,2923,0.239479986315429,"proteome"
11226,367,2923,12.5555935682518,"proteome"
11227,3,2923,0.10263427984947,"proteome"
11228,257,2923,8.79233664043791,"proteome"
11229,4,2923,0.13684570646596,"proteome"
11230,236,2923,8.07389668149162,"proteome"
11231,5,2923,0.17105713308245,"proteome"
11232,4,2923,0.13684570646596,"proteome"
11233,3,2923,0.10263427984947,"proteome"
11234,6,2923,0.205268559698939,"proteome"
11235,1462,2923,50.0171057133082,"proteome"
11236,166,2923,5.67909681833732,"proteome"
11237,1465,2923,50.1197399931577,"proteome"
11238,7,2923,0.239479986315429,"proteome"
11239,66,2923,2.25795415668833,"proteome"
11240,567,2923,19.3978788915498,"proteome"
11241,1,2923,0.0342114266164899,"proteome"
11242,1,2923,0.0342114266164899,"proteome"
11243,5,2923,0.17105713308245,"proteome"
11244,150,2923,5.13171399247349,"proteome"
11245,9,2923,0.307902839548409,"proteome"
11246,2,2923,0.0684228532329798,"proteome"
11247,5,2923,0.17105713308245,"proteome"
11248,4,2923,0.13684570646596,"proteome"
11249,9,2923,0.307902839548409,"proteome"
11250,1462,2923,50.0171057133082,"proteome"
11251,8,2923,0.273691412931919,"proteome"
11252,1543,2923,52.7882312692439,"proteome"
11253,102,2923,3.48956551488197,"proteome"
11254,207,2923,7.08176530961341,"proteome"
11255,1478,2923,50.5644885391721,"proteome"
11256,90,2923,3.07902839548409,"proteome"
11257,207,2923,7.08176530961341,"proteome"
11258,1574,2923,53.8487854943551,"proteome"
11259,80,2923,2.73691412931919,"proteome"
11260,115,2923,3.93431406089634,"proteome"
11261,5,2923,0.17105713308245,"proteome"
11262,103,2923,3.52377694149846,"proteome"
11263,1460,2923,49.9486828600753,"proteome"
11264,7,2923,0.239479986315429,"proteome"
11265,146,2923,4.99486828600753,"proteome"
11266,1468,2923,50.2223742730072,"proteome"
11267,5,2923,0.17105713308245,"proteome"
11268,2,2923,0.0684228532329798,"proteome"
11269,8,2923,0.273691412931919,"proteome"
11270,1469,2923,50.2565856996237,"proteome"
11271,4,2923,0.13684570646596,"proteome"
11272,1462,2923,50.0171057133082,"proteome"
11273,78,2923,2.66849127608621,"proteome"
11274,750,2923,25.6585699623674,"proteome"
11275,179,2923,6.12384536435169,"proteome"
11276,234,2923,8.00547382825864,"proteome"
11277,1829,2923,62.57269928156,"proteome"
11278,5,2923,0.17105713308245,"proteome"
11279,116,2923,3.96852548751283,"proteome"
11280,93,2923,3.18166267533356,"proteome"
11281,5,2923,0.17105713308245,"proteome"
11282,1468,2923,50.2223742730072,"proteome"
11283,18,2923,0.615805679096818,"proteome"
11284,4,2923,0.13684570646596,"proteome"
11285,2,2923,0.0684228532329798,"proteome"
11286,21,2923,0.718439958946288,"proteome"
11287,7,2923,0.239479986315429,"proteome"
11288,3,2923,0.10263427984947,"proteome"
11289,1463,2923,50.0513171399247,"proteome"
11290,1461,2923,49.9828942866918,"proteome"
11291,113,2923,3.86589120766336,"proteome"
11292,3,2923,0.10263427984947,"proteome"
11293,17,2923,0.581594252480328,"proteome"
11294,1572,2923,53.7803626411221,"proteome"
11295,1466,2923,50.1539514197742,"proteome"
11296,1461,2923,49.9828942866918,"proteome"
11297,1,2923,0.0342114266164899,"proteome"
11298,100,2923,3.42114266164899,"proteome"
11299,2,2923,0.0684228532329798,"proteome"
11300,1463,2923,50.0513171399247,"proteome"
11301,2,2923,0.0684228532329798,"proteome"
11302,257,2923,8.79233664043791,"proteome"
11303,1468,2923,50.2223742730072,"proteome"
11304,187,2923,6.39753677728361,"proteome"
11305,13,2923,0.444748546014369,"proteome"
11306,85,2923,2.90797126240164,"proteome"
11307,111,2923,3.79746835443038,"proteome"
11308,230,2923,7.86862812179268,"proteome"
11309,7,2923,0.239479986315429,"proteome"
11310,7,2923,0.239479986315429,"proteome"
11311,5,2923,0.17105713308245,"proteome"
11312,2,2923,0.0684228532329798,"proteome"
11313,4,2923,0.13684570646596,"proteome"
11314,145,2923,4.96065685939104,"proteome"
11315,127,2923,4.34485118029422,"proteome"
11316,147,2923,5.02907971262402,"proteome"
11317,11,2923,0.376325692781389,"proteome"
11318,10,2923,0.342114266164899,"proteome"
11319,4,2923,0.13684570646596,"proteome"
11320,1466,2923,50.1539514197742,"proteome"
11321,7,2923,0.239479986315429,"proteome"
11322,70,2923,2.39479986315429,"proteome"
11323,361,2923,12.3503250085529,"proteome"
11324,4,2923,0.13684570646596,"proteome"
11325,5,2923,0.17105713308245,"proteome"
11326,5,2923,0.17105713308245,"proteome"
11327,115,2923,3.93431406089634,"proteome"
11328,5,2923,0.17105713308245,"proteome"
11329,5,2923,0.17105713308245,"proteome"
11330,98,2923,3.35271980841601,"proteome"
11331,94,2923,3.21587410195005,"proteome"
11332,7,2923,0.239479986315429,"proteome"
11333,1041,2923,35.614095107766,"proteome"
11334,4,2923,0.13684570646596,"proteome"
11335,12,2923,0.410537119397879,"proteome"
11336,1461,2923,49.9828942866918,"proteome"
11337,1461,2923,49.9828942866918,"proteome"
11338,11,2923,0.376325692781389,"proteome"
11339,2,2923,0.0684228532329798,"proteome"
11340,1467,2923,50.1881628463907,"proteome"
11341,3,2923,0.10263427984947,"proteome"
11342,61,2923,2.08689702360588,"proteome"
11343,1476,2923,50.4960656859391,"proteome"
11344,1610,2923,55.0803968525488,"proteome"
11345,3,2923,0.10263427984947,"proteome"
11346,3,2923,0.10263427984947,"proteome"
11347,1464,2923,50.0855285665412,"proteome"
11348,23,2923,0.786862812179268,"proteome"
11349,99,2923,3.3869312350325,"proteome"
11350,2,2923,0.0684228532329798,"proteome"
11351,1,2923,0.0342114266164899,"proteome"
11352,458,2923,15.6688333903524,"proteome"
11353,1646,2923,56.3120082107424,"proteome"
11354,5,2923,0.17105713308245,"proteome"
11355,13,2923,0.444748546014369,"proteome"
11356,1476,2923,50.4960656859391,"proteome"
11357,5,2923,0.17105713308245,"proteome"
11358,376,2923,12.8634964078002,"proteome"
11359,1463,2923,50.0513171399247,"proteome"
11360,1476,2923,50.4960656859391,"proteome"
11361,177,2923,6.05542251111871,"proteome"
11362,10,2923,0.342114266164899,"proteome"
11363,3,2923,0.10263427984947,"proteome"
11364,1461,2923,49.9828942866918,"proteome"
11365,4,2923,0.13684570646596,"proteome"
11366,5,2923,0.17105713308245,"proteome"
11367,1463,2923,50.0513171399247,"proteome"
11368,1462,2923,50.0171057133082,"proteome"
11369,2,2923,0.0684228532329798,"proteome"
11370,4,2923,0.13684570646596,"proteome"
11371,96,2923,3.28429695518303,"proteome"
11372,4,2923,0.13684570646596,"proteome"
11373,7,2923,0.239479986315429,"proteome"
11374,5,2923,0.17105713308245,"proteome"
11375,3,2923,0.10263427984947,"proteome"
11376,1542,2923,52.7540198426274,"proteome"
11377,8,2923,0.273691412931919,"proteome"
11378,4,2923,0.13684570646596,"proteome"
11379,7,2923,0.239479986315429,"proteome"
11380,3,2923,0.10263427984947,"proteome"
11381,5,2923,0.17105713308245,"proteome"
11382,5,2923,0.17105713308245,"proteome"
11383,219,2923,7.49230242901129,"proteome"
11384,17,2923,0.581594252480328,"proteome"
11385,1461,2923,49.9828942866918,"proteome"
11386,1469,2923,50.2565856996237,"proteome"
11387,414,2923,14.1635306192268,"proteome"
11388,11,2923,0.376325692781389,"proteome"
11389,1461,2923,49.9828942866918,"proteome"
11390,8,2923,0.273691412931919,"proteome"
11391,12,2923,0.410537119397879,"proteome"
11392,3,2923,0.10263427984947,"proteome"
11393,2,2923,0.0684228532329798,"proteome"
11394,1472,2923,50.3592199794731,"proteome"
11395,476,2923,16.2846390694492,"proteome"
11396,102,2923,3.48956551488197,"proteome"
11397,1477,2923,50.5302771125556,"proteome"
11398,1463,2923,50.0513171399247,"proteome"
11399,124,2923,4.24221690044475,"proteome"
11400,8,2923,0.273691412931919,"proteome"
11401,7,2923,0.239479986315429,"proteome"
11402,1463,2923,50.0513171399247,"proteome"
11403,106,2923,3.62641122134793,"proteome"
11404,3,2923,0.10263427984947,"proteome"
11405,103,2923,3.52377694149846,"proteome"
11406,1524,2923,52.1382141635306,"proteome"
11407,226,2923,7.73178241532672,"proteome"
11408,1463,2923,50.0513171399247,"proteome"
11409,1465,2923,50.1197399931577,"proteome"
11410,3,2923,0.10263427984947,"proteome"
11411,89,2923,3.0448169688676,"proteome"
11412,1467,2923,50.1881628463907,"proteome"
11413,5,2923,0.17105713308245,"proteome"
11414,287,2923,9.8186794389326,"proteome"
11415,10,2923,0.342114266164899,"proteome"
11416,1836,2923,62.8121792678755,"proteome"
11417,105,2923,3.59219979473144,"proteome"
11418,150,2923,5.13171399247349,"proteome"
11419,155,2923,5.30277112555594,"proteome"
11420,6,2923,0.205268559698939,"proteome"
11421,1468,2923,50.2223742730072,"proteome"
11422,3,2923,0.10263427984947,"proteome"
11423,4,2923,0.13684570646596,"proteome"
11424,1463,2923,50.0513171399247,"proteome"
11425,1476,2923,50.4960656859391,"proteome"
11426,3,2923,0.10263427984947,"proteome"
11427,1544,2923,52.8224426958604,"proteome"
11428,1462,2923,50.0171057133082,"proteome"
11429,103,2923,3.52377694149846,"proteome"
11430,11,2923,0.376325692781389,"proteome"
11431,1468,2923,50.2223742730072,"proteome"
11432,203,2923,6.94491960314745,"proteome"
11433,1462,2923,50.0171057133082,"proteome"
11434,474,2923,16.2162162162162,"proteome"
11435,1477,2923,50.5302771125556,"proteome"
11436,1567,2923,53.6093055080397,"proteome"
11437,74,2923,2.53164556962025,"proteome"
11438,70,2923,2.39479986315429,"proteome"
11439,7,2923,0.239479986315429,"proteome"
11440,14,2923,0.478959972630859,"proteome"
11441,4,2923,0.13684570646596,"proteome"
11442,2,2923,0.0684228532329798,"proteome"
11443,116,2923,3.96852548751283,"proteome"
11444,11,2923,0.376325692781389,"proteome"
11445,1461,2923,49.9828942866918,"proteome"
11446,4,2923,0.13684570646596,"proteome"
11447,10,2923,0.342114266164899,"proteome"
11448,99,2923,3.3869312350325,"proteome"
11449,78,2923,2.66849127608621,"proteome"
11450,15,2923,0.513171399247349,"proteome"
11451,1547,2923,52.9250769757099,"proteome"
11452,252,2923,8.62127950735546,"proteome"
11453,146,2923,4.99486828600753,"proteome"
11454,78,2923,2.66849127608621,"proteome"
11455,1462,2923,50.0171057133082,"proteome"
11456,5,2923,0.17105713308245,"proteome"
11457,1463,2923,50.0513171399247,"proteome"
11458,74,2923,2.53164556962025,"proteome"
11459,4,2923,0.13684570646596,"proteome"
11460,6,2923,0.205268559698939,"proteome"
11461,4,2923,0.13684570646596,"proteome"
11462,18,2923,0.615805679096818,"proteome"
11463,4,2923,0.13684570646596,"proteome"
11464,5,2923,0.17105713308245,"proteome"
11465,200,2923,6.84228532329798,"proteome"
11466,77,2923,2.63427984946972,"proteome"
11467,6,2923,0.205268559698939,"proteome"
11468,2,2923,0.0684228532329798,"proteome"
11469,1463,2923,50.0513171399247,"proteome"
11470,9,2923,0.307902839548409,"proteome"
11471,1466,2923,50.1539514197742,"proteome"
11472,4,2923,0.13684570646596,"proteome"
11473,1462,2923,50.0171057133082,"proteome"
11474,7,2923,0.239479986315429,"proteome"
11475,3,2923,0.10263427984947,"proteome"
11476,78,2923,2.66849127608621,"proteome"
11477,9,2923,0.307902839548409,"proteome"
11478,7,2923,0.239479986315429,"proteome"
11479,2,2923,0.0684228532329798,"proteome"
11480,17,2923,0.581594252480328,"proteome"
11481,5,2923,0.17105713308245,"proteome"
11482,11,2923,0.376325692781389,"proteome"
11483,90,2923,3.07902839548409,"proteome"
11484,91,2923,3.11323982210058,"proteome"
11485,97,2923,3.31850838179952,"proteome"
11486,3,2923,0.10263427984947,"proteome"
11487,104,2923,3.55798836811495,"proteome"
11488,18,2923,0.615805679096818,"proteome"
11489,21,2923,0.718439958946288,"proteome"
11490,1463,2923,50.0513171399247,"proteome"
11491,1461,2923,49.9828942866918,"proteome"
11492,106,2923,3.62641122134793,"proteome"
11493,189,2923,6.46595963051659,"proteome"
11494,360,2923,12.3161135819364,"proteome"
11495,5,2923,0.17105713308245,"proteome"
11496,1462,2923,50.0171057133082,"proteome"
11497,1469,2923,50.2565856996237,"proteome"
11498,4,2923,0.13684570646596,"proteome"
11499,104,2923,3.55798836811495,"proteome"
11500,3,2923,0.10263427984947,"proteome"
11501,229,2923,7.83441669517619,"proteome"
11502,14,2923,0.478959972630859,"proteome"
11503,9,2923,0.307902839548409,"proteome"
11504,18,2923,0.615805679096818,"proteome"
11505,1462,2923,50.0171057133082,"proteome"
11506,3,2923,0.10263427984947,"proteome"
11507,5,2923,0.17105713308245,"proteome"
11508,5,2923,0.17105713308245,"proteome"
11509,1652,2923,56.5172767704413,"proteome"
11510,1,2923,0.0342114266164899,"proteome"
11511,4,2923,0.13684570646596,"proteome"
11512,1570,2923,53.7119397878892,"proteome"
11513,3,2923,0.10263427984947,"proteome"
11514,1461,2923,49.9828942866918,"proteome"
11515,179,2923,6.12384536435169,"proteome"
11516,2,2923,0.0684228532329798,"proteome"
11517,74,2923,2.53164556962025,"proteome"
11518,1558,2923,53.3014026684913,"proteome"
11519,3,2923,0.10263427984947,"proteome"
11520,5,2923,0.17105713308245,"proteome"
11521,1461,2923,49.9828942866918,"proteome"
11522,115,2923,3.93431406089634,"proteome"
11523,390,2923,13.3424563804311,"proteome"
11524,213,2923,7.28703386931235,"proteome"
11525,6,2923,0.205268559698939,"proteome"
11526,462,2923,15.8056790968183,"proteome"
11527,1462,2923,50.0171057133082,"proteome"
11528,161,2923,5.50803968525488,"proteome"
11529,186,2923,6.36332535066712,"proteome"
11530,1463,2923,50.0513171399247,"proteome"
11531,113,2923,3.86589120766336,"proteome"
11532,9,2923,0.307902839548409,"proteome"
11533,5,2923,0.17105713308245,"proteome"
11534,2,2923,0.0684228532329798,"proteome"
11535,8,2923,0.273691412931919,"proteome"
11536,1468,2923,50.2223742730072,"proteome"
11537,6,2923,0.205268559698939,"proteome"
11538,1464,2923,50.0855285665412,"proteome"
11539,1461,2923,49.9828942866918,"proteome"
11540,297,2923,10.1607937050975,"proteome"
11541,1561,2923,53.4040369483407,"proteome"
11542,3,2923,0.10263427984947,"proteome"
11543,1463,2923,50.0513171399247,"proteome"
11544,101,2923,3.45535408826548,"proteome"
11545,1462,2923,50.0171057133082,"proteome"
11546,430,2923,14.7109134450907,"proteome"
11547,3,2923,0.10263427984947,"proteome"
11548,1468,2923,50.2223742730072,"proteome"
11549,1464,2923,50.0855285665412,"proteome"
11550,6,2923,0.205268559698939,"proteome"
11551,99,2923,3.3869312350325,"proteome"
11552,11,2923,0.376325692781389,"proteome"
11553,3,2923,0.10263427984947,"proteome"
11554,3,2923,0.10263427984947,"proteome"
11555,148,2923,5.06329113924051,"proteome"
11556,2,2923,0.0684228532329798,"proteome"
11557,1462,2923,50.0171057133082,"proteome"
11558,1462,2923,50.0171057133082,"proteome"
11559,5,2923,0.17105713308245,"proteome"
11560,3,2923,0.10263427984947,"proteome"
11561,120,2923,4.10537119397879,"proteome"
11562,2191,2923,74.9572357167294,"proteome"
11563,1463,2923,50.0513171399247,"proteome"
11564,1461,2923,49.9828942866918,"proteome"
11565,10,2923,0.342114266164899,"proteome"
11566,1468,2923,50.2223742730072,"proteome"
11567,94,2923,3.21587410195005,"proteome"
11568,832,2923,28.4639069449196,"proteome"
11569,97,2923,3.31850838179952,"proteome"
11570,76,2923,2.60006842285323,"proteome"
11571,3,2923,0.10263427984947,"proteome"
11572,3,2923,0.10263427984947,"proteome"
11573,7,2923,0.239479986315429,"proteome"
11574,108,2923,3.69483407458091,"proteome"
11575,13,2923,0.444748546014369,"proteome"
11576,202,2923,6.91070817653096,"proteome"
11577,261,2923,8.92918234690387,"proteome"
11578,1462,2923,50.0171057133082,"proteome"
11579,1672,2923,57.2015053027711,"proteome"
11580,3,2923,0.10263427984947,"proteome"
11581,1461,2923,49.9828942866918,"proteome"
11582,7,2923,0.239479986315429,"proteome"
11583,11,2923,0.376325692781389,"proteome"
11584,1460,2923,49.9486828600753,"proteome"
11585,78,2923,2.66849127608621,"proteome"
11586,1466,2923,50.1539514197742,"proteome"
11587,1463,2923,50.0513171399247,"proteome"
11588,1749,2923,59.8357851522408,"proteome"
11589,281,2923,9.61341087923366,"proteome"
11590,115,2923,3.93431406089634,"proteome"
11591,8,2923,0.273691412931919,"proteome"
11592,18,2923,0.615805679096818,"proteome"
11593,12,2923,0.410537119397879,"proteome"
11594,15,2923,0.513171399247349,"proteome"
11595,18,2923,0.615805679096818,"proteome"
11596,1462,2923,50.0171057133082,"proteome"
11597,2,2923,0.0684228532329798,"proteome"
11598,7,2923,0.239479986315429,"proteome"
11599,2,2923,0.0684228532329798,"proteome"
11600,6,2923,0.205268559698939,"proteome"
11601,70,2923,2.39479986315429,"proteome"
11602,5,2923,0.17105713308245,"proteome"
11603,1463,2923,50.0513171399247,"proteome"
11604,1634,2923,55.9014710913445,"proteome"
11605,1463,2923,50.0513171399247,"proteome"
11606,5,2923,0.17105713308245,"proteome"
11607,8,2923,0.273691412931919,"proteome"
11608,385,2923,13.1713992473486,"proteome"
11609,15,2923,0.513171399247349,"proteome"
11610,5,2923,0.17105713308245,"proteome"
11611,245,2923,8.38179952104003,"proteome"
11612,12,2923,0.410537119397879,"proteome"
11613,1545,2923,52.8566541224769,"proteome"
11614,226,2923,7.73178241532672,"proteome"
11615,24,2923,0.821074238795758,"proteome"
11616,250,2923,8.55285665412248,"proteome"
11617,1574,2923,53.8487854943551,"proteome"
11618,1573,2923,53.8145740677386,"proteome"
11619,3,2923,0.10263427984947,"proteome"
11620,4,2923,0.13684570646596,"proteome"
11621,1462,2923,50.0171057133082,"proteome"
11622,1461,2923,49.9828942866918,"proteome"
11623,1460,2923,49.9486828600753,"proteome"
11624,1566,2923,53.5750940814232,"proteome"
11625,5,2923,0.17105713308245,"proteome"
11626,92,2923,3.14745124871707,"proteome"
11627,1462,2923,50.0171057133082,"proteome"
11628,9,2923,0.307902839548409,"proteome"
11629,80,2923,2.73691412931919,"proteome"
11630,1464,2923,50.0855285665412,"proteome"
11631,5,2923,0.17105713308245,"proteome"
11632,293,2923,10.0239479986315,"proteome"
11633,9,2923,0.307902839548409,"proteome"
11634,111,2923,3.79746835443038,"proteome"
11635,6,2923,0.205268559698939,"proteome"
11636,16,2923,0.547382825863839,"proteome"
11637,6,2923,0.205268559698939,"proteome"
11638,5,2923,0.17105713308245,"proteome"
11639,10,2923,0.342114266164899,"proteome"
11640,556,2923,19.0215531987684,"proteome"
11641,147,2923,5.02907971262402,"proteome"
11642,10,2923,0.342114266164899,"proteome"
11643,1463,2923,50.0513171399247,"proteome"
11644,1464,2923,50.0855285665412,"proteome"
11645,108,2923,3.69483407458091,"proteome"
11646,1463,2923,50.0513171399247,"proteome"
11647,1468,2923,50.2223742730072,"proteome"
11648,5,2923,0.17105713308245,"proteome"
11649,1647,2923,56.3462196373589,"proteome"
11650,313,2923,10.7081765309613,"proteome"
11651,99,2923,3.3869312350325,"proteome"
11652,234,2923,8.00547382825864,"proteome"
11653,6,2923,0.205268559698939,"proteome"
11654,2,2923,0.0684228532329798,"proteome"
11655,236,2923,8.07389668149162,"proteome"
11656,13,2923,0.444748546014369,"proteome"
11657,2,2923,0.0684228532329798,"proteome"
11658,209,2923,7.15018816284639,"proteome"
11659,1462,2923,50.0171057133082,"proteome"
11660,1,2923,0.0342114266164899,"proteome"
11661,2,2923,0.0684228532329798,"proteome"
11662,1463,2923,50.0513171399247,"proteome"
11663,1,2923,0.0342114266164899,"proteome"
11664,111,2923,3.79746835443038,"proteome"
11665,3,2923,0.10263427984947,"proteome"
11666,3,2923,0.10263427984947,"proteome"
11667,147,2923,5.02907971262402,"proteome"
11668,1,2923,0.0342114266164899,"proteome"
11669,1462,2923,50.0171057133082,"proteome"
11670,270,2923,9.23708518645227,"proteome"
11671,104,2923,3.55798836811495,"proteome"
11672,2340,2923,80.0547382825864,"proteome"
11673,3,2923,0.10263427984947,"proteome"
11674,6,2923,0.205268559698939,"proteome"
11675,15,2923,0.513171399247349,"proteome"
11676,1460,2923,49.9486828600753,"proteome"
11677,9,2923,0.307902839548409,"proteome"
11678,66,2923,2.25795415668833,"proteome"
11679,79,2923,2.7027027027027,"proteome"
11680,1461,2923,49.9828942866918,"proteome"
11681,108,2923,3.69483407458091,"proteome"
11682,98,2923,3.35271980841601,"proteome"
11683,102,2923,3.48956551488197,"proteome"
11684,1464,2923,50.0855285665412,"proteome"
11685,3,2923,0.10263427984947,"proteome"
11686,1462,2923,50.0171057133082,"proteome"
11687,14,2923,0.478959972630859,"proteome"
11688,108,2923,3.69483407458091,"proteome"
11689,71,2923,2.42901128977078,"proteome"
11690,5,2923,0.17105713308245,"proteome"
11691,1477,2923,50.5302771125556,"proteome"
11692,5,2923,0.17105713308245,"proteome"
11693,732,2923,25.0427642832706,"proteome"
11694,291,2923,9.95552514539856,"proteome"
11695,384,2923,13.1371878207321,"proteome"
11696,10,2923,0.342114266164899,"proteome"
11697,6,2923,0.205268559698939,"proteome"
11698,27,2923,0.923708518645228,"proteome"
11699,1463,2923,50.0513171399247,"proteome"
11700,1,2923,0.0342114266164899,"proteome"
11701,22,2923,0.752651385562778,"proteome"
11702,2,2923,0.0684228532329798,"proteome"
11703,15,2923,0.513171399247349,"proteome"
11704,102,2923,3.48956551488197,"proteome"
11705,1463,2923,50.0513171399247,"proteome"
11706,4,2923,0.13684570646596,"proteome"
11707,5,2923,0.17105713308245,"proteome"
11708,1572,2923,53.7803626411221,"proteome"
11709,1461,2923,49.9828942866918,"proteome"
11710,736,2923,25.1796099897366,"proteome"
11711,342,2923,11.7003079028395,"proteome"
11712,118,2923,4.03694834074581,"proteome"
11713,78,2923,2.66849127608621,"proteome"
11714,4,2923,0.13684570646596,"proteome"
11715,523,2923,17.8925761204242,"proteome"
11716,3,2923,0.10263427984947,"proteome"
11717,8,2923,0.273691412931919,"proteome"
11718,7,2923,0.239479986315429,"proteome"
11719,116,2923,3.96852548751283,"proteome"
11720,6,2923,0.205268559698939,"proteome"
11721,5,2923,0.17105713308245,"proteome"
11722,6,2923,0.205268559698939,"proteome"
11723,179,2923,6.12384536435169,"proteome"
11724,708,2923,24.2216900444749,"proteome"
11725,3,2923,0.10263427984947,"proteome"
11726,116,2923,3.96852548751283,"proteome"
11727,15,2923,0.513171399247349,"proteome"
11728,29,2923,0.992131371878207,"proteome"
11729,11,2923,0.376325692781389,"proteome"
11730,1463,2923,50.0513171399247,"proteome"
11731,1462,2923,50.0171057133082,"proteome"
11732,4,2923,0.13684570646596,"proteome"
11733,7,2923,0.239479986315429,"proteome"
11734,491,2923,16.7978104686965,"proteome"
11735,10,2923,0.342114266164899,"proteome"
11736,255,2923,8.72391378720493,"proteome"
11737,14,2923,0.478959972630859,"proteome"
11738,1476,2923,50.4960656859391,"proteome"
11739,102,2923,3.48956551488197,"proteome"
11740,1560,2923,53.3698255217243,"proteome"
11741,112,2923,3.83167978104687,"proteome"
11742,1472,2923,50.3592199794731,"proteome"
11743,17,2923,0.581594252480328,"proteome"
11744,102,2923,3.48956551488197,"proteome"
11745,3,2923,0.10263427984947,"proteome"
11746,5,2923,0.17105713308245,"proteome"
11747,7,2923,0.239479986315429,"proteome"
11748,175,2923,5.98699965788573,"proteome"
11749,13,2923,0.444748546014369,"proteome"
11750,1469,2923,50.2565856996237,"proteome"
11751,403,2923,13.7872049264454,"proteome"
11752,386,2923,13.2056106739651,"proteome"
11753,222,2923,7.59493670886076,"proteome"
11754,1464,2923,50.0855285665412,"proteome"
11755,4,2923,0.13684570646596,"proteome"
11756,73,2923,2.49743414300376,"proteome"
11757,1578,2923,53.9856312008211,"proteome"
11758,6,2923,0.205268559698939,"proteome"
11759,6,2923,0.205268559698939,"proteome"
11760,7,2923,0.239479986315429,"proteome"
11761,3,2923,0.10263427984947,"proteome"
11762,9,2923,0.307902839548409,"proteome"
11763,3,2923,0.10263427984947,"proteome"
11764,9,2923,0.307902839548409,"proteome"
11765,1709,2923,58.4673280875813,"proteome"
11766,7,2923,0.239479986315429,"proteome"
11767,68,2923,2.32637700992131,"proteome"
11768,17,2923,0.581594252480328,"proteome"
11769,1468,2923,50.2223742730072,"proteome"
11770,1463,2923,50.0513171399247,"proteome"
11771,12,2923,0.410537119397879,"proteome"
11772,107,2923,3.66062264796442,"proteome"
11773,99,2923,3.3869312350325,"proteome"
11774,5,2923,0.17105713308245,"proteome"
11775,7,2923,0.239479986315429,"proteome"
11776,3,2923,0.10263427984947,"proteome"
11777,124,2923,4.24221690044475,"proteome"
11778,4,2923,0.13684570646596,"proteome"
11779,4,2923,0.13684570646596,"proteome"
11780,6,2923,0.205268559698939,"proteome"
11781,2,2923,0.0684228532329798,"proteome"
11782,1463,2923,50.0513171399247,"proteome"
11783,1,2923,0.0342114266164899,"proteome"
11784,3,2923,0.10263427984947,"proteome"
11785,29,2923,0.992131371878207,"proteome"
11786,1462,2923,50.0171057133082,"proteome"
11787,3,2923,0.10263427984947,"proteome"
11788,355,2923,12.1450564488539,"proteome"
11789,117,2923,4.00273691412932,"proteome"
11790,85,2923,2.90797126240164,"proteome"
11791,4,2923,0.13684570646596,"proteome"
11792,113,2923,3.86589120766336,"proteome"
11793,4,2923,0.13684570646596,"proteome"
11794,6,2923,0.205268559698939,"proteome"
11795,1462,2923,50.0171057133082,"proteome"
11796,2,2923,0.0684228532329798,"proteome"
11797,7,2923,0.239479986315429,"proteome"
11798,732,2923,25.0427642832706,"proteome"
11799,97,2923,3.31850838179952,"proteome"
11800,4,2923,0.13684570646596,"proteome"
11801,1554,2923,53.1645569620253,"proteome"
11802,96,2923,3.28429695518303,"proteome"
11803,1464,2923,50.0855285665412,"proteome"
11804,1827,2923,62.5042764283271,"proteome"
11805,105,2923,3.59219979473144,"proteome"
11806,5,2923,0.17105713308245,"proteome"
11807,21,2923,0.718439958946288,"proteome"
11808,1472,2923,50.3592199794731,"proteome"
11809,10,2923,0.342114266164899,"proteome"
11810,119,2923,4.0711597673623,"proteome"
11811,1461,2923,49.9828942866918,"proteome"
11812,1461,2923,49.9828942866918,"proteome"
11813,181,2923,6.19226821758467,"proteome"
11814,658,2923,22.5111187136504,"proteome"
11815,172,2923,5.88436537803626,"proteome"
11816,2,2923,0.0684228532329798,"proteome"
11817,6,2923,0.205268559698939,"proteome"
11818,464,2923,15.8741019500513,"proteome"
11819,8,2923,0.273691412931919,"proteome"
11820,8,2923,0.273691412931919,"proteome"
11821,1464,2923,50.0855285665412,"proteome"
11822,1463,2923,50.0513171399247,"proteome"
11823,7,2923,0.239479986315429,"proteome"
11824,1472,2923,50.3592199794731,"proteome"
11825,1461,2923,49.9828942866918,"proteome"
11826,86,2923,2.94218268901813,"proteome"
11827,18,2923,0.615805679096818,"proteome"
11828,19,2923,0.650017105713308,"proteome"
11829,7,2923,0.239479986315429,"proteome"
11830,5,2923,0.17105713308245,"proteome"
11831,27,2923,0.923708518645228,"proteome"
11832,113,2923,3.86589120766336,"proteome"
11833,1466,2923,50.1539514197742,"proteome"
11834,5,2923,0.17105713308245,"proteome"
11835,97,2923,3.31850838179952,"proteome"
11836,3,2923,0.10263427984947,"proteome"
11837,1463,2923,50.0513171399247,"proteome"
11838,1464,2923,50.0855285665412,"proteome"
11839,215,2923,7.35545672254533,"proteome"
11840,545,2923,18.645227505987,"proteome"
11841,1469,2923,50.2565856996237,"proteome"
11842,1463,2923,50.0513171399247,"proteome"
11843,333,2923,11.3924050632911,"proteome"
11844,6,2923,0.205268559698939,"proteome"
11845,1461,2923,49.9828942866918,"proteome"
11846,1467,2923,50.1881628463907,"proteome"
11847,2,2923,0.0684228532329798,"proteome"
11848,15,2923,0.513171399247349,"proteome"
11849,218,2923,7.4580910023948,"proteome"
11850,3,2923,0.10263427984947,"proteome"
11851,84,2923,2.87375983578515,"proteome"
11852,116,2923,3.96852548751283,"proteome"
11853,188,2923,6.4317482039001,"proteome"
11854,15,2923,0.513171399247349,"proteome"
11855,137,2923,4.68696544645912,"proteome"
11856,7,2923,0.239479986315429,"proteome"
11857,2,2923,0.0684228532329798,"proteome"
11858,2,2923,0.0684228532329798,"proteome"
11859,79,2923,2.7027027027027,"proteome"
11860,122,2923,4.17379404721177,"proteome"
11861,4,2923,0.13684570646596,"proteome"
11862,77,2923,2.63427984946972,"proteome"
11863,285,2923,9.75025658569962,"proteome"
11864,93,2923,3.18166267533356,"proteome"
11865,17,2923,0.581594252480328,"proteome"
11866,10,2923,0.342114266164899,"proteome"
11867,4,2923,0.13684570646596,"proteome"
11868,4,2923,0.13684570646596,"proteome"
11869,4,2923,0.13684570646596,"proteome"
11870,1466,2923,50.1539514197742,"proteome"
11871,85,2923,2.90797126240164,"proteome"
11872,1468,2923,50.2223742730072,"proteome"
11873,4,2923,0.13684570646596,"proteome"
11874,1467,2923,50.1881628463907,"proteome"
11875,1463,2923,50.0513171399247,"proteome"
11876,106,2923,3.62641122134793,"proteome"
11877,3,2923,0.10263427984947,"proteome"
11878,385,2923,13.1713992473486,"proteome"
11879,5,2923,0.17105713308245,"proteome"
11880,559,2923,19.1241874786179,"proteome"
11881,17,2923,0.581594252480328,"proteome"
11882,5,2923,0.17105713308245,"proteome"
11883,1464,2923,50.0855285665412,"proteome"
11884,1460,2923,49.9486828600753,"proteome"
11885,84,2923,2.87375983578515,"proteome"
11886,124,2923,4.24221690044475,"proteome"
11887,2,2923,0.0684228532329798,"proteome"
11888,277,2923,9.4765651727677,"proteome"
11889,10,2923,0.342114266164899,"proteome"
11890,3,2923,0.10263427984947,"proteome"
11891,7,2923,0.239479986315429,"proteome"
11892,385,2923,13.1713992473486,"proteome"
11893,105,2923,3.59219979473144,"proteome"
11894,1466,2923,50.1539514197742,"proteome"
11895,4,2923,0.13684570646596,"proteome"
11896,377,2923,12.8977078344167,"proteome"
11897,1462,2923,50.0171057133082,"proteome"
11898,128,2923,4.37906260691071,"proteome"
11899,1477,2923,50.5302771125556,"proteome"
11900,1463,2923,50.0513171399247,"proteome"
11901,3,2923,0.10263427984947,"proteome"
11902,14,2923,0.478959972630859,"proteome"
11903,1462,2923,50.0171057133082,"proteome"
11904,2,2923,0.0684228532329798,"proteome"
11905,1467,2923,50.1881628463907,"proteome"
11906,1467,2923,50.1881628463907,"proteome"
11907,185,2923,6.32911392405063,"proteome"
11908,1566,2923,53.5750940814232,"proteome"
11909,1461,2923,49.9828942866918,"proteome"
11910,450,2923,15.3951419774205,"proteome"
11911,7,2923,0.239479986315429,"proteome"
11912,230,2923,7.86862812179268,"proteome"
11913,3,2923,0.10263427984947,"proteome"
11914,3,2923,0.10263427984947,"proteome"
11915,7,2923,0.239479986315429,"proteome"
11916,1472,2923,50.3592199794731,"proteome"
11917,92,2923,3.14745124871707,"proteome"
11918,731,2923,25.0085528566541,"proteome"
11919,1463,2923,50.0513171399247,"proteome"
11920,4,2923,0.13684570646596,"proteome"
11921,147,2923,5.02907971262402,"proteome"
11922,5,2923,0.17105713308245,"proteome"
11923,7,2923,0.239479986315429,"proteome"
11924,1460,2923,49.9486828600753,"proteome"
11925,2,2923,0.0684228532329798,"proteome"
11926,93,2923,3.18166267533356,"proteome"
11927,84,2923,2.87375983578515,"proteome"
11928,10,2923,0.342114266164899,"proteome"
11929,5,2923,0.17105713308245,"proteome"
11930,4,2923,0.13684570646596,"proteome"
11931,3,2923,0.10263427984947,"proteome"
11932,114,2923,3.90010263427985,"proteome"
11933,154,2923,5.26855969893945,"proteome"
11934,4,2923,0.13684570646596,"proteome"
11935,106,2923,3.62641122134793,"proteome"
11936,97,2923,3.31850838179952,"proteome"
11937,95,2923,3.25008552856654,"proteome"
11938,209,2923,7.15018816284639,"proteome"
11939,10,2923,0.342114266164899,"proteome"
11940,1462,2923,50.0171057133082,"proteome"
11941,4,2923,0.13684570646596,"proteome"
11942,29,2923,0.992131371878207,"proteome"
11943,12,2923,0.410537119397879,"proteome"
11944,1463,2923,50.0513171399247,"proteome"
11945,4,2923,0.13684570646596,"proteome"
11946,4,2923,0.13684570646596,"proteome"
11947,2,2923,0.0684228532329798,"proteome"
11948,10,2923,0.342114266164899,"proteome"
11949,9,2923,0.307902839548409,"proteome"
11950,1467,2923,50.1881628463907,"proteome"
11951,112,2923,3.83167978104687,"proteome"
11952,6,2923,0.205268559698939,"proteome"
11953,4,2923,0.13684570646596,"proteome"
11954,120,2923,4.10537119397879,"proteome"
11955,4,2923,0.13684570646596,"proteome"
11956,7,2923,0.239479986315429,"proteome"
11957,152,2923,5.20013684570647,"proteome"
11958,9,2923,0.307902839548409,"proteome"
11959,5,2923,0.17105713308245,"proteome"
11960,14,2923,0.478959972630859,"proteome"
11961,4,2923,0.13684570646596,"proteome"
11962,108,2923,3.69483407458091,"proteome"
11963,367,2923,12.5555935682518,"proteome"
11964,425,2923,14.5398563120082,"proteome"
11965,5,2923,0.17105713308245,"proteome"
11966,1465,2923,50.1197399931577,"proteome"
11967,6,2923,0.205268559698939,"proteome"
11968,5,2923,0.17105713308245,"proteome"
11969,188,2923,6.4317482039001,"proteome"
11970,294,2923,10.058159425248,"proteome"
11971,215,2923,7.35545672254533,"proteome"
11972,1462,2923,50.0171057133082,"proteome"
11973,234,2923,8.00547382825864,"proteome"
11974,6,2923,0.205268559698939,"proteome"
11975,378,2923,12.9319192610332,"proteome"
11976,119,2923,4.0711597673623,"proteome"
11977,1463,2923,50.0513171399247,"proteome"
11978,291,2923,9.95552514539856,"proteome"
11979,1468,2923,50.2223742730072,"proteome"
11980,550,2923,18.8162846390694,"proteome"
11981,5,2923,0.17105713308245,"proteome"
11982,104,2923,3.55798836811495,"proteome"
11983,1463,2923,50.0513171399247,"proteome"
11984,79,2923,2.7027027027027,"proteome"
11985,1,2923,0.0342114266164899,"proteome"
11986,1462,2923,50.0171057133082,"proteome"
11987,1466,2923,50.1539514197742,"proteome"
11988,1468,2923,50.2223742730072,"proteome"
11989,1462,2923,50.0171057133082,"proteome"
11990,5,2923,0.17105713308245,"proteome"
11991,2,2923,0.0684228532329798,"proteome"
11992,151,2923,5.16592541908998,"proteome"
11993,13,2923,0.444748546014369,"proteome"
11994,109,2923,3.7290455011974,"proteome"
11995,480,2923,16.4214847759152,"proteome"
11996,119,2923,4.0711597673623,"proteome"
11997,3,2923,0.10263427984947,"proteome"
11998,5,2923,0.17105713308245,"proteome"
11999,14,2923,0.478959972630859,"proteome"
12000,1472,2923,50.3592199794731,"proteome"
12001,7,2923,0.239479986315429,"proteome"
12002,1531,2923,52.3776941498461,"proteome"
12003,2,2923,0.0684228532329798,"proteome"
12004,96,2923,3.28429695518303,"proteome"
12005,1466,2923,50.1539514197742,"proteome"
12006,10,2923,0.342114266164899,"proteome"
12007,1462,2923,50.0171057133082,"proteome"
12008,10,2923,0.342114266164899,"proteome"
12009,123,2923,4.20800547382826,"proteome"
12010,1461,2923,49.9828942866918,"proteome"
12011,51,2923,1.74478275744099,"proteome"
12012,5,2923,0.17105713308245,"proteome"
12013,1461,2923,49.9828942866918,"proteome"
12014,7,2923,0.239479986315429,"proteome"
12015,1461,2923,49.9828942866918,"proteome"
12016,1681,2923,57.5094081423195,"proteome"
12017,3,2923,0.10263427984947,"proteome"
12018,1464,2923,50.0855285665412,"proteome"
12019,7,2923,0.239479986315429,"proteome"
12020,3,2923,0.10263427984947,"proteome"
12021,3,2923,0.10263427984947,"proteome"
12022,6,2923,0.205268559698939,"proteome"
12023,5,2923,0.17105713308245,"proteome"
12024,5,2923,0.17105713308245,"proteome"
12025,114,2923,3.90010263427985,"proteome"
12026,109,2923,3.7290455011974,"proteome"
12027,1463,2923,50.0513171399247,"proteome"
12028,1462,2923,50.0171057133082,"proteome"
12029,116,2923,3.96852548751283,"proteome"
12030,194,2923,6.63701676359904,"proteome"
12031,2558,2923,87.5128292849812,"proteome"
12032,1462,2923,50.0171057133082,"proteome"
12033,15,2923,0.513171399247349,"proteome"
12034,154,2923,5.26855969893945,"proteome"
12035,1649,2923,56.4146424905919,"proteome"
12036,360,2923,12.3161135819364,"proteome"
12037,6,2923,0.205268559698939,"proteome"
12038,83,2923,2.83954840916866,"proteome"
12039,106,2923,3.62641122134793,"proteome"
12040,7,2923,0.239479986315429,"proteome"
12041,86,2923,2.94218268901813,"proteome"
12042,4,2923,0.13684570646596,"proteome"
12043,10,2923,0.342114266164899,"proteome"
12044,1478,2923,50.5644885391721,"proteome"
12045,4,2923,0.13684570646596,"proteome"
12046,3,2923,0.10263427984947,"proteome"
12047,1462,2923,50.0171057133082,"proteome"
12048,1469,2923,50.2565856996237,"proteome"
12049,10,2923,0.342114266164899,"proteome"
12050,2,2923,0.0684228532329798,"proteome"
12051,14,2923,0.478959972630859,"proteome"
12052,10,2923,0.342114266164899,"proteome"
12053,1462,2923,50.0171057133082,"proteome"
12054,4,2923,0.13684570646596,"proteome"
12055,6,2923,0.205268559698939,"proteome"
12056,4,2923,0.13684570646596,"proteome"
12057,1468,2923,50.2223742730072,"proteome"
12058,1462,2923,50.0171057133082,"proteome"
12059,4,2923,0.13684570646596,"proteome"
12060,1565,2923,53.5408826548067,"proteome"
12061,1468,2923,50.2223742730072,"proteome"
12062,346,2923,11.8371536093055,"proteome"
12063,1466,2923,50.1539514197742,"proteome"
12064,1464,2923,50.0855285665412,"proteome"
12065,7,2923,0.239479986315429,"proteome"
12066,18,2923,0.615805679096818,"proteome"
12067,59,2923,2.0184741703729,"proteome"
12068,97,2923,3.31850838179952,"proteome"
12069,99,2923,3.3869312350325,"proteome"
12070,1468,2923,50.2223742730072,"proteome"
12071,72,2923,2.46322271638727,"proteome"
12072,147,2923,5.02907971262402,"proteome"
12073,86,2923,2.94218268901813,"proteome"
12074,4,2923,0.13684570646596,"proteome"
12075,2,2923,0.0684228532329798,"proteome"
12076,91,2923,3.11323982210058,"proteome"
12077,1479,2923,50.5986999657886,"proteome"
12078,11,2923,0.376325692781389,"proteome"
12079,326,2923,11.1529250769757,"proteome"
12080,6,2923,0.205268559698939,"proteome"
12081,110,2923,3.76325692781389,"proteome"
12082,98,2923,3.35271980841601,"proteome"
12083,475,2923,16.2504276428327,"proteome"
12084,1465,2923,50.1197399931577,"proteome"
12085,18,2923,0.615805679096818,"proteome"
12086,6,2923,0.205268559698939,"proteome"
12087,394,2923,13.479302086897,"proteome"
12088,1461,2923,49.9828942866918,"proteome"
12089,209,2923,7.15018816284639,"proteome"
12090,98,2923,3.35271980841601,"proteome"
12091,4,2923,0.13684570646596,"proteome"
12092,1461,2923,49.9828942866918,"proteome"
12093,1464,2923,50.0855285665412,"proteome"
12094,2,2923,0.0684228532329798,"proteome"
12095,5,2923,0.17105713308245,"proteome"
12096,153,2923,5.23434827232296,"proteome"
12097,284,2923,9.71604515908313,"proteome"
12098,120,2923,4.10537119397879,"proteome"
12099,3,2923,0.10263427984947,"proteome"
12100,7,2923,0.239479986315429,"proteome"
12101,113,2923,3.86589120766336,"proteome"
12102,1469,2923,50.2565856996237,"proteome"
12103,74,2923,2.53164556962025,"proteome"
12104,1472,2923,50.3592199794731,"proteome"
12105,172,2923,5.88436537803626,"proteome"
12106,1468,2923,50.2223742730072,"proteome"
12107,1577,2923,53.9514197742046,"proteome"
12108,289,2923,9.88710229216558,"proteome"
12109,114,2923,3.90010263427985,"proteome"
12110,5,2923,0.17105713308245,"proteome"
12111,193,2923,6.60280533698255,"proteome"
12112,118,2923,4.03694834074581,"proteome"
12113,119,2923,4.0711597673623,"proteome"
12114,112,2923,3.83167978104687,"proteome"
12115,120,2923,4.10537119397879,"proteome"
12116,11,2923,0.376325692781389,"proteome"
12117,272,2923,9.30550803968526,"proteome"
12118,2,2923,0.0684228532329798,"proteome"
12119,150,2923,5.13171399247349,"proteome"
12120,3,2923,0.10263427984947,"proteome"
12121,112,2923,3.83167978104687,"proteome"
12122,11,2923,0.376325692781389,"proteome"
12123,102,2923,3.48956551488197,"proteome"
12124,4,2923,0.13684570646596,"proteome"
12125,1556,2923,53.2329798152583,"proteome"
12126,3,2923,0.10263427984947,"proteome"
12127,1461,2923,49.9828942866918,"proteome"
12128,1465,2923,50.1197399931577,"proteome"
12129,29,2923,0.992131371878207,"proteome"
12130,167,2923,5.71330824495381,"proteome"
12131,2,2923,0.0684228532329798,"proteome"
12132,1463,2923,50.0513171399247,"proteome"
12133,2,2923,0.0684228532329798,"proteome"
12134,233,2923,7.97126240164215,"proteome"
12135,5,2923,0.17105713308245,"proteome"
12136,1461,2923,49.9828942866918,"proteome"
12137,6,2923,0.205268559698939,"proteome"
12138,369,2923,12.6240164214848,"proteome"
12139,1571,2923,53.7461512145056,"proteome"
12140,102,2923,3.48956551488197,"proteome"
12141,9,2923,0.307902839548409,"proteome"
12142,7,2923,0.239479986315429,"proteome"
12143,99,2923,3.3869312350325,"proteome"
12144,13,2923,0.444748546014369,"proteome"
12145,3,2923,0.10263427984947,"proteome"
12146,9,2923,0.307902839548409,"proteome"
12147,1469,2923,50.2565856996237,"proteome"
12148,1464,2923,50.0855285665412,"proteome"
12149,1533,2923,52.446117003079,"proteome"
12150,95,2923,3.25008552856654,"proteome"
12151,4,2923,0.13684570646596,"proteome"
12152,5,2923,0.17105713308245,"proteome"
12153,1,2923,0.0342114266164899,"proteome"
12154,3,2923,0.10263427984947,"proteome"
12155,148,2923,5.06329113924051,"proteome"
12156,124,2923,4.24221690044475,"proteome"
12157,10,2923,0.342114266164899,"proteome"
12158,74,2923,2.53164556962025,"proteome"
12159,95,2923,3.25008552856654,"proteome"
12160,3,2923,0.10263427984947,"proteome"
12161,6,2923,0.205268559698939,"proteome"
12162,371,2923,12.6924392747178,"proteome"
12163,1462,2923,50.0171057133082,"proteome"
12164,17,2923,0.581594252480328,"proteome"
12165,2,2923,0.0684228532329798,"proteome"
12166,1830,2923,62.6069107081765,"proteome"
12167,7,2923,0.239479986315429,"proteome"
12168,66,2923,2.25795415668833,"proteome"
12169,1461,2923,49.9828942866918,"proteome"
12170,111,2923,3.79746835443038,"proteome"
12171,14,2923,0.478959972630859,"proteome"
12172,3,2923,0.10263427984947,"proteome"
12173,117,2923,4.00273691412932,"proteome"
12174,14,2923,0.478959972630859,"proteome"
12175,333,2923,11.3924050632911,"proteome"
12176,4,2923,0.13684570646596,"proteome"
12177,14,2923,0.478959972630859,"proteome"
12178,6,2923,0.205268559698939,"proteome"
12179,2,2923,0.0684228532329798,"proteome"
12180,1565,2923,53.5408826548067,"proteome"
12181,1461,2923,49.9828942866918,"proteome"
12182,3,2923,0.10263427984947,"proteome"
12183,2,2923,0.0684228532329798,"proteome"
12184,290,2923,9.92131371878207,"proteome"
12185,105,2923,3.59219979473144,"proteome"
12186,1460,2923,49.9486828600753,"proteome"
12187,1472,2923,50.3592199794731,"proteome"
12188,1467,2923,50.1881628463907,"proteome"
12189,1463,2923,50.0513171399247,"proteome"
12190,1463,2923,50.0513171399247,"proteome"
12191,561,2923,19.1926103318508,"proteome"
12192,106,2923,3.62641122134793,"proteome"
12193,1531,2923,52.3776941498461,"proteome"
12194,1460,2923,49.9486828600753,"proteome"
12195,1463,2923,50.0513171399247,"proteome"
12196,222,2923,7.59493670886076,"proteome"
12197,189,2923,6.46595963051659,"proteome"
12198,3,2923,0.10263427984947,"proteome"
12199,2,2923,0.0684228532329798,"proteome"
12200,1461,2923,49.9828942866918,"proteome"
12201,7,2923,0.239479986315429,"proteome"
12202,1469,2923,50.2565856996237,"proteome"
12203,9,2923,0.307902839548409,"proteome"
12204,177,2923,6.05542251111871,"proteome"
12205,144,2923,4.92644543277455,"proteome"
12206,1,2923,0.0342114266164899,"proteome"
12207,6,2923,0.205268559698939,"proteome"
12208,99,2923,3.3869312350325,"proteome"
12209,3,2923,0.10263427984947,"proteome"
12210,1468,2923,50.2223742730072,"proteome"
12211,1472,2923,50.3592199794731,"proteome"
12212,1564,2923,53.5066712281902,"proteome"
12213,107,2923,3.66062264796442,"proteome"
12214,4,2923,0.13684570646596,"proteome"
12215,7,2923,0.239479986315429,"proteome"
12216,7,2923,0.239479986315429,"proteome"
12217,3,2923,0.10263427984947,"proteome"
12218,3,2923,0.10263427984947,"proteome"
12219,1463,2923,50.0513171399247,"proteome"
12220,352,2923,12.0424221690044,"proteome"
12221,227,2923,7.76599384194321,"proteome"
12222,112,2923,3.83167978104687,"proteome"
12223,2,2923,0.0684228532329798,"proteome"
12224,3,2923,0.10263427984947,"proteome"
12225,1464,2923,50.0855285665412,"proteome"
12226,1,2923,0.0342114266164899,"proteome"
12227,7,2923,0.239479986315429,"proteome"
12228,3,2923,0.10263427984947,"proteome"
12229,1461,2923,49.9828942866918,"proteome"
12230,1461,2923,49.9828942866918,"proteome"
12231,109,2923,3.7290455011974,"proteome"
12232,174,2923,5.95278823126924,"proteome"
12233,2,2923,0.0684228532329798,"proteome"
12234,3,2923,0.10263427984947,"proteome"
12235,101,2923,3.45535408826548,"proteome"
12236,122,2923,4.17379404721177,"proteome"
12237,3,2923,0.10263427984947,"proteome"
12238,7,2923,0.239479986315429,"proteome"
12239,6,2923,0.205268559698939,"proteome"
12240,114,2923,3.90010263427985,"proteome"
12241,6,2923,0.205268559698939,"proteome"
12242,5,2923,0.17105713308245,"proteome"
12243,82,2923,2.80533698255217,"proteome"
12244,1461,2923,49.9828942866918,"proteome"
12245,29,2923,0.992131371878207,"proteome"
12246,1469,2923,50.2565856996237,"proteome"
12247,6,2923,0.205268559698939,"proteome"
12248,1461,2923,49.9828942866918,"proteome"
12249,55,2923,1.88162846390694,"proteome"
12250,1461,2923,49.9828942866918,"proteome"
12251,2,2923,0.0684228532329798,"proteome"
12252,347,2923,11.871365035922,"proteome"
12253,259,2923,8.86075949367089,"proteome"
12254,1461,2923,49.9828942866918,"proteome"
12255,123,2923,4.20800547382826,"proteome"
12256,184,2923,6.29490249743414,"proteome"
12257,203,2923,6.94491960314745,"proteome"
12258,1651,2923,56.4830653438248,"proteome"
12259,5,2923,0.17105713308245,"proteome"
12260,4,2923,0.13684570646596,"proteome"
12261,3,2923,0.10263427984947,"proteome"
12262,6,2923,0.205268559698939,"proteome"
12263,5,2923,0.17105713308245,"proteome"
12264,84,2923,2.87375983578515,"proteome"
12265,449,2923,15.360930550804,"proteome"
12266,544,2923,18.6110160793705,"proteome"
12267,3,2923,0.10263427984947,"proteome"
12268,6,2923,0.205268559698939,"proteome"
12269,405,2923,13.8556277796784,"proteome"
12270,3,2923,0.10263427984947,"proteome"
12271,1,2923,0.0342114266164899,"proteome"
12272,15,2923,0.513171399247349,"proteome"
12273,1461,2923,49.9828942866918,"proteome"
12274,8,2923,0.273691412931919,"proteome"
12275,116,2923,3.96852548751283,"proteome"
12276,5,2923,0.17105713308245,"proteome"
12277,7,2923,0.239479986315429,"proteome"
12278,3,2923,0.10263427984947,"proteome"
12279,490,2923,16.7635990420801,"proteome"
12280,5,2923,0.17105713308245,"proteome"
12281,3,2923,0.10263427984947,"proteome"
12282,75,2923,2.56585699623674,"proteome"
12283,1462,2923,50.0171057133082,"proteome"
12284,12,2923,0.410537119397879,"proteome"
12285,1464,2923,50.0855285665412,"proteome"
12286,4,2923,0.13684570646596,"proteome"
12287,112,2923,3.83167978104687,"proteome"
12288,6,2923,0.205268559698939,"proteome"
12289,3,2923,0.10263427984947,"proteome"
12290,153,2923,5.23434827232296,"proteome"
12291,3,2923,0.10263427984947,"proteome"
12292,116,2923,3.96852548751283,"proteome"
12293,4,2923,0.13684570646596,"proteome"
12294,253,2923,8.65549093397195,"proteome"
12295,7,2923,0.239479986315429,"proteome"
12296,4,2923,0.13684570646596,"proteome"
12297,81,2923,2.77112555593568,"proteome"
12298,1462,2923,50.0171057133082,"proteome"
12299,1468,2923,50.2223742730072,"proteome"
12300,12,2923,0.410537119397879,"proteome"
12301,8,2923,0.273691412931919,"proteome"
12302,1462,2923,50.0171057133082,"proteome"
12303,6,2923,0.205268559698939,"proteome"
12304,255,2923,8.72391378720493,"proteome"
12305,6,2923,0.205268559698939,"proteome"
12306,85,2923,2.90797126240164,"proteome"
12307,1462,2923,50.0171057133082,"proteome"
12308,13,2923,0.444748546014369,"proteome"
12309,147,2923,5.02907971262402,"proteome"
12310,5,2923,0.17105713308245,"proteome"
12311,10,2923,0.342114266164899,"proteome"
12312,2,2923,0.0684228532329798,"proteome"
12313,106,2923,3.62641122134793,"proteome"
12314,243,2923,8.31337666780705,"proteome"
12315,233,2923,7.97126240164215,"proteome"
12316,1463,2923,50.0513171399247,"proteome"
12317,6,2923,0.205268559698939,"proteome"
12318,3,2923,0.10263427984947,"proteome"
12319,227,2923,7.76599384194321,"proteome"
12320,2,2923,0.0684228532329798,"proteome"
12321,707,2923,24.1874786178584,"proteome"
12322,18,2923,0.615805679096818,"proteome"
12323,103,2923,3.52377694149846,"proteome"
12324,9,2923,0.307902839548409,"proteome"
12325,113,2923,3.86589120766336,"proteome"
12326,369,2923,12.6240164214848,"proteome"
12327,8,2923,0.273691412931919,"proteome"
12328,3,2923,0.10263427984947,"proteome"
12329,3,2923,0.10263427984947,"proteome"
12330,7,2923,0.239479986315429,"proteome"
12331,1462,2923,50.0171057133082,"proteome"
12332,9,2923,0.307902839548409,"proteome"
12333,11,2923,0.376325692781389,"proteome"
12334,13,2923,0.444748546014369,"proteome"
12335,5,2923,0.17105713308245,"proteome"
12336,3,2923,0.10263427984947,"proteome"
12337,327,2923,11.1871365035922,"proteome"
12338,6,2923,0.205268559698939,"proteome"
12339,117,2923,4.00273691412932,"proteome"
12340,188,2923,6.4317482039001,"proteome"
12341,67,2923,2.29216558330482,"proteome"
12342,6,2923,0.205268559698939,"proteome"
12343,1462,2923,50.0171057133082,"proteome"
12344,457,2923,15.6346219637359,"proteome"
12345,2,2923,0.0684228532329798,"proteome"
12346,1678,2923,57.4067738624701,"proteome"
12347,3,2923,0.10263427984947,"proteome"
12348,16,2923,0.547382825863839,"proteome"
12349,3,2923,0.10263427984947,"proteome"
12350,5,2923,0.17105713308245,"proteome"
12351,1462,2923,50.0171057133082,"proteome"
12352,6,2923,0.205268559698939,"proteome"
12353,90,2923,3.07902839548409,"proteome"
12354,6,2923,0.205268559698939,"proteome"
12355,145,2923,4.96065685939104,"proteome"
12356,180,2923,6.15805679096818,"proteome"
12357,1462,2923,50.0171057133082,"proteome"
12358,1462,2923,50.0171057133082,"proteome"
12359,101,2923,3.45535408826548,"proteome"
12360,1577,2923,53.9514197742046,"proteome"
12361,4,2923,0.13684570646596,"proteome"
12362,5,2923,0.17105713308245,"proteome"
12363,6,2923,0.205268559698939,"proteome"
12364,98,2923,3.35271980841601,"proteome"
12365,107,2923,3.66062264796442,"proteome"
12366,7,2923,0.239479986315429,"proteome"
12367,345,2923,11.802942182689,"proteome"
12368,91,2923,3.11323982210058,"proteome"
12369,1461,2923,49.9828942866918,"proteome"
12370,4,2923,0.13684570646596,"proteome"
12371,1472,2923,50.3592199794731,"proteome"
12372,3,2923,0.10263427984947,"proteome"
12373,7,2923,0.239479986315429,"proteome"
12374,82,2923,2.80533698255217,"proteome"
12375,210,2923,7.18439958946288,"proteome"
12376,3,2923,0.10263427984947,"proteome"
12377,4,2923,0.13684570646596,"proteome"
12378,6,2923,0.205268559698939,"proteome"
12379,148,2923,5.06329113924051,"proteome"
12380,356,2923,12.1792678754704,"proteome"
12381,13,2923,0.444748546014369,"proteome"
12382,2,2923,0.0684228532329798,"proteome"
12383,95,2923,3.25008552856654,"proteome"
12384,6,2923,0.205268559698939,"proteome"
12385,1461,2923,49.9828942866918,"proteome"
12386,1461,2923,49.9828942866918,"proteome"
12387,7,2923,0.239479986315429,"proteome"
12388,3,2923,0.10263427984947,"proteome"
12389,5,2923,0.17105713308245,"proteome"
12390,82,2923,2.80533698255217,"proteome"
12391,6,2923,0.205268559698939,"proteome"
12392,95,2923,3.25008552856654,"proteome"
12393,196,2923,6.70543961683202,"proteome"
12394,1464,2923,50.0855285665412,"proteome"
12395,4,2923,0.13684570646596,"proteome"
12396,102,2923,3.48956551488197,"proteome"
12397,1469,2923,50.2565856996237,"proteome"
12398,4,2923,0.13684570646596,"proteome"
12399,1477,2923,50.5302771125556,"proteome"
12400,13,2923,0.444748546014369,"proteome"
12401,7,2923,0.239479986315429,"proteome"
12402,147,2923,5.02907971262402,"proteome"
12403,12,2923,0.410537119397879,"proteome"
12404,4,2923,0.13684570646596,"proteome"
12405,849,2923,29.0455011973999,"proteome"
12406,103,2923,3.52377694149846,"proteome"
12407,4,2923,0.13684570646596,"proteome"
12408,465,2923,15.9083133766678,"proteome"
12409,2,2923,0.0684228532329798,"proteome"
12410,878,2923,30.0376325692781,"proteome"
12411,400,2923,13.684570646596,"proteome"
12412,1464,2923,50.0855285665412,"proteome"
12413,2,2923,0.0684228532329798,"proteome"
12414,1462,2923,50.0171057133082,"proteome"
12415,1636,2923,55.9698939445775,"proteome"
12416,3,2923,0.10263427984947,"proteome"
12417,9,2923,0.307902839548409,"proteome"
12418,6,2923,0.205268559698939,"proteome"
12419,1462,2923,50.0171057133082,"proteome"
12420,412,2923,14.0951077659938,"proteome"
12421,8,2923,0.273691412931919,"proteome"
12422,3,2923,0.10263427984947,"proteome"
12423,1463,2923,50.0513171399247,"proteome"
12424,18,2923,0.615805679096818,"proteome"
12425,2,2923,0.0684228532329798,"proteome"
12426,229,2923,7.83441669517619,"proteome"
12427,5,2923,0.17105713308245,"proteome"
12428,145,2923,4.96065685939104,"proteome"
12429,101,2923,3.45535408826548,"proteome"
12430,1101,2923,37.6667807047554,"proteome"
12431,1462,2923,50.0171057133082,"proteome"
12432,1469,2923,50.2565856996237,"proteome"
12433,9,2923,0.307902839548409,"proteome"
12434,1461,2923,49.9828942866918,"proteome"
12435,1,2923,0.0342114266164899,"proteome"
12436,14,2923,0.478959972630859,"proteome"
12437,371,2923,12.6924392747178,"proteome"
12438,101,2923,3.45535408826548,"proteome"
12439,286,2923,9.78446801231611,"proteome"
12440,3,2923,0.10263427984947,"proteome"
12441,1461,2923,49.9828942866918,"proteome"
12442,2,2923,0.0684228532329798,"proteome"
12443,6,2923,0.205268559698939,"proteome"
12444,27,2923,0.923708518645228,"proteome"
12445,4,2923,0.13684570646596,"proteome"
12446,99,2923,3.3869312350325,"proteome"
12447,1466,2923,50.1539514197742,"proteome"
12448,1461,2923,49.9828942866918,"proteome"
12449,6,2923,0.205268559698939,"proteome"
12450,99,2923,3.3869312350325,"proteome"
12451,1461,2923,49.9828942866918,"proteome"
12452,9,2923,0.307902839548409,"proteome"
12453,134,2923,4.58433116660965,"proteome"
12454,188,2923,6.4317482039001,"proteome"
12455,1462,2923,50.0171057133082,"proteome"
12456,22,2923,0.752651385562778,"proteome"
12457,9,2923,0.307902839548409,"proteome"
12458,344,2923,11.7687307560725,"proteome"
12459,5,2923,0.17105713308245,"proteome"
12460,4,2923,0.13684570646596,"proteome"
12461,288,2923,9.85289086554909,"proteome"
12462,52,2923,1.77899418405748,"proteome"
12463,7,2923,0.239479986315429,"proteome"
12464,3,2923,0.10263427984947,"proteome"
12465,1464,2923,50.0855285665412,"proteome"
12466,226,2923,7.73178241532672,"proteome"
12467,5,2923,0.17105713308245,"proteome"
12468,78,2923,2.66849127608621,"proteome"
12469,63,2923,2.15531987683886,"proteome"
12470,82,2923,2.80533698255217,"proteome"
12471,10,2923,0.342114266164899,"proteome"
12472,7,2923,0.239479986315429,"proteome"
12473,4,2923,0.13684570646596,"proteome"
12474,1468,2923,50.2223742730072,"proteome"
12475,1462,2923,50.0171057133082,"proteome"
12476,3,2923,0.10263427984947,"proteome"
12477,265,2923,9.06602805336983,"proteome"
12478,4,2923,0.13684570646596,"proteome"
12479,8,2923,0.273691412931919,"proteome"
12480,97,2923,3.31850838179952,"proteome"
12481,2,2923,0.0684228532329798,"proteome"
12482,102,2923,3.48956551488197,"proteome"
12483,103,2923,3.52377694149846,"proteome"
12484,98,2923,3.35271980841601,"proteome"
12485,9,2923,0.307902839548409,"proteome"
12486,6,2923,0.205268559698939,"proteome"
12487,4,2923,0.13684570646596,"proteome"
12488,84,2923,2.87375983578515,"proteome"
12489,724,2923,24.7690728703387,"proteome"
12490,1673,2923,57.2357167293876,"proteome"
12491,218,2923,7.4580910023948,"proteome"
12492,268,2923,9.1686623332193,"proteome"
12493,4,2923,0.13684570646596,"proteome"
12494,117,2923,4.00273691412932,"proteome"
12495,8,2923,0.273691412931919,"proteome"
12496,2,2923,0.0684228532329798,"proteome"
12497,12,2923,0.410537119397879,"proteome"
12498,241,2923,8.24495381457407,"proteome"
12499,397,2923,13.5819363667465,"proteome"
12500,1472,2923,50.3592199794731,"proteome"
12501,24,2923,0.821074238795758,"proteome"
12502,11,2923,0.376325692781389,"proteome"
12503,8,2923,0.273691412931919,"proteome"
12504,1,2923,0.0342114266164899,"proteome"
12505,5,2923,0.17105713308245,"proteome"
12506,1463,2923,50.0513171399247,"proteome"
12507,1461,2923,49.9828942866918,"proteome"
12508,1464,2923,50.0855285665412,"proteome"
12509,7,2923,0.239479986315429,"proteome"
12510,1462,2923,50.0171057133082,"proteome"
12511,14,2923,0.478959972630859,"proteome"
12512,51,2923,1.74478275744099,"proteome"
12513,398,2923,13.616147793363,"proteome"
12514,107,2923,3.66062264796442,"proteome"
12515,1564,2923,53.5066712281902,"proteome"
12516,119,2923,4.0711597673623,"proteome"
12517,1462,2923,50.0171057133082,"proteome"
12518,1463,2923,50.0513171399247,"proteome"
12519,7,2923,0.239479986315429,"proteome"
12520,11,2923,0.376325692781389,"proteome"
12521,1463,2923,50.0513171399247,"proteome"
12522,2,2923,0.0684228532329798,"proteome"
12523,1463,2923,50.0513171399247,"proteome"
12524,11,2923,0.376325692781389,"proteome"
12525,6,2923,0.205268559698939,"proteome"
12526,7,2923,0.239479986315429,"proteome"
12527,3,2923,0.10263427984947,"proteome"
12528,5,2923,0.17105713308245,"proteome"
12529,111,2923,3.79746835443038,"proteome"
12530,16,2923,0.547382825863839,"proteome"
12531,6,2923,0.205268559698939,"proteome"
12532,318,2923,10.8792336640438,"proteome"
12533,1461,2923,49.9828942866918,"proteome"
12534,116,2923,3.96852548751283,"proteome"
12535,4,2923,0.13684570646596,"proteome"
12536,111,2923,3.79746835443038,"proteome"
12537,298,2923,10.195005131714,"proteome"
12538,6,2923,0.205268559698939,"proteome"
12539,5,2923,0.17105713308245,"proteome"
12540,1467,2923,50.1881628463907,"proteome"
12541,1477,2923,50.5302771125556,"proteome"
12542,7,2923,0.239479986315429,"proteome"
12543,100,2923,3.42114266164899,"proteome"
12544,82,2923,2.80533698255217,"proteome"
12545,4,2923,0.13684570646596,"proteome"
12546,89,2923,3.0448169688676,"proteome"
12547,6,2923,0.205268559698939,"proteome"
12548,15,2923,0.513171399247349,"proteome"
12549,107,2923,3.66062264796442,"proteome"
12550,116,2923,3.96852548751283,"proteome"
12551,447,2923,15.292507697571,"proteome"
12552,262,2923,8.96339377352036,"proteome"
12553,1462,2923,50.0171057133082,"proteome"
12554,3,2923,0.10263427984947,"proteome"
12555,7,2923,0.239479986315429,"proteome"
12556,7,2923,0.239479986315429,"proteome"
12557,1464,2923,50.0855285665412,"proteome"
12558,373,2923,12.7608621279507,"proteome"
12559,9,2923,0.307902839548409,"proteome"
12560,4,2923,0.13684570646596,"proteome"
12561,3,2923,0.10263427984947,"proteome"
12562,6,2923,0.205268559698939,"proteome"
12563,1462,2923,50.0171057133082,"proteome"
12564,2,2923,0.0684228532329798,"proteome"
12565,1461,2923,49.9828942866918,"proteome"
12566,3,2923,0.10263427984947,"proteome"
12567,2,2923,0.0684228532329798,"proteome"
12568,1462,2923,50.0171057133082,"proteome"
12569,17,2923,0.581594252480328,"proteome"
12570,1461,2923,49.9828942866918,"proteome"
12571,1463,2923,50.0513171399247,"proteome"
12572,3,2923,0.10263427984947,"proteome"
12573,184,2923,6.29490249743414,"proteome"
12574,4,2923,0.13684570646596,"proteome"
12575,81,2923,2.77112555593568,"proteome"
12576,1467,2923,50.1881628463907,"proteome"
12577,3,2923,0.10263427984947,"proteome"
12578,1462,2923,50.0171057133082,"proteome"
12579,7,2923,0.239479986315429,"proteome"
12580,51,2923,1.74478275744099,"proteome"
12581,1469,2923,50.2565856996237,"proteome"
12582,7,2923,0.239479986315429,"proteome"
12583,349,2923,11.939787889155,"proteome"
12584,11,2923,0.376325692781389,"proteome"
12585,1467,2923,50.1881628463907,"proteome"
12586,327,2923,11.1871365035922,"proteome"
12587,1640,2923,56.1067396510434,"proteome"
12588,4,2923,0.13684570646596,"proteome"
12589,4,2923,0.13684570646596,"proteome"
12590,1,2923,0.0342114266164899,"proteome"
12591,267,2923,9.1344509066028,"proteome"
12592,2,2923,0.0684228532329798,"proteome"
12593,4,2923,0.13684570646596,"proteome"
12594,1460,2923,49.9486828600753,"proteome"
12595,77,2923,2.63427984946972,"proteome"
12596,4,2923,0.13684570646596,"proteome"
12597,7,2923,0.239479986315429,"proteome"
12598,226,2923,7.73178241532672,"proteome"
12599,5,2923,0.17105713308245,"proteome"
12600,7,2923,0.239479986315429,"proteome"
12601,245,2923,8.38179952104003,"proteome"
12602,9,2923,0.307902839548409,"proteome"
12603,1464,2923,50.0855285665412,"proteome"
12604,10,2923,0.342114266164899,"proteome"
12605,148,2923,5.06329113924051,"proteome"
12606,3,2923,0.10263427984947,"proteome"
12607,214,2923,7.32124529592884,"proteome"
12608,131,2923,4.48169688676018,"proteome"
12609,165,2923,5.64488539172083,"proteome"
12610,2,2923,0.0684228532329798,"proteome"
12611,1464,2923,50.0855285665412,"proteome"
12612,150,2923,5.13171399247349,"proteome"
12613,181,2923,6.19226821758467,"proteome"
12614,2,2923,0.0684228532329798,"proteome"
12615,1637,2923,56.004105371194,"proteome"
12616,4,2923,0.13684570646596,"proteome"
12617,1463,2923,50.0513171399247,"proteome"
12618,18,2923,0.615805679096818,"proteome"
12619,223,2923,7.62914813547725,"proteome"
12620,3,2923,0.10263427984947,"proteome"
12621,1461,2923,49.9828942866918,"proteome"
12622,10,2923,0.342114266164899,"proteome"
12623,1592,2923,54.4645911734519,"proteome"
12624,6,2923,0.205268559698939,"proteome"
12625,122,2923,4.17379404721177,"proteome"
12626,1623,2923,55.5251453985631,"proteome"
12627,4,2923,0.13684570646596,"proteome"
12628,193,2923,6.60280533698255,"proteome"
12629,2,2923,0.0684228532329798,"proteome"
12630,1,2923,0.0342114266164899,"proteome"
12631,303,2923,10.3660622647964,"proteome"
12632,404,2923,13.8214163530619,"proteome"
12633,5,2923,0.17105713308245,"proteome"
12634,2,2923,0.0684228532329798,"proteome"
12635,4,2923,0.13684570646596,"proteome"
12636,3,2923,0.10263427984947,"proteome"
12637,150,2923,5.13171399247349,"proteome"
12638,94,2923,3.21587410195005,"proteome"
12639,114,2923,3.90010263427985,"proteome"
12640,30,2923,1.0263427984947,"proteome"
12641,5,2923,0.17105713308245,"proteome"
12642,119,2923,4.0711597673623,"proteome"
12643,199,2923,6.80807389668149,"proteome"
12644,373,2923,12.7608621279507,"proteome"
12645,219,2923,7.49230242901129,"proteome"
12646,9,2923,0.307902839548409,"proteome"
12647,458,2923,15.6688333903524,"proteome"
12648,13,2923,0.444748546014369,"proteome"
12649,1462,2923,50.0171057133082,"proteome"
12650,51,2923,1.74478275744099,"proteome"
12651,1460,2923,49.9486828600753,"proteome"
12652,1463,2923,50.0513171399247,"proteome"
12653,1461,2923,49.9828942866918,"proteome"
12654,1460,2923,49.9486828600753,"proteome"
12655,6,2923,0.205268559698939,"proteome"
12656,1469,2923,50.2565856996237,"proteome"
12657,1462,2923,50.0171057133082,"proteome"
12658,1579,2923,54.0198426274376,"proteome"
12659,1477,2923,50.5302771125556,"proteome"
12660,95,2923,3.25008552856654,"proteome"
12661,112,2923,3.83167978104687,"proteome"
12662,1466,2923,50.1539514197742,"proteome"
12663,2,2923,0.0684228532329798,"proteome"
12664,1463,2923,50.0513171399247,"proteome"
12665,276,2923,9.44235374615121,"proteome"
12666,147,2923,5.02907971262402,"proteome"
12667,9,2923,0.307902839548409,"proteome"
12668,1462,2923,50.0171057133082,"proteome"
12669,100,2923,3.42114266164899,"proteome"
12670,1461,2923,49.9828942866918,"proteome"
12671,350,2923,11.9739993157715,"proteome"
12672,101,2923,3.45535408826548,"proteome"
12673,1462,2923,50.0171057133082,"proteome"
12674,209,2923,7.15018816284639,"proteome"
12675,182,2923,6.22647964420116,"proteome"
12676,1,2923,0.0342114266164899,"proteome"
12677,18,2923,0.615805679096818,"proteome"
12678,3,2923,0.10263427984947,"proteome"
12679,3,2923,0.10263427984947,"proteome"
12680,410,2923,14.0266849127609,"proteome"
12681,1462,2923,50.0171057133082,"proteome"
12682,5,2923,0.17105713308245,"proteome"
12683,3,2923,0.10263427984947,"proteome"
12684,1460,2923,49.9486828600753,"proteome"
12685,7,2923,0.239479986315429,"proteome"
12686,5,2923,0.17105713308245,"proteome"
12687,30,2923,1.0263427984947,"proteome"
12688,1578,2923,53.9856312008211,"proteome"
12689,1461,2923,49.9828942866918,"proteome"
12690,5,2923,0.17105713308245,"proteome"
12691,5,2923,0.17105713308245,"proteome"
12692,6,2923,0.205268559698939,"proteome"
12693,113,2923,3.86589120766336,"proteome"
12694,116,2923,3.96852548751283,"proteome"
12695,1,2923,0.0342114266164899,"proteome"
12696,7,2923,0.239479986315429,"proteome"
12697,2014,2923,68.9018132056107,"proteome"
12698,1462,2923,50.0171057133082,"proteome"
12699,7,2923,0.239479986315429,"proteome"
12700,147,2923,5.02907971262402,"proteome"
12701,3,2923,0.10263427984947,"proteome"
12702,1461,2923,49.9828942866918,"proteome"
12703,5,2923,0.17105713308245,"proteome"
12704,1465,2923,50.1197399931577,"proteome"
12705,82,2923,2.80533698255217,"proteome"
12706,10,2923,0.342114266164899,"proteome"
12707,84,2923,2.87375983578515,"proteome"
12708,1467,2923,50.1881628463907,"proteome"
12709,92,2923,3.14745124871707,"proteome"
12710,1461,2923,49.9828942866918,"proteome"
12711,86,2923,2.94218268901813,"proteome"
12712,8,2923,0.273691412931919,"proteome"
12713,187,2923,6.39753677728361,"proteome"
12714,96,2923,3.28429695518303,"proteome"
12715,257,2923,8.79233664043791,"proteome"
12716,265,2923,9.06602805336983,"proteome"
12717,6,2923,0.205268559698939,"proteome"
12718,201,2923,6.87649674991447,"proteome"
12719,3,2923,0.10263427984947,"proteome"
12720,242,2923,8.27916524119056,"proteome"
12721,8,2923,0.273691412931919,"proteome"
12722,24,2923,0.821074238795758,"proteome"
12723,1719,2923,58.8094423537461,"proteome"
12724,1571,2923,53.7461512145056,"proteome"
12725,7,2923,0.239479986315429,"proteome"
12726,85,2923,2.90797126240164,"proteome"
12727,255,2923,8.72391378720493,"proteome"
12728,7,2923,0.239479986315429,"proteome"
12729,97,2923,3.31850838179952,"proteome"
12730,11,2923,0.376325692781389,"proteome"
12731,2,2923,0.0684228532329798,"proteome"
12732,7,2923,0.239479986315429,"proteome"
12733,1462,2923,50.0171057133082,"proteome"
12734,280,2923,9.57919945261717,"proteome"
12735,9,2923,0.307902839548409,"proteome"
12736,4,2923,0.13684570646596,"proteome"
12737,1570,2923,53.7119397878892,"proteome"
12738,73,2923,2.49743414300376,"proteome"
12739,2,2923,0.0684228532329798,"proteome"
12740,2,2923,0.0684228532329798,"proteome"
12741,7,2923,0.239479986315429,"proteome"
12742,2,2923,0.0684228532329798,"proteome"
12743,1463,2923,50.0513171399247,"proteome"
12744,71,2923,2.42901128977078,"proteome"
12745,18,2923,0.615805679096818,"proteome"
12746,97,2923,3.31850838179952,"proteome"
12747,100,2923,3.42114266164899,"proteome"
12748,10,2923,0.342114266164899,"proteome"
12749,4,2923,0.13684570646596,"proteome"
12750,1462,2923,50.0171057133082,"proteome"
12751,1546,2923,52.8908655490934,"proteome"
12752,78,2923,2.66849127608621,"proteome"
12753,153,2923,5.23434827232296,"proteome"
12754,4,2923,0.13684570646596,"proteome"
12755,111,2923,3.79746835443038,"proteome"
12756,9,2923,0.307902839548409,"proteome"
12757,8,2923,0.273691412931919,"proteome"
12758,22,2923,0.752651385562778,"proteome"
12759,4,2923,0.13684570646596,"proteome"
12760,6,2923,0.205268559698939,"proteome"
12761,2,2923,0.0684228532329798,"proteome"
12762,1462,2923,50.0171057133082,"proteome"
12763,1463,2923,50.0513171399247,"proteome"
12764,1463,2923,50.0513171399247,"proteome"
12765,5,2923,0.17105713308245,"proteome"
12766,116,2923,3.96852548751283,"proteome"
12767,4,2923,0.13684570646596,"proteome"
12768,3,2923,0.10263427984947,"proteome"
12769,7,2923,0.239479986315429,"proteome"
12770,1462,2923,50.0171057133082,"proteome"
12771,10,2923,0.342114266164899,"proteome"
12772,6,2923,0.205268559698939,"proteome"
12773,24,2923,0.821074238795758,"proteome"
12774,7,2923,0.239479986315429,"proteome"
12775,1468,2923,50.2223742730072,"proteome"
12776,1463,2923,50.0513171399247,"proteome"
12777,5,2923,0.17105713308245,"proteome"
12778,1468,2923,50.2223742730072,"proteome"
12779,3,2923,0.10263427984947,"proteome"
12780,5,2923,0.17105713308245,"proteome"
12781,105,2923,3.59219979473144,"proteome"
12782,11,2923,0.376325692781389,"proteome"
12783,2,2923,0.0684228532329798,"proteome"
12784,7,2923,0.239479986315429,"proteome"
12785,7,2923,0.239479986315429,"proteome"
12786,240,2923,8.21074238795758,"proteome"
12787,9,2923,0.307902839548409,"proteome"
12788,1461,2923,49.9828942866918,"proteome"
12789,7,2923,0.239479986315429,"proteome"
12790,5,2923,0.17105713308245,"proteome"
12791,1466,2923,50.1539514197742,"proteome"
12792,9,2923,0.307902839548409,"proteome"
12793,7,2923,0.239479986315429,"proteome"
12794,1463,2923,50.0513171399247,"proteome"
12795,3,2923,0.10263427984947,"proteome"
12796,7,2923,0.239479986315429,"proteome"
12797,1463,2923,50.0513171399247,"proteome"
12798,613,2923,20.9716045159083,"proteome"
12799,118,2923,4.03694834074581,"proteome"
12800,3,2923,0.10263427984947,"proteome"
12801,100,2923,3.42114266164899,"proteome"
12802,224,2923,7.66335956209374,"proteome"
12803,114,2923,3.90010263427985,"proteome"
12804,2,2923,0.0684228532329798,"proteome"
12805,9,2923,0.307902839548409,"proteome"
12806,32,2923,1.09476565172768,"proteome"
12807,1463,2923,50.0513171399247,"proteome"
12808,4,2923,0.13684570646596,"proteome"
12809,8,2923,0.273691412931919,"proteome"
12810,1463,2923,50.0513171399247,"proteome"
12811,122,2923,4.17379404721177,"proteome"
12812,7,2923,0.239479986315429,"proteome"
12813,5,2923,0.17105713308245,"proteome"
12814,3,2923,0.10263427984947,"proteome"
12815,1461,2923,49.9828942866918,"proteome"
12816,13,2923,0.444748546014369,"proteome"
12817,13,2923,0.444748546014369,"proteome"
12818,266,2923,9.10023947998632,"proteome"
12819,5,2923,0.17105713308245,"proteome"
12820,172,2923,5.88436537803626,"proteome"
12821,1462,2923,50.0171057133082,"proteome"
12822,114,2923,3.90010263427985,"proteome"
12823,4,2923,0.13684570646596,"proteome"
12824,1532,2923,52.4119055764625,"proteome"
12825,1779,2923,60.8621279507355,"proteome"
12826,5,2923,0.17105713308245,"proteome"
12827,1462,2923,50.0171057133082,"proteome"
12828,607,2923,20.7663359562094,"proteome"
12829,114,2923,3.90010263427985,"proteome"
12830,1463,2923,50.0513171399247,"proteome"
12831,14,2923,0.478959972630859,"proteome"
12832,15,2923,0.513171399247349,"proteome"
12833,3,2923,0.10263427984947,"proteome"
12834,89,2923,3.0448169688676,"proteome"
12835,1468,2923,50.2223742730072,"proteome"
12836,17,2923,0.581594252480328,"proteome"
12837,6,2923,0.205268559698939,"proteome"
12838,1461,2923,49.9828942866918,"proteome"
12839,407,2923,13.9240506329114,"proteome"
12840,6,2923,0.205268559698939,"proteome"
12841,8,2923,0.273691412931919,"proteome"
12842,1462,2923,50.0171057133082,"proteome"
12843,1467,2923,50.1881628463907,"proteome"
12844,326,2923,11.1529250769757,"proteome"
12845,6,2923,0.205268559698939,"proteome"
12846,1478,2923,50.5644885391721,"proteome"
12847,5,2923,0.17105713308245,"proteome"
12848,278,2923,9.51077659938419,"proteome"
12849,7,2923,0.239479986315429,"proteome"
12850,149,2923,5.097502565857,"proteome"
12851,2,2923,0.0684228532329798,"proteome"
12852,463,2923,15.8398905234348,"proteome"
12853,1464,2923,50.0855285665412,"proteome"
12854,7,2923,0.239479986315429,"proteome"
12855,819,2923,28.0191583989052,"proteome"
12856,246,2923,8.41601094765652,"proteome"
12857,10,2923,0.342114266164899,"proteome"
12858,1570,2923,53.7119397878892,"proteome"
12859,1461,2923,49.9828942866918,"proteome"
12860,100,2923,3.42114266164899,"proteome"
12861,6,2923,0.205268559698939,"proteome"
12862,5,2923,0.17105713308245,"proteome"
12863,7,2923,0.239479986315429,"proteome"
12864,187,2923,6.39753677728361,"proteome"
12865,7,2923,0.239479986315429,"proteome"
12866,5,2923,0.17105713308245,"proteome"
12867,1462,2923,50.0171057133082,"proteome"
12868,1462,2923,50.0171057133082,"proteome"
12869,553,2923,18.9189189189189,"proteome"
12870,4,2923,0.13684570646596,"proteome"
12871,78,2923,2.66849127608621,"proteome"
12872,7,2923,0.239479986315429,"proteome"
12873,4,2923,0.13684570646596,"proteome"
12874,193,2923,6.60280533698255,"proteome"
12875,6,2923,0.205268559698939,"proteome"
12876,10,2923,0.342114266164899,"proteome"
12877,5,2923,0.17105713308245,"proteome"
12878,6,2923,0.205268559698939,"proteome"
12879,1462,2923,50.0171057133082,"proteome"
12880,81,2923,2.77112555593568,"proteome"
12881,1465,2923,50.1197399931577,"proteome"
12882,116,2923,3.96852548751283,"proteome"
12883,4,2923,0.13684570646596,"proteome"
12884,1829,2923,62.57269928156,"proteome"
12885,9,2923,0.307902839548409,"proteome"
12886,12,2923,0.410537119397879,"proteome"
12887,118,2923,4.03694834074581,"proteome"
12888,1462,2923,50.0171057133082,"proteome"
12889,4,2923,0.13684570646596,"proteome"
12890,7,2923,0.239479986315429,"proteome"
12891,7,2923,0.239479986315429,"proteome"
12892,7,2923,0.239479986315429,"proteome"
12893,190,2923,6.50017105713308,"proteome"
12894,12,2923,0.410537119397879,"proteome"
12895,4,2923,0.13684570646596,"proteome"
12896,5,2923,0.17105713308245,"proteome"
12897,1464,2923,50.0855285665412,"proteome"
12898,3,2923,0.10263427984947,"proteome"
12899,1805,2923,61.7516250427643,"proteome"
12900,1465,2923,50.1197399931577,"proteome"
12901,90,2923,3.07902839548409,"proteome"
12902,6,2923,0.205268559698939,"proteome"
12903,1658,2923,56.7225453301403,"proteome"
12904,3,2923,0.10263427984947,"proteome"
12905,80,2923,2.73691412931919,"proteome"
12906,4,2923,0.13684570646596,"proteome"
12907,1464,2923,50.0855285665412,"proteome"
12908,82,2923,2.80533698255217,"proteome"
12909,1462,2923,50.0171057133082,"proteome"
12910,11,2923,0.376325692781389,"proteome"
12911,15,2923,0.513171399247349,"proteome"
12912,1460,2923,49.9486828600753,"proteome"
12913,146,2923,4.99486828600753,"proteome"
12914,8,2923,0.273691412931919,"proteome"
12915,581,2923,19.8768388641806,"proteome"
12916,6,2923,0.205268559698939,"proteome"
12917,8,2923,0.273691412931919,"proteome"
12918,4,2923,0.13684570646596,"proteome"
12919,256,2923,8.75812521382142,"proteome"
12920,8,2923,0.273691412931919,"proteome"
12921,7,2923,0.239479986315429,"proteome"
12922,115,2923,3.93431406089634,"proteome"
12923,1570,2923,53.7119397878892,"proteome"
12924,12,2923,0.410537119397879,"proteome"
12925,4,2923,0.13684570646596,"proteome"
12926,3,2923,0.10263427984947,"proteome"
12927,100,2923,3.42114266164899,"proteome"
12928,148,2923,5.06329113924051,"proteome"
12929,4,2923,0.13684570646596,"proteome"
12930,1571,2923,53.7461512145056,"proteome"
12931,184,2923,6.29490249743414,"proteome"
12932,4,2923,0.13684570646596,"proteome"
12933,203,2923,6.94491960314745,"proteome"
12934,1465,2923,50.1197399931577,"proteome"
12935,274,2923,9.37393089291824,"proteome"
12936,5,2923,0.17105713308245,"proteome"
12937,8,2923,0.273691412931919,"proteome"
12938,89,2923,3.0448169688676,"proteome"
12939,8,2923,0.273691412931919,"proteome"
12940,90,2923,3.07902839548409,"proteome"
12941,105,2923,3.59219979473144,"proteome"
12942,1464,2923,50.0855285665412,"proteome"
12943,1463,2923,50.0513171399247,"proteome"
12944,9,2923,0.307902839548409,"proteome"
12945,1,2923,0.0342114266164899,"proteome"
12946,1464,2923,50.0855285665412,"proteome"
12947,5,2923,0.17105713308245,"proteome"
12948,1830,2923,62.6069107081765,"proteome"
12949,5,2923,0.17105713308245,"proteome"
12950,1472,2923,50.3592199794731,"proteome"
12951,5,2923,0.17105713308245,"proteome"
12952,6,2923,0.205268559698939,"proteome"
12953,79,2923,2.7027027027027,"proteome"
12954,5,2923,0.17105713308245,"proteome"
12955,5,2923,0.17105713308245,"proteome"
12956,14,2923,0.478959972630859,"proteome"
12957,11,2923,0.376325692781389,"proteome"
12958,1682,2923,57.543619568936,"proteome"
12959,1466,2923,50.1539514197742,"proteome"
12960,116,2923,3.96852548751283,"proteome"
12961,101,2923,3.45535408826548,"proteome"
12962,421,2923,14.4030106055423,"proteome"
12963,220,2923,7.52651385562778,"proteome"
12964,10,2923,0.342114266164899,"proteome"
12965,421,2923,14.4030106055423,"proteome"
12966,101,2923,3.45535408826548,"proteome"
12967,1468,2923,50.2223742730072,"proteome"
12968,1575,2923,53.8829969209716,"proteome"
12969,4,2923,0.13684570646596,"proteome"
12970,1462,2923,50.0171057133082,"proteome"
12971,1462,2923,50.0171057133082,"proteome"
12972,14,2923,0.478959972630859,"proteome"
12973,179,2923,6.12384536435169,"proteome"
12974,5,2923,0.17105713308245,"proteome"
12975,77,2923,2.63427984946972,"proteome"
12976,1465,2923,50.1197399931577,"proteome"
12977,4,2923,0.13684570646596,"proteome"
12978,1462,2923,50.0171057133082,"proteome"
12979,2,2923,0.0684228532329798,"proteome"
12980,93,2923,3.18166267533356,"proteome"
12981,5,2923,0.17105713308245,"proteome"
12982,18,2923,0.615805679096818,"proteome"
12983,1462,2923,50.0171057133082,"proteome"
12984,1465,2923,50.1197399931577,"proteome"
12985,70,2923,2.39479986315429,"proteome"
12986,75,2923,2.56585699623674,"proteome"
12987,4,2923,0.13684570646596,"proteome"
12988,9,2923,0.307902839548409,"proteome"
12989,471,2923,16.1135819363667,"proteome"
12990,6,2923,0.205268559698939,"proteome"
12991,377,2923,12.8977078344167,"proteome"
12992,6,2923,0.205268559698939,"proteome"
12993,118,2923,4.03694834074581,"proteome"
12994,332,2923,11.3581936366746,"proteome"
12995,10,2923,0.342114266164899,"proteome"
12996,1462,2923,50.0171057133082,"proteome"
12997,119,2923,4.0711597673623,"proteome"
12998,56,2923,1.91583989052343,"proteome"
12999,6,2923,0.205268559698939,"proteome"
13000,1461,2923,49.9828942866918,"proteome"
13001,5,2923,0.17105713308245,"proteome"
13002,7,2923,0.239479986315429,"proteome"
13003,4,2923,0.13684570646596,"proteome"
13004,15,2923,0.513171399247349,"proteome"
13005,4,2923,0.13684570646596,"proteome"
13006,7,2923,0.239479986315429,"proteome"
13007,3,2923,0.10263427984947,"proteome"
13008,1461,2923,49.9828942866918,"proteome"
13009,1461,2923,49.9828942866918,"proteome"
13010,1637,2923,56.004105371194,"proteome"
13011,116,2923,3.96852548751283,"proteome"
13012,1563,2923,53.4724598015737,"proteome"
13013,196,2923,6.70543961683202,"proteome"
13014,2192,2923,74.9914471433459,"proteome"
13015,1469,2923,50.2565856996237,"proteome"
13016,327,2923,11.1871365035922,"proteome"
13017,4,2923,0.13684570646596,"proteome"
13018,109,2923,3.7290455011974,"proteome"
13019,1463,2923,50.0513171399247,"proteome"
13020,98,2923,3.35271980841601,"proteome"
13021,9,2923,0.307902839548409,"proteome"
13022,2,2923,0.0684228532329798,"proteome"
13023,12,2923,0.410537119397879,"proteome"
13024,11,2923,0.376325692781389,"proteome"
13025,6,2923,0.205268559698939,"proteome"
13026,1472,2923,50.3592199794731,"proteome"
13027,29,2923,0.992131371878207,"proteome"
13028,1462,2923,50.0171057133082,"proteome"
13029,2,2923,0.0684228532329798,"proteome"
13030,1463,2923,50.0513171399247,"proteome"
13031,1461,2923,49.9828942866918,"proteome"
13032,8,2923,0.273691412931919,"proteome"
13033,96,2923,3.28429695518303,"proteome"
13034,116,2923,3.96852548751283,"proteome"
13035,1462,2923,50.0171057133082,"proteome"
13036,1462,2923,50.0171057133082,"proteome"
13037,1463,2923,50.0513171399247,"proteome"
13038,478,2923,16.3530619226822,"proteome"
13039,127,2923,4.34485118029422,"proteome"
13040,1466,2923,50.1539514197742,"proteome"
13041,6,2923,0.205268559698939,"proteome"
13042,320,2923,10.9476565172768,"proteome"
13043,115,2923,3.93431406089634,"proteome"
13044,114,2923,3.90010263427985,"proteome"
13045,2,2923,0.0684228532329798,"proteome"
13046,1467,2923,50.1881628463907,"proteome"
13047,1468,2923,50.2223742730072,"proteome"
13048,5,2923,0.17105713308245,"proteome"
13049,3,2923,0.10263427984947,"proteome"
13050,1662,2923,56.8593910366062,"proteome"
13051,2,2923,0.0684228532329798,"proteome"
13052,6,2923,0.205268559698939,"proteome"
13053,341,2923,11.6660964762231,"proteome"
13054,4,2923,0.13684570646596,"proteome"
13055,571,2923,19.5347245980157,"proteome"
13056,4,2923,0.13684570646596,"proteome"
13057,1463,2923,50.0513171399247,"proteome"
13058,2,2923,0.0684228532329798,"proteome"
13059,6,2923,0.205268559698939,"proteome"
13060,10,2923,0.342114266164899,"proteome"
13061,7,2923,0.239479986315429,"proteome"
13062,6,2923,0.205268559698939,"proteome"
13063,2,2923,0.0684228532329798,"proteome"
13064,9,2923,0.307902839548409,"proteome"
13065,282,2923,9.64762230585015,"proteome"
13066,386,2923,13.2056106739651,"proteome"
13067,1469,2923,50.2565856996237,"proteome"
13068,6,2923,0.205268559698939,"proteome"
13069,1573,2923,53.8145740677386,"proteome"
13070,185,2923,6.32911392405063,"proteome"
13071,10,2923,0.342114266164899,"proteome"
13072,1462,2923,50.0171057133082,"proteome"
13073,2,2923,0.0684228532329798,"proteome"
13074,1,2923,0.0342114266164899,"proteome"
13075,3,2923,0.10263427984947,"proteome"
13076,1464,2923,50.0855285665412,"proteome"
13077,5,2923,0.17105713308245,"proteome"
13078,7,2923,0.239479986315429,"proteome"
13079,1463,2923,50.0513171399247,"proteome"
13080,1463,2923,50.0513171399247,"proteome"
13081,152,2923,5.20013684570647,"proteome"
13082,1461,2923,49.9828942866918,"proteome"
13083,384,2923,13.1371878207321,"proteome"
13084,6,2923,0.205268559698939,"proteome"
13085,152,2923,5.20013684570647,"proteome"
13086,336,2923,11.4950393431406,"proteome"
13087,192,2923,6.56859391036606,"proteome"
13088,9,2923,0.307902839548409,"proteome"
13089,1462,2923,50.0171057133082,"proteome"
13090,90,2923,3.07902839548409,"proteome"
13091,3,2923,0.10263427984947,"proteome"
13092,115,2923,3.93431406089634,"proteome"
13093,342,2923,11.7003079028395,"proteome"
13094,103,2923,3.52377694149846,"proteome"
13095,3,2923,0.10263427984947,"proteome"
13096,7,2923,0.239479986315429,"proteome"
13097,5,2923,0.17105713308245,"proteome"
13098,152,2923,5.20013684570647,"proteome"
13099,59,2923,2.0184741703729,"proteome"
13100,1462,2923,50.0171057133082,"proteome"
13101,2,2923,0.0684228532329798,"proteome"
13102,97,2923,3.31850838179952,"proteome"
13103,7,2923,0.239479986315429,"proteome"
13104,1479,2923,50.5986999657886,"proteome"
13105,10,2923,0.342114266164899,"proteome"
13106,2,2923,0.0684228532329798,"proteome"
13107,3,2923,0.10263427984947,"proteome"
13108,1466,2923,50.1539514197742,"proteome"
13109,2,2923,0.0684228532329798,"proteome"
13110,2,2923,0.0684228532329798,"proteome"
13111,1464,2923,50.0855285665412,"proteome"
13112,9,2923,0.307902839548409,"proteome"
13113,1562,2923,53.4382483749572,"proteome"
13114,4,2923,0.13684570646596,"proteome"
13115,194,2923,6.63701676359904,"proteome"
13116,1564,2923,53.5066712281902,"proteome"
13117,1464,2923,50.0855285665412,"proteome"
13118,474,2923,16.2162162162162,"proteome"
13119,105,2923,3.59219979473144,"proteome"
13120,76,2923,2.60006842285323,"proteome"
13121,11,2923,0.376325692781389,"proteome"
13122,3,2923,0.10263427984947,"proteome"
13123,4,2923,0.13684570646596,"proteome"
13124,744,2923,25.4533014026685,"proteome"
13125,4,2923,0.13684570646596,"proteome"
13126,10,2923,0.342114266164899,"proteome"
13127,1464,2923,50.0855285665412,"proteome"
13128,9,2923,0.307902839548409,"proteome"
13129,4,2923,0.13684570646596,"proteome"
13130,1461,2923,49.9828942866918,"proteome"
13131,6,2923,0.205268559698939,"proteome"
13132,62,2923,2.12110845022237,"proteome"
13133,1540,2923,52.6855969893945,"proteome"
13134,5,2923,0.17105713308245,"proteome"
13135,1463,2923,50.0513171399247,"proteome"
13136,2,2923,0.0684228532329798,"proteome"
13137,1463,2923,50.0513171399247,"proteome"
13138,5,2923,0.17105713308245,"proteome"
13139,7,2923,0.239479986315429,"proteome"
13140,100,2923,3.42114266164899,"proteome"
13141,10,2923,0.342114266164899,"proteome"
13142,79,2923,2.7027027027027,"proteome"
13143,7,2923,0.239479986315429,"proteome"
13144,10,2923,0.342114266164899,"proteome"
13145,113,2923,3.86589120766336,"proteome"
13146,151,2923,5.16592541908998,"proteome"
13147,10,2923,0.342114266164899,"proteome"
13148,3,2923,0.10263427984947,"proteome"
13149,1464,2923,50.0855285665412,"proteome"
13150,5,2923,0.17105713308245,"proteome"
13151,2,2923,0.0684228532329798,"proteome"
13152,5,2923,0.17105713308245,"proteome"
13153,8,2923,0.273691412931919,"proteome"
13154,9,2923,0.307902839548409,"proteome"
13155,15,2923,0.513171399247349,"proteome"
13156,117,2923,4.00273691412932,"proteome"
13157,4,2923,0.13684570646596,"proteome"
13158,304,2923,10.4002736914129,"proteome"
13159,1461,2923,49.9828942866918,"proteome"
13160,15,2923,0.513171399247349,"proteome"
13161,7,2923,0.239479986315429,"proteome"
13162,1,2923,0.0342114266164899,"proteome"
13163,3,2923,0.10263427984947,"proteome"
13164,239,2923,8.17653096134109,"proteome"
13165,7,2923,0.239479986315429,"proteome"
13166,1463,2923,50.0513171399247,"proteome"
13167,4,2923,0.13684570646596,"proteome"
13168,5,2923,0.17105713308245,"proteome"
13169,5,2923,0.17105713308245,"proteome"
13170,115,2923,3.93431406089634,"proteome"
13171,176,2923,6.02121108450222,"proteome"
13172,2,2923,0.0684228532329798,"proteome"
13173,21,2923,0.718439958946288,"proteome"
13174,1557,2923,53.2671912418748,"proteome"
13175,1,2923,0.0342114266164899,"proteome"
13176,260,2923,8.89497092028738,"proteome"
13177,1461,2923,49.9828942866918,"proteome"
13178,92,2923,3.14745124871707,"proteome"
13179,1462,2923,50.0171057133082,"proteome"
13180,13,2923,0.444748546014369,"proteome"
13181,1461,2923,49.9828942866918,"proteome"
13182,3,2923,0.10263427984947,"proteome"
13183,146,2923,4.99486828600753,"proteome"
13184,1462,2923,50.0171057133082,"proteome"
13185,148,2923,5.06329113924051,"proteome"
13186,2,2923,0.0684228532329798,"proteome"
13187,148,2923,5.06329113924051,"proteome"
13188,4,2923,0.13684570646596,"proteome"
13189,7,2923,0.239479986315429,"proteome"
13190,5,2923,0.17105713308245,"proteome"
13191,4,2923,0.13684570646596,"proteome"
13192,5,2923,0.17105713308245,"proteome"
13193,1577,2923,53.9514197742046,"proteome"
13194,1462,2923,50.0171057133082,"proteome"
13195,5,2923,0.17105713308245,"proteome"
13196,3,2923,0.10263427984947,"proteome"
13197,1558,2923,53.3014026684913,"proteome"
13198,4,2923,0.13684570646596,"proteome"
13199,3,2923,0.10263427984947,"proteome"
13200,11,2923,0.376325692781389,"proteome"
13201,1479,2923,50.5986999657886,"proteome"
13202,8,2923,0.273691412931919,"proteome"
13203,384,2923,13.1371878207321,"proteome"
13204,114,2923,3.90010263427985,"proteome"
13205,297,2923,10.1607937050975,"proteome"
13206,7,2923,0.239479986315429,"proteome"
13207,18,2923,0.615805679096818,"proteome"
13208,99,2923,3.3869312350325,"proteome"
13209,18,2923,0.615805679096818,"proteome"
13210,250,2923,8.55285665412248,"proteome"
13211,1641,2923,56.1409510776599,"proteome"
13212,6,2923,0.205268559698939,"proteome"
13213,3,2923,0.10263427984947,"proteome"
13214,8,2923,0.273691412931919,"proteome"
13215,1,2923,0.0342114266164899,"proteome"
13216,3,2923,0.10263427984947,"proteome"
13217,196,2923,6.70543961683202,"proteome"
13218,928,2923,31.7482039001026,"proteome"
13219,4,2923,0.13684570646596,"proteome"
13220,14,2923,0.478959972630859,"proteome"
13221,3,2923,0.10263427984947,"proteome"
13222,1464,2923,50.0855285665412,"proteome"
13223,148,2923,5.06329113924051,"proteome"
13224,6,2923,0.205268559698939,"proteome"
13225,2,2923,0.0684228532329798,"proteome"
13226,1472,2923,50.3592199794731,"proteome"
13227,3,2923,0.10263427984947,"proteome"
13228,1469,2923,50.2565856996237,"proteome"
13229,2000,2923,68.4228532329798,"proteome"
13230,1,2923,0.0342114266164899,"proteome"
13231,22,2923,0.752651385562778,"proteome"
13232,35,2923,1.19739993157715,"proteome"
13233,1461,2923,49.9828942866918,"proteome"
13234,1464,2923,50.0855285665412,"proteome"
13235,3,2923,0.10263427984947,"proteome"
13236,521,2923,17.8241532671912,"proteome"
13237,98,2923,3.35271980841601,"proteome"
13238,1464,2923,50.0855285665412,"proteome"
13239,8,2923,0.273691412931919,"proteome"
13240,1541,2923,52.7198084160109,"proteome"
13241,2,2923,0.0684228532329798,"proteome"
13242,513,2923,17.5504618542593,"proteome"
13243,1464,2923,50.0855285665412,"proteome"
13244,3,2923,0.10263427984947,"proteome"
13245,4,2923,0.13684570646596,"proteome"
13246,1542,2923,52.7540198426274,"proteome"
13247,254,2923,8.68970236058844,"proteome"
13248,1462,2923,50.0171057133082,"proteome"
13249,847,2923,28.977078344167,"proteome"
13250,1,2923,0.0342114266164899,"proteome"
13251,2,2923,0.0684228532329798,"proteome"
13252,154,2923,5.26855969893945,"proteome"
13253,368,2923,12.5898049948683,"proteome"
13254,6,2923,0.205268559698939,"proteome"
13255,3,2923,0.10263427984947,"proteome"
13256,1760,2923,60.2121108450222,"proteome"
13257,104,2923,3.55798836811495,"proteome"
13258,3,2923,0.10263427984947,"proteome"
13259,5,2923,0.17105713308245,"proteome"
13260,5,2923,0.17105713308245,"proteome"
13261,1565,2923,53.5408826548067,"proteome"
13262,654,2923,22.3742730071844,"proteome"
13263,114,2923,3.90010263427985,"proteome"
13264,9,2923,0.307902839548409,"proteome"
13265,6,2923,0.205268559698939,"proteome"
13266,1461,2923,49.9828942866918,"proteome"
13267,15,2923,0.513171399247349,"proteome"
13268,6,2923,0.205268559698939,"proteome"
13269,11,2923,0.376325692781389,"proteome"
13270,100,2923,3.42114266164899,"proteome"
13271,109,2923,3.7290455011974,"proteome"
13272,5,2923,0.17105713308245,"proteome"
13273,7,2923,0.239479986315429,"proteome"
13274,1477,2923,50.5302771125556,"proteome"
13275,6,2923,0.205268559698939,"proteome"
13276,1462,2923,50.0171057133082,"proteome"
13277,6,2923,0.205268559698939,"proteome"
13278,94,2923,3.21587410195005,"proteome"
13279,7,2923,0.239479986315429,"proteome"
13280,275,2923,9.40814231953472,"proteome"
13281,4,2923,0.13684570646596,"proteome"
13282,5,2923,0.17105713308245,"proteome"
13283,1461,2923,49.9828942866918,"proteome"
13284,4,2923,0.13684570646596,"proteome"
13285,51,2923,1.74478275744099,"proteome"
13286,11,2923,0.376325692781389,"proteome"
13287,4,2923,0.13684570646596,"proteome"
13288,1469,2923,50.2565856996237,"proteome"
13289,4,2923,0.13684570646596,"proteome"
13290,305,2923,10.4344851180294,"proteome"
13291,11,2923,0.376325692781389,"proteome"
13292,2,2923,0.0684228532329798,"proteome"
13293,586,2923,20.0478959972631,"proteome"
13294,1462,2923,50.0171057133082,"proteome"
13295,6,2923,0.205268559698939,"proteome"
13296,602,2923,20.5952788231269,"proteome"
13297,279,2923,9.54498802600068,"proteome"
13298,94,2923,3.21587410195005,"proteome"
13299,78,2923,2.66849127608621,"proteome"
13300,3,2923,0.10263427984947,"proteome"
13301,1541,2923,52.7198084160109,"proteome"
13302,2,2923,0.0684228532329798,"proteome"
13303,3,2923,0.10263427984947,"proteome"
13304,7,2923,0.239479986315429,"proteome"
13305,1462,2923,50.0171057133082,"proteome"
13306,3,2923,0.10263427984947,"proteome"
13307,97,2923,3.31850838179952,"proteome"
13308,3,2923,0.10263427984947,"proteome"
13309,1463,2923,50.0513171399247,"proteome"
13310,8,2923,0.273691412931919,"proteome"
13311,1468,2923,50.2223742730072,"proteome"
13312,78,2923,2.66849127608621,"proteome"
13313,7,2923,0.239479986315429,"proteome"
13314,111,2923,3.79746835443038,"proteome"
13315,4,2923,0.13684570646596,"proteome"
13316,1461,2923,49.9828942866918,"proteome"
13317,5,2923,0.17105713308245,"proteome"
13318,1466,2923,50.1539514197742,"proteome"
13319,7,2923,0.239479986315429,"proteome"
13320,15,2923,0.513171399247349,"proteome"
13321,8,2923,0.273691412931919,"proteome"
13322,452,2923,15.4635648306534,"proteome"
13323,1122,2923,38.3852206637017,"proteome"
13324,3,2923,0.10263427984947,"proteome"
13325,1463,2923,50.0513171399247,"proteome"
13326,5,2923,0.17105713308245,"proteome"
13327,7,2923,0.239479986315429,"proteome"
13328,2,2923,0.0684228532329798,"proteome"
13329,80,2923,2.73691412931919,"proteome"
13330,1462,2923,50.0171057133082,"proteome"
13331,6,2923,0.205268559698939,"proteome"
13332,5,2923,0.17105713308245,"proteome"
13333,10,2923,0.342114266164899,"proteome"
13334,5,2923,0.17105713308245,"proteome"
13335,256,2923,8.75812521382142,"proteome"
13336,63,2923,2.15531987683886,"proteome"
13337,5,2923,0.17105713308245,"proteome"
13338,6,2923,0.205268559698939,"proteome"
13339,23,2923,0.786862812179268,"proteome"
13340,15,2923,0.513171399247349,"proteome"
13341,5,2923,0.17105713308245,"proteome"
13342,177,2923,6.05542251111871,"proteome"
13343,112,2923,3.83167978104687,"proteome"
13344,1468,2923,50.2223742730072,"proteome"
13345,10,2923,0.342114266164899,"proteome"
13346,126,2923,4.31063975367773,"proteome"
13347,1570,2923,53.7119397878892,"proteome"
13348,4,2923,0.13684570646596,"proteome"
13349,60,2923,2.05268559698939,"proteome"
13350,1469,2923,50.2565856996237,"proteome"
13351,189,2923,6.46595963051659,"proteome"
13352,176,2923,6.02121108450222,"proteome"
13353,6,2923,0.205268559698939,"proteome"
13354,1559,2923,53.3356140951078,"proteome"
13355,6,2923,0.205268559698939,"proteome"
13356,235,2923,8.03968525487513,"proteome"
13357,1546,2923,52.8908655490934,"proteome"
13358,1462,2923,50.0171057133082,"proteome"
13359,1472,2923,50.3592199794731,"proteome"
13360,2,2923,0.0684228532329798,"proteome"
13361,327,2923,11.1871365035922,"proteome"
13362,98,2923,3.35271980841601,"proteome"
13363,5,2923,0.17105713308245,"proteome"
13364,1468,2923,50.2223742730072,"proteome"
13365,263,2923,8.99760520013685,"proteome"
13366,4,2923,0.13684570646596,"proteome"
13367,10,2923,0.342114266164899,"proteome"
13368,145,2923,4.96065685939104,"proteome"
13369,130,2923,4.44748546014369,"proteome"
13370,10,2923,0.342114266164899,"proteome"
13371,222,2923,7.59493670886076,"proteome"
13372,1991,2923,68.1149503934314,"proteome"
13373,229,2923,7.83441669517619,"proteome"
13374,2,2923,0.0684228532329798,"proteome"
13375,9,2923,0.307902839548409,"proteome"
13376,181,2923,6.19226821758467,"proteome"
13377,97,2923,3.31850838179952,"proteome"
13378,2,2923,0.0684228532329798,"proteome"
13379,13,2923,0.444748546014369,"proteome"
13380,120,2923,4.10537119397879,"proteome"
13381,1460,2923,49.9486828600753,"proteome"
13382,4,2923,0.13684570646596,"proteome"
13383,12,2923,0.410537119397879,"proteome"
13384,5,2923,0.17105713308245,"proteome"
13385,126,2923,4.31063975367773,"proteome"
13386,15,2923,0.513171399247349,"proteome"
13387,288,2923,9.85289086554909,"proteome"
13388,5,2923,0.17105713308245,"proteome"
13389,5,2923,0.17105713308245,"proteome"
13390,1465,2923,50.1197399931577,"proteome"
13391,109,2923,3.7290455011974,"proteome"
13392,199,2923,6.80807389668149,"proteome"
13393,13,2923,0.444748546014369,"proteome"
13394,6,2923,0.205268559698939,"proteome"
13395,176,2923,6.02121108450222,"proteome"
13396,245,2923,8.38179952104003,"proteome"
13397,367,2923,12.5555935682518,"proteome"
13398,1468,2923,50.2223742730072,"proteome"
13399,7,2923,0.239479986315429,"proteome"
13400,1463,2923,50.0513171399247,"proteome"
13401,186,2923,6.36332535066712,"proteome"
13402,98,2923,3.35271980841601,"proteome"
13403,1462,2923,50.0171057133082,"proteome"
13404,5,2923,0.17105713308245,"proteome"
13405,1588,2923,54.327745466986,"proteome"
13406,1462,2923,50.0171057133082,"proteome"
13407,1462,2923,50.0171057133082,"proteome"
13408,179,2923,6.12384536435169,"proteome"
13409,7,2923,0.239479986315429,"proteome"
13410,1461,2923,49.9828942866918,"proteome"
13411,6,2923,0.205268559698939,"proteome"
